cop_name,sample_size,iteration,true_param,true_tau,AIC_clayton,AIC_gumbel,AIC_joe,AIC_frank,AIC_gaussian,xv1_clayton,xv1_gumbel,xv1_joe,xv1_frank,xv1_gaussian,xv_CIC_clayton,xv_CIC_gumbel,xv_CIC_joe,xv_CIC_frank,xv_CIC_gaussian,xvK_2_clayton,xvK_2_gumbel,xvK_2_joe,xvK_2_frank,xvK_2_gaussian,xvK_5_clayton,xvK_5_gumbel,xvK_5_joe,xvK_5_frank,xvK_5_gaussian,xvK_10_clayton,xvK_10_gumbel,xvK_10_joe,xvK_10_frank,xvK_10_gaussian,xvK_n:logn_clayton,xvK_n:logn_gumbel,xvK_n:logn_joe,xvK_n:logn_frank,xvK_n:logn_gaussian,xvK_n05_clayton,xvK_n05_gumbel,xvK_n05_joe,xvK_n05_frank,xvK_n05_gaussian,xvK_n05:logn_clayton,xvK_n05:logn_gumbel,xvK_n05:logn_joe,xvK_n05:logn_frank,xvK_n05:logn_gaussian,xvK_n:2_clayton,xvK_n:2_gumbel,xvK_n:2_joe,xvK_n:2_frank,xvK_n:2_gaussian
frank,100,1,1.86088378090335,0.2,3.29921272453782,2.46978898039407,0.505273885553973,5.24819584743805,3.64450946253577,2.62752682986896,2.21831515926147,1.24658130226556,3.59287803518039,2.79992226684077,3.00877697577443,2.54616090042445,0.581111466157709,5.29388033274388,3.53735189993001,0.00799553187242538,0.0123932693486149,0.00481435253897874,0.030740745501038,0.0102953132479834,0.0143931473509285,-0.00792828017600779,-0.0215520605898787,0.0148442058972338,-0.00147903195903018,0.0199035681024498,0.0151763790906967,0.00432654867736747,0.0293897364575138,0.0212950314210125,0.0193696231025372,0.010733496556229,-0.00205243164406246,0.0277906643705251,0.0174375381362365,0.015253446196787,0.0100024896092462,-0.000255967098280054,0.0266200328227854,0.014969066472412,0.022365438496946,0.00238165994375589,-0.00891540712383298,0.022544981999202,0.00937790017431963,0.0188826595653417,0.00941033691777452,-0.00284363885685718,0.026349267865166,0.0160012158622595
frank,100,2,1.86088378090335,0.2,0.315996655415007,4.95770938791685,5.28592492543839,1.85978398596039,3.83630881601401,1.15071974136072,3.44829430554622,3.61087811805813,1.91541673255991,2.89372480371443,0.379461116629861,5.11389393382014,5.69101905152308,1.89058187628312,3.78989026636238,0.00159955148365446,0.0330050872614973,0.0242758913323253,0.0183885009614883,0.0290889607629046,0.00556599236217413,0.0238053029433643,0.0252374121030479,0.00604143901804884,0.0149847667826549,0.00669413875651705,0.0321681692393123,0.0347365551456125,0.013698195172318,0.0240696758155708,0.00109703762706287,0.0233883637365383,0.025008345545124,0.00763283524397932,0.0183398524077562,0.0059663191358664,0.0280588522046901,0.0284447433704789,0.0114696328768056,0.0236827119260986,-0.00147890683952911,0.034201628381917,0.0359356232374502,0.00423853471607564,0.0217438029835225,0.000474426321116609,0.0259190337845786,0.0278947723799572,0.00952555093422397,0.0169045600452105
frank,100,3,1.86088378090335,0.2,-1.19461602938863,3.68098107613613,4.29259888357875,2.25370481678126,1.07093330277774,0.404992115821333,2.81783464179339,3.12087859153968,2.11105554307869,1.52769124417493,-1.67340976869578,3.37768691139051,4.38950757066406,2.06825006106482,0.0964531328759053,0.00399632362823919,0.0263833608357403,0.0288156866449718,0.0173588611432412,0.0133737099513104,-0.00171077124654489,0.0200422103820235,0.0234666548195736,0.00901008719023914,0.00853362269746023,-0.00359134903355149,0.020541518278883,0.0229978400881133,0.0160148977252383,0.00572816695925595,-0.0117163499448409,0.0145920525195301,0.0158614339611595,0.0100538829246576,-0.00581951055552353,-0.0124211085252986,0.0153844396005869,0.0180339833333492,0.0108211353827478,-0.00334227246889264,-0.0534520428702136,-0.0368972474945579,-0.0195646218538827,-0.0464998798122681,-0.0798055715332923,-0.00948082945856504,0.0162087110716901,0.0188904757081884,0.00905609957078361,-0.00117011808434161
frank,100,4,1.86088378090335,0.2,1.36901845663857,-0.215768101437784,-1.19107396245614,1.22517291663327,0.483545346376258,1.67249827716492,0.889513899115486,0.408092162246492,1.60166875534384,1.23510012363122,1.11232609662624,-0.44306109177487,-1.58352257196508,1.19053439936059,0.369792574466519,0.0149221964899866,0.0087229758893566,0.00402518385739304,0.0122365919062184,0.0112750299520915,-0.00201323383623288,-0.0366592270574998,-0.0353280619005511,-0.0119864763264255,-0.0285912888246493,0.0105231292679856,-0.00719320015927403,-0.0172661401247607,0.00576881523980827,-0.00338568587254446,0.00532093268345233,-0.000680881803020046,-0.00794581081251374,0.00527369150405325,0.00133553574843119,0.00574785578006692,-0.000816196343225826,-0.00823757736966744,0.00824778816032705,0.00221509831332527,0.0168268703205751,-0.00899611799634268,-0.0130212438600619,0.0123957445781036,0.0107960183599877,0.00532655659819861,-0.00676447349877505,-0.0129290429574434,0.00383806445801455,-0.00134119510952154
frank,100,5,1.86088378090335,0.2,1.45998050549753,13.615442702596,15.1213642430241,9.7817264004426,11.0239365291125,1.71813811601246,7.73342257412983,8.47911051337136,5.83645817724991,6.45115818387711,0.691821143158663,13.657110886836,15.9125557183701,9.86437285006367,10.4267575089227,0.00192102621195738,0.0594724483831494,0.0597174109203328,0.0530915039661234,0.0513701139261874,-0.00761312978214848,0.0702775134727661,0.0837184206707093,0.040697500484159,0.0430451318652596,0.00892821367913615,0.0731914747629535,0.0826669610540024,0.0490206961169075,0.0550508524509931,0.00358670759672143,0.069809846064909,0.0781573921731047,0.0480004938808115,0.0548525969012714,0.00172661407118166,0.0661379463364407,0.070056029615942,0.0466389463572318,0.0528753677297382,0.00786473547608636,0.0779546188979457,0.0855308829491643,0.0584458599761336,0.0643924407925736,0.00467978716235955,0.0697251209428737,0.0768613256802763,0.0490720660169797,0.0554308110657067
frank,100,6,1.86088378090335,0.2,11.5015221332566,7.27118203154429,2.8040604526004,13.3526815575431,9.68571055955433,6.69145248215972,4.59575959621617,2.38510505155871,7.60522191766717,5.7924494789756,8.77155297516343,7.13539447382669,3.01337701241997,13.1710129715288,8.45240049040035,0.060648505781483,0.0438290323648291,0.0208761571995992,0.074733304112401,0.058073873478937,0.0591382785009595,0.0292307312772688,0.00520740174261623,0.0623707104630184,0.0383770307791602,0.0455424843466202,0.0356931628232893,0.0167123721488325,0.0606600951860495,0.0396676592529583,0.053636516014371,0.0338135334655344,0.00986133962304828,0.0657357805093392,0.0409183773960846,0.05368217937263,0.0360885688362189,0.0134896259875001,0.06602016833987,0.0457235606897059,0.0648837405347381,0.0153383178692255,-0.0254117995972801,0.0704096816917749,0.0386629443196249,0.0506776201541609,0.0338888491661474,0.0116668007869203,0.0646754261727382,0.0419471516233043
frank,100,7,1.86088378090335,0.2,12.3470701486608,13.6060574256589,9.35785267387134,16.3418400182916,17.2274453326337,7.10562922179061,7.7290915476579,5.62666575042193,9.08351317172903,9.52218881839939,11.3241906711121,14.2311202534592,10.2217651277403,16.5921975275887,17.2620610481075,0.0588091554996161,0.0685931880744114,0.0358446221346763,0.0850372495844852,0.0954949904449183,0.0556384315837253,0.072862797284907,0.0529047355950944,0.0854114147122589,0.0806421323397065,0.0636407319681123,0.0709336965393112,0.0479972524606389,0.0834944692209478,0.0875805879865168,0.0660130048470237,0.0699087924538629,0.0471421009707366,0.0848038166539925,0.0882213727844689,0.0634818437194386,0.0691003613510415,0.047744298915882,0.0812330665603379,0.0852257216779904,0.0717225831124779,0.0575139214212667,0.0267951705219261,0.0752865222113734,0.0922937350669201,0.0641207970434206,0.0699707720794401,0.0474868640445436,0.0831562782052654,0.0873592712917005
frank,100,8,1.86088378090335,0.2,2.02093973038419,1.98762822690328,0.757588205495104,2.59472550970998,1.01588987400796,1.99737209114382,1.98064929673567,1.371462122774,2.28074811974848,1.50199796922379,1.2563134136025,1.71067173852664,0.778893326016423,2.13063085560466,-0.198176649804337,0.0102967260073937,0.0149625874648828,0.0126793875611595,0.011197894876192,0.00704633070160311,0.0135175469058381,0.0036343327148823,-0.00312903624065361,0.0114905319907833,0.00103307463575792,-0.00220191012350558,0.00382099812570003,0.00122459972454143,0.00690200334534269,-0.0122247545882627,0.00954470938758633,0.00602707577949636,-0.00272116066203578,0.011572597941775,-0.00242917078297449,0.00317844788432292,0.00549072671600336,0.00300116703178178,0.00824421480734657,-0.00431973532044108,0.0197921658028724,0.0194872419995072,0.0111694808969022,0.0229388935648585,0.0143219417057369,0.00251075569762237,0.00573702432927654,0.00109951714657213,0.00927400693245979,-0.00513281487113516
frank,100,9,1.86088378090335,0.2,0.299869418768098,1.79317738482293,0.742506027048003,4.0136727556932,3.53427278905168,1.14354604275874,1.88143668009288,1.36171448878028,2.98108831316979,2.74370757826725,-0.0482093448241456,2.32033642405092,1.5105644997894,4.27998384923423,3.69444013063084,-0.00528094768458301,0.0102356036431117,0.00780038048817858,0.0166436758075315,0.0103135109503017,-0.00495494324222169,0.0106653909724557,0.00761290296476489,0.0148434862256674,0.0139039493154664,0.00366892273766753,0.0132875558050459,0.00658018580646692,0.024464768927612,0.0219766173750007,0.00352571017757125,0.0114395374465388,0.00481297142196184,0.0233739357605665,0.0205112503735626,0.00328569275285402,0.0167500218843286,0.0109031392887983,0.0252607410767983,0.0236368847494072,0.00371555539635091,0.00908666071622708,0.00517325898805458,0.0218235490036818,0.0232562910808147,0.00139241206538684,0.012352560321479,0.00602697502732848,0.0230248360470467,0.020429967567888
frank,100,10,1.86088378090335,0.2,11.765768528915,9.2672404840753,5.83468657782863,8.94383460607717,12.3159577037014,6.81890446497599,5.58185648248721,3.88263375734688,5.42215312548819,7.0912572910231,11.4884446725778,9.91984901830056,6.43904711821572,8.924819650776,12.8645895822619,0.0653410978734218,0.0506008760728088,0.0292786125739699,0.0536193408065027,0.0710963855973094,0.0648252624115934,0.0425866636340952,0.0268582965416432,0.0440824556303853,0.0599003542478733,0.0598553110288249,0.046024232625759,0.0303146930954102,0.0422237118260664,0.0600377679055856,0.0577931502533285,0.0470086840024326,0.0303477482059487,0.0457065670730694,0.0612843488904304,0.0631463361641821,0.0517583507691717,0.0347234189647526,0.0500713396311753,0.0662062978283482,0.0429143708701314,0.0331688400855246,0.0193726067601805,0.0325986246320729,0.0458384950098898,0.06123543062413,0.0485072556416863,0.0303777460744569,0.0471065638604396,0.063689495069938
frank,100,11,1.86088378090335,0.2,12.7966112922928,5.50949047661982,1.05588823183278,10.4139748332522,10.6362230496131,7.32844039972289,3.72299233799263,1.51961360046403,6.14977354204912,6.2594262812727,12.3220526111201,5.8881287550687,1.08618317750698,10.4814359545298,11.3920549803441,0.0700709365706346,0.0301842014860828,0.00167738450286904,0.0600666622181288,0.0575878210605933,0.0640829692979137,0.0147481026056607,-0.0208329533108372,0.0472622618501779,0.0484692640521187,0.0621285429399976,0.029046612234208,0.00634500562527359,0.0509248345722593,0.0540625311095224,0.0621018332899183,0.0208198246079385,-0.00210054830147619,0.0483690285570499,0.0497615263013465,0.0584538395716427,0.00755711318177164,-0.0170594878055851,0.0382076077340023,0.0383400034821557,0.0724357959141728,0.0299313528727499,0.00327937584791463,0.0615749695641397,0.0609027198906113,0.0652919350621911,0.0240074637129026,-0.0018882376014153,0.0524704787737098,0.053634374084356
frank,100,12,1.86088378090335,0.2,7.34617305643983,13.6547243905491,11.8920422712719,10.9481648262863,12.1740505193392,4.6313933773929,7.75447780340202,6.88290176418036,6.41415419886394,7.02158131989914,6.25493297859923,13.4585232746738,11.7976850082202,10.9927592667375,11.6929169582036,0.0357117826780672,0.0729820761780806,0.0665828131697649,0.0609088168434826,0.0665503573125983,0.0330944171810208,0.0739350812298595,0.0651444923231848,0.0611200311294804,0.063072198820246,0.0336931674289815,0.0717390948414309,0.0621776889901992,0.0565725971038397,0.0610719078088361,0.040013572822597,0.0714465286084227,0.0609561666044369,0.0568819172862938,0.0638262208495106,0.0399058174169296,0.0735906071778963,0.0625225881414559,0.058474469471258,0.0655370290397091,0.0465253156521433,0.0738184797700952,0.0641786239930167,0.0582004061658028,0.0626346978671395,0.0378578929069124,0.0660202172993821,0.0548993358505038,0.0544686273580028,0.0595281706009395
frank,100,13,1.86088378090335,0.2,12.7833538914206,9.44648250052685,4.72096426056492,14.355612977485,14.515246576604,7.32274087390462,5.67055166589805,3.33212376605578,8.10044156678145,8.17924175013562,11.2292977908219,9.97538128668557,5.33735501738075,14.6007776706233,14.7334623563016,0.0738248151469468,0.0419617568998711,0.0108427087491724,0.0724416505682093,0.0786081207583389,0.0684107506194804,0.0473546569203034,0.0206313019394078,0.0760933092016618,0.074592124503453,0.0634770209672546,0.0490182893580387,0.0248354178382266,0.0739384637081074,0.0736721951006163,0.0624772445434744,0.0463697269149808,0.0208286460949935,0.0707032264691402,0.0727415044245277,0.0699012028719201,0.0472701152734015,0.0181743532706231,0.0745186908314963,0.0757954244144638,-0.0782393516685279,0.0170682608105244,0.0177059188061581,0.017045413751713,-0.00112595024431165,0.0659106573033838,0.0488390132273825,0.0240511885585669,0.0731605282469199,0.0751449190292427
frank,100,14,1.86088378090335,0.2,2.45241796363559,8.74384487708224,7.49213961535995,12.4114687855531,6.03615816963504,2.20984741358725,5.325640257653,4.70760639164773,7.13983752274135,3.98632740994666,1.27586509914217,7.95559230344202,7.30635341932567,11.9860546555761,4.58155198388789,0.00616683225069234,0.0326270474114882,-0.0129728642018879,0.0674546690594582,0.0386580394745503,0.0213326148329973,0.0523525715686631,0.04428043722048,0.0706303080078528,0.035917319397371,0.00782294967004813,0.0371760796162319,0.0292050637317213,0.0564036719317039,0.0231105816369244,0.00922701391214901,0.037092058354826,0.0269035288548379,0.0573449753152616,0.0236248562246659,0.0123583298370315,0.0431368887030372,0.0314323760230961,0.0638270876387021,0.028846520191538,0.0222530451820725,0.0533253072109392,0.0472040922035695,0.0665968962816539,0.0390822489557113,0.0108591353847075,0.041447997809251,0.0332776668873314,0.0606624018931465,0.0245173705981158
frank,100,15,1.86088378090335,0.2,6.22782830501019,15.8976887326885,15.4273916825438,12.4359310725113,14.3181007875665,4.07858116876886,8.86397173213347,8.63202530358259,7.15017676515123,8.08210663612137,4.85137641603966,15.8593894313897,15.8688126527139,12.5465366516357,13.7932655121027,0.0396767993034568,0.0708361483420759,0.0573904758730925,0.0602312226814149,0.0745531639911072,0.0322455604379339,0.0869633054318177,0.0849568583271481,0.0670030871885736,0.0766625808942504,0.0341966411651881,0.0837988550558824,0.0779592421123206,0.0671294973085477,0.0772468271301126,0.0252891018683004,0.0798714453735058,0.0769693681609289,0.0620906813920576,0.0715805160944633,0.0292194029906524,0.0864362300569139,0.0840806192316898,0.0664619427081508,0.0774473823436212,0.0404241918661855,0.076325734114246,0.0665064148238042,0.0603009708441061,0.0760818817701604,0.0302526125937048,0.0801346123560732,0.0740508288041468,0.063792429853149,0.0733463655443802
frank,100,16,1.86088378090335,0.2,3.97120334661141,6.13962025877743,4.56342281772483,6.74230158399207,7.4660040543556,2.96146776829025,4.03371104754223,3.25387172519794,4.33254774134489,4.69008861359683,3.0664293192538,6.38498376894426,5.07997030040277,6.71382463082194,7.50769958783313,0.0296222819648171,0.0338298811468159,0.0255376140463206,0.0365090562901003,0.0443168409065871,0.0258911600348298,0.0316652536808758,0.0210972938663792,0.0361214036913037,0.0398089049259707,0.02302626068025,0.0322580125557058,0.025728359267489,0.0304376721972529,0.0402162741951246,0.0200239434912322,0.032386432840003,0.0221461959803178,0.0373800359560645,0.0405610291474686,0.0157080587136097,0.0367528423009576,0.0287824034445999,0.0321277977761223,0.0393843506970604,0.0298546704635621,0.0406243196589527,0.0326030221920321,0.0436387622443129,0.0463958349120502,0.01721674517023,0.0305143448681167,0.0220631900646181,0.0314473135642971,0.0359850820556758
frank,100,17,1.86088378090335,0.2,4.50283888411707,2.92091426526642,1.01005907684729,4.27808329701358,3.57567453119361,3.22390884528744,2.44158187252921,1.4961101783753,3.11267322030921,2.76694641345842,3.7897080821456,2.84102457329858,0.931036214673078,4.3190465976282,2.97315645015873,0.0295528680194146,0.0238349569297533,0.0129153699134211,0.0252264215861315,0.0225313008712475,0.0295541985445351,0.0212798787629398,0.00877036394175633,0.0304220113731908,0.0242221761853328,0.0232857740539313,0.0132864283794113,0.00144213596883692,0.0241452516963675,0.0125654703275289,0.0259214965112817,0.0149424494492452,0.00292453008058283,0.0246927774368741,0.0167716304725779,0.014530049033826,0.0101580010022843,0.000364377941462448,0.0190247604274893,0.0112578135275012,0.0307884621776861,0.0210950233760254,0.00410949411422514,0.0266482536449582,0.0231413787034187,0.0234335525527958,0.013830475418614,0.00357014058861034,0.0217595311027952,0.0139012599652824
frank,100,18,1.86088378090335,0.2,10.3159740928464,11.4290516515842,7.97763405340832,13.6536026920346,13.522912977655,6.10223521962218,6.65245990733138,4.94446958850416,7.75365729396272,7.68922926292182,9.03222517610234,11.7809141357047,8.62026999528324,13.6072743913309,13.3838311520551,0.0608769134767624,0.0629122901888769,0.040197090618068,0.078008707570134,0.0765481428516543,0.0494490152646584,0.054730189323533,0.0387480523881983,0.062797964025295,0.0652171406763783,0.0431667664773276,0.052329053205375,0.036933047458185,0.0612970408882384,0.0574741497592258,0.0502952014190712,0.0594511357945382,0.0416158739492733,0.0705573398629332,0.0690582741319097,0.0341423447764224,0.0567834020800182,0.042664423977951,0.0592310093365604,0.060056049464112,0.0551967219887582,0.0670297355019631,0.0473699713269479,0.0714719741108779,0.0768720725384757,0.0509574160047371,0.0578707960441766,0.0394186104337553,0.0688559803117289,0.0682731138264632
frank,100,19,1.86088378090335,0.2,9.36192451199925,4.05181884039803,0.977654144963513,6.3529180013586,7.93278653097199,5.62841001129442,3.00040232794741,1.47888146026984,4.13952962612465,4.92130117187776,8.83416010267397,4.52342671116835,1.3338778769366,6.43729672873416,8.44077135220118,0.00771384224881393,-0.00530667417968692,-0.00250151618165003,-0.0299526690320734,-0.0142373633938758,0.0493945179022883,0.0259662281388267,0.00868184803499004,0.0366835067061201,0.0459410830112995,0.0480048630523137,0.0208941304785822,0.00613507913272458,0.0317672943199674,0.0383379065959745,0.0484903327556781,0.0176809033260327,0.00217185753556107,0.0281104384052167,0.0364816194457661,0.0479363684679426,0.0236181561450577,0.00656358454982327,0.0335849853131485,0.0427989115426307,0.0289247709324985,0.0194482202782811,0.0116014200919056,0.0168202455055048,0.0365914862426264,0.0493430481262647,0.0233507345988578,0.00626623424703883,0.0344032821212324,0.0432893428925847
frank,100,20,1.86088378090335,0.2,5.06193226964624,3.86810745724631,1.19521830733926,8.54603407723363,5.31445384812191,3.50326743347866,2.910760458247,1.58827268834407,5.2256808997341,3.62717873750431,3.38380583589415,3.74085190826237,1.22412651235069,8.40480291541388,4.8074082165665,-0.025004624581565,-0.0441072135944446,-0.0381595928096623,-0.0352757862245918,-0.0606751557797403,-0.000312547673514389,0.0161234987189843,0.00155163617205472,0.038829054022427,0.0224278741718722,0.0242148161430643,0.0220828804743299,0.00740056649523827,0.046755124229628,0.028834122697038,0.023471541324162,0.0172800082713884,0.00139690234386156,0.0418184355794701,0.0245642460648797,0.0286896273603937,0.0180956113704202,-0.00210819588908783,0.0476947357066083,0.028359249996789,0.022766542516011,0.0180695672474215,0.00779276844768499,0.0471452788846535,0.0177260760042391,0.0176732329172348,0.0145735372423316,-0.000460563696155784,0.0389506858381357,0.0205731655878813
frank,100,21,1.86088378090335,0.2,-0.125980350330188,5.45198443411642,5.62904777585489,2.79029518411715,3.64604577056593,0.932883297538887,3.6933059880976,3.78110147874158,2.37606288265278,2.7999071661962,-0.426789197890752,5.4134357387244,5.86653192115676,2.83873966864828,3.32933867183969,0.00372687524588221,0.0372596721170184,0.0346420484598519,0.0184636008663986,0.0210198757532446,-0.00648834964043104,0.0310486185232205,0.035253468416425,0.0115492788407708,0.0151720150101604,0.00235387890973776,0.0316493010572742,0.0317831489812556,0.0147052225991061,0.0231871191776924,0.000808879400355496,0.0285950335027589,0.0274668843101884,0.0153751705648365,0.0214567643573751,-0.00864492902632349,0.0297447903994005,0.0321045659659564,0.0118089025435952,0.0158993692323298,-0.0179592082051732,0.0191936107415248,0.0250534349788779,0.0148713162908077,0.00525464922010335,-0.00065580344837843,0.0285167267082473,0.0291755358308775,0.0153813599199229,0.0185122589502624
frank,100,22,1.86088378090335,0.2,10.9989686239972,3.53955860705976,0.0706704205592987,6.41063722297058,7.27753401823313,6.43798320562633,2.74798107667866,1.0316694174709,4.16812848074168,4.59791927422006,11.1426762064501,3.89873775656521,0.0553597092236755,6.47837884378326,7.85152848691467,0.0624859318901356,0.0251566776711163,-0.00064770910701277,0.0416238271769495,0.0437129770298806,0.0580051251244121,0.0133699861194249,-0.00556234747835567,0.0320176051256898,0.0360303240786206,0.0608539489091917,0.0179558494219481,-0.000882842303823376,0.0338388650103349,0.0393711976955672,0.0606149290005085,0.0188029325844522,-0.00153766463609855,0.0350654497374568,0.0390634719521965,0.0582740069359417,0.0194513842135953,0.000702157822935205,0.0323998110249184,0.037045639076114,0.0642253678226082,-0.0324238817494882,-0.0426372611248944,0.00226917594385832,0.0202774707641646,0.0576591271696664,0.0151952106776947,-0.00407675711847308,0.0316928389532538,0.03498503371069
frank,100,23,1.86088378090335,0.2,2.00807474634925,10.999432161677,11.043802084298,8.31814532575154,7.98446336846334,1.98970810774844,6.43954350438847,6.46153235777249,5.11271692546936,4.94856872496725,1.12266974463235,10.8248704670589,11.4445910074184,8.20717058110271,7.07335818616067,0.0150505982576062,0.0644303029001476,0.0652136141709215,0.0482003270969771,0.0480723704918548,0.0146474760913494,0.0559880350176056,0.0485407987979457,0.0467822555922534,0.0441738686992252,0.0106618574017239,0.0576459868767774,0.0560230534804616,0.042458108027862,0.0424705762355946,0.00576488775576088,0.0570619733178129,0.0577105463168014,0.0418809396642096,0.0374026777141973,-0.0028090881355691,0.0523874181968762,0.0567830985372829,0.0357485843554933,0.0292182408376762,0.00249111649170878,0.0422920004365806,0.0399436738404889,0.0375651862802729,0.0317667216543014,0.0096956313597506,0.0559871163115705,0.054982332829246,0.0427427170594633,0.0390883925736339
frank,100,24,1.86088378090335,0.2,5.26569797666283,9.24017097768483,8.44810871350121,6.22261630808963,7.4735262852021,3.60201355628319,5.57007216252073,5.17905444534542,4.07519397190244,4.695697191611,5.77056906374741,9.27717627174711,8.35567773036262,6.14050578656444,7.49223041942832,-0.0134283692910779,0.0510257813576566,0.0522300418880995,0.0374764626860222,0.0272727916719574,0.0154172953836315,0.0483183752680043,0.0461789448941863,0.0305849009529044,0.0374086992587446,0.0265933286826412,0.0505004802911177,0.0448068246960198,0.0368861075900583,0.0391778932854494,0.0222450412760685,0.0423809053279784,0.0381893345248036,0.0287227284355017,0.0308377080086485,0.0318776029474079,0.0497136726880419,0.042595115518209,0.0360291506475467,0.0431028889116549,0.0211147677753468,0.0298852672046266,0.0225859323325522,0.0356804690239541,0.0216941212959373,0.0258668620875085,0.0463603514185358,0.0404620743633692,0.0333090951942328,0.0366029787373339
frank,100,25,1.86088378090335,0.2,4.66413857753657,9.02113379634904,7.3299047392257,8.75527522278865,8.14212031595818,3.30530407520801,5.46066383240819,4.62364862316975,5.329334817672,5.02651635725517,3.22981490116983,8.85544628568381,7.56640917966468,8.55224318816301,7.32104547422289,0.0202905220009651,0.0246006817779729,0.0050014810822864,0.0268412251890137,0.0299288577033993,0.0261909840152263,0.0417584865170641,0.0304205280187885,0.0432360727816655,0.0390278590787229,0.0123975761260737,0.0404674199601073,0.0319815166915312,0.0363867899185488,0.0302306872713136,0.021039768291273,0.0471449842677494,0.0393964535983815,0.0433816696910575,0.0401354323947677,0.00139164672635443,0.0305242493161096,0.025226717346492,0.0289377215052016,0.0130176737365944,0.0332924757068674,0.0379076468489912,0.00873978527328175,0.0533259387954488,0.0449388267110452,0.0214074349368012,0.046247091527274,0.0369656522005258,0.0441969636709657,0.0398535691460136
frank,100,26,1.86088378090335,0.2,8.0111028858519,7.70482072812714,4.04553844802004,12.8393446056585,7.45668335028602,4.96116137967195,4.81156400825191,3.00165518651273,7.35145190168497,4.68951166921719,6.49961715554747,7.22463427202121,3.62529838079074,12.5754416461054,6.45215425782679,0.0493087072881284,0.0483793976409261,0.0295756097562036,0.0741261535559403,0.0453526154602315,0.0374381522937055,0.0466804281024711,0.0296959299365755,0.07044637255608,0.0388202086523605,0.0456431106851435,0.0361216927756682,0.00993095531111027,0.0690117975442164,0.0374826538228901,0.0368987269151361,0.0226646467720841,-0.000719434555042712,0.0557615762186567,0.0196036501398981,0.0429457157428442,0.0375773629058886,0.0147636480858092,0.0681802035593877,0.0306209000338651,0.0466593237807153,0.0291955538878441,0.000451397204076258,0.0709122022640145,0.031316810530986,0.0368893803425792,0.0325727527568228,0.0120401954057487,0.0615321059744628,0.029010711679902
frank,100,27,1.86088378090335,0.2,7.30501156605854,8.17948856582866,5.42130849031825,10.0484175502627,7.25898879028292,4.61348268929247,5.04510595208869,3.67928279848983,5.97040840727483,4.59268178426214,5.35985632421573,8.00748436732783,5.90920010817148,9.54636614062104,5.61856593115554,0.0324061077329574,0.0377950993794197,0.0293160724380103,0.0309074135137224,0.0277018204757896,0.02202041901143,0.0425826794758036,0.0331734417775797,0.0421136972844857,0.0308679337686549,0.0379923008578428,0.0449152180933985,0.0313107040203832,0.0508471242766289,0.0351578533076504,0.0344866912578676,0.0386021433751605,0.0240522674174236,0.0511184014100657,0.0270247184483023,0.0401425669365326,0.0446379298402185,0.029482439089304,0.0542995555127841,0.0377081098715596,0.0461947252070503,0.0502172174790308,0.0350370136660176,0.0600305958833282,0.0462602066457754,0.0305193940107134,0.0384324725204159,0.0255445273403605,0.0479837912342683,0.0273611879432233
frank,100,28,1.86088378090335,0.2,5.66345683797111,4.56315885285781,1.46598542100122,10.7791488201678,7.1586339603951,3.80019057484968,3.25414616459364,1.72206149829061,6.33033168096227,4.53939303778879,3.89829843790895,4.68665393360988,1.74138160011467,10.9703620176982,6.69832495709582,0.0382108962678533,0.0284211797685535,0.00983538944814635,0.0604658404465424,0.0428463952442221,0.000319478401927357,0.0244365196759486,0.00991676584761238,0.042488897553402,0.0302045723102966,0.0308540013712026,0.0266790520611935,0.0114704493821129,0.0589107803079268,0.0354880019498365,0.0186192067430915,0.0196761164032123,0.00120250997827487,0.0527208324616639,0.0306906914239223,0.0218153324808109,0.0191483863841374,0.002960639323784,0.0509552723628482,0.0286825478435208,0.0247734877481615,0.0261850659085035,0.0156488191609569,0.0322733030323225,0.0399340949987192,0.0250589376385473,0.0225614461798605,0.00560456838120884,0.0551170276227842,0.0340952366306801
frank,100,29,1.86088378090335,0.2,7.79968352233116,9.72570673862963,6.99709103616802,9.77773987303457,11.0949542842753,4.85466925228754,5.80866363332651,4.45793924696064,5.83533397717455,6.48705136189845,7.13297232657872,10.0398568441725,7.61458142448717,9.66378328302427,10.955066621985,0.0416561665747958,0.0580439515675389,0.0413648730285116,0.0588868989564349,0.0654624311739286,0.0488257259927474,0.0531366062935739,0.0386809995471257,0.0517106619428869,0.0590765959387349,0.0452191089035212,0.0438915433506973,0.0278682419600349,0.0447628538185023,0.0523529422281197,0.0361559851939797,0.0443526687925856,0.0311291613363849,0.0425670476435798,0.0499076319461445,0.0386795962028367,0.0527494589681784,0.0393393305732031,0.0489218211756222,0.0546057081992778,0.0467358682462165,0.057067710915924,0.0421804153369864,0.0583957227665746,0.0650375352048922,0.0417508544881359,0.0502167486647576,0.0364452665261373,0.0486299594071433,0.0560087527838727
frank,100,30,1.86088378090335,0.2,11.0318245544749,11.2955134589852,7.77894311469003,12.5230501039105,12.2125601508931,6.45612028721961,6.58663256646593,4.84612184180959,7.19376851492184,7.04312339318634,11.2226905419545,11.8198705851146,8.23416824924611,12.5718957976801,11.8666277248206,0.0640822928267664,0.0563117532327723,0.0244101500730853,0.0663321627086241,0.0531953514940249,0.0452309019973219,0.0610540971740453,0.0433718774461783,0.0627138001105233,0.0611080919035127,0.0514987148371744,0.0493772271574702,0.0315742862118615,0.0574735355053154,0.0499378243841443,0.0499776624321729,0.0560902107169305,0.040060184833032,0.0621808422837789,0.0537317035450645,0.0621954834097839,0.0621831599344109,0.0436229932965301,0.0673891677182061,0.0627914716479203,0.0563171527587695,0.0649242331856542,0.0487482505421375,0.0563009759755618,0.0691990404196229,0.0524283912228978,0.0532960227018789,0.0351858015863518,0.060215331652908,0.0511310613317396
frank,100,31,1.86088378090335,0.2,1.33683398597887,2.67364524284469,2.09417093554165,1.69454903955356,2.9113376865495,1.65678099626226,2.31862502529018,2.03236421043828,1.83375681843145,2.43587522569945,1.78208990501695,2.8922545157542,2.28575355182502,1.70151743181905,3.32442867914658,-Inf,-0.0225573796818798,0.00370890971684256,-0.0629479321598745,-0.0501946601638408,0.0034758646664255,0.0187139056774526,0.0172650695648032,0.00773996455095563,0.0144191178395668,-0.00461015649177862,0.0116719379458203,0.0108493463819191,0.00882504541483124,0.0127146088973185,0.00656484503185569,0.0106669692075093,0.00524306885733614,0.00742256785794201,0.0147511621822566,0.00422006271535602,0.0102343339227406,0.00712390411415212,0.00603423812757673,0.0122363766018846,-0.00519413647675101,0.0233634259446465,0.017531828855136,0.0175489685552015,0.0212686590643362,0.00768990907687827,0.0140505733199435,0.00867803039935002,0.010327177664171,0.0168345581757305
frank,100,32,1.86088378090335,0.2,2.19999082986995,-0.0382373218923433,-1.3405023588373,1.72359475635657,1.71840131501132,2.08406756885113,0.976341716231361,0.332037013488659,1.8481520623023,1.84583241551799,2.21716092275168,0.250940843426023,-1.1030628492536,1.7702564871532,1.97438066663364,-0.0193771835208595,-0.075227520643622,-0.0816586256039088,-0.0584788163967461,-0.0508456851794058,0.0126162924163925,0.00209987047856833,-0.00463072548074648,0.0131206399604604,0.0127512075548479,0.0174696751789595,0.00316514991118278,-0.00456474140710627,0.0134463000003888,0.0148021357591728,0.00555446015029074,-0.00305349856728971,-0.00760302207594441,0.0042239974587999,0.00413149569748108,0.00725209671968674,-0.000344919901851194,-0.00444719940660907,0.00701927459208171,0.00486856839541387,-0.002102411973807,-0.053375820460744,-0.0592768822554057,-0.0496399578080483,-0.0287508428281442,0.00979102317064137,-0.00172830424559923,-0.00834176323904448,0.00734725654740098,0.00712894287623775
frank,100,33,1.86088378090335,0.2,-1.23640943903152,0.140729657195035,-0.325050356505399,1.37617312162273,0.44127756334484,0.382668528995829,1.06485201847699,0.835333021966321,1.67607388669239,1.21323042753875,-1.11948202578097,0.290985330591895,-0.115769754468241,1.45902383249391,0.535630015211013,-0.0205083508654544,0.0106972873430693,0.00476971290656197,0.0162728334791606,0.0116636512691349,-0.0190077045552411,0.00389882270935497,0.00494064633446992,0.00224708598904537,0.00156544485744728,-0.0138444461535681,-0.00474610496736744,-0.00656818398994088,0.00149293270470124,-0.00674351396684563,-0.011830395429793,-0.0019095822552586,-0.0055383959796435,0.00388345808564077,-0.00372445165456478,0.000189692248781919,-0.00234358711641427,-0.0119129962506987,0.00841825566876178,0.00601657124117805,-0.032092653060872,-0.00844901266524268,-0.00338107544728775,-0.0125652593681081,-0.0198669619534843,-0.00697307151983158,-0.000173468795999486,-0.00478395626088362,0.00701710547607071,0.00218711648387121
frank,100,34,1.86088378090335,0.2,5.6231556180671,3.81286737180836,1.17368751623208,7.30388070011277,5.8702980777675,3.77883002137053,2.8831656689447,1.57777153792346,4.61050886807169,3.9011479355683,4.70039429068508,3.91445667101018,1.2679994501949,7.30855427147054,5.86519422199908,0.0275437180580763,0.0132373310255872,-0.000258897327200577,0.0404654414328756,0.0366830385488316,0.0311099058682252,0.0148131715809918,0.00366042423012037,0.0337622875771497,0.0258503275418936,0.027837424911944,0.0160407116892026,0.000432636586983842,0.0358125343433206,0.0278611400032831,0.0221613059395771,0.0210685891074384,0.00787681361926826,0.0380664519191599,0.0309917723615384,0.0216071841439802,0.00795606448532567,-0.00962471635171826,0.0303999367674737,0.0200428092711257,0.038089298058047,0.0211923642168948,0.00107121263682939,0.0458766257095334,0.0348569833952174,0.0276980366606707,0.0188063159246716,0.00234780344676781,0.0371573520222756,0.0306115873705249
frank,100,35,1.86088378090335,0.2,8.40798171350652,7.7545652233201,3.84585231110448,14.4081886133951,11.9204015634344,5.15772459371322,4.83288111978083,2.89879278181305,8.12635869935101,6.89521205113451,6.70965515847529,8.19883188755344,4.54282424912699,14.7216699249237,11.7719801820325,0.0518704030456513,0.0430751589586761,0.0165151368319859,0.081993700898021,0.069341487686415,0.0367658530644176,0.0416706780670374,0.0259705950316498,0.062995903916324,0.0565051805216259,0.0412721488560669,0.0303431823301245,0.00905833708356253,0.0663290888654735,0.0545435165148221,0.0381067267639161,0.0421835195020112,0.0211150139683207,0.075659426265465,0.0625854633247696,0.0417550629444511,0.0439020284738221,0.0231041061178655,0.0761018506418742,0.0633289692892474,-0.0134145496037431,0.0392627926303264,0.0277918604300616,0.0679348805830597,0.0372445403957366,0.0411647831487862,0.0367654157530289,0.0153773310344076,0.0693145498335251,0.0580551841992744
frank,100,36,1.86088378090335,0.2,0.608229803648481,0.821302216395501,-0.518078806834822,4.14169543538814,2.79679143585779,1.29615319307078,1.40128964422181,0.739553580080896,3.04438014694992,2.3783214168391,0.230719858237702,1.12104315417491,-0.292096093112623,4.46528149354965,3.13326843240844,0.0129398720274698,-0.0336955148086122,-0.0616734341683534,0.0233646726005969,0.00885674302961667,-0.00690704966547727,0.00591025530691166,0.0031135344668159,0.0185678905710788,0.0133503733273067,-0.00263079565400876,-0.00377566484745629,-0.0142841254938163,0.0149119106190876,0.004601354258784,-0.00187064293762192,-0.000963718939436442,-0.0088899885230727,0.0192839838249758,0.0105074078545746,0.00680033785430032,0.00743592937369461,-0.00154100233704721,0.0248382584699082,0.0195088082802776,0.0129543186297206,0.00357878435718707,-0.0122165297616002,0.0270716651058193,0.0211826699082996,0.00245457090558148,0.00525943461200527,-0.00332972032922151,0.0221126665712901,0.0159882900242911
frank,100,37,1.86088378090335,0.2,-1.25453802348246,1.26302895595545,1.22749078299706,0.536179746210833,-0.378776345769848,0.375970804473669,1.62151535220865,1.60410949570246,1.26158065159539,0.809669834097059,-1.84068777413681,0.806712851982301,1.00627260630006,0.127423028541706,-1.13509669242857,-0.0743759030953322,-0.0763838255893477,-0.0785676442903455,-0.0701080248050042,-0.137768518075264,-0.00161958509967103,0.00762861094748591,0.00698247814014406,0.00543154415976242,-0.00108704839558386,-0.0122907675689887,-0.000875083162575925,-0.000353866641627696,-0.00585320622161554,-0.0115938474999463,-0.000792839833877845,0.0103519960238444,0.00673742918950407,0.00905805944684655,0.00422812336317175,-0.0128427614300276,-0.000147387717057263,0.00166369825311659,-0.00242300056366779,-0.00943572832337706,-0.00798178830576505,0.0162952474692227,0.0150517814612436,0.0120724687294738,0.00135759762123119,-0.0141629943751899,0.00104662488220216,0.000805034324210276,-0.00164694500534638,-0.00992559273129367
frank,100,38,1.86088378090335,0.2,0.220587874488401,-1.83084501956202,-2,0.546364513664458,0.275031591230303,1.10231009911252,0.0879487242790784,1.21071980178769e-06,1.26396016110549,1.12932223922016,0.674893374053053,-1.24272837613296,-1.74995036428405,1.17317123489417,1.10359453897939,-0.0148986537248939,-0.00776835923966294,-0.000222816752316608,-0.0137087859017145,-0.00200543310124723,0.00658933790327931,-0.00169780902320817,-3.51121796663975e-05,0.0106728542406753,0.00947262843121059,0.00522692917083364,-0.00269884528382633,0,0.00758759496114921,0.00773095513620408,0.00495876921657311,-0.00872844800185285,-0.001077871579496,0.00457955718146901,0.00493438359356567,0.00050838564796912,-0.00683325095926364,-0.00106333623890269,0.00345737962309297,0.00263064390275295,0.00717092415147519,-0.00757099762905653,-0.00483102200356886,0.00549975362799865,-0.00426753325864154,0.00548992626970996,-0.00676905796176546,-0.000503038220353002,0.00604501952294847,0.00517268339934029
frank,100,39,1.86088378090335,0.2,10.8282004220649,3.23661959931066,0.396853644540443,4.0718002282288,6.16820353095217,6.35578845625063,2.59798004114846,1.19238952554671,3.01142623937918,4.04909386632421,10.4166964499052,3.40815933233954,0.408658244376504,3.70849888299652,6.48085866759094,0.0282127792543123,-0.0551580338512173,-0.0647506874361223,-0.0170474179997716,-0.0104960423720468,0.0454464511992013,0.0188963247910812,0.00402158197928343,0.0176601810289113,0.0290496275818594,0.0538189623924298,0.0219781588240063,0.00850151253617219,0.0241439226020103,0.0348832074296412,0.0565123370027358,0.00947260914647729,-0.00759134552425917,0.0189250560297759,0.028219033570144,0.0593019094957235,0.0230624748670624,0.00721609066419489,0.0267853976677538,0.0386520470140369,0.0530273246222728,0.0261169601979914,0.0113089209277431,0.0303167050359494,0.0378691386997293,0.0525450463154626,0.0127889259500133,-0.00239328055413508,0.01707891479028,0.0281533942473339
frank,100,40,1.86088378090335,0.2,12.2926832838146,13.7497279848201,9.73346142190169,15.4937681298972,17.8173252468586,7.08026691597122,7.79974562463165,5.81181975497841,8.66373692685925,9.81348896754071,10.5952846676663,14.3694577011187,10.6352871687598,15.7125257165659,17.8382954788453,0.071426055603168,0.0766936551910444,0.0532350324522896,0.0871331336605334,0.0990184229930553,0.0571537582137113,0.0758697027456964,0.0558915082270533,0.0831415223502886,0.0922671693403308,0.0532348023395728,0.0707822707321683,0.0520995630880294,0.0770098365275884,0.088056949788707,0.0629577818456063,0.0726001973728695,0.0515242554759492,0.0802913534052811,0.0926212664983643,0.0658501094351856,0.0762437064739258,0.0567289537660609,0.0792976363167978,0.0937168820177107,0.0621299619430611,0.0782122004504126,0.0582354279417978,0.0749574686848662,0.0962662971364527,0.0601398288844832,0.0708763984135903,0.0502070855185404,0.0789182952613794,0.0909960107993465
frank,100,41,1.86088378090335,0.2,2.58155498451324,2.32562592221968,0.782024685493933,4.03321694471832,3.56393338909864,2.27281927368749,2.14642028859737,1.38297276011435,2.99128453724577,2.75947397059676,2.10238977151372,2.44153310073345,0.964250386060315,4.09712703330359,3.47389558876093,0.0221384979486325,0.0120056825721843,-0.00821669178242919,0.0301625956674551,0.0243511577979168,0.00997553641093627,0.0131604937724849,0.00656105760881638,0.021134432022522,0.0165126412930535,0.0186736020274766,0.014008520010398,-0.00190730764202976,0.0282603314529556,0.0243594002431108,0.0154789945818861,0.0139787007287749,0.00392137276245273,0.0242107104363284,0.0207369475797567,0.0135739403846011,-0.0043238511882562,-0.0201658267875702,0.013310464341353,0.0118879322483159,-0.0155914397445325,0.0161361569175261,0.0126423712048361,0.0279385096871348,0.0170925179867605,0.0135095551955678,0.0130595395223888,0.00295908753788387,0.0219198178152054,0.0189819862577652
frank,100,42,1.86088378090335,0.2,-0.458904681050264,3.5290376645546,4.09113945045822,0.908868280033269,1.80791681150806,0.770089780174224,2.74186299875015,3.02001086421435,1.44534675606376,1.89061365981324,-0.504847186690805,3.64433210650523,4.4762795719968,0.728915827317472,1.67264777718135,-Inf,-0.000398413974437088,0.0179072946267531,-0.0303169319218282,-0.0467661264112153,0.00203517812672703,0.024246763531216,0.0282671406608276,0.00889984870268234,0.0122794698421079,-0.0208128516008835,0.00805777186413821,0.0145589284754597,-0.00379998795367267,-0.00340196806654492,-0.0103065561940902,0.0165275041940026,0.0205415607045105,0.00398159722779352,0.0055484829839194,-0.0194499959354034,0.0209149599661395,0.0255333206766459,0.00588383674810891,0.00675900833317867,0.00158255718930886,0.0242432887502837,0.0254263876283793,0.00102662146298013,0.0177085442651249,-0.0111579339829035,0.0164977502891072,0.0198677071540878,0.00216172937319377,0.00670363900915689
frank,100,43,1.86088378090335,0.2,0.241386027518177,2.08329314664996,1.37365574039159,2.43234440808807,1.06840883637674,1.11453086344413,2.0272695964954,1.676328317547,2.19960863500495,1.52562917744298,-0.0526006507557328,1.76831899032136,1.24502417345086,2.2470324770468,0.41523964886104,-0.00763841782110123,0.015038866303775,0.0161255943217726,0.0150158555183628,0.00197410187212133,-0.00321300987542592,0.0107923669810644,0.0101729482319335,0.0108191992120819,-0.00163755395554883,-0.0081012364204722,0.00534306560024542,0.00505664232683331,0.0031742215479092,-0.0075078780863935,-0.00572085914794307,0.00242159639028318,-0.000196201229092787,0.0055472856788381,-0.00398638058821952,0.00574665322930294,0.0145431357410008,0.0104088446114952,0.0163913765673392,0.00768931266608741,-0.0524884211807356,-0.0446727085229063,-0.0374408287027624,-0.0382178864233674,-0.0968640005577834,0.0019235113557434,0.00691782791278718,0.000934067360426068,0.0113135737632573,0.00127577153577366
frank,100,44,1.86088378090335,0.2,11.9422880268324,10.4775846816333,6.49077984926262,12.9104398283815,13.9667963635826,6.90628261284766,6.18098335940227,4.20760202492182,7.38549859704493,7.90886700534572,11.2266901049999,11.1582840007703,7.34896015806396,12.9550443356994,14.2633777967494,0.0444948299071704,0.0514011850137387,0.0398542215500155,0.0523166843689147,0.0484976150436135,0.0559708824642676,0.0600657829578981,0.0420082237189713,0.0676189323251389,0.0709245632659103,0.0552511150026315,0.0436111358978443,0.0246414048107791,0.0601315306628295,0.0611743540613642,0.0592305053664417,0.0528186961174131,0.0316236024521311,0.0655579773154942,0.0705284929586994,0.0629324748989695,0.0552191894395274,0.0295176793515208,0.0703140013094864,0.0748279752237089,0.06963066374991,0.0623599585178765,0.0375679619761081,0.0743891357780262,0.079715567988446,0.0614183693535763,0.0558652637586728,0.0355421941108435,0.066587671895145,0.0717033463357224
frank,100,45,1.86088378090335,0.2,7.84775501234336,15.7399390812888,13.9671564650782,15.3240550193486,14.5902038724067,4.88106323292062,8.78645609499915,7.90911961520308,8.58116282551101,8.21822770994742,6.10152641477984,15.677823025641,14.5121652443935,15.0301578079068,13.7696356222611,0.0443646543828219,0.0886579227364781,0.0796428831262653,0.0860247718749709,0.0822333481589142,0.0355537145088973,0.074588231026652,0.070840910015034,0.0589713920029371,0.0607561182585514,0.037660963988737,0.0836716514046103,0.0744088352409426,0.0778860878660415,0.0747115374999039,0.0383060302966014,0.0799784107047345,0.0709265224236642,0.0782018103970306,0.0738145334513141,0.0311815259156275,0.0814120836345804,0.0727244321325507,0.077527878670222,0.0701482091195711,0.0468340152665178,0.075654522646711,0.0626186650141143,0.0830622935127076,0.0742104633935617,0.0381808738781557,0.0793243686527781,0.0700536130153813,0.0778257646662684,0.0719898042936158
frank,100,46,1.86088378090335,0.2,0.163371795450013,3.15785048264393,2.70895243734553,3.17875487827836,4.19679908354189,1.07522226858371,2.55648480554451,2.33419375413759,2.56801276498374,3.0713601299932,0.0972869813084221,3.70456392821445,3.64254546380869,3.33569312406409,4.30880680540692,0.0102254458831928,0.0255830655338115,0.0215940049958548,0.0240901760152215,0.0303995297491033,0.00477307927298581,0.0193164044727456,0.0159051726649936,0.0182494371035676,0.0249386117559529,0.00147565001781685,0.0183557057265135,0.0151937141999804,0.0144172719913717,0.0214386172865514,0.00424516776340532,0.0201810177522257,0.0171967617332952,0.0194972048907079,0.0250521318683018,0.00372019108666207,0.0170385705487941,0.0155960334407305,0.0115232324595826,0.021557131470265,-0.0381716401554429,0.0245538994066863,0.0223590795736819,0.02004617257893,0.0203059565448599,0.00103696291625539,0.0175242570789014,0.0156549367852082,0.0141639229787928,0.0216004749277616
frank,100,47,1.86088378090335,0.2,-1.31109644876353,1.12404911245926,1.07334241702729,1.3034190934363,0.993218100292454,0.347035638372372,1.55120545392188,1.52675103328771,1.63992867281104,1.48617241341402,-1.52543433812187,1.26124230110933,1.40320357424019,1.41130105164422,1.08217356520701,-0.0654831873501252,0.01166876619493,0.0151215222532018,0.00392849240201762,-0.00531391080312928,-0.00169425285581474,-0.00676009242323056,-0.0153532657747087,0.00454750676464861,0.00222874316138532,-0.00982665119601446,0.0096453961742786,0.00806072932075191,0.0115988314019299,0.00722314380529302,-0.00894620728096867,0.00370089491501573,0.00244827894151864,0.00509367148936296,0.00250465975828188,-0.0143362230238381,-0.00482736094960198,-0.00520518761642176,-0.00583651346046271,-0.00315522410816225,-0.00427459434878949,0.0114012772874531,0.00435905531495897,0.0151563978006898,0.0145577213978609,-0.008954915162023,0.00355797262974085,0.000956582365033059,0.0057971076658874,0.00491865662522279
frank,100,48,1.86088378090335,0.2,9.95065413185108,9.5575723442851,6.67586874111024,7.74969916418471,9.54068131549881,5.92058830793002,5.72688841217076,4.30071361273053,4.83143172378836,5.71929544691311,9.5924149946952,9.59417014898055,6.56515004425129,7.62670858640251,9.40628936220688,0.0226291402497724,0.051688689749272,0.0426133145084119,0.0226074606777163,0.0344439142239154,0.0489324240016084,0.0329181877093106,0.015003493180603,0.0320772148204014,0.0377894558872765,0.0492332252210955,0.0461379870761493,0.0337789006362854,0.0377777624695158,0.0435723409999865,0.0487608998547406,0.0475175946462651,0.0316194641942907,0.0382824386273376,0.0448000361779108,0.0482930690188948,0.0435373244366957,0.0308667854270655,0.0355934811954967,0.039660290281707,0.0596772525068436,0.0557333224272017,0.0430411518079362,0.043215016133628,0.0572628484345205,0.0509661467218864,0.0468711675811962,0.0316414056306875,0.0388212155034059,0.0451221831502687
frank,100,49,1.86088378090335,0.2,15.8858345747176,6.64743294358344,2.03202840556123,10.1092048517175,10.0220711815014,8.86149256748523,4.28728741439888,2.00260057880154,6.00036286237583,5.95745900564562,15.5518109191519,6.89162078025059,2.09106171966768,9.68543558792338,10.3334057169112,0.0894265173249171,0.0428846342653119,0.020064625012611,0.0603714395406139,0.0599728678353046,0.06303219324165,0.0184485305697593,0.00494652090485217,0.039543324331548,0.0374057119133403,0.0755626364810844,0.0265359312603043,0.00371620915178968,0.0458035416481691,0.0441768511014177,0.0721514498958251,0.0328423582436459,0.00977442804480886,0.0484708823683093,0.0493007223595111,0.0724982066593835,0.03022967356149,0.00944116080317791,0.046400032150645,0.0430243929575505,0.0744490055820702,0.039183302692985,0.0186783942270114,0.0569062811928652,0.0593363513686064,0.0732348532742396,0.027816284224373,0.00549935154352026,0.0457906002119763,0.0445856356841262
frank,100,50,1.86088378090335,0.2,1.73195351169043,7.16892039230975,6.52314612693958,7.20683633916277,7.41027689600834,1.85216560947297,4.54277775209317,4.22377236536827,4.56175570864448,4.66212054952253,1.21747541230151,7.38924460255946,7.12320848440604,7.42465420471964,7.33850854478383,0.0129983661888134,0.0367920443316572,0.0375138362596216,0.0279409086903205,0.0407169042119726,0.0147251530227582,0.0313627521369149,0.0238239976665574,0.0338954059196456,0.037393993945899,0.0110699687861089,0.0378910008313659,0.035115796686754,0.0375614436416019,0.0391030158191936,0.00996302189313669,0.0378342012422972,0.0330078521055741,0.0362915059868466,0.0386630468935962,0.00827862370876702,0.0397651471500846,0.0372498489648332,0.037457688210848,0.0389117812385986,-0.0160642702599972,0.0361020711494149,0.0413357299673145,0.0181392362330388,0.0345974075346737,0.00807552332360995,0.034699151489119,0.0307616490653396,0.0348621011050931,0.036541251129935
frank,100,51,1.86088378090335,0.2,4.97954746034725,4.89827816785403,2.39810262945526,8.28676421889688,5.59748986968254,3.46114391723644,3.421198094699,2.1847405727884,5.09742198819186,3.76719499754704,3.77875737424305,4.69443770342032,2.28259502452328,8.12599205060655,5.16566150230772,-0.0441741708389631,-0.106716270526848,-0.131725961197926,-0.00770046631240497,-0.0917155509973616,0.0253387618017535,0.0148920188146309,-0.01645662742023,0.0433124716654039,0.0293543448557952,0.0209900885413372,0.0254591469027022,0.0125879273814968,0.0420200139484119,0.026758123307507,0.0178353357215117,0.020343396588733,0.00743479733591682,0.0377717553019205,0.0233641048322695,0.0261501450748111,0.0202026197703685,-0.00201256313410323,0.0445587124524402,0.0285952806177992,0.0348786523369843,-0.00492815188152639,-0.0375625438865617,0.0316716132104661,0.0264442624524281,0.0241963783474994,0.0211424955016743,0.00591566940643342,0.0406575891602765,0.025324015653708
frank,100,52,1.86088378090335,0.2,11.9888080475451,15.8029839282341,11.6888387120745,18.9921608887618,18.2837824733923,6.92934087691502,8.81694736743372,6.78130978116934,10.395461938323,10.0454336706499,10.1617631758835,16.0026235558313,12.2010497707913,19.2079860134343,17.7890713059009,0.066853167829854,0.0884921690765449,0.0680901601495766,0.0865419423989935,0.0956931001605657,0.0667835397468237,0.0858961463944586,0.0638703156901937,0.0970798730057978,0.097879811923024,0.0576538959530376,0.0745915444267496,0.0509181625470114,0.0911713345485958,0.0876284536276656,0.0598626781906219,0.0801648777858502,0.056787492239132,0.096682737686815,0.0925305090354083,0.0517882395558917,0.0822309933215318,0.0625618000758984,0.0960192166560177,0.0907697561421884,0.0690542146739413,0.0868913365866053,0.0672184004071481,0.10472545718463,0.0985424544839501,0.0544832402900456,0.0790172935286781,0.0565574631420905,0.0945836994553454,0.0892487506863262
frank,100,53,1.86088378090335,0.2,6.39158972895648,6.74143255845653,4.14875194278857,8.94624446195514,8.84893655911208,4.15900442216909,4.33192048347721,3.04858184392272,5.42406496717178,5.3752563715428,5.91780085884014,7.13550730296236,4.82853026108624,8.72007505615874,9.03623017977318,0.0311427704128419,0.042485753143271,0.0267844055692817,0.0546465966788642,0.0542397154099677,0.029927390365073,0.0286863010962237,0.0141141256975817,0.0430003852308975,0.0401834081275888,0.0266775619943204,0.0310925566739296,0.0209207528895593,0.042699294016562,0.0393873157893373,0.0332348340583006,0.0351248220282398,0.0199210454418841,0.0465241756562544,0.0464643420218784,0.0203056161195296,0.0350189691002766,0.0243456383572976,0.0437322113235663,0.0434833305566755,0.00226809720431659,0.0344835970208012,0.029704572722757,0.0343988466866915,0.0280687676431298,0.0304368137359865,0.0339959328947144,0.0216989524886552,0.043016359161481,0.0440571057615088
frank,100,54,1.86088378090335,0.2,11.5463122277179,18.0428879700121,14.8694482144464,18.2336997052735,19.7380587236663,6.70961601948437,9.92542089685115,8.3550821800496,10.0203629824004,10.7646109029781,10.3912660361786,18.4192094217971,15.4861411822245,18.2894299866092,19.7163057627158,0.0368215010313918,0.0958493627248941,0.0843462648661121,0.077969104806711,0.0967682854533426,0.0607025218679307,0.0843945848967171,0.0663421237570237,0.0849637208413429,0.0961175012992381,0.0577355392892903,0.0938949470701898,0.0773536947726649,0.0926514309237501,0.0984059394437927,0.0573548450504697,0.0947746794183578,0.0783776810278605,0.0930384456545324,0.101212743000962,0.0572370893450349,0.0903815089437352,0.0735794862093041,0.0872726423156206,0.0970731162663035,0.0664221328574609,0.0901623076037496,0.0686217665751378,0.0940932530840502,0.106041305819826,0.059871175422912,0.0919411480592106,0.0746939258161367,0.0923251384919879,0.100876101279868
frank,100,55,1.86088378090335,0.2,17.3110766837099,4.73159879950255,0.00458338549737336,9.75121694564936,11.8002536877717,9.56428914772827,3.33689696904793,0.997027357366862,5.82152689561836,6.83582185338021,17.0396364738717,5.63934188126664,0.572354912785576,9.93617071215769,12.8106972886566,0.095674769301616,0.0336579339277984,0.00866244527144773,0.053487756715384,0.0679481052591719,0.0798926298495939,0.0263312338458757,0.00535152378209209,0.0450217681380601,0.0561656451262356,0.0817332408076543,0.0210456187358368,-0.00259370300129738,0.0431824052049523,0.0558862765115345,0.0838378032590469,0.0276734280691755,0.00439492464285006,0.0509203384711988,0.0610031938640921,0.0905207929562706,0.0294161942967856,0.00443665763179951,0.0538944694202164,0.0642893701118727,0.0963950839923624,0.0329874965463486,0.0090957488034315,0.0547075711673949,0.0667989002203302,0.0872598622180476,0.0268685245258767,0.00239485084498112,0.0509328650894322,0.0617380111092648
frank,100,56,1.86088378090335,0.2,1.26216291619814,0.0614469947568286,-1.2244759678679,3.06480777695706,1.86972607083093,1.62017640758794,1.02571080344832,0.390051691831072,2.51202962191971,1.91990294820882,0.708778097226,0.17350116002572,-1.22543538075202,3.13477108269059,2.1159928781498,-0.0391294609965261,-0.0637022508596113,-0.0552301635830166,-0.0304865588686259,-0.0551920061870115,-0.00651351275593761,-0.0155856956146343,-0.013026763693923,-0.00219946856470684,-0.0078543367931461,0.00800686248747487,-0.00603407912376919,-0.0172128257303324,0.012102226915828,0.00854922867663577,-0.00351594712032276,-0.00490132040037724,-0.0096116288859388,0.00971267180390941,0.00323321983568095,0.00446639459969787,-0.00710766038726974,-0.0187894628241025,0.0127507244410905,0.0073914937560299,0.0153517914295027,0.00210633031087507,-0.0151707811885064,0.0252695279639511,0.019004768884361,0.00607026056982884,0.00257597592377238,-0.00649409964422894,0.018461714964175,0.0131210812450998
frank,100,57,1.86088378090335,0.2,5.26320100886206,1.43090966381065,-0.800004641959085,4.93490373264609,4.39805116033127,3.59972245870606,1.70384847272081,0.600598505514484,3.43749973707444,3.17143045907366,4.67514142134991,1.54476748404624,-0.938920311216506,5.09036592983429,4.72987331609612,0.036242180991455,0.0115267149923787,0.00197554084898024,0.0227959096198809,0.0265064145887916,0.0229907759132582,0.00901431277162713,-0.0037571393528734,0.029755207263401,0.0258606597001525,0.0296114535796443,0.00993884737081115,-0.00382262927195724,0.0290430327412629,0.0274978895995793,0.0295109629902642,0.0061394635710714,-0.00585094803123965,0.0254853939071963,0.0236337903171766,0.0335713327112645,0.0126575153592224,-4.55746241664189e-05,0.0325770553842786,0.030055732674908,0.0356865827760988,0.0170578428340124,0.00575623912661145,0.0345309186370168,0.0317810677933671,0.0275856676251482,0.00568678184448027,-0.00905724080638329,0.0266025567433022,0.0237019654835009
frank,100,58,1.86088378090335,0.2,11.8799604413119,10.9343400937747,6.54205111922615,13.8740976498391,12.6428504147874,6.87623438690865,6.40812370464493,4.23465106478176,7.86258366360667,7.25470448047073,10.2001104591781,11.0271993624,6.65535780650308,13.9719843552548,12.0678728134935,0.0399348527108982,0.0635973496952011,0.0298866975134768,0.0778319497638284,0.0605641785358513,0.0677633504819385,0.0472128961471324,0.0179749164041885,0.0712995261842362,0.0607362892668846,0.0509182263330682,0.0564110374946294,0.0350079383986892,0.0671719502447454,0.0567130303160177,0.0530367462414957,0.0543527067005116,0.032155881537413,0.0687088437219501,0.0586561064883523,0.0632069939919021,0.056371618895455,0.0309487527646847,0.073764156993788,0.064228952023918,0.0398570587404692,-0.0471582638359196,-0.0914554964071405,-3.46882829427564e-05,-0.00973427635094415,0.0599071897081035,0.0542531536977166,0.0316295918500595,0.0705853381526056,0.0615203304697618
frank,100,59,1.86088378090335,0.2,11.6323021336937,15.0986616012386,11.108648336354,19.6440526901152,19.2467381417737,6.75365887214017,8.46785977345803,6.49370759322372,10.7178781596108,10.5209133742014,9.55984764138409,15.5409594357014,12.0257814612989,19.9499404055611,19.012118974403,0.0531009973543848,0.0772236923517896,0.0581305059557459,0.0944224819330563,0.0946157903272877,0.0513576219956491,0.0739458108674414,0.0507226115411908,0.100423893906163,0.0985607961872668,0.056292453844046,0.0722539149844074,0.0487359733633892,0.0975511886346828,0.0947751169133659,0.0569670847258757,0.0798003948787794,0.0576583128129508,0.101925757582405,0.100623993093647,0.0480228318043453,0.0785188820029312,0.0569122413496178,0.101146678137464,0.0953799136079919,0.0259407207950002,0.0799721670237023,0.0647498889732597,0.0902594071224482,0.0810477479373807,0.0560104265078982,0.0773703531320778,0.0551385174803465,0.101042075426555,0.0987334943608445
frank,100,60,1.86088378090335,0.2,10.286942785506,5.58295633710806,1.23453689888234,11.8578710276497,10.0311657708077,6.08521689089227,3.75935853947078,1.60844627823086,6.86447616161695,5.96008719452623,9.61069500541982,5.85466219122648,1.29683179396382,11.9866590921409,10.4453681041334,0.0587093415585654,0.0373920366991171,0.0146401357571004,0.0691572858623393,0.0599672874706262,0.0564871669126509,0.0281243879327626,0.000737132440999813,0.0646206407506464,0.0545184348890006,0.0572733435721128,0.0178858977348422,-0.00704274136377985,0.0529593372368407,0.0466210099365178,0.0540708760756935,0.0287960636204761,0.00522166461221774,0.059917115993389,0.0521980790484298,0.0547948293007167,0.0303329308472306,0.00839097700379794,0.0619257747410132,0.0529419637610707,0.0567034830121227,0.0378066582710916,0.0138106797477446,0.058155876679246,0.0581904660695735,0.0546197860245368,0.0264283738749095,0.00223015319184821,0.0581267916103318,0.050768308844419
frank,100,61,1.86088378090335,0.2,1.10301025970576,2.43100852187297,1.52149981713551,2.8397767499943,3.13098114060738,1.54084079743148,2.19803855417498,1.74801655783916,2.40106401686116,2.54459444387788,0.82030279741191,2.60990370102527,1.93859854092041,2.69206663515902,3.18860193329588,0.014330684058411,0.0179413393149652,0.00926088987430848,0.0234799726281642,0.0244291878909371,0.0079583071535925,0.0199499439718079,0.0145060320827312,0.0181862660297931,0.0216895129458926,0.00598826293626868,0.0142150333414494,0.00864165646851462,0.0161923658838329,0.0181011343768468,0.00510883512381759,0.0108915385601662,0.006022490671334,0.0123226859668159,0.0144349646727043,0.00450015835606374,0.0104190148930334,0.00394368807899666,0.0160401437452875,0.0166726960787691,0.0136598732781319,0.0213810426534907,0.0151496362054272,0.0241409174109503,0.0253660609463231,0.00100199417599028,0.0107713615383203,0.00659930727223209,0.00953683895074262,0.0118901697323937
frank,100,62,1.86088378090335,0.2,0.979528050346492,8.14630155963447,7.53674394555286,10.3855570148287,7.56674275785838,1.48132036003475,5.02629801727242,4.72420030362757,6.13600663499932,4.74149981764676,-0.0993112997405157,8.34086764656244,8.54736971973855,10.2974585521679,6.63194574305901,-0.0186183593614532,0.00673707110488918,0.00932639290684727,0.0255856266607665,-0.0050525741113132,0.00779849180658547,0.0393808744647078,0.0347003701105794,0.0569385857304899,0.0395598203992929,0.00870027161537068,0.0445941083233539,0.0415335885063405,0.0542842889292521,0.0422224322007294,-0.00566443071964544,0.0435663273627647,0.0422740145274369,0.0505909243953997,0.0329796847787324,-0.00434457364527738,0.0369849826891689,0.0366994794866217,0.0435637882292947,0.0244674808490589,0.0102622962394293,0.0489226770400084,0.0468662234563801,0.058616265761939,0.0448914625305204,0.00160328060002608,0.0428956510062183,0.0405029819310552,0.0508950375653662,0.0355567110857685
frank,100,63,1.86088378090335,0.2,10.1669241485015,7.09387943008025,2.89996749499273,12.8076380078197,12.2676243573146,6.02663277813761,4.50542902568583,2.42951952702265,7.33444088354785,7.06689624512789,9.13340049094813,7.77779927298086,3.80158714131989,12.949858868963,12.4350031450618,0.0574972770961664,0.0439763070346392,0.0224184235601106,0.0739249102176341,0.0695648333222139,0.055783242624556,0.0434253899204621,0.0224757058968708,0.0698198039263929,0.0681717397072785,0.0549686621196297,0.0383100242408248,0.0177336948541852,0.0633825489646897,0.0628195818598219,0.0545705716589894,0.0365819399884184,0.0141671648361838,0.0668476630575648,0.0645497677277203,0.0542043318317428,0.0355510261484031,0.0142721522217175,0.0647326494189709,0.0628816615050409,0.0477434173251048,0.0395695852370836,0.0228963635931071,0.0737768354147613,0.0623834210013514,0.0523440405955716,0.0370901222999449,0.0166140953654023,0.0641061564738014,0.06139074567667
frank,100,64,1.86088378090335,0.2,0.20832044865592,-1.30293920319154,-1.97709341062657,1.22643978647752,0.0964308702131746,1.09815256352511,0.350093398216381,0.0164998326214903,1.60224191539113,1.04303751170199,-0.00866344985291612,-1.03380825458269,-1.68792054025587,1.23331340740496,0.121068953931571,0.0106492074784265,0.00331488927442396,6.16602302380775e-05,0.0160658648074098,0.00970316616300464,0.00880055934397366,0.000966679467013294,-0.00240107738747206,0.0144671432199817,0.00821342086226596,0.00360278502915329,-0.00416095449181607,-0.00600852621116626,0.00945535298190272,0.00407127711114048,0.00483314128648321,-0.00680245316041582,-0.0105699344245191,0.00858555517497603,0.00354072966530678,0.00469629891156333,-0.00383021928047869,-0.00575944291623902,0.010652431587591,0.00371348136238467,0.00539436682765594,-0.0178270291605379,-0.0189729972671146,-0.00720293061468017,-0.0158726396406802,0.00297982851881213,-0.00547942895774261,-0.00842234449294864,0.00605740137207573,0.000579636824727221
frank,100,65,1.86088378090335,0.2,2.54110984044547,0.0970954829098694,-1.44974754456662,3.41647298863543,3.55721424677169,2.25208080054734,1.04178262653479,0.27623167748038,2.68553895369973,2.75453499404611,2.35372055569088,0.817844823483219,-0.670143384922953,3.68445784064723,4.10781368563213,0.0212899660085802,0.00601625664521996,0.00122724367760931,0.0169767785504166,0.0228106159578773,0.0086443147025804,0.000640615476007055,-0.0048549874847528,0.0119248111814222,0.0124329049518999,0.0122789190696778,-0.00135354322890487,-0.00967388805437116,0.0172425888139776,0.0169251733810375,0.0177121770206008,0.00652252385346192,-0.00139022578062745,0.0216182017226361,0.0231152799896661,0.00896238725921635,0.00398184058634342,-0.00238661764396975,0.0174904822185079,0.0200495125058329,0.021957666193513,0.00334924566866518,-0.00760834053562054,0.0230926802028331,0.0233811486695221,0.0129791913823697,0.00120609664475825,-0.00611717055642572,0.0168098402124475,0.0188850362240612
frank,100,66,1.86088378090335,0.2,2.80143988056825,4.12635643980419,2.18012155482416,7.56300062355807,6.32122325279193,2.38146175166076,3.03682698057103,2.07399879390835,4.7383999732084,4.123114269709,2.16582575656804,4.4602755481522,2.73374262203328,7.70387678972585,6.433484928169,0.0239563947178852,0.0254846560393683,0.0142955019624138,0.0412774131601572,0.0368009375011476,0.0154090786498363,0.022118848810114,0.0162761830783132,0.0277220485109561,0.0312850776450053,0.00921395382527315,0.0193024635508805,0.0100672100883169,0.0353499114464925,0.0300385683389063,0.0154267347483032,0.023391985227443,0.0127931122794891,0.0402290175129866,0.0349312254557922,0.0205378859754252,0.0224725355866159,0.00872254318613762,0.0422155040899697,0.0367115465010761,0.0229373954667095,0.0215943625156498,0.00503652034038499,0.0439099010503477,0.0393091053769268,0.0123287663584484,0.0210828963294964,0.00990896389163316,0.0383909429029429,0.0326025363665204
frank,100,67,1.86088378090335,0.2,9.17445044121471,16.6913747058746,14.4415647368648,15.9426981929236,16.6951744339733,5.53553982145019,9.25675255585863,8.1437607984346,8.8861710489511,9.25899137072376,8.63993858272361,17.0261954273131,14.9906764186816,16.0818526577426,16.6366975806404,0.0541949943720805,0.0761654103778625,0.0520573880600087,0.0806964311385947,0.0716366415625443,0.0502535890671905,0.0766111674719781,0.0643933101120776,0.0712835063955484,0.0738229354462461,0.0500583766518134,0.0871225599214591,0.0734538308326668,0.0853839494879963,0.0896148791434312,0.0507169510584799,0.0879988100235424,0.074409549883057,0.0852856746947907,0.0878403367139849,0.0429702420680085,0.0874111813379724,0.0766420678090614,0.0812747523884855,0.0835026568648676,0.0539927207698186,0.0909367416611406,0.0812089082880447,0.0855136717291217,0.0875633042064431,0.0449299114300961,0.0823635017497477,0.0703030387802629,0.0780292889045568,0.081652293277945
frank,100,68,1.86088378090335,0.2,3.81186809097202,7.08151488439242,5.20890518509228,9.85693270046724,6.68428216936667,2.88657158397021,4.50086148061315,3.5738036306152,5.87493401112176,4.30613872633356,1.25443344024487,6.91643690722724,5.74661407627873,9.57581819739487,5.3424061522012,0.0167332903733255,0.0116063602285425,-0.00743083291129626,0.0449048285098273,0.0101346304741368,0.00183341368108507,0.0223095505194895,0.0132114921395832,0.0386952148593643,0.0215584456393739,0.0159628867359293,0.0364087269253202,0.0281296851427546,0.0507815017207166,0.0325553503569209,0.00889380229060564,0.0347987630617376,0.025819036895741,0.0490213087270194,0.0290434778280137,0.00335424584764736,0.0337247535229396,0.0245071170522488,0.0454302302633877,0.0247584350343935,0.0276439218679391,0.0446130024115912,0.0351796664488522,0.0588563120637014,0.0357531603273699,0.00908372162118164,0.0358435862432232,0.0275904734310558,0.047133725080167,0.0285828334556597
frank,100,69,1.86088378090335,0.2,1.59011323502857,12.186776020584,12.7495024005164,11.4053939013517,10.3921695599203,1.7827284766747,7.0264240580764,7.30514077658182,6.64051751658679,6.13947176803995,0.72735826257799,12.3276837395254,13.6524361646225,11.4272098550857,9.66393046535238,0.0174915347499849,0.0670286112465582,0.0627111509381025,0.0666846134659277,0.0614054117883359,0.0155084916412217,0.0647006679209268,0.0664622467801348,0.0565343992058308,0.0532871249087597,0.00619427834174958,0.0526622705998102,0.0527122973321581,0.0510091650315507,0.0449859222444387,0.0105002046295909,0.0669209668818004,0.0681247099321874,0.0629728020243078,0.055434655198874,0.0125404020375745,0.0675719716891888,0.0693193806364246,0.0619980055795745,0.0572332589490967,-0.0155567750408618,0.0369012881744007,0.048678142828218,0.0209117593883445,0.0342249321015859,0.00875840250634858,0.0654491513675035,0.0673813928871119,0.0602228969620795,0.0535702622691024
frank,100,70,1.86088378090335,0.2,11.7505223190851,12.9433701966997,8.78252277859737,16.1958874769926,16.3548026829713,6.81196002768305,7.40118291813309,5.3418796685458,9.01162295179256,9.09028363219949,9.97252266713373,13.3350095476423,9.53558961916338,16.3079182846179,15.9927713040077,0.0423617599624389,0.0745387653869341,0.052713894302964,0.0821110634073982,0.0866713795937663,0.0651706819699165,0.0740096922554457,0.052917543817923,0.0864990134514495,0.0905623838266052,0.0532801667274208,0.0667692792097904,0.045716687103996,0.0815663123580974,0.0800756453722002,0.0585451712367632,0.0661690234412919,0.0448366224043063,0.082803482003714,0.0814983870415839,0.0516261377691624,0.0667639581679597,0.0455989528990068,0.082544301290435,0.0819487844923838,0.056321084422178,0.050819361117865,0.0208411161279881,0.0840256444860433,0.0697271345226382,0.059052971261334,0.0682981560600068,0.0468388850671843,0.082414466465059,0.0842829322300274
frank,100,71,1.86088378090335,0.2,0.685450121709942,-0.296706001704673,-1.11577962032382,0.401396842866327,0.231244935713814,1.33619713696251,0.848916992666795,0.44361818771956,1.19450988390872,1.11051608550328,-0.0923148046944742,-0.375823025117534,-1.09243446961766,0.125029407241938,-0.0523829384516192,0.00513191965364649,-0.00865369789707763,-0.0147119645368755,0.0039877942928708,-0.00407138577442546,0.00305993431428763,0.00325613290046181,-0.00140633853866756,0.00731795400195196,0.00773806829190725,-0.0111496658552865,-0.00384714465683791,-0.00173731456456006,-0.0051005475781316,-0.0102374640167903,-0.00051962761919824,-0.00213589554508613,-0.00633831766605036,0.00194074639183979,-0.00118137879837267,0.000184369196005957,5.76796487257525e-05,-0.00555847263054205,0.00606407166435344,0.000151019218631911,0.0126534775859723,0.00575553587048625,-0.00043968958854614,0.0120067292288144,0.0110449240380681,-0.000169180112537385,-0.00218811123052392,-0.00692711991520218,0.00153375177266806,-0.000516639863277704
frank,100,72,1.86088378090335,0.2,14.252528652108,19.8818104768644,15.9588120442192,19.9239148567535,19.7542348750795,8.05063691496021,10.836580924128,8.89469196560633,10.8579546147666,10.775420570566,12.4736630002889,20.1577155853434,16.7255571574348,19.6657563626252,18.9201494152753,0.0598760634527386,0.0818650337085998,0.0565970625226051,0.105751658825114,0.0726976282577985,0.0739527006078311,0.103405092285005,0.0833159526344424,0.102706401288877,0.10138386357356,0.0655412069698264,0.0978984812895516,0.0804662812448966,0.0920162009187721,0.0883182897102455,0.0694377872733415,0.100073513456616,0.0804496669337275,0.100371327449558,0.0954966892542409,0.076024201665753,0.0973034567692921,0.0720819123073238,0.100686472777994,0.100806510252209,0.0779700202513442,0.109031685435007,0.0846348202981396,0.108005989021341,0.108611085515268,0.0684308604704534,0.0999671049177998,0.0808064777600803,0.0981829004515654,0.094652328930781
frank,100,73,1.86088378090335,0.2,5.57943930051533,7.54746080162455,5.6140483329053,7.05461526915746,5.93151254523638,3.75883336916128,4.73265913083489,3.77549365558622,4.48884488191884,3.93383310503629,4.19601371984526,7.15499490813309,5.65650519879238,6.41957259705572,4.967637938312,0.0360456223608148,0.0462953066201186,0.0359039337075737,0.0449682921385273,0.0389350119828746,0.0301543266761894,0.0425372442076126,0.0344129267317392,0.0355739927077153,0.0280732378493076,0.0225138956644987,0.0286778350869742,0.0206712770197276,0.027670242943987,0.0162336117762703,0.0258887437155993,0.0368931485330551,0.0262797776026604,0.0352007787435326,0.0292943201054879,0.0229689579956273,0.0318322035749575,0.0204559427388606,0.031995804181822,0.0213627746700767,0.00681677586746524,0.0355638551386268,0.033522286216267,0.0323413644670101,0.0089287225997364,0.0215896665568416,0.0277380692234811,0.0177185834692248,0.0265310005520804,0.016750595621325
frank,100,74,1.86088378090335,0.2,17.053040758334,13.1763536140044,7.524851435247,16.8103370101939,17.4314320829233,9.43621684314895,7.51757830464206,4.72028989568317,9.31670624999567,9.62392701871658,15.764307090696,13.6304843047679,8.01495858380729,16.6491469763129,17.6224520610939,-0.00654001991538272,0.0368450330761937,0.0251752586583721,0.0403855687036118,0.0544163078675237,0.0848980897831087,0.0650736795005901,0.0341931672287065,0.0842497133960457,0.0856493343652957,0.0846796756185808,0.060699185552533,0.0331881338540717,0.0765897141960381,0.0802210799142368,0.087260104162401,0.0647432127498906,0.0373210113192377,0.081943557094032,0.0856305024990401,0.0818440063359052,0.065043250959934,0.0372516303758474,0.0803038879455127,0.0855260845538539,0.0687415538558002,0.0445142934407795,0.0242307435760852,0.0798564063517003,0.0669572171189062,0.087274835360527,0.0666573097826754,0.0366065764187036,0.0856200396030005,0.0889079578130647
frank,100,75,1.86088378090335,0.2,6.09101350802359,11.7114594930306,10.4626384381705,9.31143951019162,8.12343213985918,4.01302493998191,6.79372097690711,6.1750723834518,5.60607397452735,5.02049908575999,4.55371337788005,11.3367649910773,10.5399697608547,8.56560785252206,6.69212074148917,0.0329372385323793,0.051464137227643,0.0353638528361651,0.0444897002776829,0.0484278951453719,0.0190686485916501,0.0476641137824716,0.0453243248276266,0.0280686679790493,0.0193723587948206,0.0312693617389646,0.0594215727969278,0.0521416358945448,0.0488446557980709,0.0342090301466881,0.024847681013492,0.052399903490823,0.0483716952012684,0.0411052018393977,0.0299804502408036,0.0245187715557933,0.0588152471910511,0.0535761598593487,0.0454005798708432,0.0333743295386037,0.0355483131079972,0.0656206449374135,0.0600799084616891,0.0511593589603551,0.0502590099592893,0.025613759256282,0.0556515839558835,0.0493205107005586,0.0448869008261683,0.0340578303970533
frank,100,76,1.86088378090335,0.2,2.89340681597122,13.128722104825,13.018381278798,10.9442661164748,8.90509596033626,2.43079948006417,7.49466396112841,7.44002060820102,6.41393141403376,5.40498272857092,0.868221710307065,12.4399149637359,12.9965211658806,10.4134495531694,7.48721161343785,0.0229169493955287,0.075582870927926,0.0745066554726339,0.064321539963874,0.0539723753226541,-0.0258932637591663,0.0276084628356306,0.0376524141971561,0.00444939935591113,-0.00242742402503206,0.0112499686708388,0.0667234751895237,0.0637853793457831,0.0536584280193028,0.0435796967707305,0.00838393134588376,0.0643344760352993,0.0627026257516443,0.0527281236930369,0.0413652426843443,0.0108720399127355,0.070300354135034,0.0698568149685672,0.0562326767130696,0.0456365634999051,0.0209500536611525,0.0399518995159422,0.0258642555939756,0.0325324055457887,0.0397437602621551,0.00877865436202058,0.0644943196990379,0.0636918302407394,0.0521077991198603,0.0413102356281862
frank,100,77,1.86088378090335,0.2,-0.442412107002588,1.66416284550492,0.875377559216653,3.69247250106546,0.559406507542541,0.778280437150222,1.82079544668526,1.43132937087789,2.82352227669689,1.27494228975358,-1.42508952447091,1.09845350908038,0.448447927597437,3.46099312591176,-0.479776523892181,-0.0408367627260716,-0.0292523677035365,-0.0226512154717764,-0.0331351648508985,-0.0685049676007587,0.00427784498367888,0.0130084040219551,0.00722336841679222,0.0254062826884659,0.00717488204457249,-0.0248658480189545,-0.00722863427119848,-0.0111191297212015,0.00971504289155319,-0.0368210317052445,-0.0068719510203967,0.00872549961759147,0.00478650295691298,0.0196569182147906,-0.00199374540410392,-0.000540572449506856,0.0146271370866651,0.0109243543698999,0.0208337086242676,0.00449812578228053,0.00363336732045097,0.00378604122477677,-0.00849158619317164,0.0253359700767654,0.000776831755259906,-0.00737013653461576,0.00300069612106335,-0.00245011120098602,0.0151784082658569,-0.00548635550393486
frank,100,78,1.86088378090335,0.2,8.31139957838642,4.67381546637453,1.57200396371349,7.0367640717419,5.06573946703514,5.1105836703283,3.31083613416331,1.77513494329967,4.48051362831901,3.50546921285399,7.14421273982339,4.31600628867028,1.32849593803413,6.29094506521198,4.41246972976821,0.0480308952407848,0.0333664388608131,0.0169323819858128,0.0444630520757973,0.0349406391975113,0.0328534408611628,0.0197236147595951,0.00808386107101012,0.019969080818818,0.0141631321324578,0.0410706408156699,0.0251448475955996,0.00829412317593478,0.0355253167028937,0.0259419609596641,0.0404475570519899,0.0221359143498359,0.00440792350001783,0.0348418616821123,0.0235632605868027,0.0372320225546997,0.0251305149320776,0.0114691555521869,0.0344940254728001,0.0236472659567544,0.013830978149708,0.0132698337584597,0.00597105649842887,-0.00376249993596748,-0.0195012695130357,0.0420003025345234,0.0231045131606867,0.00773889139488378,0.0353220070646507,0.0228281277363002
frank,100,79,1.86088378090335,0.2,7.76115808266878,9.77016764034422,7.57271263351283,7.52561331911022,8.52616785375975,4.83730772861761,5.83245564270011,4.74470804558618,4.72145940718348,5.21709978258133,7.45588340719281,9.64406505197994,7.51849134547825,7.05582347865839,8.29758782454084,0.0486541582877502,0.0550981712062641,0.0421606677238454,0.0382425190165169,0.0520940992109872,0.0342976129399094,0.0350985085512856,0.0177234557747883,0.023950881394306,0.0316408782126768,0.0402529178189488,0.0528401343442463,0.0428003510101434,0.0400374945575308,0.0451030759960408,0.0357561181904472,0.0479633390984857,0.0389255438597843,0.0337771259330412,0.0382936135097927,0.037740349041737,0.0520951068828959,0.042050687614854,0.0399876946410624,0.0417230440227634,-0.0765737748262373,-0.0111450624931788,0.00981860937719423,-0.0554551498439732,-0.0802548216425787,0.036491578512348,0.0443945143122859,0.0337873347014289,0.0322956849838098,0.0373861668979778
frank,100,80,1.86088378090335,0.2,5.11195489343263,0.143243958830283,-1.48970972199217,2.12802760724387,3.57524252939603,3.52523679237023,1.06503905973785,0.256374055231139,2.0480422251546,2.7642975529737,4.87452696952321,0.783252391393088,-0.800710493635345,2.25958534584195,4.04679594276288,0.0135968611440677,0.00540030712070301,0.00160760500658719,-0.000122624030893721,0.010196649108805,0.0279625965883281,0.00655472257088417,-0.00103941513540859,0.0155233249290787,0.0226370333514202,0.0315936890447959,-0.00196244158442692,-0.0102189704122707,0.00857783019201477,0.0165747132900966,0.0226824152953274,-0.000940476428142575,-0.00846788565699356,0.00817798354480368,0.0166136029889909,0.0241655150508354,-0.00338963287719707,-0.00816933371597302,0.00739980043836029,0.0113824260813847,0.0316161499917193,0.00786097283794099,0.00114005083905699,0.0169497844231818,0.0209504464904788,0.0249836201176642,0.00180366198734305,-0.00542816948107341,0.0100562799354449,0.0177496854852176
frank,100,81,1.86088378090335,0.2,0.539599325924963,-1.35038140898242,-1.80470666319064,-0.760806270692057,-0.734632655343869,1.26177633663872,0.32744399177316,0.102313709664107,0.618849723958368,0.631665813600582,0.487741275651162,-1.50681693082734,-1.96278017150056,-0.887363754889022,-0.711736734747522,-0.0695575252472051,-0.0553762569117126,-0.0343773794275666,-0.077791757307157,-0.0765469717955222,0.00651290366445502,-0.00870229496685102,-0.00756837718164874,-0.00465544265813736,-0.0024851039132152,-0.00169663583442278,-0.00549629057439976,-0.00628664449219703,-0.00413420632322145,-0.00424577218830291,0.00760664483676984,-0.00505357168266559,-0.00771912023127109,5.57221752385995e-05,0.000246117290634229,-0.00842180294962745,-0.0113896868037256,-0.00873118945986783,-0.0148015261941779,-0.0145522933377157,0.0126049722065762,-0.00051588875907838,-0.000767744853883132,-0.00243423144424646,0.00296335655685312,0.00339972795213307,-0.00830451224706975,-0.00939154920136353,-0.00407391419514097,-0.00390290261687989
frank,100,82,1.86088378090335,0.2,4.29342384438809,3.12649318169031,0.769649722522418,7.01145857540195,6.1648747003792,3.11978986181629,2.54214085773605,1.37624649991918,4.46499197886004,4.04590312008425,3.62708845008645,3.5172111913757,1.19331257690912,7.31516440442437,6.32246714756512,-0.0509477497222317,0.0117820646487916,0.00631377112761566,0.0285478088773376,0.0155686653814109,0.0246845087172473,0.00883152215450925,-0.00598179778376232,0.0314334931985732,0.028726333587606,0.0230456260277172,0.0190730765044787,0.00465604769537841,0.0399350407070606,0.0353597354929754,0.0234178414346431,0.0171912457743089,0.0053386382770423,0.0370710769474439,0.0330245297647533,0.0210950460360228,0.0104052998282221,-0.00296607538783664,0.0345992607668439,0.026956348803726,0.00591490931802073,0.00505083256439231,-0.00645070704335959,0.0312807483886927,0.0194211368103758,0.0231793671897646,0.0165668752748803,0.00285611355848764,0.0361316739023615,0.0325862704267433
frank,100,83,1.86088378090335,0.2,2.61137300950908,2.71761118914756,1.29135967146709,3.64691110235467,2.78528384417861,2.28890794800179,2.34155968135336,1.63623265165333,2.80101104388398,2.37462945805268,1.73452511925445,2.40910308396234,1.01181127349843,3.39864998079907,2.48433373268575,-0.00709722047956758,-0.0466076993960135,-0.0517755347561141,-0.0515670604611925,-0.0393455337443708,0.012192923839442,0.0164770084955516,0.011238034055602,0.0107970029173275,0.0165021440179063,-0.00138670345867581,-0.00173486549564351,-0.0103376487854386,0.00072290241621384,-1.71324489586344e-05,0.0120346815951038,0.00756034778939561,-0.00429443371472275,0.0176465638191298,0.0107561961699899,0.011608261784768,0.00672681767942898,-0.00295193516296384,0.0116324544049932,0.0112585721222116,0.015253143519769,0.00173556958553764,-0.0265274792043587,0.0228407356648028,0.0227624561918868,0.0133563056503842,0.0108801488063044,0.00195358158891695,0.0164937577764765,0.0131684910512511
frank,100,84,1.86088378090335,0.2,7.95739301156518,16.2253309249663,13.7894075042315,18.2761468636922,16.733918673686,4.93462475608615,9.02604062031646,7.821306194326,10.0410697444914,9.27769973370736,6.20305839423148,16.1736909602025,14.2077094184174,18.4910375974638,16.0652478817953,0.0496155108006663,0.0806012659905807,0.0609302080542486,0.10022248667323,0.0897687030065999,0.0433538374180949,0.0794685222119742,0.0608388614205369,0.0956329321575464,0.0851078293021936,0.0392293251561311,0.0721546596214954,0.0580947832608491,0.0843675138642987,0.0786780483450117,0.03737606158675,0.0814687835398761,0.0685292128999007,0.0925692816387104,0.0844659501553102,0.0335059301368054,0.0754387938746977,0.0615341567935521,0.0847248579347811,0.0776037440976944,0.0256912557413238,0.0779972402658165,0.0721912178694703,0.0807672946504401,0.0691637329148887,0.039427688817837,0.080453608071354,0.0642677450842245,0.0918247844176259,0.0845118444801488
frank,100,85,1.86088378090335,0.2,2.49193160329576,0.357649897881796,-0.934747675459465,1.6683403223808,0.723661092475468,2.22832327615902,1.17407811335672,0.534723821031245,1.82216091842947,1.35462322973236,2.15460463043098,-0.0868594504802132,-1.42152187383376,1.20398638607248,0.459406598137393,0.00467473976964992,-0.0561127195104488,-0.0627124550521316,-0.0324655270681146,-0.0660996864742519,0.00368588733244658,-0.00371777151528667,-0.00827996851126417,0.00428784984557697,-0.00265578962332088,0.0138933566906996,-0.0002725349391553,-0.00711210907744415,0.00870896106046103,0.0021561808221548,0.00598146485619833,-0.0100356624333708,-0.016372328810517,-0.00124932404293807,-0.00489709662635748,0.011270132506871,-0.00467063379335571,-0.0124712846354099,0.000687264585011269,-0.000337677098734235,-0.0038127794100627,0.01080619008898,0.00497624997850112,0.00691568487419144,0.00292441097212303,0.0122988173693282,-0.00551406802952387,-0.0123670721421087,0.00315239047680773,-0.00292262166817479
frank,100,86,1.86088378090335,0.2,19.7744891030207,12.8670027924851,6.88171039839407,16.1352043980067,16.7319573554753,10.7863569570698,7.36455988544143,4.40162055681915,8.98243429214441,9.27900649463337,17.2129907050616,13.2051002200087,7.27744213750114,15.9620770937616,16.4445105380581,0.00348717657286003,-0.00984074849870218,-0.0169227429951542,0.0235278932110434,0.0120047820747318,0.0965785822352311,0.0603689667096785,0.0313547327258701,0.0772200837145605,0.0759898392210782,0.0949976056991284,0.0630380360385973,0.0323084638610613,0.0774882190903952,0.080456331851856,0.0914216135527161,0.0644913800481325,0.0348675867543926,0.0814550780189619,0.0821312959998377,0.0957559760903657,0.0582661293057658,0.0311654000531715,0.0762473125558822,0.0748793185857185,0.0757396603246664,0.00637500443906498,-0.0203113930785065,0.0355252506163391,0.0204806795755286,0.0911890102607721,0.0618867209441953,0.0329470546393447,0.0777349637805109,0.0774007718015923
frank,100,87,1.86088378090335,0.2,3.25644094601673,6.81242503226319,5.36472443435063,8.34968606184947,7.99222511141604,2.60845252824572,4.3665143976787,3.6503834391662,5.1277646744308,4.95080374399877,1.95806236026948,6.9401139372468,5.78840161115543,8.45746727610806,7.6336434700707,-0.0262325945186962,-0.0138138799165192,-0.0211847088256042,0.0154959508249721,0.00404802246977805,0.0126182727535432,0.0356037833445935,0.0235964660041235,0.0450567558298436,0.0429149994059383,-7.8827592703361e-05,0.0334898433597963,0.0276926512301108,0.0402358015297176,0.0367589950136399,0.00643149656558536,0.0333029736296455,0.0258168947921951,0.0401944412579075,0.038141127727541,0.0111959130988086,0.0319985107156551,0.0243984649932315,0.0404650408563436,0.0389082801079655,0.0220771074634983,0.0385988023582339,0.0309211137896714,0.0480031588004781,0.0400001301990957,0.0104779862796689,0.033105696616309,0.0242698549250087,0.0405201634135412,0.0382701843489787
frank,100,88,1.86088378090335,0.2,9.57653235140816,7.48593692862381,3.72104765071829,11.2658691822362,11.303991063055,5.73458764420917,4.70026878622444,2.83741265062801,6.57130969857633,6.58989464505756,8.65110730863966,7.86162319707407,4.05107456052901,11.4148152992859,11.5785688053028,0.0493472602836846,0.0217055377599754,-0.00828586998075256,0.0617114329013892,0.0484536126376123,0.0410484826329175,0.0278811676226611,0.0120843339680451,0.0438715969293518,0.0409453873624507,0.0482237540860819,0.0289290138254417,0.0110449772699351,0.0504179932049578,0.0494852635454337,0.0520533204666121,0.0375589921111957,0.0142329296925415,0.0600926726560208,0.0585914477206179,0.043560726901421,0.0372062803054883,0.0161179302771272,0.0569845481258478,0.0549077384823828,0.0474288746805379,0.0395496536808352,0.0244238586295629,0.0521715177976137,0.0505291097988362,0.0493622637812803,0.0386324012187633,0.0182140541901674,0.0568074706603828,0.0581010322163016
frank,100,89,1.86088378090335,0.2,10.4495994085576,17.0348900274619,14.1569059246902,16.7430278093352,17.5877824078185,6.16789482296782,9.42682496008643,8.00229341112819,9.28348260386912,9.70082996504453,8.86198815825808,17.2582321580885,14.9116991966708,16.4659335793458,17.2001541673412,0.0532099624057371,0.0431448460236029,0.0277425358476699,0.0367649143045805,0.0578529839412023,0.0521517270429905,0.0868078237292407,0.0688206043043762,0.0878950274044116,0.090370782812781,0.0586970935514727,0.0912979798372471,0.0743094190822112,0.0897401025813496,0.0945138931474428,0.0501523003280766,0.0880464079747605,0.0737696963284205,0.0838986734445289,0.0885492372140699,0.0474710431451284,0.083371314657159,0.0711460899253445,0.0740224387676322,0.0825659732380748,0.0523200988855208,0.0938552359086347,0.0803812324144964,0.0867134143769979,0.0936605675195955,0.0502069806662898,0.0864285860692628,0.0721807216267011,0.0820847817366872,0.0880293213505402
frank,100,90,1.86088378090335,0.2,12.5339621696062,8.80108684272137,4.3897530032166,12.2166934235736,9.85162796451734,7.20042296731784,5.35311610951476,3.16976828486037,7.04285077887882,5.87587081285102,10.9145813341011,8.80417001136486,4.46255708967709,12.0493250870492,8.69783355781128,0.0726449929130723,0.0342176545870031,0.00202560150448087,0.0694768112721846,0.0370353857520216,0.0544488451805477,0.0403247900909637,0.0165934538967298,0.0633172481331605,0.0410159609231867,0.0579161189019109,0.0430009439440946,0.0223980558166591,0.0575459375923722,0.0382227149803095,0.0591457115118305,0.0372282202324087,0.0166820678195534,0.0558880945858028,0.0373120572327682,0.0682478087960634,0.0423739046559284,0.0169985569503155,0.0624785618175209,0.0430077413059723,0.0698260734036074,0.00603567858122905,-0.0262504085512581,0.0482829556448194,0.0353198871937559,0.0561746031239456,0.0390537091648624,0.0167477211816206,0.0587284636856805,0.0376864814087223
frank,100,91,1.86088378090335,0.2,8.4801772689383,2.34146901392987,-0.659391116068038,6.40408750269703,6.38992747765462,5.19160975935853,2.15449748302743,0.669909864804552,4.16484576166036,4.15770286937653,8.02597905102301,2.67532520660706,-0.601051056298082,6.49777555883173,6.92037777600266,0.0372061988309131,-0.0475576937164763,-0.0621666237421602,0.0104786525148203,-0.000224031370040607,0.0469677274051774,0.00678906797349107,-0.0109967047409381,0.0281804817150775,0.0319586702570927,0.0460567231349949,0.0117622391679551,-0.00362254878806459,0.0325223271252481,0.0338164980316402,0.0458437103911254,0.00901879508967834,-0.00799807208069852,0.0322061280255788,0.0323205855266876,0.0345226082061547,-0.00274265987486316,-0.0170135352317312,0.018579118192503,0.0134464092718246,0.0356653387459917,0.0177946033929602,0.00603390058194175,0.0387483399892058,0.0354868336241202,0.0443783440983061,0.00643786183395989,-0.011178143718394,0.0294863091160043,0.0276193987782278
frank,100,92,1.86088378090335,0.2,1.84182682291271,8.87997238307633,8.97974197142999,5.27355289452834,6.96305255803968,1.90671965639617,5.38999660908688,5.43938000375606,3.60554500466645,4.44172758394206,1.38705937306551,8.91480664606211,9.43489376178332,5.17973038307635,6.61262230488973,0.0139481633945979,0.0543800072246428,0.0542932643659932,0.0363649605954903,0.0444415903884785,0.00293047537060815,0.0505166419842113,0.050737751933551,0.030439418319294,0.0388341659777473,0.00960543112417631,0.0476134323851029,0.0479902919075104,0.027289744482743,0.0364824432568042,0.00271057426777495,0.0409745700185828,0.043816387586902,0.0188753526683926,0.0281133962587199,0.00476870987073146,0.0456840385730772,0.0465431013805247,0.0261560893035804,0.0344326477401028,0.00173671495623118,0.0511642389574349,0.0535728836384458,0.0247125061270212,0.0331712106940581,0.0093929838581356,0.0440230354972435,0.0437823551440318,0.024685462666128,0.0338798023293513
frank,100,93,1.86088378090335,0.2,0.974305914121522,0.96520758901022,-0.571870282419747,4.58647737267301,1.85601141840522,1.47710945746456,1.47369216264011,0.714023084696261,3.26522861088774,1.91477987207861,0.601498183592811,0.971995075803611,-0.574672183752117,4.67568764213345,1.53943675361432,0.0135831372416027,-0.00924505786037725,-0.0315152277986686,0.0287209325183051,0.000793500436751711,0.00638571300196788,0.00940612791860204,0.000540670362473328,0.0264929347586783,0.0127085082168426,-0.00231791983849301,-0.000464637832791888,-0.0064399833463552,0.0188169956575001,-0.00536972905672251,0.00990565796707498,0.00316848372203493,-0.0089937304954811,0.0257960753179929,0.00926138097201465,0.00954707737306883,-0.0049763193597733,-0.0222246297600402,0.0225666183133122,0.0016346178229449,0.0137167361692036,0.0130343283418279,0.00219260538845761,0.0329197083584706,0.0174854842775417,0.00670208444289871,0.00373747906030668,-0.00631036776742941,0.0242062660188998,0.00764903675697283
frank,100,94,1.86088378090335,0.2,25.6074514221676,17.2384153047281,8.87118201166697,25.6364558124237,23.8781462347752,13.6729933645159,9.52793610953157,5.38607424634712,13.6851106044461,12.8162782525435,22.5532274517646,17.913232439242,9.74692327840668,25.6841639224123,23.2975400935359,0.107922144892873,0.0946054880931582,0.0543527899340596,0.136989148082452,0.125929473234257,0.101601796173567,0.0851388539987231,0.0458112569160836,0.123995409097806,0.105339367676813,0.126497051945287,0.0826894020364864,0.0410514246725424,0.128663919020051,0.118578711176842,0.123503577261611,0.091753139990457,0.0502829465735495,0.130105988491421,0.119884368158868,0.121774710924648,0.083501853997277,0.0437325521360117,0.12187781403185,0.107812380808267,0.128678493829626,0.0738722153454008,0.0287084480183451,0.134082444712311,0.105109094917887,0.124946785866964,0.0863219847396998,0.0441495362526558,0.129216045705235,0.116840295127388
frank,100,95,1.86088378090335,0.2,2.79146706882457,-0.447785492885193,-1.53502134462108,0.618168661419008,1.06169349482851,2.37648306369032,0.774155071103606,0.236246272363455,1.3014404351267,1.52082709711046,3.1010958707579,-0.430582433978744,-1.6704897820731,0.478234391278088,1.40191655723077,0.0239369348745105,-0.00576095302665749,-0.014945016410918,0.0129412572233654,0.00413480619733174,0.0196535020652374,-0.000973088883494674,-0.0116649066838532,0.00291517284670438,0.00916739608993876,0.0187192869694735,-0.00071401116128706,-0.00975562564168521,0.00424631826346657,0.00962816000966322,0.00898645838709419,-0.00617282533589623,-0.00879978561911106,-0.00222117414769115,3.10564203841102e-05,0.0152428872666744,0.00296285175630431,-0.000678592620825348,0.00718932235233437,0.00945084339674956,0.0100110772513722,-0.0105850874872139,-0.00919921217222429,-0.000830599448964073,-0.00023390152638064,0.012748665568334,-0.00657855108677464,-0.0118680575627856,-0.000345657840568887,0.00226911501088887
frank,100,96,1.86088378090335,0.2,4.6663342826315,10.1016461686685,8.31276758389471,11.1435368992923,8.44267466707158,3.30578874437257,5.99623326742437,5.11114560122837,6.51201320716409,5.17593954256939,3.35129837754342,9.78593113303423,8.46180578097942,10.847119993924,7.44568654723147,0.0331758980739545,0.059907709124811,0.0505987161309775,0.0651936003595719,0.052146542417939,-0.0181595411221504,0.0290987382386362,0.0228341625605118,0.0285650521107847,0.0186722284456142,0.0224707170721643,0.0522160534865632,0.0429758972951619,0.0561425327495506,0.0403397035604315,0.0203596136942942,0.0462257384925292,0.0379885907526137,0.0497865866388065,0.0333046451075449,0.0193969986743242,0.0487562574966458,0.0392221965943924,0.0532829297373061,0.0400438862163781,0.0322809295715895,0.0599455799830582,0.04856637250479,0.0652534482053898,0.0520621742667252,0.0234272013267099,0.0502703837238437,0.0402055170246848,0.0560128863265365,0.04051997566995
frank,100,97,1.86088378090335,0.2,13.0417469316383,7.92645224903075,2.82894215271938,15.1180515816199,12.3869009145592,7.45181205405244,4.91912971276531,2.39648738599398,8.47871910222173,7.1274527066078,11.2780213607106,8.29664803734768,3.25011841806048,15.0724252880898,12.2964540361936,0.0617057746609123,0.0469036802407715,0.0167595713427749,0.0853974225554352,0.0694573574562665,0.0613316275187181,0.0455861132898625,0.01351783104793,0.0809578349518991,0.0682262635130231,0.0681911471454686,0.0411242934899999,0.0123972429530505,0.0778464334770203,0.0637093642085888,0.0664966163367111,0.0421879147197562,0.0162826662755099,0.0782193805345435,0.0642700776199402,0.0682819095288601,0.0397038023695676,0.0102578308239516,0.0788155910321432,0.0652582270080432,0.0677571708789048,0.0375669668243771,0.00806339103535171,0.0795585518030982,0.0501535004878409,0.0653591864097527,0.0391902273183561,0.012122790559724,0.0769451071313295,0.0619226654893475
frank,100,98,1.86088378090335,0.2,0.0379900095791106,6.80962885856991,6.71704307001456,6.91605308656965,4.70536068596317,1.01555310801891,4.36604547597194,4.32041647906011,4.4192548452591,3.32523732443651,-0.894369528945806,6.50060085561486,6.97010299983519,6.62077037725691,3.90404986077058,0.00913448652452506,0.0365435472765819,0.0291498732225856,0.0423659836773317,0.0311829359948755,-0.0328780449945889,0.0334626390433521,0.038354984326893,0.0266979077044966,0.00220729672468543,-0.0059575155545279,0.0295614860972794,0.0270709599567582,0.031233900479953,0.022682137383843,-0.00173520430777364,0.0328366638752381,0.0310592824827403,0.032728464162299,0.0208812251596398,-0.00493460637292639,0.0327501201866514,0.0283710130935803,0.0333517715507509,0.0209772064545058,0.00182442138730868,0.0439138414505681,0.0429271075590499,0.0445540575728112,0.0331006879431408,-0.00278496717969838,0.0347292058288731,0.0335036764368095,0.0348569387684138,0.0238743651222169
frank,100,99,1.86088378090335,0.2,6.76887661647591,1.87630687433849,-0.520878777811738,4.26699391595605,5.78726495743642,4.34342090894818,1.92356198521307,0.737593354915483,3.10663184427779,3.85841616137705,6.92105353284875,2.33202462229601,-0.311578264081129,4.49205626790984,6.59759777814361,0.0350849142049073,-0.0330792561437458,-0.034172381530639,-0.016094931110019,0.00882986900569975,0.0417197463270433,0.00289169315495151,-0.0125530956226182,0.0227278729786629,0.0296388004128515,0.0374506746178044,0.0134434999683501,0.00333019806195836,0.0242196498151174,0.0329303817791599,0.0378139820603814,0.00838186087984381,-0.0050163528789248,0.0191344594880339,0.030088401738259,0.0334946381826149,-0.00258763393226626,-0.0129463402345608,0.0110034325195863,0.0207446526970764,0.0382509975099072,-0.0229554294683285,-0.031181345936723,0.0106186848699184,0.0132187735870018,0.0382003502798739,0.0108889900993282,-0.00215499380858363,0.0230010815259041,0.0321076300277792
frank,100,100,1.86088378090335,0.2,20.5057246917507,12.6434712708567,6.26604363216462,16.6711229963499,18.0597342866836,11.1446930461588,7.25385876009062,4.09708509593038,9.24770125060033,9.93517137808459,20.0792252384388,13.409578978163,6.82583458928413,16.5475850024402,18.7159108287481,0.111920133928236,0.0382119721292321,-0.0170833650018744,0.0797594087433972,0.078799522974753,0.110506893840563,0.065963863290528,0.0336262079345276,0.082105109918441,0.0898600070257184,0.107332370524163,0.0668714608679881,0.0319379303407542,0.0863543989213204,0.0932987976371001,0.105455319174909,0.0618481736099982,0.0289620252506277,0.0836116059541721,0.0888661826264264,0.0980655543765106,0.0578088078086635,0.0257062649941978,0.0754720265229614,0.0850761198189812,0.111914894169446,0.0649956440869269,0.030472958311127,0.0905552599205098,0.0977486986402501,0.103120418755755,0.0625766479500896,0.0304586867490953,0.0819477009406602,0.0888694060026159
frank,100,101,1.86088378090335,0.2,3.84662741199183,8.53408728455843,7.42037685803207,7.40808544254973,6.79819177906412,2.89877819476322,5.22032887660568,4.66952074184483,4.66302155323818,4.36123986002813,3.29396785748427,8.28190050906791,7.49091120094013,7.02739936395751,6.28112674028038,-0.0213247704154012,-0.0197747604763504,-0.0111765281070896,-0.0195080089915521,-0.0465767434111297,0.0210649455341006,0.0486990790515477,0.0433387060482329,0.0415590895369764,0.0385161277039044,0.0187822908996548,0.0243970500497209,0.0132591888912074,0.0243599952634699,0.0162520994822499,0.0136938413891952,0.034172639588451,0.0284686125699214,0.0265903754221908,0.0247187718285939,0.0221733667466711,0.0479418678891719,0.0420878703778524,0.041997444615824,0.0380141026287601,-0.0809909952146587,-0.0466119374869508,-0.0252533234765709,-0.0689770258907879,-0.0889669866791175,0.0206313599169099,0.0390299034406291,0.030480202733908,0.0349791122141709,0.0306544225557455
frank,100,102,1.86088378090335,0.2,7.26525801104672,5.88270203210919,2.86683974998199,8.97457675609876,7.22143733423767,4.59311316826674,3.9077625455841,2.41492059084149,5.43852685545972,4.57122721722028,5.60679123579814,5.83316040060422,3.06110368516807,8.62890991801091,6.62446361835911,0.0278479254178704,0.0295181157024073,0.020832112946975,0.0321871501483625,0.0249147915899001,0.027614133267214,0.0238106694089561,0.00922037049415405,0.0420327272516366,0.0208654277886727,0.0355984378683434,0.0298844296997637,0.0164577500979632,0.0446315958402227,0.0344543902393593,0.0351709281751354,0.030163015156755,0.0141114928230096,0.0449261477197356,0.035667138534865,0.0371712441860893,0.0302046695694748,0.0168351057587032,0.0459886130336786,0.0349803952885411,0.0316607827344742,0.0334041092865696,0.0242827894838135,0.0269428288607083,0.0179488908690494,0.0353575371668746,0.0286503465093144,0.0132597103382255,0.0429665519519476,0.033944256902498
frank,100,103,1.86088378090335,0.2,6.20792624457437,6.98543812056575,4.65655981281306,7.91385687408591,7.22133202650523,4.0687884668136,4.45415837633433,3.30259589453598,4.91256420283379,4.57036628063151,5.09024522833915,6.69948720394299,4.34591577644568,7.84764434303763,6.8824215460417,-0.0238416043842949,0.0441188035842226,0.0295058254578689,0.0377052417743656,0.0281549595729801,0.0299723460681387,0.0305202861578232,0.0160618317870221,0.0319771841761827,0.0362083427836565,0.0328521096742621,0.0374246743623914,0.0267687147060236,0.0426244026801223,0.0373785948431529,0.022218387850457,0.0357900429667481,0.0236754982671625,0.0396631282128006,0.0335643488732108,0.0348998078521201,0.0396790425356324,0.0275114606895274,0.0457005628190865,0.0425771995295698,-0.0584179414503106,-0.064898721394797,-0.0692838106067806,-0.0215845760902431,-0.0281509570259364,0.0257907961333977,0.0348155974512869,0.0219553697556268,0.0407516344369715,0.0357608654914052
frank,100,104,1.86088378090335,0.2,24.7933005917861,14.6278079075713,6.662230834806,23.5122261837588,19.9799994094853,13.2696447118935,8.23684740009361,4.29413583422348,12.6338498450202,10.8890020627235,23.9936237907946,15.4129662251284,7.24998132691892,23.4615527895847,19.7028703524735,0.125556672490588,0.0803880848740649,0.0316433111569937,0.126722531749836,0.104718425578141,0.121352741156291,0.078373691317124,0.0369820329903451,0.124929013889134,0.0987171639894347,0.105684880804571,0.0699848542396845,0.0302901903283991,0.117979758902125,0.0852692136420799,0.117610194939099,0.0727387523260104,0.0320571602628726,0.118741288528893,0.0944791845907001,0.104915172235152,0.0650990706685351,0.0288533905260359,0.107503055785257,0.0811501038157325,0.133952951809859,0.0823620975231682,0.0431291931523093,0.127247889564292,0.108421772802078,0.122120772965186,0.0705463514579615,0.029584389471896,0.118452958371923,0.0928970057099418
frank,100,105,1.86088378090335,0.2,5.78664635191537,8.13314265516682,5.78810311607217,10.4267041932749,7.68974541285321,3.86096179067881,5.02152430795751,3.86076839857211,6.15655286622304,4.80502517086604,4.36825042527492,8.16643637766503,6.33278482908657,10.3111473249027,6.33936251723826,-0.0162132160983988,0.0147834050417347,0.00705657343837192,0.0299569675239028,-0.0485633573704248,0.0254715101218448,0.032128394659464,0.0226119390346877,0.0430952234530493,0.0206237948286791,0.0290141256927742,0.0358654769451769,0.0225776474968895,0.0463829124299308,0.0315154590262572,0.0279538052002541,0.0386796901918634,0.0274000399431575,0.0493754228484791,0.0308623938235646,0.0187044829970576,0.0303732979424137,0.0202938065316739,0.0449451405965131,0.0187079272719699,0.0322457917067743,0.0486978429751008,0.0378748987265753,0.0610607851406208,0.0436925728886835,0.0253308418168795,0.038016878716528,0.026813281181288,0.0493836066900616,0.0297074517388626
frank,100,106,1.86088378090335,0.2,5.11691552801415,10.6415839524443,8.7520264940891,12.7171138288426,10.5147239525291,3.52895955418928,6.26248483575399,5.32726185889279,7.29057338133786,6.20087696371436,3.67550112249264,10.7273017574056,9.4620130360146,12.5228025886714,9.70917819712296,0.031954503236509,0.0526519538407307,0.0442441927869693,0.0576498734188107,0.0447379067462092,0.0170873476639777,0.0482553120821165,0.0392605806317155,0.0561493425118535,0.0455363864561176,0.0252641032569161,0.0580837912894208,0.0484827571067422,0.0660291900589322,0.0557932952351056,0.0223464257806393,0.0559652289189895,0.04692197964743,0.0629191063410367,0.0521370426054556,0.0183127332724528,0.0536177071338619,0.0467520984060923,0.0588820863923013,0.0438494012785326,0.0146328444251569,0.0453288360091788,0.0394277065391631,0.0526897885575085,0.0201889597700848,0.023343261744056,0.0537587886393164,0.0440211189526048,0.0629395690298156,0.0510623134606955
frank,100,107,1.86088378090335,0.2,8.97156625902887,6.47940099532972,3.26189639740615,8.72824890251118,9.6665443022361,5.43666886313532,4.20238947411339,2.61007582683879,5.31579699434786,5.7795527462944,7.87217693534087,6.77350275785516,3.66766032080998,8.63128320290744,9.86574543961224,-0.00196267207720864,0.0244648655284597,0.0231900845991743,0.0105890262048149,0.00821017769709487,0.0375555568567652,0.0409158643975912,0.0239438323206093,0.047478165876189,0.0536751175493165,0.0328098028375493,0.0279168351636524,0.0145501796665128,0.0329182046834628,0.0408223661994696,0.0449052349151472,0.0323017452111698,0.0158174151934666,0.0415017002960448,0.0487223688858051,0.0452584672724537,0.0308549788043764,0.0115042737859149,0.0436837444879113,0.0485000723314185,0.0548556128674893,-0.00492402235139254,-0.0502065586337777,0.0387369034794179,0.0430857912603044,0.042597187344842,0.0326190345759775,0.0145931327043211,0.044078634615216,0.0495931488731147
frank,100,108,1.86088378090335,0.2,-1.57139040971901,-0.442409050266559,-0.508312624865053,-0.785923974829969,-1.44076138078333,0.218190293830778,0.777719016001243,0.745445030573919,0.607091488102267,0.283388012783789,-1.77410084958602,-0.977433120540577,-0.914836960051145,-1.16865896493697,-1.95276984733415,-0.0402445864046771,-0.0444499171309011,-0.0457287035933025,-0.0390837948214281,-0.0434188083023822,-0.00286899024428429,-0.00524296386804451,-0.0143174448889455,0.000229844617073398,-0.00824494199730231,-0.00781629047022289,-0.00974460070229903,-0.0165786298190335,-0.00587366331989105,-0.00987857008568171,-0.0178994989792714,-0.0144345674267091,-0.0141380399053478,-0.00890739135677977,-0.0189214779518544,-0.00749915819805085,0.000418236595436929,-0.00106252913972843,3.68271483900817e-05,-0.00497388235882019,0.00123436493510136,0.00260433940351706,-0.00437482405729379,0.0058325669336151,3.32291069677537e-05,-0.0110550475164571,-0.011153776686373,-0.0134185634390195,-0.00933614070569445,-0.0140453962088485
frank,100,109,1.86088378090335,0.2,6.54977003791486,2.76133476974685,0.300324610850454,5.11408519156131,5.74397855916625,4.23738542945969,2.36190287825807,1.14414496262421,3.52622589042539,3.83820309696705,5.98846470858142,3.13184057345566,0.580217678104124,5.23440091294427,6.06878687696235,-0.0141946954195998,0.00383199582883704,0.00228261867611938,0.0048987051060547,-0.00528597916786881,0.0384704013252952,0.0116427248854562,-0.0130540068959703,0.0265995165345123,0.0323851018115076,0.0353208646348011,0.00724193773610877,-0.00656149404308391,0.0232320264919343,0.0294066905632192,0.0263135666592958,0.00987529281206202,-0.00322652283184147,0.0211257552692923,0.0255134757536232,0.0393746623680082,0.0102627126238396,-0.00404426445902796,0.0266537066966071,0.0300090931579185,0.04093356208771,0.0135205350395932,0.00581276130431947,0.0133457464695474,0.0291788967076832,0.0331903138365423,0.0132182667531584,9.28639716802632e-05,0.0259064605698749,0.0289737997012901
frank,100,110,1.86088378090335,0.2,2.64984430726047,-0.0812670847700234,-1.31854432496613,1.75672984335265,2.42062401573141,2.30605058116098,0.954032636209069,0.341951443789449,1.86385111783813,2.19259942334651,2.80827487203227,0.44276154699824,-0.878850866148488,2.06515561394614,2.91117929105921,-0.0338233211588426,0.00796859430474217,0.00263702287326279,0.0129693729616366,0.00542055445651222,-0.0111766116700308,0.00121820203352459,-0.00550997499636131,0.0063268134386528,0.00259507418713989,0.0153296454575291,0.00696089833812039,0.000640911388918599,0.0140617956515188,0.0172245791904298,0.00755883254261281,-0.00365487056130672,-0.00889870402657632,0.00555231878410158,0.00780645120193359,0.0107682445479347,-0.00289838423238851,-0.00682636007860435,0.00344949143717626,0.0108867496459036,0.0224930523096919,0.00950881909960215,0.00174795752214555,0.0177560161732293,0.0207566863437198,0.0142315140511035,0.00228632542416121,-0.00586902506829011,0.011763000206077,0.0145574065850712
frank,100,111,1.86088378090335,0.2,13.1870000836716,9.81887310680066,5.04308911754584,14.2947232101893,13.3476465514962,7.52336867692995,5.8561298035784,3.49308492451131,8.07111083600152,7.60236481071304,11.3080102568805,9.88356388479994,5.22007646111185,14.2246834892779,13.2611063979667,0.0510359525161376,0.0296751574736949,-0.037496354237646,0.0700560437826208,0.071847948049314,0.0658960523071278,0.0458133140108524,0.016115947653133,0.0666972377100691,0.0617465366489072,0.0558462423770478,0.052989768117785,0.03040128537805,0.074227473214778,0.0667275447797856,0.0601408848994509,0.0472320811904145,0.0248226898531843,0.0663421742044891,0.0608778852558846,0.0669622022964051,0.0407256721733532,0.0105878295277366,0.0697651121980417,0.0627545220410022,0.057570436096545,-0.00631870271611067,-0.0345122822670631,0.0451912881448165,0.0460751313757711,0.0638725007358483,0.0463736275455717,0.0199276513200924,0.0699089962657198,0.0657430427975397
frank,100,112,1.86088378090335,0.2,5.74668009127937,7.68745271991082,5.04083289457139,11.2004248947256,9.70661835879958,3.83974931259129,4.7999747201216,3.4905581275267,6.53895781179568,5.79947602173457,4.63102054277102,7.94510040269028,5.59952781051916,11.3383532742948,9.5285727335372,-0.0251491248974835,0.0484310245426133,0.0280335464155757,0.0550232324299247,0.0461869858397637,0.0298612382781289,0.0418836785317761,0.0293067205639929,0.0582899673731643,0.0487891664374371,0.0330548372672951,0.0426237227739727,0.0254128653665156,0.0627382640317044,0.05301476093112,0.0262817304185964,0.0398011672514568,0.0263355754835567,0.0545664367288671,0.0486833661114675,0.0205583944957645,0.042519653383836,0.0259311025744638,0.0613756652822627,0.0525644309200828,0.037112540635995,0.0472674393564143,0.0340668117242049,0.0597210256951996,0.0574056079953738,0.0260800745573755,0.0392455777116453,0.0245239640506529,0.0566140232510842,0.0486705773919621
frank,100,113,1.86088378090335,0.2,4.14844517484105,1.63706015862875,-0.242342960059866,3.66520816485282,3.7784392854736,3.04950859769279,1.80563411001077,0.875424882909401,2.80953958240846,2.86527165131782,3.87661943800513,1.87998720674229,0.0130012354075373,3.58071434786573,4.1429545903494,0.0269111303059174,0.00700746229046401,-0.00224324945386353,0.0249308248215484,0.0210724185993758,0.0169414096128757,0.00973544656485396,-0.00116590820443234,0.0195472542651001,0.0197275565718008,0.0215687388061569,0.0140695595456779,0.00423540376897243,0.0239981184640727,0.024803255647485,0.0178828202513397,0.0103599194104023,-0.000381618940897144,0.0204341885171257,0.0206544313627205,0.0134455339003959,0.00728537839297491,0.000284841956203927,0.0154566108336503,0.0152094127610462,0.0174434945244856,0.0177131184431622,0.00784099995533982,0.0253843648666571,0.0228244606532643,0.0185663942780354,0.00921220744887438,8.59367477735379e-05,0.0192928530682108,0.0201372333007135
frank,100,114,1.86088378090335,0.2,3.06159037219546,-0.134948690534511,-1.38290412892302,1.22589093239883,1.54790929612444,2.51210696799728,0.928243817806523,0.309904412996263,1.60271042022708,1.76197629414163,2.17611663935455,0.0735762695351401,-0.943765312881015,0.912807707007956,1.4107035281359,0.0073270345220731,-0.00382362737319785,-0.00950381269962802,0.00594403595938037,0.0112178827552734,2.02070136514668e-05,-0.0125930672191313,-0.0141903830617501,-0.00919795432392742,-0.0137444767152861,0.00557037052188812,0.000128683722409131,-0.00192091668851973,-0.00256331381782255,0.00278441714469187,0.0174894129858627,0.00357264277727745,-0.00193706858704316,0.00732081510592401,0.00940134877300241,0.0178877006224704,-6.8436876623259e-05,-0.00657580338301794,0.00509985903821215,0.00968136493769289,0.0200701412356996,0.00694308679053058,0.00308533561944151,0.0026843078846787,0.0155052018436325,0.0154944750155436,-0.00119831662885944,-0.00667898179244572,0.00539031886019313,0.00719065788849246
frank,100,115,1.86088378090335,0.2,1.20902081826335,5.93263784958092,5.57790790711387,4.84912507105001,5.33694895372406,1.59389797259136,3.93125898882249,3.75596940181242,3.3953352215337,3.63657812256125,0.70586444302339,6.02614079349139,6.00755243101868,4.83544877222612,5.19416447474536,0.0156842816209553,0.0396498787755682,0.0378859145424214,0.0312525031140095,0.0361221173335389,0.0129389356105273,0.0346699665998036,0.03248988311314,0.0261455937091853,0.0316236377066846,0.00910363059004644,0.0329343038466113,0.0274173068005476,0.0280009233833367,0.0318529961390196,0.00469357913353693,0.0270924210103156,0.0225261884741284,0.0217209530168231,0.0247513354322099,0.00683075930927221,0.0346855614581905,0.0329177846822317,0.0281124965897796,0.0299955088711072,0.00618606572595045,0.036149435583898,0.0269470289647865,0.0332098735212253,0.0363430736885957,0.00609117819380169,0.0324354329278503,0.0303774932649954,0.0267923065063982,0.0298249702727661
frank,100,116,1.86088378090335,0.2,0.531989798092689,0.48580731014337,-0.536686505103678,2.05996150277541,1.13776279114615,1.25770097738339,1.2367106677774,0.7319751586059,2.0149715306845,1.55787693993693,0.515518373714073,0.291294811756067,-0.938526708932151,1.99458567104656,1.39391250213722,0.00541526293968686,0.0083825669850763,-0.00647306423228898,0.0194501026136862,0.0156279455145855,-0.0103127950969565,0.000748840604739409,0.000946912447366735,0.00220675170074046,0.00113737765215462,0.00889336779391936,0.00361690217823447,-0.00724175579116582,0.0166641866944258,0.0122963244612167,0.000567193515346334,-0.00116500423837596,-0.0102892244004152,0.00871755608396137,0.00424306649337797,-0.00757598697499037,0.00301336601703046,-0.00277109493864949,0.0113441483353391,0.00706969506620199,0.00971217917941937,0.012400239144219,0.00545253088616391,0.0201842045351113,0.0156836359076297,0.00278122348495403,3.31335807245509e-06,-0.00767038750770164,0.00922184739459733,0.00541857468391922
frank,100,117,1.86088378090335,0.2,0.981978685365562,6.34477770561583,5.92867475654949,5.6743461639058,4.96492070527115,1.48135316620137,4.13559850342465,3.92962107076648,3.80461640000895,3.45338380013428,0.425993872969864,6.24196400077966,6.28998191598172,5.38505004489394,4.3809179059853,0.012099224348061,0.038726466327554,0.0376652107897973,0.0327863840950272,0.03127860429207,-0.013061959662377,0.0287540121474602,0.030515943006209,0.0172562156044166,0.0105464794917025,0.0112676048952076,0.0394073720521017,0.0368947117454527,0.0343899519010507,0.0323749270160634,0.00371609354540799,0.0329884937230313,0.0305544216283447,0.0278812520032486,0.0244223678582112,0.0106305484301274,0.0335408044129698,0.0302838229575205,0.028393036937618,0.025899991878856,0.00102966224194294,0.0177279659589665,0.0149963478244865,0.0246611638528571,0.0092755192254399,0.00617578518920351,0.0313686307628853,0.0284381496167522,0.0273759096005228,0.0235892810677735
frank,100,118,1.86088378090335,0.2,-0.397891350436158,2.00432468914939,1.26792716271584,3.53094114715609,1.10726337664913,0.800755956663932,1.98853817318255,1.62447805612897,2.74401422320889,1.54449088439435,-1.52405396148082,1.52719699371735,1.08471581371947,3.11473072009034,0.455533082079286,0.00616282715947616,0.018382725111431,0.0126004848113655,0.0274119432640051,0.0152338962216221,0.00514279180842405,0.0136486419773893,0.00788951537465729,0.0236806808588099,0.0131730715647977,-0.0120022327522309,0.0104579155707668,0.00807476144824826,0.0165473628998611,-0.000973622801238039,-0.00765408919788781,0.00802932946263596,0.00192475895575528,0.0157239062508268,0.003608702274853,-0.0128501463831021,-0.00175569879969871,-0.00782768400229881,0.00912097555794459,-0.0019682685518559,-0.0105346762260165,0.0191886545081094,0.0162514039549654,0.0245339273333263,0.0092070690610931,-0.00707172491263682,0.00687375745036092,0.00129016749121518,0.0154086709554213,0.00227270322773931
frank,100,119,1.86088378090335,0.2,1.18905602358149,-0.734159894503921,-1.71272226157679,1.15074776361733,1.20603634763131,1.5829087856552,0.631048032511647,0.146998628159334,1.56372975305342,1.5919642456323,1.44979430581682,-0.183070968967974,-1.22163770950872,1.51445987401823,1.53760373464857,0.00789208294774352,-0.00192403227071996,-0.00194947497238422,0.00858221882616974,0.00794967986466083,0.014276632006873,-0.00785152752667317,-0.0174350349609688,0.00844167555510315,0.00675165552075496,0.00132155907918013,-0.00674067285488296,-0.00954840485455588,0.00115410183714093,-0.00152206479516705,0.00876791256924296,-0.00323175714307726,-0.00995861209826034,0.00771930386442434,0.00508419335181415,0.0102236191680286,0.00129294757091257,-0.00268697583329655,0.0108309450676053,0.0087692491498968,-0.00182043073029252,0.00455019946343891,0.000955162685143252,-0.000802637757149418,0.0026821664840099,0.00516988453186782,-0.00539293399858981,-0.0116743551804128,0.00539999309075845,0.00338020195495988
frank,100,120,1.86088378090335,0.2,6.94352830204527,7.13995971767623,4.77083127524066,7.26904820082394,7.69877017678067,4.43359412331808,4.52958599640035,3.35677808080053,4.5937007884623,4.80731314531265,5.61216314595394,7.13474141359128,4.90011135219836,7.07921516884532,7.14799542980435,0.0259022117534972,0.0340301888862679,0.0274326456204338,0.027107316161601,0.0393454165065942,0.0433704433068941,0.0313283809016092,0.0124654853805121,0.0392125649898518,0.0422524045503287,0.0281898194782371,0.0316362380809102,0.0226240474693379,0.0301240947133449,0.0310066439161096,0.0319442435868354,0.0397699890228968,0.0288151008667183,0.038377961975681,0.0387423676027235,0.0200438202681061,0.0364035581828673,0.0275209505076816,0.0318792195696454,0.0282019181472835,0.0437394076388514,0.0453858174717735,0.0333548395659063,0.0426480251468113,0.0448350277764798,0.0309201909414447,0.0355473926347964,0.0242789931230802,0.0357130832661267,0.0351944470715274
frank,100,121,1.86088378090335,0.2,-1.76723403737436,0.0742612551161921,-0.185262268228722,1.40370583735463,0.456902931877959,0.120637893703562,1.03107380439638,0.903343830866915,1.68901475938651,1.22051392462481,-1.74365248809162,0.364336429313521,0.192161961073626,1.75293835824909,0.59123872833053,0.00077472681034202,-0.00830458656875811,-0.0252760343951972,0.0137047197529094,0.00639964900612893,-0.0108023366403357,-0.00120795577753777,-0.00354888255607828,0.00657900457020832,0.00112508800387698,-0.0032390108519758,0.000232033289153455,-0.00432121074153955,0.00880724474806117,0.00555082973884849,-0.0120753127116662,0.000449861495698197,-0.00216101045327315,0.00833702498116828,0.00354478201335728,-0.00657571903957636,0.00486486971802341,0.000777335097510932,0.0131419571686464,0.00775701942233426,-0.00424230770997516,0.00590841788501876,0.00426124703167808,0.0160216996872723,0.010637008888254,-0.00998251989236885,0.00182183360104147,-0.000784690374187104,0.00833693161445628,0.00375727004729035
frank,100,122,1.86088378090335,0.2,3.81204611958989,2.34002485715032,0.202493066974019,5.52948586028283,3.66292864878931,2.88123826265848,2.15443450932273,1.09682040065074,3.73318033401418,2.80859986863672,3.4011963515119,2.22967298608375,0.124259095714836,5.20922955600791,3.65453832163153,0.0288635601888552,0.016281957815172,-0.00957168417915622,0.0369247057303913,0.0282055108844324,0.0264851531233471,0.0120952516085268,-0.000399460572711873,0.0260979743163302,0.0209027063727392,0.0171418937938985,0.00651211523975547,-0.00660428936969458,0.0247252010047644,0.015673586522287,0.0199237889160462,0.0085755814970759,-0.00223673255127325,0.0234762962535105,0.0161866246782255,0.0224247905595559,0.0126277968484594,0.000827923129053071,0.0277125142925091,0.0187716777011077,0.0279591585258368,0.0164119145835339,0.00218590380967093,0.0358969264008285,0.0230775524591537,0.0212836824175692,0.0104588035062915,-0.00189617122894387,0.0265219523456378,0.0186940760011603
frank,100,123,1.86088378090335,0.2,2.582679952868,6.36324518819768,4.95194865778021,8.29895391948439,8.58250948228447,2.27294784059748,4.14303354624998,3.44463729228973,5.10206697065153,5.24191831081603,2.04391367734067,6.92620141709164,5.8295194539979,8.62725073662664,8.70439458055631,-0.0282374269640402,0.0218377231369394,0.0175759653492808,0.0380677074534797,0.0234064400788947,0.014879682537397,0.0403663524593044,0.0305216313902741,0.0498931859083355,0.0510481467011357,0.0150291462488013,0.0387860750096565,0.0326098943189286,0.0439545849570322,0.0484549589551257,0.00942674233570716,0.0320938465195323,0.0257085209905628,0.0405821763846481,0.0416412451695347,0.015128258336282,0.0317782956695442,0.0223953950633423,0.0438325436814788,0.0443153114110873,0.00371594998624474,0.0353118198112742,0.0326346484073984,0.0291648076003391,0.0380715554119876,0.0115675539068782,0.0355457421308956,0.0292342361386758,0.0420101341549509,0.0445991782566811
frank,100,124,1.86088378090335,0.2,17.105063911414,17.8766407839127,12.124327713096,21.9519333890195,23.5044938672501,9.46015712093983,9.84304630777232,6.99659674134581,11.8603234608262,12.6283112735726,15.8116767811415,18.5479818464535,12.9075060284064,22.2343441602917,23.9043085560355,0.0848108041354856,0.0708898647279395,0.0410757930800919,0.101325568422468,0.096186718801645,0.0914617546523791,0.0945205585073273,0.0636196329033636,0.114012779634384,0.123565155581721,0.0885696294031521,0.0928541354170433,0.0624299228821252,0.110169007605789,0.122008284124814,0.0898483790730162,0.0930691652464949,0.0619334632637488,0.114095706876488,0.122709832922144,0.0919916673355805,0.0924990036560515,0.059251536507848,0.115016335754607,0.121984752484697,0.0937043331481697,0.0990020922504037,0.0690844314732216,0.118824934943273,0.127499766727293,0.088994868435785,0.0916102815422907,0.0616483321945249,0.110387014879808,0.120217286287067
frank,100,125,1.86088378090335,0.2,-0.249346207990932,1.1753334812493,0.424078224385838,2.53630365581404,1.63334287433687,0.870636458855928,1.57675584228159,1.20556798822285,2.25036227931357,1.80368469104857,-0.0842484616957395,1.41906155201608,0.831485082070298,2.61174212395121,1.6364449017715,-0.0498235580856327,-0.0558148901212819,-0.0545268317617627,-0.0379804746906756,-0.0822504161154815,-0.00574372248981562,0.0102419144070759,0.00948528096986221,0.0130886643554263,0.00793981562749939,-0.00509659497369698,0.00223634319825371,-0.000533192183634511,0.00916433053399385,0.00363692725990698,0.00166528733186081,0.00794070862951604,0.00159258354646358,0.015141618011201,0.00897114673882629,0.00525975974135316,0.0116828100356489,0.00665870524441517,0.0188875184491049,0.0151007492129495,-0.0346177647502341,-0.0635531680890299,-0.0654822259712525,-0.034339016787189,-0.071505233831052,-0.00085395263236864,0.00248703213075548,-0.0029602818690553,0.0102474923463396,0.00334062799121136
frank,100,126,1.86088378090335,0.2,13.210875754119,12.8908893346357,9.1758481971629,11.5852301294399,12.2770037543778,7.53438243015658,7.37781785342289,5.53947619235249,6.73060211739575,7.075023657704,12.5529227481658,12.7700229355536,9.00034003499484,11.238096390084,11.798216646226,0.073354550176293,0.0738280449289641,0.0558543191548965,0.0674605890237872,0.0650409869940112,0.0699536154947585,0.0707584391602555,0.0502716052651412,0.0647891675991364,0.0636284481744638,0.0600621621067408,0.0455925320210073,0.0253820671743645,0.044498793287729,0.0437688026754814,0.0670189644342669,0.0623972457581152,0.0410268525469382,0.0583106451762105,0.057822619920294,0.0682021074570105,0.0666183655634102,0.0456076161155813,0.0600542903051881,0.0591806608694232,0.0752861986596451,0.0546780380438053,0.0318173393245943,0.0500828488648109,0.0505168451808459,0.064290062600847,0.0615428660706891,0.0425486762011192,0.0564135897641941,0.0553013362613787
frank,100,127,1.86088378090335,0.2,12.6911015527349,10.3865428364912,5.80123947969563,14.0401717170599,12.5841165603746,7.27611170797384,6.13783435545175,3.86898266283665,7.94586895569055,7.22536042987649,11.89537487989,10.5101174273199,5.95112371066947,13.6985758761744,12.6328125225308,0.0725151999727236,0.0578654980330301,0.0284534524902034,0.0796606187463659,0.071889984909559,0.0627017032881794,0.0534482432984768,0.0286024350740351,0.0701230877436479,0.0648065471539291,0.0660239587184954,0.0556627402509463,0.0328787662145068,0.0693557757185104,0.0633772661252145,0.0626725864228271,0.0442294336150969,0.0218886210695375,0.0636934865592719,0.0551020987098611,0.0662888015653262,0.0550829297362409,0.0288774688420868,0.0720386186172853,0.0648883522200033,0.0663424113061608,0.0618546261687604,0.038818062180382,0.0801568500975605,0.0723163735676424,0.0662646283415572,0.047133977529659,0.0222684191142275,0.0672561678936039,0.0596983925274965
frank,100,128,1.86088378090335,0.2,1.94877325694202,0.573528434602834,-0.894559257088422,3.348873711562,3.36769348040929,1.95702896864097,1.27784712879827,0.551778230103255,2.65161204178806,2.66063437957091,2.42887194846356,1.16817279509368,-0.429257204147563,3.79809165332396,3.99632219928493,0.00420279187939253,0.00548198125399441,-0.0182798073762303,0.0254712899441555,0.026670560864089,0.0176868776787402,0.00139102409974123,-0.0101551891410045,0.0187950154220001,0.0179854946118467,0.015874429928534,0.00335604994446431,-0.00460424840925816,0.0169395687433721,0.0198201575609392,0.0145450063530746,0.0097081351684949,0.00306562783890334,0.0197424008818113,0.021668969831602,0.0182034181689236,0.00746193053439452,-0.000341184054786318,0.02142624549336,0.0225557005510305,0.017289895819676,0.00276593402226198,-0.000313169772769329,0.0102239148460348,0.00622151994658182,0.0140662368154098,0.00491175102929074,-0.00413910597269334,0.0186887716558825,0.0194559182351773
frank,100,129,1.86088378090335,0.2,10.5836184191848,14.8672413508639,11.3089143236492,16.5987934911795,16.4891692527547,6.23468544485748,8.35374311897473,6.59249220758176,9.21168467314964,9.15718070805593,8.70074162073034,15.0028206650769,12.0192933565393,16.4660206556708,15.863655452612,0.0621746223097188,0.0842050075137515,0.0644598905404647,0.0909602309855552,0.0923717597401956,0.058404306897897,0.0767784023216503,0.0582767823740571,0.0804648224736034,0.0860793164746008,0.0501282770883177,0.0741109621774221,0.0580661410246173,0.0772124291539328,0.0771901816354687,0.0521078382167752,0.0766794590787418,0.0582953024739724,0.0853380020498577,0.0834390681606764,0.0468094693022174,0.0669447424638365,0.049410557162548,0.0737600948669992,0.0734016175513227,0.0601217536804986,0.0815732858798544,0.0631258251841602,0.0929713193887742,0.0898236853372596,0.0531844832093818,0.0770014791002141,0.0590722092546666,0.0838971855104106,0.0845224986634854
frank,100,130,1.86088378090335,0.2,10.8804611745188,8.50491894613538,4.01749181671196,15.6446414432987,14.9138342168434,6.38180480265909,5.20366288848458,2.98339519885441,8.73756794006807,8.37564880132799,9.19918999907253,9.2805848987905,4.87521290286727,16.23674384087,15.2863784867116,0.0502017542850127,0.0483286140511444,0.0290350979838078,0.0775638035321249,0.0806417992881117,0.0618125649983341,0.0453274276594222,0.0121706015342805,0.0867906955875789,0.0833465218685157,0.0467580582129609,0.0430075070035819,0.0199164336968986,0.07572168530178,0.0737982778370563,0.0527380275900336,0.0431110962952495,0.0185248241983186,0.0786600560633449,0.0765340890160664,0.0505164644905681,0.0397510700967979,0.0167085986668115,0.0774585869401797,0.0740441449353743,0.0638302558960135,0.0524375994006683,0.029528903570902,0.0875131923469209,0.0828952711592288,0.0507801048516376,0.0442267701860922,0.0188470243368934,0.0816271335671335,0.0775570831550882
frank,100,131,1.86088378090335,0.2,6.62546464345322,0.628573060758528,-1.71497317628433,6.08844726906716,4.54897966057846,4.27421868971732,1.30670287245855,0.147714556521809,4.00865595291704,3.24640434821367,5.91633166771611,0.935627962285435,-1.76256420266589,6.18007158523407,5.01285313230363,0.0393062936981779,0.0129488447989424,0.00142513125442647,0.0371481322617369,0.0325607519508219,0.0347314482569372,-0.00431845086486224,-0.0156913272430596,0.0283805311774947,0.023411923501342,0.0353158745126336,-0.00735890857212646,-0.0246349112185794,0.0286912778690102,0.0180551590910182,0.0289872596497021,0.00310214245653668,-0.00842956998244003,0.0282808564541396,0.0211504768324289,0.0386577350497658,0.00577201368541252,-0.00894293414864464,0.0349214847310817,0.0277955661766474,0.0427745049649434,0.0131358770962807,0.000951610277682529,0.033417912886636,0.0311031321150649,0.0358617409622129,0.00292914995723609,-0.0115428187468934,0.0325721701456389,0.0248798914182717
frank,100,132,1.86088378090335,0.2,3.45553989493631,0.0250622096162987,-1.56575054518938,3.52134903454561,3.62448876707921,2.70420107141118,1.00663184121523,0.219888709306098,2.73718136519219,2.78790572104009,3.42564513343838,0.597030700438141,-1.21686054668,3.89825758775031,4.26575630250678,0.0163052193491881,-0.00221729238286176,-0.00533986991239054,0.0148296265499083,0.0138031627688668,0.0187930567654326,0.00474860851709572,-0.00329244156616406,0.0218390767612246,0.0226509107503202,0.0129079361734944,0.000496751330813245,-0.00730055422155518,0.0126724137115872,0.0159252737941741,0.018742371503618,-0.00172370213729495,-0.012038426464986,0.0166454261346733,0.0189382190304152,0.018934419849466,0.0027835254212135,-0.00818384773960088,0.020814610715456,0.0212721820242398,0.0188132770017965,0.00943119457245716,0.00200592863403644,0.0252753360260259,0.0218168035117745,0.0205955015594797,0.00122895147593292,-0.00840864123907307,0.0195633228426984,0.0209164050505419
frank,100,133,1.86088378090335,0.2,5.8367779181512,3.39281346098868,1.42543473424479,3.51153858833914,4.36572741198631,3.88476473767172,2.67530392730169,1.70159937623746,2.73370757347603,3.15716225860649,5.42685749726579,3.44924243964803,1.51708154968544,3.30763825451307,4.30042248968745,0.033645317080607,0.0220372059926416,0.0141198596032706,0.0243736096006356,0.0205568614372602,0.0235721101633158,0.0113674974818617,0.00651271584129153,0.00870933049802124,0.0099008617421335,0.0195451709928555,-0.00290003566247807,-0.0119209117712398,0.00245902328736417,0.00190227110349369,0.0307371099456897,0.0176157691977653,0.00681431570544331,0.0178718365962326,0.021912663249251,0.0291081839178806,0.00895257201034871,-0.000655541700004732,0.0107436866576898,0.0142869907196072,0.0196110804935651,-0.0221845120315295,-0.0306943141455038,-0.0158018541756907,-0.0182752132378498,0.0279830328723964,0.0161456835322406,0.0057366052717428,0.0170239033739825,0.0205738502698534
frank,100,134,1.86088378090335,0.2,2.03229563618298,3.84576149419565,3.21571980323721,2.07321246809028,4.0643128247027,2.00050885022823,2.89828135953386,2.58706645780178,2.02044648673363,3.00624804373909,2.04138139638032,4.01727421371836,3.332539552947,2.32717594933798,4.30902466067571,-0.00503384132642558,0.0147769463884307,0.0175444988483233,-0.00106932833893502,0.00198510206774115,0.00842978444803999,0.0266149926638775,0.024849009724014,0.0151467101069235,0.024621180586897,0.0121772422837612,0.0200908908006054,0.0175651237655056,0.0114881598031925,0.0198837065384999,0.0138561274623365,0.0225963646643376,0.0172544459900778,0.0159831877411711,0.0251293531857078,0.00366473113334012,0.0201678424639146,0.0163611802759381,0.0136431687075582,0.0212775617091246,0.0194067851666649,0.00707505069915846,-0.00615562593166621,0.0097207001342714,0.0211061087809179,0.0100164506623327,0.0185751812784454,0.0142879024650799,0.0105899257520851,0.0200598029141934
frank,100,135,1.86088378090335,0.2,0.993626679112892,2.05317842956132,0.585001667151122,5.33453905944649,2.24102280613551,1.48923409344792,2.01238705679403,1.28572170202603,3.63690235183461,2.10582858449561,-0.269970395659814,1.8446659058597,0.766532951434333,4.91489517949051,1.61964496064717,0.00321172860378685,0.0198067956207452,0.0128859822386814,0.035075548406445,0.0190450889991607,-3.47454448968787e-05,-0.000119723454965793,-0.0116425104373947,0.0277487342336771,0.0066337497075711,-0.0101386846411828,-0.00323628427887538,-0.00528815009996897,0.010193888171249,-0.0019423214066252,-0.00487428444420308,0.00583176359006837,0.00112591455330466,0.0184338763469597,0.00195326475320756,-0.00213805344078315,-0.0148846316734991,-0.0297380228208799,0.0134351037301199,-0.00790223840878047,0.014819447254526,0.0181450525749757,0.0110399054348399,0.0332569509313355,0.0210003131346544,-0.00314544265846488,0.0051239466120891,-0.00209422707723373,0.0213723888891448,0.00526630296687301
frank,100,136,1.86088378090335,0.2,9.11275994460001,8.81937290323835,6.27037617223788,7.07637507520496,9.35938609693922,5.50720311426639,5.36089953209473,4.0985335893042,4.49898134182193,5.6290638695704,8.52517039273993,9.08906959969393,6.71512263870511,6.62536935097562,9.33629825589804,0.0554966030968687,0.0476488003043291,0.0338337547936951,0.0448173472534023,0.0559139143509559,0.0425269750064195,0.0506835584259793,0.0371030592632012,0.0392959013793132,0.0509862090328263,0.0459466048312041,0.0348150568628774,0.0172497464657216,0.0322472119100111,0.0413493706165748,0.0448567740789529,0.0454309473295002,0.032944166820489,0.0352000261645471,0.0471364982216394,0.02116655549908,0.031001546657011,0.0280742196947823,0.0128629783497699,0.0202152630708367,0.0489087076590644,0.0513102447420702,0.0360078322611925,0.0453720244183428,0.0567902088162816,0.041881601159133,0.0435673632519449,0.0317518903141069,0.0328721811644755,0.0444786662732368
frank,100,137,1.86088378090335,0.2,6.56650386430623,8.35463675715135,5.87333662160685,9.84729704584173,8.66328696972292,4.24599184329048,5.13132398743176,3.90375765485267,5.86987837446889,5.28444080161618,5.28841391416575,8.23839492398717,6.1026050621028,9.67923617803972,8.07409507313398,0.0313170868609886,0.0419247516815006,0.0176954809675357,0.0507989864219725,0.0494593642378328,0.0240869826119712,0.0447346549931902,0.0351040347146216,0.0500626625643203,0.0398430774124262,0.0364358011296233,0.0462738204483875,0.0313625727973395,0.0527227967767825,0.0481035457599633,0.0355718851303715,0.0401730879836118,0.0254034948943981,0.0492217529421658,0.0430432780673981,0.0210958515188297,0.0358688831131516,0.0256938244856673,0.0368847993096448,0.0354936849867433,0.0426807732899016,0.0392402750075464,0.0201210499069521,0.0521576074186704,0.0358630575757215,0.031877074327614,0.0403708007566797,0.0257724005876373,0.0491447054483085,0.0415330501618483
frank,100,138,1.86088378090335,0.2,12.1356693720956,5.30789815378901,1.88586585797232,5.99527065240166,8.73809740695377,7.00106002674129,3.62256875522599,1.92853208777342,3.96279311970778,5.32087537128365,12.1343847655735,5.75951523689,2.14431378597345,5.96871974909115,9.18796540155911,0.0668648036710995,0.0311659357934079,0.00113353531091141,0.0355093885903865,0.0437544738761253,0.0558504738699309,0.0234526062760996,0.0111788054626937,0.0316042821241792,0.0369320239339258,0.066954384439693,0.025137332154835,0.00585118486021662,0.0322366003070782,0.0446027848939419,0.0633131116750112,0.0269141934070217,0.0103324932045455,0.0293708579945308,0.0388141843495913,0.0663549846444364,0.0302032280802148,0.0122872251517564,0.0351261563588341,0.0471235778869324,0.0706604326882478,0.0344758678148101,0.0174154150338771,0.0359042214514414,0.0486411646487716,0.0630898064385163,0.0257195178774996,0.00852456005572316,0.0291793903294479,0.0423739303616566
frank,100,139,1.86088378090335,0.2,8.15415245396078,16.9942193255042,14.7466256667039,18.5252977088746,17.6386143981563,5.03177469817106,9.40605377820723,8.29359480226627,10.1650012005646,9.72599028106089,6.62969909324432,17.2529399483549,15.7141233303279,18.4965410777041,16.956260868125,0.0223693266309837,0.0675985197157518,0.0626344211035341,0.0793933118355581,0.0645548448893674,0.0429461096626067,0.0880433066219019,0.0784427157776334,0.0876464828324028,0.089141557781735,0.0410715676456118,0.0900608603356133,0.0773627935457024,0.0972206786258304,0.09134991057058,0.0354502978507859,0.0842048246850839,0.0729898964732894,0.0884549467413588,0.0847801176792519,0.0403015461984826,0.090888919409962,0.0777571593214033,0.0980084567372232,0.0919050710286151,0.039563820435995,0.0949094589398687,0.0788304580938455,0.101128614671739,0.0961967457735009,0.0401789127730717,0.0868321183759579,0.0756423529562167,0.09283808868267,0.088455689980755
frank,100,140,1.86088378090335,0.2,1.3330907055801,5.40799063074769,4.71237915887882,6.20322123494356,5.4289374027195,1.65527835373444,3.67169010009379,3.32782237437627,4.06562075683676,3.68236042846265,0.812345158871889,5.65760061287457,5.41814692710523,6.19287264269982,5.27628725256139,0.00952234759708038,0.0254998389556004,0.0195156074800189,0.0327474413970271,0.0213415337201259,0.00215895761552674,0.0225028372758448,0.0174217071266847,0.0239472830576849,0.0226829336773356,0.00563802136606167,0.0266800727496524,0.0235238520346124,0.0296964675103268,0.0265765826142879,0.00992686467050604,0.0283905288422677,0.0228740544851661,0.0304547308611669,0.0283529100355896,5.6557154566319e-05,0.0303468570313673,0.0271162618251608,0.032377794615534,0.0267423980859242,-Inf,-0.0222656263687665,0.016953644231515,-0.0990142545348554,-0.0882987540083192,0.00624445320736928,0.0272826084045896,0.0220442236272196,0.0311268071711241,0.027457092490467
frank,100,141,1.86088378090335,0.2,16.8375761642591,19.1845263833209,13.7499638637421,22.3805952684574,21.7479250501275,9.32866766353092,10.4910648479511,7.80128266047333,12.0731830059723,11.7622017944446,15.2695469723518,19.6901300085589,14.6346644943009,22.4179760877255,21.0644469887147,0.0887128246920762,0.0954917423565083,0.0698202685272829,0.100119350044396,0.0879324872203758,0.0901510090914029,0.103608414880087,0.0740326297445169,0.119163401191949,0.111874126042219,0.0914701114444962,0.100651736445746,0.0728128965972181,0.117987692655291,0.112777179506437,0.0872458641182134,0.0982965701437332,0.0697651794782112,0.11447640196413,0.107359444915242,0.0821514887123558,0.0965450536320209,0.0708656853860975,0.107722206414754,0.103859960035053,0.0901632609317612,0.0831852455793058,0.0500764389156326,0.116124546104036,0.0856172774875526,0.0856909020716933,0.097049589890944,0.0692562406745843,0.111982959486255,0.104429463644052
frank,100,142,1.86088378090335,0.2,-0.985828799589755,0.268861382280849,-0.417399476284587,2.29452025027096,1.31075274414609,0.506609407410748,1.12774539545094,0.789230993128539,2.13004356761448,1.64265174799272,-0.917031008199667,0.519910706947021,-0.207466935549134,2.61201558618137,1.67280458000425,-0.0117743767003979,-0.0434312471804265,-0.0483632327237857,-0.0180498369112505,-0.0194584637970233,-0.0196427943930614,-0.0247105719581681,-0.0289007970511305,-0.0146880637351453,-0.0145347093730328,-0.00208364450929122,-0.00252838931826649,-0.0107800256662101,0.0103208969581793,0.00800428601315631,-0.00238459119964689,0.00302562011365597,-0.00460231288279836,0.0153477908498339,0.0111748363499104,-0.00279915862577704,-0.00347773364358176,-0.00934344128882312,0.00846346205576068,0.00248270271580606,-0.00941804648278926,0.00497031161872867,0.00353639499575289,0.0134135679220344,0.0121062762701291,-0.00653761678211421,0.00112127283859301,-0.00466060636420885,0.01219262850121,0.0075658035401296
frank,100,143,1.86088378090335,0.2,2.88049961643543,8.68209202597813,7.22969069551413,11.4886550900706,10.081469747457,2.42072299985009,5.29116276038277,4.57243984086617,6.68130896793479,5.98439200402898,2.07052009421835,9.07922299284762,8.21689496069215,11.6767224485346,9.7870680150028,0.00964082770392937,0.0524743899082088,0.0457706277562036,0.0571222434190931,0.055939642240622,0.0204560872500465,0.0461569522734551,0.0360379282642304,0.0602773118095596,0.0538713684974739,0.0206210147671144,0.0462220871942561,0.035294298787604,0.0608441153238144,0.0555268629117312,0.00836066521145826,0.0457447924825801,0.038650430456691,0.0565864930735282,0.0492495160415257,0.0127421767344443,0.0443321203234592,0.0354510638232019,0.0567215602614028,0.0510557417238221,0.0220206927713832,0.0448242771248612,0.0361135151033942,0.0562868163364464,0.0596135093068774,0.0159188855596839,0.0468743309613604,0.0385813513782997,0.0591599294041816,0.0527077069333663
frank,100,144,1.86088378090335,0.2,3.78894740059109,1.59959330362499,-0.0962602779409139,3.54860822133545,3.59010316226236,2.87016108738845,1.7866295264635,0.947047098227574,2.75209533840502,2.7720541032074,3.35672378253805,1.82011152651272,0.23523698341649,3.3537987653878,3.73440991997505,-0.0751428738280751,-0.0311706245997699,-0.0184506653062761,-0.0546600055926023,-0.0727956429145751,0.0240437530275559,0.0150914889543761,0.0035588794001508,0.0232011664764278,0.0242323887908239,0.0191062277415626,0.00709335289109758,0.000537239248250079,0.0131863208923767,0.015576977971274,0.0237418552601421,0.00954025036238854,-0.00132806801478544,0.0208748752888745,0.0213837546231861,0.0233855658412286,0.00888112646513825,-0.0053373095373935,0.0191530440528622,0.0213891212026428,-0.0227405868616806,0.0101626151086265,0.00902383595432501,0.00885712184578118,0.00263270631841952,0.0199455156030475,0.00831568837494491,-0.00103831913087983,0.0171302009130276,0.0187917087153285
frank,100,145,1.86088378090335,0.2,5.62319327547816,4.28090417774791,2.06382359707548,5.85044263932612,5.3200546580679,3.78039875742158,3.11458324707652,2.01704823082808,3.89120609414503,3.62998689165624,4.84523903518423,4.40739249139193,2.32084976739406,5.8038473905167,4.99371172495564,-0.0244318539710657,-0.0227182671934151,-0.0178099587086079,-0.0315724715117346,-0.0394001680513953,0.0291831506638158,0.0165862634613946,0.0051833048853417,0.0280426409914612,0.0237301195867528,0.0252023596537777,0.0230397874499265,0.00943077802883221,0.0318461608233924,0.0256456168117904,0.0312341552124506,0.022207085491469,0.0087530168648206,0.0322178392190515,0.0274221286509274,0.0318498384600265,0.0230512557670073,0.0102182266590175,0.0330828195461049,0.0286009938986203,0.0344192122246591,0.0281145351321274,0.0155951601572977,0.036158217023636,0.0306217932552466,0.0239406222913878,0.0197527463177232,0.00899266282589086,0.0274262026809393,0.0226673216375093
frank,100,146,1.86088378090335,0.2,5.06519027255235,3.22647008783975,0.644698234940241,7.40762749179365,6.91137672616615,3.50139534326378,2.59113887761341,1.31352848888345,4.66079337576337,4.41557980936895,4.62031186579058,3.89709083052771,1.43336998644443,7.80888997183823,7.17815004279381,-0.00954324126481757,-0.0233603825066839,-0.0309599524765452,-0.0100817337084799,-0.0210268738163142,0.0223650147120796,0.0127019480872079,-0.0051570660300786,0.0350134195827051,0.0290398888248267,0.0290537310921747,0.019915250889492,0.00670591495323825,0.0402780604478875,0.0375053604562508,0.0293397668805361,0.0165819813880274,0.00254133153131163,0.0406660605463312,0.0360126608928665,0.026539040257868,0.0203457743538482,0.0061414313007735,0.0398739724522188,0.0360459083044438,0.0314865039831016,0.0051648646405122,-0.0196808293005345,0.0319050328418918,0.028870666279108,0.0270616672701415,0.0180007296784821,0.00494834407463685,0.0383820285991027,0.0351213683503238
frank,100,147,1.86088378090335,0.2,9.58905871900277,5.89932119457259,2.41031501386058,8.6230562433025,9.93232629444363,5.73976839911534,3.91499397168813,2.18853462780833,5.26321947591981,5.91068214919132,9.22570312015216,6.35894443643657,2.80090501663919,8.72248994371855,10.4899768084765,0.0407266685153519,0.00456720333095194,-0.0228173205725313,0.0434785531999672,0.0361502732654688,0.0534652492844861,0.0377847773041729,0.0193230795507145,0.0517576001351455,0.0583716426925564,0.045876377359482,0.0308626067895998,0.0132246293758707,0.0412468664577692,0.0485684035012443,0.0502171812479113,0.0243017135429365,0.000837569858326999,0.0416978616214144,0.0491000919645152,0.0492580415319785,0.0292805814312028,0.0127748718130032,0.0402700840460931,0.0494096519482558,0.0181396245202818,0.0280677201312526,0.0166461925341687,0.0443905977679598,0.0451103833625209,0.0501140957008474,0.0302032506909409,0.0115939460853802,0.0424409894442226,0.0508220630423746
frank,100,148,1.86088378090335,0.2,10.3767690108921,6.71253236028435,2.27897368604035,13.6880108089776,11.1492648079227,6.13113943361638,4.31800428280321,2.12484100176659,7.76979727235415,6.51407667640568,9.14132538534068,7.03351757761555,2.41856290839864,14.0579654209142,11.1886358598806,0.0617979047834977,0.0427747998675732,0.0206091432527995,0.0777954210461021,0.0639237415001189,0.0408839862878794,0.027416908754441,0.00229528727596373,0.0649297130748644,0.0490025150981426,0.057354952845775,0.0295873560511178,0.00272015940733639,0.0694803301284009,0.0541972895336746,0.0513615003816058,0.0275318332646316,0.00173589947937681,0.0668899802336457,0.0507800444929931,0.0504021851660452,0.0330101733383118,0.00892232804106772,0.0721203459307213,0.0542544483955944,0.0406940737993922,0.0290341976287552,0.0139948151193687,0.0615160493739043,0.0463290557170754,0.0537480581315859,0.0346231951469599,0.0104937247098719,0.0707375082492714,0.0566365895060841
frank,100,149,1.86088378090335,0.2,12.1515554025149,10.5174673895651,7.07267152041387,10.239181216324,11.6387367596374,7.01289034620515,6.20161929574216,4.49601192166458,6.06410471121759,6.75773785036013,11.8935382191758,10.9743196913182,7.58885018267771,9.97806841153559,11.718544106042,0.00301973405166311,0.0433774602666423,0.0393270874469288,0.0328568450843635,0.0503527461936783,0.0669004661424674,0.0555997558977499,0.036933985092359,0.0578316384840619,0.0656832435214574,0.0443071751588481,0.0459978312715179,0.0326013146788222,0.0426720550967456,0.0471320664692775,0.0540773882065455,0.0528257998806383,0.0367954995524794,0.0506083752112902,0.0571700993511661,0.0601185743056856,0.0541415375563529,0.0368343037246096,0.0544527089493956,0.0601950436010939,0.0702883459499722,0.0547559188359249,0.0290947683783638,0.0583889925103771,0.0661501073270531,0.0585413714512237,0.0532955030359684,0.0360126092901666,0.0511121431091812,0.057596676290308
frank,100,150,1.86088378090335,0.2,10.5808264399781,17.3023924950756,14.2722941157818,18.4221737827627,17.4009429674994,6.23328874241394,9.55946905656014,8.05951834671521,10.1146363149482,9.60987703859984,8.80613266418692,17.4822373712069,14.9286127634968,18.1917343016466,16.5516586459874,0.0233606832211528,0.0865774247972739,0.0803418772417775,0.0576066974653302,0.0648994009636906,0.0536211422573128,0.0849925214655722,0.0707696195589496,0.0908220856158683,0.0848752214059039,0.0456264498241323,0.0846844965933746,0.0716091621031021,0.0934488596980202,0.0787379850393656,0.0531694036509222,0.0879821521731362,0.0717494043638532,0.0936852818114604,0.0866150341427993,0.0486504616993304,0.0768586519465461,0.0584008350649893,0.0865817648811748,0.0813586386704074,-0.00825567010724079,0.0344225529144726,0.0343717103853017,0.0328591869112641,0.0172931736976038,0.0487926964517536,0.0845651700865392,0.0703836323409241,0.0880522421702236,0.0810373150810377
frank,100,151,1.86088378090335,0.2,2.5009942027951,3.14508681175555,1.71705810321009,4.23088841082879,3.01953223196962,2.23476335309992,2.55305278261273,1.84671701133935,3.09002039321441,2.49082609403796,1.30554292517412,2.79217362219546,1.51834599104808,3.97617855429517,2.47212022831412,-0.0496371924147701,-0.0740180287921457,-0.0695403436232674,-0.0392970577887587,-0.0717721574110952,0.00476720972241594,0.0130935149947548,-0.00480066680843673,0.0259965566910423,0.0193798213488358,0.00984766343632313,0.019483058176591,0.0125840864495398,0.0245683734851428,0.0166657198068033,0.00909942238210717,0.0208025422070569,0.0132354618526898,0.0245418871188441,0.0177532611040382,0.00431009466445821,0.0136515665846583,0.00722828797788799,0.0182567041017981,0.0102793740668407,0.0113121599092971,0.00512293033673256,-0.0281256830264421,0.029880058287719,0.022610757138463,0.00737860246323518,0.00969489842492902,0.000417758667097952,0.0170958054794436,0.0100789590632037
frank,100,152,1.86088378090335,0.2,14.3737376914519,17.3736645017952,12.0832615369291,25.3713779341969,20.0300254528796,8.11187058914563,9.59570466243893,6.97832401420192,13.5538613874296,10.9106723419545,11.6064067722001,17.3314336848772,12.4286212971458,25.3181917410361,19.2625424092528,0.0706399095822429,0.0781964792602998,0.0278464705359803,0.134267443026959,0.103487871885932,0.0512794475486265,0.0790509484076287,0.0521037381269556,0.111426989262509,0.0944001128744543,0.0720174289351596,0.0880917091216207,0.060151482082127,0.130006603939446,0.102174101409917,0.0704011334568398,0.0795618699776832,0.0476712418800065,0.125323057746727,0.0953321471490194,0.0629704057406986,0.0910905355154642,0.0581546918907921,0.129831530189773,0.102941053985126,-0.000766073209860529,0.0509391520772253,0.0479042238011358,0.043822754430636,0.0390450918704319,0.0709907924476332,0.0881106690797159,0.0590605667454547,0.129931047928145,0.101063191146813
frank,100,153,1.86088378090335,0.2,-0.333405395943606,0.122509628870706,-0.784588910298483,2.41139243097798,2.14198849496788,0.831490931570622,1.05431215723642,0.60572815299646,2.18759095225209,2.05415099991918,-0.830590247582691,0.753996734532749,-0.0182325911387227,2.83259531146505,2.48336373962886,0.00480470764676083,0.00813249181465113,0.0037202766247446,0.0220166955686524,0.0198926198243781,-0.0113936442331429,0.000190315163933932,-0.00862857057762993,0.0130813525101976,0.00983830617669786,-0.013285054114918,0.000991204743217742,-0.00559067949848132,0.0113801798184238,0.00882725377488906,-0.00052406920927381,0.00429194652258146,-0.00218868392214772,0.0154910851796046,0.0144762028275123,-0.00733159538636594,-0.000355842578069226,-0.00496459352289125,0.0119306385700196,0.010166055611964,-0.0127173724446358,-0.00786820075755959,-0.0118751499011169,-0.00426051187498326,-0.0089096842851313,-0.00121130281341983,0.0041482671719932,-0.0012842633207484,0.0141078287399252,0.0141181750221107
frank,100,154,1.86088378090335,0.2,0.606138786494961,-0.621307688451242,-1.56957761461698,1.28939539362859,0.896574689366125,1.29356018586753,0.687811766879278,0.219716991798023,1.63256079863908,1.43796651846609,0.926462870721803,-0.476592129275006,-1.76710425542584,1.59084416549964,1.38884934100836,0.0130041223896107,-0.000774983940583097,-0.00733948018713053,0.0140491904460952,0.00866788357452425,0.0100466790199354,0.00506163566437258,-0.00384626357531958,0.0159223364913241,0.0143009412139011,0.000109395433968301,-0.00689184352563625,-0.0143123312603212,0.0034416556108435,0.00197487239147435,0.00468091636371821,-0.00455434330377345,-0.010793920310839,0.00662039208294538,0.00587704072135867,0.00667811994540609,-0.00531642545931048,-0.0105812614552997,0.00583893726297763,0.00568649577462408,-0.0613166727906324,-0.0172688200450571,-0.00958065794858586,-0.0177674117097743,-0.0173422169121956,0.00599863294541773,-0.00670331880835603,-0.0155077228909267,0.00646053160430652,0.0037828172608636
frank,100,155,1.86088378090335,0.2,-1.52110969957156,0.72002001308286,1.02088462026932,-0.2935404322459,0.605222007948152,0.242046957502254,1.35069820899718,1.50032636418575,0.84866745139367,1.29348196703964,-1.41478008255595,0.941898581144017,1.29213473541952,0.0805935345065529,0.901063176523574,-0.0247047639055366,-0.0291375975043935,-0.027938536443187,-0.0316767369985794,-0.0363942466577865,-0.00350437659858666,0.00186263704771198,0.00294617016340867,-0.00333807170189387,0.000501421718524471,-0.00813184275852081,0.008663104671576,0.0110368051042153,-0.000886089429935437,0.00684096635056238,-0.00914407087807881,0.00738741360533699,0.00590759461157929,0.0032201815756313,0.0077153211168912,-0.0118372990196296,0.00176295465533657,0.00249807486750346,-0.00219782205271152,0.00200300916463465,0.00222724817354002,0.0112898718736202,0.0097474420230473,0.00813834212668035,0.0129822619573212,-0.00962814624650138,0.0035347487160129,0.00388627846797635,-0.000853785441428319,0.00299646180692942
frank,100,156,1.86088378090335,0.2,26.9494524258961,24.8191498159663,15.9137635722142,34.7752696418703,31.6783782070422,14.3368854389467,13.2802306069969,8.87269003153176,18.2083635386493,16.6766342797537,23.3483298838906,25.3281654883189,16.7286520702253,34.9001975170042,30.8852194564957,0.0348461479234036,0.109751172738881,0.0854520232334313,0.0847627431520817,0.0984035543328235,0.139364669649391,0.122911042392265,0.0744703659788849,0.173630694010301,0.156733563591705,0.127927458690757,0.128790268089458,0.0846851435210766,0.173941035499029,0.158903517368694,0.128610863535552,0.123405920431812,0.0789453309397219,0.171186490198867,0.15502227690916,0.131037843635014,0.122798936675983,0.0769900347924654,0.17393559917486,0.15648638427696,0.138786051763127,0.0989376607030239,0.0504073328108654,0.169107192468087,0.149075590469411,0.132217388330884,0.125517165916527,0.0799176600936603,0.176004463347031,0.157349456896181
frank,100,157,1.86088378090335,0.2,0.0513453224396923,4.37101880233158,4.10879122794297,3.89742991568551,4.09365921963067,1.02040412649424,3.15802296552911,3.0286936993227,2.9239266223048,3.02067811661034,-0.225197945881066,4.47987395547595,4.4411297314269,4.0108098384184,4.07411656744552,-0.088898176409755,0.0288294351659505,0.0304243134246963,0.0148902992844467,0.00993943434631763,-0.00854328082119567,0.00610786554014716,0.00725085798990588,-0.00743275960899734,0.00550780449349331,0.00206882024567635,0.026024749054043,0.024884501861394,0.0222435219775346,0.0228867988046014,0.00359804743466944,0.0247509854536708,0.0209311122558457,0.0222700994251201,0.0244836371326877,0.000501966546897395,0.0236660411640156,0.0213057895843669,0.0201901206554391,0.0222349171730324,0.00883680848932421,0.0302550807078915,0.0302799380140441,0.022546039807476,0.026937903193961,0.000240154333041678,0.0220824417874237,0.0204015663780868,0.0186767534635374,0.0202036258449469
frank,100,158,1.86088378090335,0.2,4.97001102292379,7.33573557851851,5.46843616565711,7.6050839927051,8.84132349646037,3.45407240410098,4.62516254602655,3.70076239260442,4.75936586744526,5.37133137611545,4.64697693842869,7.83823458016191,6.26489123085798,7.65491016947052,8.86773381685523,0.0253735409867681,0.046323521328449,0.0370656943544808,0.0379672642873839,0.0449784156282364,0.0293905780721555,0.0427738533292228,0.033617673708883,0.0382714733013811,0.0455797127397124,0.029231628891566,0.0401987262282018,0.0307198497414299,0.0406679423974612,0.0458404985907705,0.0259111265258123,0.0369481064133302,0.0271874810039542,0.0360812396428852,0.043220367975987,0.02816471883229,0.0333700773985259,0.0214195463917455,0.0338715466345262,0.0396404693347807,0.0340564100200973,0.039127191750379,0.0268940840498155,0.044687071713406,0.0468445845349627,0.0271362327090096,0.0385634042967781,0.0287120579891202,0.0390759661900555,0.0445545498500471
frank,100,159,1.86088378090335,0.2,5.72641156624152,14.974735845078,14.0815511948097,11.8752505022325,12.4920400935817,3.83178683959931,8.40682831811275,7.96404031147271,6.87372362074824,7.18032465506918,3.82399986451703,14.8908907203836,14.641345359722,11.6245488109454,11.1664144832646,0.0276791062987406,0.0811097923349641,0.0691832392428056,0.069375104819592,0.0709925153448288,0.0226958645438814,0.0766591590103919,0.0732291141635559,0.062073900810084,0.0652374681351907,0.0293055829579948,0.0826047162647452,0.0774982374358337,0.0648626921073642,0.0654705268468466,0.0241437846911746,0.0768292485941821,0.0739686679620209,0.0592241160376179,0.060590409515973,0.0159457066162926,0.0690230328548467,0.0695636661645795,0.047678196493865,0.0470720384935385,0.0372238255784492,0.0842815107191891,0.0787948058706031,0.0670457277890688,0.0712576046096365,0.0269193167309212,0.076804753060689,0.0728897851797166,0.0598514161687496,0.0600784050130692
frank,100,160,1.86088378090335,0.2,7.52319178663466,0.777935430741611,-1.65147390927083,5.24083488173447,5.56519936241403,4.71764461743316,1.38004346709937,0.178679310797137,3.5880427964061,3.74857582685196,7.32966066694619,1.33666924427336,-1.53998227327608,5.71708486905237,6.40825868766664,0.0192773876154327,0.0138854388493018,-0.0032785461150772,0.0341661542795642,0.0360663782062711,0.0434686283850092,0.00214858652450375,-0.0170653760730899,0.0303070495816381,0.0298666026908077,0.0427722015871546,0.00507369103212614,-0.0112285232725838,0.032471466258522,0.0328752815415898,0.0384917819286187,0.00372187146504069,-0.0126154671354294,0.0289577023182178,0.0309717296069274,0.0378180761557803,0.00535080061759232,-0.00728648959632056,0.0271144128391199,0.0287710574917599,0.0458218625519593,0.00502363386550332,-0.00788310591684474,0.0340549797117351,0.0351006779891786,0.0403252628550159,0.00282476369771443,-0.0121100377506551,0.0273402523032673,0.029264699405787
frank,100,161,1.86088378090335,0.2,-0.747887980667324,-0.143441160105996,-0.92000508801911,2.00556064532812,-0.216389996214692,0.628376938510475,0.924775814293407,0.540150793715531,1.98869084815297,0.890081736520472,-2.03683791217552,-0.314356391048092,-0.73362204251477,1.71036069497934,-1.0321250650855,-0.00430970425504297,0.0075365908849509,0.00506984930676185,0.0146246956712129,0.002965432106373,-0.00501682555074228,0.000568562855080843,-0.00426590780364958,0.00749610278278489,-0.0017275327167263,-0.0131023622766196,0.00171265202385033,-4.48504742462147e-05,0.00595754715898674,-0.00489861944564872,-0.0134541566786962,-0.00979778933272868,-0.0141614630272582,0.00557442010011702,-0.0131726147220013,-0.0211195336617143,0.00136831973798108,2.73393208028258e-05,0.00741265559746322,-0.00636658218440429,-0.0272226423620387,-0.0217784844326882,-0.0190229011950186,-0.0160414007438998,-0.0346474416669331,-0.0126739411357581,-0.00390434232971615,-0.00744162727026291,0.00619797274990383,-0.00748884198073885
frank,100,162,1.86088378090335,0.2,-1.58458396203878,6.84551956754582,8.54306205665213,3.956755872431,2.22755281224113,0.212513891474912,4.38471816800849,5.22522670069382,2.95521608072461,2.09936304725889,-2.1350474378402,6.12819025805025,8.45409257459319,3.33092180978882,1.25844630746171,-0.00306349224534615,0.0398244007893121,0.0378607599972759,0.0291007985230251,0.0195482055360357,-0.0274280441748758,0.019259066190866,0.028521523163162,0.00852831168680343,-0.00672327233121162,-0.00753750693672599,0.0283292191274828,0.035305012745229,0.0160081039189977,0.00281845899603504,-0.011091594000289,0.0314632571364752,0.0409901072810046,0.0140837063056225,0.00841937442409061,-0.0126888284294486,0.0336119750101441,0.0418917905867333,0.0121002015549672,0.0102150614746571,0.00207386486983578,0.0440393753760299,0.0526412600861663,0.0283869165729917,0.0198734390667421,-0.0114022649696079,0.0329326480619821,0.0403883793999129,0.0171062898001114,0.0101945990294716
frank,100,163,1.86088378090335,0.2,5.98282945886251,2.48121957852809,0.172057998854537,4.4749999687815,4.10439350284568,3.95665617757411,2.22492997072386,1.08301284925943,3.21037847784807,3.02724372676443,5.4163167093678,2.23820421888133,-0.360652065632044,4.40002745161138,4.1828255404321,0.028619825121351,0.0186166511707757,0.0101396162267853,0.0285053522823065,0.0220745797668015,0.0329591477530599,0.0113403236998814,-0.0021408995637431,0.0207475043838152,0.0213665168232087,0.0279423755589512,0.012885899203761,-0.000400152216841975,0.0246370218192657,0.0219281499328711,0.028321475218053,0.00465414588965336,-0.0155111921867519,0.0199846081264731,0.016294949459728,0.0331019205440675,0.0175534766663264,0.00208812298158378,0.0296948876074091,0.0280264473339662,0.0385681784196076,0.00311848031034285,-0.0168765077416703,0.0273352170461746,0.0276228617449845,0.0278767008763208,0.00917823275408946,-0.00314267190052719,0.0203162806404333,0.0184752515783943
frank,100,164,1.86088378090335,0.2,3.89235880045654,2.0228470289318,0.231995262472414,3.4609323836886,4.41589656724892,2.9221646558624,1.99566371125126,1.10906654715736,2.70822669906106,3.18093959014688,3.38962108665769,2.55770364558534,0.986110691816692,3.44332351324493,4.53607585318923,0.0293597254463108,-0.00798319287934736,-0.0313204190900746,0.0200578553702219,0.0215916002907903,0.0229743855694856,0.0162010594632832,0.00273094899810875,0.0244388019356514,0.0286705701584604,0.0208456252064701,0.0172438662693242,0.00741598670715556,0.021861916137008,0.0277294867015931,0.0188533651132667,0.0100518373257177,0.00222965704527952,0.0156739049770879,0.0206939043505635,0.0255491064246591,0.0119063374426567,0.000484899822847618,0.0216165419351991,0.0275316178508276,0.0285980453611414,0.016942455042268,0.00933517652844016,0.0236106393820959,0.0306241719356375,0.0181314300253389,0.0113828176871616,0.00266051706217273,0.0169974378562363,0.0215377182515907
frank,100,165,1.86088378090335,0.2,9.3144899002048,7.1889610643194,3.82815929615214,9.95029524977217,8.42756202345806,5.6069144975911,4.55438817153968,2.89068556635664,5.92106767652229,5.17038740176394,8.35278431397017,7.48036274293798,4.30920345482245,9.71578272057893,7.63114269877506,0.0487156935888402,0.0453471514404239,0.0291398193470697,0.0533635267083547,0.0371720706534814,0.037454486332224,0.0350862547893872,0.0188577794896329,0.051649601055289,0.0297728255577163,0.04112274648309,0.0296465928099272,0.0128601837143027,0.0416302677141746,0.025512909438085,0.0375696928090687,0.025940310100351,0.0102166722019822,0.0404391323809983,0.0229099684901443,0.0431144849270094,0.0321289723701531,0.0143052907383348,0.0485221837598738,0.032603611401926,0.0409026244737288,0.0444372233575057,0.0285688505102288,0.0557723722638309,0.0388567033960623,0.043745696373791,0.0336482232792292,0.0168874380618711,0.0465746101672452,0.0339090718727435
frank,100,166,1.86088378090335,0.2,8.12270097087836,11.2409242141281,8.62531617244287,11.5376716378964,11.5134412357748,5.01507709856666,6.55992521312103,5.26630033909643,6.70628832987797,6.69448824976878,7.1879413485169,11.1484251512366,8.68201526839232,11.4698271809362,11.2703863526192,0.0482788137532124,0.0661579656900902,0.0531014799004441,0.0676646847847442,0.0661258260745608,0.0441733918367656,0.0454896001628859,0.0205434503871478,0.0573694265516462,0.0541969604701492,0.044953208358484,0.0598865184774006,0.045893839952981,0.0605967912537691,0.0616781543650858,0.0406890574337802,0.0546953386445727,0.0380182907750287,0.05821781365456,0.0584245079566965,0.0422403695133008,0.0531238123130647,0.0364938364457807,0.0575113915933025,0.0566411521592952,0.0480018465413652,0.0626140425002814,0.0517728389701618,0.0562621472504493,0.0573129489947159,0.0428432040258117,0.0566657234301483,0.0416184419110658,0.0592988341327069,0.0583733462679805
frank,100,167,1.86088378090335,0.2,-0.692274757733528,-0.750105141438918,-1.16903477869145,-0.432659748764887,-0.960977954864731,0.655785683702812,0.624565052557878,0.416987436487264,0.782728475559523,0.520924211085983,-1.8994503603489,-0.960605190643269,-1.00064277988199,-1.12108061568947,-1.54499789576774,-0.00799120214602141,0.00515215468768392,0.0023455434757591,-0.0030375204544219,0.0029250086183506,-0.018204855818311,0.00156056679014393,0.00302255310696144,-0.00415667594479571,-0.00426446745401931,-0.000787330673654216,-0.00738413421612164,-0.00996875808858263,-0.00152642228925332,-0.00313963303049793,-0.007024213363619,-0.0100155617080799,-0.0107551428837496,-0.00888360871539485,-0.00929063424206352,-0.0119658128212782,-0.011095132832799,-0.0136712675400296,-0.00818967190508736,-0.0104247941403314,0.00384556007947369,-0.00654283896417937,-0.00644498214995431,-0.00702902959565494,-0.00372468409520671,-0.0151214562026272,-0.00960297744749977,-0.00921947824239783,-0.00972945498884239,-0.0118136903744863
frank,100,168,1.86088378090335,0.2,11.4645565361165,9.48962881067727,4.96387464210655,14.828033696777,14.8296789423403,6.66872200022158,5.69150680856866,3.45188626349014,8.33424145991504,8.33449301734304,10.3805794944189,10.1565258206295,5.70758356664208,15.0738987228302,15.2639988327573,0.064481597160843,0.0496235662363347,0.0228265652719846,0.082572610204927,0.0786540231331245,0.0626123090571394,0.0550813268401217,0.0299388549074775,0.081694432303276,0.0820830630859827,0.0599868284188973,0.0560175817891294,0.0335625948052514,0.0820568111731777,0.0813120193832763,0.0617822014127433,0.0500456713898575,0.0264635041024894,0.0763039121624441,0.077802915055539,0.0607494401885258,0.0496196978962188,0.0269615048440057,0.0752159242072766,0.0768069341609927,-0.0215517406436512,0.0380858404582576,0.0249487099773684,0.0482153061985655,0.047453532043513,0.0601035154050063,0.0489268408420009,0.0233145122259543,0.0757276538828408,0.0770726225148657
frank,100,169,1.86088378090335,0.2,-1.00938730963266,6.58119344167525,7.92221800650653,3.9093243801426,3.52950417859502,0.49821603082696,4.25290693682475,4.9169365575802,2.93078120809131,2.74301892524113,-1.98864555437633,6.30597319429208,8.20062523741764,3.6532304022683,2.82501158705768,-0.0161575765845509,0.0318466352245655,0.0426081794897522,0.0174667799493699,0.00531690986445099,-0.025095608572889,0.0205344872765966,0.0236328281496815,0.0155900753868561,0.00574675788181374,-0.0145113696739053,0.0309293697616056,0.036642261358217,0.0165389496755309,0.0111205083976061,-0.00621846237800771,0.036527257108816,0.0416090090354894,0.0233607071723904,0.0211854521728325,-0.0280498065781011,0.0314944188503529,0.0419034666161419,0.01405268556201,0.0108397805800312,0.00376413971008932,0.0427564953215884,0.0491295931579794,0.0295382628791716,0.0267196017660919,-0.0122393616729606,0.0319213370896046,0.0376040750952802,0.0176570220154771,0.015913196645846
frank,100,170,1.86088378090335,0.2,8.61769984415415,10.185773465572,7.07736181890177,12.0025715828097,11.9888381575636,5.26119288878727,6.03693881270071,4.49881472778822,6.93630375005877,6.92965018366709,7.31278082681753,10.342992463375,7.45012822464613,11.9952117304264,11.692961455181,0.0474416040009316,0.0549583981867444,0.0252993812081137,0.0678089427906324,0.0688030641539979,0.0392521540136438,0.0553577142300705,0.0415963887224525,0.0577818308166205,0.0623343203919817,0.0417604967844829,0.05237072395629,0.0356880379688042,0.0576100622375887,0.0599948404959048,0.0412103301284794,0.0545781001894418,0.0380922015654458,0.0602372895548839,0.0618301459110527,0.0409642768545543,0.0494780406032421,0.0296108788425057,0.0583175367819116,0.0562441999969744,0.0413097017925512,0.0577096143778041,0.0425005728622581,0.0668593403140405,0.0591376701331141,0.0419574331053881,0.0512990068795622,0.035145353936488,0.0596576513362006,0.0599456020207455
frank,100,171,1.86088378090335,0.2,9.45950205016149,10.3153591653764,6.7358532168978,14.271762217226,13.6904040329393,5.67925331601646,6.09993890716787,4.32821294886986,8.05847211604827,7.77252243891794,7.42102102307559,10.9088960664276,7.79922373626901,14.6261762843608,12.9827261535218,0.0469944485390506,0.0528343117971634,0.0383028818420715,0.0753968567292988,0.05594668890163,0.0562490831769211,0.0571722330375078,0.0380679017377946,0.0789724006265936,0.0746470553415841,0.0460022747484127,0.0563697653737103,0.0378247625795772,0.0772971579064063,0.0720302468643003,0.0474463831324702,0.0516337326393686,0.0320313842664868,0.0729720174216215,0.0688440076736223,0.0488366806963254,0.0574565830810933,0.0389701624887589,0.0753474512167764,0.071564653542935,0.0559918297111603,0.0610291234765941,0.0434643183126666,0.0813579290802503,0.0693419363474289,0.0436988144726008,0.05294130223647,0.0348518373990855,0.0727816372207341,0.0653556793093382
frank,100,172,1.86088378090335,0.2,2.36615575482457,3.23034790560864,1.77972363081617,4.72287759177781,4.08619283182826,2.16563598487792,2.59424003187885,1.87698674641914,3.33249768060597,3.01775883556274,2.00888758204215,3.27926678571161,1.87191235373379,4.85311671369449,4.04067555239553,-0.0503540176829892,0.00309978232993345,0.0124836636846406,-0.0230499956952153,-0.0364837793583388,0.000679872373137971,0.00811214499885248,0.00556818758045084,0.0126450635833429,0.0128911614202586,0.0126608179179612,0.00779240723985037,-0.00263299062972407,0.0208260823418397,0.0150889633347112,0.014512895491243,0.0176134582592873,0.00930231585502192,0.0263452716927424,0.0219677699210725,0.0153041433650882,0.0184317923837989,0.00897271705101797,0.0252759902159014,0.0225698477658801,0.011887758450374,0.0144030921435066,0.00606147108461271,0.024984395686955,0.0197893436235074,0.0129207146214139,0.015728509106324,0.00675509221547415,0.0237536052567194,0.0198418711463921
frank,100,173,1.86088378090335,0.2,1.38589843548409,2.61585522650611,1.13818718205574,5.53169717193043,3.55186605305625,1.68192327892653,2.28957416751342,1.55838611960107,3.73273195453825,2.75465225136081,0.75976860582609,2.97501109503602,1.77545628072063,5.76108167538415,3.04532672026056,-0.0225954399828218,0.00759755711429668,0.00581783408535708,0.0168726607980454,-0.00401329236083918,-0.00220494739380786,-6.35518372667709e-05,-0.00899736738410776,0.0230731515556422,0.00258996055004661,0.00523499422032119,0.00451704474321515,-0.00501108275163318,0.0249841976554791,0.00533142085187921,0.00668595364652856,0.0148092854185678,0.00678131712202543,0.0296785593212296,0.0157423350160753,0.0057240202865306,0.0146833662841454,0.00720255854773201,0.0277119678060579,0.0116899987302169,-0.0270618340222932,0.0107057561793242,0.0127833961856403,0.010070519699835,0.0178922875408887,0.00439164578078461,0.0131756455331514,0.00428929460104326,0.0284824983618303,0.0144554264517417
frank,100,174,1.86088378090335,0.2,-0.805582449648815,5.95056370848002,6.63450245230812,4.25652049566069,3.08486445661479,0.596986501528171,3.94128838945052,4.28084438121535,3.10207136202678,2.52258336912273,-1.19804643074237,5.45041317466799,6.38802693913477,4.22154508490328,2.52489586880752,0.00341482652441887,0.0235177008913141,0.0100453155819575,0.0280188904929787,0.0224197279584669,-0.0187558530394686,0.0327737561815112,0.0389647892135279,0.018868778289328,0.0150820559007494,-0.0125742694311016,0.0291593951902637,0.0355896950530812,0.0157167420555468,0.00879317015750428,-0.00432376795022873,0.0285464079171306,0.0299273646580741,0.0213759533022356,0.0145628896432888,-0.0151697224995805,0.021733353359658,0.0246718956876474,0.0151841742597106,0.00880196582089242,-0.00186361910491567,0.034050967629441,0.0398574787829181,0.0190830408019396,0.0229231013624587,-0.00545783959613254,0.0286478900582441,0.0296437322073591,0.0219207706149292,0.0149371500047133
frank,100,175,1.86088378090335,0.2,3.87802883211848,2.55614340475268,0.417507621885494,5.76080001943017,4.75140754374481,2.9152987144892,2.2609038851676,1.20352351479669,3.84634449646515,3.34655908978527,3.2633287190762,2.77425636465384,0.575762467296302,5.88100122660465,5.08702641051338,0.0118516386104819,0.00939938192122454,-0.000731647769446838,0.0228725847568652,0.0257347539298393,0.0273618431866494,0.0176027895726869,0.00297202509957798,0.0369980588587606,0.0315048395779201,0.0226134212276569,0.0165207035802467,0.00550522786421707,0.0320902354871695,0.0277495908729286,0.0217334950334317,0.0121828858783492,-0.00292331581249895,0.032073263704015,0.026737532613311,0.0179043068926204,0.00845297144570512,-0.00167999215996947,0.0238181449449893,0.0231321367373652,0.0124635665674482,0.0175490283843333,0.010228021232038,0.0307729355306098,0.0238665700503079,0.0183980580031844,0.0119088162768267,-0.00292321364906771,0.0300435446200748,0.0253689747802192
frank,100,176,1.86088378090335,0.2,16.5586240147244,14.3040125234753,8.49237086012757,20.0605282144528,20.2722029265145,9.19208334660259,8.07488499863514,5.19915238346811,10.923887330569,11.0286694360426,14.3837137486482,14.9249227529196,9.33245539447459,20.459527161692,20.4214310605708,0.0720472446415571,0.0715981066876543,0.0392637878196007,0.106287118079058,0.103467233761983,0.0807974369032297,0.0793139344622,0.0470517662005464,0.108019254035452,0.108641760571362,0.0855184757955776,0.0739263559234604,0.0428572092350318,0.104566616657027,0.105636030581443,0.080209670377871,0.0712300593578966,0.0417600855263609,0.100749396340498,0.102029127394603,0.0862574962246432,0.0774343342272897,0.0477186869473667,0.105430137549779,0.107690977191637,0.075596474382241,0.0811364925293836,0.0477166841505598,0.110090692880942,0.110659689419078,0.0829719092062137,0.0729262151775591,0.0418771641107883,0.102455981666776,0.103934841911051
frank,100,177,1.86088378090335,0.2,9.60854871457206,12.6189152164425,9.20407340785819,16.048860924788,15.3117431471865,5.75193594614418,7.24076993785827,5.55127932148062,8.93833854645986,8.5739895476955,7.8850827254496,12.8801173326066,9.82025034435635,16.3580673424061,14.8314942885208,-0.00238965574993573,0.0393450193761909,0.0311207868015753,0.0654887101438118,0.0446077076126075,0.0516981617726504,0.0658691806750638,0.0462516462614587,0.086044302594858,0.0819750492515904,0.0395755017154425,0.056232664685445,0.0330806721898438,0.0778933719709163,0.0689203477606338,0.0431498837425317,0.061848371201113,0.0402701109448451,0.0818326930580539,0.0770697903204955,0.0478656580927668,0.0622933919561836,0.0437467363679301,0.0808601622996484,0.0772289582347013,0.0490044160842917,0.037377223055406,0.0122853399383342,0.0682771156312406,0.0609783174715781,0.0477400411356062,0.0648779278321126,0.0462006785476298,0.0834932702415868,0.0783974355231539
frank,100,178,1.86088378090335,0.2,-0.533164566844756,-0.0537433693765221,-0.690070609823117,0.976417437548839,0.465535152772472,0.73007010921788,0.968210001851576,0.653699504109626,1.47795794340971,1.22628956163467,-0.310666697857516,0.158493180315803,-0.441244068745391,1.14260187892346,0.254221560585468,0.00728409882991111,0.00921291295050168,0.00620352215070382,0.0134562468347641,0.0120831586798535,-0.0010007327727787,-0.00293041250628027,-0.00609822679966874,0.00331718142946969,0.00708564707404699,0.00219469455045924,0.00431857755384412,-0.000137317767215811,0.0102790571090842,0.00542471411866631,-6.3319000264272e-05,0.00129644261019229,-0.000823248082187798,0.00434414256077329,0.000814860614734201,-0.00282796993497293,-0.000846311525955917,-0.00527125233182327,0.00468418013446466,-0.00541038204000927,0.00677161366637912,-0.0157546474003548,-0.0292219414560225,0.0097882735048289,-0.000851098557981354,-0.00116134520885419,-0.00102859362407319,-0.00506557659309185,0.00476089264268143,-0.00161572449704807
frank,100,179,1.86088378090335,0.2,17.6033843257433,13.0368961924251,7.6476326619681,14.7922111455438,16.7770682185582,9.70812436816114,7.44865424859048,4.78145215960579,8.3170644557843,9.30041465022908,16.8525241676386,13.5461088910576,8.00384548174467,14.8148127041029,17.0663350078934,0.0979141657692655,0.0627832348122278,0.0355758944529828,0.0806311522129225,0.0787671878775741,0.0926809869956274,0.0650704510474383,0.0358757656723799,0.0737562135221048,0.0836080963792258,0.0844202932997584,0.0639164756186703,0.0353956107101569,0.0719625060773125,0.0808711847353721,0.086006749405098,0.0635431085680654,0.0369633658826297,0.0723994102383967,0.0789274773952173,0.0723876844747106,0.0605759799585862,0.0351974197229466,0.0665430476238518,0.0741776313912077,0.0956167220893352,0.0682465578694594,0.0413349852085189,0.0684034547937178,0.0837492548879309,0.0893026661692517,0.0650613322890564,0.0362416417060052,0.0747663583142298,0.0831586221606419
frank,100,180,1.86088378090335,0.2,10.0091982463618,12.8781130809867,9.1210624064249,17.601928974567,15.6204153657751,5.9502453120548,7.36873119735392,5.50864585474034,9.70824884358628,8.72794608559087,8.53338657965908,13.4963551271765,10.2959732616464,17.5317289588587,15.1624330728357,0.0514863323478912,0.0742617428430788,0.0544732060462393,0.0870614613176467,0.082357890804892,0.0533801454784904,0.0701731063112868,0.0529045474560072,0.0919718728470304,0.0809544339680672,0.0424503097637255,0.0674761588683777,0.0490333438764014,0.0870790767138142,0.0753423295878475,0.0481629309223741,0.0662734613341473,0.0445465438119521,0.09131954938852,0.0797828655180025,0.046822552288774,0.0623502534279617,0.0447162120537341,0.0847960065402961,0.0718152631603171,0.0592595367682635,0.0735926475197991,0.0545533078712565,0.0953169577281023,0.0876408568946004,0.0501785810608237,0.0666915596022139,0.0489759519918589,0.0885381359858035,0.0768411126780403
frank,100,181,1.86088378090335,0.2,3.8287960769204,0.997695158999722,-0.862379936180691,3.76193981167751,2.14386321599195,2.89105577673907,1.4904983402063,0.570162028131775,2.85806439943097,2.05739217191125,2.9924777833404,0.758946981467134,-1.10584158134052,3.4937026417797,1.88871423112545,0.011017338534986,-0.0164463441110823,-0.0193129994618652,-0.00690252681206172,0.00461701558864982,0.0113930873338157,0.00519420805765757,0.00190309470485094,0.0109298337281885,0.00637860032192956,0.0192651047710103,-0.00260414295280791,-0.0129636359498483,0.0135885076644062,0.0040347706020847,0.0232822781330254,0.00451106940298572,-0.00778109689428182,0.0205842140484809,0.0129490249492818,0.0117260845369749,-0.00884325341255011,-0.0176692529473482,0.00770669805642043,-0.000244366176710977,0.0116141127523529,-0.00358973415284109,-0.00654113149546287,0.0127053363530239,0.0107187784607228,0.0151049936780241,-0.00045654532773536,-0.0120983795367313,0.0154590210406064,0.00616853549074087
frank,100,182,1.86088378090335,0.2,-0.811446634158235,5.45383390015675,6.04490906188772,4.71668318681811,3.92660280288326,0.593748591308378,3.69354777790656,3.98562592494342,3.33011794365296,2.9399196638033,-1.08206866105957,5.8079602588014,7.16472919607181,4.59412517970895,3.26405722546733,-0.00433092934449101,0.0350190480504759,0.040142491534938,0.025434386960431,0.0288205242854685,-0.00347811791268504,0.0221468646122784,0.0251294222462062,0.0169019799281631,0.0117920716688702,-0.009678211595887,0.0275337182607782,0.0320444822266272,0.0205300854688454,0.0147865509073331,-0.00536187116464408,0.0270581737360309,0.0311571554707334,0.0206090275937967,0.0141405740272011,-0.00523642995146421,0.0329307254408693,0.0351363679077668,0.0285334661490996,0.0234546032256472,0.00181470752528636,0.030914304359693,0.0361215531463972,0.0234675387497689,0.0184123287728419,-0.00541291126610028,0.0298470781753119,0.0337509794313129,0.0231763968134977,0.0167273037421686
frank,100,183,1.86088378090335,0.2,5.12885763434308,9.77542783942351,7.8370852198702,11.6283289553224,9.89531035369344,3.53579969350204,5.83405143998308,4.87488535110101,6.75171974478282,5.89367774109111,3.44434556629815,9.65966950545818,8.1249270219944,11.3454966367926,9.34668820722276,0.0331893108482214,0.0582282397561334,0.0491854110728815,0.0607519937021732,0.0566582416816843,0.0241868282554709,0.0518081876658003,0.0357091695835305,0.0649140920057382,0.0568503357427382,0.0192316130256936,0.0460389380092769,0.0358547431877439,0.0551771971962813,0.0456518575632883,0.0196397579404676,0.046639798714512,0.0366830695542545,0.0572679661390751,0.0476642396748541,0.00398922326201622,0.0416637352186423,0.0385461189267827,0.0374223137546341,0.0343637556758057,0.0351077546665143,0.0497215103614847,0.032506762274294,0.0673222168326574,0.0585376273284459,0.0234530911341238,0.0472279297739123,0.0349628106360083,0.0578566502086877,0.0492941534184714
frank,100,184,1.86088378090335,0.2,9.76643411802979,5.993472669447,2.28859694527974,9.78578736607515,8.29902025307896,5.83041261537321,3.9629704481643,2.12905003803593,5.84027642860538,5.10437317784588,8.62526336282695,6.0302169634233,2.44801086692014,9.37593470990315,8.12193397472536,0.0587043445656676,0.0389621094045053,0.0197286634944817,0.0544528816761869,0.048408438092762,0.0437749837937536,0.0288419984597773,0.013116540201551,0.0484591803167651,0.0432056298002191,0.0461842580716159,0.0216336907430588,0.00573900467998562,0.0390258855228596,0.0348176366937371,0.040763204678351,0.024968334740675,0.00960321147819135,0.0409424851195135,0.0336821985493809,0.0448747279515793,0.0283382009766902,0.0132247876141303,0.0423294187908771,0.0373129582910318,-0.0969713463801895,-0.0450080469155268,-0.023519496311618,-0.0539473434881307,-0.034268272677643,0.0474671480025485,0.0254706001294315,0.0059486519410387,0.0455376454007543,0.0380220891578592
frank,100,185,1.86088378090335,0.2,-1.11617544985392,6.81473890896698,8.22110831248012,1.99955911527944,2.03899002131141,0.446541300401806,4.36945387007448,5.06571541829575,1.98574005086475,2.00599430427694,-2.41257269594316,6.0305699007979,7.81706606203653,1.63172436502993,1.06528117983524,-0.00316264391970716,0.0434228449506247,0.0502649662216091,0.0194758048263421,0.0144622253793683,0.00382040891534807,0.0327261732760612,0.0343962234962811,0.0126305188058886,0.0155954149335448,-0.0249839794713654,0.0374244498164151,0.0431844958404916,0.0121450671898201,0.00846126026407693,-0.0201706526449764,0.0274222513065262,0.0347600321217887,0.00321846588667114,0.00258206192219991,-0.00524737688148612,0.0368786208341991,0.0431019484308344,0.0128671925146881,0.0120237744232472,-0.00100973839581653,0.0403774309702933,0.0328731472368018,0.0190247637932417,0.0169711359719327,-0.0160177723880543,0.0311002612258032,0.0380076350152322,0.00738387416451202,0.00564876134245636
frank,100,186,1.86088378090335,0.2,13.6781078118181,10.5182020378313,5.74077380165253,14.2097205782663,14.2204125934766,7.76496832803063,6.20182688215977,3.83777545481642,8.02860085053017,8.0343374406322,12.6439138180551,10.8899242079416,6.09900611280107,14.3017483602852,14.4038877153898,0.0773671129272991,0.0621090953315003,0.0352669734513825,0.0797693110360734,0.0810922811177471,0.0695370789098913,0.0478890797683101,0.0256823864841434,0.0679905238379796,0.0678581096785597,0.0657134253968781,0.0479118424465204,0.0286215878238388,0.0634679370520003,0.0657014667684139,0.0606151235437729,0.049575460071879,0.0264887479796596,0.0673947546260863,0.0649636726239245,0.0657189905285106,0.0399125470309054,0.0143013072628931,0.0605846677144944,0.0558433254136143,0.0570412786708441,0.0606487707807128,0.0282575406917709,0.0800331064406407,0.0810371395677298,0.0685266898006662,0.0497130979828597,0.0245251999984016,0.0696084890246871,0.0686649643301547
frank,100,187,1.86088378090335,0.2,5.22954048664666,1.88014987942123,-0.121660746642637,3.660986141842,4.21814796434457,3.58534350591603,1.92563772842566,0.934181167791171,2.80753101668547,3.08375236216928,5.51950268918794,2.39943009471506,0.469459463725111,3.54260157741774,4.59510444245862,0.0359076750659214,0.0160430872357753,0.00276339006162881,0.0281803315835257,0.0310588764935481,0.0325860396810737,0.0110787272304265,-0.000122607889142928,0.0180260271630925,0.0243916041635443,0.0207410916037881,0.0127322945181521,0.0050243253925439,0.0167332966570977,0.020372279615165,0.0179229332992849,0.00439015174051144,-0.00305306279291726,0.0119085974374223,0.0140381588911424,0.0177937203429917,0.00692939658024284,-0.00206034273750371,0.0171470284825817,0.0166152994189675,-0.0996219884151366,0.0175870105306138,0.00456736839483934,0.0103044519302209,0.00581820179609025,0.0222337739802337,0.00560685066711955,-0.0032539439970808,0.0152548942604377,0.0171748536166916
frank,100,188,1.86088378090335,0.2,3.62944378135606,4.9653005456273,3.21498011599259,6.46401491118283,6.40850223112189,2.79161112431458,3.45270779627675,2.58684052468231,4.19484877376737,4.16683318262835,3.01703868717943,5.17194090874177,3.58208362723718,6.40446701779185,6.53447929821935,-0.0032949639010042,0.0232278185274103,-0.0203824133504546,0.0387296567783505,0.0412036851046446,0.0255891006736563,0.028086541774867,0.0172431147456589,0.0338876281045525,0.0367992242016219,0.019503902385625,0.0231734047951412,0.0129026994978057,0.0321755899367121,0.0325145039497237,0.0140854162275225,0.0206808800121473,0.0105033179796211,0.0278174665966592,0.0272749412637796,0.0082556331337229,0.017275673183031,0.00929322092118375,0.0194484928416387,0.0225422803290542,0.0223102263237025,0.0337570310914305,0.0258490387643333,0.0406769610013643,0.0415915670107647,0.0172893219477584,0.0241778914472977,0.0148111955603325,0.031168866429407,0.032074289713827
frank,100,189,1.86088378090335,0.2,-0.532727827751625,-0.583227182935343,-1.26510122174675,0.820761790927929,0.512396297675728,0.730176319222106,0.706115619019551,0.369404626429156,1.40085187165923,1.24787257363376,-0.24645968876349,-0.354448823706399,-1.12291840508599,0.998849784687486,0.882289193412015,-0.0192421836619922,-0.0407103611415199,-0.0426184362708881,-0.0607071350697913,-0.045819868309212,0.000438566708547699,-0.00563255040500877,-0.0122642274637769,0.00619483268030233,0.00226515910659283,-0.0019039327387087,-0.00460934748124355,-0.00976188552975731,0.00441446729055214,0.00260919880239787,0.00104101160844624,-0.000537296133284798,-0.00588201513091101,0.00627654108307023,0.00627111922632492,0.00088887908687128,-0.00542053263080464,-0.00950352585674321,0.002138488064664,0.00126720564831275,0.00709082561417251,0.000972842614598239,-0.00431181119250725,0.0114630439916187,0.00631520481401773,-0.00167587939225509,-0.00296533488697743,-0.00815257546838446,0.00440700937803398,0.0036951784888409
frank,100,190,1.86088378090335,0.2,0.54195689014573,-0.224537193453768,-1.33810813180662,2.48186297225439,0.439433486386112,1.26402951332091,0.884528498759147,0.333456037615262,2.22386752704256,1.21500416123157,-0.0517699569800922,-0.233894787192809,-1.24779054698869,2.4082009047391,-0.276698224029172,0.0110767964024286,0.00293606428996156,-0.00744120319907757,0.0223962758796435,0.0095574050584511,-0.000248253941951788,-0.00300550099545128,-0.00661797373000284,0.0115597357852278,-0.00606455432805182,0.000393776601150284,-0.00218872262753987,-0.00867552110163529,0.0129911462729963,-0.00293665379168179,0.000123497750855987,-0.0010875461860339,-0.00650497787484347,0.0130395472791848,-0.00465713549819984,-0.000346598067289783,-0.00302470269666495,-0.00828159595196228,0.0113842110166288,-0.00921476468145303,-Inf,-0.000222687950344132,0.00326459427237299,-0.00451637615587063,-0.0343082387617366,-0.0009176794681727,-0.00497593204163458,-0.0110204133373219,0.00886342559106696,-0.00712492783374925
frank,100,191,1.86088378090335,0.2,9.89851251978629,6.63973183929062,3.53150107185622,6.91080800038049,8.36373820381308,5.89458537696379,4.28259629155738,2.74445344761292,4.4163233942511,5.13563767487571,9.32372108850962,6.70771230726627,3.51457619489488,6.75668165622654,8.48273452191048,0.0532968148650004,0.0213979598910624,-0.0208780107912229,0.0425510039215137,0.0508553748772139,0.0377811174771021,0.0267437079521353,0.0152915096486432,0.0242460779433929,0.0359207123105226,0.0390081573778434,0.0321678732133761,0.0190060861924195,0.0310510535333106,0.036494996255797,0.052488405468731,0.036289600315239,0.0186785233063122,0.038825127411494,0.0453777376994906,0.0329195365205473,0.0175910937476341,0.00766002854665079,0.0169620001641228,0.0198053211209885,0.00690328828964054,0.0020488223303639,-0.0117439156781224,0.0148649589057352,-0.00102745728402982,0.0487607201657385,0.0307501262220341,0.0146155278266112,0.0331443091733791,0.0391032752727059
frank,100,192,1.86088378090335,0.2,13.2621182962007,6.55809982695833,2.13875632678157,10.3241414364867,11.6159659982252,7.55891774887846,4.24149555626177,2.05433043425951,6.10542367076255,6.74458180670813,13.3306243697969,7.25282962167465,2.6506552531353,10.3560545863321,12.5125992573814,-0.0604737826242427,-0.15386944524447,-0.130517810723048,-0.163461610695745,-0.156185227429123,0.0598402644356955,0.0364687181789108,0.0143922885582793,0.0530403039134235,0.0598010894539494,0.064372294082518,0.0256394897419094,0.006693441958841,0.0476008805282368,0.0541979945115756,0.0726226460301998,0.033773426624469,0.00991232435651864,0.054787208310946,0.06192843405118,0.0704058234941883,0.0247178680137346,-8.51260764597272e-05,0.0511281341657076,0.0534784202843627,0.0760635350346157,0.0234783576181734,0.0017593187747177,0.0493589467239504,0.049999757559271,0.0674945751947905,0.032424472773356,0.00963585561479683,0.0510272874785457,0.0581485475311898
frank,100,193,1.86088378090335,0.2,3.92441390262199,4.79961962203949,2.71250780392002,8.0170924747398,7.30945307260111,2.93845931425068,3.37011096044034,2.33793048067329,4.96225273342896,4.61279223440036,2.81666797437369,5.20296671624631,3.2748219038937,8.48026552858317,7.11420017792418,0.0269917918044729,0.0327603226499928,0.0227628233425954,0.0487258962965084,0.0422398866285587,0.0217379597171069,0.0275619814819416,0.0137026389547694,0.0470633973034656,0.0418183510135126,-0.0025595556879745,0.0168184827036717,0.00230566183054966,0.0351842196115301,0.0215855591426688,0.0216015690447948,0.0250209857155033,0.0101828822128792,0.0442729926517006,0.0397988090518777,0.0192674476712866,0.0263995592434036,0.0142526962386773,0.0452573750759601,0.0357187431350803,0.0265066923665212,0.0309473066410981,0.018029511642499,0.0495657939754624,0.0459931116703857,0.018352737517896,0.0269075601425669,0.0141436059920905,0.0438859666713192,0.0382988880901244
frank,100,194,1.86088378090335,0.2,-0.508117766095744,1.34005139368097,1.08336633420804,0.764941680179894,0.859563841704397,0.745228299009466,1.65820604180518,1.53089439611482,1.3741539128259,1.42149126361241,-1.18606631540174,1.3586231489358,1.44901115753938,0.586945563064318,0.390063423407112,-0.00631437755263904,0.0100390337389485,0.0107788558142309,0.00761205828895366,0.00985174417086327,-0.0268706784970355,-0.0127895832855249,-0.0102780921007756,-0.0186747930877434,-0.0316567532076032,-0.014263321112342,0.0047586403509568,0.00341632924436967,0.000950367721833322,-0.000793781832001415,-0.00863286846784966,0.00325374656987946,0.0027419393929511,0.000830999886250019,-0.00228963640727524,-0.00115997252124912,0.0117950853850714,0.00915198791879863,0.00696926428358948,0.00902197183223578,-0.0121353570299679,0.0162062818059157,0.0151079850421226,0.0117602555331915,0.00671154179675151,-0.0052378287798656,0.0091506422490236,0.00800338489373361,0.00505915876393626,0.00426349118140685
frank,100,195,1.86088378090335,0.2,10.1017831210575,16.1102841461608,13.2816079545804,15.0018618438166,15.6716226704915,5.99603306522275,8.96938464130478,7.56950644746108,8.42071062106608,8.75327364896042,8.71839192927253,16.2207161154913,13.7105294985991,15.0345345296007,15.0717615781336,0.0150924611179895,0.0870373269487079,0.0761259127915691,0.0849697520757336,0.0857681529358374,0.0382955535943531,0.0836807832286984,0.0725590713145758,0.0760260251039977,0.0746684151027415,0.0517678308662933,0.0838944262656792,0.0711986035366768,0.0776117312779037,0.0824606703424844,0.0525778666227698,0.0830810820159278,0.0675250960381416,0.0785553795652236,0.0794841604242348,0.0456703406740082,0.0855696989807724,0.0720066307235678,0.0777470043980305,0.0808828574608605,0.0197876680043562,0.0305466808293004,0.0145271861051836,0.0269153488261593,0.0506711293213822,0.0494752414162739,0.0829015543515694,0.0682748657324515,0.0771690721613558,0.0781026674874124
frank,100,196,1.86088378090335,0.2,4.20061085039217,2.92390769018043,0.509352988274793,7.41719397786749,6.850158940827,3.07262744715069,2.44117212470544,1.24669721398256,4.66557777982716,4.384317773619,3.97939868013506,3.57757918521283,1.16984140411967,7.80080102839245,7.38008265363409,0.0296870463335701,0.0212349436957088,-0.000626475929431389,0.0468483966615247,0.0442196091448376,0.0274259475104482,0.0116571745417472,-0.00603660565467962,0.041151365539971,0.0360656407211297,0.0249722518341756,0.0142867949180505,0.000809873717029357,0.0352276769510772,0.0340185259197258,0.0254624431269074,0.0185563392824294,0.00600217152201962,0.0385557375774861,0.0370500268634247,0.0219458896669204,0.020283602569711,0.00704814129454657,0.0400660025760139,0.0377474154481857,0.0239023396037689,0.0188388775500854,0.00850216268697363,0.0335773403895719,0.0379432109539695,0.0240793068640211,0.0145107785377089,-0.000159078427046537,0.036736800718267,0.0357201869544283
frank,100,197,1.86088378090335,0.2,0.807587874490747,-1.755596414072,-2,1.18967840142017,0.204422578349202,1.39412109056839,0.125876708449144,0,1.58331325201849,1.0956483132982,0.733786620763864,-1.40216017516776,-1.80831682522383,1.46696605203578,0.565793708051747,0.0130344955538981,-0.000417242756047734,0,0.0150828799471924,0.00675525073339552,0.000903032011202668,-0.00636580189702649,-0.00160946039231326,0.00906036056925969,0.00229332830334089,0.0059229405520139,-0.0064908900316673,0,0.00949559782666188,0.00421971090904297,0.00555673169221708,-0.00819421912025174,0,0.00801011285465688,0.00256693415008391,0.00388565108598453,-0.00595973454579823,-0.000124710007679596,0.00460744379512624,-0.000759204912882592,-0.00233155866515562,-0.0139097079515132,-0.0053488036204162,-0.00875581249235166,-0.0118964906857699,0.00680856088561214,-0.00794804590728869,-0.000198674075173884,0.00852739750385611,0.0033893408166879
frank,100,198,1.86088378090335,0.2,16.4470485925556,6.79563922343084,1.35121478986916,13.6326205714218,9.91038152765973,9.13754343727443,4.36062064813475,1.66607770311181,7.74334163493482,5.90673266853015,14.6559755961198,6.95100088784254,1.42161533064935,13.6416121951489,8.35340166880116,-0.0132898828741611,-0.0175268408561752,-0.0220329921602284,0.0315842203723479,-0.0466046289715609,0.0826605632368821,0.0275529787700381,0.00204467817457447,0.0619636229922999,0.039251646791295,0.0800026606457529,0.0382135012625709,0.0114476344277568,0.0718183218998523,0.0419823486522174,0.0823548651763083,0.034108413629206,0.0055222862850492,0.0720729886896069,0.040338272213921,0.0821583850196839,0.0350229294633715,0.0079020147427173,0.0700457923499094,0.0435668857031623,0.0809452318109299,0.0388955377124275,0.00861330044442655,0.0773580421877216,0.0532222455211991,0.0789625480395052,0.0276885329987053,0.000116311056029694,0.0652505620873939,0.033484609541225
frank,100,199,1.86088378090335,0.2,-1.31095286273733,-0.28208412801508,-0.479931248816152,-0.291148657190419,-0.0767097444600373,0.347426724285166,0.854468338703214,0.756043882700046,0.851265359025698,0.957404867118712,-1.7121363098492,0.057288865503841,0.232572479660331,-0.421186351782356,-0.256102052888017,-0.00455869341445408,0.00766214882264523,0.00748471848464483,0.00604090454050132,0.00719537660455138,-0.0387599838900183,0.000661235586824049,0.00431538324185765,-0.00890584304398724,-0.0149571344117035,-0.0119639782425951,0.00176849281667452,0.0022167937499307,-0.00150134189363191,-0.00162309979876331,-0.00695600548734002,0.00194823204008728,0.00167911998002949,-0.00108953833914736,0.00185464919813365,-0.0153215148948212,0.000817079007513402,0.00103692678324552,-0.000282900864986192,-7.67714176413081e-06,0.00337411350802026,0.00707825970075821,0.00603305745857357,0.00799273797006815,0.00955288829658973,-0.00708361195368298,5.68954821632015e-05,-0.00020494459876067,-0.00178581750582677,-0.000865543799930148
frank,100,200,1.86088378090335,0.2,5.19490226100594,2.31460053984139,0.254623954235866,4.07086565527632,5.35910426568551,3.56674752294493,2.13997996338641,1.12007153893009,3.00984288358526,3.64739878704595,4.89714300614634,2.8731514781436,0.909718302818467,4.14578959361294,5.77083239375681,-Inf,0.017138018378382,0.00872401537222477,-0.00328629302338985,0.00577089964917145,0.0312561922338708,0.0118963501789197,-0.000569904861160605,0.0262273110164176,0.0312325227305866,0.0173810466605271,0.0162513970345149,0.00735133676148611,0.0231107634019526,0.0269567497064667,0.0254148779995501,0.0116144104138206,0.000573305902659065,0.0218004821474636,0.0268303844645203,0.021219058009084,0.00759061459408944,-5.84022336947018e-05,0.0127409052816668,0.0210754302374741,0.0317895488027295,0.00360934383538971,-0.00400490292469017,0.013771232627493,0.0129022018325478,0.0261996424595187,0.0124436168501358,0.00258417119351034,0.0201011144733656,0.0271076643429803
frank,100,201,1.86088378090335,0.2,0.262248645612788,2.34010301475143,1.30553827694027,4.44523720875411,3.44579575715498,1.12438186854722,2.15264821963872,1.64130571391769,3.19440271538774,2.69975320759851,0.0769011974622491,2.60186301973036,1.58977737281626,4.89081400954273,3.58317572087811,-0.00137685726247084,0.0211623174841133,0.0159907596540772,0.0218554797780367,0.018811647507816,0.0052460991829018,0.0133238292577503,0.00542280109497375,0.0258105959257767,0.0201495062425508,-0.000690294891708915,0.00816851128805977,0.00265735533774405,0.0200571097437223,0.0148535981962708,-0.0024448897363722,0.00815522211744513,0.00416039852379464,0.016719763610882,0.0118105738148419,0.00357278600000121,0.00955748812634653,0.0032565950361025,0.0212024592993345,0.0163373502315941,0.00967048964336262,0.0122040472561664,0.0034308615494357,0.0267114837955005,0.0203263180026807,0.00269591649939456,0.0120573295112646,0.00499018368957091,0.0236467889130418,0.0186707020913946
frank,100,202,1.86088378090335,0.2,3.07871301717502,14.1199884796803,14.6405231193941,10.9746157592192,10.5093486485809,2.52093789864908,7.98453177220532,8.24239329566485,6.42794731152874,6.19839068527875,1.62971608425117,13.8361609325725,14.9504940532085,10.7639589712456,9.4771541618183,0.0240821372578006,0.0742060737020836,0.069673399625738,0.0647361099655496,0.0617896208978881,0.0144618734367138,0.0746700067683104,0.0746968278173965,0.0625432303746751,0.0578137115042621,0.00973112760518736,0.0750955747864995,0.0772704901917226,0.0572492731758651,0.0529277118551199,0.0102928189280991,0.0710128728976902,0.0720040213409201,0.054548117835297,0.0509445637110961,0.0181019804255799,0.0731131631047999,0.0731071033885069,0.0586823036162066,0.0556705889355967,0.0193099737639072,0.0798754861506489,0.0829970230484122,0.0552322715918314,0.0605730612306747,0.0115270563276591,0.0696996889750357,0.0715554324437629,0.0532068601031481,0.0498119163042013
frank,100,203,1.86088378090335,0.2,1.58003007373134,7.82741867577537,8.03784558807327,4.501780067841,6.19228312592245,1.77737867599845,4.86895375315494,4.97312289899019,3.22361779996247,4.06057094548743,1.01789728586397,7.93142276907504,8.57147287859593,4.37229131128921,5.70549722698389,-0.0187289466430219,-0.000571976258284765,0.00330487092464154,-0.0103506107330424,-0.0303755209005287,0.00722041700460035,0.0368392311858698,0.0386485139840222,0.0173658072148047,0.0260386528947189,0.00849846228409146,0.0405313448870856,0.040698856311774,0.0221448584387796,0.0306990539377692,0.0100560720844232,0.041207964019267,0.0428806122906354,0.0205686109180233,0.0313554555345583,0.00303735111729757,0.0367842439397106,0.0369113272838564,0.0217987244629733,0.023553535759076,0.017271309617038,0.0433295193103498,0.0353657154913867,0.0322865554238832,0.0405921408630395,0.00687253413817942,0.0392639881336493,0.0402658403358222,0.0207926705947641,0.0292341919974453
frank,100,204,1.86088378090335,0.2,20.019322042642,6.95149159253377,0.831252768718718,15.1756448626711,12.9923489053571,10.9078126098527,4.43785580314986,1.40926022710253,8.50776462646436,7.42676753236744,17.4616459718667,7.10262836567776,0.663486948246686,15.0209866924945,13.2387950855322,0.0896968934354519,0.022346323066526,-0.0240578311984865,0.0605867284268951,0.0710732887993678,0.0630720836831755,0.0375088712708911,0.0121493897527419,0.0762559615789966,0.0617124068019426,0.0887528699174014,0.037608867746144,0.00626203783494073,0.0787571558753552,0.0665582556460653,0.0888130531800058,0.0263652484304752,-0.00598569213524159,0.0718153659646858,0.0620685842022865,0.0928815743866732,0.025713280226989,-0.0103208859144493,0.0704730080397574,0.0604730445639077,0.109176591952436,0.00640015395649369,-0.0166651658548422,0.0508568974283978,0.0427531932002664,0.0897920485103868,0.0290049790531548,-0.00200253568818344,0.071148784813938,0.0609856775336053
frank,100,205,1.86088378090335,0.2,3.95325343740642,7.33885830055628,5.50675319593847,8.92849176255005,8.16805488822311,2.9512571015717,4.62735814365349,3.7208826507368,5.41468531018449,5.03804207964417,3.36648023031165,7.53145728924863,6.0265549452516,8.91989520535546,8.01870662821164,0.0297607598859039,0.042887924079022,0.0329083175147083,0.0531774133698918,0.0490854542835362,0.0141766976238241,0.0383950647130049,0.0285357910065574,0.0411010207427447,0.0392028696543578,0.0233337434813709,0.0371590762211274,0.0270166883608439,0.0442234774290346,0.0422146966258629,0.0179658589208817,0.0269997352849472,0.0134324378084074,0.0396874437027337,0.0326845023985983,0.0181580039986867,0.0314965692138215,0.0214733985242694,0.0393146561979646,0.0340851311933143,0.0211617662881562,0.0209388802394402,0.00859492227367967,0.037882201925787,0.0276992253208235,0.0222403509235078,0.0384902999059292,0.0277364352635894,0.0469686366971447,0.0430759596177905
frank,100,206,1.86088378090335,0.2,2.16585256198265,-0.107681486234057,-1.32190829686949,1.63515419572337,1.10593178304659,2.06599967182923,0.942208631209581,0.341122794213629,1.8048872725627,1.5433773450829,2.21919653725986,-0.0380524230198398,-1.2252433199202,1.49214780620176,1.03545523080907,0.0172204869394882,-0.0243968213667433,-0.0380089517291988,-0.00272264264656666,-0.0191862985814733,0.0195834928547131,0.00568169238031367,-0.000820226093323707,0.0115165078184907,0.0128756764640462,0.0153013529039807,0.000852764915667132,-0.00537667915658857,0.00746022237019097,0.00726720879949138,0.0111294885574385,-0.00275933590356827,-0.00677474604419265,0.00587534043761414,-0.000225720155895284,0.0178813855337046,0.00308591364166023,-0.00203831346066366,0.00975636031597083,0.00930635477812116,0.0203362053268028,0.00679045522266288,-0.00492715522214306,0.0180123086000665,0.0151820294353979,0.0123915364030638,-0.00375169023468316,-0.0105459561707004,0.00587956616642684,0.00178764735846216
frank,100,207,1.86088378090335,0.2,1.66945956799683,3.66042536629571,2.30573826768288,5.60512822653253,3.97404799368007,1.82165599491231,2.80722570127689,2.1374536816016,3.76929905430984,2.96322280935848,1.11002931841071,3.72821211168804,2.52769192809485,5.74666210346772,3.54611221240298,0.0138482185848338,0.0214952265844294,0.0143001300493803,0.0302414131335133,0.0268878385551673,0.00255829271188365,0.00848140517637415,-0.00232711369000469,0.0209510788170621,-0.000901092982545411,0.0150997873236671,0.0232042985400784,0.0135721496054192,0.0332233631981014,0.0273950360322934,0.0084952526501951,0.0159493519012478,0.00754970751933527,0.026596045564006,0.0163032006606536,-0.00575704736170253,0.0125071806025403,0.00637395454437088,0.0178163746241165,0.00637045872710003,0.011081837927835,-0.00788840619152754,-0.0373495693450893,0.0287315108620571,0.00977389359532999,0.00793285287376942,0.0191797753226186,0.0113106227550612,0.0285193612583923,0.0185761738079404
frank,100,208,1.86088378090335,0.2,-0.0961836430250409,5.55321280039832,5.80364139103061,4.77391196240292,4.12747260043136,0.94774113667407,3.74343193591877,3.86755176804979,3.35814964016934,3.03909051206143,-0.507044382881692,5.61984521115279,6.48990519458502,4.67865857009553,3.5019364182258,0.00951047225829542,0.0233987270116177,0.0158038661247577,0.0246527325120892,0.018562289081471,-0.0207402679108591,0.0147977545747539,0.0206994502107008,0.00942994183787185,0.00781319530175992,0.00524476992187752,0.0332422852559344,0.0345183807445109,0.0274745233750062,0.023195446762303,-0.000706584045877958,0.0321003639584021,0.0310417257423049,0.0278279840299356,0.0232409682321865,-0.0050625253842399,0.0290259227163836,0.0307290674836654,0.0231635151268157,0.0133543272769727,-0.00673906996016219,0.0342082821920874,0.0380461051905481,0.0269221541274267,0.0184807115042525,-0.00103641309670279,0.0288148010047129,0.029122632056306,0.023639411657384,0.0191514268010361
frank,100,209,1.86088378090335,0.2,0.610890842057157,0.447354653465112,-0.655152405121803,2.47002208521902,1.74371205186847,1.29562422093732,1.21697707517921,0.673047630459828,2.21687112013026,1.85696568930724,0.914346052202755,0.480933267621768,-0.981531585721845,2.81486824893306,2.26123954177209,0.0130429539997359,0.00470992990597289,-0.00388291682988377,0.0169603757618737,0.0162282208412026,0.00106393357234713,0.00907732529363512,0.00415922640782639,0.0186805825317384,0.015270448210812,0.00874394583605074,0.00180502675560088,-0.0109215393601698,0.0174874094423929,0.0134475198628996,0.00648565540428566,0.0015064870562625,-0.00567817011243254,0.0119860268865763,0.0109042023603268,0.00573754934963939,0.00693022255945748,-0.00158531159249478,0.0172301658638873,0.0142172465400607,-0.00607150422368849,-0.0467266127179338,-0.0624550060162547,-0.0154684390238852,-0.0189415703226961,0.00738248396444285,-6.40699148745241e-05,-0.0110084321308673,0.0138532246619656,0.0108902644510991
frank,100,210,1.86088378090335,0.2,-0.819783936422555,0.476821102249597,0.196795006838134,0.369106770401203,0.492950090868496,0.591303292748232,1.23081967567143,1.09196448782063,1.17848251804037,1.23943831203382,-1.43631094646439,0.587953203598963,0.621903087778529,0.0818749049138403,0.340411149250754,0.00394656783837657,0.0117477795436664,0.010931873289523,0.00918853935531097,0.00884198133887739,0.0025335614457897,0.0103715817312227,0.00690753471462488,0.00998647863506711,0.0107818628797521,-0.0190281592730492,-0.00150209495795576,0.000149898476753896,-0.00955387240916397,-0.0053950067047902,-0.00400402944335892,0.00415472027424793,0.00205896656859326,0.0030198834326509,0.00400938788115604,-0.00422626408682228,0.00686756621262376,0.00286067570813523,0.00953541638594774,0.00841375795914922,-0.0198850168626786,0.00726553224126788,0.0100201515035437,-0.00067012569870017,-0.00408408804724173,-0.0112847445786615,0.00104406339147374,0.000977676732627622,-0.00180072819991698,-0.000637301746018013
frank,100,211,1.86088378090335,0.2,7.6643932544915,8.01391699122976,4.80312212574723,12.1851784960775,12.8231747095867,4.78881048707774,4.96007651532736,3.3709456068753,7.02549016287799,7.34109640308777,6.49968476488457,8.8549047787145,5.9981625835271,12.6173421200136,13.0081807161651,0.00778011086372505,0.0403830556345272,0.029851615574971,0.0621376846745437,0.0509850881292102,0.0323746021432945,0.0407072080981647,0.0231950429469792,0.0582037990171037,0.0641159566582031,0.0365827795776641,0.045483131779714,0.0268060299099531,0.0690954111547483,0.0706680118341094,0.0362417561714414,0.0434323783600406,0.0273903986767632,0.0615840602985779,0.0654650702628886,0.0417446640052805,0.0474575016069275,0.0316090728194711,0.0679727718875,0.072060028127803,0.0483099531893417,0.0463794339690018,0.0294940040192477,0.0623381998359893,0.0730111804613183,0.0394143934334902,0.0440524977717399,0.0271320397040161,0.0632247087593661,0.0674574286103716
frank,100,212,1.86088378090335,0.2,4.22094029788945,4.60063493325722,2.68753093236394,5.30589722960925,4.68712549275816,3.08393866015904,3.27318669335393,2.32654759246505,3.62219561084941,3.31612546239261,3.70584883341393,4.44256879386341,2.61716964252688,5.06018618676728,4.40977491112456,0.0306073558806452,0.0295599176020598,0.0191580282224291,0.03474843622928,0.0327041613174899,0.0209299222782246,0.0172886670518352,0.00745042426751352,0.0209803162027662,0.0189913438644815,0.0259419044517852,0.028142207973187,0.0171542905602474,0.0329896887057383,0.0279195269025003,0.020764505669232,0.0222007109174926,0.0131365849862026,0.0222088241215365,0.0224403667419685,0.0163429650319568,0.0103024222138971,0.00271586132000624,0.0138861223545237,0.00802223067561001,-0.00867310278553346,-0.0194882681634164,-0.0329035388846967,-0.00212183764958466,-0.0178569538954842,0.0219158423478497,0.0207373399650868,0.00989252054519197,0.0251266155219749,0.0209456561625273
frank,100,213,1.86088378090335,0.2,13.37430967029,17.8069397758403,13.5275660982256,20.7702272044616,19.8957928729141,7.61546470149836,9.80959671888676,7.69243980363877,11.2762487646322,10.8431999515707,11.4717278007065,17.8269248150229,13.8828394120272,20.7428326670209,19.4967900640175,0.0762920112268314,0.082133001422411,0.0513106716113075,0.106086470245178,0.0944686472573206,0.0655389920207562,0.0936712862018036,0.0736264239670349,0.105476775508558,0.10452747705679,0.0651618488846463,0.0775944202794207,0.0539020624695071,0.0973641832194255,0.0898092838424289,0.0663894334143296,0.0908204305181347,0.0679608488801398,0.104604002069172,0.0999426771261861,0.0633299614065574,0.0912239351140421,0.0682822060078463,0.104529242259377,0.0996918359715957,0.0467413040690913,0.0987204954552078,0.0775628682942457,0.11188877464098,0.109263850992542,0.0666350672419521,0.0856786887866624,0.0602884330778887,0.102195783783862,0.0988280659598912
frank,100,214,1.86088378090335,0.2,0.816979383291635,5.196321176062,5.05320043461785,3.21797246152225,3.39455122732064,1.4027749100661,3.56727551378243,3.49558993361543,2.58969597231922,2.67692961149372,-0.601684594538013,5.09900074921363,5.62047710630906,2.5652514937968,2.58119138848812,0.00285437994045728,0.0311957975823656,0.0334875995044922,0.0139999993040909,0.020161565233735,0.00852164524279128,0.029155059754378,0.0284937445433704,0.017834296868376,0.0179608754955488,-0.00468820729045854,0.0238405879085808,0.026157575534911,0.00981138704135525,0.0104002276702771,-0.00220592847436554,0.0304065559558171,0.030838442061678,0.0172322460287704,0.0171921105185179,-0.00675145486392205,0.0245526264437156,0.026345143686968,0.00912602625961108,0.0103361319730122,-0.0154138522321308,0.0339944314048926,0.0350607577389066,0.0090643890982904,0.00945209028916692,-0.00200270551765367,0.0266147383528261,0.0269152727389051,0.0149186582079931,0.0151823396828431
frank,100,215,1.86088378090335,0.2,3.12414136363019,1.06660268774839,-1.12590610936583,7.09365217107963,4.35598898483651,2.54313958188166,1.52270053512431,0.438347749612438,4.5059420250687,3.15066259161987,1.78485853534761,1.48374641379741,-0.696056202002045,7.29906323796695,4.46119375787046,0.0193379648431213,0.00121013000228734,-0.0246529433001012,0.0429697244709999,0.0287632610439006,0.0190514090888398,0.00632742524769987,-0.00529734680880262,0.0402897986662918,0.0255570548486535,0.0107707494968219,0.00923573711238164,-0.000571257545778938,0.0356439505308474,0.024031301424958,0.0148690982264878,0.00254849669419736,-0.0110986534450656,0.035185051401617,0.0213795550084972,0.0148529490684857,0.00896593680653802,-0.00137554944183899,0.0358039974772375,0.0243561621508776,-0.0466455988453003,0.00915288411888656,0.00415704267660234,0.0242531200995642,0.0122897890872108,0.012980072736546,0.00233322416247511,-0.0116283812675149,0.0340847094737238,0.0211568851228638
frank,100,216,1.86088378090335,0.2,-1.01845395040634,-0.465951195439901,-0.449236437210029,-1.54024302115928,-1.17336437516331,0.492464169896685,0.764862951934281,0.772819873507819,0.233374785425567,0.415961860776926,-1.25635499761593,-0.565727777319205,-0.359190045972746,-1.81906316192275,-1.69680369971504,-0.0150556531434324,0.00697271980655419,0.00377491119283289,0.00223160561521381,0.00145435886161621,-0.0040950165689711,0.00343894257909287,0.00313397708285808,0.000714407693641039,0.000290836574430364,-0.00320708339103008,-0.00337009491430518,-0.00349120022136631,-0.00735235297882732,-0.00800097059040022,-0.00760760798046783,-0.0060597783280083,-0.00550545283861029,-0.00934936906240432,-0.0120328528443823,-0.010403717885548,-0.00579335695824672,-0.0093691054501912,-0.00551345776359657,-0.00792860190473159,-0.0170049616009872,0.00703585176883172,0.00726172687045599,-0.0174924120278659,-0.00257053131299484,-0.010295765716338,-0.0018077283031843,-0.00109129925378442,-0.00818591298929388,-0.00804370967393842
frank,100,217,1.86088378090335,0.2,-1.99700307185246,-2,-2,-1.81291671711231,-1.97849818229795,0.00889781427388753,0.00287969569567681,0.000355048415625467,0.0978978501428233,0.0158356192697594,-2.05527964211871,-2.1376705710452,-2.29612086178884,-1.88860584587546,-1.93049622376569,-0.127444354594933,-0.0903275235200662,-0.0899658599398739,-0.0806002990718712,-0.0805449467129648,-0.00828870331968781,-0.0198829555509802,-0.022405521697272,-0.0181845914319301,-0.0210628045092663,-0.0490822510210589,-0.00748803369683903,-0.00637504761767397,-0.0194688251162351,-0.0200639874974818,-0.0331375960963247,-0.0036281095243611,-0.000861183771541098,-0.00697231847062117,-0.00845690319542389,-0.02895692063951,-0.00829412826708101,-0.00492024090244105,-0.0153502729983849,-0.0160882201958536,-0.0817278916172348,-0.00217133840897833,-0.000350462625381946,0.000185289330617371,-0.00609455265343151,-0.0177666623450263,-0.00526215513175717,-0.00219500966883383,-0.00745584577363704,-0.00836049332060253
frank,100,218,1.86088378090335,0.2,16.6105891868703,9.32112445574032,3.09749068261812,18.3962176807981,16.5404427209046,9.21725398498922,5.60891823065142,2.52954885631994,10.1001677458554,9.18186602803314,14.805167836885,10.0010683762074,3.73712635779969,18.780712572618,16.9154805490428,0.0888545066202109,0.0440138417657393,0.00914144114240325,0.098572175802072,0.0751157759525167,0.0652170690585367,0.0260443795198477,-0.0116085065595281,0.0797536531149309,0.0656189970039939,0.0867215879473617,0.0476694342397389,0.0135015010693727,0.0927037248479587,0.0846274933874602,0.0832789019653414,0.0474076286330439,0.0120714350358545,0.0946653962726175,0.0852497058927181,0.0849138356687582,0.0478322281084054,0.0115368073642754,0.0971676185258706,0.0859376456378935,0.0643204184242228,0.0564774519515614,0.0229841419570962,0.0975742176748039,0.0874499753300683,0.0834954501832208,0.045276610873825,0.0110400101318788,0.092693387502659,0.0834109121924106
frank,100,219,1.86088378090335,0.2,3.18727394389488,9.28172445683717,8.96669934334499,5.19428652801327,5.76375948628923,2.57265597786327,5.59084522851288,5.43502150606499,3.56807557238739,3.84970609582621,2.72950157376232,8.75319874920914,8.776602139344,4.48389148864117,5.12150697357914,0.0255911539728345,0.0517719495638906,0.0494382747547861,0.0355139981119737,0.0319442551882755,0.0164624862364486,0.0486030772206224,0.0473914997772027,0.0302876968014238,0.0302068647804391,0.0115659464887442,0.0421874759536458,0.0417960464383901,0.0172297565703688,0.024477450629496,0.0161567066398335,0.0365694380001816,0.0352451319320512,0.0151625126059749,0.0178340900147492,0.0174533466569836,0.0447644819904663,0.0428475309566215,0.0255475947289376,0.0257411947724778,0.00536888852785277,0.05409166310936,0.0547799478637654,0.0316450436563431,0.0306856740940901,0.0150771804330127,0.0416519213067556,0.039619918122864,0.0204218241723336,0.0242534970164175
frank,100,220,1.86088378090335,0.2,-0.404094808126481,2.24973409558106,1.73473399373144,3.41868395400733,3.16558266353161,0.79356441960043,2.10803237615452,1.85453117961903,2.68603208504325,2.56036273552743,-0.154191391991496,2.50849970105944,2.02896974824618,3.84030628892386,3.56684177768714,-0.00781780900188151,0.0147956677124677,0.0140713409943525,0.0207651172214368,0.0178507856687283,0.00360567515539769,0.0134515915717657,0.00899238681363428,0.0211590947286731,0.0207362817618513,-0.00288238849696591,0.0098898038862663,0.00520713770363281,0.0154891314616187,0.014197774051893,0.00211065579423296,0.0158373388193475,0.0115410316593089,0.0218072715702163,0.020975002244819,0.0025010532646314,0.0173974678042717,0.0107143063015979,0.0245145651562792,0.0230850597764749,0.00760566515027804,0.0190653561713791,0.0159674200968442,0.0253623400545803,0.0254883830330491,-0.0012413338220039,0.00977807942572426,0.00289659771498061,0.018312301106006,0.0173062443292665
frank,100,221,1.86088378090335,0.2,1.32295673105791,5.98426837139249,5.32305920017296,6.13628438784595,5.93626679782056,1.64935911602525,3.95676765420462,3.63001011003847,4.03250715328347,3.93278643746033,1.02202853175245,6.0789676284075,5.67756957365073,6.12009674007791,5.91928120248433,-0.00515714971244243,0.0383727532166541,0.0365771813318662,0.0310605251151031,0.0355506818432897,0.00434629255180963,0.0365396129013932,0.0329584840114067,0.03207978325211,0.0346336876482457,0.0100926063141522,0.0308649630183258,0.0258899728498532,0.0300605109862469,0.0308356062706541,0.00770381054923535,0.0309152274400643,0.0270580915721291,0.0286965065710581,0.0309235210321599,0.0103323196810586,0.0285450124399989,0.0240366045890862,0.0276492678060881,0.0294235684857807,0.010688064010571,0.019248725995152,0.0110007101109797,0.0301147895196445,0.02434425297322,0.00811063857685562,0.0302296040142273,0.0251504043464089,0.0305827067357705,0.0311595467307065
frank,100,222,1.86088378090335,0.2,0.426598383659095,0.03718988882608,-0.87863417694262,1.41157090096132,1.17987110260087,1.20495958264588,1.0137435609953,0.561776933005209,1.69303139533466,1.57833151900735,0.585765515934188,0.0922743557212773,-1.0959773738309,1.70192945931734,1.50288267986927,0.00546919076965633,0.00669893111717884,-0.00129644788262741,0.0162808744805401,0.0144002481476101,0.00993658365959524,0.00637943963919438,-0.0027147077496795,0.0150244102823633,0.0120898090976624,0.0068151865972355,0.00384402695760273,-0.0040747831718982,0.0127962448031927,0.0122289672345616,0.0031399513610193,-0.00322538390785897,-0.0116546987918723,0.00894403632729242,0.00612284891890433,0.00101626111326825,0.00173251115833806,-0.00778536144461956,0.0117052319756428,0.00979357489984566,0.00937888713252222,0.000361411901011958,-0.016411860404927,0.0170277093691762,0.012667452684981,0.00396124128080637,-0.00172379192842963,-0.00934195785681004,0.00694055160124919,0.00625106086934892
frank,100,223,1.86088378090335,0.2,6.06846453777118,15.1027868263939,14.3110409444634,12.2997862894013,9.63969845929221,4.00202144154258,8.47318098917845,8.08144961676903,7.08517700116606,5.77158463523963,3.90261690596641,14.1300015734932,13.8203855575438,11.5682270559133,7.65008608783925,0.0277237080552135,0.0662567375436872,0.0621489144494721,0.0627750793447557,0.0170220063810504,0.0251131104181907,0.079638680931101,0.0757699618888532,0.0626602181472796,0.0478235819403698,0.0139178931946641,0.0661933415416171,0.0604217046545301,0.0530163582533531,0.0330088813132849,0.0142642430706841,0.0724468085366243,0.0691594139108885,0.0587524750197932,0.0345236845876054,0.0165088741142508,0.0598014151899737,0.0580304298840454,0.0490139348786182,0.0157369232560425,0.0339226353527203,0.0808075554754821,0.0721361421987238,0.071027886049512,0.0578926343983151,0.024473645620661,0.0693403778891976,0.0642774530942447,0.0569201424114388,0.0363684250267771
frank,100,224,1.86088378090335,0.2,7.56981355059914,1.29101732116804,-1.32533786199837,6.12270931865982,4.9666307439313,4.74381533357112,1.63502530287098,0.34108593265508,4.02545244125494,3.45321501337003,5.97080889755892,1.38759639741786,-1.55696483768172,6.29473150199481,5.16792462076797,0.0415114467935545,0.0158448694195199,-0.00381697853144754,0.040114841825667,0.034820854333393,0.0296517844347053,0.0125605464225538,-0.00180486147241548,0.0374413543840353,0.0306781319060123,0.0397243688571069,0.00741010370622532,-0.00941612823786134,0.0348578154876649,0.0287506537915308,0.0362294355444124,0.00549417347654095,-0.0107599529309325,0.0322283948297234,0.0268953506597764,0.0379583003273141,-0.00404240639182873,-0.0195818643602902,0.0269202821327128,0.0211189886887583,0.00250688632466422,-0.00761180415246055,-0.0116159107787575,0.00807674225969833,0.00830315750041935,0.0348250988288813,0.0037906044381713,-0.0116738820162796,0.030551254345037,0.0247001931291366
frank,100,225,1.86088378090335,0.2,17.901275627568,16.9476440033451,11.5522601982222,18.9124364849218,18.0328146127465,9.85634483727807,9.38621762467927,6.71722751201853,10.3570841198162,9.92258654800935,17.8947242762203,17.0050270392629,11.142576680397,18.7357349445481,18.3471877630157,0.0994410620086062,0.0926506451558451,0.0644817964215041,0.102351853414565,0.0996811756435502,0.096913429717734,0.0878130731059532,0.0591454521389518,0.0986556211583009,0.0933425964664527,0.0894091525455247,0.0830906557766291,0.0534114277496619,0.0947314182404747,0.088775339280116,0.0892367237174785,0.0799701274470327,0.0473085128528294,0.0955291129076044,0.0880085212518985,0.085520757230415,0.0763420247771903,0.0415629119741772,0.0937472271923499,0.0859706071239279,0.079814258323087,0.0918924212118981,0.0478285350129682,0.102939983240536,0.0990718235515393,0.0881122302836639,0.0783886831520602,0.0480307192229587,0.0921597173941733,0.0854147935771514
frank,100,226,1.86088378090335,0.2,3.67847150339653,8.3659928754844,6.73587666888164,10.4309059129048,8.52863788582252,2.81729976902456,5.13597379718202,4.32961939427095,6.15811117018388,5.21708154338451,2.28431629893915,8.38730720815399,7.20695637177856,10.5126895142758,7.88770879694623,-0.0204937111996564,0.0209209095369901,0.0226018502702275,0.0278129319437575,-0.00816347568046463,0.010967527629299,0.04833142175526,0.0344188706234699,0.0590997822680399,0.0484982220984062,3.58784445876537e-05,0.0393403744164247,0.034964249769017,0.0419573125180987,0.0326562217389036,0.0165228900229061,0.0411391596546777,0.030382157405828,0.0537549282312377,0.0426528480038106,0.0185601067384821,0.0430180201016778,0.0330548393009839,0.0555126754872444,0.0439661503025218,0.0248737473760014,0.0508165124623603,0.0433022143729341,0.0615125330419996,0.0515965565879779,0.0109188577700794,0.0402294568870092,0.0325376201095545,0.0487813517249768,0.038409500354198
frank,100,227,1.86088378090335,0.2,5.29789894704427,2.88884892686173,0.499417888682193,5.65431772781598,4.11888859244742,3.61822984755021,2.42658502914434,1.24444482124151,3.79479287761928,3.03495097211473,4.28940849865369,2.64104729423625,0.268425734012259,5.36477090974804,3.82362681962268,0.0169635922646855,-0.00024173439587261,-0.0132617118704479,0.029817991540594,0.0170977844090144,0.0200696368825608,0.00658880665821756,-0.00768303908594106,0.0242240607210805,0.0170004476524759,0.023995202921798,-0.00081388313703703,-0.0139928713033677,0.0178397324988077,0.0100120374261495,0.0214532975433319,0.0123178334986217,0.000163004839910619,0.0249795867190556,0.0188887862450507,0.0305419770524582,0.0176680720084964,0.00311033979473544,0.03159674312735,0.0248080610062836,-0.0670331228290659,-0.0513171452265197,-0.030937142918005,-0.0987557300897942,-0.0646078888735249,0.0267839196075181,0.0110399565027435,-0.00246644978078781,0.0265925175923121,0.0185162510255646
frank,100,228,1.86088378090335,0.2,3.30358179050471,2.75453103868372,1.60138404026253,1.21067007459637,2.79859825353209,2.63038182167998,2.3593664465757,1.78951177077,1.59468413645953,2.38047338221547,3.09859875193297,2.60969354514635,1.32808056479727,1.07750382567589,2.90886221447914,-0.0259859677531434,-0.0947871020107975,-0.0949129000123794,-0.0763232163426347,-0.0822723165020468,0.0124131254976174,-0.0232568202591754,-0.0234640258426666,-0.0139099874720534,-0.00473647455226137,0.0197741798666307,0.0155596294632494,-0.00661116288664672,0.0122999922962976,0.0189076117527472,0.0178246640406492,0.0184182075200347,0.00911862190366127,0.00847964566627463,0.0182404845710184,0.00722776964794289,0.010624945268768,-0.0103791478777304,0.00353093428461173,0.0119296954511344,0.0242419585024758,0.0236296944579013,0.0178928010121328,0.0134653849599266,0.0239690511744229,0.0151305834597086,0.0115297242670899,0.00338296886958645,0.00469646098415703,0.0127922928864694
frank,100,229,1.86088378090335,0.2,6.18601314143209,5.60899921027309,3.18258555526169,6.94559684214111,7.49791732067103,4.05654461665282,3.77183584072073,2.57159427497504,4.43315461036206,4.70615027104291,5.80629107463508,5.79940356540153,3.32296792789266,6.91710277339951,7.83660555612907,0.0408588173425041,0.0376388301703097,0.0227094182804418,0.0446824304674263,0.0472415953658691,0.0296084825484022,0.0214411775143839,0.00218538724732657,0.0330282355415054,0.0352996381721022,0.0337509950264608,0.0287320212045494,0.01392700307785,0.0377519603893343,0.0402409041507354,0.0302038199019453,0.0225949440053573,0.0094215810445271,0.0327863437568611,0.0350028880692603,0.0359774628406565,0.0329754996792653,0.0193242886409855,0.0389303787188511,0.0434638802475454,0.040900871843025,0.0230179358119139,-0.00568176091611972,0.0374037409718811,0.0459647126173493,0.0326606645503591,0.0269254305029642,0.0134496427336185,0.0340108093286424,0.037898380040169
frank,100,230,1.86088378090335,0.2,6.21998754410101,9.35577251083714,7.11153530307315,9.46913358265086,9.59642213721794,4.07378683938972,5.62648604517607,4.51662094314026,5.68196945897453,5.7449796844781,5.4689759226655,9.32187090823765,6.99167911239494,9.59800698795416,9.60644323452296,0.0377102643203734,0.0566854926646649,0.0449006526877606,0.0550218834483486,0.0579755829726002,0.032408275989789,0.0546147184937655,0.0402433114738681,0.0552181677168093,0.0554815365658858,0.0302270576336342,0.0416632244710188,0.0307589339784463,0.0425339486048941,0.0438630091321096,0.0285704933556271,0.046360479974967,0.0334925034961906,0.0462188557915225,0.0483435648236922,0.0298867495836633,0.0529873017060949,0.0401583637490119,0.0517787225715489,0.052555393572157,0.0233000751387444,0.0437949456337406,0.0375291293990805,0.0459236236200398,0.0436710843423413,0.0328129929991147,0.0448823399713958,0.030691105969464,0.0483514614272054,0.0484600045501577
frank,100,231,1.86088378090335,0.2,2.69623794977807,4.10348949880546,2.0637221800162,8.43030147396601,5.98126267388695,2.32964140890042,3.02618024421477,2.01772743138105,5.16737246724371,3.9553851515767,1.96433380652154,4.34032047527361,2.47744114959599,8.72041097450909,5.9406275113168,0.0230305752678785,0.0229128755645415,0.012474872618236,0.0427719930500134,0.030783339706029,0.0197292151968449,0.0203809198038068,0.00440463920664781,0.0471764429539186,0.0332710064080078,0.00941788046505714,0.0154652903485935,0.00144534655974605,0.0400887345722489,0.0264076455614375,0.0109401940056964,0.0189493044759394,0.00621144850794799,0.0421251879476256,0.0271137069098324,0.0162572748877443,0.0239643877854766,0.0105479510477444,0.0477420736600663,0.034257845739466,0.0211416991459024,-0.00560533049983283,-0.0592005051274902,0.0436687657381912,0.0354512909694459,0.0112811039720446,0.0187862912848556,0.00579694680003871,0.0421454070421726,0.0288891262667055
frank,100,232,1.86088378090335,0.2,0.400185556547671,0.445007441678333,-0.562293500736208,2.22094260143771,2.35473798583761,1.19265222458054,1.21384866769877,0.715174702166878,2.09378278656784,2.16009040142036,0.343607979880785,1.07714833449816,0.267441460696893,2.46271579098192,2.54011502517035,-0.0345950769529049,0.0118866971688047,0.00690726123376128,0.0149515539127886,0.0118854236276462,0.00498823399620401,0.00735104189930763,0.00174307643268536,0.0155079957822554,0.0168503751143049,-0.00554110756128775,0.00571888351630457,0.00204456797559703,0.00988693255958696,0.00966607720989899,0.00528568711590886,0.00599476346224523,0.00099955818775821,0.0147473846649952,0.0149991100495702,-0.00263502436239867,0.00589364150563188,0.0038196787942211,0.00882367629376707,0.00925940558160671,-0.000157127687583879,0.00989185679439572,0.00709619479379495,0.00821011961720386,0.0166973774072566,0.00455326799823544,0.00637423891101753,0.000927998442510529,0.0140230622748837,0.0145003812406146
frank,100,233,1.86088378090335,0.2,19.8176821696948,22.2476716968621,15.6993185679428,30.314606388711,24.9662325644049,10.8067936245714,12.0078235463131,8.76661301183567,16.0011917267638,13.3561906934096,17.3538218335118,22.6391923108775,16.5253397070625,30.1213688970981,23.6413079952337,0.0900011020549215,0.116402179447233,0.0846357642084435,0.154320411882885,0.114933977278567,0.0998946330120844,0.117423849250143,0.0858158333488766,0.151770009655062,0.125270994250401,0.0635989464168565,0.0862533384257136,0.059242358318018,0.123910069755194,0.0796870735085438,0.0847950716738404,0.104168317223063,0.0738000188660653,0.144454105456283,0.10257085231009,0.0895879140707004,0.106077328561296,0.0780058442168637,0.141317906504114,0.10976564901916,0.0770588668073547,0.0548055030551085,0.013989560624463,0.128902739249087,0.0504638919554581,0.093736446415887,0.110155233122484,0.0771229781993562,0.149063930135085,0.11794023041317
frank,100,234,1.86088378090335,0.2,4.66998830849336,5.97164263776437,4.07182603029054,6.1538923082343,5.96252897362336,3.30741560523614,3.95150783970961,3.01078593730717,4.04267330187056,3.94744138518794,3.74242448604972,5.84795207648333,4.21765197935224,5.63420269065671,5.61336097501644,-0.00872673945925024,0.000999656217606248,-0.00125137444318321,-0.00283425227555103,-0.00513416224237767,0.0246530512839222,0.0269848872988687,0.0150651518974543,0.0303313085913341,0.0295554992796537,0.0187940492684575,0.0250237780040618,0.0195619936250945,0.0187990913174282,0.0201311670522612,0.02423677705985,0.0298775996434668,0.0199176411961509,0.0313531247533214,0.0306435912984633,0.0167172712594395,0.0262921862691,0.0180470965457218,0.0229368612215776,0.0223068008492732,0.0263043220217262,0.0394907587833957,0.0245041660882351,0.0340198841091713,0.0386398953291051,0.0182473156873899,0.0273056467598879,0.019126355600142,0.0252462863649616,0.0253167345253936
frank,100,235,1.86088378090335,0.2,3.10002788892067,3.00414204263936,1.1432345292446,5.67348481553415,3.73793739465225,2.5319336005317,2.48272674631583,1.56200173685349,3.80360744613946,2.84663230033105,1.56701288584958,2.90762375922275,1.24611411033195,5.62708189607294,3.13122675022798,0.0176535147710333,0.0206889822227819,0.0151997632914699,0.0340026449333136,0.0225540347737914,-0.00222643084454983,0.0120237156195616,0.0101771924246651,0.0149774055023811,0.00255130131103881,0.00266955829461031,0.0119645391987969,-0.000920083922591219,0.0246591647120529,0.0131309145673091,0.0125658226546499,0.0110543617367663,-0.00027884509292709,0.0268074345923492,0.0129971569536555,-0.00383522915305386,0.00799398955030514,-0.0024616625707143,0.0227368711062631,0.00294821386177451,0.00962239443576884,0.0158940148553151,0.0125329404862794,0.0199179631507526,0.0129208852489304,0.00996927530348795,0.0134027891042811,0.00320236912682656,0.0276479389598389,0.0151728804842494
frank,100,236,1.86088378090335,0.2,6.59934404704552,1.86417599335203,-0.424112807888129,4.00330090056812,4.41862638625519,4.2620610857542,1.91838188226674,0.78572921463144,2.9772847682157,3.18260190769763,6.0849850855613,2.04001322713623,-0.279398687822486,3.79538355269708,4.6360866928989,0.0310415835449593,0.0126428301099235,0.00272614899671372,0.0276159067580853,0.017848067025077,0.0397729801228176,0.0100617643709781,-0.0104495063512718,0.0269923563235172,0.0286695695830431,0.0369666403695325,0.0143498452936122,0.0027067301084679,0.022134456619316,0.0270166545146197,0.0323099906161202,0.00714159355578195,-0.00313116696647816,0.0190046914582617,0.0204353331151626,0.0320433341499054,0.0121089002575901,-0.00056151560735459,0.0185582017965431,0.0227330579173099,0.0416992229686879,0.0165837842487284,0.00438053382143713,0.0183314129373341,0.0320726402726268,0.032566583411727,0.00828815689717656,-0.00421170142032864,0.0189389002326617,0.0215694950576333
frank,100,237,1.86088378090335,0.2,1.8397412502734,2.30980602679494,1.15762871140509,3.09565574512656,3.26526412769911,1.90670487983898,2.13841032069609,1.56863180585532,2.52699112979418,2.61134275279819,1.21762059043882,2.43883781865188,1.40174899435792,3.21444477678522,3.21861901009316,-0.0629230194895222,0.00675506847063157,0.0132887697522379,-0.00380536158788646,0.00542096308453569,0.00630676398149116,0.0205883999065075,0.0129159632032299,0.0233619080744019,0.021768303158958,0.00982230113034517,0.0119756836168758,0.00357592978180251,0.0214280276163685,0.018814661850255,0.00455536581124051,0.00934798638820695,0.00269643810452376,0.0151652994390429,0.0152325643727263,0.0105155127520107,0.0154075261207169,0.010084824781428,0.0207737395646545,0.0193065400964689,0.0165782528441207,0.0119981282059172,0.00696853481683572,0.0142198385433534,0.0236242074186979,0.00767315337979843,0.0123596962056414,0.00519224860370088,0.0169519359470053,0.0170212532814844
frank,100,238,1.86088378090335,0.2,6.61075985170372,14.4185136478993,12.8577068121637,12.176982362141,11.9424338342463,4.26785237039819,8.13274521512423,7.36021302007035,7.02371571619907,6.90793044870531,5.41991914072457,14.2155464980209,13.1190981961194,11.777408084178,11.1853675112522,0.0427326599901933,0.0742919908171704,0.0618448167735566,0.0635943176698448,0.0662918563192953,0.032790611842358,0.071034243659528,0.0655320581025957,0.0550780760201585,0.0534611922053909,0.0322536609611769,0.0655561611620533,0.0563919305431185,0.0546271421626432,0.0529411224667974,0.022816178145091,0.0666105173382326,0.061738508583906,0.0516445981971799,0.048020619134336,0.0366433876025766,0.0756818437964123,0.0668702391484094,0.0649030844893178,0.0641087497672023,0.0415992977791936,0.0507784599860729,0.0359920401771547,0.0543317927128376,0.0374268842560201,0.0330821485859259,0.0705538765355007,0.0618685519968925,0.0597185128477165,0.0570753619490779
frank,100,239,1.86088378090335,0.2,0.242520857068824,0.751228765690148,-0.105262044687713,1.91176404738254,1.3450240650925,1.11739845847693,1.36705461598238,0.943108293440845,1.94193394020478,1.66127933409534,-0.533898397398344,0.871041435016522,0.285570218333639,1.69229393652656,1.21954931216881,-0.0367514539913317,-0.0202039868625233,-0.0194623691029017,-0.00270220038947262,-0.00606007040766185,-0.00225697355384748,0.00207215260246851,0.000141625160319369,-0.00147360944546433,0.00432699475911715,-0.00329091569466955,0.00245260077918947,-0.000403000601495593,0.00519777283398259,0.00609806637082682,-0.00797037396242358,0.000792614576823971,-0.00445004855803369,0.00738438545987302,0.00355722785661953,0.00319775297226365,0.00356283249462651,-0.00417209021840956,0.0105789268902732,0.0092115957821807,0.0033652540937705,0.0137155062961036,0.00868510064347376,0.0192262620048429,0.015644213317496,-0.00240590484195907,0.00185833922019067,-0.00333155665596229,0.00774339587397293,0.00478125645760156
frank,100,240,1.86088378090335,0.2,-0.144100219388871,-1.97030320610759,-2,-0.0607154811525517,-1.06940624988924,0.925341746375403,0.0201463879803404,0,0.964694252633113,0.466554522392731,-0.833256270664187,-1.87545693515192,-1.95362261765145,0.0891193707029452,-1.16925387691888,-0.0223990404009894,-0.0119527404108948,-0.00457483637184485,-0.000550183767136608,-0.0233887553684845,0.00785164643446182,-0.00270005323673876,0,0.00696334842285942,0.00418190314937444,-0.00691470701289202,-0.00999318777738493,0,-0.00199161686786149,-0.0138531510822232,-0.000592911988502028,-0.00838334411158769,0,-0.000221742120268926,-0.00531514853682417,0.00154753236872789,-0.0087504083133292,0,-0.00114357541029984,-0.00320246890973027,0.00437200248640217,0.000140004345329601,0,0.00843608586927031,0.00328414161769164,-0.00629900450476736,-0.0110803646823902,0,-0.00106517748619896,-0.0105156045829697
frank,100,241,1.86088378090335,0.2,6.04286380549733,2.8683131725421,0.426051636769364,5.30419455066077,6.4320552544924,3.98477633559906,2.41429078287198,1.20606232096059,3.61967954014888,4.17798929911288,5.86977685346677,3.39312593626597,0.819767179425956,5.64014205429548,6.97310300196149,0.0382482196761519,0.0239011195135603,0.0100527135902052,0.0271286159236449,0.0388603778771872,0.0382529639626546,0.0205740535899906,0.00518260190193256,0.032577400803373,0.0393964749232727,0.0362386116594422,0.0208649741782417,0.00611609323927152,0.0344490143945696,0.0403041038723862,0.0322277967090897,0.0130990340963161,-0.000477631315006908,0.0265679956177597,0.0320090408707402,0.0369497542909617,0.00866085848367626,-0.00982082663828906,0.0283864446386302,0.0332881994421714,0.0383994300814584,0.0178839916802196,-0.00638765711732425,0.0333864699912333,0.0386251390512337,0.0323952494296606,0.0146966238387919,0.000742116098685421,0.0275131705420506,0.0331673255801743
frank,100,242,1.86088378090335,0.2,1.61495399725316,3.38800801303478,1.76859154670746,6.95339549023098,4.67411129038442,1.79477463582115,2.67216376371807,1.87169535411325,4.43643680920384,3.30839451556128,0.884681491636279,3.47603578682031,1.99920807681733,7.18761795852195,4.52363932513092,0.0127697834766108,0.0269284713639302,0.0175399668805823,0.0406860264513054,0.0323159155344011,0.0109985287034933,0.0250782230044019,0.017284884563718,0.0395897572349244,0.0288517513468944,0.00440811397468294,0.0133637773618935,0.00420135156443057,0.0258721378214231,0.020095805317463,0.0107761414360902,0.0204726368009733,0.00866720033970931,0.0402419026650387,0.0284360103994307,0.00890042776681591,0.0124051026781235,0.00175784834550962,0.0317410661157083,0.0221105834765301,-0.00112246546123776,-0.0113219094728517,-0.0225027309061508,0.0188889128964885,0.00666190944766892,0.00933575273956186,0.0168968229865137,0.00605182102792699,0.0366220006132211,0.0249760979973332
frank,100,243,1.86088378090335,0.2,8.85998034754177,9.83170141360609,6.52222115853336,12.6678986407343,12.9139136025327,5.3791204340778,5.8613132039745,4.22437104342656,7.2646128486812,7.38664792650257,8.34946834931978,10.3196106055943,7.03165446097248,13.0144247758297,13.2312487375858,0.0481360009040918,0.0571568750092785,0.0388156488079479,0.0709337346035563,0.0734440090105404,0.0239756922993628,0.04456833350683,0.0355150604946841,0.0502977727149326,0.0485608211125535,0.0467413286422046,0.0469324831900458,0.0289147746992919,0.0642585917023358,0.0626881315676717,0.0457433975824769,0.0506554768835501,0.0330733642926238,0.0626962615418713,0.0654336907666748,0.0448388648813408,0.0464111933161811,0.0278464770992071,0.0638613446756593,0.062324706855414,0.0455230092376004,0.0586874257482538,0.0360483484287851,0.0724545669786065,0.0707322170456392,0.0491795540729053,0.0516782762338824,0.0323559369124111,0.0670084914401751,0.06780491575553
frank,100,244,1.86088378090335,0.2,13.5500196187886,11.584832330933,7.01750506000674,14.4479066114907,12.3716726082318,7.70395750707368,6.7310516179391,4.47119029915567,8.1467591360401,7.12246012744322,11.3179106714308,11.3719721570428,6.92007573705657,14.4642433345012,11.0924091133075,0.0771912739578369,0.0363026590304118,-0.00402668776947868,0.0731629587943129,0.0520261576744199,0.0647364022085541,0.0573379201678443,0.0336832927672817,0.073626557008047,0.0594624236158062,0.0696273371383465,0.045960291235508,0.0233028408957198,0.064415049787889,0.0456348356268872,0.0626164896271657,0.0590590951730332,0.0345875969865912,0.0757032745042363,0.0566453898559824,0.0656395442226144,0.0559215194576476,0.030966006214893,0.0726549334912294,0.0531178867348856,0.0616262973372112,0.0543184087954343,0.000698786175807875,0.0812223601476293,0.0675751204279837,0.0610301440080389,0.0530543487424924,0.028930297083446,0.0708560193160826,0.0524247131088561
frank,100,245,1.86088378090335,0.2,15.3900281512876,6.49199286394909,1.70691750895754,10.4607248382792,10.4251272165033,8.61360848718691,4.20982089870966,1.8417200112677,6.17317821724885,6.15693950749071,14.4988251450988,6.84794358662749,1.88047149919768,10.4483033482896,10.556405162271,0.0869431170259035,0.0128579172705997,-0.0343743044796297,0.0449102958608073,0.0340055969194281,0.0493186936736508,0.0147337595357635,-0.00208300990434502,0.0336702877492871,0.0154925729510251,0.0743623674985443,0.0351063593978436,0.0112662398923444,0.0544461579603159,0.0514075369452161,0.0745553002537619,0.0257098906838993,-0.000453469139217341,0.0502512899076884,0.0437666233997362,0.0709170176625974,0.031933512696041,0.00693119860428522,0.0512454027483295,0.0493530583562272,0.0795091007970771,-0.000255085764910747,-0.0304521335727223,0.0457625100851869,0.0328468921537956,0.076084145645881,0.0324946552534233,0.00809902715696266,0.0538258546335959,0.050945113356416
frank,100,246,1.86088378090335,0.2,14.7220855843914,18.3609799037289,14.148066469144,19.4880577128697,21.3149967268403,8.28290648223606,10.0831672628258,7.99850667161784,10.6411989647643,11.5451730840511,12.8974002833478,18.712082994109,14.8399350229675,19.5663816924209,21.1548706121379,0.0794391726112672,0.10173426672698,0.0778731309823713,0.107037626394406,0.116573668811328,0.0760677745299036,0.0940869843140928,0.0742857311796444,0.0927634295737308,0.109705702620582,0.0685784727537957,0.0931435330957764,0.0731550893893538,0.0960762731694726,0.106312442387995,0.0765257970507103,0.094526797719775,0.0721371395846777,0.0984804858183302,0.110215951399209,0.0778028011125408,0.0951875572975002,0.071608943934295,0.10255311838645,0.11109801001225,0.0260008710770075,0.0912827081913384,0.0783195997470441,0.0839949541536229,0.086839021245082,0.0711767659129866,0.0897717486168981,0.0674182785582244,0.0950560585957408,0.106029735362685
frank,100,247,1.86088378090335,0.2,7.49578516664613,4.48565157809518,0.752301983455192,11.8432130546195,8.95519325103155,4.70482319526208,3.21547447091623,1.3692259419331,6.85641084886786,5.42705298651092,6.40395176227624,4.87868373872575,1.01317799959791,12.2900149218747,9.16177726533987,0.00329243118408991,-0.00483104115965676,-0.0200053691041296,0.0358153692834684,0.0197843684251675,0.0363525903771274,0.0219532593393647,0.00308717547411583,0.0593912566856996,0.0454455112962099,0.040368960954091,0.0178264436873146,-0.0075234875886174,0.0618017046936661,0.0454469851466386,0.0355550379010487,0.020744662996186,0.000244365155750969,0.0568604049356323,0.0439792456534036,0.0423430417199567,0.0244716670909306,-0.00257931538456053,0.0668090313094401,0.050556036042961,0.0466058553056124,0.00800878504446309,-0.0241049114254495,0.0596133800962417,0.0370195034684282,0.0378309431567916,0.0212303282709152,-0.00150651876133094,0.060801823940506,0.0452258843052842
frank,100,248,1.86088378090335,0.2,11.0652116436418,17.6814838016388,14.9235245375047,15.3520008912516,17.9461422097679,6.47167423411746,9.74663445100492,8.38119158709932,8.5947445310853,9.87838669897384,10.0235410698285,18.0497269262329,15.6622981011131,15.1457163085177,17.7496782394032,0.0409517707172508,0.048084639630709,0.0236456958769091,0.0493415940193626,0.0461884833248106,0.0633933204772956,0.0875328856361948,0.0744010246638221,0.0715042924623451,0.089246198767724,0.0533164332623366,0.0855367532746186,0.0722315691559914,0.069225494760205,0.0835472021049848,0.0557374391302209,0.0873474412593035,0.074354002900803,0.0747913465899487,0.0873883116748213,0.0373754786891509,0.0816225974909166,0.0700349159300854,0.0654981191166729,0.073937629080822,0.0412514968900099,0.0924401582968054,0.0833914006608543,0.0672452357442521,0.0868293449260459,0.0567780461198901,0.0874606684646426,0.0735950451543572,0.075986568176388,0.088248790678899
frank,100,249,1.86088378090335,0.2,2.78477172183365,3.8279899738782,1.96371556087254,6.94652475650391,6.07157746575442,2.37320570254782,2.88917796863973,1.967302841647,4.43236464858797,3.99963795901948,2.26608062418428,4.23091947096894,2.44756642110711,7.40852048485368,6.24919889802574,0.0123361355980307,0.0221730220825119,0.0122185377355805,0.0413732602834289,0.0341737069645174,0.0221055331773157,0.0217578992335785,0.00921201027537139,0.0405406976244181,0.0373968209449968,0.0148252470952175,0.0237877375052979,0.0128203070839534,0.0388321417734418,0.0356756753252876,0.0151986690621561,0.0151288078585556,0.00238369568184803,0.0347116898615453,0.0280206711784722,0.016730728142896,0.0242532345067694,0.0145508758442255,0.0393744720584368,0.0339628829680395,0.0120786991719316,-0.00230100380878338,-0.0126764468992319,0.00946226428726174,0.0113298487078529,0.0154981608385522,0.0174255068690027,0.0060085434771208,0.035901892489416,0.0300620614450248
frank,100,250,1.86088378090335,0.2,1.9271034653558,0.258160406305403,-0.756121918748142,0.62027660884974,1.55703323681326,1.94786884834583,1.12268585631506,0.620402311008483,1.30277685001126,1.76570990429404,2.24932211596919,0.500632439636381,-0.412563298946183,0.373907702566966,1.83210709687135,0.0186086062996446,-0.00140750094664219,-0.00650619740327163,0.00812339756598538,0.0125202674395455,0.00913294591590876,-0.00168511338000956,-0.0024868780775003,-0.00545147986207843,0.000164827548789814,0.0128957176802793,-6.58645871282526e-05,-0.00782778577459013,0.000616046376514482,0.00769866573158858,0.0115268919742754,0.00117607398597146,-0.00428057590900243,0.000587037651232224,0.0067856240527193,0.00469340030048969,-0.00762228133342581,-0.00773362763060046,-0.00925692644687175,-0.00117873644528921,0.019597368405014,0.00872784296321031,0.00206989653003486,0.0129659662041951,0.0174625190831914,0.0131195024642266,0.00444367824351065,-0.000577572310873665,0.00429446253562603,0.0103405193387054
frank,100,251,1.86088378090335,0.2,7.49513145641398,11.0060482285048,8.29501222672072,13.3564114541225,12.7760205399224,4.70440189288183,6.44258634787798,5.10104812060467,7.60656529054749,7.31899328421019,6.76940575279754,11.3754945732478,9.05391976989365,13.3020948724429,12.7573085155347,0.0441531711169418,0.0566588121187152,0.0426675349932083,0.069447844766294,0.0680846050821284,0.0454553921694371,0.0626043358241898,0.0471724042498702,0.0752789086326521,0.0703645146173737,0.0360829753755336,0.0597470838697261,0.0466479155224273,0.0705846708246888,0.0668019079920499,0.0321029738532149,0.0567780505658418,0.0450810489037213,0.0644167572483254,0.061448271346027,0.0337685624715514,0.044557730102264,0.0288038847813475,0.055939075082616,0.0537626512930872,0.020125936450232,0.0610209393019241,0.0514731452665286,0.0590201540091859,0.0610341818687309,0.0384196744394013,0.0546744657921237,0.0398821059107908,0.0656167140457523,0.0628081625106164
frank,100,252,1.86088378090335,0.2,2.93317025705697,9.03154606549887,8.62709714433967,6.98552694970646,7.68012588745917,2.4480251453991,5.46570309438331,5.26588128339153,4.45325257678943,4.79696962853711,1.91882833485486,8.90288394518547,8.96861721860284,6.77743699150607,7.20644581303108,0.0225673521686426,0.0307071190502831,0.0182583782672208,0.0282079660921653,0.0282055178273596,0.0216372560202211,0.0523651095963126,0.0490170032957093,0.0422189252091629,0.0450152281421719,0.016103228422584,0.0410777474425205,0.0378188944100409,0.0320338968907905,0.03536177188661,0.0154095111992117,0.0440760163779302,0.0409047891755645,0.0330839287458233,0.0378089607529439,0.00653446446769007,0.0349119984514169,0.0328407053770788,0.0222759893629987,0.0277492554398179,0.0188896657430988,0.053597903831629,0.0431985726976238,0.0403865453479768,0.0482405693017878,0.0119885776670004,0.0437946477379051,0.0415660935462622,0.0320565365155782,0.0370566391192148
frank,100,253,1.86088378090335,0.2,2.25755649679997,3.8249497711301,3.06299725947429,2.16351821973503,3.13260231338096,2.11268435073779,2.88898195682204,2.51193619061962,2.06679197908854,2.54656205732814,2.05509736780742,3.73234406762964,3.12063350378808,1.84009895323462,2.90227413540103,0.0207797037563736,0.00110860466747817,-0.0223492201168704,0.00863066376631006,0.0199630370688737,0.00486175207860509,0.0195193274302098,0.0185561674930656,0.00897065911688555,0.0127671346871426,0.0128584758761129,0.0241135592500683,0.0181973801485438,0.0158385310791048,0.019910684193608,0.010935669517416,0.0184280591225249,0.011661680076285,0.0108060853272422,0.0141195494655057,0.0054630051693097,0.0151994862243581,0.0127794733283904,0.0039169335319431,0.00864768123769049,0.016353100436526,0.0244453325055737,0.0217639695890648,0.0147231370917371,0.0221598186749139,0.0112883869959426,0.0158873355501257,0.0105987995538305,0.00820355548021551,0.0128830907506445
frank,100,254,1.86088378090335,0.2,0.628498922852324,9.86749988768531,11.1075446838732,3.85369229360765,5.9817504741395,1.30678925722959,5.87885365444962,6.49201508698516,2.90348179854691,3.9565514494162,0.179949972133224,9.84407429631317,11.6564493655085,3.47472060828717,5.50131374146133,0.00409706551545653,0.0532135089796877,0.0577617847033906,0.0282548439462821,0.0318093496388545,0.00321500724409024,0.0432706719386973,0.0517809046672938,0.00448980800916117,0.0208319713227338,0.00652954323987538,0.0542778953659947,0.0577429800999682,0.0232295048320765,0.034476011097987,0.00115936753886733,0.0516162679265133,0.0591424708727851,0.0185094954586327,0.0307217148495442,0.00204393248726022,0.0458008012924205,0.053959466126419,0.0153499375360079,0.0241181333999502,-0.0166661645956684,0.0161587548707945,0.0148654887098513,-0.0094548658309047,0.0116055219540298,0.00122225688446199,0.051226161976539,0.0586207492056148,0.0178103424840551,0.029258875016474
frank,100,255,1.86088378090335,0.2,5.19555947261358,8.11236269615179,6.42648597071288,6.81345232556807,7.40662223177455,3.56864797171737,5.01071999938484,4.17595870425279,4.36826572872694,4.66269216781066,3.69023681742585,8.04398577070771,6.7754287720568,6.61384882777874,6.55960759236167,-0.00284006158764542,0.0252042349029238,0.0237440631895546,0.0190003288538466,-0.0146796568414535,0.0224594124274679,0.036274570802462,0.0284292505505331,0.0309533973829563,0.0349932354276749,0.0257812488805248,0.0417973759437608,0.0322258416589322,0.0340186281545991,0.036266640686592,0.0137866409750918,0.0353640341796188,0.0282924534266827,0.0272078118074876,0.0259624265217507,0.0252159793148068,0.0393105062936799,0.0291640223254622,0.0344002467143217,0.0362673961234828,0.023425395848138,0.0505425622204541,0.0410207034190125,0.0430562223515698,0.0449121653673853,0.0244384185979702,0.0400536604182785,0.0317739605124511,0.0334061026502013,0.0343447539403339
frank,100,256,1.86088378090335,0.2,10.2920568917558,2.75615257176683,-0.545842706738841,6.69793172772086,4.83700053338268,6.09054753171763,2.36131243491176,0.727366239074829,4.31069651388556,3.39369832208284,9.35824850097432,2.71836440608483,-0.78427115342595,6.64779611485946,3.90141313274531,0.0612505253804706,0.00360680066720692,-0.0193647608287152,0.039027243580233,0.0312972937901464,0.0466343127678402,0.0090961265273708,-0.00716721477596421,0.0361589213977393,0.0104513032532143,0.0552992967379126,0.0138805668522298,-0.00669812791141168,0.037242190152201,0.0224848725947797,0.0498231621951865,0.00814149430115452,-0.00890822476875885,0.0329142682293155,0.00919677305098773,0.0461004913760431,0.0134509168597031,-0.0061507008880522,0.0339346750447259,0.018996745490494,0.0613104021428397,0.0219782715492137,0.00240329977104441,0.0390683963822527,0.0341847054420511,0.0481185989381168,0.00914339087925606,-0.00761038663696193,0.0318301975071336,0.0135333321229202
frank,100,257,1.86088378090335,0.2,4.23550103587752,5.78397659883066,3.74529394873168,8.14040376270404,7.53543913263427,3.09234627032979,3.85752791588286,2.84867796360126,5.02428015064656,4.72506850709238,3.1585125648683,6.08901239434151,4.4288421483828,8.23562934357532,7.27119081346898,0.0308445424817209,0.038883979978994,0.0286585076097564,0.0502960846124885,0.0471217711488672,0.0269430115847997,0.0340193970729501,0.0194972966781282,0.0480066496467063,0.0467468733625416,0.018836606018433,0.0215939071055058,0.00953270389011923,0.03237728349661,0.0280519230923711,0.0207089319752423,0.0293426918525224,0.018157418807971,0.0415815497886721,0.0387361428584453,0.016105114443918,0.0330334085241684,0.0227793049101733,0.038838480687969,0.0385379900432906,-0.00553074254305721,0.0183879484399455,0.0128954459892761,0.0318100227486325,0.0133935299798191,0.018683327856957,0.0285601368994922,0.0169618323829141,0.0404860319331545,0.0365081931643618
frank,100,258,1.86088378090335,0.2,0.377569633565932,0.147710602384885,-0.562455204009604,0.694419991809222,1.03034741822307,1.18379122980222,1.06813289663713,0.717392837799759,1.33835320618676,1.50498292751375,-0.369758027341132,0.235060742274736,-0.519435884983883,0.859953000805896,1.04119956001116,-0.034495969188779,0.0102988387617704,0.00663688480098694,0.0131655123820144,0.00982425876658143,0.00216669800269459,0.00509054878048222,-0.00366767001852182,0.00897936986477776,0.00959568562462513,0.00142190364146919,-0.00264836416061853,-0.0092763540311991,-0.000412086283121085,0.00414958806600644,0.00156882392120498,-0.00218826566509364,-0.0115868156616501,0.00351336314645191,0.00588843523210906,0.00292285233487704,0.00442526889381724,-0.00534134224620096,0.0104202966207572,0.0122928977941879,0.00390144994523866,0.010539701671324,-0.000866459849139605,0.00679361012154041,0.0148391547638864,-0.00444715475881279,-0.00272555730474917,-0.0100824655885427,0.00249208045112493,0.00283722209962012
frank,100,259,1.86088378090335,0.2,1.36456185474067,4.99303531259959,4.10179782063598,5.15463643876846,4.1963877702131,1.6738068633938,3.46640685006052,3.02471073147943,3.5473816104256,3.07356867175292,-0.269828364957873,4.94886939351406,4.63375159978001,4.86054809115049,3.33933244109809,0.0122823437877335,0.0285888157571741,0.0254372516664848,0.0249653646790479,0.0232738266901598,0.0127442168051465,0.0286827319243965,0.0222037201664668,0.0307836730011522,0.0276740039755697,-0.00165507196397229,0.0199613920593128,0.0165421829054661,0.0186685318152925,0.0133761290793542,-0.00228762502690869,0.022088093961991,0.0189828427675486,0.0199729613300911,0.0146313486748089,0.00108274417275982,0.0258619276998516,0.0232282413003325,0.0262106654139401,0.0175995424331463,0.0126157245527738,0.0331643740111339,0.0296115503912242,0.0328507033911309,0.0270626736088392,-0.00249171550584993,0.0225216509137162,0.0195216893868937,0.020978685571387,0.0157224638066376
frank,100,260,1.86088378090335,0.2,1.75159471190489,2.92918295370929,1.77658937276835,3.93068354463774,3.76919629366102,1.86266544647012,2.44515599231486,1.875418031257,2.94055907919979,2.86055980865489,1.17615427414092,2.99711447657259,1.95361524228365,3.98675869413498,3.7601020622336,-Inf,-0.0426458996903391,-0.03519184662157,-0.085751024585491,-0.0607986526498983,0.00968683876259392,0.0107656156463718,0.000657389416350374,0.0181123825022478,0.0190443265436726,0.00972001754804709,0.00900288289557691,0.00244755854257289,0.0143270410502838,0.0185249523308675,0.0125150178998024,0.0163000188341163,0.00741750471061767,0.0218720745653904,0.0221204809055649,0.0060226568802341,0.00299484545552749,-0.00737064576237992,0.0105790650604797,0.0139158312190435,0.0140136691595369,0.0164564714974864,0.0120492083647749,0.0251000338697421,0.0262449815385845,0.0081603142004033,0.0139168857917406,0.00616098117020443,0.0200401460631134,0.0195951479515274
frank,100,261,1.86088378090335,0.2,1.45606189478048,5.7638798987312,4.35247139638699,9.71752886521551,6.57546751009621,1.71620321510444,3.84765358736605,3.14971601545594,5.8048468059249,4.25004725235509,0.690008022828411,5.97792604957428,4.95021665891468,9.89728235477683,6.21175640994256,0.0164397592084666,0.0376311905943082,0.0296237762762592,0.0577400834474467,0.0426511355188288,0.0131644357373128,0.0282202044630219,0.013555143737486,0.0546375061199466,0.0369549984350529,0.0052642300218697,0.0288526268007284,0.0196888535623982,0.0485112305878752,0.0289118914643776,0.00223411344679576,0.0320290114708292,0.0236354106317931,0.0522590862345191,0.0338927565670204,0.0061924721201414,0.0277567865089632,0.0155085835837995,0.0515409220280548,0.0343294531906079,-0.009174448914347,0.0316526322730719,0.0296405800299478,0.0434877418256848,0.0217769774083613,0.00686148112482949,0.0294331174991944,0.0205537479731731,0.0493273801708292,0.032377003836081
frank,100,262,1.86088378090335,0.2,1.25634605737226,10.8834875214169,11.367258227698,10.4465645930559,9.06414045818596,1.61677624265217,6.38167473175991,6.62139541517738,6.16631202232415,5.48211864065987,0.737796269867659,10.9493431639903,12.1531422588234,10.2963842988492,8.48524810326929,0.014582255638698,0.055121659048219,0.0555335775704538,0.0486618011237991,0.0481142754452593,0.00735557932371143,0.0497299454058495,0.0488487147312931,0.0457395873319431,0.0406017880428455,0.012064907644681,0.0629197377695347,0.0649821399968749,0.0589720584789559,0.0518771872333997,0.00163826903659878,0.0556006344197914,0.0598383790861544,0.0480884250542673,0.0424001524227415,0.00468696810989265,0.0601253364679678,0.0624165983646444,0.053389493708504,0.04643914842589,0.0162745929539467,0.0575106488529971,0.0597005435339156,0.0544282990851421,0.0539590361508957,0.00428496016742034,0.0530612189645544,0.0556917629137534,0.0482719735404189,0.0415120313084572
frank,100,263,1.86088378090335,0.2,6.8313686728608,2.13460884032094,-0.0122821908836612,2.39222857348827,1.34765086444999,4.37715889677394,2.05572436683899,0.99281891085846,2.1818988637718,1.66630864169746,6.69282181816944,1.28355243717382,-0.924715162687615,1.41805771080687,0.491242102967616,-0.000536732080544922,-0.0295488401572367,-0.0284153647244749,-0.053625182803641,-0.00193616072703401,0.0384914003232131,0.00738418238208235,-0.000332957098393903,0.012913253141979,0.0029144535419796,0.0356168531352433,0.00571240649800843,-0.00682435166547558,0.0107285406940883,-0.00176132069826062,0.0345284491960587,0.00675582275573968,-0.00429971392026098,0.0106797593574461,0.00273505732789172,0.0295914811341465,-0.00240929364831713,-0.00938048105458206,-0.0057933624802176,-0.00482809204349855,0.0362455867665328,0.0145189755551252,0.00355932776848362,0.015098634436905,0.00633719595313759,0.0311257938168899,-0.00169918780104017,-0.0136225783901364,0.00438309861655406,-0.0069894101094963
frank,100,264,1.86088378090335,0.2,11.8943679314727,8.99131682567018,4.97989831461393,11.0735535504346,10.8949416399683,6.88332244062095,5.44659578782322,3.46074119364282,6.47774451054924,6.38965694175817,10.9259792675536,9.24418659199153,5.46598196925936,10.6005482724709,10.7397352162371,0.0665978597824068,0.0549277182167498,0.0347334210876519,0.0653469171657958,0.0633023244233583,0.0437113839587158,0.0433543978478048,0.0291427854215812,0.0484141327632086,0.048230073279567,0.06134648973001,0.0414911157400544,0.0204069962194401,0.0532323164561402,0.0510862229289238,0.0581790876481326,0.0409754985038233,0.0194498121109721,0.0531462714852823,0.0504085741766707,0.0618584008692472,0.0468071817908536,0.0235474777295698,0.0605853443854282,0.0578395072034563,0.066109330524612,0.049278566210087,0.0278185068081574,0.0541120208604671,0.0492931346502068,0.059049510106721,0.0424234896852326,0.0228927547786954,0.0514153645920435,0.0498482208321681
frank,100,265,1.86088378090335,0.2,0.188186108470503,1.63774799108844,0.985027730166217,1.62004811968294,2.49386886915196,1.0872448734492,1.80498358471879,1.48301744751881,1.79544768417897,2.22833522810957,0.302372648307383,1.9087221341964,1.11479505697266,2.18789591156259,2.82789215341356,0.00890665987180337,-0.00959536631252427,-0.0194702677744529,0.00496163925278108,0.0102115900940235,-0.0125583561933147,-0.0110471097992365,-0.0128017108752378,-0.000366542357130037,-0.00305421705482678,0.00465378720564583,0.0119834672558119,0.00189571250591638,0.0157748119344971,0.0189020414796841,0.00276161338496125,0.00677439203224843,-0.0006779440604864,0.00990835077778823,0.0125677058049353,0.00592423514509043,0.0112170506965863,0.00310510906439168,0.0145853812262831,0.0177892820697975,-0.0498690691360773,-0.0584192400958264,-0.0448933647741552,-0.0707572045557069,-0.0674633614978424,0.00428865983824221,0.0102640862670321,0.00332195229650061,0.0115860874582573,0.0159972483524283
frank,100,266,1.86088378090335,0.2,12.9819923685845,16.3448727005664,11.3878849634881,23.0045508176931,22.894942331136,7.41980130018723,9.0835260244173,6.63035158964354,12.3806861593226,12.3258474103219,11.4610260068681,17.2372331082101,12.6987062898235,23.5610014056006,22.9738739015509,0.0745668389636916,0.0881159936362705,0.0637392700346323,0.124740872102673,0.122079070610126,0.0688483752005885,0.0810300577860174,0.0432433940793106,0.122419587931609,0.122939940689541,0.0611932085212498,0.0849314939494592,0.061970749959537,0.115558414481747,0.115950120361493,0.0690574261066726,0.0864562534367232,0.0606485581415548,0.118707014013423,0.119147196182349,0.0611217388897249,0.0888056449238192,0.0639433675429512,0.11731703135624,0.118631351462516,0.0746880755326558,0.0888423295983422,0.0571787428558713,0.122565915799269,0.124460441256758,0.0672031395765181,0.0866661821799203,0.0614104926606761,0.117994227730377,0.118653725625363
frank,100,267,1.86088378090335,0.2,4.30273076809234,8.6944770840167,7.08894908786812,8.27640707112079,8.79787634602149,3.12274098223822,5.29843019790035,4.50448554297976,5.09139041436611,5.34951910312452,4.28501862095196,8.82170767482323,7.25933702504249,8.42595123110418,8.8343098731104,0.0192082858126727,0.0534721547607882,0.0431942738480412,0.0493154177899784,0.0527416600833705,0.0254633665597746,0.041397689199643,0.0278130109958252,0.0411255233766588,0.0445154816287786,0.0195697928626863,0.0315181392175196,0.0239979313040811,0.0280176042265107,0.0313219564020574,0.025095783378425,0.041648730329069,0.0303684149563379,0.0408360975392058,0.0425556467118528,0.0196514987358343,0.0445742527155448,0.0367484515737789,0.0374008408542256,0.0409114235479306,0.0249809382223401,0.0315942113524878,0.0217677067139639,0.0270045470333184,0.018177868010392,0.0271905575617999,0.0446551379166328,0.0331748435165222,0.0439511318496533,0.0460827894650978
frank,100,268,1.86088378090335,0.2,9.26869063848828,9.25409820814854,6.15995888755672,10.1444103229561,11.3214880475307,5.58268320781172,5.57601972704099,4.04528001596563,6.01629669918935,6.59879390348273,8.71884073470237,9.50525687013466,6.34420432848596,10.1883873463806,11.6645021118136,0.056296134514732,0.0555759467320491,0.0407881910012547,0.0573515937994845,0.0657845870628046,0.0480322179873337,0.0366399700868075,0.016284439996673,0.0408723511654344,0.051549239008953,0.0473309042653262,0.0404243884897435,0.0252505960580803,0.0436770975669229,0.0521807724896269,0.0510259765365145,0.0479985654055283,0.0290042033201998,0.0542941034406593,0.0603934086661133,0.0491950623939187,0.0380529641965157,0.0178274894024773,0.0492180528786835,0.0541254468800827,0.0538873890893949,0.0257638195798311,-0.0308815014002113,0.0572239344544501,0.0525608934885652,0.0462587419405553,0.0446415321736455,0.0278805021447762,0.0494627136236939,0.0563717391096888
frank,100,269,1.86088378090335,0.2,7.35466011691162,5.44873472526178,2.12217592163418,9.97993213970978,7.49757816073036,4.63481692982301,3.69295253535555,2.0473476349757,5.93492421736177,4.70767940512135,6.45178643806573,5.49495202771323,2.1144502415361,10.0986529849088,7.10599636702419,0.046772958312012,0.0368263206681661,0.0206082872116478,0.0584718136099385,0.0473717789442023,0.0290648988733009,0.0219272723093541,0.00787201585385245,0.0382551458626804,0.0248224995457683,0.0384218467897512,0.0255189384745961,0.00842159217791035,0.0509134050835432,0.0362769941602749,0.0342323593543497,0.0268098201641589,0.00941715448212653,0.0488817060924292,0.0327218896113748,0.0352422749950774,0.0144690438477959,-0.00814246827968937,0.043150685677817,0.0264710850637389,0.0051203555895094,-0.00204571923834638,-0.00961902971476567,0.0159151825455083,-0.0200760086531757,0.0376209903744207,0.02691620783274,0.00866243159871077,0.0504969146107801,0.0352352197012664
frank,100,270,1.86088378090335,0.2,0.766585750163043,1.74151716668436,0.85430224984042,2.65237665520116,2.07142474692023,1.37745122459383,1.85778083335,1.41923265342484,2.30831037817617,2.02066467554532,-0.405124639259967,1.62062006969796,0.879842279722676,2.52834876085858,1.88412962464369,0.0113187860502999,0.016467499975048,0.0046025177688312,0.0201580267752278,0.0203465444610714,0.0117297628359392,0.000272569453740653,-0.013769952902553,0.00740842595230177,0.00921577034661297,0.00765963788782872,0.0163919397660415,0.00880025644743167,0.0217978792912711,0.0192629139525172,-0.00587680181122316,0.0019595343061308,-0.00362669286112346,0.00820601181319212,0.00646577211101534,5.71928031660085e-05,0.00258044672702397,-0.00788630543248911,0.0123932611863395,0.00629639224357825,0.0121526461763598,0.00618411821598618,-0.0178178276892497,0.023241146282096,0.0177936765805486,-0.00287449808416092,0.00666240735290398,0.000908622438815737,0.0113277457068969,0.00896504340932875
frank,100,271,1.86088378090335,0.2,-1.92512441871659,-0.621605325285871,-0.330550930501676,-0.827478594314798,-1.39598890038602,0.0434112301641335,0.687876534918256,0.832497318705021,0.585418870956651,0.304287330447515,-1.88307969102409,-0.774892196524093,-0.413991518229925,-0.812386995651554,-1.4479854341394,-0.0288593007903463,0.00566803498199884,0.00831556087047195,-0.00635082257884666,-0.0118143578685911,-0.0169096742706623,-0.00633909996799024,-0.0125941455828399,-0.00418655261602174,-0.00663593691787763,-0.00729612653657029,-0.0141175617257998,-0.0174934754435617,-0.00301744850302865,-0.0103323428918036,-0.0153815878940775,-0.00370949607136279,-0.00464504524217743,-0.00531843367812329,-0.00716065260955199,-0.00535592009124639,-0.00124180164845223,-0.000829702944640129,0.00213990592923391,-0.00123863836006779,-0.0826807266806081,-0.0224658048285936,-0.0123048391760399,-0.0351258019184559,-0.0713552780465266,-0.0113940735899726,-0.00512064494797524,-0.00627138376629385,-0.00426934784598782,-0.00750434209094897
frank,100,272,1.86088378090335,0.2,0.655014775092992,6.14659715078188,6.05385132077034,5.5817386403076,5.09017161936739,1.31877887665891,4.03749492344704,3.99207202784898,3.75833018452324,3.51469169594102,0.471964878973573,6.17407086650663,6.43492086528555,5.4609584712607,4.91307103510635,-0.0328358057141747,0.0383517700013923,0.0167505822474435,0.0345613928933999,0.032479079063419,-0.000129587003846849,0.0309012912621492,0.0334566440845862,0.0208476266140522,0.0212761240791874,0.00308042301511224,0.0289583890835979,0.0273253923723875,0.024663967012766,0.0219454642976324,0.00532803327424919,0.0336930702956058,0.0329003398186466,0.030233125721404,0.0278295633918305,0.00841650439910586,0.0302586935577228,0.0281391818922109,0.0271902593882816,0.0275366810843508,-0.177018263677642,0.0274934955241642,0.0386528397330761,0.00183338445187188,-0.00553477986066446,0.00452075568750403,0.0301064068478363,0.0286730685930713,0.0258988385103694,0.0248341575688014
frank,100,273,1.86088378090335,0.2,-1.0638080690102,2.25676235870181,2.03508862887537,3.13034853864881,2.42117725596736,0.469986644996738,2.11149641765561,2.0023919867339,2.54395602311028,2.19281601221149,-1.63584101165457,2.43024758064857,2.45475762812133,3.36822868225458,2.4084377995128,-0.0167922216615226,0.0173416943436607,0.0190492118495727,0.0180174770673212,0.0107825426593537,-0.00491166166045687,0.0104020926781221,0.00915495887004332,0.0164833952845023,0.0140981327410841,-0.00923549751786628,0.0169852766082089,0.0160054596494639,0.0194715551089349,0.0162280203694209,-0.00364070778634051,0.0123613423333287,0.00944691767065837,0.0181097482471248,0.0151139181289162,-0.00332368585634762,0.0107564549827574,0.00640535027957264,0.0189499312189371,0.0137969281302138,0.00163928704209294,0.0191881964391751,0.0193255528054205,0.0222155589385674,0.0215060470406735,-0.00527253147774502,0.0123050726342256,0.00866493767715569,0.0173450996023702,0.0146955787868116
frank,100,274,1.86088378090335,0.2,6.03156684732717,5.10429718091741,2.59681397859475,6.87144181509249,6.22421873548225,3.9806704489911,3.52274096672714,2.28266520471456,4.39662309432354,4.07636830512436,5.15544467349194,4.93322780542852,2.314643924637,6.80007231451394,6.1120724327402,-0.039103117689583,-0.000169372222230275,-0.00945393111311918,0.0165587405427592,0.00645066243701404,0.0294192025180526,0.00383260304155663,-0.0191127639054622,0.020388393515309,0.0147678112459112,0.0250661923215635,0.00763344486162886,-0.00952912800646385,0.0196209024995542,0.0178026982374403,0.0333572895963882,0.0208057053381764,0.00560667279412328,0.0320164888783753,0.0295442421555426,0.03084849428341,0.0274524477086013,0.0125941281905162,0.0374371598786262,0.0340790920510992,0.0380105328472249,0.0257081969827221,0.00588689006378559,0.0407616176447426,0.0353192195938047,0.0301837377842362,0.0227672898032032,0.00785079459411748,0.0343375799460435,0.0300172765972632
frank,100,275,1.86088378090335,0.2,7.26296435799615,7.3349762564564,4.23146765526568,11.1530800868657,10.0491276210849,4.58993537356144,4.62571475849843,3.09016914903887,6.51556117260389,5.96930116264395,6.35034042801667,7.68693277866217,4.73095704596369,11.2605252869841,10.0705184325102,0.0459387299645466,0.0465491919053748,0.031031510917271,0.0657293293847802,0.0601282361139762,0.0284373058865439,0.0417766085733158,0.0216663977173848,0.0572482743328881,0.053179337044687,0.0380288230329367,0.0338896229159693,0.0156888059537896,0.0550763996129906,0.0505243129410804,0.0312797718267757,0.0319457271511335,0.0146770342797747,0.0489534376021026,0.0450483294228281,0.0341208794976616,0.0337643780065003,0.0181118815215796,0.0519562295264287,0.045735401337426,0.0457696060041332,-0.030946948475785,-0.0915212374796221,0.0156485873674505,0.0148044864750258,0.0353822661148174,0.0394050929530021,0.0232134599375266,0.0574818841949255,0.0516447834794367
frank,100,276,1.86088378090335,0.2,6.55583767295536,1.21504733732441,-0.942248106703115,3.64095636217503,4.08443617407329,4.23981785523011,1.59704178933052,0.529840926670063,2.79702606935596,3.01703464911921,6.17867924348094,1.43348764593677,-0.993895802152322,3.76514382233007,4.40120676712618,0.0416742294011064,0.0157600053019882,0.005116431724406,0.0279707336416419,0.0293543662606757,0.035304303356929,0.0097334784170594,-0.00284587058902481,0.0262269042173949,0.0236736134454897,0.0325713554248956,0.00859640199885665,-0.00255334393616322,0.0200710789325954,0.0225583027910029,0.0234754668910723,0.000755455566233316,-0.00732474693599036,0.0112537553280443,0.01329120897545,0.0390984312987342,0.0122391727036293,1.98013484320714e-05,0.0265550219761034,0.0262012458621274,0.0201848041962378,-0.00473467445126513,-0.00363526447103361,-0.000145358087266791,-0.0079593150874517,0.0347265817779811,0.00435544325467861,-0.00810156980441152,0.0184864761220216,0.0198703319657404
frank,100,277,1.86088378090335,0.2,11.1890232044984,12.8418206361887,8.98137098071823,16.318115536647,13.1275216883758,6.53487933966272,7.3532696858282,5.44328754020013,9.07306738733545,7.49519115769868,9.90345433166359,12.6853605932473,9.05922864229495,16.0613024686729,12.4058117925396,0.0327100439281296,0.0680354608591261,0.0535808075306154,0.0845506521710473,0.0511102507867499,0.0588434567470701,0.071704874505184,0.0494945016538905,0.0860741650470682,0.0663795045383098,0.0575771446254402,0.0684312910625853,0.044141786386824,0.0859820279212215,0.0688828633906339,0.0531858605694974,0.0587980593707026,0.0382792412558994,0.0781804901864425,0.0598069099543295,0.0500357897895938,0.0631279363825355,0.0402399389526414,0.0822642517582274,0.0648114709894606,0.0211485889403176,0.0711374772051326,0.0539430512990002,0.0821339813113074,0.0650143693508105,0.0497046490470139,0.0575325691934954,0.0364391027630182,0.0770264306846636,0.0575533867179378
frank,100,278,1.86088378090335,0.2,-1.13601208643717,-2,-2,-1.95036410497202,-1.8472070575412,0.434825873077059,0.00203484825014235,0,0.0300792500298379,0.0812886190778033,-0.853635661210588,-2.14978959231709,-2.17186248662246,-2.12089215487854,-1.8191883777627,0.00427685246917104,-0.000297692943522982,0,-0.000216889812093579,0.00076365408942916,-0.0100219825141301,-0.0155467281188138,-0.00871904226140601,-0.0218112489279148,-0.0246505297392093,-0.0193823726923955,-0.00351926990976644,-0.000213135869622633,-0.0106814742124915,-0.0108303585040711,-0.016611552518616,-0.00523361360131423,-0.000139299722930469,-0.0131271376766259,-0.0127117099737565,-0.0266270771370221,-0.00613589922613737,-0.00309095487735478,-0.010495310181602,-0.0139913230061031,-0.0186174342849157,-0.00766195681799908,-0.00644768237072595,-0.0110848621373277,-0.015655153819357,-0.0158404921113832,-0.00545319371279315,-0.000236317828694634,-0.0140567547962238,-0.0140820759748342
frank,100,279,1.86088378090335,0.2,10.8698605988173,9.9287912163724,5.41252065598661,15.1507624381566,13.622911260335,6.3741602949335,5.90959039326834,3.67501370830785,8.49424630512764,7.7381059223845,9.79567051844261,10.2597188885891,5.76742544353506,15.3103778694415,13.6583882622186,0.0577845427065675,0.0517258912333761,0.0226601990124835,0.0833733218380301,0.076581882669152,0.0599374815749849,0.0563076247359028,0.0333508228245907,0.0791531379657424,0.0737794783686287,0.0579281727065927,0.0511854101626169,0.0258274540076153,0.0794139383652608,0.0715842539356227,0.055935065443956,0.0454678177959059,0.0204369214220374,0.0748319412410228,0.064761102949623,0.0546892839056361,0.0420947019897852,0.01537006882658,0.0723183770414102,0.062515150020791,0.0641912791322944,0.0524489727696151,0.030119139880235,0.0651961924930586,0.0736586613087311,0.0565453474070605,0.0508757018034741,0.0266273313360605,0.0765702791616596,0.0686440209299559
frank,100,280,1.86088378090335,0.2,4.55324525169804,-0.305850643813117,-1.78799618323861,2.5419571247433,1.96076573155765,3.24997844233774,0.844520104110182,0.111067456160351,2.25346195257778,1.96634869277739,4.18467848249724,-0.189908558742399,-1.83289253588484,2.52781227435674,2.07367089015221,-0.0325888811480804,-0.000814729285347134,0.0010406196170119,0.00573886111261331,-0.00133395285277186,-0.0200834195187876,-0.0338698790127871,-0.0225161849376635,-0.0337082586275713,-0.034413617961621,0.0263778088872397,0.00306593932599552,-0.00553678633432779,0.0178522481409479,0.0126059605671425,0.0202590617706752,-0.00655500410527567,-0.0142677520816319,0.00944759624521319,0.00791791268762085,0.0201669628579994,-0.00150856259729029,-0.0109239305043086,0.0139579516449406,0.0110563398271461,0.030124157678632,0.0069585807113029,0.00104630879816397,0.0208113573786967,0.0155000639458736,0.0215751582665974,-0.00208669931279623,-0.00988994565855493,0.0138751170757651,0.00962840976392864
frank,100,281,1.86088378090335,0.2,-1.35704778921609,-0.864166841049408,-1.1307740976008,-0.574305944673159,-0.270212867456363,0.323299486848966,0.566223589378206,0.433994475339361,0.710761314661512,0.860908811537214,-1.28561065005803,-0.462843350565053,-0.49851942576226,-0.577308220268221,-0.146135646973738,-0.00800988105489185,0.0054848184967564,0.00424099353794156,0.0027636671027513,0.00826230999282647,-0.00703375789382067,0.00138128888675312,0.0027491529998737,-0.00427711095620019,-0.0030997784498953,-0.0112810806586441,-0.00737872617495621,-0.0101141021968359,-0.00305176526611161,-0.00386824253065897,-0.00975448965753683,7.97582814044537e-05,0.000824267090378189,-0.00550311372909829,-0.0024837432952673,-0.00155020613983293,0.00182521421031099,0.000108662368420156,0.0020047046442491,0.00521466573830791,-0.00331746807196353,-0.00897804286615309,-0.0155383544384132,-0.00787075181743599,-0.00520497570106591,-0.00867513683955145,-0.00109766478841115,-0.00173198821247017,-0.00256766980479386,-0.000568491002011109
frank,100,282,1.86088378090335,0.2,8.09914365732774,12.3869643138269,9.95795449229632,13.3308512424236,12.5287968741119,5.00540794435147,7.12687369483863,5.92501597021131,7.59399432460237,7.19818944088228,6.51649236322944,12.4039530836486,10.3854486779971,13.2417575805577,11.6850866025818,0.0275131823600962,0.0366011870394171,0.0222520612355706,0.059098436950794,0.0391501020210766,0.0417338928780523,0.0671702378653817,0.0563426645359163,0.0709579021737953,0.065340306689683,0.0239336587086405,0.0572674599560191,0.045729274816549,0.058675338209604,0.0470523775762168,0.0359190667799947,0.0622038208848688,0.0510803752182079,0.067353009744052,0.0588813050432861,0.0393542913951798,0.0655246370555856,0.0518320080703692,0.0709206665349904,0.0635282218139036,0.0474133401499766,0.067961693079698,0.0559550851100224,0.0700476028711612,0.0721031986174899,0.0373811851395814,0.0622719803632656,0.0488905718220178,0.0675304312245674,0.0610128217129759
frank,100,283,1.86088378090335,0.2,0.855023651009271,1.35729832585731,0.232984108302527,3.05982051956125,2.53595607896249,1.41731652233328,1.66697190682275,1.11156786843212,2.50918662247704,2.2496748531721,0.911920489063087,1.5476356996527,0.327057454029707,3.25740704672747,2.86639157420657,0.00414087656809023,-0.0069211509277572,-0.0121963668621205,0.00299883948223691,-0.00175281519667632,0.0117143945110282,0.00478646607097199,-0.0062564334385235,0.0191580228574441,0.0162621345576938,0.00669300234851234,0.00934402798014054,-0.000356341621539353,0.0202652307334393,0.0172423779534921,0.00373675964780524,0.00511588678301826,-0.00143888330945417,0.0141435954835709,0.0121458533700652,0.0109522857617066,0.00836434477754688,-0.00320159171685287,0.0210722691375201,0.0187048482544209,0.00120999755918084,-0.0158063518692189,-0.0233782463056758,-0.0124766684042886,-0.00386004622317053,0.00493889175361272,0.00359555211655371,-0.00407868398497565,0.0134886940721836,0.0105168320404611
frank,100,284,1.86088378090335,0.2,6.9357738507121,5.43980708269989,2.21416263875353,10.2527428729624,8.2021772642876,4.4283176945193,3.68807559568544,2.0921919814333,6.07020876632331,5.05546507531503,5.82374430572425,5.6757853386647,2.61021536255972,10.278577375617,8.09007280499009,0.0338529353872436,0.00447236191946496,-0.0189461572530015,0.043803972524836,0.0268329598125989,0.0396260665304416,0.0258435190998883,0.00922921956051762,0.0417076676902895,0.0441210817850563,0.0333127395488606,0.0309304523637931,0.0135690629109982,0.0517054116670414,0.0430392399940448,0.0308129910418082,0.0239556491825933,0.00537729356464368,0.0495242105950209,0.0387551602897951,0.0354187908096436,0.020609971847644,0.00202210259680334,0.0502912125619886,0.0390861107451707,0.0186503121747071,0.0246425015302065,0.00320774627997135,0.0594621747915082,0.0460964375725118,0.0354459515285542,0.0259543300079674,0.00788225787881357,0.0518084839912787,0.0408432840413993
frank,100,285,1.86088378090335,0.2,22.6402706924439,13.9600588725057,6.36796608016372,22.4239221101337,24.0926100413478,12.2013832498854,7.9040263031197,4.14672849482769,12.093238046996,12.9189908329427,20.6608241154167,15.0294776683419,7.36864937040155,23.0309811375151,24.8837219725363,0.122433953213124,0.0778870596643519,0.0406581536814236,0.119542736302039,0.129927080368567,0.105867087216855,0.0723064907925916,0.0323423867098488,0.117996823368961,0.12304084978186,0.116092161978514,0.0703682606062936,0.0264999221254518,0.116749011135806,0.12632771393409,0.117702359841491,0.0725649785757507,0.0320943339674552,0.117842565726177,0.125923851296136,0.111409510946463,0.0729041361426929,0.0366042728745729,0.115382419419443,0.121551633145786,0.120914616655002,0.0173819938155795,-0.0230331298706786,0.0670188999247608,0.0849002339295456,0.115007141995341,0.0746060579593388,0.0344463591864043,0.11740623536972,0.125967654688637
frank,100,286,1.86088378090335,0.2,5.62640499171824,2.22627041210432,-0.11070670157432,4.9401694903521,5.80106102772362,3.77911448669603,2.09622110880826,0.939587865667038,3.43984661527788,3.8661953045285,5.3999167558108,2.85257623232779,0.526726156113791,5.15604675281133,6.17294051442244,0.0377456748789349,0.0169724846244652,0.00517533701936006,0.0264626785567818,0.03264401248561,0.00735567886817097,0.0112304560109215,0.000553704812205387,0.016869939962914,0.0217060995673594,0.0329771091377667,0.0153252959664164,0.000731922593164163,0.0319937303693714,0.0323007784316055,0.030063177787155,0.0153875564602126,0.00108251237393908,0.0294224746319939,0.0319121153348495,0.0322219991271447,0.016408402489146,0.00501367754446926,0.0274431838568631,0.0320403578169209,0.0225137785051023,0.0200614356991822,0.0042267451501462,0.034306562335514,0.0364574974388103,0.0289507347545841,0.0114574289928655,-0.000867866211261885,0.024456839124084,0.0281349685474564
frank,100,287,1.86088378090335,0.2,6.46475118404576,8.72503142351942,6.38425755610672,9.20176264989385,8.98218676204234,4.195783179342,5.31441306794828,4.15625731059314,5.55039951293583,5.44162289036355,5.2455756051469,8.61005358414745,6.44857972143409,9.0262898900925,8.63412758517759,0.0383273600929724,0.0511984423642369,0.0321991573151833,0.056006245826716,0.0547633769966848,0.0373675362379685,0.0464373060683156,0.0347889285950016,0.0450765142687202,0.0456753513008327,0.0355965211538658,0.0480082605139673,0.0331546162092556,0.0514344069332488,0.0498051167267322,0.0180715401559592,0.0403608744911726,0.0309593701261874,0.0356686956223483,0.0380252411573779,0.0347790822414902,0.0321847092768166,0.0130084289699371,0.0421950151405225,0.0411437374993758,-0.0151129501682296,0.0509342697008344,0.0411236900083269,0.0450416130574666,0.0466411200648146,0.0289511336465427,0.0417052653439326,0.0282936307075801,0.0440940811170187,0.0428586706825419
frank,100,288,1.86088378090335,0.2,3.87832455572254,11.9747726062009,12.0531379610495,7.44900498100727,9.89329291635147,2.91586150826306,6.92205483864864,6.96073150837586,4.68259446403131,5.89249670803286,3.08732106814141,12.0629146777949,12.4736219923556,7.25604982025276,9.5317837908419,0.0276703949097873,0.0585258483519873,0.0587159922222896,0.0317951983065626,0.0513500017570898,0.00971791769047491,0.0667204196325593,0.0689630501786301,0.0366950400144665,0.048556291667288,0.0200601691718539,0.061571460152963,0.0614981611518174,0.0389148197613105,0.0514169686560321,0.0194969532849032,0.063300903200167,0.0633237023506715,0.0404280076969559,0.0511009348022503,0.0183448128448189,0.0578528972690759,0.0555565066411265,0.0358794296940812,0.0502268821178606,0.0073701223282769,0.0675238093433132,0.0699463326705058,0.0433955263709745,0.0519478777746982,0.0153687654885918,0.0594903242419216,0.0600820785822777,0.0341317426120593,0.0474041599374199
frank,100,289,1.86088378090335,0.2,7.66359124553894,9.75048511659722,6.8277171822434,13.0053078725461,10.8664218125814,4.79236110126575,5.82187445679983,4.37577812691923,7.43253140826447,6.37488455786452,4.98912269798312,9.67650350243,7.2120387287515,13.0416689881417,9.93136918439133,0.0269090714312047,0.058572444731993,0.037549737422636,0.0736463875491208,0.063273061210413,0.0241448898244954,0.0521079474873153,0.0368907926513742,0.0671728789131549,0.0545983529980874,0.0133139953901622,0.0517410327316137,0.0360137201069028,0.067158936357073,0.0501045319831042,0.029633324681703,0.0435094758296259,0.0253828829467287,0.0638663665276581,0.0493387059055241,0.0320768395259337,0.0475563175794042,0.0342931395842379,0.0629579702264948,0.0501042525060402,0.0445668891790088,0.0514402975220291,0.0345023722428481,0.0728581779342322,0.0558286415481108,0.0332487077071218,0.0495389394362232,0.0329752334642294,0.0677149013647083,0.0541762698628408
frank,100,290,1.86088378090335,0.2,6.07457763503616,7.8721169596259,5.24785559108573,10.6060911900326,10.3030161787744,4.00008975756624,4.89121357688442,3.59330026072067,6.24432382147312,6.09397852474905,5.68826028530889,8.19098767935214,5.60232351391274,10.8631977249925,10.5357950972372,0.0244832800430302,0.0190853952761709,0.00475500541612614,0.0455633267806711,0.0334649918969506,0.0240529164288727,0.0392065737853371,0.0277303894231289,0.0478310866122452,0.0493843063007864,0.0347368728154544,0.0371465729229674,0.0169345475353574,0.0537984882085428,0.0523759190182612,0.0284245584590109,0.0386852664098531,0.0225576347440868,0.0541939297271022,0.0520205549407591,0.0376863747888204,0.0449104942554886,0.0298359929025566,0.060143602154461,0.0579020419445075,0.039787378058307,-0.0139340836054922,-0.0766884007986865,0.0433656975807066,0.040834071447698,0.0346758526721783,0.0398370733681299,0.0232012677957415,0.0544385769925706,0.053690197983353
frank,100,291,1.86088378090335,0.2,-0.427304662735159,0.365092019682796,-0.394359513862873,1.81039129420193,0.649705161561235,0.783045102342398,1.17601161269897,0.800561752004379,1.89123872719634,1.31716814924573,-0.42406511526463,0.432080490788214,-0.200158544744215,1.80604411535147,0.495400697474092,0.00659267081416079,-0.0513980797110386,-0.083312506183264,-0.023465414738918,-0.0172404538082777,-0.0135433866285581,-0.00834661552766461,-0.0104883751704867,0.000689079019368564,-0.0131070664595342,-0.00556483346717349,0.000186973918370358,-0.00312022389741871,0.00773587332807584,0.00100024566747991,-0.00470393988973519,-0.00317375415629112,-0.00865910574226852,0.00536569507532998,-0.00189932393253341,-0.00322052837761313,-0.00777614060436379,-0.0129557016478653,-0.000140779772178617,-0.00292528506129615,0.00736633402378484,0.00230645054936629,-0.0069049976426443,0.0120114133248858,0.00860301326611486,-0.00259198785324601,-0.00123022392541474,-0.00598031231773889,0.00680623876605743,-0.000211938083186043
frank,100,292,1.86088378090335,0.2,8.71720661883783,10.8578486426255,8.37378487469283,8.26894835630409,10.490000773396,5.30906580566322,6.37059526187173,5.14188824126421,5.08848361126102,6.18770280661004,8.42233994964014,10.7387055305416,8.08217244542153,8.09679868965645,10.6463872597965,0.0528150272855226,0.0637409422561693,0.0514831332482872,0.0512917199894228,0.0619082647532185,0.0496459609797635,0.057702897500903,0.0441216825166697,0.0437044065844033,0.0563101068173599,0.0400404395608807,0.0475376628211848,0.0364141773784504,0.0382998300006374,0.0480280120537589,0.0472854956198629,0.0517085573000265,0.0376685301279066,0.0403572150297965,0.0511369316293878,0.0445410516007592,0.0524882044167306,0.0394832043404917,0.0387263748481045,0.0490345715015986,0.0263236636202718,0.00851273827159342,-0.0576543847673511,0.0345431994253342,0.0217722316645773,0.0453830427539489,0.0505580987316487,0.0364517530343094,0.0397039985214796,0.0505699434701466
frank,100,293,1.86088378090335,0.2,7.36921631339083,4.33423874086784,1.80025882708533,5.06550332466813,5.36466064775678,4.64269768042863,3.14142166853969,1.88729932277549,3.50298659360178,3.65191150192793,6.70623053580056,4.26417930886668,1.66000607261764,4.90010675404167,5.13657772449455,0.0227636998928444,0.00837485503489015,0.00879756985483551,-0.00717425594308785,-0.00607575449433072,0.0374467926021936,0.0155156204315894,0.00323635927677045,0.0205008052101513,0.0237489523916821,0.0417396957859636,0.0179552796811112,-0.011822693097765,0.0273251742893825,0.0263355869786386,0.0400041254302734,0.0228601863981292,0.00836898769081776,0.0280586806552495,0.0266849229824703,0.0352730974612663,0.0201928890437773,0.0079379880802136,0.0257381442617853,0.02241154961225,0.00641866456387072,-0.0111275939917822,-0.0254541900971831,-0.00476256491020397,-0.010175497544422,0.0360429778121658,0.0222346991701415,0.0109114091816261,0.0250353195389414,0.0249837994567657
frank,100,294,1.86088378090335,0.2,0.0458136582571655,1.82553743308051,0.857008360927857,3.63543781936148,1.91710855768933,1.01840101060994,1.89947294707962,1.42144302210177,2.79443643574551,1.9440558031157,-0.498886154210415,1.58974039200893,0.578786096265151,3.66705973942375,1.79595225685939,0.0102072472741256,0.0165759039147456,0.00501436337705151,0.0281758587915035,0.0188402487518789,-0.0193297337671013,-0.00131326282085175,-0.0140953493697436,0.0109793250551006,-0.000970278466011125,-0.00240556412955336,0.0136430186003926,0.00411740895327788,0.0212573861006271,0.0135923806987899,-0.010223426081368,-0.00129137083590832,-0.00865080918768019,0.0118188713358939,-0.00234122221453401,-0.00245555616134723,-0.00230927883384401,-0.01643286488782,0.0140284560904696,0.00471377985723065,-0.0461330801276108,-0.0187645447358954,-0.0152862377067153,0.00256364453441423,-0.0118004999462033,0.000118879128874737,0.00752062556513581,-0.000827823600679608,0.0182886941424216,0.00984190049910146
frank,100,295,1.86088378090335,0.2,5.08517115476332,9.14767038780734,6.58243657859861,13.9393994821335,8.01878295802151,3.51519004282588,5.5241669362602,4.25425733919842,7.89632564789222,4.9684540439213,2.85078390576968,8.8250159403889,7.10071783984184,13.4986558753019,6.1082128044574,0.0344253935434475,0.0474935205969103,0.0275949434307538,0.0770083405116215,0.0476266315839952,0.032455165206058,0.0484856772560988,0.0320075692821554,0.0763163050873171,0.0441517410623047,0.0231376004780057,0.0486919248733448,0.0362142233283416,0.0715927461761538,0.0371301696432659,0.0248270846120543,0.0438534041655909,0.0289037905524288,0.0689691056362985,0.034288633266525,0.0265970789278908,0.0347700634628311,0.0168563273321165,0.0667586274123373,0.028108578791959,-0.00466470068826287,0.0218658956886213,0.0152562231749819,0.0577543408345047,-0.00504748964731661,0.014404350553228,0.0421862142059596,0.031033980082009,0.0629529559222836,0.0283297718894472
frank,100,296,1.86088378090335,0.2,3.28659921012004,3.09661458703006,1.77164745689299,2.96377172764426,4.45426336499463,2.62175224905024,2.52766916315858,1.87216551390095,2.46189768009439,3.19952608580361,3.54118202236354,3.44368816845694,2.10095067630406,3.01917807378655,4.9125368754532,0.0255987195037193,0.0216145797135349,0.0093809135384124,0.023985206051879,0.0322090382264763,0.0205654349536197,0.0205508170701663,0.0123610941627542,0.0229047711843139,0.0304203446311873,0.021330474354138,0.022333783326757,0.0156171554208764,0.0196125956583046,0.0282862460473095,0.0172478084458859,0.016807225854044,0.0100990769085966,0.0162810071403956,0.0232473024831195,0.00768544703129221,0.015140099737698,0.0108060385916797,0.00934621372974332,0.0177782063663985,0.02641759137914,0.0235341478843304,0.0173593458780206,0.0238834491363664,0.0312878513575744,0.0163405078859554,0.0164122159612146,0.00941220905850593,0.0147150285182104,0.0228810508007082
frank,100,297,1.86088378090335,0.2,6.55698390248856,7.47524867427444,5.10621158055516,8.25161941714173,8.94587958422137,4.24067713056515,4.69562322905356,3.52413490473127,5.07926642759724,5.42259001258334,5.59092599598751,7.43868100102469,5.04139947714348,8.34473758433887,8.97629412276407,0.0419322390018727,0.0472684426657284,0.0317923185308356,0.0446523251715857,0.0538617680951174,0.0326290944286597,0.0348353660660868,0.0218904473114657,0.0424690199927871,0.0432805753955369,0.0313985715174343,0.0349861786169652,0.0155028227026058,0.0436179104438239,0.0448591513795104,0.032838766441186,0.0338134397702615,0.0175999646814208,0.0416013371109752,0.0449551288737193,0.0315232218357767,0.025315004396746,0.00680240352367164,0.0392864323490302,0.0378030218893868,0.0380837617807858,0.0455555294356925,0.0317937536674357,0.0511815040334394,0.0543757584435721,0.0332602071531374,0.037792692480377,0.0230024804997067,0.0432269946722541,0.047395116026046
frank,100,298,1.86088378090335,0.2,-0.752305399024856,1.65518655146036,1.05574219120921,3.12975429699149,1.87047857773817,0.625486581063211,1.81349655173301,1.51650042045395,2.54383333022026,1.92163393287156,-1.76396072001271,1.95475774198764,1.79248249550479,3.3058441141108,1.39449876214147,-0.0158500335505581,0.0151121496083743,0.015045863303776,0.00721218670979797,0.00653547896757408,-0.00518954036547678,0.0174701618141823,0.0150842262778101,0.0226386465890855,0.0178288049548007,-0.012706801449429,0.00835410484022923,0.00798535506803915,0.015896694919304,0.003307879008396,-0.00483548340818289,0.00988520666140791,0.00594201546430098,0.0164756519723463,0.00943396010299614,0.0021562333794196,0.0088844945568582,0.00409299667258232,0.0165141071942212,0.0117974523219179,0.0045943234972204,0.00577849840762564,0.00188269902334216,0.0124967020196282,0.0146200471798772,-0.00899794110126139,0.0102394217026058,0.0073024871680249,0.0167840425739402,0.00751712509985588
frank,100,299,1.86088378090335,0.2,10.0731570489521,9.43968658594541,6.35558064310455,9.23628762452575,9.94576759533936,5.98211590821788,5.66893848073731,4.14265683110313,5.56795067963708,5.91917763691971,9.48795439511081,9.39461852131405,6.2726361615334,8.83243387611575,9.91304418947499,0.0478542599662155,0.0436016165172528,0.0197906631461324,0.0517508292353897,0.0496919089669235,0.0542376124678463,0.0542086446483525,0.0352294780525065,0.0546010470860608,0.0585007903669595,0.0448189741472319,0.040368165557933,0.0271523909381616,0.0410762233233467,0.0440720521468967,0.048176451492516,0.0452327105565971,0.0296572604883392,0.0442931662870751,0.0489060112237905,0.0481744915546773,0.040051874059559,0.0263085712729414,0.0395226004540314,0.0425822615722349,0.0576670441903012,0.0511728541814385,0.0387756785405362,0.0364292334617157,0.0486551009324996,0.0488537041210621,0.0436759597341325,0.0280075756138454,0.0425220836200301,0.0466446978965833
frank,100,300,1.86088378090335,0.2,13.5086703855555,21.0298919393198,17.2868132607563,22.7402454119897,20.1121446641088,7.68366108188596,11.4060254059695,9.55396563024668,12.2527337910391,10.9519954879559,10.8752655686747,20.6070988665807,17.4432216616678,22.2608057370211,18.9522499465594,0.0454547084669581,0.102909758540163,0.0825338507227258,0.120495193068875,0.0876557855711364,0.0638272852796321,0.101456515614195,0.0824053812726302,0.108372162117607,0.0943982253380074,0.0486413675527295,0.0921234710266382,0.0718307725902028,0.103472805429752,0.0854901461105599,0.0552000984450842,0.103939923510554,0.0856050547119638,0.111253170790959,0.095268715309393,0.0621758914692155,0.105241363590334,0.0873561594577237,0.105543398224567,0.0968018410245071,0.0618090358059146,0.108272319974629,0.0905459572920446,0.123431731621504,0.1050745619132,0.0631362009673989,0.101286125335,0.0811137654075707,0.109578827186064,0.0957604006058513
frank,100,301,1.86088378090335,0.2,7.79757056347479,1.78292182511339,-0.808449235905644,4.19153219195376,4.18034769711545,4.85439526185204,1.87900447854391,0.59672739072018,3.07054032527465,3.06560891738187,7.70956840885477,1.88602350138876,-0.888449263393826,3.93900682948109,4.32388007056672,0.0489093060170002,0.00794349338812507,-0.0123840678735256,0.0299123453901073,0.0246389269343789,0.042834220827528,-0.00364839167163735,-0.0222951403686874,0.0125775764354083,0.00504210721520067,0.0356295638846802,0.00344686031200268,-0.00737225817287243,0.0134464193609317,0.0088548488110767,0.041517070418431,0.00481690120319879,-0.00856221551891224,0.0180733565694281,0.0162173357985663,0.0405723163049276,0.00765918568576381,-0.00493785674047217,0.0199137288323573,0.019553412726284,0.0389646606522321,-0.0219522224418092,-0.0231636836521323,-0.00873986074576014,-0.00884520545419294,0.0370206093406418,0.00271356294183851,-0.0106777505331369,0.0164291915567469,0.0145586405450112
frank,100,302,1.86088378090335,0.2,6.26252556508621,9.20039056515587,7.18329566824532,9.35418502847428,9.32764196312841,4.0969873580382,5.54914762147741,4.5506317306828,5.62554221808042,5.61333564721555,4.98667468840513,9.39501223251113,7.74623222329423,9.28487423991825,8.8271269976485,0.0412870123337697,0.0438067143786745,0.0296251206449112,0.0524339187887186,0.0466111109215915,0.036389267499055,0.0487865305586798,0.0366930155590332,0.0514034072795096,0.04968345681348,0.0231829590371504,0.0470450711984933,0.0359241650108011,0.0469936150288684,0.0436261676456373,0.0227681012060423,0.0445896367892832,0.0358788458577449,0.0451121354516825,0.0404119768177888,0.0323104671673461,0.0501253797548782,0.042242290304357,0.0465326221509834,0.0491837907960628,0.0352466022634851,0.0521553041561426,0.0403404118780952,0.0493433179422398,0.046363252065475,0.0285557827704755,0.0475994511568217,0.0378137178293584,0.0472963371591648,0.0455070453868875
frank,100,303,1.86088378090335,0.2,7.09454533153587,9.74833310349693,7.01185512130352,11.85375496157,11.5025942362812,4.5060861259847,5.82033923171933,4.46672854474197,6.86237552468289,6.68815427007054,6.38282959627864,9.98510194109241,7.32966814489822,11.9549528049621,11.6644676642065,0.0454035669779461,0.0564221999338435,0.0434979270293278,0.0644192144812273,0.0669733250934561,0.0404073598431256,0.0521532720052359,0.0383413487154622,0.0624357385152176,0.0632673364603896,0.0397774347636115,0.0531584893748516,0.0393745868077223,0.0644129254644982,0.0636753399985921,0.0374667856383855,0.0486252160175063,0.0332913377783061,0.0589544368899812,0.0576160247200569,0.0357694487407386,0.0485775306118302,0.0329361750664325,0.0578867182285809,0.0599536580616656,0.0336286552061093,0.0476890669893786,0.0360438457838457,0.061015210558251,0.0569552539776453,0.0363504802923354,0.0482552012034162,0.0320056128539562,0.0603741170789175,0.0587009785293712
frank,100,304,1.86088378090335,0.2,13.889864775331,12.7568654804695,8.08528282584322,14.6044927240768,17.1836441241598,7.86995567494565,7.30879262723092,4.99721185971607,8.2230906387228,9.49957351205777,12.444499978923,13.2542481945735,8.48311120306057,14.9948946527653,17.4736157823582,0.0610909185902139,0.0698811817279564,0.0495751574629765,0.0691184631743716,0.0896626111978681,0.0673648539875548,0.0730293763594218,0.0490539540559642,0.0780346379140708,0.0933710327279133,0.0677852893272437,0.0672927026478793,0.0404418984421891,0.0766758795265144,0.0890479531403913,0.0710375069379062,0.0606850474100097,0.0347962361056899,0.0724770586909283,0.0859451739955506,0.0694012322071122,0.0654268350226529,0.0407990544710471,0.0701049147112186,0.0882335994628356,0.0772171240603577,0.0358220710938976,-0.0108230572423711,0.0606777094611934,0.081175952897853,0.0707811716499794,0.0641673561030262,0.0389415198960123,0.0742862980139082,0.0876863963359813
frank,100,305,1.86088378090335,0.2,2.76547946242727,4.43153231891731,2.54386302027781,7.96788995353035,7.08668698349628,2.36420379405041,3.18716948447159,2.25290884489407,4.93840187017008,4.50229940589101,1.96590190075618,5.05842729691055,3.56765088766459,8.26238822395223,7.06862089932392,0.0149198041310703,0.0321485007392505,0.022042096718293,0.0475510625664782,0.0417863444909589,0.0021624373223789,0.0147932672027065,0.0109849252062027,0.0315671328754153,0.0171933223727751,0.0163280320689929,0.0223843714400815,0.0131000263171015,0.0388518840704326,0.036389175084132,0.0126964163815576,0.0244275636823371,0.0158600379346719,0.0394335758605757,0.0358065277383044,0.0186836620339042,0.0295736182567496,0.0187963044061845,0.0471166265189409,0.0422019639831373,0.0136051755854714,0.0211931920734251,0.00790687137388933,0.0483604317922791,0.0316386319695766,0.0101401424331962,0.023578388582583,0.0144991823426514,0.0383195693457015,0.0335222790808603
frank,100,306,1.86088378090335,0.2,6.45202576346458,5.32273720663865,2.60839736619122,7.90301290054682,6.75520990364876,4.18949025056489,3.63037602515593,2.28716974188193,4.90721006117006,4.34019841007399,5.33417520245518,5.4531297515298,2.92075853220398,7.84405257736929,6.32849462810888,-0.00924208266643597,-0.081339078966635,-0.0919689674013739,-0.0349212540841347,-0.0563407089046287,0.036768161797527,0.0260570440682751,0.0105344778592998,0.0380406535882152,0.0367475797094272,0.0327543359919807,0.0324409491106354,0.0166370625352362,0.0450218760351433,0.0384937376968089,0.0253469462215053,0.0219561260714821,0.00693585833808765,0.0355434795296681,0.0258054160996412,0.0320215226611975,0.0305472113103232,0.0144902317814579,0.0422615804870424,0.0348553713967165,0.0422117037932601,0.0138453374978103,-0.00701927289830819,0.0325578591071553,0.0278752820964118,0.0278781674604634,0.0256931877894844,0.0126521474095542,0.0372295291442401,0.0298734857425681
frank,100,307,1.86088378090335,0.2,12.8531770569617,12.1205176375132,7.70250890321264,14.7871349934057,16.5997527684771,7.35610385013178,6.99413962324017,4.80860397295484,8.31338508015861,9.21042766962907,11.7119641644032,12.567538315287,8.04199482407574,15.2353899785692,17.0030973018433,0.0402101753168426,0.0697590152039517,0.0484736271018764,0.0751081639616213,0.0895619909144564,0.0596886457169791,0.0691952920661258,0.0482509225618539,0.0770849448189402,0.0883872610887559,0.0637658273662878,0.0597206800529473,0.0383836587518923,0.0699883721000576,0.0826673617933811,0.0670883792195312,0.0594047517820887,0.0331232619309399,0.074632612696992,0.0853912550205943,0.0720572095450709,0.0642248368144033,0.0396929857971919,0.0791454562169326,0.0878865767261529,0.0172127790634758,0.0290906442014561,0.0228463983391712,0.0203836101132035,0.031212983289754,0.066613343683176,0.0603720545745009,0.0349541008990665,0.075857225778087,0.0849010197117618
frank,100,308,1.86088378090335,0.2,5.05651764087294,8.16028151542779,5.73759278313967,12.3666795890296,11.0284305732405,3.49821553131793,5.03346708782444,3.83517904579308,7.11565080991154,6.45288055211228,3.88002281988144,8.57125932976084,6.50977229347049,12.655047755462,11.0463624221613,0.0351731048977799,0.0483922380085461,0.0326866119076591,0.0718318024439105,0.0651420939229663,0.0318036160215745,0.0344568601008945,0.00499008606622908,0.0666974557061381,0.0581347277166287,0.0245359687393269,0.0438697648546576,0.0301709774661149,0.0632124460071092,0.0583340682981376,0.0234426038680094,0.0414948579902413,0.0249857608523588,0.0636392489674294,0.0574398439535423,0.023300394680452,0.0354828313600801,0.0222593194813974,0.0593001649360337,0.0530888000716052,0.0123081283459318,0.0505546225404638,0.0373634769510875,0.0607956634398108,0.060802091823974,0.0256342076648326,0.0408171439017298,0.0257297445363136,0.0635827504141186,0.056967608985118
frank,100,309,1.86088378090335,0.2,7.12403872480348,6.48597772277032,3.62540177117284,9.03566077112476,8.98446247864012,4.52181006567158,4.20558568405429,2.79034765635432,5.46734396488295,5.4420174105207,6.11711098546196,6.76543430292693,3.95613275236726,9.18663608745543,9.07831846654185,0.00719258194903626,-0.0630773128847385,-0.0948710491782434,-0.0179977931803125,-0.0299555199481899,0.0389508575936604,0.0419762954123004,0.0270713723431999,0.0531235606482361,0.0531270878903669,0.0261716855381229,0.0317519062484513,0.0179750678635935,0.0421003878272065,0.0420899778067498,0.0348525176962966,0.029372673459942,0.0142975638255095,0.0440854887296995,0.040082358614989,0.0297976246113297,0.0328941583902307,0.0195607024684909,0.0427479987812749,0.0448409749313089,0.007338208904176,-0.0494324246559148,-0.0531974088265601,-0.00594234829156258,-0.00016943275940462,0.0355609569894277,0.0328839170571642,0.016587285795243,0.0463776949679004,0.0463172230814189
frank,100,310,1.86088378090335,0.2,4.76340194001596,10.2450801955666,9.14732673913895,7.20628622322975,9.38923532129561,3.35255598481288,6.06603810921886,5.52343503661831,4.56150025548773,5.64220722004146,4.08032853064515,10.2120672225453,9.13406409624034,7.40288544427848,9.20775747194688,-0.0121268729949203,0.0307024560484667,0.0355959632097202,0.0141822962379322,0.0132830925152313,0.00976337309251709,0.0529224899585456,0.0482395116216996,0.0357742851420193,0.0440734783937989,0.0258019629131623,0.0488937626257891,0.0426792770643155,0.0344125647643587,0.0453489303507331,0.0256887611545814,0.0484279841197024,0.0394430739582646,0.0361141833555019,0.046603301563454,0.0207916261551396,0.0464281580426011,0.0422743465866417,0.0304822961269783,0.0379740224884098,-0.0306994639747468,0.0400507274475683,0.0462367859753507,0.0237389880335692,0.0282385486197324,0.0251481324110467,0.0531748519144786,0.0463711514855455,0.0381948618135091,0.0488954937375174
frank,100,311,1.86088378090335,0.2,4.55240862204298,10.007829820563,8.48294140911736,11.4165685930159,10.9921719372132,3.24642833220738,5.94830304237427,5.19470664748064,6.64527097430526,6.43540711054865,4.41388796391196,10.3683895014777,9.12084536782177,11.7145852934839,11.0938867649768,0.00474138804702065,0.0491721299936081,0.0476160800986268,0.0533420854996955,0.0490651382882883,0.0175945958877993,0.0422758045821756,0.0368463108044722,0.049116513952168,0.0443685549020959,0.0285893368079388,0.0577275357637328,0.049164788397019,0.0641007053297918,0.06194695160435,0.0240426154399992,0.0488327074698164,0.0393592842990759,0.0549455554909597,0.0506155365921564,0.0294969573724678,0.0545107532142572,0.0420256003537597,0.0603337430878456,0.0603257046336321,0.0268715999088131,0.0486514109952581,0.0361752415225433,0.0614526748999719,0.0579698997063949,0.0258928747149724,0.0531171294917112,0.0441520428731506,0.0593788458336094,0.0570909345827982
frank,100,312,1.86088378090335,0.2,2.97765259484348,7.45269117610041,6.43398934589594,6.31188103025748,6.1575462812232,2.47190932650577,4.6841956593679,4.17985014438567,4.11967878451702,4.0446951516183,1.28689770298867,7.30560896656222,6.73897705026859,6.20230351294269,5.15281855346726,0.0238465016307621,0.047173256155244,0.0419489114192217,0.0396540840523207,0.0392934559746222,0.010502875806581,0.0434408737777383,0.038498802220053,0.0362958177353172,0.0360684146454944,0.0133761521319153,0.0412991345745882,0.0349180630038139,0.0354243566202692,0.0347813914461253,0.00600248255037195,0.0380295259752772,0.0345804103031957,0.0303942315493994,0.0262556026868169,0.0153135445551229,0.0427719263611798,0.0391243437343417,0.0349188834225264,0.0326583608542353,-0.0148487930688551,0.0289278582458114,0.031050795808942,0.0256744308599146,0.0240783383062483,0.00799904932096028,0.0373725168634091,0.0333900228966156,0.0305811000546157,0.0250478227167419
frank,100,313,1.86088378090335,0.2,5.95842504564969,7.35800826091099,5.04793357585554,8.54708497497299,8.72926237293134,3.9436458052519,4.63719070093824,3.49457588068864,5.22539207039933,5.3159858441344,5.27807256257005,7.45787941200817,5.1880820269012,8.66733762376152,8.61047755699878,0.0379935164871245,0.0467887582134171,0.0351365424569783,0.0525783741396988,0.0525305516526732,0.0216126732507176,0.0247234412605229,0.00672926131419926,0.0420045540964153,0.033865458344872,0.0359429175381661,0.0367323921810983,0.0213154830342457,0.0459000695017626,0.0448661682517806,0.0283155491544778,0.0308380885781484,0.0151071281109871,0.0387904051835026,0.0398334619891702,0.0301889974804865,0.0391330796432887,0.0230638145632998,0.0471548337519798,0.0463805035421883,0.0252129224465312,0.0401261620437437,0.0330707553057787,0.0426802863016911,0.0423357257356986,0.0343930597858313,0.0398611416896483,0.0260777817472682,0.0462181964840366,0.046649922215212
frank,100,314,1.86088378090335,0.2,0.903350542718916,0.856075066326905,-0.281140174730758,2.62194480556683,0.48051110727278,1.44292933385442,1.42074040460697,0.858569459493273,2.29346220913433,1.23559645805084,0.377506458247107,0.388156738873537,-0.777365177257271,2.43337024278391,-0.254034744063931,-0.0510076496276195,-0.0460815519391878,-0.0462486319070024,-0.0248194824035994,-0.0623324947417061,0.0127179545559638,0.00251670232981282,-0.0133941599315387,0.0189112655602459,0.0109448049329192,0.00695691468796186,-0.00802291365342684,-0.0210813362910627,0.00824363792110418,-0.00550017685966596,0.00200630459202662,-0.00603494833530795,-0.0131345549800321,0.00656086198951937,-0.0071503210240714,0.00658446681562281,-0.014680401068786,-0.0264798122487081,0.0111126150169195,-0.00695110912764934,-0.00352258239390124,-0.041849943633568,-0.0672537200188469,0.00201952932912404,-0.0487498728092732,0.00137943603735251,0.000880555567353023,-0.00595676889665524,0.01183063665303,-0.00363702376422816
frank,100,315,1.86088378090335,0.2,1.04477985934595,3.73628788597837,2.54494723566573,5.94266824955838,5.3761012384329,1.51200498964306,2.84284040156898,2.25276134300544,3.93651561080438,3.65566504216327,0.662890182052414,4.33220427871908,3.63483956301552,6.01113689678823,5.34782820915789,0.00640671346080365,0.0180059651762959,0.0159102992120982,0.0250646387525045,0.028135395877729,0.00582595472895881,0.0235805592620328,0.0183157927923928,0.0334449909025159,0.0271521870929686,0.00769258448534758,0.020758137227957,0.013647014335675,0.0316699471973691,0.0287923059571538,0.0071772297615972,0.0237290534709129,0.0180563806351594,0.0324545968472862,0.0300281079973079,-0.000759535186266435,0.0173193359407718,0.015159710746214,0.0243765066876246,0.0216688974772666,-0.0437004594625203,0.00877435928450567,0.013901175802672,0.00188979354314359,-0.00502870936183887,0.0050552650263714,0.0198682646687191,0.0151254848023928,0.0279561773539279,0.0263452842423813
frank,100,316,1.86088378090335,0.2,4.53310066540486,6.2294535175868,3.92828487604929,9.32019104010663,7.02350506772874,3.23887149383836,4.07978423114039,2.94260152417542,5.60834222059751,4.47157378895132,3.58588999688463,5.8766943360476,3.44218740218677,9.39638270724375,6.88123111790733,0.0291123304899609,0.0367425051702434,0.0185641636372881,0.0551915104019981,0.0449441887372622,0.0263529822278286,0.0356359633454403,0.0229673026671016,0.0511547283076992,0.0398748772865936,0.0191037006704444,0.0319015070768261,0.0171514193449868,0.0492478684689119,0.0363158870157614,0.0224570728841887,0.0295218499439647,0.0158810014572625,0.0471680758742106,0.0348197976307381,0.0145442696103014,0.0187951208961024,0.00189601787143534,0.0356249938700539,0.0257987663287574,0.0180619059162223,0.0288682925264397,0.0110323729138085,0.054585183050113,0.0409782860564999,0.0212416950805498,0.0280409540159701,0.0128367098331251,0.045245482583609,0.0337294973277031
frank,100,317,1.86088378090335,0.2,1.20520416391726,5.97618707951689,5.48816804397447,5.06197792860658,5.52579342876097,1.59060390655672,3.95248434768765,3.71105193136925,3.50059106360669,3.73016643979887,1.1983696147329,6.25167783739966,6.08482348485727,5.12080886165755,5.45443599050845,0.0158228251042853,0.0371968175152915,0.0313306634871773,0.0353077340150454,0.036288097284961,0.00256472191262429,0.0290666472742627,0.0272457153717222,0.022502126978183,0.0245477609004138,0.00903602482919753,0.0297873569474907,0.0273386422416082,0.026977466086254,0.0275239333506162,0.00911751773922416,0.0319471023567217,0.0283970720539348,0.0271462937648299,0.0291006904026411,0.00120312952527262,0.0211442987676016,0.0208557545702878,0.0159843506047363,0.0160553783768778,0.0092875265691518,0.0393780973685538,0.037361864915217,0.0328005007649269,0.0350447169914293,0.006135365962354,0.0291916186012892,0.0258771468617071,0.0237827348801623,0.0262116152336896
frank,100,318,1.86088378090335,0.2,11.9335984938121,6.18640789550573,1.90669133642832,10.9642241676487,11.3185685121279,6.90224334216675,4.0570074032314,1.93869372311376,6.42229881808991,6.59731323025531,10.7721733680754,6.78146800174167,2.53281470438953,10.9996457788607,11.7523971570608,0.0371655637970897,0.0408346716578283,0.0195300716779348,0.0576100702298009,0.0592505893590952,0.0600729470649923,0.0270280233455216,0.00445181510775518,0.049512785167478,0.0544794753549086,0.0646528536862261,0.0306643442904495,0.00805682391823373,0.0580529846429408,0.0592588337820619,0.0547303412463428,0.0265502087701282,0.00254009131845072,0.0519240662571196,0.0531648656065967,0.0574964534164405,0.0298010770614447,0.00571736017703651,0.056454817634792,0.0571931749507669,0.0660401508191773,0.0406251742876361,0.0163387844122495,0.0648041925766542,0.0665020647833069,0.0596399707541754,0.0316312022470228,0.00974375703324737,0.0541371936799059,0.0572560159884327
frank,100,319,1.86088378090335,0.2,2.37838572321996,3.89879100780851,2.50545470484737,5.24851529856322,4.06588648740749,2.17441682626044,2.92571793091773,2.23657221256467,3.59372664672313,3.00819285492632,1.08313183422774,3.69714926097851,2.55728842189249,5.02371367503925,3.68882111750705,-0.0098026332933902,0.0198545507064524,0.0192044902189785,0.022229788390315,0.0208687247574228,0.0187507247412012,0.0129191992215819,-0.000576233843312494,0.027587618634015,0.0222166179230094,0.00693582605639449,0.0212731062459434,0.0144803855244049,0.0276738904804518,0.0200665301885906,0.0107095332396761,0.0186874700285661,0.00900315523929647,0.0269007238423053,0.021267335759407,-0.00115537233509243,0.0173469389803106,0.0117446255284519,0.0237151693864451,0.0150066269200688,0.00536026679082961,0.0127878388013006,0.0136881916764929,0.00130977039194786,0.0120639140852608,0.00814755913177967,0.0161746994316464,0.0066598410341133,0.0242911510672902,0.0185544491486506
frank,100,320,1.86088378090335,0.2,2.85368209226429,3.37875919250877,2.13612720299591,2.78365853626843,2.26994800087495,2.40735451802132,2.66899039822925,2.05371846347215,2.3748058533343,2.12114955648533,2.5005729673723,2.99253804104796,2.03697012107206,2.06141143418325,1.57050451766137,0.00953660826793754,0.00723329301683172,0.00391936104485575,-0.00574235295135042,0.00121462142791659,-0.00322296365265361,-0.00498637685533776,-0.00514207496426732,-0.0174053887650768,-0.0123767056751994,0.0107253150745652,0.00883507768000288,0.00707398971867157,0.00061184193250069,-0.0006150242655162,0.0103635348570537,0.00753821969679479,0.00301127577491041,0.00154751927710727,-0.00135568931194888,0.015184160857661,0.0109227951156813,0.00152585699506972,0.0131079225940996,0.00759967122000095,0.0140800134986071,0.0144409404538916,0.0131400582766206,0.0108535629653745,0.0140287151054019,0.013129135414693,0.0102585278880578,0.00451030051333715,0.00735895216747021,0.000417732482016662
frank,100,321,1.86088378090335,0.2,4.174808728953,3.0744632278709,1.0367631879324,5.18108701501804,5.326214381363,3.06140488795238,2.51651854110685,1.50798369774612,3.55977357063118,3.63115081428791,3.55342028192229,3.37495703813537,1.5131959501553,5.15535534599525,5.43808715997133,0.030691890092163,0.0224063340792233,0.0101317682680107,0.0340702924484926,0.0351902689010423,0.0210440330068757,0.0124121922561303,0.00142299444904995,0.0258148229654862,0.0265743234575394,0.013243157152219,0.0106284759323733,0.0053567345342702,0.0178115943115916,0.0199731277694558,0.0246014817926064,0.0195774922908529,0.00854630300833841,0.0289573325372176,0.0301942061838447,0.00719259891979369,0.00922233348990457,0.00396116282696743,0.0104505635922876,0.012523288395762,-0.0127989455474636,0.0188398365374409,0.0150926250874844,0.00177363490419116,0.0118572704428513,0.0221429666373194,0.0155089998803526,0.0050126915730116,0.0250377157877466,0.0272179422425114
frank,100,322,1.86088378090335,0.2,8.30579008653324,3.76087933614793,0.522530211061909,7.5612065103168,7.46592836142716,5.10598490749559,2.85638321709827,1.2535317066861,4.73747978460371,4.69183297403842,7.62657776733476,4.35778560777004,1.20423883954638,7.69170872376515,7.40639008482869,0.0513841631829825,0.0079757553915021,-0.016060485929297,0.0428412242273922,0.0441460864626884,0.0358694662759028,0.017546430279971,0.00197724387128099,0.0274599064170828,0.0304583484724757,0.0462414783577293,0.0266628973447829,0.00830511428229683,0.0456617444127089,0.0437321811489854,0.0440111298397749,0.02038527102832,0.00389456166224824,0.0422140593690169,0.0369409377762225,0.0429669594106007,0.0213926651416675,0.00555698340617379,0.0397181555340716,0.0359790904798646,0.0209602706241921,0.0025246516093274,-0.019608285348431,0.0325446203908773,0.00628007901191967,0.0419615462342328,0.0169315708644173,-0.000413830600168566,0.0389779583455851,0.0331071755353129
frank,100,323,1.86088378090335,0.2,6.68014300789488,13.4979630222679,12.3138767220177,7.19717794126591,8.72105990994656,4.30258557534665,7.67838002090968,7.09258620670724,4.55916000801951,5.31417709441041,5.64642575570418,12.8363577802369,11.7654431109917,6.64551666580607,7.86817058308595,0.0256835444790644,0.0686914852016248,0.0660827147091737,0.043388873312988,0.0319661458615018,0.0355908891377217,0.0666414083248365,0.0583304861386541,0.0372680401274338,0.0374819850485024,0.0217983682163045,0.0556957806592289,0.0513458332357706,0.0249979557505281,0.0236327045328317,0.0331482388278187,0.0685825739178122,0.0633081357827662,0.0367759259827236,0.0438176368646983,0.0364067088707889,0.067317562452871,0.0604819663955456,0.0346670497062495,0.0439651824029012,0.0433341035096061,0.0653466630412994,0.0554982687632554,0.0298387108314221,0.0368277377825898,0.0325345664251627,0.0648968119815705,0.0584039831209089,0.0334028036609858,0.0403309020956445
frank,100,324,1.86088378090335,0.2,4.04856250130895,3.22884233132574,1.40778274345521,4.49798118272048,4.36175992662042,3.00055537565941,2.59353011900988,1.6919258164169,3.22211727499494,3.15505462611035,3.11522915071596,3.37356635052579,1.78400771425486,4.28980880683832,4.1111567391951,-0.00122642671197387,0.0109371762261385,0.0081792336954527,0.0266827371012987,0.0133149088291056,0.0141273405812106,0.0188651481357124,0.00991683365924098,0.0231290317868027,0.0186497339267507,0.0159505962126339,0.0155526903100755,0.0063055864285392,0.0231978912749894,0.0200043294427027,0.0143990774155853,0.0110174113202189,0.00323332140797036,0.0179211909496034,0.0143890628899528,0.00626567987522611,0.0113735554244263,0.00370271928207532,0.0167916846189125,0.00867486225102574,0.00140329249296056,0.00130251452450375,-0.00432903459252191,-0.00279785899396587,0.00783202389141117,0.0170764779129244,0.0173990578468972,0.00858248763308146,0.0226178180266351,0.0202562849703319
frank,100,325,1.86088378090335,0.2,4.69207688276171,12.0712785696826,10.969061620096,10.4417315976938,10.3248825135994,3.31863189356839,6.97043223234568,6.42558126556219,6.1634055073477,6.10639590772386,3.46700478835861,11.8304921751063,11.041620723248,10.5084535061335,9.59474073452039,0.0236135088858529,0.0178065122386482,-0.000982107719767495,0.0269118896854295,0.0218344358715282,0.00802277973838263,0.0510329561587954,0.0505587549579533,0.0389422812334293,0.036846871485983,0.0196322711477773,0.0605217955706803,0.0543543334284369,0.0521371699703287,0.0477695921699521,0.0245120328817501,0.0648144848073073,0.0586586000262922,0.0558709337428303,0.0545930747088905,0.0213103868447158,0.0566630313129106,0.0513724449575161,0.0509135206327047,0.0472419173308558,0.013654210599659,0.0601055625219255,0.0584664246247373,0.0490388363942676,0.0389357509955542,0.0199154343711719,0.0575542110935184,0.0505809761431762,0.0502682350636848,0.0478603036981876
frank,100,326,1.86088378090335,0.2,1.07066032212464,11.7778001841081,12.6929693907908,8.59995428186628,7.82025239319091,1.52576687173054,6.82524035125492,7.27863834123988,5.25249702409991,4.86681463129248,0.278564364309816,11.3669642591179,12.8475005679694,8.40054169258703,6.97690185608681,0.0150166387275604,0.0686706735617959,0.0733722125318791,0.052364764697668,0.0481451331166807,0.00446223070237444,0.0592370986368471,0.0628538021496866,0.0462403207137111,0.0420568132166792,0.0075405557334395,0.0605518823307435,0.0616676214791641,0.0479501151474298,0.0418035675440381,0.00222387569881428,0.0593460758062455,0.0631710804051295,0.0412581026212963,0.0357217343085528,0.00769050564114534,0.0606497221202673,0.0655587024635847,0.0433692756800282,0.0407820175228272,-0.0184734721922524,0.0547124613231516,0.065880160651962,0.0428234305934489,0.022289290795602,-0.000442189524887642,0.0548317798175824,0.0594564908313435,0.0384596159518048,0.0333708201912433
frank,100,327,1.86088378090335,0.2,4.1916697085705,7.47822249249383,5.41098231879331,10.852784411389,9.26781137138171,3.07016997952373,4.69624846253798,3.67373032441014,6.36688274236745,5.5819582463276,3.12856483919061,7.72145612533776,6.08772456492266,10.9421886704496,9.13272338530126,0.026088899052902,0.0473283190457778,0.0364514522666227,0.0584732143441429,0.0527558138729483,0.0235847209490648,0.0229235065806216,0.00625858176191635,0.0457065010898495,0.0394099174597835,0.0222759381342739,0.0367890656946439,0.022663513231919,0.0577590834242486,0.0486276104636238,0.0145587462501918,0.0376445907605938,0.0254712012206316,0.0562813805430001,0.0467230648575349,0.0188277672675246,0.0327600708334624,0.0204794079170615,0.0489804098738833,0.0425284313489378,0.0305592849058262,0.0328505388374536,0.0220026302689979,0.0458702442865924,0.0494004335911275,0.0202119696105734,0.0372254382066013,0.0249192126752422,0.0542436056053434,0.0472325235954205
frank,100,328,1.86088378090335,0.2,6.17714410185093,8.98013493874149,6.60018455331018,10.4103739965807,9.69449446040303,4.0510891103581,5.44082004966198,4.26463992117541,6.14755220111406,5.79340157694913,5.6573935714731,8.83415862158257,6.36572514569256,10.6188023304131,9.6905069667585,0.0343795034828286,0.0532786537118528,0.0347814961994349,0.0620083773795327,0.0582536648586109,0.0359559241681825,0.0531235594241163,0.0420343892418848,0.0582514983714304,0.0553874222250207,0.0352032733472285,0.0495274370860497,0.0353902327538995,0.0590139431036354,0.0539423698959185,0.0340682871143439,0.0468520727778554,0.033346332800969,0.0549396663191895,0.0504867147261989,0.0372855411699015,0.0511011549051927,0.0358972132717065,0.0592497839270736,0.0559420572252868,0.0284778047263832,0.0340986805977076,0.0152734782770967,0.0498566918705289,0.0394222943272904,0.0349030897283421,0.0408420069557331,0.0229966284638913,0.0525415207119042,0.046553506261977
frank,100,329,1.86088378090335,0.2,13.5186792431708,9.54499976495179,5.0276030864204,12.4245620298298,12.5922384881471,7.68868652311181,5.72027868163814,3.48409077855935,7.14595339593142,7.22888179513228,11.434029428626,9.76833003008302,5.48096561181554,12.1716595480061,12.4085466546355,0.0745043481716949,0.0553235080670218,0.0341845843511603,0.0694386872905998,0.061813542490957,0.0629847220379002,0.0332606554770106,0.00680555399248644,0.0479069955261529,0.0497895028500855,0.0483393161157488,0.0406594341964087,0.0246729437233492,0.0472211343056425,0.0491867193110638,0.0607885638421952,0.0467537738204055,0.0221755336351685,0.0602232230741754,0.0614467990993106,0.0701038953002745,0.0527722878988415,0.0305723711423354,0.0652925071761282,0.0663097840958358,0.077538803884027,0.0380496354823208,-0.00127655949979952,0.0674841117573081,0.0666212362242832,0.0605739486350075,0.0458396867239968,0.0241758844203139,0.0584817509602533,0.0592807417119447
frank,100,330,1.86088378090335,0.2,3.33582847071129,7.71872900455541,6.34448647538217,8.54758426598984,5.91007438882094,2.64795631389518,4.81745950252024,4.13775647324107,5.22759420622096,3.9222908197287,2.0397513944408,7.20785080054293,6.24335097849561,8.00978536884982,5.09484750968362,-0.00712420574359998,0.0137974392689943,0.0105810173959283,0.0321013712293378,-0.0119688848488445,0.0131660493705215,0.0436671562285393,0.0397378451045767,0.0407476455100992,0.0319501169804034,0.01702053397945,0.0384606774234376,0.0313624875443701,0.0416169992844812,0.0292614256356544,0.0183906935226515,0.0408084533298438,0.0328005927224043,0.0453576253075047,0.0318847915594839,0.0192887536998427,0.0409008244469136,0.0321393202266093,0.0426973271883991,0.03078600999075,0.0143681165043869,0.0474162528661854,0.0289878958224656,0.0480141242849986,0.0385428277418225,0.014367222249467,0.034617052286005,0.0262159904657534,0.039958208324989,0.0250446233901922
frank,100,331,1.86088378090335,0.2,-0.594924503339762,-1.11122664264408,-1.76092740732349,0.678605195102567,0.616044046893195,0.699236621595929,0.444050415430187,0.123125156007945,1.33006415984427,1.29839915790276,-0.267231744888912,-0.614104062821269,-1.37044578046974,1.02946030649197,1.23281845222852,0.00490640753398032,-0.000252336088280959,-0.00222457137293686,0.00751779552298629,0.00820551322036368,0.00687962946520247,0.000864576901868698,-0.00395417804032213,0.00963222824512266,0.0103316851368568,-0.00445380034088572,-0.00680319971044465,-0.00984503885343204,0.00177846862128257,0.0034492720155656,0.00187735898999957,0.000307086237477115,-0.00365059014448633,0.0093056283008749,0.0098269145868106,-0.00479095094989722,-0.00279379764284531,-0.00921803953049674,0.00596681279289005,0.00706025793125921,0.00411333425874045,0.00440454793405689,0.000802935752818213,0.0125416002209019,0.012031698939496,0.00114609694336364,-0.0030172478261243,-0.00890895833178109,0.00631608806286245,0.00758633705424584
frank,100,332,1.86088378090335,0.2,0.667475435352905,0.584131220719906,-0.416160270671716,2.07497993121499,0.616143795626911,1.32610739311396,1.28559692398412,0.791255058208018,2.02297240288794,1.3007980547635,0.135999807654589,0.222562243074869,-0.745335167031129,1.83441574762318,0.381185985763782,0.0121421143832711,0.00142307326353118,-0.0106028367925098,0.0118408443961191,0.0118071703970974,0.00191382409099297,-0.000802777923271889,-0.00974282185183694,0.0080036729717448,-0.00174176548818045,-0.00355962439580514,0.000455549436671002,-0.00477343134076378,0.00560845631471576,-0.0020436212628398,0.00297968858158875,0.00143675925515852,-0.00773312092150763,0.0102232778128092,0.00206586160818135,0.00347604124030471,0.000977906844339168,-0.00956308212851582,0.011270765263797,0.0052828064682908,0.00916433692298934,0.0111874120723622,0.00451010289895356,0.0203377902756726,0.0118450555570638,0.00258894086567186,0.00176751684353348,-0.00750302003161294,0.010028263172948,0.00279667120539728
frank,100,333,1.86088378090335,0.2,3.84693908757729,1.48869592416565,-0.801198059743474,6.63894799389163,4.49904570876831,2.89938467246956,1.73198894583362,0.599248559539336,4.28095131175441,3.22166200670705,3.23869236923943,1.88726927539927,-0.496197514531232,6.87444144507722,4.77591540505376,-0.0294262849476957,-0.00865224813644722,-0.0121122933845834,0.00821422305229432,-0.00686736571267625,0.0166140736835096,0.0125832179149817,0.00207677218861232,0.0379672380461004,0.025066836071993,0.0130479201560026,0.00871485972252015,-0.0012629517774678,0.0327760025529245,0.0224232308778883,0.0212659256937996,0.00861585797277633,-0.00450520509109476,0.0352860709035399,0.0246676489971147,0.0122238993659625,-0.00514220127550643,-0.0180572945006888,0.0240921330404891,0.0133379625849841,0.014491074201448,0.0167995753497886,0.00486646615445094,0.0353552845021327,0.0289626169549972,0.0155691024214161,0.00734930696575882,-0.00653081220400697,0.0343132906734757,0.0225239358545358
frank,100,334,1.86088378090335,0.2,6.75316421581174,6.97146476542433,3.8199806074551,11.3954574834581,9.30101362320149,4.33815936729953,4.44568341302319,2.88601756654853,6.63581794494951,5.59954498892342,5.37269697752616,7.20534906209856,4.39753524414857,11.3186624967504,8.89177592068595,0.0431500351985537,0.0263942060321183,0.00705842902279114,0.0537668558857813,0.0506577396467391,0.0390576184329342,0.0428270711067888,0.0267833545498769,0.0610613949397547,0.0532516571184587,0.0370125494263834,0.0396850908128649,0.0221368420931344,0.0617726817257873,0.0499721181346157,0.0362818165891756,0.0371580507356551,0.0198871030401843,0.0595273786354006,0.0476079651966137,0.0323142470784477,0.0354939526421238,0.0197086464664069,0.0566726141353946,0.0475541409823731,0.0374992752016199,0.0421425407973118,0.0282553100234121,0.0663021004277077,0.0531251888480325,0.0310535613359503,0.0330344242592856,0.0173749315600981,0.0539339312160899,0.0421294388302388
frank,100,335,1.86088378090335,0.2,-0.1411025582647,1.55499519508749,0.830890957448867,2.76257181149312,2.24309507289052,0.923777743940998,1.76419905916668,1.40643136310336,2.36181770066419,2.10499214742073,0.101693425627365,1.82230273038562,1.17249879228432,3.0250495970359,2.35864013372367,0.00650326103706871,0.0120049264400134,-0.00284671790323674,0.023228985612172,0.0194457502808137,0.00216966998973762,0.00742747755230607,0.00173609565780081,0.012660322913802,0.00854540779074363,0.00371629834977387,0.00754687371750542,0.00321466745033547,0.015244673286313,0.0110040721105789,0.00260456285592746,0.0111019504218761,0.00661781738839068,0.0166048163411407,0.01338549441616,0.00613486118932857,0.0107448618220876,0.00374038721698965,0.0188707460325912,0.0142530311063004,0.0092882021294283,0.0166003204986244,0.0119115991874016,0.0235572420960922,0.0192418397539153,0.00316064000299848,0.00837579332678233,0.0030061405233587,0.0155138858512299,0.0115113933985192
frank,100,336,1.86088378090335,0.2,9.52603780787547,3.95598108927989,0.814165989263329,5.99297814889971,6.08646868746946,5.70998678516769,2.9549716116862,1.40080099911646,3.96180652026987,4.00881739974404,8.9138074221981,3.78346442068099,0.281527062650069,5.91583574949876,6.14735120430929,0.0393946689426118,0.015596517776864,0.00669621126154837,0.0169911461161161,0.0141822170058549,0.048556473083587,0.0247519488745823,0.00486401031999113,0.0381352439741062,0.0376825220939608,0.0534609233376835,0.0179352691135815,-0.00242357121811266,0.0335058392286254,0.0345460324550158,0.0503114223579114,0.0175744235132141,-0.00199683322816317,0.031018553963948,0.0298082752127291,0.0499563293974933,0.00620304005812878,-0.0205961446351789,0.0234785297526078,0.0257156592332822,-0.0109843846714719,-0.014844454897759,-0.0116768646608124,-0.0259704708805346,-0.0287972038052851,0.0471056699129448,0.0138740963177644,-0.00360610896251066,0.0271242798963159,0.0265358985073982
frank,100,337,1.86088378090335,0.2,17.6396156401566,8.25639043065821,2.44677984263565,14.3668825382186,15.412989169616,9.72526632072086,5.08178953803261,2.20641121557845,8.10653884708675,8.62351889524771,16.7139758943563,8.98502837462775,2.93539378301281,14.4669442944414,16.2967414425593,0.0970268677224361,0.0342554413597987,0.00018299220497261,0.0665984775029882,0.0728426348871678,0.09054725926007,0.0409103494755002,0.0128113731356089,0.0686699689064434,0.0790374400184699,0.0900694892894615,0.0450278601542828,0.0178990347674413,0.0710464974344264,0.0799053815910814,0.0861855330942598,0.0320728730766801,0.00349354950006101,0.0622888664843407,0.0713864553998936,0.0887776139176393,0.0430562479142754,0.0134074373020736,0.0719044221155388,0.0783522261327488,0.0810078953812475,0.0301236048345392,0.0132344992056433,0.0489705591263132,0.0614006162432826,0.0907558341471824,0.0407750974831314,0.011633503477873,0.0708075232603535,0.078001732827538
frank,100,338,1.86088378090335,0.2,6.11528268950513,13.1928041902461,11.5485085122082,12.7461725802979,11.3701104162659,4.02365248213009,7.52583317319028,6.71214937270564,7.30499072615243,6.62495764540922,4.37181380044574,12.9448036505749,11.9476826852999,12.4902728557625,10.1511819099678,0.0252231311610312,0.0640876899388179,0.0581877349128779,0.0680884058317233,0.0434969700316773,0.0357300685714381,0.0655652913595364,0.0557969633247666,0.0582625802408303,0.054751892219812,0.0205569324186267,0.0670912723294086,0.0609903179071829,0.0608718240209978,0.0505702178118212,0.0312531493082764,0.0659080633324772,0.0577882100398142,0.0627247706940773,0.055241677555562,0.0304522119940106,0.0669043512346976,0.053218304223009,0.0666362559616073,0.058546274317642,-0.00167538995929714,0.0737350971266383,0.0675261908173329,0.0544550495507244,0.0515125112490718,0.0286908038251441,0.066730987289001,0.0575170692474058,0.0651252008684242,0.0551175061629223
frank,100,339,1.86088378090335,0.2,0.999884575438521,5.98020645379486,5.69245820417371,3.55292924910168,4.27143136226567,1.4901500829284,3.95527403820652,3.81329863074509,2.75363824749966,3.10969435235052,0.548470158784448,5.83818542854885,5.72558972763847,3.59378069111462,3.86772036561037,-0.0518370261124453,-0.0490691702977321,-0.0626223120096802,-0.056871441319154,-0.0700523466952356,0.0130222890314129,0.0334793739341551,0.0301980710247134,0.0246376230341754,0.0259322557367262,0.00960237004359371,0.0344851954152664,0.0304199094607242,0.0237363502257248,0.0269299952805296,0.00186629451535423,0.0289405572892206,0.0270152380610264,0.016409543389619,0.0193426115383063,-0.000993683646241923,0.0243818466134119,0.0212723205212911,0.0143474826078664,0.0124109188852345,0.0122335561991254,0.0303610386981825,0.0246147564092765,0.0163637576810759,0.0173304758761053,0.00371012744799506,0.0271874302499364,0.0251289860819505,0.0164129622355416,0.0186588404852198
frank,100,340,1.86088378090335,0.2,7.26463739957763,6.95965394023961,3.54432468250817,12.2263986696318,10.1380350159582,4.58980552752833,4.44027818290166,2.75147848558353,7.04616917364906,6.01282721844491,6.55684141353356,7.28852395741473,3.85813690105273,12.6060630544605,10.343362118825,0.0403821190607147,0.0366790200259111,0.0245883917464915,0.051373465223949,0.0489271062042284,0.0398199165333471,0.0320614105981488,0.00737782575020735,0.0592854811206669,0.0527926997998481,0.042414329473858,0.0401700982170811,0.020767708341271,0.0685419494298123,0.0568491044685781,0.035849597656669,0.0348389932586291,0.0168092222133691,0.0611190531652439,0.0514680927386118,0.0385100945273539,0.0294347488848177,0.0031218009249532,0.0633871922501577,0.0502669814452864,0.000813812568144203,0.0376197639531472,0.026634177623436,0.0509866166298266,0.029822937318977,0.0397663656024307,0.0363884152804953,0.0155909770340548,0.0647157791734121,0.0534930434744966
frank,100,341,1.86088378090335,0.2,9.67598232841362,6.54694498472083,3.58743459589723,6.52810965692286,8.98196412709775,5.78446420337704,4.23580640660614,2.77079600001109,4.22676253806187,5.44141713187947,9.74436873137058,7.01702132641382,4.00165591199492,6.39631721764162,9.41655636307943,0.041675589278019,0.0409476672865188,0.0276113614584127,0.0417471608777309,0.0516833275553228,0.0551912100957014,0.0342571243449755,0.0108672531391798,0.0345838733370097,0.0504644743561158,0.0531562330239424,0.0341093868390429,0.0174871893642805,0.0326162704297086,0.0452909643930747,0.0456343552702839,0.0337045347733919,0.0189555966064138,0.0344565779407171,0.045517684134566,0.0501005123250899,0.0342436730846108,0.0196296172129679,0.031885746119658,0.044726799272098,-0.0183628752623512,-0.133032200030876,-0.160353398376461,-0.0634050766029921,-0.0633841393934259,0.0507513339026861,0.0330042837013678,0.017467435260933,0.0333706758723525,0.0454271276564746
frank,100,342,1.86088378090335,0.2,10.5180032743359,15.2901333903853,12.433755546048,13.4286164872479,15.3970642617843,6.20173585991687,8.56308585678398,7.1492086934324,7.64195545678738,8.61734507943581,9.08881641196591,15.4912064969718,12.8835314898587,13.4321552610885,14.7674951569911,0.0581978305686578,0.0787240411968401,0.0685579570961199,0.0544024084610837,0.0715188139708347,0.0551810166333607,0.0775801017353629,0.0620796710885386,0.0651319757909698,0.0774369481494118,0.0504973989167921,0.0727807377816591,0.0585257646802377,0.0645407729533621,0.0669643377686905,0.0553782270307735,0.0783027372030902,0.0630973357997763,0.0712476667020078,0.0775902084398885,0.0521068699312302,0.0777054028332005,0.0632449676969227,0.0672540792896043,0.0732476233523214,-0.0978000024578071,-0.0998403787936553,-0.0757225420824142,-0.100276093851754,-0.171866418056469,0.0514656155114091,0.0799338961252132,0.0659108104654727,0.0694785958592977,0.0771666108572498
frank,100,343,1.86088378090335,0.2,-1.25665033109761,1.85001010139661,1.97784691966415,0.473226891375291,1.07607532389087,0.373751118130738,1.910168174138,1.97352718629769,1.22894897966459,1.52771425660291,-1.49435833849542,1.98915327136574,2.3038296190572,0.588149496983714,0.935632911106316,-0.0316840950955809,-0.0444004219284211,-0.0428985508883124,-0.0538667443656437,-0.0445390481753518,-0.00298319652171367,0.0122262545927294,0.0138368773459916,0.00909708511923264,0.00718448996732414,-0.0164559397197058,0.0103046856308224,0.0138972836927164,-0.000109610813549534,-0.00130821245960889,-0.0098736431685614,0.0116713867402076,0.0106257089249194,0.00453402269668305,0.00703215756926707,-0.0104714971289131,0.01488337600219,0.0169291191850062,0.00329772199533392,0.00506380555058839,-0.000673699460557183,0.0103118115408857,0.00960585155997723,0.0111191154030339,0.00665699652342643,-0.00920757104500989,0.00872332650640135,0.00860983779021304,0.00188782183078753,0.003770691701533
frank,100,344,1.86088378090335,0.2,4.03423044467277,5.99985561767605,4.71243329780182,4.7860541713996,6.81189302950356,2.99133650486436,3.96429449519193,3.32686108961134,3.36452317225492,4.36661276794049,3.8313839587953,6.3752727628512,5.39371851733665,4.60630952565069,6.97898063231339,0.014137351037829,0.0296726658834704,0.0285349872425833,0.00583824213129474,0.0256956398644713,0.0215996941262488,0.0355681868538697,0.0295349026167541,0.025867579679167,0.038027271176169,0.0220639371612311,0.0292805637564222,0.0247351866167792,0.0205392541494702,0.0324417075318923,0.0216091477742581,0.0322578703647734,0.0266778398471526,0.0251350707727124,0.035272765868651,0.020895697312215,0.0326963622059557,0.026468646580815,0.0259087907922881,0.0350995416813185,0.0292963457657197,0.038409866002874,0.0311722986300661,0.0331098932194476,0.0431563566505994,0.021450947286001,0.0318032923394742,0.0261042709282925,0.0234321309150038,0.0353197412069765
frank,100,345,1.86088378090335,0.2,8.39250747512963,9.93350937765101,7.62870696633464,7.78615996306272,9.30541173915037,5.15005493251182,5.91305168060794,4.77235792386445,4.8500423572233,5.60251666357448,7.61904174816956,9.78608579459905,7.50624876811752,7.42075426171605,8.95421209504915,0.0458250721775129,0.0589573949435224,0.0438972284776332,0.0489298070004378,0.0550556746878572,0.0466830673739373,0.0512931205294982,0.0396437403935636,0.0391465689837602,0.0479567155851795,0.0355250135894972,0.0454414815918386,0.0364854664309998,0.0337173897838232,0.0405013753937253,0.0393586211056413,0.0465058266760713,0.034690968570105,0.0380785134026651,0.0431853784193359,0.0455610187659101,0.0573199335141547,0.0436186731438529,0.0460646681890036,0.0538609418418119,0.0518249943880046,0.0489499705051858,0.0387958096271303,0.0397794211538974,0.0430402493371062,0.038654289598121,0.048902436471618,0.0382751873687139,0.0361364842754881,0.0434752403360715
frank,100,346,1.86088378090335,0.2,2.18924722036205,2.05168241159067,0.671202160068896,3.27732746991652,2.60023056277316,2.07986736950812,2.01144363233876,1.32842963574392,2.61808044947904,2.28302703645522,1.37317396360718,1.97245483606222,0.795190251250687,2.99409397930624,2.34238118431002,0.0100973477232794,-0.0256988761904877,-0.0371294860431991,-0.00565504955657297,-0.0228071793199286,-0.00438031572420612,0.00248220560950854,-0.000960505370159841,0.00312063614173896,0.00410798231504157,0.0118918270892194,0.0136150207879935,0.00798012169862743,0.0136713848414458,0.0151334433791241,0.0116674926990152,0.0100578804626473,-0.000318406797744812,0.0166830456673971,0.0145812353137796,0.00692128228382246,0.00737949218299923,0.00109817639437507,0.0116708263526551,0.00812447680140371,0.0207967165639883,0.0202381174893841,0.0132008960936776,0.0262497433852395,0.022981892840865,0.00924384084392663,0.0087517262286641,0.00125201132444029,0.0144787036160715,0.0116913939836303
frank,100,347,1.86088378090335,0.2,7.93915463563483,5.41864622484856,1.92630942346452,10.3905245111967,8.97286180434051,4.92460688368139,3.6776924708208,1.95047065960224,6.1376635931544,5.43621414190198,7.2212166426051,5.83055473506628,2.24476489666679,10.6662684348987,9.3796891142688,0.0496664683629433,0.0293234081971566,0.00774516815057534,0.0615205278660929,0.0548162530356544,0.0279022414513031,0.0115559379065204,-0.00503430386019167,0.0371873336683887,0.0315369140666745,0.0403375129931516,0.028749635006373,0.0109625166696246,0.0558609780887062,0.0481618656062224,0.0400176316837379,0.0256447186468982,0.00468525535189782,0.0545479738753604,0.0453117514953785,0.0439964826339128,0.0290512499210041,0.0109719709879004,0.0546003635373828,0.0493327203101668,0.0490013368118325,0.0229882360048063,0.000688487201664347,0.0606215800397228,0.04720558570457,0.0422976449722903,0.0265246336090769,0.00586857627948253,0.0541219182171888,0.0462653435679497
frank,100,348,1.86088378090335,0.2,5.88265541537623,5.38618331705562,2.50129093036874,10.0299669144926,8.28884939448791,3.90841750107537,3.66072592952546,2.23318943691211,5.95938922185701,5.09796185689305,4.25962839020705,5.67132422997303,3.00938516246425,10.2348279074694,8.02906626299064,0.0384418296117361,0.0330645789711794,0.0109862714302457,0.059582228690137,0.0514360475055201,0.012052904550828,0.0143343318998235,0.00287666904443952,0.0411767655667458,0.0311872114703686,0.0172330567428019,0.0255970493682341,0.0111035836757076,0.048063991946404,0.037218295029709,0.0244098397389601,0.0272830878420388,0.012000848554412,0.0503545742617289,0.0425080506922396,0.0171681277207556,0.0252836525874488,0.0127810100130185,0.0438187989654255,0.0351437752881863,0.0366883492188829,0.0361333493902567,0.0225011809894845,0.0587580616817238,0.0514407923139879,0.0238809268285126,0.0261902859458466,0.0114306645550978,0.0486613223771207,0.0380677961779571
frank,100,349,1.86088378090335,0.2,-1.93037016603909,0.972054044163779,1.62954136823006,-0.205429981152348,-0.405320360205056,0.0411358669081714,1.47621083598217,1.80166125689085,0.893916816744047,0.794933324444946,-2.20082818661042,0.881567981237755,1.93255748809012,-0.428075598170853,-0.717495388742292,-0.0206379748746785,-0.0248419276274484,-0.0198031012855769,-0.0609980619965696,-0.0478215091077758,-0.0335328002041899,0.000538545492147577,0.00994451435514601,-0.0128370783680856,-0.0145126070883463,-0.0206074073654069,-0.000270240374156435,0.00418227156291381,-0.00632784258139429,-0.0082966859183603,-0.0135416789348972,-0.00143724240496288,0.000754238115120497,-0.00704616707143789,-0.00857441279062056,-0.00808190828402692,0.00918244159528779,0.0129153157121643,0.00210537359916328,0.0033431561122334,-0.00674669336168475,0.014378028269223,0.0150382337483324,0.00846706520784599,0.00685169684489128,-0.0143166825887442,0.00433013855106553,0.00810364592103552,-0.00280519930116913,-0.00480723900240087
frank,100,350,1.86088378090335,0.2,8.09971471173803,12.8393592302855,10.6170829914308,11.7225255905961,12.7560485443795,5.00501732417117,7.35037974138328,6.2501731565364,6.79870909626171,7.30972350993048,6.86458889820498,12.939896026938,11.2314286001255,11.301306190921,12.3317913111703,0.0494385237677078,0.065406700071972,0.0491248759077432,0.0675315483232432,0.0732856880814479,0.0323969214503991,0.0586075632511101,0.0477250323178514,0.0449394525406531,0.0563737337797973,0.032766485701042,0.0637878327084828,0.0532751351638431,0.0568909299837587,0.0613124616707525,0.0426523592781161,0.061257776572198,0.0495799685452649,0.0556710697144313,0.0628330218605357,0.0367330072297387,0.0622263180524845,0.0549423310682052,0.0502174727926144,0.0570585221787041,0.0316726802982809,0.0596132017807029,0.0565934456148776,0.0288437569745671,0.0600488740585736,0.036708628048461,0.0653260519063254,0.0553304486986221,0.0559094267526356,0.0623821756238245
frank,100,351,1.86088378090335,0.2,2.48404368736485,11.1217697944435,11.2341256788638,8.2841117382801,9.43474858060035,2.22354416964107,6.49977168593779,6.55603360122423,5.09542192704499,5.66455575256514,2.31985079134573,11.1660771758272,11.5256950502133,8.34126102446179,9.39346143958037,-0.000645540267691438,0.0296394793944142,0.029581337686157,0.0307277794726287,0.0273028296814011,0.0117967837224289,0.0580290398750173,0.0604991155172976,0.0366797382894838,0.0439478275944939,0.0139714052053076,0.0589235420981863,0.0581408457301991,0.0406551215781168,0.0484662867151328,0.0166319411029653,0.0575783527042736,0.0579318361900265,0.0425483924471399,0.0486115090923244,0.0107722120030951,0.0574685210252915,0.0610924317480331,0.0381714017303375,0.0441332909688963,0.0223206160333689,0.064829242305161,0.0652926820076316,0.0472308112967086,0.0556764265993408,0.0130499459767966,0.0552283738574242,0.0547205016117279,0.0402266840639558,0.0472811719581712
frank,100,352,1.86088378090335,0.2,11.8463914793996,4.78518612054029,0.510791154148875,10.2913549739819,11.0631853842148,6.85704450801137,3.36328437013363,1.24844875953618,6.08841080626873,6.46991682801315,11.3962206286308,5.46583787738708,0.923897389248968,10.6369286578996,11.9328230559755,0.0677837852925569,0.0338588023667895,0.0125382934428207,0.0603153794768267,0.0649112901663386,0.0605631312615947,0.0209129899301159,-0.00475413145813604,0.0517383986268725,0.0552737395379921,0.0630933390723282,0.0226471042081887,0.00232243092994885,0.047351445384648,0.0547309730174518,0.0635689763756826,0.0233562204165175,-0.00100990426642409,0.0535250552502421,0.0578693067911512,0.0648888692142164,0.0287893115416346,0.00820540103411295,0.0527882397891292,0.0589312194903083,0.0625164118663193,0.0332829952650861,0.0104795336357281,0.0610299313497917,0.0633229119592574,0.0630392591805812,0.0256814087358285,0.00283875485355035,0.0534158652720033,0.0585951044868799
frank,100,353,1.86088378090335,0.2,3.38404565488049,4.51103296681124,2.35444385531898,8.36316192625318,6.7531944313072,2.66848130603171,3.22788354288609,2.16186869032825,5.13413353409492,4.33692683945301,3.21354077568791,4.82512748461443,2.72354009206022,8.60975027963842,7.05675721239749,0.0227900422168701,0.0259488321127312,0.012176970683427,0.0502041539725922,0.0368561626561128,0.0197749093785374,0.0217962483870201,0.0110870175749853,0.0376239346100778,0.0334726237343153,0.0226107986082074,0.0271097144426665,0.0153531503732856,0.048277472378606,0.0391434926889484,0.0197080315007313,0.0254156296561655,0.0133087860448783,0.0431818199213528,0.0366991017371953,0.0144726335613538,0.0198410611404084,0.00943460057711155,0.0368036270697265,0.0327580307103868,-0.0293021355220299,0.0112479074668554,0.0150375163405472,0.0134884541989774,0.0153899640480427,0.0208513809136041,0.0232447747491656,0.00908271979375076,0.0448455400536993,0.0365859530854481
frank,100,354,1.86088378090335,0.2,5.61116902416611,9.18776494598492,7.24619756325349,8.9323673191451,11.1417676584178,3.77236006515995,5.54154373025874,4.5808762693956,5.41556812253994,6.50869163466943,4.65283945301144,9.55565655063281,7.85899065833433,9.22307906672601,11.1969655717787,0.0357347572828211,0.0426509407720755,0.029331731660902,0.0450877901809456,0.0568546828075497,0.0354540270992166,0.0412479159034197,0.0215326295548543,0.0439411723265854,0.0592819278451634,0.0346552769266963,0.0511522669965948,0.0376477281123482,0.0511564507064133,0.0633494530641801,0.0246852203171241,0.0482703662059293,0.0392059390733863,0.0434525924034558,0.055680244839149,0.0144561199361688,0.0476898800672992,0.0389895152541266,0.0462500865840603,0.0551811894998133,0.0331240484804481,0.0516691704370082,0.042909663110142,0.0493758210379215,0.056716559633138,0.0283050300331928,0.0499780627551856,0.0403587070501174,0.0460714849651164,0.0589285055797398
frank,100,355,1.86088378090335,0.2,8.85419047394966,5.47989188735013,1.88197858808003,9.7102064068666,8.35360658348845,5.37729496578426,3.70864017314057,1.92843465765339,5.80229760099669,5.13050359297667,8.16907114689363,5.57790653113854,1.9157168238376,9.459700501363,8.555589423192,0.0238906604907212,0.0298762261408646,0.018718063990065,0.0328517256150402,0.036609383255095,0.0510218104932501,0.0305866786259734,0.00691740044248085,0.0538037798831693,0.0469486701709898,0.0348763524089279,0.0207905308836913,0.00887071301397719,0.0409572436521939,0.0277956493746509,0.0458365812241584,0.0258631907773774,0.00665159263310012,0.0457400700842366,0.0411493729896284,0.0409957705431975,0.0247932279139502,0.00871334495492748,0.0412613041158474,0.0370797968098521,0.0511857328098949,0.00416090615376618,-0.0193299781571402,0.0380194205434797,0.0241689019562305,0.0466818369138303,0.0280407077010536,0.00863586833543042,0.049891306259591,0.0428858729375724
frank,100,356,1.86088378090335,0.2,12.6152776140631,4.43978218193864,0.548082325278337,8.15875244516398,9.38665194952772,7.23935219435854,3.19290694556684,1.2668831111921,5.03333873871323,5.64120327495886,11.7764547895014,4.92422424088743,0.803741446493155,8.24038239235546,9.98118058548443,0.0718668645568343,0.0217973011182327,0.00211243240549594,0.040383890105702,0.0447515464662538,0.0638312221888884,0.0215500545291288,0.00410702868060985,0.042351534303479,0.0473933194435226,0.0626776927668775,0.0269689583509801,0.00821330713646969,0.0456471014384919,0.0507389449654911,0.0651644028103648,0.022332693762849,0.00187994922278136,0.0425774804425409,0.0469724209711116,0.0668829488617187,0.0174577030860855,-0.00956245378067383,0.0447628790594036,0.0488664831835875,0.0551164440151221,-0.00451855785573558,-0.00921201171652424,0.0199811706833132,0.025692221727732,0.0630457075887403,0.02007325395135,-0.00175357300196492,0.0419910393069732,0.0472422016166268
frank,100,357,1.86088378090335,0.2,-1.34840875649983,0.766769530418554,0.664360442432562,0.995945762445256,0.325045093140509,0.328959992193682,1.37467247119067,1.32414851355834,1.48842274689109,1.15632467403337,-1.66688866349664,0.812416930243994,1.00149456006612,0.859946155558222,0.181739495929761,-0.00555512749946175,0.00276826864792205,0.00598729162417726,-0.00122411593921427,-0.00287119719032354,-0.0071511886937223,-0.00333029948920098,-0.0142419235632231,0.00864209995040848,0.00315216620344238,-0.0115717945093484,-0.00279553739372344,-0.0110238006119709,0.00633618217954638,0.000367139941003463,-0.00484008362801062,0.00601964093545804,0.00477729721247336,0.00668875644270852,0.00450857229670735,-0.0114028162716354,0.00516012935116917,0.00488159948755572,0.0050836261374282,0.00140606918983335,-0.0220362572352952,0.0107082732782349,0.0127205837326416,0.0130298695836241,0.00922919046627754,-0.00968193426624626,0.0023203092176269,0.00146730148239832,0.00354974400417232,-0.000648109307455571
frank,100,358,1.86088378090335,0.2,4.11566030530474,-0.898639659382402,-1.96339596292649,1.61550655938345,1.08268297011422,3.03275624943413,0.55206314819039,0.0248703493076483,1.79478787571408,1.53091904118937,3.74039949964776,-1.20314954901392,-2.74535586325709,1.58443435826375,1.48846135887792,0.029111785425059,-0.00168792052333674,-0.00427273236958041,0.00186312790952443,0.00812217126921652,0.029142097950559,-0.000631161332606603,-0.00313401423444626,0.0161961239153283,0.0135153976630099,0.0195957291183095,-0.00926170427882473,-0.00938325441662127,-0.00203327892330227,0.00197606995497476,0.0230620718064983,-0.00765886800027755,-0.00968968991188181,0.00964419225910757,0.00910707536189299,0.0274119932924819,-0.00537609021281031,-0.0108330869357366,0.0123116870005383,0.00854383619414866,0.0305749285837843,-1.73042197995743e-06,-0.00353081640472406,0.0117760746580011,0.0140418119772865,0.0187786745397615,-0.00867929103774271,-0.0111500229372565,0.00679978549347758,0.00570669254220568
frank,100,359,1.86088378090335,0.2,16.9270540121101,18.2233800289571,12.6650103968131,23.1199366895214,15.5419432437493,9.37688743630269,10.0189531060902,7.2685903671064,12.4404517548769,8.69751310520472,13.7416844715473,17.5844850487273,12.5182474561365,22.8173327669885,12.3653202506129,0.0525705840584228,0.100167802409247,0.0582481082376544,0.115086036170796,0.0826070331043734,0.0678187463141302,0.0391167679248749,0.00498583481900163,0.0774486922750579,-0.0034635600032373,0.0772014342947731,0.0783690606786333,0.0501331960254612,0.108857406378371,0.0501805946546654,0.0823867415078174,0.0850684847893863,0.0542339351024107,0.116642272250923,0.0608563648500878,0.0740593333204943,0.0790357168252882,0.0475942231044661,0.108183438857705,0.0596029979699032,0.0919276440415228,0.10097931651394,0.0733239246829808,0.125522045956275,0.0853369594612021,0.0789574188216478,0.0872017290131933,0.0579864622452385,0.115623860089617,0.0607397120517405
frank,100,360,1.86088378090335,0.2,3.08972397588238,0.21254251141334,-1.09133574940466,1.29674242512607,1.22164098244459,2.52578801500322,1.10144767267018,0.456283489768284,1.63782812813616,1.60110075125951,2.52976490933116,0.0573848421941139,-1.25381531281702,0.954089986961428,1.03188138905642,-0.132071886853046,-0.0222938381065303,-0.008798098161754,-0.0174857401380387,-0.0424306571890757,0.0183777336931221,-0.00793779983341043,-0.0175803261005355,0.00515188368723232,0.0047816851990554,0.00799704020220288,-0.00894956039404982,-0.0127219204739924,-0.00432506590485822,-0.000458123730493134,0.0144776516465144,-0.000165619014489884,-0.0067848228049958,0.00650019677097104,0.0056137167814619,0.0172106494561929,0.00444937185684223,-0.000609602541873879,0.0109872358784732,0.00712311911332604,-0.0191226403350497,0.00159605608119465,-0.00164750898182527,0.0026730107906921,0.00355377770394708,0.0124173542730136,-0.00525837518866625,-0.014567842443795,0.003981300444475,0.00215072617530881
frank,100,361,1.86088378090335,0.2,8.38531114049001,8.57403657767719,5.58783177932468,10.1265334533519,11.3595494684326,5.14544348345492,5.23870431008113,3.76099164090955,6.00737645885421,6.61717586872481,7.65336115288433,8.99188765852605,6.04572230058241,10.2248213402638,11.6965113258282,0.0406267790011577,0.0527908176935557,0.0367938739665018,0.0600809095750482,0.063773358239346,0.0285455905226906,0.030685291823702,0.0173738107745281,0.0387557134028971,0.0485799549158633,0.0408437231423017,0.0493021031325275,0.0341028095589883,0.0542837076848251,0.0604697769571591,0.0413243284721848,0.0456972048837108,0.0295824952769238,0.0520286355287805,0.0589909226193886,0.0439047668390972,0.045287581381885,0.0308769808100846,0.0514159986689151,0.0583567184639395,0.0501560747526628,0.0426924851126305,0.0238830781986348,0.057821794020754,0.0651356089385885,0.0417717682963074,0.0421484785785194,0.0255668123013812,0.0506736816189722,0.0576557803868784
frank,100,362,1.86088378090335,0.2,0.306467833124032,0.252712487282814,-0.58014233011634,1.12619059006073,-0.332905250982482,1.14770917506986,1.12233881762887,0.71039536737374,1.55410724311441,0.832605059245601,-0.102291772183814,-0.300129701130901,-1.03728233144118,0.561037085361041,-0.979156834580655,-0.0387955723570555,-0.0106223045016162,-0.004592191647433,-0.00493560526492241,-0.0281064480472421,-0.00413985107700517,-0.0135299061815806,-0.0149426189965914,-0.00814162224907262,-0.0142005533947877,-0.00210887515874102,-0.00708621799651052,-0.0158913211175079,0.00308094110884607,-0.00429194194850477,0.00293166283663678,-0.00397097587690166,-0.0108844265769462,0.0028044880381838,-0.00215201906019884,-0.00176066495618469,-0.0108225545940269,-0.0180628830527847,-0.000676253380698133,-0.00956579953641187,-0.0441150253979875,-0.040341861385262,-0.0272318172038374,-0.0471660732435137,-0.0411713924828443,-0.00129091575656127,-0.00419670329576982,-0.00877616904489378,0.0016499263706818,-0.00699988388671264
frank,100,363,1.86088378090335,0.2,15.2859706021869,8.7677541556497,3.38609332374928,14.6949868459338,14.5402133094853,8.56109451300801,5.33522587898467,2.6723963677857,8.26841195504665,8.19178177216815,13.7588791535433,9.19955058984144,3.61484206323982,14.9000141861584,14.9778597027895,0.0660328143211199,0.0515965878671043,0.0269268664386474,0.0825655172220668,0.075644851688696,0.0853817652601531,0.0489546876815718,0.0180294865544366,0.0793556508651664,0.0795371741967341,0.0749085557460337,0.0490083745941193,0.0180296291675558,0.0787071124268157,0.0787101287561461,0.0703725152388352,0.0405063752458338,0.0166909141603083,0.0676176113266327,0.0669879138378404,0.0737796318338609,0.0477198170289737,0.0204045744814276,0.0767582887436995,0.076690217531516,0.0801613738707244,0.025103221197884,-0.00645849513764394,0.0720036200063098,0.0718159632971877,0.0786208765926397,0.0431998713175852,0.0141546306432233,0.0744478744655062,0.0736252138798014
frank,100,364,1.86088378090335,0.2,0.786888547630272,10.7248995832106,11.814098898418,7.61224025770788,8.9229928975836,1.38489495063604,6.302655571481,6.84217220148292,4.76254966876159,5.41090237362606,0.18511859939702,10.8136436691854,12.4494865339654,7.74941131057341,8.59259621803573,0.00601068391608783,0.0622795897942898,0.0594793507608175,0.0474203347723411,0.05229564960222,-0.0332264679728502,0.0437314688775806,0.0578968902135041,0.0204840389786872,0.0249432262409729,0.00177029660438634,0.0579416887420428,0.061338537353114,0.0402078516521595,0.0464601710412363,0.00262750093806101,0.054594737176294,0.0580184154092072,0.0374285011333448,0.0462334655486104,0.00757213148508469,0.0576102925596459,0.0626728763468369,0.0387098367912506,0.0483564420885614,0.0111333183635191,0.0635033615596901,0.0674796716070636,0.0476781489266823,0.0543578785014595,0.00636115104028032,0.0580522588041889,0.0613913969639641,0.0424598042124142,0.0495047279062412
frank,100,365,1.86088378090335,0.2,2.57739866622026,7.8631832796597,6.66015728698807,9.63452109451224,7.41306528533908,2.27140428302589,4.88739325484583,4.29255159851118,5.76424487055142,4.66525627038364,1.61306358644278,7.75453602968074,7.05368684993271,9.54975603730542,6.78649238953262,0.0225158357804199,0.0474892150731685,0.0405926016216523,0.0578706818335756,0.0435496299054067,0.0149806690529,0.0400197676704304,0.0325613794576211,0.0487205762715398,0.0398851379557711,0.00527278215287945,0.0341265389878244,0.0266260982607969,0.0429404725274251,0.0287786730775147,0.012315002092598,0.0406904090908219,0.0331361153417424,0.0481900015105055,0.0367529368296775,0.0103259407412323,0.0394189611728743,0.0330092694486868,0.0430450868164474,0.0334140584172816,0.00908707183329006,-0.00253754693248826,-0.0327585719848015,0.0398706217871919,0.0269379999013352,0.0122336768019361,0.0394980512412214,0.0320145754565185,0.0482312648284068,0.0361157722658079
frank,100,366,1.86088378090335,0.2,3.0542217946772,2.26965094325911,0.851759631392861,2.89605233962257,3.89765984350868,2.50762665193426,2.11821398759011,1.41664162341355,2.42856100168362,2.9240140570551,2.63353322689513,2.53641274954893,1.12599326006924,2.8672346961494,4.21296943789301,0.0131434566965522,0.00795449039802799,0.00209821171975251,0.00758905980950834,0.0176308971141493,-0.00264175441213346,0.0138639244256994,0.0103708320418002,0.0149776086594799,0.0170053097231826,0.0195316575174023,0.0117891280890886,0.00356875241858046,0.0150605650741718,0.0214182938214292,0.0186626870590451,0.0112533923299901,0.00267410545952855,0.0160245825579239,0.0205433462322718,0.018935179867241,0.0165856960763692,0.00830147214579134,0.0198775671048743,0.0257881353421311,-0.0903736962584039,0.0213466019949847,-0.00709675819497959,0.00907687091828653,0.0183394902973907,0.0131658537968067,0.0127789492188503,0.00413214330592262,0.0143475799132128,0.0208461380888214
frank,100,367,1.86088378090335,0.2,0.309918812693488,-1.71742391446838,-2,-0.105068990590761,-0.571019925872377,1.14832787778208,0.14531616958125,0.00157163106051569,0.942962309699984,0.712259201239761,0.200480871882776,-1.67651181883857,-2.11003413544035,-0.0542206486047494,-0.366289731765757,0.0115074225399021,-0.00913908052479749,-0.00924835522205626,0.000767120164823202,0.00621221613644901,0.00234756152418792,-0.00762496645486599,-0.00304481447311024,-0.00531026839938843,-0.00349752078104469,0.00685837553173068,-0.0031060750816274,-0.00206441577605058,0.00678815874744427,0.00481329991805679,-0.00402098819641932,-0.0152285458643714,-0.00844484758678735,-0.0053429044894933,-0.0109081895273897,0.00166298655663986,-0.00845085050294974,-0.00470941792124423,-0.000105557048251252,0.000389232729683537,0.00467047646215437,-0.00716119092961447,-0.00227616096420571,-0.00850371046157261,-0.00437903939145793,0.00183701160856669,-0.00889147819998205,-0.00453131527721335,-0.000374761033348354,-0.00254562167783125
frank,100,368,1.86088378090335,0.2,5.28113077105253,9.06938858920013,7.76777195441514,6.24135578105484,6.76411657293089,3.61214498500539,5.4854834085546,4.84037740350888,4.08667641857462,4.34542621319208,4.136603843315,8.86619481544061,7.99305400190077,5.38766904014885,6.09068155844901,0.0320366164509994,0.0540131951875567,0.0434619422711231,0.041147175049713,0.043706085750189,0.0121005521567601,0.0157472547646294,0.0101534695553072,-0.00118639278387463,0.00718428256423447,0.0256788997552669,0.0455092941681283,0.0411596947597325,0.0308820812471647,0.0339103987153493,0.0179372727702642,0.0457207025517947,0.0398129686573927,0.0286393587062408,0.0320350841037525,0.0129953900977253,0.0411306747005634,0.0398702908912996,0.0211872173266944,0.0266068016927767,0.0176049608911817,0.0513456502361203,0.0297423664293404,0.0400844833761248,0.0438192103032274,0.0214830836399748,0.0437080660122601,0.0384545561665442,0.0279140942389422,0.030104079302818
frank,100,369,1.86088378090335,0.2,3.10499544800029,0.256893294013338,-1.41028294477454,3.85110292212396,3.09736461948064,2.53357652962386,1.12217740993873,0.297809290216175,2.90061376254358,2.52770593530374,2.2771736828662,0.599247553926176,-1.25279602538124,4.15826131237753,3.41994617160504,0.0224900024421181,-0.0166923700121727,-0.0219052457654388,0.0186230325640272,0.00704052633499303,0.0234719099608587,0.00325012843985809,-0.00988172002851101,0.0278352569714277,0.0228581754394618,0.0196567896340992,0.00843891218926347,-0.0033412092515927,0.0265805042793352,0.023558764869871,0.0102893086505756,0.00193062154817145,-0.00770626253733854,0.0203909896629867,0.0148002492919338,0.019898123243872,0.00932024859065212,0.00132662955910656,0.0250347995307608,0.0223904491584669,0.0204651182093463,0.00984426087957957,-0.000247171514043867,0.0290038522105925,0.0250711869451759,0.0114855267426979,0.00333576941714197,-0.00652352203034844,0.0224117367718027,0.0175540243569446
frank,100,370,1.86088378090335,0.2,4.62887783828567,2.18476690063773,-0.0817511056449589,5.16994255454429,3.85727905463021,3.28616739144726,2.0777624817259,0.957114922812563,3.55408462638172,2.9051342198863,3.97701123665235,2.09898775030077,-0.340766983965201,5.19161203309548,3.80982186763958,0.0231730493408483,0.0209163231167947,0.00949345868409524,0.0351274825642264,0.0290065229421425,0.0295208961337435,0.0150648154933885,-0.00509861581924803,0.0350931166919865,0.0271855628084243,0.023985556163276,0.00711810702260477,-0.00871807145779348,0.0256416724469319,0.0185518109391635,0.0260927895598601,0.0146576848451966,0.000359386018407369,0.0321707294375983,0.0224080300359461,0.0258602086054573,0.0188895236238219,0.00609541874465857,0.0335256769828745,0.0264617952633537,-0.00556564776860053,-0.0571461566122759,-0.0702655312681636,-0.0383363989505585,-0.0564422288012241,0.019787375909943,0.00713796654859099,-0.0063567840594593,0.0240298880417314,0.0156643940145879
frank,100,371,1.86088378090335,0.2,4.87390856832968,2.17846995466821,0.136337015713977,4.03372776332271,4.14017828031459,3.40763196185904,2.07373880306381,1.06307473349116,2.99189092402318,3.0450634642252,4.44803764373827,2.37587634371399,0.350322984114328,3.97485740187909,4.1813450468672,0.0291668187596233,0.0206021925844947,0.00995947790777453,0.028696963742467,0.0262558055274855,0.0202272813766684,0.00789563201256595,0.00118871840862721,0.0177501848482747,0.016760374225043,0.0331201787274962,0.0178126536296425,0.00817610220491305,0.0273038532357823,0.0264627133020085,0.020335490850629,0.0022813602827311,-0.00767549618557423,0.014520749497071,0.0137521913589444,0.00648597969657214,-0.00693775181277036,-0.0144286128265327,0.00386865788760765,-0.00251816822081926,0.0212029435096128,0.00687088539078697,0.00149307379585391,0.000887271567811529,0.000167173720645906,0.0236138344686133,0.00990685047558928,-0.00142952735889265,0.0201283412122377,0.0191760896988398
frank,100,372,1.86088378090335,0.2,4.86395697798347,-0.743136658700845,-1.97586655576833,1.92229103058617,2.06838677455509,3.40210354699873,0.627741783176546,0.0178054354115912,1.9468145393128,2.01883640018544,4.67251620294099,-0.535906765348581,-1.98210372293879,1.84923956521461,2.47778116000166,0.0225902451399564,0.00618176159606882,8.48574309973364e-05,0.019302972633163,0.0192594854786456,0.0190727067821873,-0.00900539482195617,-0.0077761412610185,0.00135135412375477,0.00405092141378495,0.0260463030966776,-0.00700500235744583,-0.00579566325885639,0.00761542804645397,0.00891988864297588,0.0288819032057649,-0.00649450796382214,-0.0101316423566125,0.0106176569504836,0.0112699903511664,0.024886507410278,-0.0183404961942871,-0.026215029665654,0.00242395456587298,0.00479401689546936,-0.033505876594063,-0.0100065286736407,-0.00199999342519504,-0.00996267294247318,-0.0109622236006698,0.0240309608852077,-0.0067828883791967,-0.011868851553409,0.0065563448318733,0.00820527367717359
frank,100,373,1.86088378090335,0.2,2.42864095649501,-0.174574103327175,-1.52586595634744,2.74572280399643,2.26251132473336,2.19688540514315,0.908873683604659,0.241298970898499,2.35357317319985,2.11403308178505,2.0515325775471,0.00470199452651898,-1.66090356540605,2.99968737664827,2.70015711297532,-0.0397646313246935,-0.0230085853389966,-0.0110207070068169,-0.0177226863673059,-0.0209690542509101,0.00774833154567841,-0.000901377511009215,-0.00575499985879656,0.0143159090619402,0.0118826018490759,0.0161246276744392,0.00251216020941293,-0.00441971956124243,0.0163108115791178,0.0163213357043326,0.012202937856397,-0.00141927729425095,-0.0100453403511353,0.0158561632718242,0.0141289618989495,0.0101095879421188,-0.00388920669658429,-0.0114330801629081,0.0141781102215249,0.0102133614665425,0.0211119690182706,0.00592253942242171,-0.000423789018433975,0.023529530258152,0.0192783276493004,0.0107569382052535,-0.0049935538542456,-0.013971957688095,0.0117722835503589,0.010026847388602
frank,100,374,1.86088378090335,0.2,4.86376211137984,5.29292951839743,3.19489034690276,6.69889216042582,6.23809164952256,3.40282622638227,3.61504557419848,2.57658279065234,4.31119537535167,4.08375774795231,4.03169984121325,5.46732304495033,3.6103242675823,6.62154806665105,5.91071940679206,0.0316033074523964,0.0364492008721358,0.0259738054733295,0.0431580339976272,0.0411128727985717,0.0182866251584243,0.0312725648254669,0.0222492597464747,0.0346713627804816,0.0319571943212267,0.0277233767389929,0.0308950464199142,0.0186052269271552,0.039039711546028,0.036136748733713,0.0275951177595106,0.0273367001892364,0.0162164316829603,0.0338563452228697,0.0329704759789432,0.013785216392817,0.0149608988386438,0.00939417173905212,0.0175641308454242,0.00965830898050389,-0.00200006092198753,0.0330358641232078,0.0253371172392921,0.0290748123847151,0.0205887978017354,0.0204920286610759,0.0246236456560114,0.0154354620319371,0.0306490008748071,0.0253024095671646
frank,100,375,1.86088378090335,0.2,0.316021213027866,-1.79486390886131,-2,0.441064978061172,-1.33530807489643,1.1545824457573,0.108310396520454,0.00016350374004651,1.21464771651885,0.336823293424096,-0.993116843493581,-2.16853458221444,-2.16763240625289,0.00356609602125246,-2.07576627210524,0.002814848591947,-0.011264076892165,-0.00784122912006344,-0.0100625632125079,-0.0034386581303056,-0.0267167130725725,-0.0097245653665112,-0.00164947029963664,-0.0098383851574006,-0.0249132102897508,-0.00216254782545474,-0.0130803819279674,-0.00595716809059481,0.00180468024420007,-0.0141988508331289,-0.0112236720024,-0.015503710859533,-0.00228822747091865,-0.00419577824968423,-0.0166210738542729,-0.00301347208631541,-0.0106909111077591,-0.00257167824911091,0.00192794592473237,-0.010539089795529,-0.0226109393059591,-0.00257863985223375,0,-0.00369078886527486,-0.013018788131012,-0.00520118451631982,-0.0126559659196334,-0.00091921969717162,-0.00137449590839916,-0.0134684625500097
frank,100,376,1.86088378090335,0.2,1.31848381473246,5.02573646223194,4.70107759337212,2.78619801067643,4.22859342866489,1.64690927711919,3.48247733339673,3.32232095174328,2.37367066832417,3.08794778499793,1.29162732991096,5.07591150506863,4.81516555440022,2.94417141351782,4.19128281536613,0.0156554994999347,0.0339847051981783,0.0283540602759095,0.023198184960947,0.0307569202727379,0.0116083189988256,0.0278254830439272,0.0257387358549654,0.017301912062864,0.0227273779459466,0.00796663966195235,0.0224602120974784,0.0215144196456511,0.0123285622683323,0.0167748377264004,0.00927292573282648,0.0207677509273131,0.0164705513315158,0.0115407697767936,0.0182571032871666,0.00738031967283916,0.0236485006479778,0.0212120881612936,0.0118778385459949,0.0184080741099882,0.00404591273529466,0.0223876256672794,0.0212495312748044,0.0117094708914451,0.0112836666010265,0.0083208195734001,0.0256300757531888,0.0233161215325013,0.0149144629984238,0.0214340951929829
frank,100,377,1.86088378090335,0.2,21.5528149340714,24.3225675059134,18.3902888255656,24.1524595092565,25.864212498228,11.6642298217402,13.0348974365134,10.0983255002467,12.9514724788356,13.7992968933705,19.5902906802881,24.7437888400478,19.1010166152034,23.7982432561646,25.4278427591241,0.112203054972065,0.119102384095436,0.0876587516725905,0.114749180103578,0.133615889397876,0.0804414109154058,0.103588726523313,0.0801142439629449,0.0985856288381412,0.100740900952406,0.115080916287151,0.12167124629405,0.0875002366526881,0.125611270442555,0.133875940946443,0.101681569872566,0.122997919726846,0.0940919743392355,0.121131644124053,0.12714536415302,0.107326332732137,0.116817500825709,0.0855283574811854,0.115731884695468,0.123954797443195,0.0986249121860943,0.12986795563506,0.101744565100737,0.125554587423004,0.128154238654389,0.105276787924771,0.119152602633061,0.0900515698781569,0.115573816976336,0.122205017683457
frank,100,378,1.86088378090335,0.2,18.0228284838483,19.6976311394324,14.4992583983272,19.5838784430424,21.7131394224693,9.9154835392404,10.7455434522032,8.17306077763056,10.6889806116835,11.7436817641509,16.913153981052,20.0703793246278,14.9065918946381,19.5364043122934,21.6520915508122,0.0917868944278067,0.0512292274187373,0.0154100893665734,0.0602264035680146,0.0596976631780889,0.0899071594646183,0.100443407742645,0.075266736124874,0.0944025029903372,0.106176499254109,0.0900079803145233,0.106014409546706,0.0780803670634772,0.1047128683116,0.113485517943623,0.0921733098635464,0.0964967818656577,0.0682169748487744,0.0969969848000367,0.105432050439893,0.0939039288560177,0.101286261355092,0.0753372962574693,0.101185303522707,0.109500976155206,0.0992223336991092,0.0900537248483477,0.0604566115166769,0.103081417738637,0.116971447109162,0.0921456484457265,0.0990736149440152,0.0715304519177425,0.0977211959730436,0.107603188455995
frank,100,379,1.86088378090335,0.2,14.7601744983489,18.5657716120386,13.7886185740241,22.5964034342504,22.7143840263377,8.30225187172764,10.1839771025812,7.81974510578164,12.1795855217095,12.2378064909291,12.4029687977962,19.1246479449784,14.8684812456154,22.7936512131114,22.4054948988553,0.0836649043462633,0.102710005856515,0.0788194594079447,0.12298184489457,0.123543559379122,0.0607435215465982,0.0804037549281342,0.0578181334847948,0.0992464565059946,0.105171946635612,0.0595973151419458,0.0931870157706259,0.0649848615465981,0.111721254360507,0.112328451038652,0.0751602903337298,0.0975375036732807,0.0717477855869744,0.117645656878219,0.118597848318477,0.0691202689152656,0.0939048106003815,0.0731184862114159,0.109381594472938,0.110358902350895,0.0666441808262631,0.102621351929637,0.0736275199656618,0.115208547454946,0.120356383913926,0.071313420745766,0.0933105549589887,0.0680426308486672,0.113487721043093,0.11398003251088
frank,100,380,1.86088378090335,0.2,12.394432697963,10.6396900972289,6.47799977294798,13.5256841626011,13.4558315002133,7.13101689344918,6.26226061094431,4.20304865796504,7.69024836306225,7.65593827090018,11.3193891522092,10.9604788357935,6.8054776544011,13.5249908552823,13.6179288765964,0.0698154075754411,0.0625033714255092,0.0406509143403714,0.0748967634965645,0.0749340492411025,0.0664331133278218,0.0512581440636627,0.0278560634120865,0.0666613464514412,0.0666098391836407,0.0611820069407588,0.052717910681012,0.0271202235771399,0.069690945033292,0.0680366728480485,0.0569090244398103,0.0533507810201087,0.0330977853828876,0.0666323145191832,0.0670301274720302,0.0553122389621445,0.0460145161848234,0.0252828809278675,0.0616925603613878,0.0613820708473249,0.0365256890810654,0.00808599429912451,-0.0331741892574293,0.027895933470489,0.0289328959256613,0.0612858066123912,0.0517782376979391,0.0287159534902755,0.0687388016207796,0.0668562482735254
frank,100,381,1.86088378090335,0.2,-1.99890845896165,2.35358606746441,3.27594568371166,1.17945944400431,0.712571791254912,0.00806931697147051,2.15929975219428,2.61562426383129,1.57900309114024,1.34787966047219,-2.47995127235733,2.42878250628512,3.85962163258987,1.13248531952644,0.420669251282049,-0.076724049341297,0.0128466181051111,0.0263766423392932,-0.00926185568793005,-0.0216728669087135,-0.00480364561085151,0.0173035355618766,0.0219421232241271,0.00830539038191056,0.0101223464595691,-0.00644490426588442,0.00728793292925253,0.00998403430228027,0.00752631274048772,0.00358803576710438,-0.0172939871983557,0.0142117905255842,0.0203458614684617,0.00642524597928004,0.00253327428207711,-0.0111011583348311,0.0150742840473076,0.0200787972197162,0.00966469842447457,0.00464887987151721,-0.0313741770829003,0.00855821759488964,0.0184685029471693,-0.000754315100777374,-0.00329234128137721,-0.0159934156399067,0.0123140334040264,0.0172617185148055,0.00524112371860456,0.00225143217324211
frank,100,382,1.86088378090335,0.2,9.80626432926107,6.53714930799982,2.89265375609474,9.72918914430513,10.1591313984042,5.84857533843092,4.23071232907532,2.42662795299292,5.81135631823835,6.02370072385637,9.23485292556092,6.9972700772932,3.469115545752,9.57812633273697,10.4682488966587,0.0289498183595248,0.0415352369700677,0.0205524447953738,0.0581069658364898,0.0602473201096577,0.0526783184809105,0.0397417510353988,0.0216821140723901,0.054146480613323,0.0554759161418634,0.0487786482830212,0.0300085771560668,0.00877332675667749,0.05013783474729,0.0503202286777432,0.0529776023089971,0.036582410553514,0.016621340986518,0.0528865058424218,0.055249181910089,0.0502053276873106,0.0346623369952968,0.0183593798721114,0.0510893956933782,0.0518769148181027,0.0559565342002945,0.0328118166535084,0.0176649103756354,0.0336444482089006,0.0462076258349007,0.0494633054529853,0.0310438745924408,0.0133981213651963,0.0446563969331901,0.0493126612468376
frank,100,383,1.86088378090335,0.2,3.79395258597236,-0.393287140223503,-1.78664334566229,2.25992214352808,2.15849708774017,2.87441957672487,0.80062393512943,0.110740401689664,2.11385629139327,2.06358494348628,3.52514731626054,-0.104086541552877,-1.53648975807491,2.229637025436,2.52551819174262,0.0205837073780601,-0.000867894588753825,-0.0131654023902744,0.0212000729045277,0.0206751034716253,0.0219312593587209,-0.00466618950902951,-0.0129759449047812,0.00773638512586684,0.0105470834322928,0.0159320078922754,-0.00507725413486136,-0.00844398349901769,0.0101026483968031,0.00903253478253544,0.0128944939767706,-0.00259345916517097,-0.00704415058594202,0.00698820386965735,0.00794992292909148,0.0148789733525437,0.000308487808066372,-0.00510720939131261,0.0119522749879449,0.0112907229185926,0.0211607453752177,-0.00243488898892267,-0.0170935691892418,0.0202109935823129,0.0153915110587784,0.0134424026907551,-0.00308195602396934,-0.00866148116567887,0.00976486397742501,0.00936320826293182
frank,100,384,1.86088378090335,0.2,6.86485784555148,5.02275542051758,2.61328814410193,5.9640458927742,6.4225816027326,4.39560502194583,3.48199980838925,2.28923106048175,3.94833778766491,4.17513200963051,5.41365852666449,5.06222923304126,2.90133877530768,5.54513821731332,6.17468709027165,-0.0467153681673495,-0.0575452151280921,-0.0429053231966928,-0.0740514561424234,-0.061042429596991,0.0392022100164141,0.0166274607498809,0.00473082310201722,0.0248918912567514,0.0298262137933966,0.020677367602935,0.0166593106523778,0.008557071902047,0.0200366364396576,0.0188318824051199,0.0276825496841876,0.026123278592935,0.0161207971357072,0.0259192746908235,0.0294818791890863,0.0272166210156561,0.018178024502378,0.00713027808058679,0.0183127098127094,0.0232995342315815,0.0432986449870924,0.0301423062240166,0.0158290344147981,0.0372782883374261,0.0382464839905227,0.028573702253723,0.0243070444212568,0.0128254093848387,0.0272705131059095,0.0301632680616264
frank,100,385,1.86088378090335,0.2,1.12606342645059,10.2991137757507,11.1487268500904,4.57497092670372,5.0751993894887,1.55408012296066,6.09381694365489,6.51383340421331,3.26125512772484,3.50969913614799,0.151274001983183,9.75230818394104,11.1661246636234,3.96484346431533,3.88526544478,-0.000574659923944644,0.0571976737000698,0.0627300840147923,0.0261876857726047,0.0282488133253706,-0.0365802909272685,0.0208533395921506,0.0362693951425819,-0.0220117895501087,-0.0256599661513928,-0.000264021632992869,0.0448825982137232,0.0503604331320147,0.0192252713619832,0.0174674190564555,0.00248917400703504,0.0483850943746788,0.0533810204963144,0.0192000453450598,0.0191489210108622,-0.00402655031879248,0.039415812371964,0.0452159256800744,0.0134868526698553,0.00992936063642066,0.0156219566560166,0.057336365484049,0.0605085287339801,0.0289129135552057,0.0318307757177705,-0.00227206763019597,0.0459988333651035,0.0521109893705508,0.0159369212309117,0.0133551322184193
frank,100,386,1.86088378090335,0.2,-0.831993655155475,1.741747647665,1.4480316839375,2.17001635479279,0.730892972085926,0.584963121105264,1.85794318007303,1.71274675675989,2.07003112802904,1.35826738357568,-1.50603864335176,1.54651299975136,1.61878772978229,1.88437080396425,0.138683620383002,-Inf,0.0155238106044006,-0.00915818400969691,0.0167956458094562,0.00817936222904343,-0.00611800963951945,0.0119704971712412,0.0132677706426881,0.0107802186673302,-0.000681576879993744,-0.00840547401888089,0.0113078126650023,0.00927038593586311,0.0119131487671264,0.00363297735135129,-0.0170897677203408,0.00557061964095829,0.00604865668046424,0.00681278377272929,-0.00303705604735187,-0.0133133937655509,0.013863029162714,0.0145444524912424,0.00961421973941183,0.00220630559886877,-0.0483015313852286,0.00673019348614527,0.0139273009616071,-0.00940494416115556,0.000114204615621416,-0.0107925429751333,0.00490749090676835,0.00335826842693333,0.00676366230208913,-0.00238249755342508
frank,100,387,1.86088378090335,0.2,17.1485178818554,18.5801353899571,12.3061099022701,25.4901759230834,22.7090896379637,9.48289591287932,10.1922486428608,7.08725961817936,13.6133673647941,12.236093437791,15.1227706334473,18.9124471512567,13.1354840765757,25.2377289616257,22.4448724458898,0.0955928466049365,0.100253118401805,0.0642167546311355,0.128113797541834,0.123333546212793,0.0908359478919042,0.0947661761828084,0.0650637876718237,0.122728760795665,0.115125469064229,0.0857904043030486,0.0911028480542221,0.058061478149244,0.12605419056751,0.112499569045395,0.0890383477660011,0.0936522281194184,0.060532005317366,0.126709850645079,0.114683105743645,0.0826300826168508,0.0904500329453587,0.0583944331437355,0.125695817720168,0.109347245348987,0.016686529081036,-0.0101741121878879,-0.0464172978425018,0.0470832842807466,0.00649941501411103,0.086021557081416,0.0921864437701892,0.0589730806641364,0.126722785704046,0.1135864428804
frank,100,388,1.86088378090335,0.2,3.16501227402268,2.60957676128987,1.05580697312211,3.55244811814427,4.14037748033454,2.56246266815979,2.28597623620819,1.5162028373427,2.75382275202773,3.04513057914942,2.63130079904762,3.04939357530829,1.82399492081611,3.40224465189413,4.03975864081262,-0.00387489825839302,0.0220241412566559,0.014038971424724,0.0240799430392006,0.0244773240854724,0.0118744482028485,0.0146183168765213,0.00543218033687899,0.0223235764067727,0.0248431662527253,0.0155046633253587,0.0159378572943638,0.00972355319172693,0.0178830457243648,0.0206341950560549,0.0116592160695051,0.0120553781681808,0.00604511169091115,0.014580830306053,0.0163686921978359,0.00761031904205224,0.0145472426665852,0.0101395132400238,0.0129940442156718,0.0174741143394258,-0.0202373625271775,-0.0109361154845561,-0.00160825562298946,-0.0373315460384574,-0.00234797699417429,0.0137661337671142,0.0135075622966255,0.00736652235905177,0.0156020032172955,0.0180180103002423
frank,100,389,1.86088378090335,0.2,14.9675372445748,13.2338172425246,8.01231805281178,17.5759315840169,16.292240292993,8.40474765234104,7.54603993081802,4.96134456894221,9.69595307301152,9.06110071026979,12.9931088368625,13.5020129599811,8.64468591149069,17.2822203369418,15.7518578836027,-0.0350436079232127,0.0139741545354745,0.0185793641848728,0.0297745233155079,-0.0047753688825046,0.0792519642750245,0.0671303125778262,0.0410616762979643,0.0865948244920893,0.0817645419122171,0.0773102427384581,0.065412933145517,0.0395644843734711,0.087205634302908,0.078836682748499,0.0729613453622645,0.0665432672870722,0.0409768283736554,0.0859327084162315,0.0791725769034288,0.0691950206846876,0.0638749758789489,0.0389781472491086,0.0837409487231964,0.075669532500526,0.0796621290697965,0.065339322445098,0.0303733191827666,0.0931377580278392,0.0873322474665472,0.0715228331746267,0.0655992798302417,0.0394580656236788,0.0856697600479161,0.0787249022812147
frank,100,390,1.86088378090335,0.2,0.698302960350524,9.68447298470805,11.0416119480748,3.53782978675486,5.31213122055428,1.34064751505705,5.789025190061,6.46082684867243,2.74707902865747,3.62544555311833,0.456947280215292,9.39818796013397,11.0678115860976,3.20369958202207,4.7366436747747,0.0120928821719056,0.0569853451076441,0.0627654292337437,0.0266369394356642,0.0323988643809161,0.00398680037148531,0.0542790435245097,0.0593451088894127,0.0236968535766298,0.0333613352114872,0.0088107791383785,0.0377155188694417,0.038507909806239,0.00809883257719033,0.0189939406162395,0.00254652527418763,0.0458188621998092,0.0522998573322612,0.0133077184749265,0.0245299210087469,0.00761865642324604,0.0490279067906106,0.054417682020336,0.0175111192545072,0.0280400665017483,0.0129479622460014,0.0523783288109467,0.0614840781270004,0.0201181313171791,0.0309853307539579,0.00362753019597046,0.0472656903412787,0.0540738961659828,0.0152866951520732,0.0238167920277375
frank,100,391,1.86088378090335,0.2,1.79388754308955,-0.0332792775190893,-1.15592979303668,1.44739220176773,0.568690897817102,1.8853907610129,0.979910538885287,0.42426794263263,1.71236009749906,1.2779710966316,0.947896416416473,-0.297878823485283,-1.37284722859093,1.14481860740303,0.254232011563913,0.0183688973016083,0.0054705883175746,-0.00250504027726353,0.0133616044131865,0.00722518738407943,0.0124642550685469,0.00805374643599922,0.00381924361613842,0.0129920297887905,0.00665827178603254,0.0113363877462466,-0.00403272762521412,-0.010308795696201,0.00546149580200321,0.0047536079804699,0.00397621136343101,-0.00142654586391955,-0.00756137729557536,0.00667398012363983,0.000618176626702389,0.00790610264433329,-0.00380830038411825,-0.0104951567068413,0.00795542798521062,0.00322407127962043,0.0188969128953476,0.00954153285665158,0.00243586752325417,0.0171852790520421,0.0127787546797063,0.00332805880294067,-0.00442509493862578,-0.0116569119902808,0.00619565536916079,-0.000530937637872972
frank,100,392,1.86088378090335,0.2,6.76263155580265,7.23726050515982,4.59115169528949,9.66586645894949,9.67841995440388,4.34308151960041,4.57708914195098,3.26793380061424,5.77896038452655,5.78553789124093,5.87428118403411,7.6291354325524,5.05879848676925,9.88214353731195,9.7699597999136,0.0422863143074726,0.0461784250351646,0.032149098756079,0.0583282916999701,0.0577275427581891,0.0340877747711901,0.0361338473590989,0.0195298496460635,0.0505139708378763,0.0504725776833601,0.0398776335448577,0.0358205909499802,0.0155295337046579,0.052153262267912,0.0522804673557195,0.0298351355510913,0.0365953158846153,0.021666671460154,0.0493491740300266,0.048838584066931,0.0252984799670649,0.0368208692217986,0.0232202944135349,0.0490572960757001,0.0481809185898734,0.0404774632111846,0.0335097092859526,0.0121005715670879,0.0519138084770172,0.0557502080542362,0.0334488318486595,0.0375447148030687,0.0230762325919509,0.0501121830336306,0.0496218910237763
frank,100,393,1.86088378090335,0.2,-1.03913279104042,2.76430685757252,2.85383968552489,2.19564834326024,0.288835869615258,0.481032628623955,2.36490711794343,2.40936438154547,2.08347631597249,1.14074549418028,-1.23089256027989,2.22516397653204,2.67753318033404,1.62357325682655,-0.698276162526821,-0.106232893828871,-0.0668740415624007,-0.0437256283994426,-0.11218308696991,-0.107794565957529,-0.00601766975952965,0.0115661052151536,0.0136266360864477,0.00831865963836033,-0.0131342353308404,-0.0090044235051408,-0.0058994083263518,-0.00855745003304352,-0.0040158582417393,-0.0231696706511291,-0.00677831244884469,0.0109403877922881,0.0128745126682223,0.00510128259173382,-0.00441145575196587,-2.3136968706059e-05,0.0191243432620423,0.0159631731455242,0.0178146731690941,0.00719538493224153,0.000972626040888735,0.010946099776613,0.00996905255609132,0.0106308365448819,-0.00411770110620779,-0.00534344286307338,0.0118164397682459,0.0116682153936055,0.00965900551146043,-0.00337270096791084
frank,100,394,1.86088378090335,0.2,3.09715044170013,-0.250424613233104,-1.66654647523703,2.47906864056666,1.36078112534295,2.52849724172035,0.872066227737698,0.171389977676003,2.2225452708715,1.66975847159795,2.56090526343519,-0.265143615616441,-1.75710709467721,2.3835721764462,1.19266476610738,0.0137151893433938,-0.0100454755566407,-0.0103379639461756,0.0013350301885888,-0.0165012546596455,0.0216056755624002,0.00200081832257328,-0.00609296723028684,0.0190135694487053,0.0130401022879211,0.0152026970629311,0.00181640284423088,-0.0021855490215439,0.0135413032508527,0.00645197657952969,0.0179733192269913,-0.00148027640890292,-0.0112277102508688,0.014308532676599,0.00777600194166796,0.0186718903497747,0.00161611167998865,-0.00735774984237462,0.0171269589438411,0.00898473065928752,0.024234238779145,0.00492746877311184,-0.00941643156449185,0.0223908241838693,0.0167729117196473,0.0159426107651834,-0.00179798011726689,-0.00970463424058977,0.0126686842943963,0.0065146437562539
frank,100,395,1.86088378090335,0.2,4.11335707544334,5.53535368594706,4.47345411311281,3.53317738734587,4.98492822635888,3.03210323248336,3.73560486865027,3.20982801234908,2.7448625540199,3.4636222972723,4.2167855275565,5.65600607120003,4.73528056572168,3.16537493231089,5.04449875322341,0.018295072295849,0.0291354902715255,0.0281130496514514,0.0275823726909778,0.0257464547744449,0.0230156560943194,0.023950423082896,0.0165722715921876,0.0100023314704141,0.020526038271515,0.0196268158018139,0.0308823382243295,0.0265087530658686,0.0164308863492415,0.0249216880969669,0.0192749508011041,0.0251023178807636,0.020037065483069,0.012800431750783,0.0216279284703462,0.0199081492701761,0.0228400099567156,0.0178075815134262,0.0114101476735929,0.0186188679804031,0.0242129261959919,0.0323012679486963,0.0284644117916044,0.0244456819214866,0.0259821086157849,0.0188375093762106,0.0270151893921443,0.0218401280290448,0.0164287757122289,0.0230244788290912
frank,100,396,1.86088378090335,0.2,2.45158077752582,1.98155268875647,0.456715014730667,3.76870691742867,2.70269076491106,2.20981402644049,1.97676211618717,1.22265773902664,2.86062803877484,2.33422023018009,1.81397626370323,1.98558487883585,0.509179606335316,3.74799784179913,2.42719454538872,0.0207835106659935,-0.00839826072634134,-0.0352572853976924,0.0209841357755698,0.00580602285397359,0.0104375371570917,0.00564580434561295,-0.0137218051491644,0.0146685543168042,0.0156942749391702,0.0162631362534294,0.0114496402485454,0.000784616777727264,0.0238193597666216,0.0149584830728011,0.0112244555370953,0.00961281966683247,-0.000577354399069618,0.0198898708681017,0.0123077393691449,0.0109575431522783,0.0114374244339847,0.0033790211236977,0.0208407002941025,0.014138598518537,0.0207965851376474,0.0161902336741004,0.0034703185498147,0.0272727475350724,0.0191569351923524,0.00861212986460753,0.00443234520949755,-0.00660415782046251,0.0174088551646016,0.00768781731045485
frank,100,397,1.86088378090335,0.2,4.31530635875097,-0.106806990348604,-1.63381085254922,2.41687796116987,2.42020077784497,3.13149042911471,0.942680210845203,0.18735724406628,2.19154874061593,2.19318422268477,4.45065285984234,0.142360437438696,-1.62192065496535,2.38026860168207,2.86807532086179,0.00491393340824234,-0.0266269285094837,-0.0232901033193871,0.00171758017871237,-0.00440550122247969,0.0215375299130668,0.00505125320484512,-0.00496372183019089,0.0134448301771824,0.014502308389595,0.0169977478362226,-0.00248178214895382,-0.00855555601385388,0.00922613850578097,0.00983720141400516,0.0214996038909694,0.00166201133590745,-0.00503388861424249,0.0131270994622732,0.0137835758744971,0.01524108727311,-0.0116555777574766,-0.0178343201140959,0.00671332141165562,-0.00097653445777804,0.0106707271426798,-0.024489964842381,-0.0220976818526632,-0.00945258819633127,-0.00939528263981725,0.0214126605994107,0.000112012888837207,-0.00968798550488153,0.0137225097244908,0.0133076547458698
frank,100,398,1.86088378090335,0.2,-1.46760603680259,-1.77952099559031,-1.96541808428287,-1.17167728884276,-1.25930046039004,0.268748795461174,0.114263996576916,0.0219143440798044,0.414908329303175,0.371101812432991,-1.36913103568849,-1.6925665518687,-2.01590587845392,-1.08981821825217,-0.952508403600326,-0.00731130784911631,-0.00258924929200532,-0.00226469901391832,0.00376075340195744,0.00289422292322474,-0.00863977645382111,-0.018852411121092,-0.0184091165955566,-0.0102411575360166,-0.0104048456523551,-0.0141415714371073,-0.00762652894134814,-0.00787935376624587,-0.00699580910156957,-0.0066103232188146,-0.00341352358329715,-0.00761766138036745,-0.00759789465391189,-0.00247573859521636,-0.0025159450439048,-0.0112936893038277,-0.00552814048775549,-0.00407536340574982,-0.00666927287795306,-0.00584708713040122,-0.0243876687545155,-0.000476836342128676,0.000105869463365913,-0.0012827041814166,-0.0042725566740199,-0.0105040224633516,-0.0103167069887833,-0.00878247048463637,-0.00733484983823048,-0.00640617752488458
frank,100,399,1.86088378090335,0.2,6.12304847423687,8.93177747315127,5.61121414195818,16.5226987242116,11.2786126687431,4.02857938629796,5.41577505575102,3.77245433852397,9.17370354412149,6.57880215492026,3.8553223031829,9.17148263122708,6.5064470472015,16.5846780142162,10.3596351797917,0.0246266738639865,0.0241090475502403,0.00899455622720656,0.0488081122327081,0.0219717574569983,0.0343221732968968,0.0514117329671189,0.0336742710642244,0.0883845032701555,0.0610374256003942,0.0255317714301741,0.0432056894617748,0.0277472891285886,0.0781147622984001,0.0520197430752767,0.0187124517763102,0.0439718524556113,0.0257675690303972,0.0817660449563143,0.0531566617926909,0.0215737376819097,0.0514710549959357,0.0347328151394966,0.0864340588699469,0.0566072939748418,0.0379975923691415,0.0530919025890534,0.0345876611371274,0.091705143247346,0.0663690777456802,0.0272240940554258,0.0483566919711848,0.0308435443700143,0.0856827516694459,0.0574242855200003
frank,100,400,1.86088378090335,0.2,6.64685346595847,17.0524421090731,17.2917206243082,11.9740604900651,15.6352027592892,4.28609125316791,9.43492905626469,9.55341924444157,6.92176303247133,8.73399772117449,6.82113283210947,17.7418570626151,18.2835070914153,12.0112127580874,15.926224794162,0.0283406918213596,0.0950282680665383,0.0952107751651324,0.0654670885947648,0.0860143632187552,0.0402830608542322,0.0940929104633867,0.092955194317617,0.069291702680327,0.0878573915491856,0.0305077823575778,0.0813227080281448,0.0805865181817059,0.0577243003167935,0.0771177550960171,0.0262172289049282,0.0863578124831224,0.0874952135608648,0.060585364887277,0.0770505769214351,0.0263345993278685,0.0874015475579809,0.0920716119693381,0.0579720716015233,0.078114171924893,0.0298263109272035,0.0824166952015152,0.0879933536566748,0.0608358198660137,0.0679707610350247,0.0305409174489822,0.0879273696856585,0.0892497311207074,0.0604926251544375,0.0783950861828934
frank,100,401,1.86088378090335,0.2,5.57366115258687,0.535959993218549,-1.59053104227219,4.44245226018267,3.34942503305008,3.753093545271,1.26143378827522,0.209548524768453,3.19436151146075,2.65298140894241,5.31990855883576,0.616685609654925,-1.79369310412464,4.37203776459725,3.73886201876738,0.0163928969874935,0.00681770884390272,-0.00378587606570163,0.0238250320532894,0.0144936155951935,0.0346689843762425,-0.000243789391571187,-0.0121414768350138,0.0247788459060792,0.0191843659273687,0.0275102608312197,-0.00896162874438874,-0.0210388320906303,0.0158589551081952,0.0135599162844996,0.0274212321548382,-1.18935551855193e-05,-0.0113375500657831,0.0220544903773576,0.0149662651675147,0.0295115125046708,0.00461784472993084,-0.00904263657865865,0.0268724230340485,0.0203867322011041,0.00835774489660633,-0.0645743876664326,-0.068493808576666,-0.0248100723636377,-0.0228942558379945,0.0316345696613133,0.00268573128566461,-0.0104166683798539,0.0237998059154406,0.0191248083558246
frank,100,402,1.86088378090335,0.2,14.881318222942,15.4371827220508,10.7159455354762,17.000449674031,16.6169421976268,8.36120197566491,8.63735015663171,6.30100689855399,9.41081928172549,9.22188786940308,13.3388453205167,15.5248514638029,10.9369091920007,16.8079071197096,16.1957811211679,0.0703433227578926,0.0319134892018171,-0.00585150487769907,0.0441447309367266,0.0556500209056394,0.066704591746368,0.0764483107741407,0.0533920439623829,0.0820162599951514,0.0724871277448395,0.0712022493175706,0.0682198595748686,0.0444286603547736,0.079871125416162,0.0687284075763071,0.0727528193993379,0.0757718426716037,0.0507410043320249,0.0834280699310624,0.0806720331660675,0.0675979152461346,0.0670869342767379,0.0469465806640006,0.0759358621174755,0.0627962873050754,0.0760357021594968,0.0862259317693143,0.0632037956192145,0.0877045632211988,0.0928243919602582,0.0709295269283769,0.0752123524561327,0.0504435729046952,0.0842030457641708,0.0770535898514696
frank,100,403,1.86088378090335,0.2,-0.315418113613975,1.28079028095184,0.706024705428521,1.96418905372267,1.14097072614803,0.838945388346428,1.62975700079814,1.34630591523611,1.96707363532944,1.55982724300318,-0.429008182727538,1.06209726591967,0.404518295321441,2.06075613905714,1.16007889865022,-0.013224615666988,-0.0107544115598089,-0.0175002340887333,0.0107393965737797,-0.00680454575298552,-0.00466952719200527,0.0117358296652352,0.00704117210587401,0.014387566903294,0.00776061154789107,0.000275092237638393,0.00797807117129862,0.00247586559598344,0.0143381679115899,0.00779185410031884,-0.00238927740496544,0.0101131521880558,0.0050505543634499,0.0138695996413255,0.00914173922505094,0.00433562387420188,0.0100568243683081,0.0040464359570096,0.0158932994522286,0.0125521832755363,-0.000280815006429412,0.0164024769683837,0.0124638736581366,0.0170840693848433,0.0150224524195173,-0.00062923823661818,0.00567345117291294,0.000355354181512429,0.0111637884489161,0.00734012324047868
frank,100,404,1.86088378090335,0.2,3.58855238980806,7.4600319842076,5.9291548550314,8.0367863941022,8.60186162674783,2.77158314804922,4.68659793633182,3.92897291354273,4.97269230027605,5.2522354810735,2.70341866145158,7.81164593840215,6.70652309182005,8.20553965741961,8.43753435520611,0.0209559066787042,0.0459736129066766,0.0396392445421447,0.0421214365455923,0.0472363418419042,0.0228233829119536,0.043819593738611,0.0356297627173578,0.0446989894066454,0.0475871068903414,0.021535214932181,0.04348069725759,0.0358745257637986,0.0436208253771422,0.047052596951667,0.0131632107278537,0.0414313525831173,0.0340163783659801,0.0413175008559912,0.044952648065897,0.011193275699623,0.0376421492693696,0.0328715470908099,0.0392112187670076,0.0398525129627167,-0.00680928990038041,0.0357198756890314,0.0343901775661907,0.0295169597466547,0.0284043274016264,0.01491418952626,0.0385609672427811,0.0310555029136268,0.0402464763156414,0.0430427195212474
frank,100,405,1.86088378090335,0.2,3.28405733830912,9.34996354728745,9.01322829324712,6.19537852432164,8.09189977457861,2.62114447947058,5.62293020971176,5.45681010907352,4.06128259616725,5.00046077056883,2.48832661248989,9.35807423061875,9.27369758657149,6.27176266839417,7.73716882270442,0.012912673787776,0.0368150881441259,0.0349551873124193,0.0314323979186666,0.0427216868022041,0.0215100304813783,0.0446910895197408,0.0391265342344784,0.0334942114453756,0.0395182564094815,0.00107558584874439,0.0348998083598168,0.0346188683441613,0.0206960220985382,0.0225619470568135,0.0185262157953091,0.0459168875809826,0.041818637379088,0.0298989845561395,0.0410468681473713,0.0209341663382854,0.0542767218012407,0.0501077807842593,0.0383204755928702,0.0468302783735591,0.0241892859741802,0.044115879068304,0.0351700866592874,0.039845303108523,0.0409681606617126,0.0151591971021916,0.0454783552013386,0.0431879198919409,0.0307356242142499,0.0370064419895752
frank,100,406,1.86088378090335,0.2,0.886507226012884,0.276126812912717,-0.957111107186586,3.24813299655461,2.04879599678615,1.4360999026112,1.13133385384589,0.52135141995629,2.60253930409289,2.00902626397435,-0.29794816780143,0.507159430655727,-0.639597390223965,3.36754802117099,1.98272171057632,-0.00817583261270512,-0.0180200711724989,-0.0196400259711814,0.0124196179163295,-0.00409734988505467,0.013346065401117,0.0113319182322448,0.00492451543052435,0.0255892466540743,0.0189212514348424,0.00133704432491775,-0.00365302452049743,-0.00922777137105573,0.0123775342538413,0.00447060239731938,0.00149394108751661,0.000941538035831888,-0.00833354036462278,0.017154781571151,0.0108795098139626,0.00850090266175845,0.00484195385465049,-0.00449031560543641,0.0216781975047301,0.0145613672896323,-0.0627349940974958,-0.0389215832702094,-0.0281139892473686,-0.0190658426329325,-0.0408641804255021,0.000483885633238267,0.00420269241052163,-0.00227084474185841,0.0179162900352266,0.0124843758559981
frank,100,407,1.86088378090335,0.2,1.52113227219907,5.76403062516323,5.07332444644542,5.78607398891481,4.84406444867454,1.74876340688309,3.84883447450995,3.50764127227858,3.85971762900451,3.39307479511639,0.735124409440186,5.50831536260536,5.16172262113462,5.54844764765411,4.50171827101141,-0.101124789186703,-0.061707318855636,-0.035537869333189,-0.0845395666914918,-0.0879782649009844,-0.000647681045268,0.0228926488164714,0.0193861678041301,0.0197482777831808,0.0155182004938436,-0.00409083136085163,0.0272769430754033,0.0246647016299818,0.027150861870527,0.0210833359955549,0.00440321615713539,0.0242996993061768,0.0196040398764463,0.0240851059067456,0.0204235838654528,-0.00774270881169069,0.0233488036060938,0.0214641681418937,0.0277161367764856,0.015914699077291,0.0165403164961581,-0.00337042569362834,-0.0352207436871575,0.0232806316495518,0.0153973913049269,0.00770198133633499,0.0286568233130966,0.0220024000201972,0.0302827481495312,0.0255805124181417
frank,100,408,1.86088378090335,0.2,2.27671237378584,0.539471715842308,-0.648897200119214,1.44488604629679,2.01668924866789,2.12092305566321,1.26206688517081,0.674062354661018,1.71005373402931,1.99292685934032,2.48826389079386,0.735263403895702,-0.488201932120103,1.53320528543468,2.3691419025453,0.0208971642213341,-0.00173305670032385,-0.0040954226474006,0.00154734759147928,0.0130221804315366,0.00729464384454403,0.00599624785287683,0.0028469775212564,0.00878246303242868,0.0102509578136685,0.0167036020037371,0.00512985218634342,-0.00258223851448074,0.00964024251840841,0.0130856809490996,0.0123766388511856,0.00558350772485926,-0.000152641252049256,0.00942406201465039,0.01215010255256,0.00819725563421437,0.00509329264853635,0.000651923636779626,0.00452313533587723,0.0107379454164752,0.0209350134450867,0.00983989004014313,0.00103628896322692,0.0168598991179255,0.0174199521732386,0.0140310995615299,0.00421189495581861,-0.0026566062325325,0.00987421107630092,0.0123865793178173
frank,100,409,1.86088378090335,0.2,8.38083881784777,0.348236365255612,-1.94004879118257,6.06977033379174,5.03023820377699,5.14319753968687,1.16791718189756,0.0362781161413585,3.99898679383222,3.48463448732349,8.02190527588255,0.841861237631357,-1.93649571244133,6.36780188524428,5.71602764063004,0.0435446445855316,0.011392580118636,-0.000152160694271179,0.0367267769178512,0.0302663190927182,0.0333330007190442,0.00800006418051638,-0.000984159870258911,0.0345688468339696,0.0268804085479491,0.0462394323984057,0.00502694909470114,-0.00755178233215622,0.0344233974220875,0.0312518832231733,0.0430938436149144,0.00612389038029482,-0.00630137684392289,0.0355119963500573,0.0295062933459673,0.0344848297672259,-0.00484842696529062,-0.0116070294623812,0.0226124164647666,0.017222455696666,0.0362655902757004,0.0107406577837438,0.000285085826334168,0.034723876305527,0.0302515146735084,0.0437398421439752,0.000226819301473403,-0.0125487746885094,0.030609376087132,0.0255767113026631
frank,100,410,1.86088378090335,0.2,9.98484329143677,15.2601267403876,12.5049971651323,14.1431588541645,14.5582659519512,5.93908630811936,8.54877976540373,7.18472152363817,7.99674366040044,8.20277589639587,8.12297857157136,15.2590376075349,13.0173072758892,13.785064671465,13.6965090599973,0.0381326125117075,0.0796762058068724,0.0696317218676621,0.0764125047886144,0.0702456546768806,0.0479873560498425,0.0765544849351535,0.0632071003597321,0.073387887344615,0.0686677061215878,0.0459109263481549,0.0750890569012121,0.0587996698132717,0.0678194625102628,0.0687936653634494,0.051970103676758,0.0804543278300922,0.064582020444004,0.0736271532721841,0.0762794314275059,0.038023866531181,0.0778307248258666,0.0673722655015766,0.0679599824324866,0.0669272581595513,0.0501177359265931,0.0862881605115912,0.0717182804652081,0.0787759448921077,0.0793259363843202,0.0483626172451971,0.0773482852556676,0.0639706409293029,0.0703715825080535,0.0716828041935624
frank,100,411,1.86088378090335,0.2,-0.767294535897993,0.899802996193161,0.236426319671997,2.5878634921479,0.565481851935417,0.615306644106658,1.44180682396491,1.11477962691858,2.27631571978619,1.27528764189519,-0.938526559094185,0.514783052299541,-0.161654192485636,2.49437104927412,0.414027094070793,-0.0390071243015979,-0.00962574589028659,-0.00359845312572165,-0.0132082362856665,-0.0320143048974221,0.00249485421571165,0.0109611538006817,0.00449209626143941,0.020098219097515,0.0104354006697232,0.00394410165276801,0.00886943498395387,0.00261660702543859,0.0194750276454779,0.0088052528473526,-0.00299751263809434,0.00010462142070859,-0.00662654360359898,0.0114739000618471,0.00190622010365372,-0.00421780637663758,-0.0030504056885094,-0.0103469837026503,0.0098935992013714,-0.000562106519463335,0.00608035194444283,0.0136402187759678,0.00979406141221002,0.0224815777168071,0.0112707448194711,-0.00286859859928008,0.0035072809227249,-0.00278152668783747,0.0143191261920547,0.00391550994655031
frank,100,412,1.86088378090335,0.2,3.25924673400527,2.22683354218324,0.531408774346223,3.82766540646116,2.46256723838938,2.60908114355755,2.09870629157087,1.25964596506109,2.8907239793373,2.21576892049093,2.45926416859145,1.90550263541549,0.310256967140798,3.50647926014093,1.9594861287993,0.0233318011152879,0.0117294962169106,0.00799943244489488,0.0213403469484739,0.0154135099640039,0.02173323258101,0.00535681887892997,-0.00434757468254348,0.0155051820255458,0.0130759647258331,0.0162552504270911,0.00951251720739289,0.00191090918412151,0.0197118077739372,0.010543146890474,0.0128095640408813,0.00994885633101092,0.00175138266000927,0.0194996867751795,0.00960677219920025,0.0133981087551204,0.0119687473318098,-0.0028309575991772,0.0216885303105485,0.0127773511783959,-0.0114869218136944,0.0134267907068734,-0.0115288715874452,0.0275800424590767,0.0213531519718484,0.0168639716120147,0.00907583387190682,-0.00188367353556027,0.0192132916757891,0.0111901835136597
frank,100,413,1.86088378090335,0.2,0.966806102249978,4.79911274237292,3.94663915397915,5.94405663788056,4.15663077650269,1.47568238295195,3.37072632848058,2.94889129468927,3.9378108705683,3.05394529876602,-0.215050501889576,4.73563318463699,4.36485452685943,5.77323758428584,3.4349677481118,-0.0270786799578147,0.00841133041658645,0.00582446638819761,0.0261480456024398,0.00358652996924481,0.00474480785956471,0.0231906967091988,0.019204866863022,0.0269190643718943,0.0205841247585358,0.00266076660129664,0.0260582715188283,0.0180012415483587,0.0322933405266852,0.0220741114205352,0.00419736413246092,0.0238042112259487,0.0188643881303707,0.0288289466441859,0.0191926390333783,0.00388900704219631,0.0311448524538148,0.0263379025707773,0.0359000626413334,0.025427790715559,-0.0157875785746097,0.0335930152642951,0.0279118711129112,0.0286698190228862,0.0156150320844059,-0.00153631267126576,0.021900464834544,0.0179799038299545,0.0268284539409284,0.0157227468051662
frank,100,414,1.86088378090335,0.2,5.72621184662755,4.85679066185018,1.72090392474865,11.047066856194,6.66757653938849,3.83208186323082,3.39946141731137,1.84689570670364,6.46412972834313,4.29783043538996,3.69005028576824,4.97715747441491,2.34883286299205,10.8250687586512,5.63849169381932,0.0332805163106516,0.0211043490092302,0.00477841710881126,0.0595829784950867,0.0263925931067427,0.030391752921199,0.0282619128587244,0.0143076036386036,0.0557196664002607,0.0298276421687746,0.0288611590051212,0.0264785225193232,0.00921985856801777,0.0575225794395841,0.0359108039725573,0.0168778886849126,0.0181739897227081,0.00380006869060514,0.0505980115639867,0.0194246209815282,0.0305866398526314,0.0263251244438731,0.0105739907132174,0.0592683247392333,0.0306877020506215,0.030203105824041,0.015151123957655,-0.00111547029463231,0.0499032808808943,0.0217000123306139,0.0226695749000267,0.0223663177141722,0.00771723889371381,0.051704468504605,0.0274447782968255
frank,100,415,1.86088378090335,0.2,5.78859029432485,1.93425767236409,-0.636058156500777,6.56857315344946,6.0060595450217,3.86049979338999,1.95184570679574,0.680028402415836,4.2457181444139,3.96732103881598,4.957770928434,2.49240770668194,-0.0949854503299232,6.88786478828795,6.31583770720649,-0.00429802806611667,0.0196257933390046,0.00294743401436433,0.0364355736893978,0.0365615830507565,0.0155886829612336,0.0090432748430504,0.00044465474406144,0.0279905237807317,0.0243122875410091,0.0338700016420422,0.0135555108367785,-0.00296772804935119,0.0373166210005525,0.0349575444042117,0.0238926277065743,0.0105742698013793,-0.00304344912167997,0.0312807198876529,0.0306761372587892,0.030351291565128,0.0132926545658007,0.000370194204490735,0.0333380837449023,0.0322577733875421,0.0389032429643307,0.0182490334589542,0.00411543350641289,0.0427892526825256,0.0389081520982658,0.0279667438096318,0.00979705484622952,-0.00354919405753724,0.0331845372880139,0.0297856107818955
frank,100,416,1.86088378090335,0.2,5.73791804637307,-0.547324892839586,-1.88256525313579,1.36506614920136,2.05329041658487,3.83653884152985,0.724814867624578,0.0636669617034209,1.67088758486742,2.01206797905614,5.64701048368266,-0.334470659161834,-1.83635750335957,1.32632995962727,2.37736152855611,0.01707203316272,0.00525536146855759,-0.000546930510549284,0.0167293492281217,0.0187784380462058,0.018333726405843,-0.00324037670912376,-0.00575948163042437,-0.0013531515219989,0.00937114642222733,0.016293029707226,-0.00766645560434774,-0.0100811548614844,0.00234981457040445,0.00458769740458663,0.0252170222252802,-0.00289968347642751,-0.00952019947086554,0.00710431332014054,0.00868133757505218,0.0298909132470713,-0.0124042113439472,-0.0131328118435993,0.00468053548900995,0.00354700753242542,0.0379176702078838,0.00556419062623362,-0.00141168122694982,0.0151964571341409,0.0163688059602719,0.0285263570330961,-0.00590297992209373,-0.012198186854436,0.00727298488303726,0.00903434782830779
frank,100,417,1.86088378090335,0.2,8.66504298155723,9.18929008205057,5.9913552192723,11.2132145142707,11.6400797122525,5.28387356663714,5.54348651583212,3.96131360292024,6.5450117365174,6.75650853395155,7.53997496159384,9.40619730167479,6.32476776755395,11.4052633149623,11.5552401863948,0.0528684906967683,0.0402567505598306,0.0141411233442934,0.0607379855454381,0.0647288931372696,0.0423068041728045,0.0456598057987983,0.0315417802153499,0.0575142484656894,0.0564348707215216,0.0399663913719811,0.0377918463868492,0.0143591643650641,0.0536474105431266,0.0531462191633805,0.0438397020597363,0.039726845459848,0.019808642848083,0.0523076764035045,0.0541178855588567,0.0393579555892697,0.0450119249437961,0.0296088513390725,0.0552391965470134,0.0556099940107011,0.0456065751450562,0.0492010817656549,0.0219193091939154,0.0544768379526938,0.0649721718184707,0.0442579684619317,0.0447164742470267,0.0276028452141116,0.0557719679555,0.0574615825964856
frank,100,418,1.86088378090335,0.2,7.78344557190922,9.84902668268266,6.71085167873578,12.8141762335228,11.4066916069688,4.84718988226138,5.87059484238056,4.31801419284243,7.33841043035659,6.64133322887007,6.7871253685263,9.91076011573035,6.92592519962991,12.6833045465573,11.285146574262,0.0441069221860104,0.0192988474322264,0.00506886270076325,0.00729207705781504,0.0277929615606179,0.0424478176645782,0.0545137637253879,0.0376225669871108,0.0687696080044657,0.063256742513315,0.0425022460885018,0.049405723321914,0.0324809128390644,0.062204705091156,0.0568896352681096,0.0391798761645937,0.0522544650109254,0.036564631273587,0.0638245849194117,0.0587507268207077,0.0317463136959066,0.0485018384916617,0.0335777133977013,0.0606493762181895,0.0543831917141105,0.0413761806759148,0.000687897902860062,-0.0522770933930001,0.0395526920323803,0.0326547770746636,0.0407340611673547,0.0475845605580322,0.0298370571647939,0.0630888813090754,0.0565140460209377
frank,100,419,1.86088378090335,0.2,4.32094495382931,3.28394205567547,1.44542179907693,4.42470966780511,5.41452607712098,3.13453248013809,2.61975866492582,1.70944351023413,3.18505340618302,3.67546984251752,3.73131435869431,3.81021644629848,2.17822752127584,4.50630684538791,5.41750574204411,0.0143855178287582,0.0118080318891905,0.000940481664426135,0.0270339354605407,0.0257204965804578,0.0295106261267737,0.0209432571814759,0.00798259866868302,0.0286530857911352,0.0364821945539459,0.0182912729438113,0.0148831495041369,0.00791102353481789,0.0163038469776951,0.0238507923663435,0.0199107035787317,0.0178497441165058,0.0107348961395582,0.0180736137364713,0.0257315615620291,0.0243904719910101,0.0232063644571002,0.0151311540385424,0.0258070685728845,0.031267856725723,-0.00167140287701637,-0.0086146725724164,-0.0198937243643389,0.00607713023740184,-0.00739516221536493,0.0205035040992834,0.0174666274268904,0.00847836312423977,0.0224656632080058,0.0263409358193918
frank,100,420,1.86088378090335,0.2,2.45622364802139,6.23843882727869,5.64907831170226,3.90814126156208,5.8510864661155,2.20934005434192,4.08276875088237,3.79186069464215,2.92898733431099,3.8904955660003,2.57110784741411,6.31745942976529,5.6985840806891,4.07360811423989,6.06982701283061,0.0148942176116866,0.0207404283854623,0.0157964295398822,0.0146794905610471,0.0208799155918362,0.0215177415807287,0.0343087821284214,0.0256232907556936,0.0278366681581857,0.0373878881550709,0.0120331623253147,0.0307981789601019,0.0280989136133766,0.0170207911273074,0.0283868027365046,0.0142618541473258,0.030888321604907,0.0253372975862853,0.0202269258960437,0.0304026712702686,0.0123372831966682,0.0342821130561979,0.0316054190354345,0.0207804043505118,0.0304618582205932,0.00559266591489874,0.0300951822009538,0.0308559820781757,0.0183570606223533,0.0166334249639596,0.016001244390478,0.0335319625439787,0.0284582520096649,0.0223191388062433,0.032764458827761
frank,100,421,1.86088378090335,0.2,1.20300420991022,2.99356718160014,1.80335284279743,4.67889871745514,3.6535311732089,1.59148637958359,2.47638170678276,1.88770138455159,3.31031662449965,2.80437789852153,0.377715934349336,3.12877313297269,2.05318454237721,4.98060640974074,3.11041891542319,0.00839357773484736,0.0228390995127761,0.018674549795813,0.0249271969843594,0.0175862285055161,0.00853308932073768,0.0183277565514978,0.0120418895591738,0.0287420651320934,0.0185570211572137,0.003971405881167,0.01689267837958,0.0123012477181967,0.0218216438803907,0.0136064334565707,-0.000130084131760349,0.0158180540892906,0.00990903431052034,0.0250056740249252,0.0150367344312494,0.00179776327009295,0.0206146851734325,0.0134029045510965,0.0269610179958868,0.0175567736584652,0.0153003500273367,0.0238713745989008,0.0151897324936088,0.0328834528502487,0.0215910934387923,0.00321170571252139,0.015454579557025,0.00882299569043364,0.0232236745434673,0.0152542142647826
frank,100,422,1.86088378090335,0.2,5.45610017422412,8.5011323524282,6.31763587521386,10.7357750755304,12.0391741067446,3.69484304616341,5.20104944313237,4.12028338678415,6.30823196992484,6.95276825868681,4.90924762217,9.39060469290417,7.64721693114287,11.0827599104134,12.388994525786,0.0216322488335313,0.0519480327277107,0.0415796606500372,0.0617421780152108,0.0655594597902561,0.01257144324869,0.0426752713354449,0.0377301718978638,0.03946882108536,0.0505931428297014,0.0249803232215537,0.0468367949507956,0.037361522520608,0.0530207604634272,0.0607051352862873,0.026907063881534,0.0446824391080042,0.0336219915157426,0.0538518536822204,0.0612561358920101,0.0243465623713818,0.0454445690737711,0.0360518402681943,0.0536409164571448,0.0608285326475483,0.0312738088044919,0.044699383682236,0.0287964319554942,0.0543989725328501,0.0684278917939529,0.0313222526841675,0.0473173857824099,0.0348114513125826,0.0577912897807169,0.0651805384046245
frank,100,423,1.86088378090335,0.2,-0.0678764685675706,0.876556804362133,-0.518349153008595,5.46998961175543,0.866073012629237,0.965411833478532,1.43004639530231,0.739606213081511,3.70354653345715,1.42655539881342,-1.71103100067794,0.721602555105973,-0.235678235750812,5.22875075234676,-0.182882496793078,-0.00422505752146713,-0.0328298708062975,-0.0454406125993757,0.00699730917099406,-0.000151408134353654,-0.00728340412149668,-0.00409455046460295,-0.0133598044480238,0.0223164840587651,-0.00258103579623355,-0.00959277204527788,0.00543242047475284,0.000494986202271441,0.0266046714272182,-0.00840004611187511,-0.00269960827427897,0.00682902686721303,-0.000953717954729633,0.0289794169120361,0.00371802071770148,-0.0047101294484606,0.00317060194894835,-0.00459930524979383,0.0291706339412776,0.00155446880318977,0.00470915212408029,0.0143225098890126,0.00720250535737859,0.0373436538248405,0.0134464424127259,-0.00645048618055341,0.00286687721114273,-0.00466808464575495,0.0264878319213774,-0.00116877084993579
frank,100,424,1.86088378090335,0.2,-1.93418463189062,-0.0499988078250881,0.128008274351398,-0.232965149263944,-0.809065578910448,0.0399515869583857,0.970419968990508,1.05857797939919,0.880116560757727,0.595221145660293,-2.40159465017504,-0.141505382643072,0.264056863925002,-0.363367788935019,-1.08850085633704,-0.0119048158219343,0.00973945323278443,0.0105834725178306,0.00607061839919233,0.00594404476850191,-0.00976040441195109,0.00302324199242224,0.00441325645467006,0.000110147937285574,-0.00532856588947637,-0.018426296849733,0.000797748202745864,0.00196153932400941,-0.00176571067987289,-0.00470381798478954,-0.0259091067433384,-0.00265770656350288,0.000721949953369627,-0.00712447363699661,-0.0118071199817296,-0.0265709669518645,-0.0163092651473709,-0.0160711355359835,-0.00945612913891454,-0.018417766244834,-0.0361795717797398,0.00129370758200929,0.00905007478186055,-0.0168625988212688,-0.0346363181129907,-0.016264888298508,-0.00135178987501433,-0.00068622355493805,-0.0019191554289474,-0.00624692021085681
frank,100,425,1.86088378090335,0.2,8.38651527218796,5.2630369307425,1.81757174006382,9.27604222156691,7.68236432937101,5.14609997129145,3.60118281467521,1.8957766011176,5.58811993978883,4.79856946207006,7.42653306048547,5.32971783643316,2.05666021447723,8.79726915560718,7.62293522804674,0.0468003264033591,-0.0245767600396273,-0.0295797087026646,0.01533873336356,0.00560321609411492,0.0429398378184979,0.0256178752762568,0.00775704622073391,0.0460400496666411,0.0378521913675467,0.0492221316513739,0.0239188341274785,0.00174759439192866,0.0498960377319462,0.0413360818948105,0.041814621676361,0.017259525438879,-0.0016107711460326,0.0361890297567435,0.0302565630744921,0.0408413059161408,0.0139082797877109,-0.00596949556860395,0.037844601544839,0.0282317249989425,0.0473682401691896,0.0342636368101638,0.0181582949282874,0.0562811886632275,0.0480244004296521,0.0432326666908504,0.0249716149449179,0.00627569354952849,0.0454771397278553,0.038478719047715
frank,100,426,1.86088378090335,0.2,-1.87148729283553,-1.95641697694001,-2,-1.21848724872756,-1.70826318285539,0.0714229745312373,0.0265511997932596,0.00141197232281071,0.391019351704761,0.150123823480126,-1.94909756168322,-1.74374163334754,-1.94323346243741,-0.859305910814033,-1.76560669118721,-0.00403028006109142,-0.0194049892055363,-0.0238440675203393,-0.0132393224442617,-0.0302838184139553,-0.0345681288829346,-0.0184128999763708,-0.0121940677074856,-0.0147095233611835,-0.032302207406716,-0.0272481290002632,-0.00974906843405584,-0.00739366791115902,-0.00444375301209226,-0.0125708340072543,-0.0247356861154187,-0.00825593714318957,-0.00387894931684186,-0.00442657585417761,-0.0103308241926322,-0.0284202497814599,-0.00781938215087457,-0.00444174350217636,-0.00546790976135207,-0.0128917747094804,-0.098119328397502,-0.00168689055488071,-8.70829958310008e-06,-0.00401327795405596,-0.0145833511497507,-0.0169524600603416,-0.00995891663805332,-0.00471805427665816,-0.0051984303208529,-0.010694665184329
frank,100,427,1.86088378090335,0.2,8.4818903940537,15.6989915480074,13.9704293991312,14.0262029704263,14.5627303816457,5.19451389511683,8.76639921603672,7.91139819263736,7.93827071170983,8.20408750015488,7.11894020612385,15.6826232092163,14.3573735140283,13.8781861015763,14.1746641646772,0.0512079723025361,0.0849283310162237,0.0738789244445406,0.079006915574803,0.0806763529868433,0.0348650039535219,0.0661807083853384,0.060792409953002,0.0442930429965996,0.0592080034499208,0.039862253351663,0.0746760029604713,0.0613079707056925,0.0679324610022107,0.0719093457320472,0.0417060356610433,0.081495047441711,0.0717729112408902,0.073682779497027,0.0748903742080267,0.0407578800244277,0.0812231629148248,0.0722285039455354,0.0731973455766726,0.0726252218737894,0.00138683582216423,0.0718246729101033,0.0740183328322206,0.0548070654242113,0.0554934697445207,0.0403455517941921,0.0757018348181239,0.0647263862372898,0.0690816981845471,0.0718531627823296
frank,100,428,1.86088378090335,0.2,1.4481857765773,1.95646813627493,0.269913476778106,5.89474577117192,3.41380643381303,1.71272181250736,1.96350457129068,1.12927790344147,3.91281417216655,2.68511518895751,0.626207295875185,2.16368622599656,0.702302999381744,5.99512356210208,3.19718454162054,0.00701156165642568,-0.00476703564173722,-0.0471264040888101,0.0394595144879077,0.0270619601137145,0.00403814390796024,0.00957483744294369,-0.00413070677010509,0.0336585956288848,0.0176939761615696,0.00256761143605845,0.0164770055783934,0.00805160702510845,0.0337251484724382,0.0207485452294707,-0.000742164286227241,0.0080668214702636,-0.000727740661127304,0.0259337433485683,0.0123357662677025,0.0028225840534895,0.00905964877416128,0.000898316138670467,0.029901943283808,0.0131210103684531,-0.0240141527353246,0.00876548641379947,0.00674400368652556,0.026419014581481,0.00524498431234649,0.00689984042209957,0.0101458319296717,0.000320526822345433,0.0298372921009981,0.0172417906008604
frank,100,429,1.86088378090335,0.2,5.4145938808525,10.247925525058,7.94273583436827,12.2953866336638,8.67865894110376,3.67631572251473,6.06865698352324,4.92793100167763,7.08193709030416,5.29368702053458,3.87605331808812,9.85047657344071,8.12298613910285,12.0535925562221,7.37574171759265,0.00102072919915815,0.0411626346225182,0.0376567506312946,0.0455296278730937,0.00470596565025926,0.0270089280555532,0.0408870976172598,0.021392292534889,0.0575755610119074,0.0304279172725341,0.0241986719862007,0.049233854310895,0.0362193399408921,0.0607718062158998,0.0392907683178104,0.0253417854606168,0.0510315564277508,0.0383848073186481,0.0611888280502359,0.0413671818061248,0.0310506281469605,0.0522959580898131,0.0383903928232836,0.0656855618698878,0.0413966189049673,-0.0472508363599742,0.0611826149033285,0.0386758151410906,0.0687680044222132,0.0504272551027636,0.0256509959398948,0.0500826637072952,0.0381365563732434,0.0614499647810499,0.0388766202945495
frank,100,430,1.86088378090335,0.2,9.01818211819292,11.3726368057776,8.13949007313737,13.5602334489133,12.8521025406717,5.45924630819369,6.62470510968985,5.02529897023824,7.70713558720704,7.35689629619775,7.61647007409104,11.3835489659645,8.38505829080173,13.6189194664158,12.5529588154217,0.0399146078966833,0.0668543912605185,0.0484308680123665,0.0755890780318624,0.0646200721907985,0.0538044846562541,0.0578130870638945,0.0364172210972682,0.0744679279477706,0.0686675430730679,0.0427466219536873,0.0623770004721571,0.0485569661731712,0.0686122616279338,0.0645243834793894,0.0447353735885183,0.0494508301096267,0.0294851485179064,0.0614680363530645,0.0590659767811549,0.0471160090868866,0.0621355690497691,0.0457983401347211,0.073946482274795,0.0694730104058598,0.0405235197936853,0.00252802670082718,-0.0268537733867622,-0.0203281237881332,0.00587134516562822,0.0413037703870341,0.0558006848794239,0.0380295300601031,0.066856466224046,0.0631005680629649
frank,100,431,1.86088378090335,0.2,3.10481357440537,5.21832421489,3.53755725520468,7.36599095177291,7.22960487074666,2.532815489072,3.57666476072836,2.74435718317639,4.64101296094966,4.57340516768637,2.12749484604055,5.77416551754904,4.57864598205346,7.42937183686575,7.0818198673295,0.0105681100537481,0.0236083647751151,0.017969894755984,0.0340637593460233,0.0350632435631185,-0.00902328767969024,0.0275770319678111,0.0214409727831269,0.0306369284159989,0.0301788330214219,0.0143210315451245,0.0331333316200545,0.0238502190398478,0.0416925755034572,0.0383297185636728,0.0114384016457088,0.0268970978376862,0.0192556875088161,0.0345985527616905,0.0323702768198887,0.0161445067391008,0.0252134922334437,0.0168945753072463,0.0330168678718815,0.0338314736173435,0.0234604628302423,0.0326317837480488,0.0219888286724633,0.042428311432935,0.0440646623143186,0.0138274235436358,0.0289509990642858,0.0211055381077451,0.0376039986787385,0.0363556146426185
frank,100,432,1.86088378090335,0.2,22.822508409234,14.0043659094141,6.77027844560648,18.0503385545051,19.5565070558768,12.2903736981752,7.92831957471111,4.34868942457145,9.93006107797218,10.6754792963078,21.8758168643033,14.4074002186107,6.62892736692647,18.0722567804618,20.3174247304374,0.110890703155177,0.0751538072007185,0.0230234310705786,0.0997321254874647,0.105854316452212,0.119655269598431,0.0533258617806573,0.00636059452940178,0.0853416438707786,0.0930785198273301,0.119833993151754,0.0694090634578967,0.0279111399570341,0.0934985519825935,0.0999969375935168,0.117348679585593,0.067893205383711,0.0268332958672384,0.0891597220247722,0.0974957499179953,0.116067095334777,0.0715810626262714,0.0341692332418489,0.091888200027443,0.100259604506031,0.0952748873595449,0.0738968770526927,0.0437132257986954,0.0656850037147856,0.0984317941395406,0.116789383642995,0.0640856680465701,0.0252061215556732,0.0877685166248554,0.0954302007275397
frank,100,433,1.86088378090335,0.2,0.6251342326124,0.548657572712084,-0.555173136611092,2.3588723672938,0.622631164560517,1.30515306079168,1.26756093518303,0.721283370799986,2.16313179218704,1.30568298769384,0.0737162996242215,0.419899841244677,-0.47295641712244,2.20602493515316,-0.13570111087654,0.012782897035004,0.00102755821604319,-0.00771310901508825,0.00763680276462469,0.000639243109785113,0.00761781615124579,0.00762852786730329,0.000502952239195826,0.0162743858622628,0.00356049562234619,0.000161602981624311,-0.00586097343022013,-0.0115618582365744,0.0021596352766839,-0.00832960093133617,0.000731865982115748,-0.000795380505055355,-0.00640159304804112,0.0101041261023597,-0.00380676315417668,0.00435269411986186,-0.00415751104425836,-0.0127120405134428,0.00956557826986197,-0.00446097739344787,0.0129009108698898,-0.0107811990944958,-0.0328376487989101,0.0156763950195586,0.00433291543634744,0.00247263256296485,-0.000165116600754563,-0.00654028226412314,0.011013104573449,-0.00138848965053937
frank,100,434,1.86088378090335,0.2,15.0034254324372,15.2726402863031,10.2015746173948,18.9229224338748,17.44148518861,8.42225519831208,8.55552901225784,6.04617515837818,10.3618317583816,9.63016539160717,13.1284064985176,15.459732587513,10.5589617868322,18.949378883939,16.8187929541669,0.0710394187144359,0.0863631936517824,0.0606485821335431,0.0993896872169837,0.0970363206040196,0.0681374273320439,0.0824234692587809,0.0584998307875532,0.0969473068524351,0.0885489254390529,0.0805513807791131,0.0708313129202496,0.0369673511200441,0.0989661541286795,0.0836364713867011,0.0659763371877451,0.0704921746645533,0.0433452149751568,0.0905835255308999,0.0789839400916746,0.0775103458491516,0.0766134273070461,0.04734849370099,0.0989737915421406,0.083081031363229,0.0774740699225098,0.0854859607331732,0.05948371414684,0.101995606891226,0.0957543819553451,0.0745941669772674,0.0756543093295279,0.0491517675480981,0.0943286732398749,0.0840733453360827
frank,100,435,1.86088378090335,0.2,-0.853560346692625,-0.0544080601286152,-0.592317516733815,0.84199635490722,-0.37815194882253,0.57458887527099,0.969307894012827,0.703331622289269,1.41274880749864,0.809295350737556,-1.55071197213302,-0.311665715090702,-0.647836354904286,0.512299329994774,-0.841289740386336,-0.0147349458422881,-0.0481620867954393,-0.0538836282237591,-0.0247539236584692,-0.0476489613766175,-0.0157249012554822,-0.0133067932025117,-0.0156588276770911,-0.00670434029162939,-0.0127136980033607,-0.0109311593110621,-0.00321258620618714,-0.00338548958493458,0.00192093703596486,-0.00740931410695644,-0.00932031310296743,-0.00310498225968943,-0.00445916442883698,0.000599994876276374,-0.00567911213935651,-0.0121219101686548,-0.00185529405378927,-0.0042394601624336,0.00407030450155735,-0.00405493622609139,-0.00380200386591126,-0.00034982098593922,-0.00226596283650216,0.0026371545091827,-0.0044899365505085,-0.00775310132608142,-0.00490923454502944,-0.00803576522508742,0.0018445240108292,-0.00669818633346033
frank,100,436,1.86088378090335,0.2,5.31373574993906,11.5799166991066,9.54316707096251,13.9158782568607,10.5553106158222,3.62819720134996,6.72731385362046,5.71867202490741,7.88496613289746,6.22158286519335,3.16972799320321,11.3971531989993,10.2359992838498,13.3629014694642,9.35253578110116,-0.0992159037012431,-0.0436409832555364,-0.0316213754850205,-0.0433266919947291,-0.148282254500702,0.0202712468557854,0.0589281784741044,0.0519202285617243,0.0666146911359574,0.0492321529452988,0.0231244172156523,0.0572945531111549,0.0472029380610628,0.0679165797319883,0.0484015889288298,0.022006198876176,0.0631321223113085,0.0538900680664501,0.0716485764018326,0.0544453230464803,0.0204417372446921,0.0582200503654221,0.0481615864109024,0.0710593796995849,0.0530238580398033,0.0262409839262574,0.067021041062212,0.0576557459460919,0.0781737125169643,0.0590624257134007,0.0191448427897564,0.0569754312768849,0.0481146864122508,0.064742062498815,0.0483231483839878
frank,100,437,1.86088378090335,0.2,-0.332764436316756,5.6093671046106,5.67771009429657,6.16476271119135,2.64127631009867,0.831896794305616,3.77335320771802,3.80829956480785,4.04703070146519,2.30541533378825,-1.16828690684649,4.96671535739225,5.46685646561512,5.9839487793875,1.43736974297363,0.0077661987639361,0.0351053231445191,0.0362649855092305,0.0344228712034629,0.0226639257301397,-0.00294683245492475,0.0327411518218296,0.0333463380103345,0.0366991536187567,0.0132395300870292,-0.016956447832808,0.0164767642921177,0.0184200698974272,0.0207362175740604,-0.00266895095681364,0.000169019343070477,0.0286523992237005,0.0276697875326174,0.0317113303043708,0.0108581123873872,0.00135062688933314,0.0319106133631381,0.0323046833810415,0.0333808154612416,0.0141611870320436,0.00822099326594097,0.0167946558839826,0.00687789660148514,0.024023474034197,0.0226910400765753,-0.001944228255387,0.0272419228236464,0.025888256968186,0.0317812759372398,0.00929519102239667
frank,100,438,1.86088378090335,0.2,4.51136630198631,0.969020098437505,-1.42457774471039,7.65348972161974,3.66878773291161,3.2299530393665,1.47591877031225,0.292637846769772,4.78337367192907,2.81172274301914,3.05730225897597,1.02301908750356,-1.70824024212906,7.83490115451954,3.55760488323792,-0.0061726171078029,-0.00655869279064611,-0.00831228063442758,0.0162156536091135,-0.00245651162790539,0.0132388689357783,-0.00228574596617123,-0.0142363619364555,0.0296560032946557,0.0136491962449147,0.0220952164562143,0.00341635973674386,-0.016396678379887,0.0421884251576613,0.0221480497804154,0.0188340111988736,0.00092421732544888,-0.0164512482181684,0.0397036588527821,0.0169296637087236,0.00545048685958579,-0.0217437081967231,-0.0332774536240184,0.0216478479755223,-0.00318664045644123,0.0319395383243651,0.0148327694757336,0.00271056669152444,0.0477173823728603,0.0280348897489857,0.0199354405038985,0.00249559272861341,-0.0131899951396397,0.0390804608487934,0.0178417043989869
frank,100,439,1.86088378090335,0.2,5.43704696372346,21.6021901176386,22.970474939828,15.8516011834381,16.032021736799,3.68768271100432,11.6884806358514,12.3661660821691,8.84255766954812,8.93181934123619,3.90886770742328,21.1425290404488,23.2273327586502,15.4194898882709,14.9094333244891,0.0346925512954935,0.114524300490581,0.123368459968334,0.07858065768951,0.0872339324552797,0.0354230287363962,0.116044250944532,0.12159874088794,0.0883770395996277,0.0886469042003993,0.0134654042270922,0.101556877647127,0.112686005869274,0.0630245652124111,0.0617830188913104,0.0233841079123954,0.10785601285139,0.114623860928577,0.0779853698779767,0.0775716893539998,0.028851745572899,0.108630151777797,0.113805429359916,0.076449996603514,0.0805912881744497,0.0288750501185919,0.0916453987698602,0.0948913219281368,0.072426085222152,0.0743584154257472,0.0227909299508199,0.105225036815668,0.111842178589522,0.0737112362297188,0.076038601067682
frank,100,440,1.86088378090335,0.2,10.9846938139025,15.3620254804139,11.6954869642506,18.0697530216468,16.3548069464226,6.43326293016202,8.59964643335504,6.78585149368474,9.9394383321408,9.091008882748,8.99365543212349,15.2298663205743,11.9843001837,18.0383439541226,15.6126343940458,0.0580072151152635,0.0514647056029797,0.0305279062493112,0.065531553788691,0.0750074050429451,0.0598467154787482,0.0787482108597006,0.0595030128968465,0.0929449311087944,0.081200535921069,0.0500795108966823,0.0785269124898808,0.0589002838632244,0.0904965141650421,0.0840386065565305,0.0507006242554008,0.0732230213908719,0.0518629960097017,0.0878697651354089,0.0765782063057591,0.0469252739744882,0.0738933802945829,0.054930947604132,0.0897265670933434,0.0754015544509939,0.0646265560226735,0.0610078192370467,0.0401657225854866,0.0652742124636619,0.0675982318307608,0.0533309538866463,0.0768731664169805,0.0563674874757075,0.0912661651565012,0.0817194149422724
frank,100,441,1.86088378090335,0.2,6.15123443405249,6.57954201085454,4.59643623051949,5.05476065571024,5.75686799817165,4.04104866119093,4.25299875960429,3.27123273569215,3.49820290985619,3.84618879875373,5.25752051490228,6.37318252497958,4.5294388174617,4.65976773556785,5.31148551353464,-0.0238758261688067,0.0399599003250249,0.0329150107360237,0.0252635068580809,0.0246236961506804,0.00320930007361405,0.0115462211179303,0.0103049801547324,0.00550962281702352,-0.00300904934108781,0.0306246333035265,0.0343012765169765,0.0256747425625574,0.0250115693123548,0.0300055992111017,0.0285604027397361,0.0317853853027486,0.0222415112600068,0.0224447927280732,0.0267033484149328,0.0273274999330737,0.0301282722509219,0.0210977973955987,0.0205340410806543,0.0255980363733593,0.0371898358701408,0.0161350760799743,-0.0145334330513444,0.0147713571677318,0.0240003746286871,0.0276029081830236,0.0291558420780839,0.0193544137509546,0.0211651880952037,0.02441575713062
frank,100,442,1.86088378090335,0.2,11.7753479559733,15.3221184488321,11.910081778758,15.4055668117178,15.8549624008302,6.82394798056153,8.57991744456765,6.8913477418631,8.62149276326991,8.84382506765311,10.7321740130796,15.4772526198965,12.2599683415779,15.0890593119751,15.7387441073741,0.0647425568907521,0.056535408985538,0.0299096601081915,0.074242936482196,0.0784822053271193,0.0681367697834035,0.0862450914709677,0.0692441215783815,0.0861588301995497,0.0887422802438243,0.0548418035410113,0.0818774774073601,0.0647253039905553,0.0803303789134678,0.0827404985016977,0.0591019615796806,0.0684663825212678,0.048725790107882,0.0681922341548951,0.0701783572860691,0.059512608000322,0.0797336011878794,0.0630286519352757,0.0761591050473716,0.0805332086003031,-0.0488657247099285,-0.117934301856294,-0.118729160671991,-0.108953219108717,-0.112801190794446,0.0589935404259621,0.0738526198102151,0.0555821751917706,0.0743698648870944,0.0767776438290795
frank,100,443,1.86088378090335,0.2,6.60729277833547,7.79227029301863,4.8246994027755,12.3472467774235,9.9921941454555,4.26700169064333,4.85278451264577,3.38547403068523,7.10636547100914,5.94082188446516,4.90942139334639,7.77684694493905,5.04271803493845,12.5472966247083,9.69319794072135,0.0413959714672624,0.0474225254205134,0.0341234232683174,0.0695126318921779,0.0561784985993305,0.0218508635634432,0.0329332927508772,0.0174364794165423,0.0521307269596745,0.0450357861982264,0.026164828695135,0.036175780615784,0.0190458661172616,0.063166664646345,0.0482157303525984,0.0274343135655447,0.0408914822997432,0.0235060728552549,0.0657939322416968,0.0518661580580373,0.0353670448840056,0.0475005539769095,0.0326995457839673,0.0662249266648285,0.0573251165754482,0.0429057166824477,0.0458027100312213,0.0270478434114902,0.0717131969461352,0.0596141950591744,0.0310050626943183,0.0371688622367256,0.0205412109874557,0.0622027987673463,0.0496193543389792
frank,100,444,1.86088378090335,0.2,-1.23220843764915,-0.82401044246943,-1.11863666783433,-0.553342820606965,0.230364388184888,0.383513183380158,0.585805124667138,0.440163254221424,0.720466067636588,1.1075621754369,-0.635217568534286,-0.354202770180261,-0.621494968792298,-0.315131615844134,0.815806537345736,-0.0029807597316728,-0.0024631147612303,-0.000688950606535536,-0.0120882421098173,0.00169131911239103,-0.0181440025647823,0.00172286647849812,0.00267006857428482,-0.00758544347442048,0.000850372055631408,-0.00381339599914293,-0.0118787011273618,-0.0150666809802464,-0.0128934141829506,-0.00384796986949122,-0.00841848625971431,-0.00125170196925979,-0.00302721294932457,-0.00340356253003672,0.0031353332249567,-0.000732028977682836,-0.00342865197850408,-0.00612913906019503,-0.000455492407386597,0.00475271753410252,-0.0165481855348801,0.00119107894347729,0.00365150831422356,-0.00538961813303268,0.00092209176170746,-0.00306527844138301,-0.000691018132603342,-0.00314724767850113,-0.000519120956508532,0.0049743386112511
frank,100,445,1.86088378090335,0.2,1.00906339455303,6.84403966553244,6.88787870713871,4.15298255813032,2.22972006437491,1.49844963587557,4.38540402131318,4.40724100424617,3.05251428040815,2.10369162898116,-0.711432823337882,5.86422200458769,6.38446360353336,3.5019774739663,0.250970716100267,-0.00409075892844271,-0.0792888841958777,-0.104349276810604,-0.0283894639615993,-0.0414610620792546,-0.03123446545822,0.0162448025721657,0.0179379980233877,0.00607750273729448,-0.0207417612628097,0.00540986444008589,0.0337368483150479,0.0312092271350326,0.0232074811259796,0.0104178425880547,0.000942061129819286,0.0366157971238239,0.0365813624888321,0.0225416933547921,0.00721956254113265,-0.00708995516964342,0.0277991826081677,0.0273572455213297,0.0162790188218341,-0.000676779905177218,-0.0041146403912696,0.0342682998834382,0.0362962058729249,0.0247444244089255,-0.00840380082466479,-0.00144707532003287,0.0307579553934047,0.0304349609522253,0.0188688146374768,0.00345101655141977
frank,100,446,1.86088378090335,0.2,4.62868615984587,4.10341289244025,2.00930896083757,6.02325386306206,5.88553920098185,3.28727334685435,3.02579891168885,1.9889272567164,3.97660317790373,3.90901611878511,4.01949979169926,4.52181119918836,2.63387308482921,6.02451543006234,5.83883230011245,0.0298434488458918,0.0303540921868908,0.019996054596961,0.039825200971014,0.0343350263085285,0.0118516119443758,0.0152926823729498,0.00896759047961946,0.0179442391650057,0.0190896423795698,0.0130376721171266,0.0192965445414198,0.00986787618594566,0.0270655345458679,0.0242499638670798,0.0169721284878781,0.0195701618848885,0.0105756467131164,0.0280303109193366,0.0261074610812143,0.0206183906511125,0.0209213032034636,0.00980334071931641,0.0288084054584906,0.0274109383054593,0.0254072708526503,0.0304560757370777,0.0190569124488652,0.0400247882035231,0.0390735459316929,0.0218476055267585,0.0194152556779384,0.00942210255643214,0.0293711541529763,0.0271986462375199
frank,100,447,1.86088378090335,0.2,11.5244047050197,10.1812360994557,7.27371143115722,7.93024985761904,11.6593095231373,6.6993810186767,6.03534075211488,4.59717887790424,4.91985661925529,6.76616790865609,12.4065893703247,10.5144080700329,7.07016005495528,8.06449858023288,12.5037422071117,0.0404984506711854,0.0371152300752332,0.0308009622034736,0.0303532912084049,0.048652767816821,0.0562608098561666,0.0381285669384745,0.021625387228224,0.0320530423793832,0.0453153975302325,0.0586373700806256,0.0524441323884923,0.0348173632517938,0.0420701147511642,0.0613719950378752,0.0576379183336041,0.051925150712786,0.0358769058871451,0.041856260213625,0.0602672497112153,0.045488759141904,0.0434547726342841,0.0307948978955277,0.0317581003970979,0.0502893218087808,0.0630739143971327,0.0348871716726245,-0.0227922940668561,0.0429430833166788,0.0582889342610422,0.0587407883524884,0.0509625079804143,0.0346457918561284,0.0418672344227359,0.0598420709597611
frank,100,448,1.86088378090335,0.2,2.02978510510676,2.48572583276367,1.3247022094293,2.8423843619769,2.65259431259794,2.00217704715373,2.22628252935297,1.65191484564352,2.40244802192752,2.30863750820422,1.39483306336928,2.39843649375226,1.26025589961177,2.70413741065366,2.60900674922593,-0.0338992703223037,0.0162515679495168,-0.0161335408166502,0.0241536418788247,0.0205520032081823,0.0145838232223179,0.0127310363933433,-0.00727276441222594,0.0180587126801767,0.0192946647793461,0.0137470194285756,0.011842422778497,0.00375914127053094,0.0107449083454014,0.0131708395303057,0.00873711520696524,0.012901283754909,0.00334691919748094,0.017849061496575,0.0170655776392497,0.00135410217603305,0.00848001095011047,0.00326460482529183,0.0115845580920789,0.0106245028987335,0.00545501089692121,0.0202106836375023,0.0164599975319191,0.0225040589642813,0.0181779026836136,0.00645093844651009,0.00904533765387384,0.0019806596122723,0.0125164312762318,0.0114234406385753
frank,100,449,1.86088378090335,0.2,6.85612721110437,11.9211002379727,9.83898936890282,13.500139581633,12.6714487152203,4.39116201627356,6.89540347177129,5.86498353945384,7.67726120533406,7.26839811857075,4.9623449127682,12.1536291698471,10.6305551620672,13.5956054998977,11.6827122362801,-Inf,0.0108886717968733,0.0267395215855073,0.00246969302821792,-0.0322589389147143,0.0289416087658779,0.0444313781770061,0.029815083445841,0.058769439976139,0.0548146333943172,0.0228528483453797,0.0583259914711003,0.0507759691579587,0.0659491606737204,0.0536643871878437,0.0181194418752136,0.0576549582088635,0.0500939913171945,0.0616156988458226,0.0497470830990262,0.0270308507319672,0.0608352609914955,0.0497199966654389,0.0679446791846468,0.0603712686720987,0.0430030589197022,0.0655269431046429,0.0479433973954947,0.0773932216954001,0.0727872590037927,0.0302229213022325,0.0623566794015083,0.0511048059495291,0.0695146310556011,0.0627716350053311
frank,100,450,1.86088378090335,0.2,5.05726688843897,7.6343697572384,5.498849644198,9.58526010312148,7.07239337878574,3.50060743059577,4.77449395937218,3.71731468772252,5.74007974433364,4.49960490988563,3.30189955659066,7.59573333805764,6.02107945178349,9.46764100712892,5.49898431216598,0.0245221903433907,0.0393902708371373,0.0305787287361676,0.0540277922439177,0.0424496509079703,0.0203232205321692,0.034984645329541,0.0266364012699314,0.044656107677089,0.0274340399746178,0.0111181258778872,0.0342866374204618,0.0258434180563043,0.0446626013037427,0.0187635717192248,0.022890461443392,0.0399444443423534,0.0287639925223192,0.0500302316420652,0.0296959459490842,0.0202041449524956,0.0347151809510992,0.0266056538521601,0.0408779685914495,0.0224900891593649,0.0292721756926176,0.0457311465571173,0.0358215293785952,0.0572223410006666,0.045292094764009,0.0212454836769215,0.035991911024596,0.0252791991007878,0.0460838204291209,0.0264175971847031
frank,100,451,1.86088378090335,0.2,3.35391098272324,7.96832604355612,6.99271588500416,6.5575879780391,5.25382152874592,2.65800435086159,4.94081014938294,4.45835140566622,4.24160153272288,3.59876325386752,1.75964204595382,7.40189073860463,6.71012436664212,6.34945735190736,3.91880801139472,-0.026930032137233,0.0351282531057444,0.0399866616211853,0.0118378631319848,0.0208105381193628,0.0119760099665135,0.0436015857485369,0.0415665336526381,0.037925236371602,0.0261172502428055,0.0100018401839058,0.0250354529032575,0.0172595433071776,0.0260638847559635,0.00983523039981194,0.0109766346887142,0.036508693840623,0.0320845391266649,0.0307503694129121,0.0203012915131573,-0.00155989306688244,0.0398222584177261,0.036806906773573,0.0288438006876517,0.019098037481616,-0.0953091962303229,-0.0480929543347539,-0.0482806438789633,-0.0218710071681626,-0.0395273921228241,0.0141108843623549,0.0352382025732277,0.0263657002769077,0.0326466015031835,0.0204995128379493
frank,100,452,1.86088378090335,0.2,2.04139952352488,3.03276064946237,1.96050254926327,2.47666271452433,1.75534597205473,2.00442451136411,2.49794213952704,1.96742203093329,2.22217645338979,1.86556116733498,2.08673410080492,2.58003806195592,1.59508745167045,2.08128215186437,1.31919477453217,0.0183640605973588,0.025126199260926,0.0152851647546332,0.0191679984858557,0.0187736273432734,0.0111824053489151,0.00249382636945607,-0.00964617023699728,0.00492705052960367,0.00107280784665587,0.0111333077180361,0.00921476411140546,0.00643168424848303,0.00150841739077709,0.00221797116530257,0.0122006301826452,0.0116813329859157,0.00581407015229189,0.0120069739799001,0.00680990268331691,0.0124617577820701,0.015307772447372,0.00778327674864092,0.0112878378604296,0.00981173134191596,-0.00156025189434049,0.00171990984363209,0.00280051835642712,-0.00697332549683823,-0.0192430828118616,0.0131025180562023,0.0130701757681504,0.0073077040630476,0.0108294554522729,0.00670684882289577
frank,100,453,1.86088378090335,0.2,-1.79251523722948,0.574694517766104,0.698303160292176,-0.571604061853696,-0.352204221572213,0.10732195001212,1.28042322081717,1.34317514490951,0.710950532164593,0.820110696176637,-1.43612231315543,0.493181037438331,0.511355508024335,-0.109632269854513,-0.188675853821798,-0.00112315067330735,-0.0141085087662938,-0.017016043093564,-0.000201246280955379,-0.00472945093961192,-0.0172161331023528,-0.010302011211885,-0.00945678359300054,-0.00626641916307432,-0.00960179204098584,-0.00460276623615,-0.00318090732841137,-0.00667867877064097,0.00343391777050892,0.0017561306905281,-0.00653234279197378,-0.00088917008765076,-0.00913157066059845,-0.000966476274721593,-0.000531720776413405,-0.00852583779154983,0.00654456943515457,-0.00522669634295693,0.00142727966149492,0.00321297625670913,-0.0465525455922406,-0.0265961993886926,-0.0236060253187109,-0.0163732469048639,-0.0242542243323254,-0.00798190465721431,-0.00474333982881769,-0.0107022086864074,-0.000294636544821887,-0.000406454980889435
frank,100,454,1.86088378090335,0.2,-1.00412350896436,10.3377731938192,12.3455406536235,5.47386870132297,4.85834011519007,0.500499755392485,6.11246834974396,7.10597429421456,3.70565970590072,3.40141436819617,-1.91633969406446,9.77477880337819,12.51058890897,5.07645977849791,3.78368616971423,-0.00348056264177092,0.0568149865514532,0.0646829926597378,0.0332188566421765,0.0294207213497225,-0.0474507585438747,0.0210045603229175,0.0435077886022099,-0.0106826038634577,-0.0287870434316064,-0.00563731338737258,0.0579567879683318,0.0687362738076696,0.0313371667661954,0.0277544175780114,-0.0194167157777795,0.0482420952785013,0.0598398228391596,0.0223557192879503,0.0149992455094424,-0.00593279013976155,0.0469641807436954,0.0576929237963591,0.019745740585031,0.0215318788311175,-0.00762670379002884,0.0191402020651655,0.01880425653407,0.0132067064763351,0.00454181897722126,-0.0151969515945916,0.0484817954236267,0.0590791839584493,0.0224315617827728,0.0178325809373474
frank,100,455,1.86088378090335,0.2,7.25667124136704,12.5372529742934,10.4651750090593,11.1964042422081,13.5148652343791,4.58579795909548,7.2001330106418,6.17527257967481,6.5364291740728,7.68356674288689,6.63752408300708,12.7863764383351,10.8451621052166,11.4696864512554,13.6624005154884,0.0410813337721488,0.0257463773903043,-0.00856145167471488,0.0472981803673702,0.0489548088764252,0.0374324431784968,0.0589036965048586,0.0485599312170519,0.0491350807094447,0.0656036668699845,0.0415960013349789,0.0578049956273461,0.0426475488301923,0.0536874423639752,0.0676097323964164,0.0352933370796419,0.0658333666290567,0.0533758327604863,0.0595097564357548,0.0711648169127242,0.041223655860154,0.0651639298844255,0.0546448826300956,0.0589878937151843,0.0703502015967867,0.0213041552388133,0.0176151148045475,-0.00221536202144186,0.0314733142601105,0.0332612736042963,0.0379045796533977,0.0652523271712632,0.0535441569017904,0.0576627012450387,0.0706792864745673
frank,100,456,1.86088378090335,0.2,-0.641729136700182,1.95066523240796,1.62574144839494,2.30749895306009,2.03460626466715,0.678524308491784,1.9601118720176,1.79964757482148,2.13694356538458,2.00218676485798,-1.14367646604724,2.14349602750136,2.07380085926583,2.41046512812712,1.87378598051134,0.00112553617170094,-0.000470324056679319,-0.0108800902062531,0.0152923558396628,0.000639955372902272,-0.0120148274614264,0.0188948947560819,0.0158948392334712,0.0160800909189927,0.014462344170621,-0.00448924937302626,0.0137388620275946,0.0105448138772091,0.0136725660363255,0.0121607808140327,-0.00505459874030238,0.010831329401493,0.00681412154912641,0.0128080126885649,0.0105274715053676,-0.0279771911303971,0.00440367620029463,0.00886511915558985,-0.00321780804609644,-0.00680299391849802,-0.00424297708297648,-0.0191326253286644,-0.0427284972136784,0.0121545797495524,-0.0116379761874857,-0.00635682176397816,0.0112324758362014,0.00948893784891588,0.0116421119863665,0.00919935942871293
frank,100,457,1.86088378090335,0.2,2.91131559898304,8.15900452466907,7.5186231368031,6.15632982386152,6.30826914028705,2.43832930457518,5.03368166829326,4.71611027775526,4.04334596979108,4.11947897696585,1.65062353121478,8.09265313458073,7.9535160038422,5.78983031202716,5.41014136907754,-0.0595329891882413,-0.0690094807554067,-0.0722716267479874,-0.0486238196487734,-0.102358346978967,0.0108323848088115,0.0394630129731753,0.0341288775480639,0.0353469304758196,0.0281955073488905,-0.0161900699922391,0.0258720401815767,0.0294994283720296,0.0153958070387518,0.00101654020817543,0.00361037713181998,0.0338444651636897,0.0312186081133975,0.0244882162213317,0.0215659633283648,0.00837995782193193,0.0388314944951603,0.0379959825880002,0.027349402267458,0.0202500870320115,-0.0252721940536246,0.0389344187035384,0.0402473210201199,0.0288519342968286,0.0109858426369255,0.00940336164745357,0.0407294521967351,0.0389813424713765,0.0278499625459819,0.0273827857819341
frank,100,458,1.86088378090335,0.2,0.875493901303907,7.25564697385458,7.35890805553144,3.96489156966408,5.03059141800444,1.42838563865052,4.58656848490202,4.63843102575537,2.95718937393706,3.48502157410589,0.463972243861019,6.98866713463433,7.27354959882403,4.07084215829453,4.69027464056723,0.0117244802882013,0.0462452060773364,0.0467939958352847,0.0295375725547699,0.0351492825003756,0.000422969949174832,0.0198317683946425,0.0184368755406048,0.0037490572625405,0.0140789182599888,-0.00173454158751305,0.0387209969025014,0.0386670269388033,0.0199537018848981,0.025458597357561,0.00534800794519606,0.0382166802590086,0.037279531368311,0.0226572498225801,0.0282858551017988,0.00242375329927914,0.0328634321090593,0.0333483369506413,0.0144531907643857,0.0209853131549602,-0.00869564545849382,0.0237370009257783,0.0262956123878208,0.00379374498827283,0.0139444288218274,0.00477890547469406,0.0389268609364745,0.0386716584327413,0.0223721608175989,0.0271750134327615
frank,100,459,1.86088378090335,0.2,11.6191089859182,9.75280530609658,5.32800439603977,14.9032524540034,15.7652223382208,6.7466652818654,5.8210571005473,3.63110233019011,8.37095401669775,8.79727613550715,10.0797883998871,10.5260711280357,6.34866285933172,15.3196652401462,16.0721415060987,0.0254558449628795,0.0547059386043848,0.0350831786845522,0.0769209013700465,0.0718508601279192,0.0576941437654411,0.0576276613499995,0.0361838541911458,0.083975405755357,0.0854010111427861,0.0539675600404387,0.0513346769735119,0.0315825697820707,0.0727304344989869,0.0788276113512561,0.0599073090659894,0.0507497681889802,0.0261187442135234,0.0771573119058018,0.0823674755502165,0.0512166021527858,0.0507024667249765,0.0286003228385485,0.0732123851628297,0.079370929626258,0.0398253740361828,0.0435522478722877,0.0290754486888071,0.057395607216822,0.0667375573403041,0.0590616093381239,0.0525624121511286,0.0297346968413805,0.0776090515282771,0.082455291515483
frank,100,460,1.86088378090335,0.2,14.0541192732522,13.1123344568272,8.80042607995866,14.7671248605939,16.9186971142796,7.95219918046874,7.48512362022262,5.35089633904028,8.30464598140796,9.36945847509071,12.9728360335306,13.7517659279637,9.55511341082921,14.7900035549426,17.2544029581985,0.059677180377873,0.0497447142895335,0.0394506328244499,0.0494875809474748,0.0624174612583993,0.067183637826058,0.0703801757443745,0.0474474899551402,0.0744840782906762,0.0873090440290517,0.0655850448328087,0.0595410229141932,0.0354510355969449,0.0694517027684774,0.0775493087944686,0.0644822054574097,0.0565351875780276,0.0337914678135639,0.0664096986354078,0.0779292414918667,0.0727143890199875,0.0607449790963012,0.0399812787346481,0.0660871455105323,0.0802842482146337,0.0666361255313558,0.054734672715506,0.0349080983321349,0.0763950275948889,0.0778337379439288,0.0670064534035671,0.0673074551434726,0.0460210834392482,0.0737530124812663,0.0848131956323119
frank,100,461,1.86088378090335,0.2,4.12486970222198,4.91453709863358,2.19757998034244,10.9162498515362,7.2452630815424,3.03737262139923,3.42814157676891,2.08483558079623,6.39824125014243,4.58108817931482,2.9353040801768,5.01060672619994,2.45289897172944,11.0990660085139,7.10067076901172,-0.0134487594461018,0.0105442335974338,0.00362521937674885,0.0342432099922749,0.0182215920207504,0.0223958341547708,0.0256391515935913,0.00635827377557061,0.055013587109755,0.0399540852014338,0.015725877636151,0.0139590928339648,-0.00443070962737397,0.0467725790578416,0.0279244633799358,0.0178564312878215,0.0136537646721766,-0.00711264603120722,0.0487804368392695,0.030878871736053,0.021030496941241,0.0278854703222925,0.0128135256327671,0.0595983503457653,0.0398743155866418,0.0299951720032425,0.00240650604910453,-0.0384222685196236,0.0482580665830046,0.0240464194550166,0.0183960693734095,0.0237137771788543,0.00780450381245952,0.0553653259087991,0.0356014503059954
frank,100,462,1.86088378090335,0.2,7.67202812875037,2.46411813521659,-0.297379506941319,5.61702277510482,4.85583821050311,4.79534321877427,2.21615361229126,0.849631834217793,3.77607482795907,3.40006905729303,6.04537359967032,2.38440216474524,-0.403048548533307,5.3674703834064,4.62533499240734,0.0464014943533837,0.0107590226334375,-0.0037987021414492,0.0356212536204172,0.0235197602897493,0.0384648741041626,0.0183158779919819,-0.00153018016237551,0.0360996170744132,0.0338607577539253,0.0313189689062879,0.00393318847114766,-0.00861600991364857,0.0244773407200335,0.0134729006584271,0.0332540657615399,0.00759933551195989,-0.00792936295880618,0.0248080017221581,0.020734967987951,0.033690687287966,0.000269244057399978,-0.0135674545929319,0.0213144872115115,0.0131470883984066,0.026891308388282,0.0219178094929635,0.00689869187792587,0.0297943479123799,0.0172448051423039,0.0314083574020928,0.00958111141755811,-0.00439580765693797,0.0258360535624322,0.0207472588257221
frank,100,463,1.86088378090335,0.2,4.58421538474132,17.959094737833,18.3080458253447,14.4305789188981,13.5872545881477,3.26376126468953,9.88492648265441,10.0578663753828,8.13928401208398,7.72172497527376,3.75760873966117,17.5613454175935,18.5785753310044,13.8817787343237,12.6553123281409,0.0302572686956509,0.0947431448128365,0.0891289676240571,0.0768202659103096,0.075607489453041,0.0254422525917901,0.0934493973946791,0.094225618824667,0.0713685291704947,0.0695765500118159,0.0282568442608753,0.0872055064860326,0.0850039121485334,0.0698082240537295,0.0667140316938454,0.020893400277271,0.0855756299001184,0.0873192563512482,0.0657671011023261,0.0620135747225468,0.0226538256546941,0.0906146678699035,0.0916057807256299,0.0725435563702136,0.0671919907937994,0.0219361863343496,0.065012084958513,0.0635757414393714,0.0521308211300044,0.0513347919844273,0.020732851075724,0.0879131825222456,0.0910852221553922,0.0669466099899323,0.0627172648864831
frank,100,464,1.86088378090335,0.2,5.00126953900335,6.41907658934937,5.07425189693413,3.11762590525278,5.03729195769295,3.47046260759428,4.17348770060349,3.50811549644574,2.5387523614186,3.48957082497816,4.6826725152863,6.12906971994291,4.66424154205135,2.89034929959856,4.80057694306443,0.0350063234133971,0.0232915619390596,0.00650222899890311,0.0177427971295587,0.0261846951755492,0.0300198446880314,0.0396281799274853,0.0332449496061746,0.0219558912114895,0.031224895603277,0.0260649338345781,0.0350965519631087,0.0279293239273821,0.0180127769057197,0.0260913016697879,0.0246533983476793,0.0309838557225939,0.025120233614867,0.0155704396585754,0.0227185443025792,0.0198905153504387,0.0296823279453266,0.0251800126676142,0.0140407502398073,0.0179223204839853,0.0347855339023432,0.0418190935330938,0.0353581419162883,0.0232707361115773,0.03510140033331,0.0242295715530081,0.0313143513926035,0.0252303702868367,0.013712801802204,0.0241644579851728
frank,100,465,1.86088378090335,0.2,1.72860096746543,5.62957052261057,4.81002315385926,4.86116187213781,5.48441536942075,1.85203154693428,3.78078969937916,3.37527129856242,3.40051198925098,3.70992463435096,0.764974809134302,5.7695319207887,5.17143963124718,5.1378259877949,5.09312025308217,0.00541228387613494,0.0374553379513658,0.0248765440346261,0.0338624380393467,0.0288770447348791,0.0125748003754257,0.0194626441989701,0.0116302452443886,0.0232908940335236,0.0251109382377966,0.0110967756606219,0.0289239018471655,0.0198341168084877,0.0266601638521739,0.0306957993430652,0.00583527206028794,0.0297546944132365,0.0262368155246483,0.0254163849020499,0.026510596651002,-0.0143729763342921,0.0219888992045663,0.0180943031500939,0.0157963825695913,0.0150294222040708,0.0184518338333375,0.00638343666113283,-0.0276859701058088,0.0317254673380588,0.024975796897772,0.00265091247143785,0.0281502958945265,0.0236657226758793,0.025226414725606,0.0251212540772652
frank,100,466,1.86088378090335,0.2,7.68374585804514,10.8345254722217,7.89683427560297,13.0894340482587,12.686990273529,4.79892300021615,6.35773463675956,4.90466848554932,7.47344282573645,7.27437315569699,6.15457930532569,10.9199321650784,8.15306955844108,13.3441373912255,12.3735346343536,0.0347000463461165,0.0344143208914652,0.0179448797207023,0.0528330385886427,0.0609264991879118,0.0411372518657764,0.0582784779293908,0.0343904377770562,0.0715668953428778,0.0708053328678092,0.035816808331936,0.0437275721150581,0.0256746243050883,0.0592387351863733,0.0562968469311665,0.0338183479752868,0.0509547041588356,0.0363805549596589,0.0645119967126946,0.0606422531939798,0.0303153712239868,0.0550669128725029,0.0391142379025334,0.0666769618963513,0.0622834849219944,0.0283944154478225,0.0634386199815215,0.0493534314480016,0.0750954083242066,0.0704713588263288,0.0331751529898182,0.052501282511035,0.0364770002799129,0.0639483683409156,0.0614996415454445
frank,100,467,1.86088378090335,0.2,8.72640227853082,10.925116167345,7.65480654681637,14.4502498029424,14.7379217888843,5.31449329121431,6.4017441256132,4.78333423624759,8.14732656429032,8.28907799181419,7.54246291122251,11.5131291254653,8.63718622054905,14.6265531332985,14.9185497715748,0.0536148477676288,0.0534658697549138,0.031572211120755,0.0770821180618714,0.0799962278384485,0.0333295885764399,0.0589286686145454,0.0444850433648196,0.070389105246193,0.0762222280020335,0.0500815373453971,0.0577075448985531,0.0413243316728712,0.0716645482572585,0.077966372494407,0.0415276172935835,0.0570336286656266,0.0416260869164167,0.0705117138637879,0.0756363409123474,0.0394135887576435,0.0568881560337826,0.0371898672298048,0.0744057990672629,0.0759384009225927,0.0482213743558908,0.0370190434139716,0.0159146691294053,0.0733303481763644,0.0696416438096945,0.0459437484590049,0.0574687967323078,0.0403840967123053,0.0733249895536296,0.0765106080744944
frank,100,468,1.86088378090335,0.2,0.477881118217957,-0.365922532962555,-1.22971797616144,0.734578038862199,0.162215241753518,1.23097773225228,0.814929438488957,0.388356490063071,1.35845824636488,1.07606737226823,0.697335077119583,-0.450027817670351,-1.51933999834979,0.810739816233204,0.160545980236884,0.00792791533345217,-0.0386365143635711,-0.0591567073449217,-0.00611790860481472,-0.0196394169764169,-0.000347196588211344,-0.000581714617214343,-0.00487605529825114,0.00637109952741333,-0.00261594215591474,-0.00203016919209953,-0.00488573046709237,-0.0108345614095053,0.00112013609107658,-0.000101604017694776,0.000608446561352651,-0.00987627849728752,-0.0185120311629407,0.000942977507729775,-0.00579443128624228,0.00864499927513803,-0.00801991589597957,-0.0200748185543868,0.00451482437265746,-0.000462558316678257,0.00476484237193507,0.00130339697972077,-0.0110697239795049,0.0103308211579128,0.00898286275986635,0.00321167952929861,-0.00312886526829889,-0.00964298637131733,0.0044850437654692,-0.000591772977080465
frank,100,469,1.86088378090335,0.2,1.20081747406464,1.17361419472751,-0.0263380036230971,2.90593564179682,2.59702817465508,1.58843490267002,1.57559725788998,0.982163726943266,2.43306968339992,2.27994441172046,1.1400959883729,1.38698199270801,0.170754449010468,3.08498300405043,2.78637782172491,0.00666868762459356,0.0158657095994545,0.00930901806900598,0.0243747970307403,0.0223293617090307,0.00832530652671609,0.00985685689507577,0.00052703769265213,0.0203913207066399,0.0181432026296074,0.0125138859601737,0.0120623508925953,0.00562922322122323,0.0192084117010276,0.017918250576667,0.00508248489341719,0.00187808040814576,-0.0112456918126547,0.0127051430326375,0.0114623680280818,0.0118768066620829,0.0122677290533022,0.00533060631124464,0.0218560354376861,0.0186521161747432,-0.059863720731036,-0.00416850700164001,0.00711993831323255,-0.0313623854687913,-0.0285765787058311,0.0081376060782768,0.00741875601554979,0.000113704558434612,0.0164366533880961,0.0145442721873668
frank,100,470,1.86088378090335,0.2,-1.14271255093016,-0.278133597334613,-0.233215233150236,-1.29167162023107,-0.123153391499845,0.430541589352965,0.856329720840182,0.878303666911458,0.355521555906107,0.934100617865425,-1.1217589522134,0.17785375746811,0.413440579106661,-1.25112924571643,-0.0188795720590034,-Inf,-0.000176872742373715,0.00383757619502487,0.00137804613336766,-0.00151484803258594,-0.0461047785055501,-0.0145982446514548,-0.0143035642449749,-0.0132077365390447,-0.0096305657832253,-0.022875603237555,-0.00725624871307644,-0.00147591190924252,-0.0235502510899139,-0.018291552197922,-0.0141644139254224,-0.00227711131732808,0.00124232034599252,-0.00798414931399661,-0.00448652767189933,-0.00461433682468117,-0.00037897055594819,0.00165917112976126,-0.00777209715633345,-0.00370057175834653,0.00407321669460425,0.00567881033035047,0.00214442312082055,0.00347475539127824,0.00915591626433394,-0.0088770431825307,0.00269740205314743,0.0040076544168452,-0.0066750222523279,0.000673086906070897
frank,100,471,1.86088378090335,0.2,4.71217976327506,12.448290066248,11.782888001363,9.42203553360234,9.31661991178127,3.33106461458381,7.15738069188646,6.82783475870907,5.65966863338815,5.60908856995341,2.62680712053646,12.0907882660748,12.0513978043166,9.11456856492458,7.89511719804914,0.0235880818255268,0.0621833256973843,0.0583430258698026,0.0470010067603474,0.0482377707644364,0.0134389598629183,0.0471409556578124,0.0442321230571147,0.0392660980051749,0.0322602910581884,0.000250796440237153,0.0578150681880072,0.0587203392377756,0.0415984358602529,0.0313024929328204,0.0133809950298264,0.0575611908931096,0.0556225215869774,0.041516305317899,0.0325279050513062,0.018356432670745,0.0666239367453593,0.0645149261111873,0.0469141801436972,0.0437943618341622,-0.0279537792021931,0.0644251826746386,0.0682581382780421,0.0530789755514684,0.0120423500713057,0.0193754955403931,0.0634002268489889,0.0601537186154762,0.0477288435143024,0.044082808746898
frank,100,472,1.86088378090335,0.2,5.06391384304498,3.78058790888215,1.67351169463909,5.11809394159716,4.42653059433694,3.50212289140684,2.86720599193365,1.82422065284726,3.52903052740207,3.1875916844778,4.23096011913975,3.70596741302702,1.70149119825488,4.94806267382779,4.04113535996419,0.0332363063841973,0.0213308369388781,0.0128154444260745,0.0255763904221448,0.0230058986892516,0.0305152574617391,0.018610564039884,0.00318513394404542,0.0307985573274613,0.0236266196413764,0.0265782616301168,0.0193143341331701,0.00979508072251309,0.0258846853541555,0.0200421247183763,0.02561399543936,0.0195217961095047,0.00682735449942782,0.0268160404868434,0.0223714625475,0.0225388670486213,0.0221553191751312,0.0105334119572138,0.0269891993410081,0.0234063566209188,0.0352619017637981,0.0259945812263684,0.0146357072877874,0.033311096921913,0.0294176400440185,0.0276719320349035,0.0213267654192546,0.0102099870757206,0.0295232462184483,0.0243509794246735
frank,100,473,1.86088378090335,0.2,4.85893573143135,19.9359190919829,20.5500480705483,17.5124835486145,17.8877025804948,3.40026654508499,10.8617125312869,11.1661575026942,9.66259414301246,9.84882348400727,3.63163118131408,20.0719894260249,21.4836714221796,17.7859725898594,16.9861283060166,0.0324727722026081,0.101282588219964,0.0936680354871686,0.0970444683175289,0.0989889202216781,0.00840174766465892,0.0957075057537995,0.104933248247993,0.0813491386350945,0.0737402377286488,0.0249985158682676,0.0965730504382999,0.0962317327217228,0.0848742674217379,0.0877139349234391,0.0276643530955373,0.104046362698158,0.105691533743302,0.0921563542415558,0.093023314370363,0.0179428755322545,0.0984820650287907,0.103364086612901,0.0834289500589022,0.084452454587063,-0.0156067109354107,0.0734347719131002,0.0872922317935594,0.0453293749135761,0.065483574269289,0.0228081181982381,0.101967934217866,0.104494916303939,0.0884753825494742,0.0894781879346917
frank,100,474,1.86088378090335,0.2,3.58086558046383,1.32755004998792,-0.698584665773228,5.06479418496463,4.8205397407993,2.76652496128928,1.65139491730852,0.649436739509329,3.50081455594751,3.37989815240071,3.25455407381636,1.83475470670305,-0.285096460493732,5.52511832200168,5.24884621160597,0.0176611935690665,-0.00324284582535575,-0.0190451676751777,0.0223950738477737,0.0245216156243719,0.0263099773556973,0.0099594633159982,-0.00135420788974232,0.0290612895803165,0.0299992608052174,0.0237636553264663,0.00783191031500305,-0.00773279758536825,0.0316198976775519,0.0295293351242866,0.0177612103747809,0.0104877421935421,-0.000751257930184679,0.0275798087096459,0.0269875606096723,0.0201760594198604,0.00827870677076795,-0.00332674085692142,0.0282547197014916,0.0269699512533346,0.027882959778737,-0.0353323084947688,-0.0661882874754096,0.0126155872177842,0.00986280203971306,0.0189304356619262,0.00714376227459567,-0.00457915761501832,0.0262982114043852,0.0254006968530527
frank,100,475,1.86088378090335,0.2,7.28200055027794,3.81423745107063,0.634182693434902,9.11749525810711,9.09527528236984,4.6001993510906,2.88170883632389,1.30809829821333,5.50705080448164,5.49578676223942,6.08121216528935,4.59086659455779,1.44831534112281,9.56062279629439,9.5249168022095,0.0456515337229561,0.0280757278970007,0.0114043700641506,0.0555861079144287,0.0543440517336801,0.0326044119875968,0.011728940099762,-0.012407538051848,0.0492065712538867,0.0461410871060446,0.0266246383894299,0.0225093336293709,0.00542723499152221,0.0462272216840818,0.0457953823352366,0.0388809413918176,0.0211842989137434,0.00328202780406816,0.0492514713738017,0.0496707101651733,0.0399314847936896,0.0233736458775697,0.00374602596334083,0.0511309098817783,0.0512881634341356,0.0129510647437819,-0.0364423705203407,-0.046092949145421,0.013206408096431,-0.00188026086486617,0.0376468235100006,0.0215801354063987,0.00317683509186077,0.0498437025413286,0.0497168326989932
frank,100,476,1.86088378090335,0.2,-1.71506165289694,-2,-2,-1.97574525099937,-1.39251127565208,0.146764023230703,0,0,0.016878892401493,0.306188090862061,-1.22613697591122,-2.44074407578232,-2.38081519303562,-1.89764189542366,-1.40615255113344,-0.00802280133125938,-0.0284094035744058,-0.0335811328889626,-0.043609574949756,-0.040659236991169,-Inf,0,0,-0.00796889062572933,-0.00469614566582767,-0.00579979993493817,0,0,-0.00803078379417139,-0.0076852071251866,-0.0141011651604042,0,0,-0.00774045827684435,-0.00588391623846655,-0.0156882669305717,0,0,-0.0110721944231227,-0.0108332696906808,-Inf,-0.0218490136723179,-0.00342153439288087,-0.0733923080011483,-0.0995869470222267,-0.012455420073324,0,0,-0.0116577615581284,-0.00992833943821634
frank,100,477,1.86088378090335,0.2,1.05479611258884,2.78589985987706,2.09632342377478,2.78281502412173,3.71845271825752,1.51848214940156,2.37320316184623,2.03196166203396,2.37205303954727,2.83528597937983,0.923190055836932,3.31640321192629,2.83523819484932,2.95465449215644,3.9958354904372,-Inf,0.00303092264381107,0.0161240279887602,-0.0260168348892931,-0.00690634899839565,-0.0123909004554502,0.00921748781822633,0.00997539357527261,0.00733959558906709,0.01045379136061,0.00638669190097006,0.0108550737985756,0.00357833794492715,0.0139590075824548,0.019397888060644,0.00385684628702573,0.0148956187704201,0.00891729116416672,0.0173264331443834,0.0204794811116745,0.00234959794375039,0.00956661852867408,0.00736810601786738,0.0081272699853479,0.0128305177298085,0.0141884857372496,0.0238052348295299,0.0198729547540618,0.0239003366559928,0.0282179930953754,-0.00288197364144076,0.012504821343361,0.0101321460054265,0.012039789428278,0.0154604547919342
frank,100,478,1.86088378090335,0.2,7.49415622626842,5.80564430800939,3.3863159235133,5.99816300214797,7.9937463294912,4.70548509796565,3.86868953755793,2.67119740642674,3.96403220732622,4.95184264017388,6.87781586923433,6.15323549103618,3.80588065872524,5.9826555989472,8.21044190496512,0.047410620364561,0.0345245449519669,0.018987375901899,0.0361583439489994,0.0492849658222471,0.0267428328964591,0.0303495300387832,0.018386288061235,0.0289161517097071,0.0388089729722488,0.0294534875720452,0.0211375337266486,0.00530560512856518,0.0195894961561257,0.0311684483157915,0.0397742639229771,0.0339042531278897,0.0192537590112732,0.0355313206260053,0.0453383766694284,0.035435121567832,0.0294255886895608,0.0175908767759341,0.0296254927117977,0.0407607044003393,0.026582437486842,0.0276180381845812,0.0157942338746586,0.0297716844078904,0.032064658983217,0.035543697724467,0.0299952601618701,0.0181373002104863,0.030109893962404,0.0402799635766941
frank,100,479,1.86088378090335,0.2,4.31478233689026,7.24628148787117,5.24311413024148,9.03445398143394,5.98445333787929,3.13068266193775,4.58335305957381,3.59266281141407,5.4675639094355,3.96023470487831,3.46542929107243,6.87687310823519,5.05139866268663,8.88500628839745,4.96050571122352,0.018423363843137,0.0449291904356555,0.0359950817740448,0.0520702311878301,0.033475587833786,0.0282935030452169,0.0378083592974431,0.0189995119339656,0.0532969978383101,0.0359487702381851,0.0232031448657218,0.0303947219389911,0.0199899139461627,0.0380261750335695,0.0193139301770196,0.0239136783571539,0.0350756117686467,0.0223550590097646,0.0463105120638855,0.0252442915990361,0.0265257836835874,0.0359367846170874,0.0213236849927175,0.0462640927159481,0.0294545308908743,0.0209456787727631,0.0217163032121897,0.0124591912181103,0.0338444032785794,0.0233640735196219,0.0223343469981429,0.0314987373058355,0.0192572876041917,0.0418305479548604,0.0220397373182861
frank,100,480,1.86088378090335,0.2,9.94882838731629,6.11119993445986,2.39625826029658,9.79078720296518,8.69791160121736,5.92031798370985,4.02112024651437,2.18287423439438,5.84178619125613,5.30142800827949,8.87406983727358,6.22163797508523,2.51947719792111,9.68591241045408,8.65229346792711,0.001894669480634,-0.0223227301541945,-0.0345730700895062,0.0290167073868885,-0.0163351919203217,0.0353866641676906,0.00715034417459319,-0.0177480616275231,0.0353534839427946,0.0213875011861871,0.0496757625181724,0.0355752632970213,0.0162098117175018,0.0532998092126621,0.0468459648999046,0.048068952033563,0.0289657206439595,0.00879715032600776,0.0473459499113563,0.0392940669924788,0.0533768916156318,0.0351176660595821,0.0157434976043333,0.0535624909711228,0.0470522554412974,0.0352906385212301,0.0403277021264484,0.0215217922646833,0.0583970649419481,0.0484810539883646,0.0488820266480295,0.0295272556952206,0.00891326361245594,0.0494512579155794,0.04271835143821
frank,100,481,1.86088378090335,0.2,11.4353203186889,9.13174427981391,4.75006925866111,14.2951329512229,10.5901044675007,6.65805526373763,5.51676172638391,3.34819166854242,8.07220141280696,6.23974293720737,9.02173318058245,8.93928541276126,4.93563377539727,13.9128876539597,9.52013009144987,0.0665676382083173,0.0551903553036102,0.0322823997706272,0.0814627600929188,0.0616832173513797,0.0573559792334919,0.037540054155036,0.0140249914445999,0.0648467073227794,0.0413952725826222,0.0509633460453544,0.0334119902443674,0.00939880083601465,0.0599529904879126,0.0420892296118158,0.0503822597897378,0.0471100565897256,0.0250204849608608,0.0729881231402609,0.0523280644365494,0.0620405598722078,0.0420308467979964,0.0144020498246524,0.0729596372281026,0.0528356079586812,0.0411929176923701,0.0491876758032295,0.0325741518067612,0.0683140419457853,0.0519911381751088,0.0508734968510845,0.0387173846489641,0.0167992620637299,0.0669834319353258,0.0392242644189434
frank,100,482,1.86088378090335,0.2,5.06932842483689,5.93825578016624,3.43519098397518,9.34786939547166,8.54059435750582,3.50409933758753,3.93344884067608,2.69475200501086,5.6214244383952,5.22228706394952,4.1764754928113,6.39675622560212,4.13628840315754,9.65429417202113,8.42163708857193,0.0345994222452521,0.031617380131503,0.0186786113493958,0.052493103453369,0.0469290593219845,0.0291456788684681,0.0225939052699674,0.008944985679685,0.0419435137581689,0.0317267244851894,0.0230113087461328,0.0292863840611119,0.0164984165485932,0.0420278637410728,0.0406239789251716,0.0262879038333695,0.0307061418486682,0.0180511195867173,0.0469940448850787,0.0437972881055169,0.0273721872546744,0.0330781932600285,0.0188635302315573,0.0501874347191912,0.0452843232612465,0.016171890032793,0.0336447976224094,0.0261296555260138,0.0302116304066162,0.0368329827554628,0.027847064301657,0.0320357040723688,0.0177897992509964,0.049600513536513,0.045093277716681
frank,100,483,1.86088378090335,0.2,2.63716813420074,3.65906004806895,2.29334748103658,3.53561279539737,2.38882486847608,2.30032995222974,2.80831919760492,2.13275493625457,2.74666680768656,2.1793372735899,2.22898838218655,3.07456071277378,1.73434497678819,3.02225916793628,1.85544311360703,0.00201127842976813,0.013666431682165,0.0139723899463854,-0.00349034255520255,0.00476802682286038,0.0223352892663405,0.01654680974749,0.00616420543061207,0.0206986812689729,0.0173087738665686,0.00349030193973834,0.0196159361608021,0.0150016457609081,0.0147007209298273,0.0107594222464754,0.0105427977375011,0.00875471663730859,0.00267749593408654,0.00851615008804093,0.00239255005015031,0.0129265933106452,0.0125491591284536,0.00164780473081941,0.0143916250501099,0.00616482622996281,0.00121490288494044,0.0150986051025623,0.00762978327603504,0.0169796559473401,0.00866830281003628,0.0139180763812397,0.0147253568153219,0.00618038830222736,0.015528177336615,0.00856076222777647
frank,100,484,1.86088378090335,0.2,-1.47180871004503,-0.0668024449806159,-0.281036151278876,0.265762307736387,-0.367671883731421,0.266578077717823,0.96204920311771,0.856051297877485,1.12709895234723,0.813461582795701,-1.4705958964559,-0.0681527486575746,-0.0472395134986912,0.0882622723670301,-0.524476726840041,0.00118447688692604,0.00938119746960635,0.00654298669390529,0.00977849684739458,0.00623576480021681,-0.00356811096894789,0.00405273506360524,0.00417016860993542,0.00244244982716384,-0.00170701307223641,-0.00773033532445769,-0.00281774382509859,-0.00390451022954642,-0.000805344130462564,-0.00276352966642966,-0.00940890695026292,0.00248009459133142,0.00301410169370054,0.00110324550372976,-0.00226756505541423,-0.00539054604490706,-0.00196155237511717,-0.00452476923160333,0.00212078959110722,-0.0014025989395696,0.00240213604193406,0.00938517672620648,0.00757113741293489,0.0110587409915658,0.00735029438785351,-0.00755498482367559,0.000124022975686129,-0.00172912872199113,0.00154591987625202,-0.00172252482563155
frank,100,485,1.86088378090335,0.2,0.781451861830729,-0.866486736979139,-1.57069267604279,-0.116420974842024,0.482679753856249,1.38156806900686,0.565881567955695,0.21732456728814,0.937407070302596,1.23365150217087,1.03402554108643,-0.577454064552078,-1.29599710844306,-0.0981048749757274,0.847366329248097,-0.00176005658635847,-0.000390534095754384,0.000663024762198502,0.0019093741670727,0.00586820368592037,0.00944649918934134,-6.7879827415932e-05,-0.00469026459287795,0.00446255119244945,0.00810240827512889,-0.00471714205366832,-0.00730935763387049,-0.0104784310136561,-0.00368209125178616,-0.00170863219008398,0.00503292506606969,-0.0037450646417774,-0.00756909687647346,0.000595196019469046,0.00293011448196653,0.0104427987216523,-8.61162136635724e-05,-0.00867545902849986,0.00741324712711366,0.00992229093251091,0.00759250836800896,-0.000115289070498355,-0.00292027058465103,-0.00151055144907593,0.00197478280129395,0.00288159186120846,-0.00355533797043084,-0.00783388979045799,-0.000432483913399928,0.00276925530251637
frank,100,486,1.86088378090335,0.2,4.35402437045013,1.08580808891275,-0.968453293006441,4.365833611516,3.97809753844881,3.14938344724766,1.53242775853226,0.51596182154965,3.15603601463494,2.96417194396419,4.23198315910468,1.51375423197185,-0.594778439089388,4.43875512640125,4.30144049280199,0.0255414688296303,0.0131989828540579,0.00173090901673155,0.0315574295622742,0.0298200505812692,0.0226447395273196,0.0113608298520609,-0.00128849070470026,0.0184082745064973,0.0239716411728595,0.0246693402861478,-0.00154321208738621,-0.0127990509682628,0.0178260162364142,0.0125609114912306,0.024584102249071,0.00279951770366096,-0.0102089402053483,0.0200302546984407,0.0184651385174368,0.0239067633185771,0.00895783571667745,-0.00660204410797146,0.0257273081576137,0.0239345345218376,0.027191040705844,0.0148785295987651,0.00159025006555904,0.0296936701807505,0.0296680110973115,0.0258534987680123,0.00810237061925674,-0.00379616264063956,0.0251417892320599,0.0222435963545633
frank,100,487,1.86088378090335,0.2,4.55354731598724,9.10333803247781,7.77639983542957,8.38047369680135,9.30085550364655,3.24791509496456,5.50109444659203,4.84521298540316,5.14317966466591,5.59830419420727,4.19342043023007,9.19273191774898,8.02819600974516,8.41868521021853,9.40702839429405,0.0292542749666451,0.0523134373657198,0.0456881137431976,0.0515515038098398,0.0559166051021121,0.017952107656378,0.0497730328067314,0.0424688516137239,0.0419770458667932,0.0434013508438539,0.0172601377974191,0.0328534036227492,0.0281956505313158,0.0260916906800471,0.0355005025695707,0.0273537507035201,0.0453666782138921,0.036368917191911,0.0451399941488621,0.0495980928657781,0.0235197680697866,0.0422095931405913,0.0301868276994501,0.041152018087199,0.0446640712064147,0.0241391716555274,0.0550976760101183,0.0442006980151545,0.0510405124931307,0.0552844648790111,0.0270997630768715,0.0464662728673546,0.03679537956236,0.0435680634941829,0.0491695138814939
frank,100,488,1.86088378090335,0.2,6.18109429236009,4.40200398866756,1.62010400414232,7.99346601705566,7.38615654878137,4.05510063303591,3.17375506010715,1.79732753821096,4.95139961848875,4.65096855496128,5.08048037869898,4.69765071453112,1.93539453729754,8.11909792515197,7.43268629481469,0.034440499412164,0.00656891678851391,-0.00377342173074017,0.0165050289925296,0.0190557265380856,0.0323772317902367,0.0286369273533764,0.0165897240445037,0.0392924681937516,0.038792902368397,0.0263602747701145,0.0216169881525901,0.00951550523033015,0.0374356363325308,0.0351352294530421,0.0292996354491759,0.0197720176052545,0.00274614927317067,0.0399365847959892,0.0362639912933433,0.0375479104313281,0.0249264750834514,0.0101598374763211,0.0419951010362715,0.0398595652807499,-0.0252785116087045,0.0301643031106274,0.0175977301563658,0.0326695803142389,0.0364156234638767,0.0324494673301895,0.0244635147649939,0.00896346302750652,0.0433580734876158,0.0389883536910817
frank,100,489,1.86088378090335,0.2,4.8061255945132,-0.851016091482685,-1.98320083862978,1.45935972058321,2.05972542818568,3.37343187970188,0.574073012798368,0.0135125233192445,1.71729778425412,2.01431703934113,4.85468054836092,-0.542003307435144,-1.82826241579895,1.52811833902963,2.58767171594327,0.0197101472799963,0.00150110561824365,-4.46143520387775e-05,0.0166459214002335,0.0131812945095579,0.0170790349687674,0.000781490431738272,-0.000984915421555237,0.00526773129263918,0.00641897956121552,0.0289947009034297,-0.000807191441416167,-0.00355111279272667,0.0106439082323505,0.0132791424981443,0.0239344073214779,-0.00951693901148381,-0.0113252812218947,0.00353339549626281,0.0074109573730642,0.0304370760735553,-0.0094939328630245,-0.012952085444095,0.0048880887197284,0.00922861054583631,0.0216399604146665,-0.0283541273295957,-0.0222569573784571,-0.0408364194996865,-0.0198317811430206,0.0237566233211936,-0.00564190256386842,-0.00921525220558408,0.00620774526755546,0.0100233630474496
frank,100,490,1.86088378090335,0.2,9.22768747783532,5.5566862829095,2.36964747179091,7.85777729276356,9.04147526458129,5.56355010074387,3.74531608213186,2.1681240045657,4.884045403832,5.47027914490654,8.14236001097666,5.95902750585624,2.75063835980926,8.05337660611993,9.26918761456068,0.0561373574469901,0.0317282560857006,0.014171318680421,0.0466628266062054,0.0551162004104881,0.0459689498388089,0.0220039433979409,0.00479819929358889,0.0350675692057769,0.0386353627124285,0.0311055548645838,0.0206812032932551,0.00294976376205739,0.0297681482104213,0.0368990170780374,0.0483483352370491,0.0328965237560528,0.0161126040873371,0.0426688921681813,0.0493266795545943,0.0408240662533277,0.0250144317608037,0.00920978376157838,0.0375248739531532,0.0429447720882675,0.0544473959684932,0.0319822962097582,0.011280385286702,0.0450315860511929,0.0513062635976749,0.0456852556062505,0.0268646791429776,0.00979685378952112,0.0390001453754836,0.0435257195327461
frank,100,491,1.86088378090335,0.2,11.2452779604368,14.3291056502918,10.0441569023069,19.6343330220361,14.7630268859276,6.56306205180589,8.0892326765048,5.96906685589723,10.7149260554799,8.30474050265913,8.8986019871024,14.0871781434374,10.2237712348207,19.335990712577,13.7226101812513,0.0490713236927061,0.063094626953399,0.0420226250340773,0.10224207501735,0.061126578234093,0.0605351663641754,0.0742741070297381,0.0548997875572432,0.0997662093223624,0.0755768343581699,0.0527885269668358,0.0755044105945086,0.0533375220016527,0.100247465044259,0.0764085957983036,0.0559802018253634,0.0698213693619148,0.0450386428412536,0.0998310933602293,0.0719238700782644,0.0571843222515015,0.068087000546539,0.0438038300796105,0.0953419712574431,0.0688885891568359,0.0600752526725797,0.0234879574245316,-0.00560727473982658,0.056029268818434,0.0437488642424382,0.0519275124353906,0.068624937017945,0.0454220309480963,0.0971586674512304,0.0697257942286877
frank,100,492,1.86088378090335,0.2,9.17979817873803,6.90251265255035,3.42967248431716,9.71459852769073,10.4080102808517,5.53818832558124,4.41115860214781,2.69222489433175,5.80346060697969,6.14694830079231,8.31612100758923,7.37521201895545,4.0452807375069,9.84101665783971,10.4468705318992,0.0555350630071233,0.0443920391004403,0.0270385751119865,0.0583429000087944,0.0618894872527536,0.0284090164698809,0.0262011203811989,0.0100547957387915,0.0391933931146544,0.0408004826651843,0.051053864086647,0.0382686203967036,0.0217739211877947,0.051075755687114,0.0567398399938646,0.05027551772328,0.0393244594132222,0.0211880409415589,0.0523715201777452,0.0551185821519912,0.0430440121727976,0.0390716458114585,0.0216071257313715,0.0540581591745488,0.0539327689780647,0.0554470327825786,0.0232412082876975,-0.000103056519654559,0.0517109963754279,0.0510180575256397,0.0489063675959039,0.0361929976944909,0.0181378993488929,0.0503839268544137,0.053124381637316
frank,100,493,1.86088378090335,0.2,3.16367604575933,5.12560932930654,3.23797184107934,7.85940032224892,3.60905916827003,2.56564483029307,3.53387521091604,2.59885121553627,4.88717317203088,2.78632631775912,0.841697744393174,4.70656948693176,3.50275455778981,7.26294031987,1.79091193078045,0.0160884759845803,0.0325033715836904,0.0054061259397396,0.049210865039652,0.0280182170821689,0.0168962262041825,0.0285313822295347,0.0205131560410038,0.0362044483003501,0.0186360406349626,0.00766475858136198,0.0253746780417208,0.0194268515092391,0.035526413480509,0.0106313999930811,-0.00522806517002083,0.0182239568992506,0.0126554100506952,0.0288433860115082,-0.0037446812193045,0.00624821668005994,0.0218403833138708,0.0166364466291055,0.0330685391158354,0.00520323426525372,0.0218357943756045,0.0148891070970132,-0.005468889836589,0.0442278277358164,0.00654175646487591,0.00586870563354146,0.0202452665937497,0.01158182510093,0.0340477272342293,0.00674922572226235
frank,100,494,1.86088378090335,0.2,15.2327944360457,15.2636331735127,10.6817789638261,14.6691548201263,15.6040993509998,8.53538004241612,8.55160442010976,6.28395558273787,8.25698008182001,8.72099416625177,13.8106952710658,15.2619774002679,10.6119142610388,14.4225364665266,15.1986333832521,0.085566834958889,0.085580063135536,0.0634070406281546,0.0833211079974761,0.0875404948774427,0.0811232517168081,0.0707794482554642,0.0446898079049682,0.0714010651596562,0.0742692407422864,0.0784023665347159,0.0756455704635579,0.0520528348982945,0.0732670549278599,0.0757486224176167,0.0762894413918892,0.0700628977605419,0.0451948351701225,0.0697921896844355,0.0711139566873804,0.0766645562558428,0.0782206217074944,0.0559607775718954,0.0745644004515792,0.0772596012653993,0.0813093831480329,0.0637905386338758,0.0224279329943416,0.0744535797227382,0.0829846123911274,0.0751890986208931,0.0744951926038376,0.0510477446878152,0.0717790649148154,0.0739318970249991
frank,100,495,1.86088378090335,0.2,6.79631434885812,5.9127551363622,3.32706836658047,7.29544105464694,7.72136263835773,4.35868889773692,3.92228274714081,2.64286507711149,4.60674242241353,4.81698063063994,6.24803419637221,6.01569822586236,3.49199244252957,7.14055600190483,7.88442131302859,0.0425698529598076,0.0391188058511671,0.0256160344803802,0.0462837723538646,0.0485234241830244,0.0350984985938425,0.0272755550176046,0.00736658362426907,0.0403034666883864,0.0415590127567027,0.0274827984498245,0.0256706557588201,0.0120395539190122,0.0310089877071828,0.0369845706898476,0.0351530485042505,0.0244798256212154,0.00818876790307397,0.0298779630591976,0.0353407270128641,0.0368851440246524,0.0305552096939751,0.0163017307018191,0.0375236628980569,0.040386376921202,0.0398177928715677,-0.0244130966334991,-0.0635210694212635,0.000551191356605245,0.023360091169151,0.0359152122197585,0.0300220481215891,0.0159142700784876,0.0382886566176336,0.041028370054306
frank,100,496,1.86088378090335,0.2,1.75907858184951,10.4297090450421,10.5586507541328,8.66056323057028,6.96510616667713,1.86800950542318,6.15810974897841,6.22162926977241,5.28320524348757,4.4449949354432,0.395839610167667,10.0866205309452,10.8464603114446,8.20882935849471,5.74074438470028,-0.0189584657682108,0.0490335441174967,0.0537728057139848,0.0367390644603269,0.0114487339428279,-0.00644761172997306,0.0444754365672647,0.0488456251042262,0.0331987964874794,0.0137647822477267,0.0084010576509894,0.0568059450519706,0.0583640003706351,0.0473295331011666,0.0365498884243956,0.0105749945456082,0.0529284796924881,0.0533818586658263,0.0416237455578988,0.0334116578193311,0.00889432275444811,0.0540798298042608,0.0541093481484406,0.045944052055064,0.0322967480687998,0.0137120181375942,0.0612373077357018,0.0627846458688396,0.0484196632431719,0.0364718568109554,0.0039707035254982,0.0508776378492245,0.0528496962412044,0.0402548059388214,0.0295620996696295
frank,100,497,1.86088378090335,0.2,15.3891844028609,29.1606985044696,26.9229352956709,25.0402651891644,25.2916994988119,8.61405714251557,15.4306814560833,14.3239029698594,13.3908846656044,13.5157686221978,13.1046577734756,28.726975850134,26.8430034087323,24.6068686520123,24.3092986850754,0.0865665419310879,0.146691724127862,0.132704227507918,0.127785420072854,0.127133590161683,0.0837814413243414,0.136564063582813,0.118406400687772,0.118815867744548,0.115314274459345,0.0784322696581896,0.144825522659914,0.126509133361208,0.12921582916211,0.128589768552404,0.074699729813122,0.142304487557806,0.129693551431632,0.11970896040449,0.122355990166855,0.0820792172804599,0.152970981963707,0.138620917602337,0.129901322960811,0.132547695091993,0.0806705162779157,0.149600452811953,0.141562644090605,0.101470131867835,0.124204087236407,0.0772222843622291,0.143692146185613,0.129540689136059,0.125082551169766,0.125028869458485
frank,100,498,1.86088378090335,0.2,15.2201797678428,3.11130613120053,-0.645420870120351,5.63743694963013,8.62368035832383,8.52845872755491,2.53529151634921,0.675231705094882,3.78590616916066,5.26396269215443,14.9876643494475,3.73042554655874,-0.186045645545699,5.50104209398611,9.40885117826911,0.0860917488179159,0.0153554117507076,-0.00142824052409925,0.0308618203642931,0.0461265159954227,0.0855812618047374,0.0229607344906332,0.00205955127737574,0.0377232037314804,0.0517336568214913,0.0710756421726349,0.00816907845291907,-0.00689838064718709,0.0199319692713134,0.0358292012390937,0.0805157364272573,0.0176320165632808,-0.000146945270592388,0.0294521131433693,0.0458758387561418,0.0803451488198466,0.0201531088324273,0.00281460375723575,0.0337792093840907,0.045725378179741,0.0734218333600269,0.000146266750167598,-0.0211797970353783,0.0149800797288695,0.0283364935344048,0.076481557623716,0.0141869430258714,-0.00319268459815401,0.0251320161442002,0.0409047986460002
frank,100,499,1.86088378090335,0.2,3.10773604428008,1.41096885262498,-0.389799343560615,4.39676015892692,2.48588510584153,2.53630916681526,1.69468454984632,0.803470262960892,3.17244542468906,2.22684622892661,1.46422319079993,1.1254973641337,-0.477530530858145,4.01729309115834,1.95653057072165,0.00962634831965971,-0.017593407453649,-0.0255612709585602,0.0186225118679968,0.0028196662462164,0.0107429316947789,0.0103678161768425,0.0030672365588888,0.0256106689257464,0.0154466296511712,0.00472286865411083,0.00773722767745842,-0.00256566650545162,0.0229470174050552,0.0113679356147132,0.00953819628714415,-0.0025963382332254,-0.013613488289626,0.0142727811005121,0.00608765104848407,0.00587168376780533,-0.0081065941325022,-0.0167891271959739,0.0132259659360743,-0.00555722911294347,-0.0266207684453331,0.00602735683841119,0.006545760222998,0.0124660689115405,-0.0184598163160356,0.0124114126258175,0.00174874274421877,-0.00934927821887037,0.0190405196534488,0.00946158385906394
frank,100,500,1.86088378090335,0.2,9.47581933481561,18.3558081725993,15.8816056736332,17.9720218886569,18.8994806676697,5.68430654878179,10.0804393940808,8.85659872494532,9.89096588490541,10.348992959529,8.37070182725913,18.4287963860002,16.2760667917705,18.0015599474818,18.6742825049957,0.0558575614000657,0.0939594306894791,0.0713155809684657,0.0949244537671677,0.101528650594288,0.0438833871437819,0.0777289968731264,0.0695985780208222,0.0599125988343963,0.0768333075338696,0.0536134872676015,0.0975271732852821,0.0829264012305954,0.095385253093175,0.101342937945173,0.0516497601227048,0.09387177436254,0.0800965873065311,0.0920620198960178,0.0972063000954269,0.0494047980409022,0.0989411450649992,0.0862390741258169,0.0961480261628107,0.100943134205772,0.0564756502854544,0.0868771768248065,0.0635255284389097,0.0920617614764966,0.0970793244409962,0.0500041690910857,0.0936557803308478,0.0794590332775867,0.0901921630700135,0.0973609173463691
frank,100,501,1.86088378090335,0.2,0.557889940354063,1.00010374367881,0.159809902022243,1.59081608157911,0.88349534817098,1.27228845552287,1.4913186365871,1.07632349051566,1.78269804531152,1.43313456607844,0.0967280347606567,0.742323961536401,-0.187494137057086,1.54828568196979,0.724489291547738,-0.056809026577796,0.00791796775161476,0.0100855748089791,-0.000288673779425537,-0.00423412070084745,0.00607256572225532,-0.00509896972457618,-0.0234903452105327,0.0060533368233902,-0.000449171083892814,-0.00477987598941817,0.00396542005817184,-0.0032535629267221,0.00687347951217701,0.00179098724500398,-0.00567911164210783,-0.00063707232083298,-0.00521355771534226,0.00323958072647743,-0.00185322582531484,0.00395189014794433,0.00929257279412802,0.00220824297692376,0.0115077242124591,0.00743069038481738,0.00778654583447142,0.00893341227791653,0.00806489493107375,0.00771178459455202,0.00658426348715334,-0.00413945679153219,-0.000115264749640354,-0.00618386248459433,0.00451139370762375,-0.00222638275404244
frank,100,502,1.86088378090335,0.2,4.2097695525452,1.732039126686,-0.132678941579247,3.96273391899242,4.9137224892483,3.07757771162292,1.85121185052942,0.928188328872319,2.95619514254305,3.42638210490508,4.08894502700493,2.33310775665847,0.51134202312907,4.12441749764973,5.37113592753826,0.0265190105665475,0.00840061128768629,0.000961538748230851,0.0142348563342057,0.0227736382952631,0.0245530284720243,0.0166447392431376,0.00381133492073677,0.0292821881141965,0.032704600036306,0.0200711731790163,0.00519639067389761,-0.00465000794123431,0.0145425015488512,0.0212535060024091,0.0228727176621858,0.0101273469241055,0.00171278916678118,0.018894960808473,0.0247961712639149,0.0257070021142042,0.0113063967343871,0.00278074907313976,0.0213117342415618,0.0276874441342389,0.0292029448167543,0.0162145955876817,0.00293638556016242,0.0297556860217892,0.0341429631294757,0.0239168979229876,0.011233883491175,0.00203206370456707,0.020555761728628,0.0265158267510088
frank,100,503,1.86088378090335,0.2,1.1805524826686,3.8380264689643,2.59527205789106,6.4325048760441,3.91596511332358,1.58112005003192,2.89556431994963,2.28129870504861,4.17948440393203,2.93392361765363,0.0567040050586392,3.66420076428675,2.7330161654342,6.29836306382854,3.51581373892744,-0.00156657317621833,0.0136994738315096,0.0117684962458209,0.0302799830539425,0.0195160534726445,0.0117242709832075,0.0238508518710552,0.0163519986742352,0.0348892789576035,0.0257157233561592,0.00456986353426986,0.0156141568391167,0.00798781072338132,0.0299925989986467,0.0164239803696827,-0.00329076513784911,0.0115177770557997,0.00394189875978688,0.0261881902264854,0.0131161409901568,-0.00207675369279514,0.0209170842109302,0.0158344423814576,0.0341470453452904,0.0190650175240847,0.0157965917591947,-0.0093459461288328,-0.040526252302966,0.0270981440061593,0.00732826789294313,0.00160957925502621,0.0165613937482567,0.0078248708842653,0.0300583586320217,0.0178867571442054
frank,100,504,1.86088378090335,0.2,1.37576429400471,2.71601989728611,1.22956378046583,5.61846269321535,2.57487040088926,1.67582797128233,2.34131016791919,1.60717240245314,3.77664530117898,2.27046099167471,0.933850368147741,2.3263203361051,0.838027686156267,5.48052301835972,2.29922946461874,0.0152929166611659,0.0184000683447937,0.011341768127333,0.0288877415430491,0.0204039620137802,0.000492208447462903,0.00432531970122892,-0.00265479508145681,0.0246925487165883,0.00669855290371099,0.00871180554903215,0.0177953852953982,0.0104070218813846,0.0317084268116292,0.0167426120705222,0.00612428465841924,0.00738495926889333,-0.00247160069701496,0.0251584940886953,0.00896718271810501,0.00280236421227052,0.0102199412855756,0.00141838396509737,0.0264842032381177,0.00723616141131048,0.00519336543812212,-0.024158539312461,-0.0404896613370272,0.00627814484777277,-0.0239297881826227,0.00740050456607233,0.0103804849568376,-0.000109619159305655,0.0273188092400304,0.0106150052173334
frank,100,505,1.86088378090335,0.2,7.03576569584946,7.5748285951856,5.1632541436589,7.67055199242627,8.99960770873708,4.47658874850206,4.74410875718155,3.55005415528242,4.79243413406086,5.450551212213,6.78551409821704,8.05668347789417,5.95223882534953,7.47335412238208,8.96783877819576,0.0437531242609576,0.0464375091846718,0.0321280158832968,0.0482347157617952,0.0535921469134031,0.0265881787726518,0.0313614212265635,0.0188274955279637,0.028834154703662,0.0346378261062998,0.0385937295646805,0.0439131638377979,0.0317690039776255,0.0434022392698935,0.0478039610663252,0.0349464800717968,0.032798781589097,0.0210442957664708,0.0307244720160189,0.0370894550925697,0.033171282231119,0.0399496573877382,0.0302119527548129,0.0347371560765552,0.0412938740801435,0.024695298278396,0.0206537368019969,0.0118504559554849,0.0261009611921727,0.0137720432591621,0.0384259663373663,0.0393231778744326,0.0275856456314946,0.0387515608646253,0.0447589368741138
frank,100,506,1.86088378090335,0.2,4.38087474061579,3.86351414532162,1.2460116408698,8.3885502281626,4.57131066261716,3.16274826599993,2.90931629950252,1.61544347545721,5.14738621811051,3.25929581525348,3.75620171168306,3.55890365474029,0.742992693764875,8.47859161990841,4.17489295698414,0.0317431255041475,0.0244846632139211,0.0103853528378332,0.0496188286186378,0.032657186045215,0.0232278847778612,0.0226615572651423,0.00705709349207186,0.0466328293271941,0.0238942047688931,0.0220879725564299,0.0137423660205845,-0.0063336701288459,0.0405701414035707,0.0198353110531783,0.023958327404671,0.0141201354401557,-0.00346484466343023,0.0413530607114841,0.0202562351509902,0.0234552208042414,0.0106128296864016,-0.00794449714179175,0.0413280464385415,0.0149324366216459,0.031871882834649,-0.020948416307437,-0.0340016879111607,0.0235246195949264,-0.0211214904397115,0.0212483980941127,0.0125060261821752,-0.00415355451182898,0.0389615139482371,0.0171513715804904
frank,100,507,1.86088378090335,0.2,0.835416689963886,2.79058043279417,1.65566224572658,4.57532360321887,2.10694669500698,1.40793329663315,2.37787300396971,1.81681066272873,3.26109399159297,2.03889832723029,0.647101538293256,2.37219460708463,1.40514490634698,4.13004414447865,1.78786745047544,0.00787568877611227,0.023922475152468,0.0181746715541284,0.0323843282074128,0.0204068007372772,0.0132409255203309,0.022082887262121,0.0160935304001769,0.0316530403808312,0.0188065144124946,0.00850435578946913,0.0175830151049716,0.00856171736725005,0.0247588708523976,0.0146630339711343,0.00797921600384897,0.0136519430534054,0.00507893872026376,0.0243651246729748,0.011964459721638,0.00546207603245823,-0.00684718433442076,-0.0211572942695446,0.00988560175155491,-0.00483848909988664,-0.00116869640161094,0.0236882308212714,0.0176399294971836,0.0314464829893635,0.0164875867962153,0.00596004716629207,0.0100263531988966,0.00219883127951402,0.0194140193701148,0.00879114444093547
frank,100,508,1.86088378090335,0.2,5.44973489502481,0.599254756346276,-1.14035601242714,1.91922184098917,3.17530642387245,3.69181009357267,1.29167237968815,0.430476902294302,1.9450676199209,2.56721707486303,5.47325274029951,0.967148793531672,-0.796689877252311,1.9020572629625,3.41201227157335,0.0359885977972259,0.0128325752953875,0.0041881024056621,0.0195765009766841,0.0252254346830591,0.016507149073566,-0.0183747894936505,-0.0153579471775657,-0.00604943938086349,-0.00824351159592013,0.0287687464023221,-0.00370473937131958,-0.0140244853298039,0.00503537908040839,0.0122157256681108,0.0274805074595025,0.00593745812460974,-0.00224930240993905,0.0102742418401331,0.0171233912358225,0.0246059955155291,0.00202973538067123,-0.00749618924609431,0.00714318460616821,0.0135490925339989,-0.0195586238702949,-0.0518770169480223,-0.0362243537413812,-0.0565852887740845,-0.0532701707095013,0.0290901147603409,0.00204756447486607,-0.00627928295014023,0.00828616201626705,0.01383082903821
frank,100,509,1.86088378090335,0.2,-0.812019812263203,0.728434504526873,0.663628285564265,-0.0793007976058386,0.0480268922523761,0.597171569635561,1.35618114265889,1.32407884536662,0.956627662027927,1.01976267398061,-1.65236923100687,0.572913191526943,0.732055581199535,-0.405284653331837,-0.226310263308857,0.00582840042413422,0.0036389629188015,-0.00278795896036608,0.00763539783470767,0.00701090258119902,-0.0153995902057382,-0.00617729248451859,-0.015446459969052,0.000243670810939653,-0.000136929384736011,-0.0288256379392403,-0.0119408029666108,-0.0101629794019662,-0.0128694590985146,-0.0191531379398945,-0.0244583722193721,-0.00454575488506873,-0.00207673135685554,-0.0127595586512292,-0.0115172765225946,-0.0393052685176709,-0.00726365835547229,-0.00367056349278729,-0.0109817342442307,-0.0117542499211647,0.00225635064425554,0.0134958215383345,0.013311306464439,0.00958425173331078,0.0100927107152853,-0.0221147467464382,0.00150931917826323,0.00187068416289647,-0.00493009913339192,-0.0051696503722857
frank,100,510,1.86088378090335,0.2,-0.956002235878447,3.60990245507902,3.70212967992072,3.14463792203084,1.73249119058507,0.522965071616653,2.78262739046837,2.82889647292459,2.55188545535015,1.85354839827826,-1.4477303798998,3.22395275035877,3.62537250890638,3.05207620670603,1.17093565158257,-0.00205194301964507,0.0272505292976682,0.0283393606163557,0.0236339767753131,0.0179907002047254,-0.000153437652798716,-0.000522633256001114,-0.0142935545304664,0.00837663419272501,0.00277218868951798,-0.0124224166651406,0.00822688777195635,0.00463322734198077,0.0118012426312777,-0.000862078338603489,-0.0098600148140671,0.0197399459905641,0.0211475411857066,0.0163364625555771,0.0088403569309068,-0.0159871918445647,0.0178280391642939,0.0187041528036392,0.0136908941083617,0.00194559963771037,-0.110561010384026,-0.0148149736383711,0.00755113771312472,-0.0250013009773798,-0.0607495436540474,-0.00951703382530553,0.0173545548033011,0.0177288233410069,0.0145113130099293,0.00583799378962774
frank,100,511,1.86088378090335,0.2,7.71379397111305,11.834829480073,8.78188399224697,15.1423550988715,11.6883792761398,4.81317019061776,6.85443663621686,5.34464851569232,8.49092575599109,6.78204803323704,6.35767121705778,11.5193234795511,8.75628378368318,15.0306169015631,10.9897334232134,0.0485642864667395,0.0690466335427324,0.0525419933573003,0.0851752903325029,0.0625582002707721,0.0375341462260233,0.0406275504788644,0.0235425158364214,0.0616253893318456,0.0371944165357077,0.037319509415389,0.053678143146461,0.0393876940790007,0.0687149390851253,0.0472077817841902,0.0377086463994248,0.0576323124785043,0.0419503097412992,0.0732345489852862,0.0542758084896365,0.0280319246579079,0.0576418086173609,0.0432137306000731,0.0752074335547541,0.0493609835411524,0.0447516479150259,0.0440162751795018,0.0220121594046072,0.0704595429104341,0.0392476944701287,0.0402872081290194,0.0582354074554233,0.0394531479195626,0.0764725076086659,0.0573823717538755
frank,100,512,1.86088378090335,0.2,15.6976459564008,13.5002182386876,7.93793807138322,18.4507226199461,17.7827137239356,8.76655737662451,7.67726970688478,4.92400119216652,10.1284168553485,9.79782914596874,13.3191513566565,13.9053805608561,8.64833912611118,18.388922902076,17.3677827098968,0.0673664676154533,0.0563589130771252,0.0343299877042798,0.0750373720687743,0.0778837906506074,0.0828015380486349,0.0724044745899307,0.0405934465825826,0.0998468701311447,0.095362847871665,0.079666555935737,0.0581819847509309,0.0280022585599007,0.0884589619987197,0.0825196793604719,0.0705273543796918,0.0689369303411103,0.0411377633077926,0.0932987227466525,0.0895106608269121,0.0769881657210009,0.0715978168480071,0.0445491065680171,0.0913135413647405,0.0905490311710132,0.07620396167553,0.0687914645614471,0.0317180320597076,0.0992429282933525,0.0980182436488781,0.0797432757028605,0.0662138238325937,0.0367630038806313,0.0916136403880404,0.0876009943799641
frank,100,513,1.86088378090335,0.2,12.7317083692231,8.88545820771073,4.84320769513734,11.4849697302288,12.9410501489326,7.29779851967934,5.39316986742657,3.39257034564215,6.67967111225547,7.40085992697529,13.1204845935955,9.73376187130185,5.56765867454316,11.6274584054335,13.705584508258,0.0554878761084908,0.0152570807043565,-0.00685095002601843,0.0578751792679599,0.0520190142364027,0.071327125902849,0.0433691054263056,0.0127703317221858,0.0587642749991944,0.0662430052897689,0.0404166740850255,0.0348121713375454,0.0214160806506908,0.04108144880026,0.0469932543761288,0.0595816227484114,0.0433738422473593,0.0236113446670027,0.0570923969034869,0.0635049293776365,0.0660514164936065,0.0466253752050267,0.022104719502562,0.0621219833161082,0.0674696448951874,0.0672306821160578,0.0493624866722717,0.018458136506214,0.0673128458404421,0.0723467302141129,0.0636918231835863,0.0431401393755548,0.0200906963660627,0.0594686567415217,0.0647189324009418
frank,100,514,1.86088378090335,0.2,7.35029928960122,5.94275961720453,3.33829050634626,6.33874107199597,7.63498418681097,4.63295339837112,3.93694753293302,2.64815531170643,4.13296018931561,4.77420682047369,6.69012790359564,6.0044084878773,3.30725553994652,6.23953066287507,7.80571757682644,0.0467213973627712,0.0397029799907046,0.0251032983971128,0.0389946298296253,0.0471546417809046,0.026786632801788,0.0178069329127751,0.00796562582164773,0.0221960091708541,0.02686033934586,0.0322620461354308,0.0315507803287597,0.0171429406276322,0.0306682635975338,0.0400643193227468,0.0446262220459825,0.0347803145866993,0.020289739416143,0.0349729954316016,0.0442865540711533,0.0408345007283425,0.0324913058741473,0.0153082349193075,0.0374299395331583,0.042561788898134,0.0432999133143437,0.00527853357186534,-0.0229834465865415,0.0228816777080824,0.0356168455641098,0.0363528829750982,0.0268094635272283,0.0120147062892653,0.0288318288662189,0.0370318643452661
frank,100,515,1.86088378090335,0.2,0.295910877129498,-1.63747422043253,-2,0.342666167582964,0.158475030777326,1.14022644250148,0.184244500267691,0.0025204637150452,1.16352966643775,1.07212584265163,0.538927156727921,-1.3283451986332,-2.11068022459377,0.816543300603859,0.791292701710198,0.00766119401098338,0.000716025480806551,-6.66927485438138e-06,0.011544648514491,0.00983773795151207,0.00864637273137312,-0.00424703184121178,-0.00844820213703067,0.00969198028788198,0.00928865945233565,0.00745667770371132,-0.00526940948431149,-0.00446216669947305,0.00575657706335624,0.0069494967671882,0.00291607101102537,-0.0109378192757729,-0.00592239560028475,0.00225343027210458,0.00213927593780184,0.00676607449911685,-0.00636287795593108,-0.00552914917247249,0.00731192507299563,0.00581115443860647,0.00265000898119482,-0.0337904041788679,-0.0429876342118008,-0.00668107816724025,-0.0227921784467451,0.00395205822356819,-0.00668174685161674,-0.0053912803003873,0.00420180663387872,0.00372378307478218
frank,100,516,1.86088378090335,0.2,4.81254386562636,6.37606959943131,4.64556603096495,6.29663227439521,5.76076061576502,3.377652029369,4.15208584860713,3.29596656935894,4.11200353549695,3.84906435103609,4.1589582469648,6.29629272396499,4.74743170194914,6.22620939984153,5.03850316455233,0.032262395707315,0.00117752632184396,-0.0336232890203208,0.0226692987971551,0.00741184450326643,0.0235383870542696,0.0377158056190208,0.0309252510145813,0.0368874545371087,0.0289273190046869,0.0235471457536751,0.0284936533094098,0.0192863233281951,0.0289483834424596,0.0247443455624012,0.0239651597783095,0.0249524916431594,0.0115319575777616,0.0290067128113884,0.0213855991032509,0.0105259360583369,0.0236731947636346,0.0147933901063917,0.0217498783831036,0.0177695058889816,0.0333884449657183,0.0226573339717214,-0.0084806719073079,0.0290852623452213,0.0381342433630845,0.0241902081495003,0.0306314191937747,0.0208910014179506,0.0316136735753558,0.0237915193913751
frank,100,517,1.86088378090335,0.2,8.43399622747877,3.54100682998229,0.140722341583859,8.94977448568041,8.6498451957015,5.16951480126898,2.74716272629233,1.06480687402881,5.42419344413367,5.2757383109301,7.52854143837101,4.20852619809538,0.724512948271868,9.35536184656913,9.12398362947476,0.0521607148605716,0.0231711364782391,0.00736561682387156,0.046070149447221,0.0496547402627008,0.0480422563423778,0.0107161611023859,-0.00873333642406709,0.0463455267957207,0.0423357576207742,0.044742848642536,0.0192475930109202,-0.000636054511638375,0.0457486912112612,0.0451292330590278,0.040864620007158,0.0178934748766249,0.000386253501189867,0.0449727092497535,0.0429226522970038,0.0418900360403934,0.0201052975938697,0.0023755829138216,0.0464849455546061,0.0457753952279927,0.0176557514309661,0.0269700568562467,0.00963278341107176,0.0499208882456381,0.0498415189917428,0.0423711521203213,0.017264782201727,-0.000625345147254206,0.0459122867367432,0.0426292979023433
frank,100,518,1.86088378090335,0.2,5.53209014503622,12.2734376472971,10.8308271515994,11.4716159394738,10.0439537476105,3.73252831878494,7.07135131701433,6.35842106111779,6.67373181893576,5.96843026195615,4.7860267742557,11.8803353594556,10.6393425407608,11.3606655960512,9.20557279035388,0.0323287954550723,0.0636384221582218,0.0572757986025641,0.0611980103674615,0.0591644597456109,0.0119201045463326,0.036152176858085,0.0319672501656061,0.0300609839172808,0.0161576303210181,0.0214096928472981,0.0550745714592377,0.0471601996519847,0.0505317497578165,0.0381452355006321,0.0279998429484817,0.0608320414067361,0.0505840021752252,0.0588918375074749,0.0476889066649854,0.0275637208296191,0.0599755750614596,0.0502704034990421,0.0581528562715237,0.0462569982675709,-0.000550444193063302,-0.0902607578025356,-0.138336651855952,-0.0492907966660898,-0.0970888176860021,0.0295943837864864,0.0599994930329805,0.0505778276865576,0.0569077763828195,0.0473316757093473
frank,100,519,1.86088378090335,0.2,2.11071657151228,4.03161786747883,3.02630493312221,3.73317887840354,3.2239302268678,2.04290721798215,2.99110751103218,2.49272507016416,2.84432639264464,2.59273599648463,0.888339650297302,3.94778873993294,3.43011882021658,3.23613879432984,2.51965475483622,0.017080456846045,0.00854093334036532,0.000341655852590952,0.0109185523421642,-0.00526052256783654,-0.0204785468169144,-0.00471415821144462,-0.00478840559817107,-0.0115790156892802,-0.0148552816281232,0.0110546972018507,0.0175016939669155,0.0118337205473573,0.0168819723297464,0.0142997458826431,-0.00321575989511824,0.0130738083586132,0.0107604126452981,0.00839420881022361,0.00280398302187591,-0.00898650921806821,0.00833631792168193,0.00465244697471028,0.0022098611359434,0.000379888343671677,-0.0297802224341207,-0.0435926321002245,-0.0446807223012231,-0.02740523766325,-0.0573734027806915,0.00386137816560659,0.0189115838068285,0.0152150771408936,0.0159791334979138,0.0119924076759893
frank,100,520,1.86088378090335,0.2,3.61146590672536,4.45598021829659,2.87708425786823,4.90403935014634,5.71916619856142,2.78303263177747,3.20036267019467,2.41897808174937,3.42254043424533,3.82586419448597,2.90510505081651,4.66143248966737,3.30795957253527,4.87502681129884,5.65843907033505,0.0251505174092345,0.0285839345996712,0.0232411070785169,0.0291293450845742,0.0368727875739185,0.0218437233439797,0.0316818750485378,0.0212271675799607,0.0331863009533837,0.0375109963217439,0.0200683407335939,0.0270331451222655,0.0179993459091952,0.030176180988369,0.0333769801465502,0.0159331538997456,0.0237616752013538,0.0152656013994281,0.0261216142584482,0.0304584786418203,0.026017161298912,0.0248710130736157,0.015224216604216,0.0281461843626257,0.0351685945483517,0.0211155596958287,0.0230333076754335,0.0117681283003712,0.0248732842349078,0.0283069912617817,0.0175723656584424,0.0226540057012602,0.0137691655234584,0.0242479191417918,0.0287937927579418
frank,100,521,1.86088378090335,0.2,6.58566268884156,5.20498914618848,3.82649715161409,1.25285257506448,4.92215718790692,4.25554477162421,3.57183961295859,2.88884505353874,1.61643324231577,3.43277492751121,6.88999260640751,5.35804919410105,3.95161336241553,0.736662889575822,5.00628917726441,0.0418695399697946,0.03601718862315,0.029020490126985,0.0162589174138203,0.0345387510762238,0.0256643790371878,0.0173578236568052,0.00834586879743072,0.00325847427233625,0.0221124105973592,0.0377001653803884,0.028638724508912,0.0201465636429592,0.00861683463093828,0.0292316808214891,0.0343345189513558,0.0291721622380366,0.0213272393895567,0.0106706039942822,0.0279110362158292,0.0283882932600971,0.0244947354760126,0.0192715539623704,0.00470661206209661,0.0184012676991085,0.042260025619679,0.0281409985836642,0.0188638156976164,0.0129254340926126,0.027522868478183,0.0333672168223172,0.0246303801086811,0.0182360662040348,0.00453106915340146,0.0226425609288562
frank,100,522,1.86088378090335,0.2,20.3992725237539,8.23432881654743,2.34427114509162,12.4039914372785,12.0401643266554,11.0935782519567,5.07370637721815,2.15837863769,7.13662163579199,6.95679817751099,21.2936964805643,8.44607502611089,2.04440962579882,11.8951714854037,12.7525137231236,0.105988358358654,0.0391165563323374,0.0036890068087934,0.0691877401973568,0.0625968533684394,0.0948489173258504,0.00136668524121863,-0.0509478573020993,0.04100759374379,0.03161469066531,0.0954865665413163,0.0133046178179992,-0.0230481741976188,0.0491743468011935,0.0382436683355326,0.095015941571438,0.0312692437944508,0.00258573640668521,0.0526502607829108,0.0527690321738268,0.103082909016037,0.0484165825149689,0.0157185279674641,0.0678230784798353,0.0670888756661416,0.0743086006162319,-0.0624508186566998,-0.100507024664297,0.0112394573368872,-0.0330927345779832,0.100669773160708,0.0340996697417249,0.00244767853568819,0.0572609286358653,0.0540874346339315
frank,100,523,1.86088378090335,0.2,8.93334062110804,9.56638224325877,6.18529883804613,12.404205768157,11.5515486707947,5.4165906212573,5.73102650893238,4.05857480241671,7.13513733958691,6.71299224088157,7.89693405936949,9.62604838491198,6.37473895306207,12.3890067125231,11.5391678621598,0.0468594834058937,0.0552675087890052,0.0402273298231218,0.0643576213841164,0.0543804280595219,0.0418521129120646,0.024552728124899,-0.00178807452728575,0.0517548421364197,0.0453953421985367,0.0518795551668635,0.0420830877778477,0.0184093295638972,0.0625170635189115,0.0591587907626064,0.0480244925046992,0.0501238917255118,0.0312840949879018,0.064644271661334,0.0604928190756997,0.0465136968741433,0.0452266404476992,0.0279968455391649,0.0619459813392868,0.0545600140008131,0.0487569940919539,0.0152041021221515,-0.0407255918170088,0.0380816136068339,0.0525054404679924,0.0460950254636637,0.0461309919261873,0.026470539956983,0.0623783842185933,0.0579957467590088
frank,100,524,1.86088378090335,0.2,8.1465437053729,4.36896911789225,1.13222153482689,8.27653968482206,4.9520550445834,5.02904495281907,3.15995090375086,1.5582149872541,5.09271777395135,3.45037899961245,6.77157082796336,4.04850735193596,0.821762632260064,8.06198058297191,3.85957017751136,0.0477682607510689,0.0317664328330436,0.0156603690380615,0.0512920624223882,0.0272175958388962,0.0424245446828398,0.019386544760295,0.00161646392296013,0.0453595350358131,0.0237171965859277,0.0261681984940552,-0.00161495485269267,-0.0159424248861269,0.0233731120588451,-0.00222615172048246,0.0342933672129496,0.0206929078022105,0.00395624195165583,0.0392469316847068,0.0195223300080985,0.0384422022810759,0.0226320849580567,0.00382543697817444,0.0448452614307797,0.0239508682979475,0.0387378302873409,-0.0194618413883147,-0.0410864658975408,0.0334811238552007,-0.0240998522527528,0.0368586286598455,0.0170933906394067,0.000785441243122274,0.0388803773455559,0.0158298112905194
frank,100,525,1.86088378090335,0.2,19.0986286453951,27.5658439469642,22.2883870144956,30.7316288445025,30.5398491198399,10.4477489029545,14.6396083331486,12.0286652851112,16.2064461139937,16.1116462939405,17.0666251450687,27.9344469953302,23.0684948745262,30.8803341739793,30.1433355998712,0.0859900900352524,0.103622032034559,0.0770810213126762,0.135336153436017,0.129247211548016,0.0775676674477287,0.128207704309083,0.103919619560287,0.140551718942541,0.130293186225329,0.0965246841295404,0.132729501682846,0.102683549561263,0.152004637478936,0.150871933910661,0.100400702247051,0.137558809160159,0.108658580222143,0.153500642899514,0.153480799382334,0.095935786500125,0.135010238015257,0.104026106082194,0.152592684157406,0.149212866426564,0.101548583725069,0.142449846532375,0.100013791886996,0.162728655980225,0.162229038451456,0.0978649999711156,0.137157527155013,0.106798896677823,0.154010989059624,0.152920287119043
frank,100,526,1.86088378090335,0.2,21.491383241673,17.6147565886197,10.0413086692363,26.3894713164086,25.4359590027437,11.6334811115723,9.71406634159798,5.96670614463891,14.0567754745387,13.5844692808115,18.870719944259,18.1849175385917,10.7158098415076,26.7710833400729,25.6651827931264,0.112657614997989,0.0956273508504434,0.0576120955464642,0.139173155289061,0.131941170387272,0.110881443667197,0.0893194267895598,0.0462345342759493,0.125203069336382,0.130935788899506,0.107374222820455,0.0915743047708631,0.051720710933631,0.134315216402068,0.131409838157963,0.106704207326859,0.0891894634963885,0.0483131372267787,0.135565514967393,0.129977830586653,0.109452745202276,0.0895787021948501,0.0459248963666797,0.137185026808954,0.133187516963893,0.0493554226375555,0.059297807635398,0.0284097498902601,0.0883656014240893,0.0947537036540091,0.105755632149405,0.0891996660576287,0.0482348121936789,0.134295587272881,0.129808853048695
frank,100,527,1.86088378090335,0.2,3.80814022683649,3.01875517201692,1.04315795496615,5.23575036728342,3.59658600664869,2.88022545153834,2.49147094287282,1.51542528855753,3.58699667918645,2.77579334105092,3.11315473554974,2.5359810505425,0.292740799546256,5.1658621184039,3.5231772894141,0.000438874651526999,0.0180968284142196,-0.0119615495592292,0.0357988863497636,0.0279038733509685,0.0244537714542901,0.0147677530046229,-0.00045139814122342,0.030602779544378,0.0219783988907232,0.0200107970825997,0.00871023638209951,-0.00691939810653886,0.0263525075166672,0.0167895876213454,0.0169601297411031,0.0152302720676107,0.00360796267092586,0.0275972009423836,0.0191054607860962,0.0192796481711365,0.00735210039165237,-0.00467924596836142,0.0221624329149672,0.0157193429181802,0.0272917560960066,0.0167466611492155,-0.000578990585176058,0.0317995167380393,0.0259993916579949,0.0204840696930194,0.0107560398726094,-0.00343853396757579,0.0263711925544222,0.0178269041860815
frank,100,528,1.86088378090335,0.2,1.56812692183525,0.58920804251268,-0.801891798878227,3.04153876300982,2.78486015190928,1.76999116419165,1.28628984299314,0.598821889878159,2.49963024855887,2.3729598896139,1.65360497476323,1.00096572331631,-0.55886700362216,3.4020291066689,3.15924117538445,0.00675827627642336,0.00266719707287477,-0.0311798742877101,0.0226633185238668,0.0238046239649624,0.00495566413321123,0.00511512291104166,-0.00275740495936094,0.0137386035993839,0.0100456329676531,0.0129935933678928,0.00579898317388176,-0.00484663459088521,0.0211826826071768,0.0190031928243304,0.0126378416778927,0.00326668722627285,-0.0070385408629105,0.0163904833640601,0.0150781334949493,0.00863409356881703,0.00243200368322038,-0.00977075146693383,0.0154743560531923,0.0131284595949143,-0.0354971550541269,0.00204564695639889,0.00416385637091884,0.00660656460154257,-0.00967603618012643,0.00934477113262465,0.00383874483259776,-0.00466344279198756,0.0164352227544778,0.0147006719481535
frank,100,529,1.86088378090335,0.2,-1.93742564250005,0.642537642836207,1.38129185463367,-0.333788486136846,-0.676077509570614,0.0392215106855814,1.31362766940833,1.67981424480117,0.830491676988606,0.66088695771109,-2.17142795498994,0.44948885013965,1.39671298472365,-0.609800027111971,-0.864822511369888,0.000309314517453033,-0.00263518546533166,-0.0158979554725342,0.00610085805776483,0.00423792917648595,-0.00901172265668661,0.00113392133189605,0.00720611299973886,-0.0156987953017643,-0.0131319671388416,-0.0720421059946056,-0.0029412747038955,0.00103603918731082,-0.0132937734626537,-0.0120615035292706,-0.0331201905946163,-0.000252987991500971,0.00538378409547164,-0.00790940071567426,-0.0102245091548994,-0.0157825350880804,0.00385542893162385,0.00805209193189986,-0.00624609144121587,-0.00424391272385515,-Inf,-0.0279049531399098,-0.0299853358983223,-0.019267317579926,-0.0385627475164923,-0.0209058583047951,0.00320869156598391,0.00557642110750146,-0.00208751754693253,-0.00336932615206881
frank,100,530,1.86088378090335,0.2,8.64566387193514,8.33719537996247,5.13894978375179,9.69554455500702,10.8066425977176,5.27361938582122,5.12166000242867,3.53923140618231,5.79390000943688,6.34379220992558,7.9268681236091,8.60245452813076,5.35669884123661,9.82030450064913,11.039955055585,0.0512904304495225,0.0511291743796852,0.0355593327436989,0.058175658131408,0.0633038831735985,0.0515018323040461,0.0469994863777778,0.029988831071683,0.0537009948271739,0.0609442963311214,0.0433981350249761,0.0421928372193046,0.0252166805597326,0.0460722950596136,0.0548690240497604,0.0461886177863559,0.0383729757381517,0.0185524439081682,0.0490685541958192,0.0516573617785616,0.0493054411878514,0.0470116238987405,0.029880532134254,0.0523705178595835,0.060669748352824,0.0513547144531727,0.040297575078683,0.00995162584147608,0.0534448268761346,0.0605338166329114,0.0451875513070148,0.0420166056453757,0.0242984325148791,0.0494991395843864,0.0556779973432442
frank,100,531,1.86088378090335,0.2,1.53222513323094,8.98361524349815,8.77708370413886,8.5849098727418,7.6727806351593,1.75466129992645,5.44145688509166,5.33919361435226,5.2452506925693,4.79317275714337,0.531459819875715,8.9323304653873,9.41714693829642,8.29334058765615,7.05391459704198,0.0173660423312494,0.0531209919952297,0.050862971838962,0.0529242730883679,0.0472434046233774,0.013221985855581,0.0459109033030421,0.0419269148873015,0.0471981987762574,0.0430787898895422,0.0115322159865495,0.0496774058846429,0.0475614614965659,0.0465844020030045,0.0422025779069899,0.00311171372045657,0.0483093474439746,0.0480513635579452,0.0428378188555419,0.0386755346778784,0.0115338664859942,0.048802757677326,0.0469736737791293,0.0453391812112753,0.0419366499942746,0.0173995823767737,0.0428881434200882,0.0358673074806793,0.0464769221884661,0.0398863095722377,0.00816201672956646,0.0475117655151122,0.0457732686746848,0.0430499992162866,0.0401712860158619
frank,100,532,1.86088378090335,0.2,4.92955803830181,8.89055588768339,6.98157765993077,10.595165441027,9.70540705402319,3.4366101846546,5.39548379179629,4.45091525763302,6.23951862044707,5.7992303417726,3.40198310618017,9.00190660776358,7.61053055599901,10.6336557140385,9.10968658226892,0.0344493744722746,0.0488471116401479,0.0332901208599462,0.0601641553853548,0.0578304281487517,0.0111698056194764,0.0473866590812907,0.0417765529445479,0.0498394141334056,0.046490991003901,0.0234712757208291,0.0462467323801734,0.0366273535581338,0.0542204446950629,0.0501643186947584,0.0203611049120255,0.0410280133102168,0.0296995052803673,0.0515884551926018,0.0443953267004817,0.0215712405840481,0.0452568849828883,0.0353080507107977,0.0501000976655543,0.0462276879667013,0.0335657969704848,0.0502728943625776,0.0393205007271184,0.0617837852021115,0.0553808718085434,0.0194094310664333,0.0437909158026604,0.0343235788101458,0.0511562198709011,0.0463315896687473
frank,100,533,1.86088378090335,0.2,3.01882779860539,10.9009836681997,10.1715295688786,12.4856776949139,10.224594558186,2.48784636330968,6.39088496636888,6.03156003543275,7.17428993296667,6.05616765312975,2.653043519189,10.9363011875674,10.5486823299767,12.8761963956265,9.83290237223021,0.0183823325621231,0.0644656303090824,0.0606273345215688,0.0723900719564843,0.0584415119852541,0.0128943973113586,0.0533134696282196,0.0488527148636089,0.0634709089206484,0.0455372506165646,0.0206003247265221,0.0613960204673986,0.0563694871303949,0.0696618614781151,0.0573205932471416,0.0175701922841687,0.0538517610551407,0.0476540678996452,0.0653558581987716,0.0499812317759291,0.0127916314278595,0.0544515918380826,0.0503195594961881,0.061141375567258,0.0488598586205894,-0.0115419721271404,0.0628855453022735,0.0599347074161865,0.0487817497698956,0.0450854255315204,0.0170208766586133,0.0558370696148444,0.0495860566613017,0.0645652117008457,0.0510502963229332
frank,100,534,1.86088378090335,0.2,6.28074064538353,6.28558151186687,4.05922057086814,6.57441039117918,6.17778328496314,4.10666841475144,4.1076602847459,3.00540529199984,4.25098517716566,4.05458498816812,4.85682711950799,6.02568689106645,3.96068385931889,5.98457372961182,5.76047939075331,0.0352136664193158,0.0402710259232371,0.0267738857379526,0.04274564524268,0.0407240525078922,0.0321373585518908,0.0354442541449054,0.0251995020397784,0.0347214277982638,0.0330895937962735,0.0202855432040998,0.0295684413103792,0.0201559557570851,0.0294310618564619,0.0261705501372896,0.0294243446944092,0.0346075980931108,0.0238770659287176,0.0348266536037216,0.0334216713568193,0.0189926034421031,0.0229335882105439,0.0125984018197689,0.0240658737143857,0.0187325040048205,0.0179752904581631,0.0380566399658401,0.0299344445220542,0.0328008777486101,0.0349220870120587,0.0279519522893078,0.0292828761936913,0.0178794788940341,0.0307205192060927,0.0288181855739573
frank,100,535,1.86088378090335,0.2,-1.86607776797359,-1.98674574298009,-2,-1.70561642313567,-1.81079184015686,0.0733846619717134,0.0107520926453276,0.000451661082501751,0.151226316791458,0.099037861664468,-2.29226581993235,-1.87344086362696,-1.8206604156344,-1.86981244503963,-1.84429194338046,-0.0378320975870512,-0.0337444786469763,-0.0316287560440035,-0.0351441586259523,-0.0537596374950746,-0.0186951789514787,-0.0035926335847737,-0.00245194761087582,-0.00483921210476688,-0.00771399997123781,-0.0103152246599381,-0.00711506643842611,-0.00358931045080606,-0.0134984575494984,-0.0128220186340419,-0.0128462450502117,-0.00656165447583211,-0.00303171966116944,-0.0107255523968491,-0.0103918675399927,-0.0053256683036567,-0.00593542030288547,-0.00328501857604189,-0.00668046410476329,-0.00369017344185463,-0.0135081196490203,-0.00536572366305571,-0.00343769782528167,-0.0122635065003253,-0.00759034847187406,-0.0137673569574922,-0.00718836734743947,-0.00245217900641447,-0.0101704794161424,-0.0103454810921615
frank,100,536,1.86088378090335,0.2,22.1838005528496,20.0934981497217,12.8564953301416,24.9280658255082,21.852715515401,11.976668519685,10.9430199575218,7.36122703185742,13.3356604175188,11.8156961159967,19.9444066428129,20.1764025697446,13.0063556903549,24.5504717988844,20.9829790747386,0.108070830523103,0.110402789593396,0.0719085708784182,0.125967198167472,0.111556895697968,0.112584751683431,0.104032231239176,0.068147565057299,0.126895197083132,0.107338708533213,0.110148544887573,0.0765786864387876,0.036934677088543,0.103939713140418,0.0843248851020758,0.109602318321794,0.0957941123896107,0.0574403337845444,0.121338600605557,0.101632965033055,0.108228177074353,0.0937387543489851,0.0593746376210043,0.11989477462777,0.0970644403012291,0.0184557103455654,0.0216798172762814,0.0112829326615162,-0.00992122033178821,-0.0549341282481214,0.108887572433739,0.0983628658540594,0.061447606257655,0.122635031038489,0.102824362406545
frank,100,537,1.86088378090335,0.2,0.36923168078608,-1.52789169126435,-1.96137739434169,-0.712324265461403,-0.78039703725339,1.17770446793113,0.239117798670848,0.0238766550445741,0.643107245435471,0.609601669367889,0.437577160849093,-1.52347081176746,-1.82966021441249,-0.950619875433464,-0.846862944477557,-0.00891280422248084,0.000779324013750988,-0.000463563414613184,-0.00270498441389138,-0.00101082624216634,-0.00352917733423579,-0.0137164535118428,-0.008354939218503,-0.00965218602614844,-0.0140290572272685,-0.00109370584131957,-0.0143055686573409,-0.00945600803705958,-0.010417499123364,-0.0115127225045816,-0.000539557541662758,-0.0169102324967351,-0.0168718272546011,-0.011439136503882,-0.0122152241962796,0.00337855333069867,-0.00740573238764423,-0.00774064012022377,-0.000543311279495702,-0.00245726295696887,0.00371633863936687,0.000673710415532662,-0.000288793453552012,-0.000355336501330754,-0.0099736020627154,0.00366349826322867,-0.00768230320641551,-0.00827781301818012,-0.00483205179565447,-0.00541168465019678
frank,100,538,1.86088378090335,0.2,2.07545106802115,3.53310512359075,2.85329561526782,1.36936623603845,2.44516439626094,2.02446236390962,2.74449685567897,2.40784441390709,1.6734556962925,2.20694057323947,1.43822986763955,3.3578126878445,2.77078734242729,1.12654454073989,1.97101620279523,-Inf,0.0245062535149537,0.00696881920443932,0.0165894880738997,0.0219322845140892,-0.013881265925858,0.0175777879498044,0.0186985733766592,0.00558048297963474,0.00621475189040102,0.00478855582232219,0.010226740069611,0.00731313267910864,0.00329497297406531,0.00352614132825049,0.00387581362444957,0.0168427909045587,0.0145422095753335,0.00570186275391593,0.00878774230520233,-0.00305815092811097,0.0204162612830138,0.0140973587550967,0.0096682230235403,0.0122849270630818,-0.0217326222919016,0.0114310839282787,0.0153486534280775,-0.00985413872362973,-0.00491517813542165,0.00475402273552886,0.0153454954961035,0.0124361912746817,0.00325698303654779,0.00731679631894599
frank,100,539,1.86088378090335,0.2,6.39435575058482,7.56242039356703,5.20420384163608,8.86159135924199,9.29185073388814,4.15954848907941,4.73818845200603,3.57124115631997,5.38140808675292,5.59472996038294,6.10750727134611,7.98417671971374,5.80336637430003,8.87145818184923,9.36545399620279,0.0411758134390986,0.047614900184534,0.035824294533615,0.0543060197014459,0.0552380861794704,0.0316441724183301,0.0320203301497792,0.02110592670429,0.0347038689289452,0.0337722494495843,0.0339038244725468,0.0310488228199639,0.0165105847207491,0.0410506458897404,0.0415888764377893,0.0234383814907783,0.0321674729527408,0.0221518683465417,0.0378549573210639,0.0361119059699156,0.0341603099402438,0.0334306673535996,0.0199406276157194,0.0415571383732399,0.0410496691899083,0.0417796759194591,0.0451550003776429,0.033231244382333,0.054307646149349,0.0551028400703606,0.0319297035854938,0.0379407310217884,0.0260822981599923,0.0435555571673276,0.045061373552343
frank,100,540,1.86088378090335,0.2,1.68046902356642,9.71185638872074,10.0829388438876,6.70789282045963,8.20423383335282,1.8265402845753,5.8015091450364,5.98541112569506,4.31525661177908,5.05547507958997,1.30592644172545,9.90080007315111,10.7340245518049,6.72868111368729,8.07604375612893,0.0157974423917329,0.055293115254309,0.0590337486839324,0.0235222589967316,0.0463059018904367,0.00793535811454079,0.0418987166367092,0.0422216444775193,0.0257864089004754,0.0356421608279242,0.00818834226838844,0.0481959732807831,0.0475661835831958,0.0309078751325844,0.0406256385022566,0.00880837846965888,0.0515529390081202,0.0543974120902486,0.0346766038453298,0.0428586007753419,0.0053060371804309,0.0480687064048521,0.0516374582723129,0.0291983323629176,0.0360734099674785,0.0037526900438878,0.0542603698624971,0.0581522969782904,0.0321053467770279,0.0468253322589749,0.0095923504592763,0.0480956214747381,0.0492764031724689,0.0323334641482937,0.0405248078445742
frank,100,541,1.86088378090335,0.2,10.670118049229,9.26569623222854,5.31043720783607,12.9618274560617,12.1633018813623,6.27786127386096,5.58156901347802,3.62373588378658,7.41150959420014,7.01650753099553,9.31400434278348,9.66120448178604,5.95505598049892,12.8560647764508,12.0618371686611,0.0381034802800169,-0.0186052036898889,-0.0575506651661294,0.00786791619202101,0.0123757831376258,0.04625599031927,0.049025775749985,0.0315110661472585,0.0677631783012391,0.0614153461696512,0.0396623648093156,0.0430960459751117,0.0272865635838937,0.0568893854413465,0.049871708160346,0.0506408958938103,0.0495706338062776,0.0306843738945223,0.0660581275702881,0.0610055577186606,0.0463499038483449,0.0450838538323853,0.0283508596092671,0.0602405942141756,0.0537219514033567,0.0630357532355961,0.0551369620798325,0.0343052763975952,0.0744294852891992,0.0704169209940145,0.0504547704874376,0.0460924833503134,0.0267319794696859,0.0640331565030103,0.059466269775019
frank,100,542,1.86088378090335,0.2,8.0089827934732,14.8038388440749,12.4603190134131,16.2335537423093,15.920704636978,4.96015264041573,8.32186185413116,7.16213852214012,9.03008501436726,8.87572793003094,6.31414120206844,15.1115356086093,13.3825921400259,16.3920162813983,15.1302336892361,0.0417922066513799,0.0789922902267805,0.0661937078958042,0.0909731557501277,0.0807455187234491,0.0429483690385052,0.0730513236346349,0.0633190202520723,0.0738635741030147,0.0777628265112275,0.0390232026708394,0.0792259445886889,0.065916588974702,0.086380587347548,0.0834583822109421,0.0304321693709689,0.0717075800650079,0.0623869210577413,0.0759387831022184,0.0724103468983657,0.0311906772494113,0.0704372656283984,0.0606273968369886,0.0705067483161988,0.0728442369232395,0.0124822456120876,0.0808548706435903,0.0722938468040097,0.0688542144707973,0.0757823404112145,0.0389893232025743,0.0744566560304265,0.0620195577978657,0.0811630532070051,0.0782069634963742
frank,100,543,1.86088378090335,0.2,6.09037912036016,8.3071254766065,5.47940224877998,12.5461754525671,10.1759727913064,4.01066408480194,5.10719829703694,3.70812377820126,7.20588334589005,6.03190025434141,4.59105781298691,8.38823383941293,6.00403123559333,12.3761296722533,9.91969210011165,0.034512770605087,0.0234478778457355,0.010322329419461,0.0487325621511029,0.0467271909307386,0.033255533449918,0.0387480625533368,0.0215291742652442,0.0513338428128492,0.0525001858186642,0.0319846788194943,0.0347556857762351,0.0172320343632715,0.0541908874173438,0.0485088995809611,0.0288587163673779,0.042370033091259,0.0276630688020707,0.0613037629861109,0.0514656484920242,0.0342331144946851,0.048547638985176,0.0318605956702305,0.0691129953237058,0.0583583457990418,0.0201817634986666,0.0475782388252441,0.0365755355798511,0.0573269644416584,0.0484448337927795,0.0219326788396307,0.0372825589880783,0.0222373245522285,0.0568999943760829,0.0465160952110596
frank,100,544,1.86088378090335,0.2,4.0268655793683,8.1556318787162,6.7242671620152,8.64557866719133,9.29953537204621,2.98892141776576,5.03104920788247,4.3226638646511,5.27440333593566,5.59759798108932,3.0056297676441,8.46714748200997,7.444651709246,8.6633935368397,9.18854635793403,-0.0065746169596521,0.0436954417034155,0.0430517659883185,0.0300498134955128,0.0376838041964791,0.0244625935152902,0.04628606901994,0.0391336081926054,0.0491483915151859,0.0524995277054056,0.0225470552404544,0.0426031537972999,0.0328593985118886,0.0441335001930219,0.0494690761999789,0.0209544736106783,0.0434960609172281,0.0354794145578061,0.0443833228460809,0.0482253757017062,0.00834584249093906,0.0420371299627239,0.0378044139256788,0.0403624246878738,0.0432330599549974,0.0166496074296189,0.0503269487919851,0.0391792294136967,0.052728735080995,0.0557021119473282,0.0203346738181127,0.0426561635778581,0.0343688150689197,0.0442929829479976,0.0489419365854655
frank,100,545,1.86088378090335,0.2,12.3350363265037,27.6879352928926,26.0255707050617,26.3559118822522,23.9621108818301,7.10254359321224,14.700600643394,13.8776041878639,14.0423443597588,12.8585915347807,9.98946426097205,27.6554264020163,26.9681833017831,25.843451810736,22.430639496965,0.0487778085764834,0.13898946452651,0.134459608584,0.13213684627907,0.116284048260549,0.0604504325149946,0.143741265751103,0.134600667032908,0.134808187356543,0.117665999633622,0.0656526375527677,0.141998257441625,0.129216098980608,0.137103973906568,0.122641661061025,0.0404471709958598,0.128697563099585,0.125600481570426,0.115504981157558,0.0964408188309335,0.0378210975428669,0.127808948151976,0.125331269241524,0.11154940324368,0.0901671493624322,0.0490357775455031,0.122465957603102,0.129622860516444,0.0658556521533248,0.0922691812552651,0.0603861074198565,0.139994990844477,0.130647952232184,0.13280893158602,0.117806118319697
frank,100,546,1.86088378090335,0.2,8.68293169661198,7.70293736691404,4.64826641651335,8.76797303710281,9.18850717222103,5.29393649742532,4.80831234881898,3.29661616103446,5.33513892546804,5.54445422684185,7.26449930957401,7.74650313050958,4.7513826420785,8.75677234718068,8.78135736172248,0.0452530776519172,0.00626530512301608,-0.0268197392539114,0.020568737811886,0.023812102960372,0.0488475640566961,0.037578448149261,0.0204211983016776,0.043007952827853,0.0468765015833122,0.0416941305681762,0.0415898489247362,0.0261515951790882,0.0455768502109494,0.0465715245492511,0.0425306041235204,0.0382406850728515,0.022763680294571,0.042774542648838,0.0436806559011177,0.0383564815473424,0.0393641186417886,0.0232517259184526,0.0454921731407514,0.0417555969540647,0.0279579276501205,0.0468238881527458,0.0332167032177827,0.0516497946139128,0.0472490584810641,0.039590787795759,0.0376480908030871,0.0220432045681378,0.0425121150499238,0.0431357562147133
frank,100,547,1.86088378090335,0.2,8.85696076215777,10.532041588884,8.99436478118807,4.99892579763695,9.13862694674005,5.38069025530904,6.20925976944604,5.44776011673617,3.47080778235875,5.51976909465541,9.16793700772706,10.7270029260974,9.12526676990871,4.44796319663422,9.40857611651775,0.0521482472633967,0.0606428167135634,0.0461885409685471,0.0349655610525121,0.0550289810880765,0.0487658061707419,0.0608460341271566,0.0528322872163883,0.0285535832026929,0.0520027648824718,0.0496300296696563,0.0543235031337912,0.0432000167884033,0.028878668254553,0.0488755584357789,0.0432657220281471,0.051174172705264,0.0418856945365174,0.0240263198533566,0.0439553026861231,0.0399950474852061,0.0524802549126822,0.046563181328139,0.0234439928185171,0.0424953244848298,0.0537261774968879,0.0410576906428251,0.0132880833422017,0.0266993838219253,0.0511298610596972,0.0443348286200288,0.05456708656051,0.0465672105969517,0.0259305714729714,0.0469582594969246
frank,100,548,1.86088378090335,0.2,-0.285789581377609,0.635357140019264,0.201607213927428,0.495223398650289,0.453607886616152,0.852287139827385,1.31039590997293,1.09675985655723,1.2400441816646,1.21931078504307,0.000544368046795585,0.400399878901403,-0.16852016193296,0.544818848443438,0.580933780868924,-0.00132328368345901,-0.0181489582039134,-0.0196877996425362,-0.0372887460333653,-0.0379296714698512,0.00367479584077722,0.00265171681135338,-0.00130685522086991,0.00378296375812389,0.00579727373303572,-0.000612795522867282,-0.000415122891169043,-0.00236876165685306,0.000683954188490696,0.00171582222953131,-0.00161683160476982,0.00596604925620411,0.00323922461243785,0.00401336474105902,0.00455149203323832,0.00139899760646445,0.00583701463694502,0.00166726964676164,0.00709539278386456,0.0059021460867916,-0.00110379824112099,-0.0120337133899317,-0.0126264310339568,-0.020342645028388,-0.0155030620564953,-0.000269636101042734,-0.000989049663455882,-0.00494207620689034,0.000849574305025138,0.00014428459558629
frank,100,549,1.86088378090335,0.2,1.78001077373556,4.51166284189222,3.08546672137639,7.03461955236764,4.96822368269212,1.87691328731844,3.2284952220442,2.52323333086841,4.47726242770797,3.454644881458,0.879142912014808,4.47048468544266,3.36343674500898,7.02972874919176,4.52989330530091,0.0111227764100829,0.0245344760108928,0.019130893967054,0.0330608804678958,0.0129020483792571,0.00302572405042589,0.00595819257045763,-0.00861994793375695,0.0285751541064736,0.0151302490258785,0.0125685030070923,0.0195453473944331,0.00715021349758986,0.0356802054741205,0.0267083055086191,0.000784452002203533,0.0175547442960994,0.00949192625844952,0.0300284086710842,0.0175154403306907,0.0116056446102433,0.0249762841147921,0.0159337428899344,0.0386053622361919,0.0268845102974247,-0.0500065721522566,0.0194647744744963,0.0227177002106155,0.0185611755110175,-0.0029471806708563,0.000924149900557297,0.0207829776817457,0.0138258428658043,0.0329479877539957,0.0208636427977062
frank,100,550,1.86088378090335,0.2,7.42091678005074,7.11246520055885,4.28564587559988,8.71509412950811,9.24939530283414,4.66790897906124,4.51590734881122,3.11753215204297,5.30888535016018,5.57294743408662,6.75816214717881,7.22802288215799,4.33931828128305,8.75101810444841,9.44933766794166,0.0413396041518289,0.0038001920488496,-0.0285004961374014,0.0262127517306623,0.0172865153746796,0.0420897425743475,0.0285764435475673,0.0112346837611888,0.0430867204186798,0.0432721528529809,0.0321056640323108,0.0342673182478361,0.0177618626962982,0.0433081787030153,0.0460150838028695,0.0365447695166035,0.0342855869826563,0.0183118092993025,0.0414054282640339,0.0454902446302022,0.0337489612981536,0.034702609536379,0.0185596352143544,0.0410326008971581,0.0451515333550098,0.0305451368137188,0.0312413199186559,0.0213539037048964,0.0443656133716295,0.0441904263256671,0.037846051258239,0.0361589666457966,0.0198042668493769,0.0450555104994128,0.0480049834837043
frank,100,551,1.86088378090335,0.2,7.16345625050862,4.46026489259059,1.84410684003098,6.06603888190924,6.99830211657918,4.54074341355699,3.20289005529344,1.90811361391067,3.99769717377857,4.45920515379718,7.15944586540233,4.86884554226638,2.18319452330465,6.09918261094165,7.42025217922212,0.0408644770515747,0.0190696105907113,0.012833475805732,0.0270858092634401,0.0322224063497255,0.0374783446068545,0.021910577352786,0.00367471904498133,0.033211360394563,0.0370211301130508,0.0321980645362305,0.0139464642371063,0.00235161364911904,0.0241970718875305,0.0280083265304192,0.0335490696828465,0.0200684349970691,0.0062836840853665,0.0295454140772864,0.0331598409128497,0.0345676193748747,0.0291008610794097,0.0160416396456543,0.0346727099274443,0.0393963730629737,0.00579240294907429,0.0217897162205634,0.0118960549012796,0.0311137467387871,0.0358482063841519,0.0382195345761311,0.024210373566094,0.00980192234270829,0.0318663545427769,0.0375594227425051
frank,100,552,1.86088378090335,0.2,-1.27905394468099,-0.587896258023755,-0.838192386039094,-0.401170754446533,-0.560608130967566,0.363557897082018,0.703926764706592,0.579998615269577,0.796654900789923,0.718157891106228,-1.57923983848259,-0.464493600314287,-0.554783662340913,-0.459244846834807,-0.7181216903048,0.00327267323105959,0.0062212775011197,0.00485276893142734,0.00682401657472932,0.00583242016917995,-0.00347195552768227,-0.0145012716241693,-0.0210917820122923,-0.00556320097860564,-0.00438855410840637,-0.00475842056472327,0.000319093591322912,-0.00219516874678614,-0.0016935809876341,-0.00163665296713259,-0.0064488342925619,-0.00527481681466591,-0.00763444913366162,-0.00278755164299149,-0.00464976580244834,-0.0187737165404997,-0.00193196006922478,-0.00527746664447202,-0.00358039229927018,-0.00612559087316291,-0.0198094122364661,-0.00709927028033128,-0.00398587117195924,-0.00174269294910622,-0.00272063688310539,-0.00969380777743326,-0.00262573406658361,-0.00470650800725279,-0.00229692500873976,-0.00338073629134097
frank,100,553,1.86088378090335,0.2,4.52746900332913,1.41380423780288,-0.639807915233561,4.10308448950484,5.78182421491352,3.23524657907035,1.69359573747759,0.677787722206222,3.0247705003494,3.8549862531769,4.3058638449982,2.18214612592632,0.0706365838158944,4.55089217696705,6.63174406652944,-0.0156427004999736,0.0105546849686425,-0.0256689916203608,0.0252428199393812,0.0376128401995586,0.0249128307143914,-0.00218131710870688,-0.0162602212671129,0.0153490738349192,0.0259120283687296,0.0192149989592343,0.0107863658615492,0.000288368700549716,0.0217312420147249,0.0318480579431094,0.020390099265378,0.00722658993256356,-0.00123830042447586,0.0170625099749562,0.0286155058323185,0.0230094687588251,0.0141599820196654,0.00368684525139305,0.0260562759848944,0.0355910749869348,0.0325571565224889,0.0159395955221841,0.00357526868844085,0.0300605770518039,0.0386515815795789,0.0238591764191487,0.00899682158155218,-0.00350057026775682,0.0236350672204044,0.0327890941227125
frank,100,554,1.86088378090335,0.2,11.3152303441774,7.39356774659838,2.86164908637419,13.0291091725964,10.092277696416,6.5955302947154,4.6562759816027,2.41381713238071,7.44513271829645,5.99245224061248,10.4676858534203,7.53837271910893,2.91153187905336,12.8422290341713,9.99223362801388,-0.0675369383412121,-0.0274004974927174,-0.0314197680167802,-0.0404788738811886,-0.0529645691289638,0.0631043924472562,0.0429591820795578,0.0163542543804454,0.0708713800442172,0.0557904186877559,0.0551250478676439,0.0380346828803574,0.0163994931802119,0.0650894524845962,0.0461406945787848,0.057891160696393,0.0324142130499937,0.00973978627073362,0.0613738175278703,0.0459631604250599,0.0608476883622845,0.0294612131340171,0.00346972410317793,0.0619165216027324,0.0389434531371326,0.0567698828173434,0.0438155697556152,0.0180679821064024,0.0742751024180111,0.0579933629955722,0.0582305421915627,0.0337472027187554,0.0100772420425634,0.0637472863153495,0.0467756912793423
frank,100,555,1.86088378090335,0.2,7.74567336159013,11.5043799998,8.83599635793119,13.1052015801636,12.2181507996195,4.82943753484293,6.68987891853202,5.37008511926823,7.48166860692388,7.04350386324936,6.54117149431755,11.5407121722134,9.04096482786638,13.2434166063472,11.7991450176685,0.0460661468113504,0.0668030420464733,0.0539994168692436,0.0706932005656085,0.071049746212193,0.0334863562385144,0.0544419819714038,0.0421627675990384,0.0607986662119156,0.0575185071620486,0.0417168418099457,0.0565232443078123,0.0415352234973407,0.0661261690808741,0.059300692763431,0.0378822497245494,0.0553127654356976,0.0401726894272843,0.0663016484051843,0.0583315206891582,0.0434329479118355,0.0648557693123979,0.0511306392420261,0.0694897624787189,0.0668924672005237,0.0487221451858293,0.0528287647506928,0.0255771517049127,0.0742012979796266,0.056405996720059,0.0393837178287166,0.0556817666398054,0.0394970257641944,0.0667926358331268,0.0588145341456952
frank,100,556,1.86088378090335,0.2,0.538118387501987,5.50513440288342,5.26827443596725,4.83093226256636,3.30729416334702,1.26267463748325,3.72058563415032,3.60307354917973,3.38747203420432,2.63422637790418,-0.26901685288874,5.29131034347278,5.65892017227062,4.43372133675836,2.35686300381318,0.00431139338229803,0.0196492332356359,0.0121810140735789,0.0255182169840916,0.023219503809788,-0.015866342370622,0.0150724996426593,0.0197981543438166,-0.00500910944072443,-0.00602380701150452,-0.00530209807455418,0.0273467701188463,0.0275029977464995,0.0248213915992662,0.0118022971768138,0.00138008581129281,0.0313230337231568,0.0305191301765155,0.0265592675690017,0.0190017970965096,0.000429505496272532,0.0310527535984006,0.0309763347885713,0.0260732360532116,0.0152576828008587,0.00704034202525756,0.0375152854321884,0.0353027680057336,0.0334219126664909,0.0263441359351904,0.0001680716474408,0.0256491313545761,0.0250048764536371,0.0203994265191641,0.0109279986992207
frank,100,557,1.86088378090335,0.2,6.88139348374337,3.59764979438594,0.636736558189973,7.9161223548206,6.04989391971844,4.40266988754033,2.77620991150025,1.31071884399291,4.91352231428933,3.99128912821019,5.73226895800094,3.92591197440048,1.07771110488273,7.95346291235885,5.71353132979377,0.036280530221694,0.0245110227883922,0.0114720028456162,0.0457873005688601,0.0394398234267987,0.0343006816740387,0.0182150107607375,0.000713132938805966,0.0422229691084513,0.0291857569849873,0.0371320060758091,0.0216410832110702,0.00599937141425712,0.0434526419240178,0.0289240039737145,0.030104691740697,0.0159713026533793,0.00149515962577531,0.0389485827591493,0.0265617443128117,0.0263514555115845,0.0202909400463254,0.00675196259350629,0.0388774838572606,0.02592258627432,0.0203827090870567,0.0129853863199264,-0.00330571172654959,0.0430581219247751,0.0132139433801689,0.0298289809910733,0.0178351014684059,0.0035303464650295,0.0389608773876687,0.0263680174637047
frank,100,558,1.86088378090335,0.2,-1.49602076400311,-1.88717031426744,-2,-1.22912768691397,-1.11394324597022,0.255040317292108,0.0604914933624723,0.00259146809386609,0.385885880335634,0.442360581017226,-1.46375631341392,-1.57795197305428,-1.9365191366669,-0.927835945175712,-0.560405441858053,0.00155169330424573,0.000210888099994926,-0.000276408666050117,0.0025973162009991,0.0037455293418955,-0.00378991238033897,-0.00212621730205507,-0.00372977560191755,0.000895480742505026,0.00215907620328401,-0.0146335877446006,-0.00963654314703908,-0.00751721819556021,-0.00920079570919827,-0.00659471552304004,-0.00512931612400072,-0.00827513337837876,-0.00473245204748312,-0.00406112696552296,-0.00247512434372965,-0.002486364541681,-0.0115133866173831,-0.013292198598129,-0.00478004828246781,-0.002025522395991,0.00248575149755013,-0.0196460490623545,-0.0276099849106658,-0.0214196072033886,-0.011131920914673,-0.0111221239589935,-0.00842028857311774,-0.0056094263848135,-0.00433936685025411,-0.00305794178702618
frank,100,559,1.86088378090335,0.2,14.4070987838974,12.4975471915797,8.18982767895018,12.1875276416829,14.7928561932892,8.12616740685063,7.18188450668837,5.04974316135143,7.02881912786709,8.31766684244535,13.6063223622553,12.7645824107757,8.46232883566685,11.8253150751831,15.0899833707701,0.0820230525056459,0.072429869628125,0.0508866828499854,0.0698462218650406,0.0835363425154536,0.0793578860620198,0.0692256121153934,0.0447508262261552,0.0680631247650555,0.0815026065056752,0.0731219003271732,0.054086921959307,0.0312105985952197,0.0523978163590966,0.0693754965683901,0.0711819096960851,0.0635542185532699,0.0432799344889932,0.0577188976495629,0.0739002248450609,0.0701448044292787,0.0675359550720941,0.0446333593387749,0.0644879401622869,0.0785794520323517,0.0758479608373348,0.0627463166180449,0.0314133557985137,0.0664148730362829,0.0824367147573458,0.0720427884359496,0.0590603485028054,0.0369978449014991,0.0571664659027846,0.0712932409626205
frank,100,560,1.86088378090335,0.2,9.11550252794158,7.75010007919483,3.92535476148019,12.7915976018165,11.2842040823443,5.5068488207481,4.83117003639043,2.93884467874577,7.32613894102053,6.58081448903302,7.95020029021864,8.12253110955712,4.35595429537617,13.0585403417082,11.2414865722807,0.0528610507163026,0.0474694282635613,0.029110211524179,0.0717350678456607,0.0586038302414992,0.0480374456994196,0.0451309034890825,0.026496208060875,0.0676937645196384,0.0609290246197399,0.0463103782438232,0.0383629868660837,0.0187852100195066,0.0655120591918945,0.0547726817973748,0.0482525027020834,0.0436692025103831,0.0224825237836137,0.0691433459245865,0.0606430628599786,0.0475302467001738,0.0403999972289051,0.0195003236926909,0.067722763348251,0.0578947866245046,0.0548108481995705,0.0455338962129202,0.0255178026169015,0.0732206077030429,0.0659838571198902,0.0439202966589574,0.0399410142244808,0.0201072850131643,0.0651151804549009,0.0560558018650306
frank,100,561,1.86088378090335,0.2,13.1111916064375,8.46362263534384,3.49656292692043,15.2095405817672,11.4905408930779,7.48775753868159,5.18533774420414,2.72658766167425,8.52470592927534,6.6850085818168,10.3344274335406,8.5347288240916,3.86837400863115,14.9299869394831,10.6593372402085,0.0737631847419986,0.0523007204371697,0.0274539644314836,0.0860270706711469,0.0672993378662814,0.0613035738263754,0.0365550987945576,0.0106154526012477,0.0687791330820514,0.0490291400438429,0.06410220399616,0.0377665964985235,0.0107419347117559,0.0741765638665341,0.0536449477124497,0.0608377682470837,0.0385343415122862,0.0139793274227814,0.0728121610377814,0.0507325358400665,0.0684887177426681,0.0463139860340902,0.0224516785623405,0.0795322540151231,0.0602207306535163,0.0278967140906623,0.0338939943122998,0.0038569697519269,0.064038065026398,0.0338443730777821,0.0595360974118833,0.0400869880610925,0.016011378924129,0.0729011178675498,0.0521469618654316
frank,100,562,1.86088378090335,0.2,5.11707355409373,5.90547209554417,3.61804273177518,7.68760444498984,7.69722240699631,3.5265652893395,3.91847291889353,2.78781783785962,4.79958616446412,4.8041792520356,4.76419914298675,6.03075730137945,3.6226810648643,7.98916461491192,7.98413097515525,0.0349573279373476,0.0384404234630545,0.0271512332926525,0.0434937877036669,0.0464514367283105,0.0204099814776126,0.0196533058857856,-0.00375827448113922,0.0353631012183742,0.0369860570228982,0.0265185522723826,0.0323717164549338,0.0200803614639207,0.0422618468936716,0.0417271727285174,0.0258346634293316,0.030094754290103,0.0158943062792743,0.041270928561173,0.040681504538267,0.0286607052333339,0.0326091212917079,0.0190858729306991,0.0432519998469946,0.0435711643394019,0.0226360608365884,0.0273161024954553,0.0205900093667537,0.0349313846823842,0.0399753010543443,0.0264596512591208,0.0264480253222676,0.0109202450294672,0.0383172172448633,0.0386736466071786
frank,100,563,1.86088378090335,0.2,7.39629001804373,1.17358865977505,-1.36257891659581,5.24100652749174,4.04070783778921,4.65709889103738,1.57733020271088,0.322125869776067,3.5902111337058,2.99616094544014,6.56091598652266,1.22747301398565,-1.41514642248512,4.96240524895172,4.11867343568185,0.0293603184853716,-0.030539464244439,-0.0258354691752935,-0.000221695492145146,-0.0107706740649267,0.0340695676502958,-0.00150993948208104,-0.0153817288157189,0.023275732257655,0.0145480948686668,0.0429700422099545,0.00679185125516686,-0.0076886918560411,0.0283571161869293,0.0240867414160051,0.0384929714382349,0.000579810800343932,-0.0137381661219275,0.0234969069617083,0.0186875079332093,0.0336690256474493,0.00838498436287289,-0.00585035510886109,0.0287965742415496,0.0195744551558044,0.00703354088945456,0.0147878722718023,0.00306256176459717,0.0289831120721161,0.0282526665338468,0.0345523390414741,0.00230618467629508,-0.0113543951693228,0.0237259200426248,0.0172470668395259
frank,100,564,1.86088378090335,0.2,4.15230907802319,0.271223734598665,-1.50171506202666,3.76684290095923,3.42720903615808,3.04954276980865,1.12920707304015,0.252427732471436,2.85880609167808,2.69085010747076,3.89707157506112,0.629534412502458,-1.39430375313906,4.09177496979587,3.86150289400239,0.0303864120824464,-0.0508423496991054,-0.0694352910164667,-0.0196534800078521,-0.00088310936456284,0.0194295404858638,-0.00841019319598434,-0.0200125841418863,0.0111995450469014,0.00997723385754073,0.0201724531925559,0.00403576924452531,-0.00324154617085737,0.0198709327645814,0.0186558300342116,0.0263792292765001,0.00755522212887206,-0.0045832548768299,0.0261745174127195,0.0247166142721572,0.0242291801710028,0.000766137767787176,-0.00964602330397543,0.0186977635621716,0.0182515564315105,0.030746109450533,0.00695073886855642,-0.00700301278026848,0.02644416658833,0.0227817733747817,0.0240309257268193,0.0042211165285639,-0.00622693307502918,0.0230303468116901,0.021008590393018
frank,100,565,1.86088378090335,0.2,9.61572723959288,8.59986457447646,5.01284519130871,11.4456711686805,12.844273339032,5.75384295389347,5.25087810894942,3.47559679342284,6.65989264221782,7.35183589248728,8.8454973716901,9.28145286296034,5.89119526286854,11.6782628011489,13.2281453790783,0.0561942442499229,0.0144656633014491,-0.0436033790633673,0.0604718492958156,0.0611987504199734,0.0557663114146634,0.0439354096490645,0.0234247715420851,0.060630749378042,0.0674459132085544,0.0464486905704259,0.0414207946107267,0.0218861337265011,0.0540562964259088,0.0616169595835131,0.0538124884330695,0.0491537110254434,0.0309311203339353,0.0624370091066348,0.0707261333930809,0.0490831238832225,0.045150736122602,0.0280008515049176,0.0573036392416,0.0646877300830984,0.0567494289904827,0.0523160210579688,0.0326606089119537,0.0664968533641723,0.0739521293154065,0.0488284415952899,0.0436929781651753,0.0251747678074606,0.0580067775591456,0.0652811938790037
frank,100,566,1.86088378090335,0.2,-1.97303048351067,0.412763812395345,1.03794179938183,-0.661043311166942,-0.868408433422926,0.0213554591158753,1.1992260871048,1.50830470251999,0.668570906856169,0.566642153473266,-2.52968823255602,0.399015834772078,1.47505378577053,-0.937393183336952,-1.44962217561903,-0.00130500989852411,0.0108582990982119,0.0149964932775494,-0.000392895854899858,0.00484392627492442,-0.0108331752224219,0.010379555409809,0.0129222230658035,0.00485942170610323,0.00105222665731787,-0.00793647076421577,0.0044809040019571,0.00829449730800346,-0.00302199429881925,-0.00234019258619188,-0.0164749951200268,-0.00214198415935039,0.00156398746974959,-0.00998915817906737,-0.010998618128521,-0.00992500251080617,-0.00503768328891972,-0.00457731757898092,-0.00610288933341166,-0.00554642426491762,-0.0123662748773172,0.0110364422592024,0.00956202381211207,0.00660284494498417,0.00479290913053772,-0.0180088714064121,0.00277227983470829,0.00681361661027278,-0.00470450366338616,-0.00693954002274317
frank,100,567,1.86088378090335,0.2,5.18484266078411,4.06870214004807,1.59838019594932,7.32568924324558,5.62983934783596,3.56322278022014,3.01001383724996,1.78771607463686,4.62204241675261,3.78251502152801,3.92587736817045,3.99056495176994,1.68088702333472,7.06546021244978,5.40844074442944,0.0329278826584955,0.0191219240100407,0.00757328266386739,0.0364449794100759,0.0361615037025246,0.0301730630209087,0.0184248959402398,0.00357620065710284,0.0398022590040201,0.0296895133929626,0.0186871678517891,0.0245005758417099,0.0100186781416738,0.036951262009248,0.0296394060050472,0.0204451708454165,0.0146469469718725,0.000373103927642564,0.0331745766957141,0.0238655035214001,0.0274489367626937,0.0234126554291369,0.00865408572962156,0.0404846719928205,0.0331675200357198,0.0218835092947969,0.0285479495166698,0.0176676937458859,0.0414793435140685,0.031384146518111,0.0217080135385095,0.0155376033466115,0.000826894629673792,0.0335028390563825,0.0259910142264725
frank,100,568,1.86088378090335,0.2,4.19967825557604,2.68220114738236,0.301816732605051,6.72522983956494,5.17339324641378,3.07227671664806,2.32328634734637,1.14701384361085,4.32305455344849,3.55502672215145,3.92883075122702,2.81106627231337,0.0952852130932231,7.13206872029129,5.55436054718383,0.0245980916796829,0.0187868282504098,0.00884974338533134,0.0358391947338924,0.0322281598390987,0.0197214451041316,0.0128850088017016,-0.00733635058175681,0.0360312440357133,0.0275957633158455,0.0221019014798955,0.0154045310574198,0.000852135591323992,0.0391269489076328,0.0288520745990653,0.0224904331996315,0.0111263086365826,-0.00365236964809592,0.0333181242552555,0.0264008626146596,0.0250486726471337,0.0130650084392573,-0.00268732723657532,0.0360649131424621,0.0284124632772057,0.0113214654274252,0.015833663489316,0.00418182706523503,0.0382904570597901,0.023754096281283,0.0245569254232567,0.0110852698490711,-0.00424387456563258,0.0343054471086506,0.0263422996898236
frank,100,569,1.86088378090335,0.2,24.4781833353107,25.2747012939189,17.441079410559,32.1327712181837,27.7239527062997,13.1133575680698,13.5071361686395,9.63035365116813,16.9013216187459,14.7213829364296,21.0045061176335,25.2901933444263,18.0200851484203,31.9477924012522,26.100659066257,0.0928697079405893,0.136263385894982,0.0955122813044127,0.170168590588348,0.143308661373977,0.116768006951269,0.117795324639253,0.0785290722532002,0.159561525137475,0.129809028905264,0.118871045511152,0.123513322008572,0.0822944953672962,0.162489632118749,0.131703370572254,0.122349263578462,0.125782787247477,0.0834022552822079,0.162963052802367,0.136033933329784,0.101518593513842,0.119189036109089,0.0834129831848532,0.153928915053978,0.117346288394354,0.124739888041783,0.125723556114189,0.0617402900903372,0.169650277605429,0.148311083362031,0.118111725932823,0.122997486771627,0.082166284998038,0.157969373477206,0.131157517136227
frank,100,570,1.86088378090335,0.2,-1.98621450818503,-0.386425476459434,0.0354274061717903,-0.906324709351806,-0.513728511041805,0.0108655557533721,0.80239912719023,1.01136948649315,0.545513608197867,0.739626215254106,-1.42496423553112,0.0892347495631587,0.675278023810817,-0.563548088397414,-0.156077234064464,-0.020935757388461,0.00264054952179076,0.0081960342117405,-0.0200155580222395,-0.00486430778001466,-0.00102896989691773,-0.00164002556117503,-0.00769250690566309,0.00298718948895933,0.00443659787205162,-0.0116615031516852,0.00198398457398882,0.00228195635890736,-0.0001588635326447,0.00133574050602989,-0.0102222811230552,0.000117221001762174,0.0023730450792387,-0.00454570264061159,-0.00151773017888033,-0.00784833787344712,-0.00142342958984513,2.48544516266594e-05,-0.00390028189461284,0.000156487357748702,-0.0123663608990921,-0.00567907641808031,-0.00580519971840288,-0.00572034942413991,-0.00858909103397798,-0.00745621431690475,0.0012299615967578,0.00210890831651771,-0.00215364028005985,0.000793327970968332
frank,100,571,1.86088378090335,0.2,15.4262297632496,2.97957744631483,-1.04386935103198,7.80480921407499,9.5992872364741,8.63039879505673,2.47002755307315,0.478705319386275,4.85793907904355,5.74627035042157,15.2546353864666,3.73513780379574,-0.664550690634913,8.00268632685559,10.6264418764661,0.0723149206168084,0.00894785203877697,-0.00777115316621393,0.0354930972011176,0.0340606042495458,0.0828441522157429,0.0233870036772268,0.000680152876835238,0.046793993861699,0.0558937055591075,0.0840787917406145,0.0194870260694117,-0.00220260745666701,0.0447685323007953,0.0529410309138046,0.0762763944781033,0.0125505123410975,-0.00773763518405827,0.0384185905793931,0.0464996627549281,0.073818232940051,0.00641759961645522,-0.0134254117988537,0.0366762313716447,0.0450175156194961,0.0854969980582917,0.0217130388077476,-0.00412500961419085,0.0477578793337282,0.057871331783261,0.0792711614865945,0.0142572685429173,-0.00710149800391275,0.0407322662574152,0.0489799160663908
frank,100,572,1.86088378090335,0.2,4.02322197852228,8.41142089879346,6.40167153352993,12.0691737672131,9.45886087743718,2.98603742289744,5.15862341238064,4.16512222372517,6.96884472615271,5.67703289427646,3.14790991478602,8.41904934210655,6.66624250505574,12.1909723109859,9.0566413022196,-0.00114880934922997,0.00868414683890595,-0.0142046122145637,0.0583015582284026,0.0223785282596733,0.0104968119853837,0.0254460344383724,0.0119657030215067,0.0472399525664315,0.0337823803996193,0.0168062646252941,0.0433978511411549,0.0339573188921928,0.0611813031867365,0.0462100552900466,0.0188821853989728,0.0386983818469495,0.023360904998843,0.0603196595770099,0.0444657066952184,0.0177898602775127,0.039211951715136,0.024395088519759,0.0565572999618593,0.0448157477029982,0.0151701407285375,0.0247731504828419,0.0174394229201933,0.032853885731975,0.0412006428145326,0.0215136748788803,0.0402082905613966,0.0279372131942883,0.0594617502022257,0.0458829874892521
frank,100,573,1.86088378090335,0.2,11.3761914976142,3.16643765128714,-0.71001893272502,8.83680785514333,7.05382456092999,6.62531527375962,2.56427880498327,0.647162979351978,5.36917597378046,4.48722073216298,10.6215697155287,3.2263661423131,-1.24013788201205,8.9698653891311,7.40808072425591,0.0643297653313219,0.0196811570124308,-0.0129884152284875,0.0540091501002121,0.0445096765943403,0.0569801930107672,0.0089907396817075,-0.0140859476093155,0.0423484527686738,0.0322535047935826,0.0590696054285365,0.00781546148851761,-0.0156282905105228,0.0395654528886283,0.0310290637622992,0.0602656796924255,0.0166243391994187,-0.00587798670484079,0.0472452410736599,0.0376799912145225,0.0529182755877215,0.0166635697177054,-0.00804977155659005,0.0462504555742471,0.0375457779254157,0.0346059485071556,0.0206941258951086,0.00641894858530981,0.0369655806659553,0.0401433476503891,0.0577899678633174,0.0114545850966735,-0.0113830467869831,0.0444695001813283,0.0341930879226226
frank,100,574,1.86088378090335,0.2,4.33497533466938,6.60795831176607,4.27790105518619,10.4257310861227,8.29675223612653,3.14084255543125,4.2657258026458,3.11286421763658,6.15596636066798,5.10176348892487,3.40675724065329,6.80988772628243,4.86646966126619,10.3707494716477,8.13601893715127,0.00967171227842719,0.0430283055034089,0.0280122904219623,0.0579130949535747,0.0420931285198945,0.0211862452568145,0.0301280574089297,0.0162235526685082,0.0525524725511846,0.0391317857964944,0.0247688252960662,0.0243549271201542,0.00744003802947825,0.0454346230751734,0.0364961871647924,0.0233088679378239,0.0359507929290644,0.0232888082560668,0.0540022065527982,0.0434709931955904,0.021806241013021,0.0335241025198455,0.0204816336546606,0.0509453566961332,0.0424705813194043,0.0186411007889683,0.0369011507385067,0.0270342662897027,0.0529327999176779,0.0373761768021153,0.0228673904205303,0.0328234886559268,0.0200272997351489,0.0513055403095347,0.0415753846405315
frank,100,575,1.86088378090335,0.2,12.3403324414851,11.4594786488019,6.86008496805439,15.9359858925845,14.3632228236216,7.10449091777978,6.66775676190038,4.39204473665466,8.88292252257097,8.10542200816687,10.2457609679547,11.6331131256794,7.1471850015187,16.0915289470102,13.9682702585905,0.0584924262294902,0.0661256292620293,0.0390429648954862,0.0884579430960588,0.0812282974715644,0.0628819077181566,0.0465616615216285,0.0228375767171905,0.0729945748813396,0.0548935593079273,0.0610092618658856,0.0553050254827887,0.0297580688364244,0.0790114300078552,0.0695435816331253,0.0642635693490791,0.0541873417165488,0.0276903783480878,0.0793921014030744,0.0711051968705999,0.0450491291439964,0.057882988396945,0.0353383606535199,0.0820948441085004,0.0686313374410576,0.062842646507638,0.0663433248854185,0.0427665029440116,0.0891879479954124,0.081746848914615,0.0586145815546251,0.0569947775424977,0.0318901469946831,0.0802246173318081,0.070329419692343
frank,100,576,1.86088378090335,0.2,16.0385365777324,24.9590591039987,21.0177907526208,24.1440325296769,24.8412203608721,8.93483857888054,13.3495838562956,11.3990162585411,12.9465804053606,13.2921859448434,13.8439987945581,25.1323809256701,21.6659855386726,24.0120099116459,24.0907353731701,0.0832353338638123,0.122262295460847,0.10217162435556,0.127202142192908,0.121966834718754,0.0871363048385132,0.121167634888816,0.0962562950024373,0.114644136724879,0.125769221686968,0.0858952031466118,0.125319995345519,0.103843285922379,0.123179288599794,0.125694274417604,0.0775362985324096,0.125736662787248,0.10542358727338,0.120113011889321,0.121717547767863,0.0768620126452798,0.128775713221671,0.109882246372695,0.120326504383656,0.123837405627243,0.0785132895623903,0.130840368425529,0.0985832822264746,0.129924935190273,0.13306293002857,0.0805321538112442,0.125268040844613,0.104301889322607,0.122152425395942,0.123987506439309
frank,100,577,1.86088378090335,0.2,5.72013435284461,7.26962462515869,4.91400869272613,9.51780425867191,8.92798571055077,3.8280719297459,4.59306000288947,3.42734029680322,5.70596048484613,5.41505806055018,4.17002606277608,7.49170281437006,5.43913709067981,9.64215472988476,8.39025173763955,0.0385580884539736,0.0385215362607806,0.0245486731318621,0.045872714775222,0.0544786778801377,0.0339054972284724,0.0343413811283472,0.017090578078448,0.0516085730315332,0.0471759505132942,0.0127397143947932,0.0361346981586331,0.0262563135925649,0.0472518125254534,0.0393408506546883,0.0230567508874843,0.0319301910557823,0.0179027658222526,0.0445007671357059,0.039968211631747,0.0249000151086839,0.0314496149284486,0.0178749871719985,0.0459490370246381,0.0343016354972418,0.0259272700830549,0.0371395868598485,0.0307923626277906,0.0489913261066947,0.0384360511687016,0.026477138468716,0.0362005554261872,0.0236657758705219,0.0472063965999526,0.0427556739069987
frank,100,578,1.86088378090335,0.2,8.86782439514373,7.47215417420412,3.90011158247224,11.0394486898607,9.27776983244217,5.38507246903344,4.69437816665578,2.92638962651611,6.46030914641625,5.58884525307032,7.45935414455219,7.52901137176383,4.21858355243343,10.8293834744978,8.76375432829896,0.0519965274887684,0.040404770532385,0.0183883123211834,0.0627277317863518,0.0554525489738307,0.0473873622790184,0.0397894557496804,0.0243827879695689,0.0541994970549185,0.0439391906155253,0.044953804455433,0.0300601025438422,0.0101849319537425,0.0441529589091241,0.0366050202711369,0.0416213346311029,0.0347088048554726,0.0180421736785866,0.0515927039950519,0.0385055001279752,0.044441969846783,0.0384632163746993,0.0202934139158994,0.0509073519175529,0.0446684035541953,0.0248878451555603,0.0433617851705041,0.0280704093375848,0.0596416129533343,0.0503155398243251,0.0446885399775808,0.0356873171979696,0.0163049278552615,0.0540364470083876,0.0443199998261657
frank,100,579,1.86088378090335,0.2,2.25399163799203,13.1028511481147,13.4496293667123,9.54369127412538,8.6835827623654,2.1128249146191,7.48078192780248,7.65166441558187,5.72041435326059,5.29570416250012,0.813172850868268,12.8475410159668,14.1334031312825,9.0584505277831,7.24933266137767,-0.000897435010849759,0.0754405554858795,0.0771382503710906,0.0577114538921247,0.0515975654296661,0.0117917728400381,0.0702409737234762,0.0695188313013625,0.0545898718911684,0.0466779793142664,-0.00124820716793792,0.0578102691201069,0.0635557825800672,0.0368826480581248,0.0297224054177414,0.00663194593002582,0.0646744239062719,0.0683942151852793,0.0426776209645208,0.0363503125917889,0.0136030745045284,0.0727426218294225,0.0759609971390259,0.0511219788623187,0.0473169276347239,0.0209658586129027,0.0716699813496112,0.0691166855761159,0.0540723354541168,0.0467951676172729,0.0082331142592781,0.0670932535242518,0.0700274858482328,0.046585043515146,0.0400445686787754
frank,100,580,1.86088378090335,0.2,10.3031142857144,14.5696460735076,12.6323965480584,8.35011635883513,13.3002772141025,6.09553799815954,8.20680921330879,7.24740773702319,5.1289882149572,7.57913296691965,10.6279915305232,14.9293729920409,12.8865381411329,8.04391314045684,13.6313331157588,0.044269246639231,0.0809402311368751,0.0727952901325667,0.0490623387391172,0.0715151314049553,0.0549955522744594,0.0786560900536143,0.0694778883190153,0.0464313565094699,0.0718180550481551,0.0499778746815592,0.0736738811641862,0.0619958927694557,0.0419110923653378,0.0659864741081835,0.0508593117769082,0.0659852243429078,0.0563485648176016,0.0344169483712813,0.0602073466031063,0.0553307608917035,0.0741113132022548,0.0657271280930687,0.0430356259211369,0.0697353157858097,0.0491648544243465,0.0728179627435954,0.0660409390916957,0.0434491578346088,0.0549600681592652,0.0519331347398151,0.0735611033436465,0.0648019049119973,0.0404481373161332,0.0656007435500269
frank,100,581,1.86088378090335,0.2,10.4403649560744,13.7284464477146,10.2592241041631,16.9503732550255,18.0737919158168,6.16300913752378,7.78903241974079,6.07224180669543,9.38434171711498,9.93994513515345,9.2850328836664,14.5025071028857,11.4108407072231,17.295410850631,18.2802359797663,0.0484420944129323,0.0629340850981559,0.0463706041957375,0.0677768556842445,0.0792497073534875,0.0600939087292553,0.0732208503610532,0.0541764611993912,0.0889072467986046,0.0978473568295899,0.0512511475231317,0.0707672664991839,0.0523144719450026,0.0863920327113983,0.0918558496999237,0.0469104184582938,0.0685965677888096,0.0520459910535086,0.0841853126360053,0.0872156944818783,0.0460978115828432,0.0654160473418319,0.0447751212507293,0.0858204976762887,0.0896111198120151,0.0449604476248863,0.0777972653302924,0.0610043870744114,0.0903064854680386,0.0930315603554865,0.0526693457571508,0.0716443794035916,0.0527214566755272,0.0873504042768037,0.0938924920249984
frank,100,582,1.86088378090335,0.2,12.4701377534877,13.0627889750176,8.32592067447105,18.1030726634174,14.6386148131587,7.1678434403691,7.4624424010284,5.11906566691291,9.95627901497973,8.24291853422716,10.7020569557117,12.8932918617562,8.29360543381614,18.0248462296545,13.9817541147503,0.0453396784703865,0.0625553230772083,0.0484874246393787,0.0748643712340189,0.0414076292658535,0.0626467631978583,0.0530327594752439,0.0269712827718876,0.0826950344633547,0.0663039258930365,0.0571054880890583,0.052851623464494,0.0259198225665815,0.0792619986068653,0.0595970168973927,0.061139482638925,0.0637175846370945,0.0366529308555158,0.0911150747858521,0.0696386512883885,0.0545705861929635,0.062370481601652,0.0405981232745986,0.0804678787957621,0.0639292870396378,0.0716627235007527,0.0752167625446802,0.051277265782502,0.0904475363222024,0.0829125221748581,0.057228697967878,0.0618346621365843,0.0370265594517133,0.0883098048651307,0.0673787921492087
frank,100,583,1.86088378090335,0.2,3.38674370791782,1.30576386165519,-0.690312989153747,4.82306460380092,3.18434481365833,2.67150064178831,1.64200953936156,0.654520044747374,3.3827848667893,2.57170489048272,2.74802760388239,1.39807969693828,-0.556769473961636,4.74916559712425,3.14181752573074,0.0269326500248481,0.0155657728119986,0.00486371631944445,0.0329638700654211,0.0257492253257442,0.0173209447032204,0.0139689901901671,0.00218261626082114,0.0296550379855624,0.0210072211512356,0.0144929649952322,0.0090989469868957,-0.00166459584603343,0.0248967817904632,0.0162098598365738,0.0114009275888206,0.0038163718678358,-0.00886125199226805,0.0235447959067345,0.0135771082542204,0.0180246673358824,0.0113363761953644,0.000840053311270612,0.0262633466448135,0.019037748915902,0.0133335306250801,0.0108506408574291,-0.0150663906928709,0.0340945823333769,0.0255731664531139,0.0165763727874363,0.00328463217050667,-0.00874039179393329,0.0230356777800241,0.014174541247528
frank,100,584,1.86088378090335,0.2,13.0079192069484,5.60145317594653,1.22221229216529,10.531674494307,11.2136052279023,7.43397016992812,3.76751998969077,1.60018850524818,6.20780171702339,6.54516280164671,11.6030141146297,6.11858978580595,1.67789483616594,10.7160881709785,11.6024843463885,0.0741754674802084,0.0217263315930059,-0.000672658993384117,0.0498791071956544,0.052046029830865,0.0691212222641298,0.0339188088372257,0.0112691604250667,0.0575556197927707,0.0630213415139829,0.0674021777789589,0.0305440468191889,0.00814011456942858,0.0556752858281687,0.0611042772097754,0.0634600934199103,0.0307050960172319,0.00830561022800133,0.0542680191304707,0.0574992810194861,0.0650440238805678,0.0342473651565315,0.00980034515173546,0.0603075244821895,0.0631191750388932,0.074932682115456,0.0012678534841579,-0.0286399174713121,0.0333874830152819,0.0482350047290181,0.0666588067829185,0.0303472960928008,0.00726298761319356,0.0538616449178378,0.0588259905841691
frank,100,585,1.86088378090335,0.2,7.28434762817433,5.81412647773856,3.43657751043273,5.60196772705484,8.24259489640464,4.59948919365053,3.87236114394206,2.69546139246807,3.76770962763469,5.07449680329239,7.43578990846345,6.34079435038874,3.96860371444419,5.69066277091224,8.77095564984951,0.0424027570584292,0.0359008345343109,0.0112369138945667,0.0378090139892927,0.0501591620238089,0.037360702119162,0.0246602362948274,0.012021781750175,0.0265071354939283,0.0383706014140912,0.0302971714338512,0.0240293367569453,0.0122623995530118,0.0200215548296155,0.0358229532139653,0.0366692740827658,0.0328478555347169,0.0216945637461348,0.0287807886435222,0.0428846578055239,0.0396063999827577,0.0331023657746251,0.0208424997172574,0.0321382942311413,0.0437514904026142,0.0448081840657899,0.0196339715074672,0.00876390006350786,0.0135238518492714,0.0419391745389734,0.0384747411870297,0.0304613069995764,0.0189524077797452,0.0295179124881958,0.0427021452956493
frank,100,586,1.86088378090335,0.2,17.4351564223999,8.24846801939782,2.72294900353616,13.4412610153592,14.5029131996001,9.62568347276893,5.07811270474561,2.3431973935814,7.64868324558814,8.17366349294182,16.4499991722394,8.93540585228536,3.17588620489153,13.3988228435331,15.2836247786435,0.0969337552421047,0.0387303225157026,0.00292040393355588,0.0757786150850813,0.0765070867742549,0.0732039405977405,0.025939697783351,0.0022169646155595,0.0387968562507557,0.0521834991625721,0.0859965985354644,0.0137865712170269,-0.0192301871059912,0.0486488432917182,0.0539295124866824,0.0877680168203456,0.0443376162441325,0.0171420994984432,0.0681624142013917,0.0745414433202934,0.0847686414699194,0.0459874099130265,0.0158372457628288,0.0679913849172617,0.0767379937569378,0.0868073449967942,0.0416159873571972,0.015976929039787,0.0534823072505395,0.0679233391155088,0.0844250744705019,0.040217917510705,0.0125210312789719,0.0657297507717041,0.0724110488184079
frank,100,587,1.86088378090335,0.2,7.1158528826018,7.44641352269497,4.83645472111412,8.21284300985048,10.0520566742514,4.51575876184515,4.68020072633633,3.38868563177589,5.05980304968784,5.96972208389041,6.94564763882539,7.94890207339359,5.36251519270893,8.43107496714322,10.5030314054239,0.0453937831148384,0.0428355431386584,0.0284767929556466,0.0482090545807443,0.0571258110133864,0.0395833529141086,0.0379042131690698,0.0255503027524136,0.0432486181335466,0.0508960084256885,0.0400412126145036,0.0359970424734706,0.0210962813653075,0.0416912957350223,0.0519277324269119,0.0350242508350032,0.0355859688022304,0.0218519599440866,0.037133204317087,0.0481868652286933,0.036310670744887,0.0425333044529136,0.0291809606917867,0.0476332509600422,0.0545231139200865,0.043943912986357,0.044998720736197,0.033910669762296,0.0506503606280565,0.0569957187800896,0.0393665202880499,0.0378051561983155,0.0233632370231795,0.0414036811524515,0.052060824360706
frank,100,588,1.86088378090335,0.2,2.34402992276832,9.80074458667532,9.39000719054373,8.08274872280923,8.042712030014,2.15709949854484,5.84568363094536,5.64190312178268,4.99640692276224,4.97692181875269,1.08418045139516,9.85396973352388,10.1650256489591,7.87919574556612,7.31327637803766,0.0145448188392845,0.0588727742847704,0.0521200224676953,0.0481480982385421,0.0495935941462128,0.0203484617171017,0.0570623217404822,0.0544080886524647,0.0466631360091425,0.0491582660166104,0.00664989318734997,0.0492039981656276,0.0491637152394684,0.0360152776400947,0.0386556783584307,0.00944517478643981,0.053512058422271,0.0516953527342693,0.0432438940324474,0.0404229387995795,0.0169453393109115,0.0523598034950627,0.0496010413456863,0.0447779926180206,0.0433467137013103,0.00724194249241114,0.0572842611219044,0.0567509973948447,0.0480789803768777,0.0451465006630199,0.0109254902508594,0.0518883872886259,0.049697406481159,0.0419401986098407,0.04092244555845
frank,100,589,1.86088378090335,0.2,7.97096926321857,12.2490027354199,9.56574463486614,13.4730700202958,11.0154489354414,4.94110667861605,7.059822373743,5.73236701812714,7.66553653752707,6.44932062217846,6.78703840381991,11.8579855314366,9.53974297316106,12.9648582872848,10.3771217129644,0.013473531104638,0.068619736936707,0.0405872512784816,0.0771789100641301,0.0635379313120544,0.0302637451116944,0.0483122165381712,0.0361255955215778,0.0485565743594147,0.043469553145755,0.0406992668743475,0.0600254607524702,0.0447817114625492,0.0668661385079117,0.0540856906444113,0.0362514627171983,0.0621270281040455,0.047318259210971,0.068760460055953,0.0549775827350805,0.0209082212737009,0.0511451974466368,0.0438703411063384,0.0544678527927866,0.0378625690556808,0.0345876664868528,0.0285961095698775,0.0163804833944598,0.0502649873662487,0.0281444962370196,0.0416489915748344,0.0579735174267196,0.0403812695040715,0.0661803272837136,0.053330293958069
frank,100,590,1.86088378090335,0.2,1.26834835634283,4.47913585026071,3.37112417801397,6.33059007141967,4.99525149505194,1.62537958676005,3.21187935001215,2.663689259348,4.12862627463758,3.46776011009702,-0.0667612732867591,4.61746948154839,3.99281650695651,6.35940801136806,4.61027774602506,-0.0704931803152242,-0.00193389139439752,0.00926526410386654,-0.000822840409352499,-0.031342304822235,0.0107885555776812,0.0229751255640125,0.0172840504977556,0.0309934635796699,0.0287339678580156,0.00382750431773859,0.0203175303736132,0.0101634982374128,0.0314994721001299,0.0254796467548284,0.0012098828142155,0.0218585035654969,0.0168430538919714,0.0288221489443724,0.0225040736493168,-0.010991033359656,0.0208886124849648,0.0186069377810652,0.0270833039174661,0.0173154683155416,0.0108997831114681,0.010383508122902,0.00119751134864891,0.0299931955024552,0.0223594166649979,0.000810716154645461,0.0227102970173505,0.0165627379975833,0.0309670289720904,0.0244805484858878
frank,100,591,1.86088378090335,0.2,3.68819829594708,19.0689296978217,20.3364300115317,12.3965856785575,13.5594070087694,2.82218031115234,10.4336064246345,11.060713635682,7.13157493066158,7.70759829880067,2.21757512497238,18.6955131302853,20.7709241155448,12.2284225586035,12.3026808224847,0.0283884013236419,0.0882705976143231,0.081164998711975,0.0667387972769507,0.0663383165779208,0.0144937574572242,0.0845285880346892,0.091140683529305,0.0524883671649092,0.050407949432076,0.012622962673278,0.0915758628410606,0.100011677290599,0.057102028042031,0.0585710624831238,0.0161568681496911,0.0976609601774824,0.103950459665801,0.0625471967585164,0.0662920884540127,-0.0131334640125639,0.0878797894862229,0.100645297909063,0.0500620719057593,0.0505427013026934,0.0231829983836288,0.104341371994477,0.11059062291763,0.0718318136772891,0.0746631115462984,0.0117225357245786,0.0925776020539505,0.100156191482308,0.0583714764529208,0.061445782674805
frank,100,592,1.86088378090335,0.2,-1.49377814284872,2.28842277359486,3.01250575093957,0.730567726372139,0.982062701538056,0.255201215834629,2.12838386042263,2.48847057320049,1.35615567551965,1.48026791325434,-1.29704491477357,1.98206032372955,2.5431717059441,0.91110245773574,1.21887314230691,-0.0366790488866131,-0.0375159674735508,-0.0529418337353572,-0.00962194637943298,-0.013625194541629,0.000301578621802913,0.00988634498089364,0.0071827694050104,0.00742424799168892,0.00929356259879549,-0.00454928288195268,0.00804239625649772,0.00749721598425456,0.0038493731541848,0.00604015784326065,-0.00561130313183344,0.00873770402957875,0.00813993313863778,0.00528183230839947,0.00655798378401447,-0.00492252573361585,0.00187317868579362,-0.00250504061397127,0.00212007003697586,0.00314046378079232,0.0012412962362924,0.0206267336133374,0.0220367150640836,0.0136423389689402,0.0147875494912962,-0.01074704854952,0.00693089520569607,0.00824641680157407,0.00119300316565611,0.00323135685580419
frank,100,593,1.86088378090335,0.2,19.9366896062854,23.0217441288969,16.2891755622627,31.2228328570704,29.3295943732086,10.8638482077571,12.3895589394842,9.05763884318509,16.4492745708738,15.5124406639872,17.3416459570501,23.7832678297589,17.5792396793072,31.5759619195528,28.899186109969,0.0884957356959615,0.0910297543504674,0.0623263415867208,0.141812781494835,0.117954626725574,0.0843773981285861,0.119327236047377,0.0797294208381966,0.159213378010872,0.148896863396989,0.0985128784261413,0.115151999466007,0.0752302754119326,0.159843699640081,0.147992184138781,0.102854134991227,0.118541889747674,0.0849488793700091,0.158033977792403,0.148845327568267,0.106829159540044,0.117380309198729,0.0822211152449168,0.157215190953115,0.150936860594801,0.0528552615446176,0.0990428907944689,0.076857998178245,0.136785235569765,0.109274006779558,0.099396501065887,0.116160100162954,0.0800460144019182,0.158303514440616,0.147804760106697
frank,100,594,1.86088378090335,0.2,15.717836171913,8.50187859540797,3.16224497688988,13.4498050994364,12.1784611806333,8.77515405073019,5.20470658268841,2.56193935699393,7.65344712742416,7.0251016291065,14.508217066335,8.76750635753469,3.33639373552282,13.2566259582447,12.1169731512791,0.0827286577997769,-0.00927719233040262,-0.0639625280711736,0.0582090165624075,0.00534617984187515,0.0742791999085056,0.0279951735511952,0.00770562526135225,0.053350015233181,0.041744324238001,0.0848230460372517,0.0453328788453925,0.017065014412637,0.0695681566428987,0.0639140004112341,0.0810046467824212,0.0386838367337808,0.00895239198474085,0.0673186431971785,0.0600887138490251,0.0828414526733349,0.0384169429137824,0.00947626137827076,0.0669801099215718,0.0602003836488236,0.0885890609241001,0.0495217765288975,0.0237789668586886,0.0733483285213558,0.0612845444743225,0.0794604757307066,0.0424011071030129,0.0150359751470142,0.0667099366704894,0.0591936078660509
frank,100,595,1.86088378090335,0.2,5.18125607566771,8.62330144077578,6.39901437495133,11.1809429352618,11.2400866981793,3.55834866182118,5.26231873584083,4.16181649478191,6.52890087883191,6.55755127910977,4.70571201136419,9.17922042689185,7.30856158886678,11.3622644874049,11.4825005908006,0.0194267074545115,0.0514675869889124,0.0419759778994424,0.0586974995496668,0.061165748311575,0.0331274385437037,0.0457180080875961,0.0327244843627075,0.0564174620011468,0.0588268469246,0.0276494846217024,0.0459463454067632,0.0352864321577666,0.0555489410683526,0.0583047919755407,0.0285418930054625,0.0433479426564221,0.0321282804989021,0.0528536140013612,0.0553202228910169,0.0243413408608637,0.0408484649926916,0.0303414277389797,0.0483059966148134,0.0522941182609957,0.0148478476667707,0.00181904561140231,-0.0137672348129871,0.0146407106661841,0.0200036032169742,0.0294197587959633,0.0452128976909808,0.0329816747937518,0.0572974271975895,0.0587996821531267
frank,100,596,1.86088378090335,0.2,-0.608745487594775,4.37711044541011,4.44640950646497,3.58557228169165,2.03836189959102,0.695885620156789,3.16211271276245,3.19642088358853,2.77021329193759,2.00680292932112,-1.51125885147845,4.07461018326506,4.64224493172549,3.43860001095895,0.92863900551398,-0.0170676098037109,0.0203755960471867,0.026539731054155,0.01161097005385,-0.0171967434673552,-0.024528940164433,0.0195942547241702,0.0209176128137992,0.0181562024025297,0.0021458949411207,-0.00692608426280284,0.0198806423428309,0.0178646563784637,0.0183766388801638,0.005143867567081,-0.0058075756544611,0.0216284640206097,0.0214168650256518,0.0184904141628432,0.00619314027497712,-0.00156212080781624,0.0179909390626632,0.0146091939315453,0.0160685424108903,0.00710154007920412,-0.0215193615315064,0.00880513951075483,0.0148982073646448,-0.0107371011005487,-0.0165525032213484,-0.00792998459098296,0.0186560635717704,0.0184600180847398,0.0150013881521852,0.00304972733345121
frank,100,597,1.86088378090335,0.2,22.6391194086116,13.4079032115851,6.49369880813133,19.2364313285048,20.2897033184345,12.2024245277399,7.63195954282083,4.20961183275017,10.5168847980162,11.0383219847755,22.3290653888629,14.3841105950018,7.23509205865907,19.3127065508413,21.3261670998591,0.119349880709816,0.0581766131031925,0.0330821529929944,0.0884826938821972,0.0905764685884264,0.107756427743871,0.0585751136699641,0.0218795763665163,0.0956865633928745,0.0989601075349109,0.112906529504116,0.0713706053102055,0.0375508116116728,0.0984512454547188,0.105461743093166,0.112430392225135,0.0669915882373822,0.0316532917571116,0.0977886326392161,0.101944488668068,0.111153029950605,0.0650583820689486,0.0324868255738916,0.0937602285727133,0.0995947309969493,0.112325628975228,0.0769973845289166,0.0415000019926796,0.0998837342012813,0.109024114684889,0.11118017563445,0.0669174615162799,0.0320737384236217,0.0965898768580892,0.101794143033546
frank,100,598,1.86088378090335,0.2,0.37180182050842,1.22481284884426,0.415412320674125,1.87103656574159,1.48390573887385,1.17968256301097,1.60151836112492,1.20085572550684,1.92192037253156,1.72978434294419,-0.0730136205418725,1.18769155195203,0.591750666963418,1.61511096116562,1.37102556696843,-0.0119764862535659,-0.00498020342723095,-0.00478779466116731,0.00108562164534944,-0.00355832044943554,0.000765567229103695,0.0141131567515276,0.00884048464542257,0.0137236379206477,0.0117213035938882,0.00702103988125656,0.00930421883525311,0.00100146265967461,0.0138471270873806,0.0130479541615903,0.00274254676195636,0.00622850497863681,0.00263577739102115,0.00713359944557486,0.00645353630246145,0.00684283191264752,0.00754599518539109,0.00158047525812093,0.0115723111356733,0.0103324391453834,-0.0143549067472585,-0.0010315570037764,0.00351523141454918,-0.00109108179770203,-0.00582942660181778,0.00215228162703164,0.00687172838183051,0.00189463779835561,0.00949050692616502,0.0083104536129733
frank,100,599,1.86088378090335,0.2,-1.31507012273215,-1.44732322748086,-1.80709444119929,-0.445484923360921,-0.584701456176773,0.343744337294524,0.27811817824237,0.100561690720993,0.774042296241721,0.704916422744433,-1.12061626723121,-1.14929657261688,-1.59600922786239,-0.244176637871064,-0.242969947908609,-0.018953150038202,0.00220977559113205,-0.00374585307486284,0.00770060549098339,0.00530090504775825,-0.00240812787330137,-0.00512180168068121,-0.013074820686318,0.0053047155284048,0.00463156555315649,-0.0112052035744115,-0.00279013894031924,-0.00684931731975162,0.00367557275048347,0.00130707656499466,-0.00916373838014291,-0.00558372097957279,-0.00837323460000827,0.00130673633891692,-0.000265280522513467,-0.0032292893162853,-0.00637856504137106,-0.0101664219130442,-0.00241784723111464,-0.000446530301813337,-0.0342783267128259,-0.0227842506112598,-0.0158702066156004,-0.0447858108806964,-0.0317173032724579,-0.00634304101725629,-0.0088495845385976,-0.0111467584909844,-0.00259051357321009,-0.00281795682787868
frank,100,600,1.86088378090335,0.2,6.34822291677069,10.5851275879406,7.98639442560062,14.9029996953105,13.6268947615485,4.13761233354871,6.23360373667861,4.94826636433023,8.37088761726066,7.73888885842912,5.03773581097877,11.0758690348667,8.93711003835249,15.2920538067272,13.6217256879527,-0.00113911751673222,0.047644303053658,0.0420460636852929,0.0636198502655376,0.0557345726733601,0.0363144163930992,0.0493398029729455,0.032024125604245,0.0721559745057046,0.0693203838894704,0.030920935333489,0.055715191340911,0.0410556640442845,0.077410257152172,0.072255475660091,0.0291870045220019,0.0481690088489366,0.0336309304836758,0.0712268624781698,0.0640650216445846,0.0226014783916543,0.0585278990018711,0.0456577677171148,0.0739559663310456,0.0703900629438973,0.013599847872135,0.0548875373083587,0.0475077662085976,0.0571426337606182,0.061495335439419,0.0316683113824158,0.0550202970741626,0.0402025035918897,0.0772945111826381,0.0709456624215362
frank,100,601,1.86088378090335,0.2,3.79104930223715,7.32148273412348,6.19367281313212,6.31538903936194,7.77312796541164,2.87066053291722,4.61870995961521,4.06112120311662,4.12065646619449,4.84203305387955,3.59839299782162,7.56618095369716,6.60115125102956,6.44863977735206,7.936283145954,0.0283395098765684,0.0427200751598662,0.0367836609318001,0.0292446534486475,0.0438856632624344,0.00754222273432365,0.0362753312840922,0.0295650887016807,0.0336332569715649,0.0352448314887125,0.0207445244653524,0.0353892643203824,0.0274665817977804,0.0335853211159735,0.0396603044490492,0.0204910106601005,0.037567038337307,0.029586992107761,0.0311875185158941,0.0402085452407442,0.0175038242180477,0.0283081900229233,0.0211755124511835,0.0239211467017023,0.0327455488449077,0.0241525414619016,0.0430799342073733,0.0375775388385192,0.0415278324988786,0.0485534311103414,0.0210618274490149,0.0361978193241891,0.0289843373904469,0.0320164544108696,0.0394908126719706
frank,100,602,1.86088378090335,0.2,1.11537718936549,3.80561147878266,3.61136436487953,0.997498404044877,3.2082266944204,1.54701644820839,2.87838440060378,2.78224921709266,1.48899340953955,2.58293028429429,0.992455272605867,3.91349774433614,3.88743296499142,0.878565084632811,3.19810327286939,0.0153043546147034,0.0290272411062863,0.0280522401628857,0.0149498168959198,0.0260379864973011,0.00611111388135352,0.0156616687482797,0.0163371671307944,-0.0022216169735376,0.00957250555818526,0.00218567003846527,0.0153516987320655,0.0139373287329046,0.000874285152837529,0.00980125019898422,0.0067580610185095,0.0212746896912147,0.0200526025103572,0.00690496009675885,0.0178684553876879,0.00798689460610282,0.0206737587871495,0.0176934327833929,0.00853736707326607,0.0194122783166015,-0.00193049202687393,0.0181012147869095,0.0223165771905467,-9.98730915068746e-06,0.00923590919967814,0.00629844330978551,0.0193992663716792,0.0177366922940605,0.00566258180101412,0.0166774786284897
frank,100,603,1.86088378090335,0.2,7.79490597168417,11.7392582277302,9.83812705966577,9.36119897465048,10.8921333869255,4.85410443050156,6.8062792624035,5.86571731945196,5.62866480064165,6.38780705270785,7.09692992893816,11.80038505194,9.98044258061404,9.31799783531363,10.5480639595451,0.0481446305871012,0.0686630403342394,0.0587471736530846,0.0549449709153014,0.0594034908684618,0.0374884671616493,0.0599726187398604,0.0513499306346485,0.0480477995803209,0.0476462515332442,0.042204885684641,0.0601229380542248,0.0489677523026508,0.0495316284863704,0.0557925075747582,0.0369694422668521,0.0580241164804796,0.0466270679133851,0.0456326669193046,0.0519061471842891,0.0438041521778865,0.0629657930368393,0.052376364364088,0.0529247502628883,0.0593533444894502,0.0488636977356057,0.0291561225253484,-0.00698819310662846,0.0298799046596509,0.0360779658007187,0.034895772327293,0.0574665984767174,0.0463009176092085,0.0474029498512672,0.0517371611646186
frank,100,604,1.86088378090335,0.2,5.1765906980467,9.21585117436267,7.42817992172391,9.9591689841902,8.17819982401742,3.55935342994204,5.55762713109639,4.67326742741,5.92501147124542,5.04569339714921,3.60640516604477,9.00852288110372,7.551973103555,9.80438914637206,7.18139664017827,0.00820501573540247,0.0536412621408437,0.0470155782834752,0.0355431670460111,0.0316345096793613,0.0254215950247669,0.0531497857168102,0.0419228643038967,0.0528608162140824,0.0438291382187956,0.0144841572071734,0.0389270076845276,0.0250891695276221,0.0469975390613194,0.0284476589502166,0.0221186861690728,0.0406539533673584,0.0290087035432434,0.0476459644300638,0.0315411223384885,0.0270693542688152,0.0486264400541149,0.036625626251814,0.0541340444133162,0.0400771605741833,0.00201819547491185,0.042703399841864,0.0417841068754127,0.0497427176584922,0.0158728686644528,0.0219391408777637,0.0445980218928742,0.034421372927819,0.0486156551427101,0.0359464757236978
frank,100,605,1.86088378090335,0.2,5.57540729156485,15.6225080942057,14.9488130735813,12.4298130379807,10.7194665270186,3.75651419086746,8.72937543570208,8.39586260792105,7.14927508928754,6.30520965331424,3.92825736522577,15.0463158297467,15.0873170226576,11.8443682968669,8.87320841530085,0.0265497503256667,0.0614341270629274,0.0477516025612788,0.061848718548041,0.0373525334842329,0.0323911928716888,0.0695886100823332,0.062608057292967,0.0595160969902378,0.0430809714884612,0.0229076725660448,0.0718659426742866,0.0707288140983194,0.0557876215052487,0.043246911986825,0.0244955140337542,0.0749511089501125,0.0713037776046517,0.058689371819488,0.0414999234300881,0.0213797599544821,0.0799255132266234,0.0789412193695124,0.0608570426535066,0.0454133231086785,0.0376489385480904,0.0861515628142922,0.080713841502561,0.0698039454630493,0.060854268912619,0.0255951923789801,0.0745345450975461,0.069338942506934,0.060752864225338,0.0441400729218506
frank,100,606,1.86088378090335,0.2,4.42326603780535,6.00342324176859,3.85753525742339,8.71909135568548,8.05383850259808,3.18426243627927,3.96636912083105,2.90478876893622,5.31082961851618,4.9810594198486,3.89266204522858,6.38361319356189,4.44471927277516,8.77987683555077,8.29903783577758,0.0302468785129821,0.0342709090356764,0.0204698599232632,0.0529763433497735,0.0448129085526229,0.0252565199405533,0.0210812856972387,0.00467603999862339,0.0489754878325832,0.0399073920618109,0.0234789829452928,0.0239250462599344,0.0111642455092512,0.0404952771725279,0.0383109508160604,0.0190613217608938,0.0283602120759346,0.0161284163673885,0.0402978392155949,0.0383609888032898,0.022116063331687,0.0293227158215333,0.0174189972086085,0.0435414909763885,0.0404378181037671,-0.0289958787991095,0.0209878221192945,0.0148891892457894,0.0254162854498666,0.0259696358620512,0.0195253686831419,0.0309460025497216,0.0199740573393047,0.0419512945815834,0.0404439682640806
frank,100,607,1.86088378090335,0.2,-0.416082612127261,9.21747944131327,10.5993266151161,5.85439651027002,6.28656476246208,0.790477548615794,5.55684009886459,6.24094426688374,3.89265294002616,4.10682879214709,-1.11260508669702,9.18042094830219,11.200193668092,5.92576364400042,5.71845487085365,-0.00769996181357516,0.0559659536716955,0.0629896432925863,0.0392706594212032,0.0410965361290656,-0.00590053563910891,0.0454247674902287,0.0524517089776041,0.0264235815392526,0.0301963671599514,-0.0181849220617054,0.0408123170132817,0.0511337352112439,0.020503019366579,0.020590107178467,-0.00650609968524583,0.0460497976273663,0.0536518076196445,0.0262188442132134,0.0288545179067185,-0.00549535240853559,0.0508288120744073,0.0588802002651869,0.0340360183479082,0.0318922025083743,0.000447533883350884,0.0418363492382431,0.0510332880158183,0.0342286728028098,0.0236863903217653,-0.00388988302855902,0.0463670771748118,0.0534169517289869,0.0298258862907754,0.0310600989437244
frank,100,608,1.86088378090335,0.2,5.05081553427001,8.08615827180209,6.51852271852482,5.91405077237605,6.92172990217852,3.49583708190717,4.99839922944175,4.2228766599799,3.92270236202156,4.42206214421676,4.28029241316928,7.90382084444207,6.36595708067738,5.80739644900593,6.63400515894788,0.00699702020049822,0.0293713263342465,0.0216683302929469,0.0274357282978339,0.0208281166674406,0.0351953267189388,0.0316415803518401,0.0142840556455457,0.0318755191213259,0.0346139177879864,0.0187506481261835,0.0375866497108277,0.0326981580906994,0.0260181855863945,0.030317268660369,0.0214031192135771,0.0365516267443537,0.0289389449365916,0.0252862552777689,0.0300499081890295,0.0274678646414436,0.043243309885177,0.035140622535481,0.0325483498367127,0.0360071896520586,-0.0858262076115177,0.0284625341979101,0.0369363080197171,-0.00937458629863452,-0.0108406628091552,0.0247300239824938,0.0391695444762168,0.0299042420947993,0.0296513906718901,0.0337835053968858
frank,100,609,1.86088378090335,0.2,4.07765552841216,6.35250791329362,4.59936432965399,6.82858793635923,6.29010650640199,3.0134486671729,4.13955608955122,3.27173794061316,4.37554212179309,4.10994525229933,3.32645835002476,6.39260821206412,4.95128541820084,6.67873955896904,5.76419595012203,0.0241348691886958,0.0392181968695371,0.0327153532410438,0.0286779751597742,0.0398318968732003,0.0187159617510234,0.0208843945703199,0.0126322808291837,0.0218817640976912,0.0107937718976431,0.0176575080064369,0.031931067441711,0.024264312945055,0.0346757168182053,0.0300951459963521,0.0244196910911885,0.032122416184187,0.0230898745833896,0.0324680720254116,0.0317544495076829,0.0253501593461094,0.0345594514776523,0.0231334597923551,0.0389831361002953,0.0334528007869603,-0.00961612808204977,0.0150762200407576,0.0153043117973139,0.0132090770153802,0.00221410555210038,0.0198716768121476,0.03155231705767,0.0231158294053774,0.0321220031412143,0.0283570398716682
frank,100,610,1.86088378090335,0.2,3.96659171704295,12.6066236471579,11.4541712946982,14.8555830978976,12.3751881521898,2.96006971828228,7.23450678533278,6.66433702390004,8.34842620489443,7.12079193029922,2.37559543655832,12.7262836259425,12.4047078322664,14.8796511986391,11.5370746786216,0.0208588687087811,0.0663872113692075,0.0598222289979552,0.0816967696154324,0.0661838453679261,-0.00326917067262917,0.0625898885230932,0.0572597825814086,0.0732987593983424,0.0555663453932621,0.0198408720398416,0.0700893342844437,0.0636976099615982,0.0781315582507875,0.0659416652150416,0.0118205023083904,0.0609409870547713,0.0547168818532878,0.069298245946225,0.0567443774431827,0.0202291508964554,0.065526761131508,0.060619237896104,0.0764553424882663,0.0615689977680683,0.0293000636828632,0.0718258815342186,0.0657539935666534,0.083924715894508,0.0688772213247743,0.0147846250056823,0.0649768713730414,0.0589551402852177,0.0742641495152037,0.061292037004343
frank,100,611,1.86088378090335,0.2,2.84251897559667,3.17180184436754,1.24531857637019,6.49977994290905,4.62716304210934,2.40316645797236,2.5654710154835,1.61298500207385,4.21230951133848,3.28516048940715,1.75761680868249,3.14706308538228,1.20591801714982,6.59572056983492,4.58152545416903,0.0242094363217653,0.0254076876617893,0.0156832216273686,0.042285788122651,0.0322516740528082,0.0213579211082698,-0.013418556474929,-0.0513419549744353,0.0283913185938675,0.014378827740529,0.0106097308845528,0.0177456805258536,0.00107179563515719,0.0353822453215621,0.0274632925170683,0.0183991184943569,0.0153377544057792,0.00193437960150869,0.0336197241848294,0.0259980402181455,0.0107144551423789,0.0169793524807062,0.00679699949215894,0.0336432069819489,0.0255329604745379,-0.0362346900304507,-0.0147976804508779,-0.0265902286642065,0.00371673165166265,-0.00551399238476663,0.0135501557620581,0.0176304573786025,0.00524753766197675,0.0338229232936798,0.0255136242777538
frank,100,612,1.86088378090335,0.2,14.9195234600517,13.8017799375732,8.53769126695911,17.7516008537606,14.5551409500805,8.38051080968924,7.82957849912233,5.22548583297862,9.7833194013277,8.20170081775352,13.1395422327258,13.3829152312644,8.07777809902546,17.3343537723372,14.1389147236627,0.0824356048984536,0.0789638207913128,0.0520236921719198,0.0969997285662667,0.0827373050451531,0.0656139855596614,0.0347557999441975,0.00948703052161497,0.0582431706950873,0.0461375051616082,0.0726740237033298,0.0568585157208415,0.0251097732987746,0.0820355789819405,0.0632298942770418,0.0692010001928843,0.0583505920619262,0.0279564358473268,0.0824760534241946,0.064881173803614,0.0799462926330626,0.0719348219310578,0.0434174884577724,0.0933180648264509,0.0754015366758763,0.0825155408849281,0.0583839927299318,0.0140150237231555,0.0965913493893009,0.0591791156018213,0.0726023866889574,0.0565589976564953,0.0245158601394002,0.0811767924210708,0.0630054778431535
frank,100,613,1.86088378090335,0.2,9.01666268643272,6.2181975777177,3.03190081930894,8.55041692182604,8.78292742442993,5.46084252468624,4.07302036880953,2.49535713229277,5.22812572859724,5.34340062490222,7.47001401548134,6.59366608843511,3.70893780054694,8.32641395367465,8.62018507790718,-0.0649192861290904,0.0124338087524619,0.0203075592137257,-0.00167163491837552,0.00959645613387224,0.051629249837146,0.0406405005059754,0.0222372673915773,0.0525829277101511,0.0537945563461147,0.051905557609269,0.0357717946328068,0.0184247121941446,0.0474132676105661,0.0508226510586415,0.0407594387465152,0.0318282753588458,0.0164253355930387,0.0424303366785586,0.0425445174742585,0.0372436276076904,0.0311640451925962,0.0190368576074397,0.0353781213299261,0.0361058704165184,0.0549504756214853,0.0407079961389789,0.0243608846479447,0.0520701504142498,0.0524898951891899,0.0325693209118747,0.0317339761706595,0.018007763089436,0.0393753622811457,0.0390785361871213
frank,100,614,1.86088378090335,0.2,5.39734638050384,10.8873985385005,9.3156417987498,11.2981770534435,10.6297374235362,3.66554278287265,6.38458110016942,5.60778164441369,6.58747083916373,6.25697951058525,4.84864505302072,10.8801336076547,9.49899623264965,11.2861270621771,10.3808901774424,0.0364284277394441,0.0504252342146198,0.0236834223307387,0.0653899168385823,0.0544210430996516,0.025446252683243,0.0466118820757215,0.0372058252095441,0.0518104863125584,0.0450576823198084,0.0326826226466352,0.0510507233082062,0.0334665968782743,0.0596563947496859,0.0535836563319881,0.0297670613870004,0.0566140980852504,0.049081836978637,0.056246120567186,0.0531269195686006,0.0270067662803332,0.059150351051934,0.0521874404596086,0.0589502888727928,0.0521631020661506,0.0357060953310509,0.0470566546045479,0.0238107911774955,0.0538005683268275,0.0618595351891062,0.0280647482363576,0.0532490292031369,0.0430744101685276,0.0557521178279588,0.0520206432024335
frank,100,615,1.86088378090335,0.2,1.57514082841301,5.3503512379872,4.60374573591624,5.0954228542444,4.3309489008247,1.77487900059437,3.64354705246509,3.27391779159322,3.51787389960827,3.14036158452534,1.19318681159373,5.43601760847225,5.09238573493513,4.88700877132089,3.79923142281593,-0.0290086046194956,-0.0195394197996632,-0.0164124366348313,-0.0213652069940343,-0.0514537782422059,-0.00279930747524348,0.0165345608084021,0.0144133560289225,0.00803505765084784,0.0033197604829538,0.0110463463737175,0.0209304446202596,0.0151001970053214,0.0255723763851109,0.0135557257899331,0.0074165934884407,0.0299949458636047,0.0272330607704916,0.0259953408020821,0.0229628908815657,0.0140983685489696,0.0313783288830288,0.0262898482989566,0.0301065657113755,0.0265866272507518,0.0137590743311015,0.034242214947721,0.0323190314459157,0.0319777915751335,0.0310616523575438,0.0060510652611719,0.0269583657283059,0.0235017253447792,0.0237087202531635,0.0186514232085245
frank,100,616,1.86088378090335,0.2,18.1014799737218,8.77558512259191,2.77492155187852,15.4263578499642,18.0121655752483,9.95431757384438,5.33734873395745,2.36706316269768,8.62997343073082,9.90913365113638,16.6942032011627,9.87919016759871,3.88809240506142,15.8513087388315,18.8836114680984,0.0999791795962046,0.0512472844449831,0.0213826197957026,0.0869410709650069,0.0998850048374162,0.0914131399452115,0.0521844309526793,0.023061834722823,0.0828621350945305,0.0945273364371123,0.09026332165326,0.049573455555302,0.020944336476253,0.0789546310094166,0.09351075868241,0.0946552087958473,0.0502498779962362,0.0205075532360675,0.0821595082788243,0.0959512023989676,0.0901495196470358,0.0483610130616651,0.0185606794755489,0.0781423005179538,0.093455578191363,0.0934825509189092,0.0433812273647894,0.0127597871771122,0.0808517862165148,0.0901539778699301,0.0929569417269264,0.0477534337015059,0.0176377431662774,0.0790184927289161,0.0943570568717376
frank,100,617,1.86088378090335,0.2,8.01223721323807,1.24635930976737,-1.05251782733862,3.77923732617443,4.66722918820074,4.96001661846775,1.61221119133149,0.474306656375931,2.86625330961503,3.30535912279768,8.00882553761408,1.61156128773265,-0.802239659051747,3.64195210105825,5.194802191405,0.0453714617756297,0.00492762857788169,-0.00382709236384959,0.0165370201768932,0.0222138640462261,0.0470512187557724,0.00622013926058937,-0.00853972193099818,0.0169191511758548,0.0248406878098305,0.0431320443841581,0.0041641756202418,-0.00383132511873704,0.0171372468538673,0.0242015311414192,0.0439688315341304,0.00621568210025414,-0.00652369815220613,0.0203781059190119,0.0248802241310727,0.0477545061843247,0.00929109051580428,-0.00652783276039492,0.0240324752645417,0.0281274348771113,0.0456035354756952,-0.0268652714176585,-0.0234678159015749,-0.00671644501620312,-0.00690199165235168,0.0418440356327482,0.00425524945767151,-0.00969325850874892,0.0173769297405588,0.0224614846821999
frank,100,618,1.86088378090335,0.2,8.57918607562956,7.68317361950036,4.09336805037902,12.3566140584328,11.0300195774544,5.24197209281294,4.79834769596099,3.02238356422068,7.11141311636412,6.45443753787717,7.41740773452575,8.07004689095831,4.61484363820857,12.4304049521379,11.2684814201728,0.0431989308335,0.0440582092827404,0.0139548841744668,0.0710825971667916,0.064859129370638,0.0133805359788791,0.0332566563624519,0.0188059755409118,0.0492467036971501,0.0440639020643279,0.043274772220728,0.032635575084915,0.0126665086296683,0.0565239377255852,0.050763415629529,0.0397771056187653,0.0375207448653963,0.01721332118941,0.0599920313970139,0.054332794155487,0.0444331568528571,0.0370782969172159,0.0188565415383011,0.0624950019342893,0.0559019537386583,0.0526112306026924,0.0483620804150902,0.0298448996984387,0.0711591762556301,0.0651372734897985,0.0408174573924782,0.0369949739997485,0.0180608940613412,0.0597290383549235,0.0537820940366769
frank,100,619,1.86088378090335,0.2,7.13479983871627,9.76856009094342,7.31662209788411,10.1716925196145,10.8811578469726,4.52653854272879,5.83039686430372,4.61730321734538,6.02993924402547,6.38103936988492,6.25489797650158,9.94241114079985,7.64637262804338,10.15851320938,10.8425876224039,0.0391984680407111,0.0569737015443433,0.04593744320419,0.0595893672214891,0.0630166547975601,0.0335484633640332,0.039700464952847,0.0251553142677293,0.0475185219477043,0.0453502904760805,0.0295608955959687,0.0498860789050501,0.0347205811995816,0.0516988135483765,0.0555698530302955,0.0368104289325259,0.0528165180922385,0.0383109868783299,0.0548085674041994,0.0588464470167422,0.0340275525204847,0.0452580433159107,0.0328707056977957,0.0474982544031408,0.0530699515640083,0.0389419127757763,0.0528474660204955,0.0407273734481575,0.0591699034731657,0.0609553439583659,0.0368496672352472,0.0471048801267992,0.0328372704983508,0.0506089689217966,0.0543446395281915
frank,100,620,1.86088378090335,0.2,12.730086057676,7.94667279201904,2.98235248748441,14.8272774412767,12.7283733520875,7.29701474705689,4.92897169383189,2.47233908691565,8.33473694524491,7.2958435382546,10.9791422879637,8.32453600113578,3.52053126958524,14.7928251728694,12.6690836771014,0.0604289071632637,0.0197104250763135,-0.00877965031880942,0.0761786079509249,0.051039030255329,0.0642379095557191,0.0420160857685841,0.0109657311182095,0.0818807344774675,0.0723750762320032,0.0648514537266599,0.0376100468162245,0.01227030601653,0.0706566821264889,0.0617429570150088,0.0609687077935018,0.0407264666113421,0.0153737060936977,0.0757592962572555,0.0626462714117158,0.0598465617924317,0.0423876758162132,0.0128933476101436,0.0780366643939774,0.0663044190418277,0.0715302152628553,0.0461866346820338,0.0180528697021474,0.0827850499833577,0.0734888399854817,0.0628954423704236,0.0399392361291389,0.0137927217480164,0.075091345820343,0.0640998243773274
frank,100,621,1.86088378090335,0.2,8.25853057554501,6.86379464976115,4.65766021476501,4.39445607533911,7.80562851478132,5.08279317139776,4.39278297984895,3.30076383452368,3.17052885897588,4.85875227632726,8.00945113934416,7.02651391261802,4.715418231046,4.23005194941955,8.12042981429544,0.0145946705518546,0.0193470193802239,0.0232795735406313,-0.0242201754841064,0.00421343388399941,0.0323001282213673,0.0232441653849055,0.0119184329727853,0.0120234864009501,0.0265100150571218,0.0397028964448856,0.0261387323858762,0.0144803975210991,0.0170214732809188,0.034545872182375,0.0375745030015835,0.0310095037548255,0.0228987286202289,0.0159804606781843,0.0334902955923556,0.0320877633387462,0.0294596018998846,0.0153874995914956,0.0197833681630109,0.0340712931724236,0.0444681629833813,0.0440857203362309,0.0303114073284522,0.0317746581871939,0.0479487335918846,0.0432786711651903,0.0345551199289667,0.021795264726959,0.023030467236402,0.0407231574685242
frank,100,622,1.86088378090335,0.2,-1.56332245334601,-0.938449414111452,-1.5819275671249,1.99024555988076,0.194902634767939,0.224614190888949,0.530059051494499,0.212344838919748,1.97961332874912,1.09075786661488,-2.52809551722217,-0.594774935195975,-1.22497657133984,2.26608261336818,0.366551006373475,-0.00325800538153559,0.00530772675876069,0.00188844261375496,0.019778396591463,0.0105387335394369,-0.0286872485183766,-0.0214393425524451,-0.019950913978934,-0.00456182390834173,-0.0118549376080736,-0.00862191912028687,-0.00390034011052633,-0.0101354575969206,0.0136492157577038,0.00229812747933531,-0.0117453575864027,-0.00303274223174009,-0.00854986799819772,0.0113523984601477,0.00311931333819112,-0.00361038381442638,0.000874647399514057,-0.00400059834195458,0.0162488060909063,0.00725040143440474,-0.0333144133793305,-0.00799779628823637,-0.0055428481604068,0.00378810471437106,-0.0115187707388769,-0.0203296821633884,-0.00638905694045096,-0.0105196393460347,0.00798413970776041,-0.00087018583882055
frank,100,623,1.86088378090335,0.2,9.84804593612273,5.61145354885046,1.64889563016602,10.9980573072897,10.0569291596281,5.87067697496422,3.77252345613823,1.81156331684677,6.43875589453467,5.97296480359182,8.34980275511404,6.057332585212,2.24226697975145,11.1209242442599,10.181169242766,0.0588954071466321,0.0358375176586722,0.0125407993138803,0.0596337775906309,0.0544667565954816,0.0155849453388655,0.0211359718286516,-0.00140327678376482,0.0499913947343947,0.043904858974406,0.0559287259157411,0.0103492136370776,-0.0239784161119825,0.0472837512861515,0.0424447966887077,0.0518414044071043,0.0307610559584673,0.0104067567037426,0.0587962314238008,0.0539017814274523,0.0386817016863895,0.0302299779801566,0.0127883424866977,0.052844323244147,0.0474228112680158,-0.0907568778756098,-0.00753914347729062,-0.0098945319746439,0.0184239575790469,-0.0187967900430459,0.0468380203556249,0.0284065101492055,0.00780543947491257,0.0558108941242327,0.0508086635583926
frank,100,624,1.86088378090335,0.2,5.31793861439276,9.43195130150745,7.7928616987245,8.44581717444918,9.54603395755927,3.62608773933793,5.6636099712213,4.85314466659904,5.1749822888659,5.7199425330302,5.05437055660858,9.5722006655174,8.00756061845925,8.67453962831351,9.56456280728481,0.0328325531831448,0.0568338593546313,0.0487438179183811,0.0521910938067304,0.0571625569940034,0.0258847073210296,0.0504467012684697,0.0368824847489571,0.0467733752694499,0.0505454028257169,0.0243125909643632,0.0479690415106412,0.0406473658244836,0.042327737163464,0.0449998790411443,0.0291583705211777,0.0480231752085939,0.0381424289830588,0.0437034232106344,0.0474083695599195,0.027825640925093,0.0503438554477649,0.0407032712865059,0.0442805125426058,0.0495332406830339,0.0312055044860215,0.0206160576035706,0.00443889097115611,0.0239654823405213,0.0170903161952474,0.0277632655473619,0.0484987610606002,0.0391147681853755,0.0437974092873536,0.0485952197286969
frank,100,625,1.86088378090335,0.2,15.6948760624821,11.5144512875883,5.94361622047665,17.1725018558329,16.5969660036183,8.76427587126419,6.69463194081928,3.93817519961787,9.4942922283612,9.21056633244493,14.1397944961945,12.0330573886244,6.40946547046067,17.5706540427781,16.6486364186456,0.0847955788506721,0.0675712730656028,0.03933416807643,0.0953274780666029,0.0866848751065499,0.0701058077690312,0.0587584572593637,0.0320451778633595,0.0841731808062075,0.0789681421406829,0.0806195491050616,0.0552815097464794,0.0235693223440163,0.0858696318602718,0.0824476285897899,0.0784277870638251,0.0556441014875093,0.0244104658580707,0.0879124013817989,0.0803492013960073,0.0802911170875528,0.0602885783137536,0.02964402530755,0.090550938973084,0.0867931172145506,0.0881888058276448,0.05745362660311,0.0317770451860013,0.0830020315158591,0.0835423207781463,0.0770978413826859,0.0574091565189757,0.0262239799331942,0.0886058819083846,0.0830481093079164
frank,100,626,1.86088378090335,0.2,7.09957176256926,11.4862407757589,9.36851138207561,10.7837260107945,11.4952612286776,4.51048248119831,6.68051094724573,5.63247907759144,6.33302216105163,6.68561938522709,5.5754093069147,11.4642848835215,9.62869393415371,10.7347942372453,10.8945101976828,0.0105491852732374,0.029754335640535,0.021273375170909,0.0406218047360177,0.0239800482865594,0.0287067990803982,0.0506706014149753,0.045154595914362,0.0345332456611083,0.0442228585754842,0.0388705251001085,0.0545942644184942,0.0421343093768139,0.0507919461897935,0.056095497685561,0.0335039488228991,0.0579800010700251,0.0476481427668967,0.055006612075342,0.0558497189838347,0.0422173496326858,0.0614495802589365,0.0497827413801674,0.057327775966989,0.062473696068252,0.0423806293643149,0.0628698961935813,0.0467108222558517,0.0610585790538087,0.0665569577033506,0.0330359865925127,0.0587671465602041,0.0482398837930981,0.0542725688165968,0.0569288504203975
frank,100,627,1.86088378090335,0.2,0.452943880668606,3.83128308839534,3.9641387270104,1.08066871856413,2.41182556905814,1.21876393686752,2.89174572890608,2.95759704832682,1.53098191409391,2.18936776904345,0.558515544745886,3.78116309866124,4.15120426125442,0.674599252910677,2.29868905159675,0.00654170268710645,0.0163077854044354,0.0207320469129497,-0.00701185300420351,0.00617667152274684,0.000242809805333857,0.0223983266164689,0.0221592303146383,0.00379403039032613,0.0118136052552234,-1.93012934243941e-05,0.0186293223817708,0.0153825408834725,0.00226012068461145,0.0119043304980618,-0.00763419158066939,0.0152232442284884,0.01913209767465,-0.00425896067200824,0.00417100521714942,0.00404168004303357,0.0204627678657439,0.0213192980064448,0.00459417951148276,0.0112847426177423,0.00962431043101721,0.0237309007123617,0.0193569182559628,0.0110204167240892,0.0207478345129617,0.00289541783152574,0.0177211351954404,0.0182604260859513,0.00140764842990236,0.0101196496280195
frank,100,628,1.86088378090335,0.2,5.46797603988309,5.10120306013631,2.5554450794683,8.12790636767135,6.86474907422322,3.7029133394245,3.5204615669661,2.26034971363917,5.01934775403707,4.39343828280674,4.28645560624034,5.20590947303562,2.95659693710884,7.77537694046402,6.74739891571958,0.0211749165153685,0.00689241902723712,-0.000977813640899963,0.0110303934556584,0.0130916672829678,0.0277570005012757,0.031398649056122,0.0176763435434631,0.0439984080855997,0.0398876302988258,0.0310299042034164,0.0226616170750836,0.0035436319399272,0.0430537116714705,0.0355655968559773,0.0184264026294211,0.0217345203272607,0.0093009547833522,0.034003654625399,0.0298831151513912,0.0239241581401316,0.0225303564685954,0.00953241859034809,0.0351034349396845,0.0322203524793321,0.0122609757914267,0.0269360356607214,0.0187451479604971,0.0364249762644727,0.0259324118388149,0.0247645314794307,0.0249991487396432,0.0111143330706655,0.0400676519904695,0.0346478371358962
frank,100,629,1.86088378090335,0.2,6.09331395422576,13.5530762311656,12.1660614877997,12.4329386171581,10.7635938688899,4.01196684581955,7.70452617841082,7.01805206076714,7.15038877664751,6.32548877501232,4.77598253390061,13.3571406264875,12.5769208910842,12.0167796459967,9.62228380898487,0.0358136662905374,0.0496497771858953,0.0353922623197728,0.054714284975278,0.0448432980232164,0.0206468464030141,0.0529962239960822,0.0327985792407832,0.0549375032103253,0.0350469711111717,0.0288987917029361,0.0524956135220362,0.0398915290877329,0.0515791201926915,0.0354637553362057,0.0287894325064483,0.0682083502961261,0.0610267062971108,0.0609763195177301,0.0509843861305284,0.0235394344638266,0.0598928473149564,0.0544168329234894,0.0549669354883473,0.0379512594130856,0.0402871926916147,0.0599059715847395,0.0392021383079145,0.0630342940712875,0.0597579539025823,0.0295314445329036,0.0663722659135496,0.0591094850530797,0.060236813211313,0.0484567152459474
frank,100,630,1.86088378090335,0.2,3.19947223294808,17.8986318864188,19.0044413155799,15.6515082234587,14.1824703862266,2.58042033968145,9.85416510256542,10.4014812242993,8.74302086437431,8.01624613650851,1.66558230798388,17.7580852145717,19.8330478266259,15.4178264186358,12.9332692906182,0.0182894158785313,0.0968292568588284,0.0974608002849334,0.0832869189553029,0.0759476897366383,0.0197276012986758,0.0941908968737261,0.0984283736325646,0.0816851989063305,0.0738384201214139,0.00853890423255673,0.0839960539367767,0.0900384307799207,0.0727763362788386,0.0614306135979569,0.012689474681576,0.0905516448769052,0.0955663680201183,0.0746173237146975,0.0691543563474445,0.00854273702386331,0.0921226408616717,0.0983138631049263,0.0738678646966542,0.067493966656648,-0.0328319552993592,0.0876643141381681,0.101094159717626,0.0551147328325986,0.0571907728310054,0.0137183603762989,0.0906654374445956,0.0962317825709448,0.0771923197307753,0.0694173361822335
frank,100,631,1.86088378090335,0.2,14.2272685008355,8.95015398823347,3.79156641615898,14.3099510933298,11.4380308461506,8.0382986272805,5.42770458719138,2.8753834359142,8.07962761073043,6.65823602334177,12.4089225891561,8.73767916574815,3.54569807326182,13.9503000599575,11.2164429457629,0.0742673378124422,0.0543772337121469,0.0285219718377719,0.0749419420421584,0.0623479101072031,0.0675388429227303,0.0313945750700195,-0.00618249520726021,0.0688216739985601,0.0525413316500653,0.0754991703555424,0.0426768235239679,0.0117016375763387,0.0709919913184921,0.0571048727049686,0.0732188528294228,0.044192016882996,0.0154810209384115,0.0720547556621573,0.0589217698580077,0.0635348899908244,0.0356053550213567,0.00787356281185874,0.0628812771983128,0.0494101353588036,0.0795402718874754,0.0535789630382514,0.0268197205503293,0.0810988004019201,0.0626607355955031,0.070269022003031,0.0381688827888268,0.00676892544198725,0.0693481156886441,0.0535995972809942
frank,100,632,1.86088378090335,0.2,11.305608048645,17.4107696317877,13.5107296324366,21.233104544955,20.9209892931513,6.5905508980276,9.61181020852062,7.68203251494277,11.5041172317899,11.3495491137929,9.74731366467983,17.9052261115305,14.4437962717334,21.6574279614972,20.5959934847322,0.0660537517567305,0.0740089990914162,0.0340576173415176,0.112446587678689,0.107385424340341,0.0653016000269391,0.0939933918716488,0.0717319848573231,0.113648673355141,0.113396828533954,0.0589996332666899,0.0894124401688575,0.0676687786084599,0.108564707354712,0.107374019644171,0.0569878906704725,0.092846770659635,0.0713957303744839,0.11029279018476,0.109544460526915,0.0621873816662871,0.0906507085058565,0.06939094194326,0.108939184707244,0.108501893939538,0.0524716123882202,0.0956522738579531,0.0651237897595251,0.115173242106157,0.113646267539187,0.0585002336902019,0.0913809479049166,0.0697270464743427,0.110652538179114,0.10865409779228
frank,100,633,1.86088378090335,0.2,6.01379437495279,11.2163858437653,9.20891072364352,13.0825273619933,9.22420061176976,3.97430142007155,6.54869803080753,5.55557253195928,7.47190639588352,5.56389146252948,4.02694946345004,10.7852484196781,9.41792158254778,12.6671739539476,7.90282058759086,0.0400084334274693,0.0635234478926304,0.0521694937920185,0.0752335795022735,0.0441976221030834,0.021275014254781,0.0478705171927522,0.0272142937437285,0.0614224175839708,0.0397331554073058,0.0267551328789618,0.0618319328638416,0.0483399340858264,0.0701185082909393,0.0500293308639738,0.0263590675282771,0.0486501724749648,0.037265979714198,0.0615232209870665,0.035155096868951,0.0233669953802887,0.0500733378265459,0.0387157772010533,0.0605936800580202,0.0320871111564338,0.0310307074385592,0.0659922810409362,0.0541002607503511,0.0749468094877273,0.0555054604333464,0.0251890357505634,0.0526196973663667,0.0414568103037728,0.0626120869831273,0.0395596940528098
frank,100,634,1.86088378090335,0.2,19.3109398158698,13.4621116149844,6.70218700731848,19.9449757623496,16.7562561215773,10.554310044897,7.66058534505023,4.31509633523128,10.8690024021969,9.29182798207887,17.0502879950746,13.4356469858967,6.6817528794461,19.6114002305976,16.2537387740188,0.101395231163166,0.0772217900099103,0.0427511043762022,0.10941409405235,0.0937370562307142,0.0983153636356779,0.0580552472669893,0.0258183549328269,0.0906905557885046,0.0764855852606723,0.0991894173251291,0.0711710515774439,0.0372298787859918,0.103023351503153,0.0852413572154066,0.0983246108890826,0.0692417827668186,0.0349891606257351,0.101089047107858,0.084512275700285,0.100365331933429,0.0663915197117615,0.0292578023742602,0.102360471319565,0.0844807049586084,0.0660533302914047,0.069202460291426,0.0368366803406856,0.0990903508153749,0.048111525430238,0.0964773014742565,0.0619504335646418,0.026434551574104,0.0970036381982458,0.0783851783061766
frank,100,635,1.86088378090335,0.2,-1.07152202632814,-1.92542821250259,-2,-1.05545042050548,-1.0818922741064,0.463510292605356,0.0418592011842605,0.000432307066909984,0.471559017040849,0.4580207772156,-0.574041326263592,-1.84004766481845,-2.38251262429653,-0.63925076463052,-0.381319604875195,-0.015053154990956,0.00013830490546441,0,0.00166177114483107,0.00389375595380004,0.000856218988878295,-0.00604866707392537,-0.00348883556243836,-0.00110499071344823,0.000197875524653566,-0.00734845987304723,-0.00806891131852107,-0.00540548219512413,-0.00316292965842158,-0.00255292767704564,-0.00192812551452881,-0.00602341052940277,-0.00185028320586953,-0.000608582259629897,-0.000468900593083252,-0.0074119041704336,-0.00595775348943413,-0.0013225482732588,-0.00575659522891719,-0.00349793060152621,-0.00796387322589502,-0.016298833498831,-0.00644858823878623,-0.0454672275063377,-0.0290479633715573,-0.00348079477820143,-0.0083971282209248,-0.00221059126353351,-0.00282955765153061,-0.00213076721582329
frank,100,636,1.86088378090335,0.2,1.88016595192171,0.474864091933336,-1.04043255094699,3.6157038324639,2.11593821370005,1.92591631071639,1.23023698287792,0.480517082558328,2.78455089674572,2.04320788298287,1.33834983383657,0.686513041409308,-0.775826448619856,3.7374747011265,1.98785950579546,0.0116261190432813,0.00655552445157663,-0.00157132159451277,0.0193317271202213,0.0186161366831984,0.0131225158048506,0.00811745853511689,0.000854720917820824,0.0225808890126041,0.014835864576039,0.0107077420917426,0.000752252710579889,-0.00799059885015216,0.0170187080666758,0.00542330486997271,0.0082310352147602,0.000401195800790832,-0.00867303568906514,0.0174720588633334,0.00666251809733031,0.0148296939258494,0.00757239543893139,0.000379702177820574,0.0222277273936709,0.0132609538816267,0.0104710799337504,0.00938757708913003,-0.00131107381045751,0.0252465765246041,0.0204547224370622,0.00757702026924328,-0.000173271341316291,-0.00758286391385982,0.0163877485813817,0.00552544605592493
frank,100,637,1.86088378090335,0.2,3.61354313996732,0.869103576670115,-1.11704365764779,4.91108551830319,3.43200823237322,2.78463186525338,1.42533781101218,0.442796565344865,3.42564773400083,2.6943721422285,2.62984402956335,1.15872488988068,-0.830566967051391,5.09251352971477,3.26970326964495,-0.0124514352314524,0.00527889607167577,0.00235118328683579,0.0115683547941535,0.00335054359067376,0.0115393850172038,0.00917246005913165,-0.00759293323140342,0.0324029186861129,0.023245455772691,0.0149862695497436,0.0018389699265352,-0.00948424578735996,0.0240629682595748,0.0140453162215749,0.0182432240930398,0.00299318101898771,-0.00979795380448403,0.0250135361300446,0.0170064866156485,0.0176420776853215,0.00176516962906053,-0.0110968903196442,0.0243869298266869,0.0152159601882287,0.0277295726429983,0.0134188998019158,0.00328488420880752,0.0338604853869026,0.0221352264190972,0.0151877718419944,0.00424753570051353,-0.00792405651249262,0.0267514157838754,0.0163763968814229
frank,100,638,1.86088378090335,0.2,4.37908108222772,1.46255400341204,-0.847312819770186,6.33540966875774,5.36984214878707,3.16194518008684,1.71844604448446,0.576070862270323,4.13016369716654,3.65169120519336,3.82005313500464,1.95898270914761,-0.522919879023227,6.73329634323096,5.89665784694776,0.0259067286313507,0.0170402142747617,0.00249225689261622,0.0410874999542852,0.0368407529985424,0.0301601517967018,0.0133329505130924,-0.000832467579166237,0.0368519118519614,0.0344357161976065,0.0153633009667971,0.0108392432717664,-0.00215038613251146,0.0345047979183546,0.0316270241088765,0.0217781960203186,0.00783169203789044,-0.00460549786067147,0.0319332149746566,0.0279510340800862,0.0231423714544769,0.00837112885066029,-0.0083728856463019,0.0346151502795718,0.0313828009404965,0.0270686254429851,0.0135442043857882,-0.000361020547392364,0.0416373128467608,0.0358667894961739,0.025404424779921,0.00928199685009083,-0.00472178328071833,0.0341580173149574,0.0307603574842005
frank,100,639,1.86088378090335,0.2,11.0214004474319,19.8278899516979,17.0099480269046,20.5096849275846,20.162859738925,6.450674283404,10.8091972044975,9.41454266674311,11.1475506149205,10.9759155349536,9.32258617473294,20.0657418367349,17.8888269545737,20.364572626991,19.4862635628333,0.0623445456992841,0.107489062056843,0.0908271760130158,0.112370972580282,0.110814165732383,0.0636091734879785,0.095753468125205,0.0714760365536845,0.109054339129986,0.104797778039125,0.0575500978249217,0.0980133330780814,0.0825133536007996,0.105523953505962,0.102326275548185,0.0530955836835409,0.100027207686473,0.0874963154087871,0.0983967715184323,0.0990502367438822,0.0514840994903482,0.0906835901085904,0.075827751607744,0.093594082475861,0.0929353302985989,0.0495111581195605,0.109048188328698,0.0925701203543254,0.111982582704704,0.108175414455487,0.056664581348987,0.102943644577201,0.0881984974797137,0.10393224329675,0.102409152541739
frank,100,640,1.86088378090335,0.2,14.9705596402277,7.82499787570434,2.45386487236979,14.4319015481014,13.5207809643194,8.4056533804678,4.86862750577139,2.21028339569293,8.13926316029394,7.68780873130503,13.5290560491345,8.35907341002008,2.98291606354739,14.3289519386815,13.8828310813542,0.0672244465158108,0.0252092395061927,-0.024815952499954,0.0774570700601839,0.068996068962501,0.0809287352332091,0.0384279812538701,0.00798050503533823,0.0766706762440395,0.0696205092087975,0.0791432107494123,0.0375297910292747,0.0066548507374137,0.0708128091469545,0.0686262718400866,0.0728908704181413,0.0377706019845949,0.008152233339626,0.0727000458409285,0.0686554193064055,0.0736206064176706,0.0371565016703349,0.0113574277336913,0.0671758133194107,0.0633751435106161,0.0809660767804855,0.0426698910619864,0.0153049275732876,0.0792583920737107,0.0772790788320846,0.077187738708567,0.0400086499533194,0.0115815146184963,0.0737370816116922,0.0697147913349688
frank,100,641,1.86088378090335,0.2,11.3163475728808,12.643448635165,8.34687742781581,17.9980925460208,13.7611094509791,6.6001826277272,7.25468349516922,5.12861808807483,9.90479252755357,7.80859811165894,8.31030895339503,12.3291804613246,8.46649835693824,17.7567413244922,12.457666022322,0.0350047489382404,0.064091202424436,0.04633383910401,0.0833897170069828,0.0645071087314377,0.0520120915348829,0.0721383902496529,0.0516112888654954,0.0943878225294045,0.0721875587107013,0.0539375121383974,0.0646936753293815,0.0408675128872225,0.0929110988811569,0.0698967746416106,0.0516294581610692,0.0646209199058166,0.0431309963935895,0.0901056307766335,0.0677564479865894,0.0556972897484248,0.0518455776309854,0.0267917796669793,0.0838118813280145,0.0620000268046053,0.0402789832371451,0.0493850664568334,0.029951794944051,0.0785660489371828,0.0500915539933842,0.0476303844545112,0.0587284750454418,0.036107344550419,0.0864151624070013,0.0639911991206729
frank,100,642,1.86088378090335,0.2,3.54275241543595,5.27147328675686,3.43879503519421,6.89376459383477,4.79536304240542,2.74781741836144,3.60591096874525,2.70020082665804,4.40753133922442,3.3697657474124,3.07750138949904,4.85058709579182,2.96329590041537,6.91207730413669,4.41797095796438,0.0147973158312452,-0.0527260897518388,-0.0654198748183339,-0.0292697188865195,-0.0211885303828545,0.0238659523626595,0.0138826901958113,-0.0060333157024862,0.0291846952446645,0.0218930934042132,0.0207195697841739,0.0244439243036388,0.01309182851621,0.0350831612789146,0.0234663581734547,0.0176537051903964,0.0249749011305119,0.0127906116396233,0.0359308272983682,0.0236619708920667,0.0221163357504106,0.0257639189010707,0.0121768330076246,0.0376716860028699,0.0248600014412949,0.0235947880565106,0.0363511563925696,0.026874695199719,0.0441628416270683,0.0339766972992883,0.0200594815124811,0.0237900663744331,0.0102816986896322,0.0356429995837016,0.0232217764785003
frank,100,643,1.86088378090335,0.2,10.6762660510054,6.90705160756348,2.96397694402205,10.8208991493377,12.6659511277475,6.27799229749312,4.41269992626837,2.46118204479122,6.35047705297056,7.26312342244024,10.148790174108,7.74685194455394,3.79623037599266,11.1585310298963,13.4017366277035,0.0569677942970632,0.0370823601207468,0.0177895558293239,0.0461361479553617,0.0634423823553698,0.0587323225501073,0.0438688700246356,0.0239500007234595,0.0630990933024174,0.0723936548668206,0.0533231695449171,0.0326726333776758,0.0157728659171776,0.0496692526068037,0.0633880497832152,0.0550240302004125,0.0346136318944185,0.0154770545484339,0.0516602949981253,0.0635866540321828,0.0522891311241959,0.0328659878976493,0.0145393277841435,0.0489971559497586,0.0604837369774675,0.0631065090556755,0.0252370068149015,0.00600980856069879,0.0525700444629618,0.0634569733713698,0.0572664060792019,0.0388228516476864,0.0178991496400623,0.0576105027142965,0.0679232709201571
frank,100,644,1.86088378090335,0.2,5.00417499366585,7.82056190257509,6.10825745580192,7.90768557305478,7.7730437494527,3.47257294042789,4.86665011109736,4.01966758825104,4.9096119663893,4.84331891312235,3.9840690975989,7.78561162258698,6.40455745498326,7.77111006904492,7.36617260746388,0.0267524834700408,0.0314654183070455,0.0222091839287535,0.0237015344336798,0.0394615338901646,0.0272911609895212,0.0372031360842403,0.0276005319859863,0.0401730693470476,0.038503029623697,0.0215488017322608,0.0330510944732886,0.0224813599732411,0.0379684676120366,0.0342168447912864,0.0240923449277171,0.0392538729485664,0.0286184279119788,0.0418416089080788,0.0391288726487952,0.0320615201321511,0.039210910482818,0.0267097233999376,0.0435951062337965,0.0415998231207081,-0.00705331593374977,0.015119805669984,0.0138423405112372,0.0117499651055698,0.0324051735839656,0.0186672327715823,0.0352448346340763,0.0258213628604574,0.036357064051703,0.0329266590711877
frank,100,645,1.86088378090335,0.2,1.19444895795913,-0.482546741899776,-1.47666744999227,1.12125732522665,-0.142616812964203,1.5876092538677,0.757339724740033,0.264902385307662,1.55095001031574,0.927436243906603,0.598097149987923,-0.617463766128139,-1.44008346322112,0.832778278463214,-1.00306821814962,0.0103524649461642,-0.0105966550461876,-0.0139266103372713,0.0107750294461157,0.00121348656138568,-0.00110622346594452,-0.0118893247744169,-0.0157732304472475,-0.00695784485852148,-0.0123315707853671,0.000392544699397762,-0.0104079096762671,-0.0119784294403633,-0.0042654442743308,-0.0117629037508658,-0.00448944978791084,-0.00748850107718455,-0.00904709475271154,-0.00127485927382472,-0.011590882327705,0.00578887207261511,-0.00226833054577184,-0.00702227923242069,0.00561917677058944,-0.00165504648411369,0.0121095270520045,0.00708709626602263,0.00248787229058622,0.0147173963796808,0.00464464790554086,0.00150435621713407,-0.0080868842250681,-0.012885928114553,0.00226372209037255,-0.0119770784056701
frank,100,646,1.86088378090335,0.2,2.05348109285832,3.23021142759133,2.03119329252514,3.75122441116658,3.53966028974393,2.01318395825833,2.59419690658571,2.00102228296883,2.85195266926697,2.74763312908426,0.983550195490506,3.13482569991485,2.13808272058553,3.72285532792108,3.16219374804991,0.020227923024859,0.0120981573145945,0.00325128433897642,0.0181814153023565,0.0209713864521669,-0.0165974848711915,-0.0138870053384047,-0.0171013915724945,-0.00705720064839153,-0.0139177944380684,-0.00147136258606377,0.00809221355476317,0.00271589803126839,0.0130532620504801,0.00886137064682573,0.00620300669458488,0.0139374839928791,0.00810836405447163,0.0160209830772866,0.0151058714286091,0.00799530086558209,0.0154359544554725,0.0103395930747746,0.015995456362599,0.0136918890491129,-0.000831504270598529,0.0163530008710749,0.0155862384635021,0.0176552135397295,0.0091774774558918,0.0117434989092675,0.0155823194409535,0.00813754866243445,0.0201355666949622,0.0176685326055427
frank,100,647,1.86088378090335,0.2,19.8839587584437,16.5049699211794,10.4493619158206,20.1070171962403,21.0806180259814,10.8383369210929,9.16528301006536,6.16853986804205,10.9478558184729,11.4299778167782,18.4897625888676,17.1465879829643,11.0890854859749,20.1218654740455,21.5014342779601,0.0995124962958393,0.0883444090206905,0.0539733819045297,0.109153164760576,0.114655039151351,0.100364352554021,0.0772357532488948,0.0466890268745313,0.0998949801611034,0.101147699787844,0.0952646465492933,0.0789179279700173,0.0447660544171654,0.100990711774817,0.103208362908133,0.101542784042116,0.0811322770886946,0.0472551303396122,0.103112795554848,0.106164203834589,0.0931527824854375,0.0794272360491938,0.0508680995511341,0.0979160159958537,0.0990010353409474,0.0989994376117656,0.0910267027591792,0.0621331262071406,0.110309359668869,0.112485615378712,0.0979556683452823,0.0827979408827179,0.0508481601013663,0.101957944483436,0.105956611136318
frank,100,648,1.86088378090335,0.2,1.29518320718668,2.72243939315941,1.69382278729466,3.54095077446018,2.32494012890883,1.63535828969104,2.343705660128,1.83545722784713,2.74792182996812,2.14695657120444,1.18459067654903,2.50561585897256,1.55051137909485,3.49735772582321,1.99240179626879,0.00892623358878295,0.0223146013707084,0.0184682617681068,0.0250275321282787,0.0200833610805167,0.00828305763238292,0.0174119654136278,0.00894549085066667,0.0241725115772249,0.0144718967831589,0.00530775570725924,0.0136315251092449,0.00730588572505171,0.0180218592629495,0.0117054684516007,0.0125011614785694,0.0151523280971365,0.00751363872387816,0.0216260663595938,0.0137227794224249,0.00963919967723523,0.0120530534655584,0.006089383562844,0.0172417247555139,0.0103698498358488,0.0101258265214106,0.0209056800452295,0.00644519166954846,0.0277038076936164,0.020922227842159,0.00954013454376354,0.0118381149368996,0.0041651135200116,0.0187490945612778,0.0104187187795873
frank,100,649,1.86088378090335,0.2,10.5173910826812,8.52618798255132,4.29631326655967,14.0131482682535,10.9913974630896,6.20238943109485,5.21584777193145,3.12250903303541,7.93153939886872,6.43803295169213,8.47746007801941,8.6118841321321,4.62529976923607,14.0850236289735,9.85317303792007,-0.0084963357564103,-0.0240512067254791,-0.0329798492461163,-0.0269437274573138,-0.0470051981429524,0.0585252076996689,0.0499182314054239,0.0264835389659296,0.0792516076597956,0.0585281122173186,0.0532057959306514,0.032697303720806,0.00735257880503858,0.0662043215328676,0.0431879558793029,0.0493194703151149,0.044260390771482,0.021829509105161,0.0726696475925322,0.052879278246538,0.0465154329580357,0.0195988512219878,-0.00647776995658088,0.0583675018362452,0.0378272393851855,0.0585446509819033,0.049512120969802,0.0292185496872382,0.0784961531855122,0.0648541225891995,0.0509305289844861,0.0409638933644487,0.0187352416754567,0.0695631149953419,0.0494367188209867
frank,100,650,1.86088378090335,0.2,-1.37817909888131,-0.488184682651905,-0.510732107291407,-1.10981854497348,-1.04570627309032,0.311637471515916,0.754110977091454,0.743409287797409,0.446250610488001,0.477958102729504,-0.915187793621391,-0.741364950713753,-0.742045264292395,-1.3431533645346,-1.16848888748528,0.00274454921584259,-0.00579269215999509,-0.00530912129242062,-0.0184652515864987,-0.00714001002948135,1.4326863121277e-05,-0.0169552562848797,-0.0251070664718552,-0.00593072747567309,-0.00684693451992601,-0.00553748844512751,-0.00430682038945073,-0.0073419568894114,-0.0026921753682443,-0.00436649804653316,-0.00658194742540711,0.000192830197525514,-0.0010282263624188,-0.00345130854116225,-0.00381344933574149,-0.00440747082555272,-0.00149091544709458,-0.00169777374221087,-0.00419964893980166,-0.00412915586304135,0.00309142999352169,0.00635993756511561,0.00550401947200239,0.00389481652266163,0.00347237390845515,-0.00350388880986405,-0.00596859851979235,-0.00782988690509138,-0.00716278481672025,-0.00714286105018882
frank,100,651,1.86088378090335,0.2,2.90698705090381,1.73569400094295,0.371874733164774,2.14199203480298,3.14520140560021,2.43380550121541,1.85347090112985,1.17766464039741,2.05559887361585,2.5531034156795,3.02339532295756,2.26432481797082,1.18411288260449,2.01677294309774,3.02703431739231,-Inf,-0.0355495964144619,-0.0235976767758696,-0.0721091249750875,-0.104020044623868,-0.0129029664006201,-0.00019333586222534,-0.00131070403881559,0.00246443133767128,-0.00262638276091701,0.00808700069331202,0.00498877803810624,0.00247281348441438,0.00108190237409667,0.00287593979093855,0.014930157073337,0.0074390850336767,0.000782091959675504,0.00845739652486443,0.00918465549890114,0.0192078423475639,0.0091042068230614,0.00096810724166648,0.0113235099506724,0.0150523481757601,0.02233931910249,0.012034876828821,0.00542620728928045,0.0116499217617993,0.0146091258683535,0.0164288245885892,0.0127547901674171,0.00624288070083638,0.0128478121733724,0.0159772049986756
frank,100,652,1.86088378090335,0.2,7.93610340631173,6.08687470226558,3.66340848103222,5.44995582327223,8.26811942821027,4.92252970227378,4.00781072028522,2.80865953996689,3.69224622103694,5.0875496860775,8.11301223462009,6.51569475106417,3.92123724340967,5.5441528129862,8.79728345921264,0.0351622241977968,0.0225337068568251,0.0113296170475985,0.0275316917560874,0.0400126955761848,0.0368904301437795,0.0272457035902556,0.0182631036335964,0.0256291150626689,0.0382571479488726,0.0388803265439269,0.0294506816684718,0.0185382001793843,0.0267200159191594,0.0386054553618035,0.0428105867208435,0.033082048543802,0.0201203692170715,0.0314920965552423,0.0435905684194144,0.0407835958391081,0.0298811501306399,0.0180051339374235,0.0271592999652978,0.0381986311792415,-0.0153496963995711,0.0369988350182475,0.027935175714185,0.0199762781513393,0.0396480698245494,0.0431249900996516,0.0339139896717259,0.0200546969657521,0.0302895064770353,0.0449912449920466
frank,100,653,1.86088378090335,0.2,4.22991134845569,0.0598282851871299,-1.70607981407697,3.93711114380929,3.3110850081096,3.08724640448097,1.02504575006098,0.152492099195585,2.94314712099221,2.63298281873162,4.19518004063002,0.342321033083731,-1.93418360260665,4.26926187192668,3.97282204430504,0.0253469869486369,0.0101321224728085,-0.00119169002391397,0.0290489958695812,0.0244833059017701,0.0170370435637479,-0.00550248145354867,-0.00973557487216286,0.0137418865842497,0.0110744699350814,0.0271922301891927,0.00210050544484493,-0.00714060349586822,0.0220851840215443,0.0202850080979158,0.021366176370765,0.00106791428125359,-0.00832605876836924,0.0198961620030859,0.0174532117223984,0.0186034717586171,-0.00283262282870813,-0.0115238898166603,0.019040422137351,0.0156797603587676,0.0277496573636286,0.00876592256216616,-0.00247619849882115,0.0294966800049816,0.0265312766794024,0.0246346337852634,-0.00203519257430424,-0.0144183022423315,0.0203868941074069,0.0178690685276501
frank,100,654,1.86088378090335,0.2,2.32495380490303,-0.205565142827698,-1.27834263798769,0.616589936463161,1.6820230176371,2.14706454024365,0.892976619939297,0.36191632984785,1.29988487357036,1.82771529700881,2.51149107500185,0.231272537486277,-0.838138063276459,0.730177189425011,2.0807787578708,-0.0112806534423992,-0.0518517292191934,-0.0548496260246135,-0.0437437712252315,-0.0424063913910751,0.0202023885322148,3.00391886931684e-05,-0.0131597036179756,0.00601671420523556,0.0143479649694136,0.00663730471059987,-7.5045391441908e-06,-0.00225459490373738,0.00151829291753416,0.00555629840763516,0.00399136477884085,-0.00141800496091225,-0.00934390451301067,0.00236259153828802,0.00718441705734602,0.0189093973599494,0.00494563881327586,-0.00373966897298667,0.0100253334277027,0.0163871077188071,-Inf,-0.0155829853211767,-0.00784132423022039,-0.0470161998676103,-0.0460916817646602,0.00778535212345927,-0.00119581566006759,-0.00583594741705939,0.00269393446119271,0.00728997216849775
frank,100,655,1.86088378090335,0.2,4.24008568237073,4.66547281650208,2.321370528539,8.0491911645018,4.61874899407486,3.09463921162501,3.3062938268216,2.14670227219913,4.98071422092248,3.28356294261498,3.18002870571456,4.31023636883431,2.17261156849792,7.61898541910797,3.90380350931967,0.0275377405303834,0.0263473445216874,0.0130014016601436,0.049947537056301,0.0256853175505527,0.0168166376956686,0.0183819656370471,-0.00404433662040762,0.0415593972535905,0.0231376962302782,0.0209097872989677,0.0269258137730182,0.0147275332721916,0.0416347423722491,0.0209040870053654,0.0198081621264065,0.0174661525353767,0.00539191783503299,0.0335662064865293,0.0161198650153938,0.0197004931191102,0.0118019524796121,-0.00346369138820959,0.0293433192540896,0.0118028482241883,0.0311994443285494,0.0241869397744114,0.00922764683212044,0.0462418916593348,0.0309768687225959,0.0178599815455161,0.0201225255202467,0.00701308794299503,0.0389408260127347,0.0187997533516928
frank,100,656,1.86088378090335,0.2,7.58336954990543,13.5704971256189,11.1589315932357,14.8776435525555,12.8000879415246,4.74940765587388,7.7125828587306,6.51918080808051,8.35981562985108,7.33300349089007,6.03733489138799,13.5402708667951,11.7432870385414,14.7312373278882,11.739961950023,0.0173417408769262,0.0625937813596116,0.0596998579633782,0.0309800735263672,0.0487240420534801,0.0334825588950688,0.0658305889503445,0.0583701893572303,0.061539982128974,0.0491177164457285,0.0359591297829677,0.0625761880087531,0.0461629004201934,0.0722989130285162,0.0547675020562851,0.0361330793253203,0.0675288881062794,0.0554424577674124,0.0743674371789712,0.0584604850115207,0.0395316456896839,0.0751171908580828,0.0634168457156495,0.0799020854743394,0.0681551623391607,0.0469176867645716,0.0637982391986648,0.0480839743557997,0.0711756476751058,0.0627342667242198,0.0372113055476702,0.0675256974020559,0.0550959256914653,0.0731348109579708,0.0599628726760717
frank,100,657,1.86088378090335,0.2,4.18809899014966,9.80695802151813,8.20817010326038,12.0489740855582,12.814267708076,3.06711435845731,5.84723476148135,5.05631739596338,6.95768906730285,7.33594889692093,3.53379073018044,10.5303744255192,9.46180114715065,12.5843628432732,12.8954687497644,-0.0087693526988722,0.0499364890016818,0.0500773450143569,0.0468442168494922,0.0498888130957666,0.0105370144628511,0.0529943193397128,0.0471730574095715,0.0599215764560048,0.0637968630366145,0.0222094503311252,0.0534768000895097,0.0451618774608776,0.0622887961161809,0.0676122574843994,0.0227403116790665,0.0540857264699831,0.0456295987972563,0.0634047304524703,0.068439335847547,0.0198461255245156,0.0539060686280863,0.0442528834345381,0.0636585222508583,0.0680396114915797,0.0285586195469894,0.0359767717450292,0.0219284625273515,0.0532569344992921,0.0651324060462472,0.0226506254210826,0.0530986067515886,0.0447158417440381,0.0619435637034019,0.0675848114166156
frank,100,658,1.86088378090335,0.2,0.180899052075882,8.28794104494534,9.15421866798267,6.17883855339496,3.9334973079003,1.08742228343596,5.09862416540173,5.52737653701606,4.0546510061461,2.94674394207087,-1.15577914356824,7.82020295295199,9.43454856409248,5.73698067704538,2.01025327305337,-0.000185022568804752,0.0362085849704368,0.0277353059915572,0.04024789336908,0.0166983977992332,-0.019899432103372,0.024697439493021,0.0377156066869783,-0.000993546786682653,-0.0137575058281152,0.00495638097639737,0.0446824498951368,0.048091381700724,0.0330302762313452,0.0172377008146577,-0.00386156656818156,0.0428285422055112,0.046688132449776,0.0287347711585983,0.014780047745706,-0.0154577308635747,0.0355301700602278,0.0416614119336163,0.0230877197065777,0.00289116838983047,-0.000455968019450117,0.0514391734492773,0.0544739052828622,0.0402316832088842,0.0294451280716752,-0.00377639224336862,0.0401431993981459,0.0451061533033501,0.0293250809863354,0.0115426615264556
frank,100,659,1.86088378090335,0.2,0.611133717690006,3.30998564021956,2.95548298803659,2.16542398643117,2.9015020653475,1.29897796494659,2.63361103141392,2.45879032623819,2.06662655500939,2.43118275407408,0.512322418498753,3.38564992562332,3.00537498726346,2.27375144102362,3.06707996317306,-0.0327386022816798,0.0263865882031268,0.0145011103640974,0.0154928420879669,0.0145214126092897,-0.00354645397515377,0.0169848044855354,0.0127004438499392,0.0150217580376149,0.01943529759564,-0.00351631502031997,-0.00294092223244268,-0.0129882963606936,0.00735635794309534,0.00469581674429087,-0.005378538520058,0.0139793929588091,0.0108340982793526,0.00987710456970985,0.0127840236590168,-0.000466430797009495,0.0106022407804545,0.00653732747624004,0.00635863332356178,0.0101570280165053,0.0126774657121945,0.0143566759250414,0.00531061442493265,0.0182564315683603,0.0229941408505167,-0.0055607060804088,0.0145582009578147,0.0117884178123967,0.00964529578541865,0.0126248056143336
frank,100,660,1.86088378090335,0.2,7.10328084852593,2.56338564629436,-0.314144437962923,6.70215897022169,6.9086620510397,4.51113458505402,2.26330885146237,0.839347054075384,4.31187701634096,4.41427106347889,6.38188111599893,3.20234198148962,0.344088993694813,6.9896682788102,7.29785678884854,-0.016649412125039,-0.0405911870146607,-0.0429700317155765,-0.0112020935708534,-0.0262260078962009,0.0374661459260436,0.0105719362733894,-0.00807948583191692,0.0307652744682663,0.0359594815623567,0.025279796932279,0.0113144979294064,-0.0011001883612175,0.0300712760005165,0.0298772767213926,0.0337463899350561,0.0104732235733224,-0.00628869533799682,0.0347106356221336,0.0338213784595578,0.02900496253047,0.0148570648092602,0.000350186156237941,0.0343915497128308,0.0360089479498829,0.0455140531622607,0.0214579821961543,0.00812542593889975,0.0426579875291793,0.0439504674727599,0.0388561152833941,0.0155259921351066,0.000190062960540385,0.0370135027748491,0.0378367242491766
frank,100,661,1.86088378090335,0.2,0.0303632417814632,0.310876948994889,-0.343407237583777,0.819389930803526,1.42787176340713,1.00910486452181,1.14832292926296,0.825155339826146,1.3996298778273,1.70060789567826,0.16218615873041,0.534508275411326,-0.218657021593914,1.1854401903921,1.86539746138055,-0.00307633247342408,0.00926834635560617,0.0082739849776312,-0.00228538507516914,0.00327294411201683,-0.00227714941360035,0.00650394354063449,0.00654762779774753,-0.00105174730974579,0.00722683708004558,0.00524289433854782,0.0041577418522978,0.000644384738573965,0.00547613907264185,0.0118667811491129,0.00170127658915208,0.00391583589419418,-0.00023132351225471,0.00610100047262771,0.010173905899559,0.00202652634070337,-0.00215652809118992,-0.00638466723292199,0.00465965879585913,0.00654052892378612,0.000182130283605538,0.00742021951350846,0.00677718483253659,0.00109652056137269,0.0118802252816498,0.00239921841432221,0.00144595442389985,-0.00367090539637051,0.00536703656430799,0.00885704371995113
frank,100,662,1.86088378090335,0.2,6.70682551884636,10.0738996339147,7.20037671295699,13.911059150149,11.4281108499465,4.31543272794934,5.98167874190509,4.55985496601031,7.88137903991758,6.65205258756965,5.56596789482992,10.236415729828,7.72699481010121,13.8156808310062,11.2135124995729,0.0388275872821997,0.058529267998625,0.0419210939255289,0.07946640077489,0.0667296995012834,0.0398843644930393,0.0520700700957227,0.0373795742333708,0.0722335898542953,0.0572002852345815,0.0319337773911242,0.0477923250987596,0.0312696319840343,0.0681134906334483,0.0536634381544363,0.0306047552089742,0.0500686484573848,0.0333230331539864,0.0694802819535435,0.0574407425244988,0.0285847642555287,0.0494947562358196,0.0370993751133246,0.0686060315005295,0.0566025760127353,0.043522338667119,0.0524561724614288,0.0322486964010784,0.0766695737771495,0.0627720086643122,0.0329503124592303,0.0494195076542534,0.0340253952383454,0.0679248251752663,0.0566833392037293
frank,100,663,1.86088378090335,0.2,0.888740242133888,2.47518580636545,1.26834831594622,4.83344121753136,4.20571417820809,1.43500717756601,2.21931344204254,1.62269761012718,3.38651381352269,3.0759201823768,0.432981614709693,2.88038486571844,1.82545130039157,5.2380211890266,4.28991249206316,-0.0597761030691829,0.0163692257155543,0.0163107922728223,0.0176306407283517,0.0121075880822067,0.0123190107638807,0.0148544818033186,0.00641734388689271,0.0298333336611419,0.027958364977086,-0.003426256661247,0.0172990043164583,0.0129076067200412,0.0249899375417271,0.0212784720755381,0.00881482062413022,0.0182032133888893,0.011226988960295,0.0306851017128504,0.0266792773600111,0.000748959717482921,0.00759213364216441,0.00146765151818197,0.0193082156699424,0.017667703112634,-0.0172289194129614,0.0149765518338242,0.0136983681974292,0.0234770997598715,0.0106450492278253,0.00386679924327667,0.013413632865295,0.00572398921554058,0.0257346009031044,0.0224548542592054
frank,100,664,1.86088378090335,0.2,2.55017905292303,11.9387012684256,11.7771525347584,7.93162681927098,7.43837784156972,2.25924164580642,6.90503604787698,6.82465685816894,4.92212237176145,4.6792730537977,1.19683104367906,11.5589546284217,12.0251285041511,7.60099222224657,6.14271247006949,0.00630511530863998,0.0644111490520118,0.0659883716785072,0.0432679216742873,0.0375379910388928,0.014298235251991,0.0627832128383759,0.0623803970510448,0.0421230170892571,0.0332560058500417,0.00209725432837333,0.0611999345600971,0.0627059768178024,0.0383742923046912,0.0346608269673539,0.00964611565581421,0.0561359429034648,0.0555083249593329,0.0358977297631766,0.0309065469068118,0.0127408126243835,0.0644013059511677,0.0651607943073832,0.0413918258240191,0.0392131871992656,0.0195274434391494,0.0620501469042075,0.0596857243632858,0.0402622486398122,0.038896804459123,0.00909709738216094,0.0583131150650528,0.057765239023387,0.0371029858808413,0.0333839838758073
frank,100,665,1.86088378090335,0.2,11.4108652723185,11.6161363648677,7.34296441995854,15.5453557693939,14.7358060914757,6.64229170351247,6.74501327604232,4.63087848212844,8.6895910918602,8.28918026012477,10.2455407680928,11.8671527099827,7.75968384155127,15.6290455446234,14.7070717643196,-0.00617691749518313,-0.00811306852017499,-0.0340661301589157,0.0586072427171372,0.0281126770903067,0.045429204132021,0.0597733141450269,0.043804291700286,0.0627733387971854,0.0616468059792371,0.0576780728851878,0.0563860050349934,0.0297765602019853,0.077714110833226,0.0763478269694644,0.0577432523712785,0.0555574196912617,0.0319358099478365,0.0766348569089884,0.070201795560078,0.0613512203569302,0.05383248941722,0.0305757303459173,0.0754583580776315,0.0725512672959699,0.0159245424212161,-0.0758058318730435,-0.101833374050802,-0.050455550064492,-0.0794528451884306,0.0585711582954849,0.0575640729556641,0.0334567118852298,0.0780769930349838,0.0732193789344208
frank,100,666,1.86088378090335,0.2,0.643402708634019,4.88284128622876,3.86755380796073,7.99981227127469,5.82865569080402,1.31279857024776,3.41118637417018,2.9093278310344,4.95443909430904,3.87954944872257,0.437611046240974,5.22093382151593,4.57611670978762,8.20552924442589,5.79530444659187,0.0113802846664621,0.0250786921873776,0.0192234054339369,0.0362187086692673,0.0281485668000016,0.000587684214988451,0.0112432243563263,0.00300953516037725,0.0315012824143532,0.0179364521301595,0.00346451985550599,0.0251131925620771,0.0182927335869957,0.0418751588299617,0.031009114820234,0.00553197520362549,0.0265491327139462,0.0207955348687249,0.0425977517988883,0.0311984203958061,0.00667280330052077,0.0276217467471479,0.0214075626843946,0.0412013967444712,0.0304058924309271,0.0128218400034905,0.0341191912433489,0.0287702457824404,0.0498390000880899,0.0388568624618201,0.00540254524941436,0.0264949375044593,0.0196051871069506,0.0420039052680928,0.0314885777252839
frank,100,667,1.86088378090335,0.2,9.28291855955992,8.95595455771778,5.35639843072633,11.525211383975,10.685693303656,5.58969444932586,5.42879448175741,3.64778168071936,6.70033177306717,6.28498350652409,8.23372846197741,9.03163887027296,5.51033615529864,11.4436660941921,10.5724953048182,0.0265402944064296,0.028377269620405,0.0107617658623452,0.0368833961473696,0.0313217519615563,0.0507046061235533,0.0492525069458877,0.0305379829242717,0.0625846610192788,0.056551142706433,0.0479860754725054,0.0446691990761373,0.0241951552801806,0.0589724669740098,0.0517848890105356,0.0507963191424182,0.0454125731998577,0.0232991902328047,0.061332981106954,0.0562270121772052,0.0436901618855642,0.0388865533864615,0.0241684006971956,0.0479089922981752,0.0463724415001098,0.0556832363522525,0.039322287620321,0.0076951655556949,0.0633457536713679,0.0538469418307386,0.0466863646395569,0.0402183551439246,0.0198371556436048,0.0541673375603789,0.0496525262303247
frank,100,668,1.86088378090335,0.2,9.00011876269921,9.7425409948123,7.22333477634719,9.41140816542261,12.7942728474298,5.45129419981252,5.81606584564167,4.56856063985111,5.65315223672977,7.32750183583961,9.1813826270765,10.7773073721226,8.37437285613632,9.551345813628,13.5104984117872,0.0212565737454996,0.0552129936114007,0.045247080302583,0.0471703514374365,0.0634078939396143,0.0218280257707894,0.0433893861329171,0.0365981092013972,0.030758842312836,0.0495533708883396,0.0373969249074974,0.0467098830349102,0.0374640302664699,0.045277449072327,0.0588593042229492,0.0483868363270105,0.0536562339072406,0.0407744446587354,0.0515121485547936,0.0690208618686356,0.0376342834901948,0.0493852923710025,0.0386693006687544,0.0468947700299849,0.0619037427282607,0.0520265768031026,0.0576485539373183,0.0440603624161423,0.0570049559688532,0.0736285212918962,0.0434621820053932,0.0526226021603898,0.0409583030842265,0.0498411805458224,0.0662948719497354
frank,100,669,1.86088378090335,0.2,0.32616165645979,-0.141211871824607,-1.02900166829425,1.27813617569733,-0.838150109546515,1.16107095101411,0.928267443644597,0.488339854076729,1.63076365164058,0.583039618597515,-1.26832882713884,-1.0410956712985,-1.59729422800102,0.170048572397195,-1.73298462273773,-0.0266905531628718,-0.0390568976042407,-0.0327417824568519,-0.0392789552909335,-0.0598652565312596,-0.00562770740869195,0.00370279657200566,-0.00763874594248162,0.00488257874500597,-0.00572284555074214,-0.0169064316208761,-0.0100462842660128,-0.00997259776479183,-0.000608065647737252,-0.0147613228339068,-0.00522117506686504,-0.00741345292304015,-0.0133111645803353,0.000906947527104086,-0.00726785034346359,-0.0120206764112936,-0.00639793140797505,-0.00784235814235308,-0.000661971516386525,-0.0130165909735959,0.00761305177607112,-0.0151824559674306,-0.0282464397112871,0.0113484186696416,-0.0095421915983353,-0.00513835776819467,-0.00285166503653951,-0.00647258777422468,0.00407849816071064,-0.00708794802207354
frank,100,670,1.86088378090335,0.2,3.13598242732094,0.851372857243772,-0.672784855745255,2.6204666080473,3.38592800083079,2.54645974408537,1.41600989844273,0.662329332533627,2.29126713827065,2.67022250042694,3.14312294460742,1.25546173838261,-0.424317201509144,2.93889580527628,3.85462567656619,0.0191680743590315,0.0051129401569191,-0.0146198589439128,0.022883932858251,0.0261025714778587,0.0203944958822039,0.00343740550292279,-0.00688391484003051,0.0179270923443645,0.0163321980315707,0.0198558294547635,0.00380448732725128,-0.0113786548288294,0.0132074869924996,0.0196898034245162,0.0161239065165778,0.00163819101099062,-0.00703892067726008,0.012225251302343,0.0155930292721559,0.0128395308330676,-0.00300709202173455,-0.0143915353233426,0.0134459725428973,0.0136148972622175,0.0218736587760153,-0.0237024653375036,-0.0281013538453043,-0.00971620800806661,-0.00262533447239675,0.0161296068849243,0.00463953883912989,-0.00490689503455178,0.0140985691843929,0.0176753531131183
frank,100,671,1.86088378090335,0.2,-0.0646449034618355,1.02152390025671,0.175387049075656,2.49527117187872,0.479820326983254,0.963947793284997,1.50229844908517,1.08385720237046,2.23157065520339,1.23392531028745,-0.594782777216225,0.591307749688749,-0.0448898066135768,2.0271203619489,0.00715146674740952,0.000230825045290197,0.0146927741376169,0.010810531786119,0.0207636894050476,0.0107699113492051,0.00559095336783989,0.00534642162285622,-0.00904988507043004,0.0181486248616646,0.00759261733544915,-0.0121678587160728,0.000482165094730354,-0.00123995131260539,0.0065795399788131,-0.00790286690313171,-0.000138729134042075,0.0055273154266977,0.000466548403412199,0.0128452320687255,0.00281859751781296,-0.0140269824112505,-0.00909304027739992,-0.0109566878563026,-0.00286212348827255,-0.0153306017532718,0.00946102086553323,0.0142071085473162,0.00902737347675049,0.0224547185388622,0.0123710987491857,-0.00155202095275238,0.000616601333022115,-0.00497081767474053,0.00803606599050348,-0.000491375070978848
frank,100,672,1.86088378090335,0.2,1.63927017545789,9.29177621288115,9.40959655926605,6.31400630237609,7.15621784864842,1.80737183371333,5.59380349468073,5.65204664606701,4.12044420485539,4.5377776668089,0.785632369682132,9.32932760498139,10.0083274498634,6.28785926337352,6.48625937636333,-0.00655945143611292,0.0193830575816554,0.029150619295391,-0.00967108961667221,-0.0131457155145078,-0.00741964245747033,0.0412993938837042,0.0443776942771146,0.0204973916361793,0.0232910115413683,0.000676754285426908,0.0510361576550619,0.0518234638279585,0.0348726840794425,0.0367412146980023,0.00782044781307231,0.0491244944308061,0.0496876901454933,0.0338633488671286,0.0373142195816125,0.00900748608859907,0.0504060315715116,0.0506599717668873,0.0350105791161834,0.0372306147677457,0.0181337290342,0.0560851018511102,0.0561862936804128,0.041541112381856,0.0452249603158044,0.00677798382342093,0.048245584111156,0.0488409647812686,0.0322109615399509,0.0353875830431503
frank,100,673,1.86088378090335,0.2,19.9932471471173,39.035749530194,35.6753530060461,37.0862918201091,39.0480996643523,10.8920395290732,20.3160246251779,18.6529895010115,19.3519729109489,20.3228851435705,17.0475287698263,39.2382488214399,36.7104653701571,37.172533817295,37.7491097332926,0.0886420496049488,0.203628176725223,0.188374704390239,0.194786652104955,0.198083461455682,0.100290544406525,0.199502445716669,0.183464339563747,0.189260280018655,0.198272212674771,0.0991141761546223,0.197980213884575,0.18245488473468,0.183843822175988,0.195048305580173,0.0942358563295728,0.198494031288096,0.183254254354543,0.186242901822318,0.195392941098331,0.10562131253731,0.20208179566214,0.185461173125852,0.188409846133072,0.199829205746151,0.0837550773085269,0.169202515017675,0.160786596996623,0.151167533207415,0.163453347259243,0.0985798056950151,0.198364356031633,0.181489149677364,0.186349257879728,0.196371349027236
frank,100,674,1.86088378090335,0.2,-0.562851745136911,4.1141218592039,4.29425858123042,3.06032295013996,3.36131326026204,0.715235878945796,3.03075505360378,3.12030170566139,2.50956481617326,2.65824797374267,-0.327830479144373,4.29563769276372,4.76726004361822,3.16402370060192,3.39193835372768,-0.00625032942227657,0.027793414789699,0.0311341458325014,0.0120122022613299,0.014765594315217,0.00392389996362285,0.0130411483613461,0.00378557099088941,0.0167454232360229,0.0181092937527441,0.000629880807989939,0.0189591577139952,0.0185558526991745,0.0137232243501402,0.0169322417021331,-0.000525274788397788,0.0225612757134611,0.0227975760977083,0.0166277781055463,0.0178003840630586,-0.00039460914196466,0.0220671018770405,0.0217130764588402,0.0152000963792681,0.0183709432855269,-0.0445789727743052,-0.0672461894623595,-0.0690071551630072,-0.0963984789102718,-0.0498091886746707,0.00091314073346127,0.0235522546502014,0.0235754884061726,0.0167855138708533,0.0193518274554734
frank,100,675,1.86088378090335,0.2,6.8106250266478,4.19690856469312,1.33979669841238,7.58104108592574,7.6116449096729,4.3664380104305,3.07261004941233,1.65984268425686,4.7466131212647,4.76195147458367,5.79281079031423,4.41925978631412,1.34935491611993,7.96541047159886,7.87892807923718,0.0439579731738701,0.0250651207992919,0.0128812899126474,0.0402905679525446,0.0443107051873943,0.0314530718356846,-0.0149873229850615,-0.0404978148495616,0.0231030214171382,0.0246093003323451,0.0338627635996691,0.0227664111491959,0.00450682189407078,0.040512593509615,0.0422112483147918,0.0347035544429859,0.0244431237980656,0.00482748409610001,0.0434570400250614,0.0433519594403089,0.0292347461338126,0.0143223857949361,-0.000855017710272507,0.0344954091722943,0.0345666510569303,0.00448985779230369,0.0291420234274574,0.0160423805847236,0.0402962449495966,0.0336879791861938,0.0285999389208963,0.0213118238650856,0.00541718693101111,0.0392247213173004,0.0380761674331312
frank,100,676,1.86088378090335,0.2,0.562825879687997,0.460856297336719,-0.130728800236495,0.0722813644701765,0.690956182281,1.27294916601318,1.22379622943136,0.932505402346792,1.03058542411017,1.33690639649667,0.694684545391446,0.437397987096815,-0.248334161702935,0.174224438389053,0.865681181269796,-0.0904428923250506,-0.151648796360076,-0.148493636351841,-0.175636266741497,-0.197317489381277,-2.71378955091262e-05,-0.0197722577932146,-0.0180568655775881,-0.013018581424614,-0.00908163420787671,0.00197309926834408,0.00610059248179863,-0.00376024517320281,-0.00183503141451256,0.00435100527717611,0.00446001064637818,0.00556534624680132,-0.00722743438407451,0.00438160112783146,0.00819614628856725,-0.00169204263851719,-0.00389965254479686,-0.0110982429071774,-0.00160033871558166,0.00148108546275584,0.0104849849703991,-0.00928390798012753,-0.0143820033110602,-0.0167593871316927,-0.00208139854363941,0.00404386081414758,-0.00119539736996505,-0.0107706170447196,0.000960795568212835,0.00370544145467935
frank,100,677,1.86088378090335,0.2,0.393545777019083,-1.83612179849355,-2,-0.603270650603081,-0.685656783516893,1.18801911650837,0.0866030691692637,1.7037111999808e-05,0.696485556644881,0.655280948084101,0.962522634810723,-1.73842081219323,-2.07338100741505,-0.607411173943273,-0.302538793722389,0.00898475103741432,-0.00114233744835933,0,0.00368471888626539,0.00244469306215016,0.00716853984821312,-0.0156209182434219,-0.0103662914337478,-0.00853997659540535,-0.0119214371773836,0.00734966680950469,-0.00577939222202927,-0.00258537131284364,0.00239816250315588,0.00234815241071317,0.00480531819162497,-0.00787638810401905,-0.000762456629623379,-0.00162786023925305,-0.00128701096702698,0.00748693966647051,-0.00375263457343211,0,-0.000724746084611088,0.00210096996879592,0.0119493489658629,-0.000344818137760304,-0.000493580209305564,0.00692953397397277,0.0065447740458445,0.00396229027171304,-0.0122218807328857,-0.00091942403749056,-0.00488006670874759,-0.00469816693507597
frank,100,678,1.86088378090335,0.2,5.06666824797767,6.00601655432529,3.52345558161427,9.52898580787448,9.120021507211,3.50336433706728,3.96669038373055,2.73776665355394,5.71150512040999,5.50893817888685,4.0784423404535,6.64855531727746,4.58596110910424,9.65282212859407,9.15509067863834,0.0213517604382982,0.0379971330955939,0.0276084575217273,0.0487541397252624,0.0408344454431826,0.0104671904839416,0.0287279343107927,0.019171993584795,0.0474133790875626,0.0430732782048388,0.0257520153995775,0.0353992086942759,0.0233154693366351,0.0495892450065243,0.0496029388677438,0.0239077366154171,0.0347255497249009,0.0215375865590095,0.0497112076070715,0.0467538433392451,0.0211186726229982,0.0245251140327858,0.0116629665412248,0.0464761004212905,0.0332330731010577,0.0212650128438541,0.0397799621364097,0.0270438568692728,0.0493386321176888,0.0410623341057576,0.0236370025189285,0.032231755277448,0.020004256350621,0.0477844829084202,0.0461235607636246
frank,100,679,1.86088378090335,0.2,3.00381712179625,-0.539397097062261,-1.79718735366209,2.0506463430632,2.74379241314602,2.48078994794938,0.727219388913614,0.105233773683377,2.00915881200929,2.35196390242052,2.95512924022589,0.0107198188327866,-1.4412897635707,2.41360961228307,3.32085938797632,0.0250190370398842,0.0066749702330031,-0.00290249251182296,0.0184277356347229,0.0235187687532401,0.0136573639746272,-0.000729301469060899,-0.00491642263271048,0.00909820115357868,0.016104173908934,0.0165598662446569,-0.00419102054545085,-0.00917648178160843,0.0118516198612188,0.0156787796686809,0.0156688297303017,-0.00386014087796155,-0.0112403361375703,0.0121946766049849,0.0141924100882639,0.0127631679868014,-0.00692910283178019,-0.0107527566320588,0.00767268261518777,0.0106967903781269,0.0152384947713941,-0.0341869937464993,-0.0350164528217224,-0.0440695662290172,-0.0132901107064563,0.017966862070533,-0.00152586736666086,-0.00876267780667793,0.0118565704436568,0.0158518805326901
frank,100,680,1.86088378090335,0.2,0.242245245606614,-0.906242995520413,-1.66775066668367,0.701106178575047,0.455301717346929,1.11336646170053,0.546561660967795,0.170754717113836,1.3410924373249,1.22002500423118,0.732975171317549,-0.684172033063979,-1.79179393684709,1.10751540731796,0.848720987214748,0.00732825955941371,0.00495556216221899,0.00144330445080172,0.00465484969734534,0.00987118609711609,-0.00069466814373575,-0.0154053316003044,-0.0130543276610165,-0.00480598398750869,-0.00743591346798156,0.00641413904813217,-0.012221045608473,-0.022121774713477,0.00389628728249625,-0.00102610624104106,0.00654935533853409,-0.00187989532114961,-0.00773861599699745,0.00789362502193024,0.00553905592254387,0.0031279647080327,-0.00667380476077755,-0.0112866084082932,0.00460743464908924,-4.8315117412856e-05,0.0109501491436358,-0.00638662484431221,-0.0169676638141349,0.0129286885085353,0.00562103347056773,0.00485387527352108,-0.00457450105652401,-0.0116165742174096,0.00609804422037399,0.00359330699061302
frank,100,681,1.86088378090335,0.2,1.70701223756646,2.33723751054518,1.01596030466333,3.83650345809767,2.65246351375231,1.8406699125669,2.15263170150799,1.49893925545322,2.89464998651332,2.30892217249799,1.10365424495641,2.30318969583725,1.1828071753871,3.63985451468157,2.37963191058839,-0.0799843950162311,-0.0538697101337644,-0.0290481531298678,-0.0810883994263598,-0.10346773174724,0.00928489223490237,0.0155623573973275,0.0113001269705937,0.0196091409572333,0.0116327707057121,0.0139890886507678,0.0161168059988823,0.00862684797305055,0.0245468244412562,0.0178507544613796,0.0042204124297059,0.00882473539694669,0.00293742313653297,0.0159399652813528,0.00891716679172536,0.00330958781311955,0.00799480644092241,0.00343046371868424,0.0130283810498946,0.00746831470350011,0.0148414828488685,0.0186111971007942,0.0139557863294812,0.0281542781411564,0.0214268832969563,0.00720971245118053,0.0113418258111921,0.00367113432394781,0.0197778472691917,0.0125372403908231
frank,100,682,1.86088378090335,0.2,5.85440019012296,3.61234674472623,0.884191592903829,7.46445261887875,5.52071349059345,3.89534309549142,2.78413020441425,1.43412211296259,4.69055068815135,3.72890358433466,4.183124308532,3.600848857646,1.07248390000295,7.26998258287318,5.08621675441486,0.0229953020387167,0.019149632328281,0.00674464375745689,0.0440736759695663,0.0274310037532624,0.0210290867072492,0.00402206221648082,-0.0248645241333296,0.0346794830302097,0.0260683771318363,0.030018360768237,0.0102138147179533,-0.0117492393180835,0.0358964656663903,0.0264832125289991,0.0259326151986941,0.0194071944472841,0.00606940249805212,0.0373787356447436,0.0268138964715819,0.013584481404515,0.0180252044332591,0.00719969482673409,0.0314794292516456,0.0240112425976282,0.00233244352331231,0.0132687646496926,0.00766251775462676,0.0312202902049139,0.0124688449185431,0.0245014793963155,0.01719025835245,0.00259636152455092,0.0366279371675733,0.0257600341203182
frank,100,683,1.86088378090335,0.2,4.13254207610296,2.53054675551593,0.669356007884974,4.19887918490293,5.34104437149367,3.03903635119793,2.24686325274464,1.32616241729222,3.07287535917945,3.63758229243033,4.04231810888743,2.92326858531237,0.97483816697729,4.43583377469021,5.84168437316994,0.024452200919724,0.0160510851386317,0.0117501294401679,0.00850211109500832,0.0254409706124345,0.0186554444902647,-0.0050770286178236,-0.0183324639099968,0.0122521315483393,0.0192559523177511,0.024927995278328,0.0160323155380553,0.00614876965651475,0.0215411756836943,0.0297703636606243,0.0201990035159994,0.0114529393986581,0.00142145243670032,0.0182677274638544,0.0263158030570276,0.0237135603035976,0.0161043854685829,0.00820876902800045,0.0199930059826037,0.0279444555451924,-0.00504388868359183,0.0210915970458612,0.0114268869732243,0.0162890021594914,0.0173565113061882,0.0231550962875226,0.0131663233854238,0.0030613597485158,0.0208926935909226,0.028398551134969
frank,100,684,1.86088378090335,0.2,2.996406531911,3.84345464924915,2.27746726800733,5.14785043141707,5.24344292931585,2.47870200177528,2.89732102002349,2.12283997544288,3.54274457382739,3.59030548275494,2.24461293461176,4.09860747822063,2.77993482391343,5.29924800000175,5.18722990929539,0.021233575063061,0.00634468632231245,-0.0104920812046887,0.0266028142811125,0.0174696192797917,0.016974290283912,0.022118989395944,0.0131974414288757,0.0291335311057168,0.0270856846320994,0.00525446412160592,0.0192550705478468,0.0140975100684901,0.0206842948049415,0.0225955405828671,0.0154616602694039,0.0208321002174384,0.0103969134417896,0.0275889731651193,0.0267016756214923,0.00340120777388531,0.0123477774307913,0.00530434331985547,0.0174518088177791,0.0153339013728684,0.0249816192848947,0.0190997322838353,0.00548531666765031,0.0306756340664612,0.0279150670081558,0.0120182843450854,0.0189752973911465,0.011024309036073,0.0248737292856522,0.0249600757087067
frank,100,685,1.86088378090335,0.2,12.3131953320921,3.16924820384071,-0.678729090419532,8.01229484195939,7.19297942503692,7.09012302040094,2.56558316356844,0.662046315132768,4.96115538263765,4.5562832435491,12.7902763594098,3.42992026882549,-1.0132066708321,8.02001994173621,7.90062181674312,0.0677182391029681,0.0202010149003608,-0.00621113981727879,0.0496352271213786,0.0459072954179223,0.0585637397531118,0.0196761981559011,0.00284921693788255,0.0376969651752814,0.0347479423924691,0.060535091892521,0.0149219850640881,-0.00620376281994775,0.0401293931603972,0.0352059519855609,0.0634177004476359,0.00746045702331663,-0.0148577471851262,0.0373350064983661,0.0297755989937272,0.0642445612326949,0.0189515082853167,-0.00237649075912823,0.0446001761676022,0.0405705599255593,0.0615508517141414,0.0213228722607005,0.00021418705606182,0.0389293303610368,0.0304844782497583,0.0615834976442415,0.0106886996567091,-0.0117100042729685,0.0391890351898855,0.0339967119918469
frank,100,686,1.86088378090335,0.2,2.31938885279341,1.96359269980802,0.605712266275956,3.07970295919432,3.49514826277345,2.14279873894581,1.96623538773044,1.29405769848803,2.51885315412324,2.72540064319156,2.00336279361871,2.35386428109871,1.17165623504194,3.28938764543378,3.41000993396219,0.0129705500699259,0.0196746268899721,0.0117690000319284,0.0253984094447316,0.0247382787556697,0.0158088371006781,0.0148528151513082,0.00702178013021383,0.0215138150105926,0.0212683601030917,0.0122697119413967,0.00933155883998754,0.00179336460692377,0.0160945166191686,0.0167431990195493,0.0114671244156846,0.0122869449073767,0.00523230498324042,0.0170946290866041,0.0169590778173462,0.0130211438095779,0.0148588052283277,0.00834748239790767,0.0210015111159821,0.0196611718991799,0.0123578364572659,0.0157343116998197,0.0111420147561094,0.0133234645709587,0.014912423858147,0.0129351377942165,0.0128003199006318,0.00605930706034723,0.0174513182761032,0.0178373017979899
frank,100,687,1.86088378090335,0.2,1.81737190689312,0.239924192333553,-1.14048863765975,2.51868689797826,1.80297406981663,1.89454233067152,1.11419311016923,0.431295257804203,2.24205777072685,1.88753700623366,1.56367181357129,0.405125140867136,-0.949723467555808,2.41816494668272,1.99138466006389,0.0106123026708064,-6.92809288876584e-05,-0.0277455679045707,0.0198346057218989,0.0175575026173159,0.00746944039500065,-0.00195077125245293,-0.00884753553095149,0.0125485403984159,0.00610989230734834,0.0116465193754618,-0.0109806121276408,-0.0240815081549784,0.00621523526060721,-0.00030725512362056,0.00996832547392543,0.00359267381649521,-0.00338307784820738,0.0141978340066329,0.0112285928300488,0.00373581814598324,-0.00257271788738026,-0.00919813601648676,0.00384736640372942,0.00390479746088606,0.012082483213297,0.00802514237150109,0.000768203475957949,0.0168895118778707,0.0145289312732112,0.0108041461854918,-0.00101569668712635,-0.00923906645931516,0.0116507439102931,0.00879979785971163
frank,100,688,1.86088378090335,0.2,4.33061218733603,2.79922566952087,0.899221511599604,4.05762396902875,3.49911262199605,3.13932378198641,2.38148815477315,1.44080440918499,3.0044126506687,2.72856623561509,3.7909082490324,2.85326927669616,1.13646330941569,3.76129027084199,3.23586169670326,0.0139317271596443,0.00832026814584851,0.00517251455444108,0.0128399414964686,0.00980774447464635,0.00437012198708048,0.00816593070296488,0.00393400225097961,0.0097497891875283,0.00459489194483043,0.0222623646663265,0.0197059066980673,0.0113226921629077,0.0261946645879616,0.0215190980392394,0.0203116602399497,0.0121607820427299,0.0020744911109308,0.0196279948237284,0.0161099948223429,0.0210793477266318,0.00479257822938096,-0.00474092358618545,0.0105653597915204,0.00889649655038725,0.0168402443863352,0.0175656386225726,-0.00885185183909077,0.030188333293933,0.0260840348471844,0.0241031355160264,0.0143134147974675,0.00477759410315885,0.0205920939607892,0.0168722231359754
frank,100,689,1.86088378090335,0.2,7.46969147434658,7.99870634033054,5.25292276818129,9.93269712831161,10.3445534093792,4.6926390033004,4.95382476958043,3.59473845334601,5.9116260939732,6.11567428864296,6.87773092907314,8.56569237435873,6.12610817729723,9.92965673635759,10.4771384946024,0.0193853119960807,0.0355566344413426,0.0286682738983674,0.0388279932029274,0.0442892065743808,0.0348177308897083,0.0481033293601809,0.0353468069720882,0.0530219030545307,0.0571955062617643,0.0239763727875333,0.0428256973175271,0.0312034938128985,0.0486015988592239,0.0482655753635685,0.0371600423018197,0.0378832109375878,0.0247266214898769,0.0468175645163419,0.0448618326342002,0.0327720906096999,0.0333553914537933,0.018220646826757,0.0484773538458119,0.0452272224428828,0.0421183840605698,0.0389853309471213,0.0294531267069529,0.0517945099031258,0.0439783322933072,0.0328279579072279,0.0405901381553631,0.0278081497683216,0.0476182143352229,0.0498857530218843
frank,100,690,1.86088378090335,0.2,-1.60603505974749,1.9902136123369,2.2420715102483,1.90514645802737,2.01303642636726,0.20039612042413,1.97861209294391,2.10322748805226,1.93742384429334,1.99065491675609,-1.64071238088208,2.47185127170698,3.12548657995961,2.16182945989586,2.08955977465054,-0.016050893282449,0.0177471899925403,0.0113103449966351,0.0193902329945968,0.0200199770916553,-0.0184172371237669,0.00916695254388521,0.0139488631827213,0.00600029225367565,0.00462535229984823,-0.00996829604021835,0.0153452890309883,0.0175011939998349,0.0115397523111084,0.0113095885106673,-0.00731583657382267,0.0137955731619074,0.0152304898100831,0.0115960927176045,0.0131874900348493,-0.000622841146892527,0.01702912289576,0.0166094670599972,0.0174864037791597,0.0181987195162814,0.00151767266052736,0.0160326808692631,0.0125087577594097,0.019318892924785,0.0157418326497198,-0.00638461826643748,0.0142153865406588,0.0147395308405024,0.0127259822669938,0.0132917385885541
frank,100,691,1.86088378090335,0.2,3.29461836767597,8.07046390370741,6.96984972564742,8.18899983596745,7.87425460748117,2.62697909101041,4.98940139299206,4.44449855451897,5.04884114674203,4.89360431806561,2.23211663937664,8.27636367921652,7.68871098479014,8.0942321248232,7.29461642623498,0.0042663834227354,0.0283555998481424,0.0283063888936722,0.0262789073560935,0.016003161319537,0.0145700594666217,0.0406479510592165,0.0330988185919816,0.0442030256487121,0.0419941019696787,0.0151819211026847,0.0441330766563282,0.0392187939483494,0.042866893621581,0.0390997460071616,0.0174498438035657,0.045599059092576,0.0397872258344287,0.0445629292814205,0.0431380792410503,0.00270096878552894,0.0265857682159368,0.0213261388661859,0.0276764152138117,0.015438465015556,-0.0336789275479434,0.0465662930098802,0.044515408956179,0.0130982358235723,0.0213104503105231,0.0182312479773032,0.0422164120593337,0.0354484438239392,0.0427623989118059,0.0400687066071911
frank,100,692,1.86088378090335,0.2,1.48607232558356,2.25695215212083,0.703587578761857,5.3690351699233,3.2797051695081,1.73093633963492,2.11276161446608,1.34494681867387,3.65257876245477,2.61836368897777,0.887875143741076,2.23642905840005,0.737810015315348,5.44509953206179,3.25336108463092,0.0142627238167202,0.00525704314705324,-0.00906872012817856,0.0312368035911052,0.0169044758137074,-0.00244724422131136,-0.0230876349601023,-0.0375499569475531,0.000835642779281078,-0.0216902823959564,0.0101642969218627,-0.00711559654512714,-0.0259415065358916,0.0183703113886059,0.00773398157100014,0.00342813072418061,0.0137775078029858,0.00535915969544668,0.0279613184015744,0.0185125716952243,0.0111682479515373,0.0189756501320773,0.010962007934223,0.0341704144580746,0.0229053795447634,-0.0101485617074132,-0.00306763754879649,-0.00466513759979832,0.0160188917394359,0.00493023509946593,0.00454183206125376,0.00901674365421253,0.00030267853537125,0.0251789299898459,0.0150841710769954
frank,100,693,1.86088378090335,0.2,1.11328259871644,7.98140828833884,7.83777544589247,7.24928393157139,5.48436411481205,1.54551076030252,4.94624004124982,4.87532552044911,4.58445338537823,3.71123244855195,0.8298403289299,7.73558055339369,8.15117047481075,6.85958339446904,4.72124341596556,0.00435314383660697,0.0258656734712795,0.0246698461883492,0.0260980372055664,0.0151090134834761,-0.0139778626713837,0.0208432666051558,0.026633540896866,0.0157134328430375,-0.00452917719637786,0.00489561727052927,0.0354459552880023,0.0324154761226332,0.0335233584343475,0.0230626091199918,0.00967313715590483,0.0418003494205418,0.0397531222946233,0.0373111341870848,0.0273112271314339,0.00750913184962399,0.0444733883634271,0.04439902385915,0.0374932261546578,0.0307243319130153,0.0107354836860596,0.0260166290180129,0.02059256711901,0.0275772764594504,-0.00245376191958896,0.00513499625097919,0.0358318426063484,0.0344923428624243,0.0310600639809178,0.0192584933772026
frank,100,694,1.86088378090335,0.2,5.49905630513504,16.6316583163705,16.4419136594647,11.5953199075015,13.140863136078,3.71892015586168,9.22714268975363,9.1330193576663,6.73463502158224,7.50097846101404,3.8152449563153,16.5090281690812,16.9808539625645,11.5509830393297,11.939511963829,0.0362174941516358,0.0917944062226634,0.0916145745344764,0.0661387200071764,0.0752528841808736,0.0105303751297965,0.0761088965841869,0.080433368850661,0.046868551467757,0.0523049763958591,0.0291535688908491,0.0907550937691306,0.0893412785258681,0.0639922103876329,0.0694925647815286,0.0235855775196656,0.0867104060008575,0.0851769018330106,0.0608186100491764,0.0654995627518342,0.025812151872961,0.0864227368951313,0.086574131805397,0.0571547123689101,0.0681075096786185,0.0355221615974973,0.0914707229191472,0.0910066894837176,0.0679110360692214,0.0709164589480281,0.0243317692463093,0.0842356606811899,0.0840024563296536,0.0584685057699176,0.0628033136309807
frank,100,695,1.86088378090335,0.2,8.74687835377406,10.1321052048409,8.01949396796071,6.41280817737956,10.270894575293,5.32307252664512,6.01052326084106,4.964953067185,4.1697533490429,6.07929108808826,8.97817626347908,10.4326694201626,8.2648694933851,6.23065253733217,10.575489274415,0.0460420759647017,0.0563354632159273,0.0232025545781623,0.0417074957702681,0.0598210771934037,0.0480841375174059,0.0468022755268961,0.0361196468176696,0.0311413189710385,0.0476134011085836,0.0508186111727691,0.0498589824222746,0.037589412485865,0.0305968599891566,0.0532583139080624,0.0483140774845652,0.0536280681378054,0.0437950179188103,0.0348428263481901,0.0537443534326496,0.0457476791195289,0.05275802012939,0.0421699362870735,0.0352681418374914,0.0540570076786748,0.0122031848422845,-0.0177298346603124,-0.0144305437257454,-0.0518013403641951,-0.0144861448513073,0.0447870108756117,0.049930267434298,0.0399307220748382,0.029194495389242,0.0496148648172077
frank,100,696,1.86088378090335,0.2,10.0817148077175,10.1706521492249,6.76328602150856,11.9744803698864,11.0957064304935,5.98652703762395,6.03112578045404,4.34540853433387,6.92344667017023,6.48807587196212,8.91385312483392,10.0313730412346,6.73412030642354,11.5877611990626,11.081447362574,0.0552013557794673,0.0577731399585891,0.0385980913392406,0.0698723887800771,0.063777604399194,0.054578409267895,0.057758025012226,0.0388990469474371,0.0668316894144529,0.0634909272903827,0.0503844638672831,0.053899765259245,0.0376499759131003,0.0602189951006976,0.0573611216891061,0.0479932850543804,0.0467513634125589,0.0298401792723043,0.0546272904855673,0.0526840407301865,0.0484822237634961,0.0422514088863741,0.0244898919851913,0.0515091241108169,0.0503881879474218,0.0407444504876339,0.0605799728737936,0.0431688539419427,0.0573774759194997,0.0615027202554455,0.051658436384523,0.0511093322854418,0.0313923980080784,0.0612719817719785,0.0571211705053621
frank,100,697,1.86088378090335,0.2,2.35451497522261,6.44050298588736,5.33894358575147,7.05595505517542,6.24918080629215,2.16002891609083,4.18326342880172,3.63890495662568,4.4876984173313,4.08818830641816,1.95731442171704,6.35089923583229,5.34322664055552,7.04494245752399,6.20411006765423,-0.0203532252894452,-0.0159119831701502,-0.0264763171205443,-0.00451735253700206,0.00438513882671574,0.0170523560143097,0.0354365272710837,0.0298029761731635,0.0402722082632372,0.0351626625835093,0.0129046939311175,0.0389213285123577,0.0319840571853429,0.0400270248974158,0.0363601200599843,0.00831810851041267,0.0334433159509822,0.0274501600755957,0.0346202463277336,0.0308752215799574,0.00871818534335557,0.0307085195163113,0.0253899757383319,0.0348133014191509,0.0311504302267154,-0.0079828095440778,0.0417282977780942,0.0250920665401405,0.0406332982347896,0.0344599267805096,0.0121286165736332,0.0320278304851066,0.0250803486928208,0.0357471745558039,0.0316307090780841
frank,100,698,1.86088378090335,0.2,-0.362469240469903,2.58317284395336,2.33477628785362,2.20293930470232,1.75853461955025,0.816266551124057,2.27385495143456,2.15112923856135,2.08583961842445,1.86629743236757,-0.747085471189754,2.47310175026716,2.47578322646085,2.0783476326508,1.38534999421465,-0.0217259476486495,0.0199471030703396,0.0209803544659436,0.0174463013913323,0.00916517635122263,-0.0136204580720503,0.00960402634937029,0.0110960704519768,-0.00578038338617296,0.000526889825275123,-0.0104613795348598,0.0111434846173281,0.00897147883215223,0.0103028165667273,0.00485492303427966,-0.00296070104072458,0.0137733104500265,0.0121895546069471,0.012787974184145,0.0102789543943528,-0.00811430700697013,0.00797668052122511,0.00734392899732609,0.00415001915306535,0.00254440945645077,-0.00724384828150713,0.0223278636715519,0.0214363640570646,0.0167071271037498,0.0158000816595604,-0.00136716196309047,0.0140985310427202,0.0123550505179015,0.0119078942590064,0.00883527530988678
frank,100,699,1.86088378090335,0.2,9.98543665883071,6.93092682048818,2.5459845028747,14.005977220252,13.5560432902603,5.93598547326903,4.42458052552989,2.25524971799243,7.9264252616136,7.70317029633268,9.20120141111164,7.79999013613762,3.40159912408222,14.6097675653731,14.2887990236594,0.0599018786989923,0.020399333516784,-0.000322387625737908,0.0530890023574333,0.0662801653948004,0.0559695177256221,0.0371625388967486,0.00833444847360365,0.0768836482566051,0.0747028042203744,0.0571755256678642,0.0397700286658633,0.0146473897331818,0.0768381467449786,0.07583070926151,0.0529479819168165,0.0370898696255968,0.011913523735818,0.0730106269600115,0.0727871103912613,0.051676811421124,0.0275846846636087,0.00328757374956928,0.0667862664674022,0.064169210521857,0.00823406822233832,0.0443344544713066,0.0202026951021075,0.0782897057763009,0.0719163811013526,0.0537624331156873,0.0366132742162959,0.0121794453560632,0.0729028444881203,0.0716722266661444
frank,100,700,1.86088378090335,0.2,-0.376272825819762,1.19636225066491,0.696112647117859,1.44122538144253,1.01129161342235,0.810516653332508,1.58718182081943,1.33906746723238,1.70971581014591,1.49633836224494,-1.07092513441023,1.21248591551657,1.10929264035671,0.984862284607821,0.691393827896686,-Inf,-0.202479336435831,-0.186676904424842,-0.244722176764925,-0.246592584586565,-0.0120775414424581,0.00745373685047863,0.00514914794859442,0.00811467806122943,0.00343309596368989,-0.0140210756710672,0.00598145457784784,0.00767300377941495,0.000674629628696628,0.000204734255297994,-0.00575762316556335,0.00421646104661588,0.00202426571262205,0.00284712363662131,0.00216666198128724,-0.0173087698912496,0.00530692344140611,0.00646409234431261,0.00241579200334289,0.00311270617614241,0.00776505019872222,-0.0214760993728696,-0.0289101150003926,-0.00313615465222518,0.000777882390030267,-0.00831020870161868,0.00549610775131726,0.00457159646392271,0.00342237282961253,0.0023992151495814
frank,100,701,1.86088378090335,0.2,6.88455166522323,4.57716081248973,2.1507217279137,5.31888736366259,6.2489638987946,4.40228443544424,3.26107827223677,2.06003358709885,3.62830593297346,4.08885585735177,6.80845087297585,4.79635316164346,2.34214017631216,5.14355908550323,6.42356814052277,0.0444118831690019,0.0317997141325992,0.0204463377654523,0.0308981579194824,0.0340844545700153,0.0334929809051826,0.01494067634281,0.00187016353941935,0.0201146122014893,0.0222013845296159,0.0385486559703132,0.0286781654525933,0.0151774213606143,0.0292033404137849,0.0355505344267921,0.031643659828566,0.0217439694431668,0.0108723251174029,0.0220795035299912,0.027593445537516,0.0295340852323799,0.0190867208987936,0.0094382335851024,0.0207847673082535,0.0237121696768736,0.019688754890516,0.00321755773149405,-0.0195514519639877,0.00681883471077455,0.0129305905279171,0.0349569089238126,0.0229078991308526,0.0105409451060699,0.0259738432535379,0.0304911556907203
frank,100,702,1.86088378090335,0.2,-0.649095280850874,4.14835794634819,4.28478068957005,3.73816350365036,2.31560092624228,0.674583667497773,3.04916709668786,3.11709416467609,2.84636406785372,2.14210141950445,-1.09914366274408,3.76362494426681,4.27164206069898,3.39075687419956,1.79431075655877,0.00320773653034109,0.0294200521186272,0.0246710618223688,0.0286429126886783,0.0213712722817845,-0.00783303520944014,0.00955441874049511,0.0109597983755273,0.00703526742615468,0.00174158000415096,-0.00534269835483441,0.0225497271717804,0.0255329662990592,0.0173551542625617,0.00929499036827969,-0.00864727538049534,0.0114083209059905,0.0108455912615104,0.0101934493989345,0.00323136978058459,-0.00531579309487069,0.0221051645235758,0.0209514261558539,0.0161276200048055,0.0105841743475084,0.00322205629828634,0.0229303767012554,0.0242189538702382,0.016204999505993,0.0122273164405589,-0.0063611048673781,0.019010139091339,0.0188547771909895,0.0158511106412218,0.0101761059102916
frank,100,703,1.86088378090335,0.2,13.3925098837774,14.9957187172267,10.4929169804691,18.0038169475467,16.8606536304648,7.62450746087321,8.41815160196068,6.18972485641096,9.90717507242082,9.34264644559643,11.7036003643435,15.2389813763887,11.0990692918894,17.8977579841638,16.2377098708472,0.0767891505810471,0.0822874797372549,0.0576503580194388,0.0997524165242568,0.0840543952736314,0.0582985015297297,0.0758100492720257,0.0525264650741466,0.0917233647415599,0.0785955676671635,0.0662349949069723,0.0719320570420429,0.0481186617189136,0.0891943742103816,0.0812865178220237,0.0679202973830154,0.0736419494374916,0.0497106868758672,0.0904284912632287,0.0799656722942874,0.0663059924953587,0.0804495876422833,0.058969534839806,0.0926017535057686,0.0875279779311251,0.0682498178187364,0.0849785314499693,0.0620194247218087,0.0967212056468725,0.0879094164353597,0.0650596130701552,0.0740779175319759,0.0512527078850975,0.0878877988981506,0.0799785706727893
frank,100,704,1.86088378090335,0.2,7.19862303700155,0.437162542711649,-1.41600907191667,2.51545862873149,3.35807927870832,4.55859883615113,1.21213198653547,0.295036712568649,2.24038657784895,2.65747857994324,6.71584757387567,0.539213258011748,-1.49393955775815,2.45320567243976,3.70252933416545,0.045236717337945,0.00177480068950777,-0.00315164234751603,0.0127709436223768,0.0223292888187871,0.03829703306138,-0.00351176337176063,-0.0130212747904036,0.00466308636159929,0.0123211471134448,0.0356652135329238,0.00698292415309487,-0.00601769597789444,0.0194675512687866,0.0238243799953259,0.0403461625998333,0.000348143435234008,-0.00976648250239474,0.0143437496847131,0.0188638139958251,0.0322424908695718,-0.00206743042449914,-0.0097602876665056,0.00472962111992048,0.0115865287559003,-0.0628343282278678,-0.0349271772569951,-0.0191269913199876,-0.00451405518303571,-0.0257962515635569,0.0329537320095202,0.000400666078377587,-0.00962114503626875,0.0107788623331646,0.0147716138816408
frank,100,705,1.86088378090335,0.2,7.40448761330497,14.5094408447889,12.4739912343499,14.6060078953415,10.432813866922,4.66397620791508,8.17858959111724,7.17046472629305,8.22647742615982,6.16491036685458,4.94692988394672,14.0762796290836,12.8173660830834,14.0689424674796,8.14683758141313,0.0317298906107985,0.0729602953303236,0.0661124460563624,0.0642681321912463,0.0585972542971027,0.0408208137473968,0.0784700193630537,0.0653030007596958,0.0809988053409668,0.056926118912238,0.0251810241893782,0.0690539352809708,0.0603452773361184,0.0709970083139445,0.0289569863326123,0.0301901375334747,0.0708829822978925,0.0610300459904663,0.0726008517106237,0.0419706487452317,0.0342770884980736,0.0764416315851324,0.0672497216698037,0.0749509379081996,0.0484598647887204,0.0463617613134831,0.0814500101156506,0.0717674494887066,0.0780749784157345,0.0621331703281235,0.0290095351273784,0.0688726476478248,0.0599135107680814,0.0693770560819929,0.0403429934513964
frank,100,706,1.86088378090335,0.2,1.90553462658463,7.75162104685566,7.56022220179498,5.5613859442038,4.39221337144561,1.93873807129744,4.8339624701568,4.74023529983782,3.7488677438804,3.17151489700933,1.33794399956125,7.05015818097676,6.99511630222217,5.18364087418866,3.49475185761222,-0.0200742349191238,0.0423140174255072,0.0462049566892235,0.0318301472971825,0.0271477753435367,-0.00606342374763462,0.00115973358789042,-0.00606252474040686,0.00276147529745522,-0.0165418415125942,0.00676850614523078,0.033219932234915,0.0315403268170847,0.0265238393914324,0.0142525428897085,0.000432025579162803,0.0296509234791197,0.0300456563771421,0.0195820869953523,0.00779223056553408,0.0122528593570129,0.0382986709760557,0.0347497529480363,0.0300636394437806,0.0215529914643922,0.0171486615793138,0.0230637244088576,0.00183358720579466,0.0234386779189115,0.0253213682373737,0.00894715855431706,0.0329619194269919,0.0295486169433582,0.0241368456151115,0.0164836890070557
frank,100,707,1.86088378090335,0.2,-0.912888530502119,-1.29512516371185,-1.71365174166832,-0.644616189266198,-1.09413011034143,0.544027612126038,0.355086423617785,0.148392305423125,0.676712982140268,0.453946009171583,-1.20574231051267,-1.52753350750709,-1.97393870108738,-0.914230551600294,-1.19903598558443,0.00447370083824993,0.00325730545515096,0.00133763463721781,0.00657186821584713,0.0044040117175801,-0.00717596693407702,-0.011305996070622,-0.0132359469596221,-0.000994395599313462,-0.00365905325875724,-0.00362500399095281,-0.00424828262678507,-0.0077308703006566,0.00110765739111689,-0.000910270683083743,-0.00458455818247907,-0.00709820514401879,-0.00971764102665896,-0.00349076657898725,-0.00523088944782921,-0.0114895461063947,-0.0133011463616998,-0.0178582043896721,-0.00522657636034482,-0.00699759278611723,-0.0168140499977013,0.00104068664582679,-0.00045639841463497,0.00675869276991302,-0.00123048349580174,-0.00722353792541573,-0.00953000633788862,-0.0123295003658536,-0.00553128547770598,-0.0071127277218455
frank,100,708,1.86088378090335,0.2,0.586240733527551,1.2241391370435,0.197254294750719,2.7980826154104,3.04765943484616,1.28662785746237,1.59966077331884,1.09116733117568,2.3796776010161,2.50309720972625,-0.125348533224833,1.80873533542247,1.14815579040399,2.9496295699098,3.09412864392696,-Inf,0.0158151781020363,0.00477665934212838,0.0239748734003163,0.0239464881795488,0.00703344602473376,0.0129613988480117,0.00897749879265793,0.0202734792494335,0.0214033192856006,-0.000774939560614168,0.0110260953518214,0.00634672398813462,0.0165063245071201,0.0188300389621931,-0.00866538454183279,0.00605955360858878,0.00429772249086259,0.010044898687289,0.00938456359922211,0.00763117039852688,0.00979882000332995,0.00313421901091301,0.0215196457436805,0.0198971460552716,-0.0133203725782476,0.00169249542360967,0.000110684689410706,-0.000416122189553765,-0.00858400680493891,-0.000162469295304301,0.00812189772537031,0.00336491533017091,0.013340517832716,0.0154776026208911
frank,100,709,1.86088378090335,0.2,4.60511564437308,2.26201050185054,0.0821331320238285,5.06735591280832,4.76669405084288,3.27439476164053,2.11490161325488,1.03635908825925,3.50334994272216,3.35423404954902,4.15511522268549,2.5030302391727,0.307594890124452,5.11305160338257,5.0224481115499,0.0317459557573441,0.0105897156843843,0.00209919284218751,0.023675242601264,0.0255654734279347,0.0222291404887969,0.0143739667616074,0.00502047307158517,0.0257034283642753,0.0230492967626195,0.0253415059794152,0.0116138328323576,-0.00459356027092573,0.0260219943040052,0.0257886976031418,0.0215942541631035,0.0094981294864803,-0.00172335918632974,0.0240092528932196,0.0220486259911493,0.0215448954097098,0.0149642748059365,0.00129511032897019,0.0302503204358465,0.0268017710801916,0.0318971860127865,-0.0482084947251066,-0.0878743642421792,0.0202512872743133,0.0081571811998946,0.0201085243562177,0.009286769323908,-0.00174008819803441,0.0222813276875649,0.0219724145690484
frank,100,710,1.86088378090335,0.2,3.41995642093065,4.97077343230496,3.8832531261466,3.46083463808553,5.58490706545644,2.68796332647848,3.45498915952863,2.91653968329612,2.70841057800559,3.7593172438816,3.05531366626162,5.28924568162943,4.42652669038968,3.33404836082235,5.68914494532744,0.0234308412597693,0.0319916979692124,0.0249441918725867,0.0257926003527003,0.037486421228126,0.0193940710574732,0.0210676692202016,0.0164177800390621,0.0117541377639424,0.026544615634969,0.00638139600194713,0.0198662748909109,0.0144934240343044,0.00983632476374978,0.019817000156034,0.0151521833890792,0.0221346695691408,0.0163788414999897,0.014004659109314,0.026311691552076,0.0112893668932225,0.0237128504741171,0.0185919700526011,0.0137905282730223,0.0244574059287681,-0.0432413752443174,-0.0228316751312371,-0.0250858690497973,-0.0393898552685757,-0.0216687597903185,0.0204724403677482,0.0283453410787771,0.0221890879879096,0.0197554189130862,0.0315852755905373
frank,100,711,1.86088378090335,0.2,-1.9998751221028,-2,-2,-1.6511281907283,-1.87591623357753,0.00657716059765855,6.94469896166394e-06,0,0.177532789985892,0.0660389560155015,-2.14022893606219,-1.63336192908318,-1.450762135577,-1.54610625158077,-1.63634788037097,-0.000213861025725214,-0.0113232724017294,-0.0163611952994383,-0.00787931818011852,-0.0065725768700924,-0.0122050274239016,-0.000241847765490006,0,-0.00269609321125454,-0.00585558817189979,-0.0191255920148126,-0.00432441749501138,-0.00473337979619844,-0.0135560950257521,-0.0131248758100538,-0.0151270147404944,-0.00332743249848066,-0.000359326644939892,-0.0148402148131061,-0.0137166368033859,-0.010415358139595,-0.000989619698526359,0,-0.0045882907477925,-0.00499787194415907,-0.00470165766623998,-0.00144088997070515,0,-0.016162100426169,-0.00624718678757444,-0.0140649448049175,-0.000860110243607007,0,-0.00892962962586366,-0.0090410750621476
frank,100,712,1.86088378090335,0.2,-0.983008003308901,1.86204327368711,1.89533136049599,1.0364051366045,0.684760394497894,0.510232860034733,1.91721346957548,1.93389326028273,1.50870330035141,1.33524466416415,-1.58005731266604,1.66979898907341,1.93577837949567,0.793369841227556,0.165837927586866,-0.033476019198708,0.0184696451030475,0.017858909388391,0.00173261678894595,-0.00563199829722308,-0.0182219362661192,0.0163408352970669,0.0132946861529088,0.00195718794306475,0.00063913727547906,-0.0154196114117577,-0.00361585346907005,-0.00202723493836337,-0.0121496194167683,-0.0110122554183108,-0.0125367498037233,0.0044495115185037,0.00565142424970439,-0.000875174524687404,-0.00471757730205011,-0.00644619690422658,0.00593947751757307,0.00514392560821804,0.00123089442184769,0.000512082459361014,0.00500978260684395,0.0131775219446891,0.00904282341969925,0.0115427900296015,0.0122973580407004,-0.00847357361871287,0.00905089639995413,0.00909250129333015,0.00448817913502007,0.00126405561594307
frank,100,713,1.86088378090335,0.2,0.982674121171209,-1.22201374215327,-1.97754542578897,1.52896923283145,1.23102867075315,1.48074581129451,0.389354133586613,0.0159863651068939,1.75065642648223,1.60335331717356,1.04725106654304,-0.656822867743196,-1.63022944967086,2.03514758129362,1.77032712916149,-0.00526376245686513,0.00274377449707904,-0.00417553976105749,0.0174922782595323,0.0154126810286663,-0.00730057192005726,-0.00925445153816929,-0.00733707777009227,-0.00180978371424292,-0.00136746582380302,0.00770403508309871,-0.0133165996497163,-0.012252760532043,0.00241069955686098,0.00178060672325304,0.00499450242686428,-0.00945298642160771,-0.0174051158628495,0.0102370203732456,0.00791269367004958,0.00532789659533427,-0.00447111020505892,-0.00683539071432699,0.0109658367790402,0.00887875467349077,-0.00253079390887375,0.00376550932332433,-0.000277204944163168,0.0168303672270541,0.0136991473197898,0.00912818283049088,-0.00403763053670974,-0.00897402695497853,0.0104540078266896,0.0098783007654455
frank,100,714,1.86088378090335,0.2,0.39195705325513,0.973962053023326,0.0069592632804949,2.44850352567185,2.18246654232027,1.18755903412122,1.47674070817428,0.998883376854249,2.20638617927386,2.07482988513496,0.644488882291312,1.28804295549092,0.318941724185563,2.70079147562554,2.4092037948043,0.00751842487975721,-0.00915961172564723,-0.01921958537593,-0.00357930636087981,-0.00372558895452697,0.0101662051760313,0.0108733191813673,0.00523998643157335,0.0198162500178256,0.0201274037947609,-0.00224226139941745,0.00686388210967173,0.00142113539439375,0.0111275290796954,0.0106721536607145,0.00591009433707796,0.00276566789844693,-0.00675490381097215,0.0139123065322671,0.0111746222557948,0.00393861214710674,0.00216560112325705,-0.00588383959667803,0.0125384931188485,0.00915344449594254,0.0109520906636413,0.00487079089606945,-0.00252485864799051,0.0129520582851872,0.0144834789280492,0.00523100455252497,0.00371620265327238,-0.00291487642369492,0.0121684455930178,0.0106694010166801
frank,100,715,1.86088378090335,0.2,6.60262133641827,14.5650141742368,12.3575249449617,19.0122047224836,14.3491763905493,4.26437727948497,8.20506802548954,7.1132435536697,10.4066995562733,8.09856988542054,4.83880716283014,14.4366699159306,12.972672148955,18.7461081719042,13.5015958714819,0.0349009995946459,0.0332345513998616,0.00390403268069542,0.0792510959827525,0.0547612967776012,0.038599395937458,0.0765730886574727,0.0658424409294016,0.0978631294144953,0.0783735382406742,0.0355251720669342,0.0713053297126418,0.0576796900601338,0.0921389434959379,0.0692521823840009,0.0281595514301423,0.0760151588997218,0.0650627637080686,0.0947896313831557,0.0709177063735047,0.0227088642494689,0.0710979216598981,0.0602849632210195,0.0860737409831189,0.065533406301628,0.0398776698002611,0.0648650577370091,0.0100683958200115,0.103026291839857,0.0812725504850791,0.0281209980513055,0.0712588148223987,0.0577975613491941,0.0943514726475706,0.0704106625852244
frank,100,716,1.86088378090335,0.2,-1.89240473929584,0.599701334158177,0.706233412215475,1.52799879729831,-0.450717198764536,0.0619768558994001,1.293151580027,1.34678429154034,1.75210124163129,0.772909200112089,-2.61620105348782,0.239139642807074,0.606994247165755,1.26853753765262,-0.820132714553314,-0.000401219953966262,0.0129757718072818,0.0133318402522278,0.0176328113020319,0.00765612927329621,-0.00588224371878568,-0.00703256887829665,-0.0192880539563788,0.00849872126239376,0.00152727190746607,-0.03702018669805,0.00303636988400353,0.00521411646447863,0.00435826852963931,-0.0043049067644656,-0.0262704476214132,-0.00660916103131431,-0.00977734866508521,0.00111055960916635,-0.010628609602288,-0.00866251857660711,-0.00270417899152687,-0.00900773621891843,0.0053261060349927,-0.00242576864131932,0.000462329828534935,0.0110550940343177,0.0110910842725465,0.0145938212265871,0.00771343268094438,-0.0189468212039272,0.000351618686549697,-0.00106592880718621,0.00629950357357278,-0.00459362997321934
frank,100,717,1.86088378090335,0.2,6.37104957947574,12.0818974666394,10.5052169932295,10.0855117130437,12.4903507132866,4.14707342824049,6.97486493713344,6.19526193192811,5.98678620545285,7.17659800038568,5.9355083860271,12.2754036305791,10.8356312975042,10.2561422995587,12.5898897400483,0.0417864069243438,0.0671674634772386,0.0510697523974909,0.058415712509001,0.0723153300335442,0.0386262735448278,0.0630502573979753,0.0534453692901795,0.0558671601196475,0.0676109073874244,0.0312346027830546,0.0637534177040077,0.0537970891706168,0.0529777252141247,0.0652602242280058,0.0358348361779895,0.0618724916099103,0.0518747550581906,0.0524707905121677,0.065535895892588,0.0332016334399879,0.0600709918540447,0.0517267729824055,0.0487314291853357,0.0619478986509377,0.0394027953282118,0.061783925729698,0.0455006499394519,0.0572985779121637,0.0713077668973626,0.0336216078933413,0.0626161409224164,0.0531516253144971,0.0519380653911431,0.0651035804046316
frank,100,718,1.86088378090335,0.2,9.46739863056565,1.04959048133824,-1.59210916317896,4.64851513573347,4.46470284035098,5.67952417543828,1.51639647902271,0.209861720750008,3.29634597147863,3.205428907882,9.65405760411052,1.10528847412638,-2.12294909086919,4.59348331878685,5.08151362242817,0.0565360710128904,0.0047447945838048,-0.0166267387408475,0.0292531348301178,0.0269143278015513,0.0411433344225507,-0.000348195316330929,-0.00751675827747039,0.0146118274855277,0.0182409371770342,0.0509995145945678,-0.00734022829525146,-0.0247341675472796,0.0182796972835956,0.0152345638639131,0.0501369633700162,0.00562377462634575,-0.00904372883788443,0.024479181504952,0.0239195723065218,0.0512389615331097,0.00206924423478221,-0.0140345974203648,0.02113836998516,0.0189006787994942,0.0568416737207849,0.00218576902580132,-0.00672083361819737,0.0274835680276255,0.0267499400662831,0.0517069682768022,0.00425152493961087,-0.0119139038208637,0.0248927060165388,0.0237054466719595
frank,100,719,1.86088378090335,0.2,11.8313942538172,8.74705569044024,4.71089109906415,10.9821815939114,10.6972794788687,6.85256488477829,5.32601442415881,3.3287555032271,6.43199291621145,6.29111634458103,10.3120271398638,8.73640608777501,4.72816070393621,10.7142563326511,10.5513664392871,0.049234208386301,0.0381279178571633,0.0194209894709618,0.0451787045646531,0.0416273501822529,0.059485286138554,0.036654323212855,0.0133224885218854,0.057497734157363,0.0513707237782285,0.0577152542735435,0.0429287562397701,0.0222268719539294,0.0545398446225344,0.0519268280207262,0.0535402045118932,0.0433694009668434,0.0215920960097321,0.0537924587539363,0.050832138657016,0.0625188029951343,0.0454545281412506,0.0241824063497743,0.0558582786688253,0.0556809926965369,0.0690468799595551,0.0341580649180682,0.0062495854637004,0.0589954044836782,0.0490877293623407,0.054451911355928,0.0438541237641321,0.0228618187684905,0.0555739135958802,0.0523608350060567
frank,100,720,1.86088378090335,0.2,3.5815725918059,8.12106107949789,6.27114390405199,11.7291840252737,10.0816807544442,2.76723905186164,5.01386169847799,4.09904389267026,6.79990470951365,5.98471016594995,2.88810147394802,8.59047884022269,7.13221745704553,12.1303690161285,9.96541530828718,0.0278127025388366,0.0336295712753849,0.0148907416965458,0.0584057258767352,0.0531770285816609,0.0196817646628924,0.037256593232601,0.0263077228609161,0.0587991543747964,0.0494446907471737,0.0225894603798472,0.0431878004596283,0.0278118621546657,0.0656414979964189,0.0546585113819936,0.0149499759617145,0.0336120256442686,0.0224280213014619,0.0510660375159287,0.0438529999294194,0.0173741101938064,0.0472343810343451,0.0387048223506367,0.0647485524828147,0.0547213244558013,0.0262251798096022,0.0436634147971139,0.0334678408393,0.0680122724241455,0.0560179300485203,0.0177100074522381,0.0415420438981967,0.0298864423972351,0.0601777913894452,0.051002670592226
frank,100,721,1.86088378090335,0.2,13.8330597464007,11.710398596921,6.96345988519108,14.4594016281155,12.864542226342,7.84244126736053,6.79381916655566,4.44536389467803,8.15327800931767,7.36477160240204,12.4201064504498,11.4575877103951,6.67995822445983,14.1741624676286,12.5281036516286,0.0732850228807332,-0.0133343464353698,-0.163184792977396,0.0754955438953122,0.0541643738668233,0.0639219061483039,0.0484406953572595,0.0217106156710964,0.0607669798561495,0.0608639512772283,0.0717835004617594,0.0550971678324858,0.0286619096285341,0.075649478099595,0.0647654294141881,0.0736801584968887,0.0525291256205813,0.0230651125050617,0.0707580816727273,0.0595542204235608,0.0659943321345596,0.0345599380063148,0.00624689171768943,0.0542311074979037,0.0390383375234006,0.0701159868643787,0.0684613043215605,0.0425691366007464,0.082256444118624,0.0726521586801343,0.0685621084323592,0.0528742477825024,0.0260765554091676,0.0697435777315627,0.0590134554433374
frank,100,722,1.86088378090335,0.2,21.4197287844135,13.2676991064626,6.38899959164222,18.5866114765417,19.6674479167047,11.597249813072,7.56265390295852,4.15788717865792,10.1956936879902,10.7306743679781,20.1055179790142,14.0266808550932,7.00290910902592,18.507626869674,20.2449706819371,0.11601861471535,0.0738166537711948,0.0414113540753311,0.10018630974144,0.108035696174352,0.105377773261726,0.0714380787789404,0.0355340399572054,0.0948750989935487,0.103484618170748,0.113443624755372,0.0662541665617354,0.0328386045200807,0.0946316664406704,0.101014490558273,0.10824268131159,0.0666779531385235,0.0304421756214173,0.0949231335989401,0.098259838385299,0.110378826716832,0.0649081156314699,0.0317857986892584,0.0901870645124959,0.095659034788197,0.0764211671064394,0.0729473226499174,0.0416231813734693,0.0801579898298926,0.0933902657633694,0.108062252835816,0.0628875463186926,0.0275699680018158,0.0908039088057328,0.096031436341795
frank,100,723,1.86088378090335,0.2,4.1947449538929,8.24591073560437,7.10330036920328,7.81247037569765,7.81030359564131,3.07314096097894,5.07707612608528,4.51158662234018,4.86295658805797,4.86167518503807,4.18695647265215,8.50968638116533,7.58229235496491,7.51630274707075,7.9528394901138,-0.0101071905268847,0.026624232179968,0.0284132105233821,0.0332918154602027,0.0272617398760842,0.001110240840546,0.0349530206020099,0.0352390168529624,0.0269339191310956,0.028144051831316,-0.00863878537727474,0.0271214027004981,0.0263335658146979,0.0205860583272978,0.0130413966811474,0.0152307369667151,0.0385735981430864,0.0307146899238345,0.0361623440900395,0.0358447563947119,0.0269651393764843,0.0381353289695828,0.027689442390455,0.039808240242931,0.0387652819850757,0.0297836788419476,0.0507159660693093,0.0437250517628443,0.0458233908489752,0.0486453632607586,0.0170497134539249,0.041199686983514,0.0354623291893154,0.0375650087953218,0.0385079756719978
frank,100,724,1.86088378090335,0.2,-0.411542420106678,2.7098283817074,2.46875502971833,2.5343064416758,1.07378856206999,0.794444409811884,2.3372365838215,2.21787768802804,2.25019563465812,1.52933528841302,-1.63169556773412,2.35891369976991,2.56217230605254,2.27453024981896,-0.0149512912581762,-0.0476859757525338,0.00715711511094421,0.0179249609872975,-0.00925729825662296,-0.0299570169398838,-7.09807645544425e-05,0.0111585323416548,0.00784355794645229,0.0133556360931011,0.00328058504069126,0.000634404443999177,0.0198313570067484,0.0186185551784265,0.0194793711475544,0.0113030077669082,-0.02127617242126,0.00274584762936689,0.00387613382641357,0.00103935901506708,-0.0122252504486767,-0.00746982308983339,0.00849786993730655,0.00562766717768165,0.00826725984534043,-0.00207295275375152,0.00746300385321566,0.0199423365795109,0.0181839848676225,0.0177670670960358,0.0152183010216951,-0.0102470362024938,0.0099718266863683,0.0093606231033895,0.0084665326602519,-0.00259715617789112
frank,100,725,1.86088378090335,0.2,5.16782828607659,-0.672999744576553,-1.96196382466726,2.31794459572362,3.18185183001925,3.55288085750742,0.661335261138583,0.0232965687063338,2.14181821224183,2.56913098077833,4.91705728478963,-0.115063105231785,-1.55750272632935,2.50911761947588,3.85756684481568,0.0344374535408527,0.00482251665369404,-0.00248403643285701,0.0208927861638571,0.0250292547407473,0.0329079493389549,-0.000830667198360264,-0.00792462015752257,0.0200715597923686,0.0227388671668279,0.0305863214770875,-0.00324071862912792,-0.00914370100149827,0.0123389775562279,0.0198734949697476,0.0272805205199926,-0.00693397634291387,-0.0127587182434287,0.012506944556526,0.0161472250004346,0.030096676661334,-0.00376861962311428,-0.00675865757328099,0.0125180563882179,0.0185832924102273,-0.0196391909102519,-0.0150825937245756,-0.00493902418331276,-0.0290624110595899,-0.0165008732027064,0.0261576199840579,-0.00295383383235283,-0.00803327635681879,0.0123346473423552,0.0165844702224414
frank,100,726,1.86088378090335,0.2,6.10157444212756,8.02826583966835,5.50430362366815,10.3805040674606,9.76985311650069,4.01566844087139,4.96864353869647,3.71946688026283,6.13356972094388,5.83122646250517,5.1119747868203,8.3035888250258,6.11997599672291,10.3013013590257,9.60163817746836,0.0405042727127618,0.0337428848172259,-0.000292550363772115,0.0605392136460694,0.0557127663003059,0.0374044081275529,0.0482697684158668,0.0362499512791182,0.0552763918335939,0.0564277604988826,0.0340661889955901,0.0378134509976994,0.0226908946098186,0.0464351802872646,0.0477578269246767,0.0310511244951247,0.0442554065570381,0.0313828656047862,0.0551539008415522,0.0521882162752149,0.0268645160158648,0.0435815791839789,0.0340378518278457,0.0450804683165347,0.0460883762110392,0.0349065105837233,0.0499364644720861,0.0364745295058248,0.0615703216252761,0.0581082301641264,0.0286775239000897,0.0369807668407878,0.0238044755675994,0.0483593198824714,0.0456092446256378
frank,100,727,1.86088378090335,0.2,3.88774823499528,-0.622569495332119,-1.83170892417879,1.28255867127414,2.08168446470081,2.91957729585682,0.686602530260221,0.0877460940060867,1.62981875308634,2.02529723643899,4.01479743314848,-0.170435136406289,-1.38603868410212,1.32334557200186,2.59984450302887,0.0146513736319345,-0.0146025437120654,-0.0216265199733445,0.00384778915585503,0.000901186536458174,0.0242100032776468,-0.000460984528524946,-0.00848777377503148,0.00924664427363647,0.0140335426789685,0.0172639704275466,-0.0186951026799472,-0.0266506091931293,-0.00295488131406769,0.00054542382554909,0.0139901327925077,-0.00723050327832241,-0.0102450898933383,-0.000794650030447716,0.00349229534512026,0.0201609090918156,-0.00497581017674262,-0.0158806358332893,0.00999857176762938,0.0133111982221937,0.0178934262311895,-0.0295466885672822,-0.0289896369011349,-0.00472329664592833,-0.00737435353072685,0.0166570506880431,-0.00478962048104644,-0.00915062324016544,0.00425790506635415,0.0080146084119797
frank,100,728,1.86088378090335,0.2,2.98691423682149,1.91744076119117,0.535117708303894,2.28348668018433,2.84487533687626,2.47329125539088,1.94492737037997,1.26108176108436,2.12601353613935,2.40334329399977,2.93280162214579,1.87079916598644,0.450308273216797,2.05098395896728,3.06128294015058,0.0188413803725206,-0.00101180659931124,-0.0324595408732294,0.0207380562401752,0.0184516519285289,0.0233714434766417,0.000113388010333608,-0.0192555097444038,0.0115407510127564,0.0163117084678904,0.0223633802472434,0.0124233958924573,0.00497857286670086,0.0139128604124126,0.0177495091908816,0.0172787163658474,0.00968444472503639,0.000730676511947306,0.0128652859736078,0.0160476503068757,0.0213104379315309,-0.00205265158362728,-0.0150876639480002,0.00562733067699332,0.009430939460979,-0.0472861857836293,-0.0690338094267004,-0.0563973564521522,-0.0652874632685349,-0.0701237614943854,0.0151673403101939,0.00615402128733707,-0.00294421764228092,0.00924387997575744,0.0131642364055794
frank,100,729,1.86088378090335,0.2,4.8997166630518,1.40194703838143,-0.549801900580873,3.17518366575274,4.35827860035743,3.41984511247358,1.6886585944975,0.722630260474495,2.56659521625916,3.15183056175686,4.81773094468918,1.85264796491969,-0.102433989163821,3.22280125220463,4.86071303394706,0.0333648619612875,0.0152585108793457,0.00694421308080966,0.0189291094941189,0.0268430544320057,0.0303823966011638,0.0100776318898833,0.00164751172683791,0.0155764050143915,0.0238349402580128,0.0222456712666224,0.00807395110849658,-0.00303590672953044,0.0140893011595251,0.0225060851698491,0.0209528208109721,0.00599816186023767,-0.00308708435954319,0.0153818253333394,0.0205097468254571,0.0249852314360419,0.0103539450922443,0.000833524854334683,0.0169663871585507,0.0217635441848327,0.0311949726283284,0.0118896168168321,-0.00341842877214542,0.0211144077967277,0.0279840736498699,0.0259082804654304,0.00811071340168007,-0.00241541684871766,0.0172408173783194,0.0234907721174435
frank,100,730,1.86088378090335,0.2,5.02545628955709,7.64536740149551,5.0705694926831,11.8339671780674,7.13581880929234,3.48246325662454,4.78096334642351,3.50748756740502,6.85338649217197,4.5299186619635,4.08721731740192,7.4299215256091,5.19713140866677,11.6718047326598,6.25579420324848,-0.00343626381373038,-0.0381680763885698,-0.0538543357822335,-0.00576853944106245,-0.0483017324155616,0.0129955726225963,0.0330352158125923,0.0227934991335132,0.0510704586586671,0.0185128785734399,0.0332404813662658,0.0384487391681686,0.0194018472894096,0.0632215226505008,0.0376312691661739,0.0249518546252982,0.0257327444969541,0.00695222602261645,0.0530161897404349,0.0258981937683063,0.027523713311908,0.0406168991999992,0.0271547537124084,0.0616864479993734,0.036394272506769,-0.0137285050523211,0.0272964980115391,0.0265596517344949,0.02802144584961,0.00879763214546449,0.025546634404611,0.0349854606659687,0.0196835414010626,0.0574413572611474,0.0287986700454648
frank,100,731,1.86088378090335,0.2,4.74671388632478,0.507471327219333,-1.00517647625945,1.79672221345046,2.66451666382358,3.34445175591156,1.24621984807581,0.497403377929032,1.88438193235692,2.31414403034354,4.50355669741058,0.805947578278683,-0.725245591178748,1.82554871876689,2.88329070680133,0.0204525925816465,0.0122875086798265,0.000909609628766292,0.0181134769924977,0.0217107439791211,0.00096134549320833,0.00448886291096428,0.00194653039301389,0.00411087489495423,0.00338424338011321,0.013094247681621,-0.00425770685908503,-0.00844410163838241,-0.00418021761563928,0.00184823773835376,0.0249602373702931,0.00436108190895886,-0.00235613082199242,0.00926760365029281,0.0132961660483056,0.008036304642115,-0.00708831036091181,-0.0100431487908841,-0.00271377703694723,-0.00300372025793189,0.00791884218655431,-0.0371605603966449,-0.0443038534536877,-0.00885104820661574,-0.0271009719643798,0.0223504779979574,0.00221110644905351,-0.00584243520158196,0.00854573203169929,0.0119029200153693
frank,100,732,1.86088378090335,0.2,6.23648464769227,7.10970446937522,4.59337412995927,9.48263841171059,8.22120986148308,4.08407515189165,4.51453411905022,3.26891470964306,5.68955386809535,5.06634327868376,4.6327107896291,7.21601085490213,5.14293043172604,9.26562428576752,7.40023931156453,-0.102761959193325,0.00203125644866409,0.012744991552649,0.0119187740430434,-0.0361224692153792,0.0255557019335952,0.0427307193503735,0.0278297332793727,0.0558781635135473,0.0450469475552992,0.0261040932194661,0.0321220514482763,0.0189335013449401,0.0431650480081274,0.0361311717371699,0.0281224781422439,0.0369680397557607,0.0254553712155224,0.0495660113503306,0.0400532863125906,0.0239437315856324,0.034357737519368,0.024296389833065,0.0463640973260008,0.0281324390159962,0.040378014835154,0.0354910058350408,0.0246365931138385,0.0451836051463468,0.0364985227999206,0.025634608713682,0.0331739377648942,0.0207560689202352,0.0436583951626376,0.0343565359844658
frank,100,733,1.86088378090335,0.2,6.27820918899662,3.68685920791376,0.426356769456874,10.4845561286579,6.20921872038327,4.10527995927291,2.82097122904077,1.2080475194131,6.18480515818217,4.07004064508179,4.19733078256632,3.76684411877918,0.600786920219839,10.5951570369019,5.61008130156679,0.0380182000056618,-0.00288546748625347,-0.0408273201720765,0.0419157495983218,0.0363773175621796,0.0269188522919174,0.0177174952484706,-0.000579538855846164,0.0571278898132207,0.0276163640732649,0.0219896675136002,0.00888292234964956,-0.00936901038758978,0.0441026914794174,0.021853003212217,0.0226943402005744,0.0126806886046675,-0.00720704227863607,0.0506312748866708,0.0215887093504882,0.0322348053905174,0.0108072937862911,-0.0100682824930286,0.0528403003215417,0.0243492223251401,0.0375719167034039,0.0283980552604488,0.0117861747395209,0.0582813915262588,0.0398933081082188,0.0258153572552916,0.0184147086309125,0.000226954765413512,0.0528779893995642,0.0287286022970298
frank,100,734,1.86088378090335,0.2,-0.266798640750882,3.58301285945598,3.07581430067965,4.94856070765168,2.49637775297836,0.865743719564491,2.76905785598769,2.51817351079093,3.44503416467482,2.23298546259419,-1.48688795426218,3.34167671690178,3.3535464058553,4.74547782623706,1.4599473943996,0.00154199803405138,0.0193681141361011,0.0181761560906539,0.0217859810587734,0.00631601824370818,0.00513700301581296,0.0246500008857712,0.021027944695274,0.0330826368714467,0.0206682519014764,-0.00850329808528946,0.00607596588448815,0.000133121159091312,0.0150859032238679,7.8755243118307e-05,-0.00990288556140792,0.0183494654183592,0.0148273207776473,0.0259196220306324,0.00835259374157091,-0.00201234162935811,0.01474726853526,0.00840726176735492,0.0240786013093018,0.00749653104984304,0.00784106561378949,0.0273892419500135,0.0246172358449074,0.0322268121901217,0.0198780761217565,-0.00619477356121165,0.016893421705525,0.0135195178618297,0.0232917876899951,0.00691613215594754
frank,100,735,1.86088378090335,0.2,1.51736616965842,3.03094576072543,1.93298365621838,4.20505602873674,3.39015214492536,1.74585237320411,2.49588191931043,1.95366694814171,3.07591941634881,2.67359018056319,1.38861720500025,3.07450038984271,1.87686890708937,4.43857765542532,3.38764674357458,0.0172467566380347,0.00940303727603699,-0.00218212644172746,0.024411196634841,0.0191691181521905,0.0122358354552408,0.0233227986643699,0.0160974697990229,0.0278402039502131,0.0245483456000136,0.00265012065438557,0.000676981120654743,-0.00716758572812193,0.0157481826634928,0.000110878319849399,0.00428746382403492,0.0122930765061775,0.00467450155639801,0.019365476551203,0.0129053025143824,0.00349222242191278,0.00493905679564248,-0.0022546622932556,0.0156606527765359,0.00713086397810617,0.0140109212133921,0.0251543679473179,0.0189131731508252,0.0308553409769661,0.0241109710713883,0.00712439658083676,0.0130158481475598,0.00527784913095788,0.0210739001046195,0.0144304323275273
frank,100,736,1.86088378090335,0.2,2.13435884338944,3.31166811392249,2.03047428813657,3.99096531444171,2.8721531197655,2.05295660294515,2.63481133587691,2.00024561936453,2.97147102810209,2.41894418651972,1.20627424455944,3.19778258433944,2.30694018943268,3.66334746087183,2.05366512250452,0.0202443139216962,0.0101213281281832,-0.000238038109545484,0.0174959673143278,0.0140644289620318,0.0154410727832457,0.0224628943370726,0.0143714802036006,0.0265256690836097,0.0181883513188806,0.00794143269650313,0.0184275286205741,0.0121309835672855,0.0212428175456269,0.00792510348240933,0.0075883848189897,0.0180651385240386,0.0120860195527234,0.0205392346041777,0.0117442501490284,0.00733712124393227,0.0203340478385809,0.0152069654135471,0.0211076734222251,0.0121957742647882,0.00787070105767491,0.0139114258853907,0.0122203462755679,0.00816359835304934,0.0171620367538574,0.00823175023936486,0.0155166394707288,0.0096313162429324,0.0182608296601286,0.00964698211011193
frank,100,737,1.86088378090335,0.2,6.23623861254629,8.21577505977485,6.0647020589015,9.04951203453744,8.54921955194164,4.08310905885076,5.06248771329303,3.9983711525258,5.47465268623914,5.2276590247445,5.18943661716225,8.23426956671071,6.21368585122318,8.98227343134116,8.32024284606912,0.0397301866131506,0.0397036299053754,0.0283599079466296,0.0479963324247192,0.047323193010822,0.0119300924606162,0.0316965454048733,0.0225971320627571,0.0373570411401035,0.0347049694351319,0.0327411054838376,0.0384049365716351,0.0225220123995853,0.046397637085108,0.0414612866501179,0.0315307824846554,0.0378815753414621,0.0255910654535991,0.0448010514790775,0.0407765651010466,0.0264194701117266,0.0441147355453406,0.0314417841905464,0.0462877830036793,0.0442731662569722,0.0340845821305093,0.041533738439623,0.0292650909109408,0.0488933854124685,0.0347046333937535,0.0268580992768398,0.039646775643523,0.0279904253946951,0.0443334189974015,0.0403592839666534
frank,100,738,1.86088378090335,0.2,3.32990467653317,8.91493579121199,7.72390416537749,10.1918942785478,10.2806542450879,2.64226142558813,5.4065363658805,4.81746724365347,6.03921494330374,6.08272678135742,2.8880936089662,9.37095832516042,8.59106117159812,10.4413457322769,10.3041779373672,0.0101580136071844,0.0458157204892095,0.0451682030221086,0.0451595963222652,0.0355836283629323,0.0138267575199951,0.0475625558781817,0.0386135140988343,0.0497356623147966,0.0532041954415939,0.0055110525047408,0.0448290364440858,0.0377257700227698,0.0502610637375457,0.0493893781743964,0.0193231934474961,0.0421574690680431,0.0337206391595078,0.0485788884883563,0.0504519745395295,0.0187305006787979,0.0497954229230502,0.0407335775656975,0.0556609316375534,0.0575458950026171,-0.0710304422924274,0.0376898581428827,0.047507421618007,0.0108236386893313,0.00557963590841079,0.0179867578610557,0.0468150336219439,0.0403064512574331,0.0515809860614316,0.0530863717821006
frank,100,739,1.86088378090335,0.2,1.90778799010406,3.89518102791968,2.63796373557964,5.04834039718565,4.88378635098906,1.94059079059177,2.92218828650784,2.2996039402691,3.49382612778957,3.41293780692882,0.98068126797174,4.22355290787344,3.36798268475615,5.09852489142758,4.45241484404399,0.0191392148520771,0.0274070887328868,0.0165418045226326,0.0348484356541188,0.0343990730988201,0.00886750359276119,0.0264031987395171,0.0222913522403395,0.0246202361386252,0.029066714480844,0.00998971421300732,0.0210675492002084,0.0142717170742888,0.0282906883370381,0.0258021399859992,0.0134944635095826,0.0240029776165734,0.0163165157352218,0.0298630393256354,0.0283393590655224,0.00813895097544399,0.0232604201758487,0.0147234156294533,0.0304814812613826,0.0282010471807153,0.0153356076063756,0.025950573349629,0.0154225549978871,0.0315238120978646,0.0344185123327035,0.00589359191821175,0.0195934842964255,0.0144496214332477,0.0238628473083688,0.01987782661999
frank,100,740,1.86088378090335,0.2,-0.313559876532955,-0.0533929976954499,-0.614814160537476,0.443281928695476,0.802322447125187,0.840310459804654,0.968156680317317,0.690568508964707,1.21401284058574,1.39152259013128,-0.482825358927337,0.199206989901651,-0.321579596032236,0.619635121079016,1.07901166145491,0.00501416903809528,0.00297903692171439,0.000242917958491023,0.00880813079448034,0.0115895105571005,0.000261495645577208,0.00663718343163308,0.00392743757857669,0.00774124491251509,0.0105126003487844,0.00272800194029879,0.00275829676150457,-0.00232002631148155,0.00665093982497958,0.00966766780199306,-0.00334438252148909,0.000632548475598447,-0.00366622226630717,0.00277993465834982,0.0052588581068268,-0.000339964037128329,0.00503190768781273,0.00024538961232311,0.00839534964273686,0.0102944987803527,-0.0518209170468128,-0.0225725742255058,-0.0129354994490769,-0.0280716599177696,-0.0343266558280785,-0.00163532155167066,0.00220102833854591,-0.00178215181097428,0.00448432842028717,0.00685047946380615
frank,100,741,1.86088378090335,0.2,1.2360633161622,4.4709480343852,3.60928643252832,5.3618510262303,4.35337369612232,1.60821771385522,3.20819612330821,2.78203195289211,3.64926315413656,3.15041683817467,0.538048797551143,4.58307462529299,4.00371235407865,5.32105562330112,4.15630489607934,0.00243082277267159,0.0175624710764505,0.0150663810843637,0.018595473508155,0.00977117475087454,0.00526291734386193,0.025697977026739,0.0221672533948362,0.0261680343087966,0.0208940687552681,0.00204517277954901,0.0219056247734109,0.0144548664398194,0.0273973120309951,0.0233932216433006,0.00641802380413632,0.0216103803154453,0.0150439439869379,0.0280400305339573,0.021777806521862,0.00651188979484661,0.0245813116108832,0.0199123595938844,0.0276700056112189,0.0222945868256733,-0.0357890194575425,-0.00373574433577328,0.00169856256985985,0.00245483066768707,-0.00776439633609181,0.00179178214497532,0.0201917118307031,0.0159515686207166,0.0242344472348795,0.0181672797676895
frank,100,742,1.86088378090335,0.2,4.25837270013195,4.96325508104032,3.34945173717592,4.8499286300101,6.23253399186855,3.10319284756561,3.45126648082805,2.65199913298226,3.39637610224499,4.08018951677487,3.85212138942099,5.3113966338252,4.0305763277222,4.60152632330604,6.28674923701365,-0.0308870026709353,-0.0341121941510236,-0.0219082860668219,-0.0484394757608509,-0.0291665028398046,0.0206734148220231,0.029123368257908,0.0226353351520781,0.0205812051383983,0.0336650969284571,0.0206163726889469,0.0278789520517755,0.020643398265613,0.026099461906656,0.0321513148051036,0.0216697164677429,0.0272534103500157,0.0196297036576441,0.0241700313440772,0.0321923728209236,0.0202682937027002,0.0250945191826656,0.0191023958334803,0.0205572812778073,0.0299644983736261,-0.0486529499733558,0.00439565544011582,0.0167733404218189,-0.0299109671769418,-0.0378107686079819,0.0174981752197265,0.0243665242082873,0.0183785666300943,0.0199396696720891,0.027541393792415
frank,100,743,1.86088378090335,0.2,6.98424958013952,6.40896831283925,3.65510621916032,7.78157613091668,7.18418916701177,4.45302379259928,4.16809719373936,2.80501510367556,4.84760247170927,4.55245803016244,5.85732462115039,6.34800977852113,3.68526966107108,7.50560213832543,6.81528029996841,0.0376660004177737,0.0396307766454168,0.0254335184815831,0.0456678762546316,0.0449540678523745,0.0387664701635582,0.0378993800482453,0.0224729833195197,0.0468993795741761,0.0402447285748141,0.0287055787706552,0.0245057831856592,0.0131099670784027,0.0300857353860625,0.024525262145161,0.0192020517572785,0.0220027411650315,0.0109584419633794,0.0256028479858668,0.0195029376855266,0.04175996356404,0.0357746617579157,0.0182790639862853,0.0432916768880926,0.037804720845621,0.00928922132071537,0.00461581063030129,-0.00478492915035841,0.00605108410663723,0.00970462154747902,0.0336125186798369,0.0312207746744608,0.0172438574931382,0.038206976643556,0.0336153411920637
frank,100,744,1.86088378090335,0.2,1.52981805842436,0.803690810801356,-0.363441229887776,2.29666429837825,1.86250792001416,1.75212663326679,1.39287521091474,0.815236153478564,2.13189129055063,1.91688061959872,1.16854434812779,0.868697068798208,-0.205981008130976,2.3169322040874,1.90375834444141,-0.00765966721426163,-0.0129715087182551,-0.013479462298917,0.00227717749126913,-0.00853512405767617,0.00951835797361175,-0.00052164491083514,-0.00673001860093363,0.00593546084402476,0.00536163942979531,0.010871177299787,0.00173712982807001,-0.0036752778748296,0.00786980220475944,0.00845962035049957,0.00548059435430636,0.00416903553674865,-0.0023737358182197,0.0115581165055694,0.00955762336133475,0.0133202997102905,0.00915717917396825,-0.00011531553234423,0.0192498352284457,0.015870145929711,-0.0653246586579171,-0.00425078595236129,0.00347990152788332,-0.0290553527260912,-0.0262881263101878,0.00689788047795066,0.00290996025942723,-0.00371919491941833,0.0106256415074809,0.00897908456084853
frank,100,745,1.86088378090335,0.2,2.4026817076,-0.508269199385257,-1.74157282805664,1.90990670314094,1.53509121226249,2.18317290181533,0.744191190430982,0.13488847436315,1.94017237867221,1.75441828918429,2.64533890863129,-0.475236884406533,-2.11030941161144,2.00686247373865,2.03201793070672,0.00475540296360278,0.00730620201214025,-0.00422281289748265,0.0158681323921846,0.0166853504696603,0.0135025580519086,0.00252614317163922,-0.00206150760257721,0.0149124053155077,0.0124323313579078,0.017055757973238,-0.00382265037593665,-0.0127251806326146,0.0100926609275878,0.010578587687766,0.0151081166043384,-0.00207467823922315,-0.00938192417173339,0.0112445029582015,0.00996470246462174,0.0172384855732424,9.94593028697716e-05,-0.00562762060347007,0.0117193657339655,0.0107736655241964,0.0209175835758299,-0.0572505020184348,-0.0903931207065589,-0.00454014785373014,-0.00888748112611848,0.015953287126533,-0.00529445951434911,-0.0148445259013674,0.0100174263205707,0.00876082272407027
frank,100,746,1.86088378090335,0.2,6.97960836323629,18.5181608776016,17.8975418040069,15.9990775695224,17.2674441095099,4.45114423111928,10.1603528280558,9.85328257533025,8.91407748406121,9.5423648252156,5.27747904001395,18.7400639385227,18.9510026666005,16.0809553226174,16.359728628613,0.0436295270280492,0.102081594911472,0.0994496648166494,0.0871484511277417,0.0956227912913733,0.0388819512037494,0.0911828214296435,0.085130685630155,0.0809323143842067,0.0872462959412962,0.0293145175624049,0.0839420658413306,0.0807484466465602,0.0722723465845892,0.0747927032523958,0.0264869037723951,0.0940251948145275,0.092273371602265,0.0783679112965052,0.0829104616308675,0.0355313538489598,0.0955680661252241,0.0912153505350431,0.0828806077225205,0.0888142841070034,-0.124145937720096,0.0925707789808731,0.0994544033134013,0.0602495384308765,0.0656722361874876,0.0330488697063727,0.0949892034543467,0.0912511568462268,0.0805088226389886,0.0870443705207957
frank,100,747,1.86088378090335,0.2,1.38195365960638,3.46353470914454,2.72562066794564,2.32184220984721,2.41255516303676,1.67868271393576,2.71044937142372,2.34566856248604,2.14504834857114,2.19007711102916,1.24601031663528,3.12014096884959,2.48416059488989,2.05061491971827,2.17294671423586,0.0071442204924805,0.0207691051122187,0.0195174789419168,0.0117220563318007,0.00415683599872444,0.0126578467721198,0.0164009009889342,0.00780111403460178,0.0147761609832714,0.0147752539571708,0.00506075430333516,0.0183881145123438,0.0137115307263959,0.0113966142438776,0.0112337227602802,0.00789719492092606,0.0181977310959269,0.0145622438132481,0.0103287014309148,0.0116664132309499,0.0101279082597202,0.0115990146584495,0.00644652327088646,0.00749921887298565,0.00780783415138994,0.00710189805264325,0.0227920388172648,0.0202870418917449,0.0174446361029763,0.0128312076047674,0.00388926684741324,0.0132070954836772,0.00865593070236073,0.0089782314827104,0.00744645895722474
frank,100,748,1.86088378090335,0.2,5.39714696322081,1.89196612789717,-0.211745501116741,4.04059758760158,4.55764503603592,3.6670574093596,1.93133846419539,0.889558144773887,2.99546125642739,3.25106820463677,4.85312734368026,2.22430198720528,0.250443108846069,3.91164498456499,4.78474120558138,0.00105691643867823,0.0190909240949647,0.00893819687420009,0.0291832578444289,0.0291185933856955,0.0262071198497383,0.0116598488147478,0.00656680693242514,0.0193724697771487,0.0228843573200757,0.0222458324700857,0.00873013920361802,-0.0011898916568307,0.0171937574220739,0.0221562654990338,0.0303383612980221,0.0127751078435273,0.00213643978191013,0.0225632544612592,0.0263784307378799,0.0342202026700043,0.0133330730805026,0.000369114358498533,0.0252408840118393,0.0285733280102878,-0.0111101993456553,-0.00748547618246865,-0.00357475440942448,-0.0046957480243766,0.000461394207239789,0.0259476186827082,0.0104670745802133,0.000940608879018404,0.0210185585066185,0.0236683922306403
frank,100,749,1.86088378090335,0.2,4.11989892909595,5.2926284328526,3.60394923132796,4.96750870155457,5.22341541406734,3.0328578445795,3.6155580767222,2.78028683494082,3.45436582332761,3.58127461546784,4.06469486749475,5.23146828701288,3.55359165470282,4.8211333267767,5.10539936799564,-0.0127592473738721,-0.0355452283427731,-0.045418520210854,-0.0124500065374554,-0.0285905991554858,0.0275786310866913,0.0232505328249357,0.0066117817219822,0.025805143243002,0.0262862769836625,0.0170603596483845,0.0133077921843601,0.00345350004111366,0.0093344390996383,0.0132432749664226,0.0217388273516578,0.0231816166607182,0.0146368205843444,0.0211124744584944,0.0220061996889388,0.0242620437495421,0.0313646251333507,0.022484894101818,0.0269993573837711,0.0306163293873147,0.0281981578510477,0.0256110929262513,0.0146391668592607,0.0208927614106721,0.0225559339624661,0.0230980204283183,0.0249063702815447,0.0151983929420751,0.0241483033693759,0.0247859296670513
frank,100,750,1.86088378090335,0.2,5.03677943827782,2.2941350092253,-0.12476383358672,6.03420290720581,4.7850893688456,3.48969625569108,2.13108143762587,0.93433685704668,3.98197148533083,3.36428202256216,4.03173813239331,2.51840522786958,0.128610033221573,6.07918974688032,4.69391208452031,0.0298865936414346,0.00406532852741179,-0.0121903730363801,0.0087576747415011,0.000937191486405586,0.028507314781839,0.0170969822728488,0.00566049963572239,0.0347463572631406,0.0270952203505959,0.0320917810169331,0.0161469973339675,-0.00134494678396326,0.0384676160212045,0.0305998646135491,0.0209775437761088,0.0104188709950807,-0.00263335168945633,0.0312400962339341,0.0232868697337794,0.0256673087270486,0.00737918022094784,-0.0084452717098516,0.0298603003595477,0.0219502839430468,-0.0539051130259762,-0.00517140712868411,-0.000698840656572427,-0.00385691119136211,0.00602737383822194,0.0195862111908891,0.0109810750224545,-0.00166308977363235,0.0293502909493166,0.0214068428976781
frank,100,751,1.86088378090335,0.2,8.92191138327417,9.03579724422963,5.4313167144317,13.2113097370608,12.3920932256978,5.41114504063155,5.46723316340353,3.68384526391338,7.53385141538248,7.12871287828912,7.69644570659323,9.40591072405809,5.87913279409937,13.4982398521805,12.3461634227648,-0.0335784008974045,0.0443555003913602,0.0353211346598406,0.0600638936514506,0.0540144147078468,0.0444685291316718,0.0472399741440555,0.0288764026219516,0.0652470770457768,0.0629982599406641,0.046302043725999,0.0500608507487574,0.0294516421717825,0.0700487989007907,0.065855533608212,0.042258454545192,0.0465843564821492,0.0270497774876189,0.0668369000169252,0.0617774252136149,0.0438951915663424,0.0453653413364117,0.0258491234612821,0.0660249887286069,0.0617803944931341,0.0424227845911041,0.0430461005051878,0.0172646532059692,0.0671006368519816,0.0636523026814833,0.044616357060827,0.0456747491666236,0.0257886778340028,0.0668185789720245,0.0623468138713843
frank,100,752,1.86088378090335,0.2,-1.18141507116943,-0.635576629712584,-1.18607192567255,0.896014679649077,-0.0536251727880024,0.41142051949482,0.680372586146871,0.408196011364751,1.43890868069353,0.968524313399909,-1.58517755084497,-0.536527026841757,-0.984678398678582,0.805409306252073,-0.0578290125226526,-0.0114233633810523,0.00499229486279304,0.004030058790379,0.00588241620964194,0.00169710478980968,-0.0176951932156047,-0.00172290329446967,-9.24155616632541e-05,-0.00154729187112399,-0.00670285371455508,-0.0057848508373929,0.000821347661020682,-0.0014848742826846,0.00565911358182824,0.00279814991513879,-0.00616620779926685,0.0010467186266316,-0.0050469887625197,0.00902580103011626,0.00436353660859127,0.000476434077981442,-6.21735328064554e-05,-0.00462068796739382,0.00870291306864439,0.00484394958465272,0.00106600609793837,-0.00795005142238728,-0.0164250964299194,0.0118351245021651,0.00884190586981007,-0.00890769266852083,-0.00330408822435156,-0.00680220729132786,0.0037009849414046,-0.000603974812914068
frank,100,753,1.86088378090335,0.2,2.39769500273323,0.448932203829506,-1.03090539503891,2.75423301400006,2.71876665157601,2.18086829448842,1.21688031750194,0.48467829903539,2.35780689533561,2.34032428766653,2.45122189257369,0.837634294592365,-0.66659012069017,2.97441318479264,3.09506445286759,0.0146673428180887,0.00998319237001298,0.00264110688938827,0.0216739119797118,0.0147375012260848,0.0182646144678732,0.00814803349491436,-6.77675909906669e-05,0.0208977318890407,0.0187428273290762,0.0185921349306443,0.00685353396892524,-0.0025140856149136,0.0210282538594345,0.0186819868029535,0.0155294842707309,0.00562837737580237,-0.00280956360951303,0.0159139041793528,0.016578796465009,0.00826978350524075,0.00636387819827318,0.00172777918476948,0.0155836853335152,0.0141961827715868,-0.0363940945306991,-0.00402604253485069,0.00161567880891277,-0.00197437520821403,-0.0100889480396425,0.0150064207830005,0.00316230363632205,-0.00617482377609365,0.0170877646314523,0.0162237743576877
frank,100,754,1.86088378090335,0.2,-1.0911340135062,2.09087183561332,2.31889857868083,0.498881571022942,1.04276988197264,0.454275864694068,2.02955533041472,2.14253885702741,1.24175341456209,1.51123425122832,-0.902562610056485,2.16304562857707,2.60875830654094,0.58321424908127,0.905792948271241,0.00436517321299924,0.00446251444870512,-0.0074303055039827,0.000730971023814954,0.0038058548995488,-0.0143433177158244,-0.00475771547922158,-0.00340124287966103,-0.00950388105051638,-0.00947541173701623,-0.00279202891593904,0.0120175086207456,0.0135244899674097,0.00370842567147166,0.00622910104181455,-0.00455763130216866,0.00798654355426847,0.00901066739807096,-0.0013036302668495,0.000470448581299554,-0.00073951592298964,0.00908025745265238,0.00712336589150286,0.00517133198639558,0.00515324366875763,0.00447443906920082,0.0185504415074311,0.0176910556944038,0.0121190334046,0.0152137707884981,-0.00551756203327499,0.00968077040158792,0.0108105643314631,0.0006358157714169,0.00326654708503835
frank,100,755,1.86088378090335,0.2,-1.955117038127,-0.652948318450366,-0.382927516291094,-0.602463916536168,-1.47152724771722,0.0292950499015625,0.67234324258512,0.806035288309652,0.69758406414707,0.267397293187658,-2.19720347244322,-0.880306735817196,-0.339744147281018,-0.866828209749563,-1.74283786733491,0.000135560634041386,-0.00303216120567858,-0.00964658523545109,0.0069528718107696,-0.00238110168392114,-0.0174359314644936,0.00296962585919659,0.00412347216283427,0.00168441009913691,-0.00402074997964834,-0.0104411326992991,-0.00977104112092314,-0.00859159279120924,-0.00566559382828678,-0.0105345883417985,-0.0134275315056379,-0.00342568183318637,-0.00181244214004966,-0.00270655970634058,-0.00839377895384725,-0.0376870903353326,-0.0118220963212361,-0.00507289116627277,-0.017306145221353,-0.0212630086635105,-0.0399188533551301,-0.0686835649628954,-0.0763059178596454,-0.0564983916430781,-0.095537454316561,-0.0133273161271496,-0.00119591908008785,-0.000117033892964473,-0.00219118640945814,-0.00605833799612252
frank,100,756,1.86088378090335,0.2,-0.989571961374884,0.567671475809962,0.419281689220315,0.259192497204479,0.0437505786104668,0.504631131427931,1.27681477693415,1.20460781822887,1.122857282544,1.01684272219899,-0.782213116982678,0.368088690582988,0.0869256559888356,0.426778008442578,0.0483805630139922,0.00439755251904885,-0.0161924745026433,-0.0287520382658664,-0.00390008858566399,-0.00721430411898339,0.000752951449877153,0.00388407726307198,-0.00250971476847934,0.00889052543755195,0.00532874309976514,-0.00160466507803851,0.00683844214660943,0.00440367601114665,0.00728099918115458,0.00299941567787926,-0.00262914362496864,0.00365334575981907,0.00141232293718924,0.00447086691612919,0.00123965088208486,-0.00835914799048186,-0.00894632900426954,-0.0115903799352261,-0.00891407472246713,-0.00785195945851058,0.00188816426028207,-0.00589627524825174,-0.0299024302347774,0.010733434838868,0.00981064240453686,-0.00588857413839661,-0.00288464222360857,-0.006983963664235,-0.00115738427094474,-0.00365892885525414
frank,100,757,1.86088378090335,0.2,4.31609759096105,5.283431179188,2.7807236619346,9.88961570877146,6.58776083755581,3.13350052047051,3.61092597867274,2.37247564206315,5.89127058278212,4.25675687334854,2.68102628328464,5.24844785508,3.13191281078873,9.60361134195836,6.09629390350969,0.00680059114802701,-0.0310007350026294,-0.054308369280093,0.0135730823229762,0.00614808952857501,0.0205634532650691,0.0268408302392272,0.0113083960161186,0.0533848384516574,0.0347693783599431,0.00397648393472703,0.0186946569371696,0.0042563806552678,0.039959469446959,0.0195412880383661,0.0115221592477505,0.0179697740880461,0.00544439095038678,0.0396007950532201,0.0237229832062911,0.0126953523453645,0.0230892566147688,0.00968908312090141,0.048350765294727,0.0324015392142464,0.0218495867839288,0.00288934769263354,-0.0199556943090955,0.0497167294486089,0.0362817500790066,0.0161958348237904,0.021971446112503,0.00879160206815934,0.0448816598641753,0.0282914054201221
frank,100,758,1.86088378090335,0.2,13.0114642907041,7.14665243026179,2.10705669682458,14.2488699948191,12.3369255441395,7.43532605784627,4.53285625131517,2.03901404481642,8.04811134192471,7.10219478895693,11.5151346031909,7.5937078699143,2.49988261336015,14.3562479808952,12.4301553663412,0.0146213448139322,0.045395277034183,0.0174247699840252,0.0756832334191574,0.0706521620775713,0.0698183356653386,0.0342598923147194,0.00753492725706789,0.0710034828173615,0.0580052160495658,0.0698165055582473,0.02754716296247,-0.000449806095799853,0.0641387085853712,0.0564941049980448,0.067901508014651,0.0396275003410096,0.0135325671846143,0.0743209568958114,0.0640090889778827,0.0736388796034297,0.0398436145349924,0.0108689977725622,0.076024909071547,0.0681184822245836,0.0504158847769443,0.0446008744280468,0.0197249967445357,0.0707548541546384,0.0693161959650464,0.0663141074286434,0.036165707943862,0.00916607675391384,0.0728982571441883,0.0619241211117432
frank,100,759,1.86088378090335,0.2,5.10875406987667,8.38058642591406,6.29581124751935,9.16466182143276,7.13123160914406,3.52705078731993,5.14380299006082,4.11120309242029,5.53244397439812,4.52861775658351,3.14503335854228,8.28084745167774,6.80731410553763,8.84215810646661,5.58513254752074,0.0342134186750413,0.0370479714822621,0.014256110598832,0.0441258769777742,0.0445888588674916,0.0198696012865055,0.0484884337360006,0.0388681925530777,0.0460210073485713,0.0389648319760527,0.0212579223512553,0.0478851729750709,0.0362279062104341,0.0529949709205247,0.0375861983043227,0.0166837792094166,0.039311601061481,0.031729571591615,0.0372728783098077,0.025764082101968,0.0163942814483796,0.0394554569166715,0.0305783673985904,0.0421998006202008,0.0255670444524202,0.0177663794369244,0.0517233615260947,0.0404263670508078,0.0550395449908118,0.0440632531820348,0.0173731168802491,0.0409371648505079,0.0326742494649542,0.0419066060825309,0.0266280436135203
frank,100,760,1.86088378090335,0.2,1.35428583967757,3.50858459990896,2.00296152319733,6.77108037698705,3.81310245137597,1.6672975932146,2.73204687777264,1.98723139076918,4.34679667570985,2.88358444579089,0.138511242878993,3.46336838151809,2.25951017141127,6.78614411047355,3.2001613125104,-0.0904113736499164,-0.0118683176567288,-0.00512038917494654,0.00681886095711827,-0.0156677548500296,0.0143248419730412,0.0196610608613918,0.00725840713895916,0.0398122219713666,0.0233435243435793,0.00380062251458868,0.0157144013914143,0.00562655394103198,0.0361926075582691,0.0184657444960554,0.00656630540567657,0.0170881711573241,0.00786868798564127,0.0335534758594685,0.019170512831513,0.000251167837463689,0.0128628658212489,0.00366209429263345,0.0323066571455437,0.0163559885733645,0.0114108936067642,0.00519421154567154,-0.012322275171115,0.0180557368911694,0.00456692434953645,0.00434218656505417,0.0183397840684007,0.00985096746867534,0.0349554709968532,0.0179442939103696
frank,100,761,1.86088378090335,0.2,0.0531482795378828,3.02536940322801,2.53346428711169,3.23366038587047,1.89888965180844,1.02434093433486,2.4931969149014,2.24946419576829,2.59688712681856,1.93698461365589,-1.11036364330718,2.83886495645224,2.81319532577411,2.81738111068972,1.08171937000841,-0.033069641296334,0.0167104784867845,0.0216807833779731,0.0115775379555584,0.00713436572234792,-0.0405805605267781,0.0110273878071369,0.0125040935454906,0.00643774224080297,-0.00602504320532188,-0.0100838736391133,0.0125009671942148,0.0108573685581274,0.0141544750974127,0.00459275395110708,-0.00442765455912541,0.0156043737253845,0.0145057949545571,0.0135919169567812,0.00490529462100359,-0.0035504176915195,0.0129019667268257,0.0103694174475996,0.015642250406927,0.00301256321005447,0.00376990624134184,-0.0323124058112431,-0.0394643438621505,-0.00858585510758186,-0.0235998956080967,-0.00552681185958632,0.0146937852004087,0.012595078146267,0.0150663033135164,0.00650763129803913
frank,100,762,1.86088378090335,0.2,7.11429504134487,15.0649334884695,12.6936772355058,18.1021998491278,13.3084964421944,4.51490368800618,8.45359160794711,7.2824074074383,9.95525100077327,7.58451322212886,6.22303555547605,14.5168525367956,12.3604678625472,18.2024600275518,12.3238545444965,0.0348977018669112,0.0808139243444665,0.0577586383677672,0.0989346629094546,0.0737855689229293,0.0408960522808266,0.0840259969281758,0.069978662032619,0.0994730828258961,0.0726657060782419,0.0309952833588281,0.0725423158831059,0.0580704952082507,0.0901513626727985,0.0558402210623728,0.0392034901072647,0.0695905053498665,0.0531505264803379,0.0894415981300712,0.0590477594931756,0.0402119299924495,0.0793563286599368,0.0657582282631742,0.0960640505311028,0.0687188818524264,0.0137860370562708,0.0385500990549612,0.0322030517233841,0.0479408456455584,0.012421222327381,0.0387450305598002,0.0725263936060533,0.0543536223374031,0.0919091095426905,0.063913673920145
frank,100,763,1.86088378090335,0.2,5.13430942859094,4.67622541450782,2.0840678415015,8.52269645438253,7.67480521765151,3.53675619015108,3.30920191745672,2.02640439729646,5.21344558709215,4.79348481942125,4.34797007333095,5.07915351027107,2.67044264637284,8.64736616318907,7.82974242450051,0.00949379457452712,0.00694314143930803,1.29736274967485e-07,0.0363050631600304,0.0247179386967673,0.027790513988727,0.0237199081812796,0.010762906250438,0.0409945950148196,0.0406430562333532,0.0219823211334536,0.0294162735911471,0.0157728969478245,0.0481658632902204,0.043134012525333,0.0249609504663821,0.0250756902453145,0.00991430408950111,0.0451052793462099,0.0412562175290265,0.0246917785732431,0.0260864971166136,0.0145257297429207,0.0423704420814579,0.0388653565543905,0.0269494830001175,0.0190130954900243,0.00247985497248846,0.051832753252202,0.0359099016412532,0.0263247110354201,0.0245358142404896,0.0112324914021887,0.042655247263878,0.0393260405028858
frank,100,764,1.86088378090335,0.2,0.834254540552454,0.362663717415393,-0.924974084344081,3.12538786414571,-0.143638471006594,1.4100220269548,1.17746360310114,0.540403869713379,2.54410469329475,0.92682669927818,-0.253244677983744,-0.391475091681268,-1.52966358397377,2.45998315364631,-1.04656545478606,0.00163511971961505,0.00365386306657426,-0.0023331405321701,0.0193449352286049,0.00224198703019541,0.00454671355365624,-0.0053869256147357,-0.0115305748499293,0.00439061048818462,-0.000618442447523588,0.00104252835505643,-0.00268439913335184,-0.00927901273429559,0.0100890310943972,-0.00741767873452322,0.00183497060768949,-0.00258592587288681,-0.00968672186117398,0.0112478671755982,-0.00575937180086368,-0.00874678960681636,-0.0100251611668044,-0.0128319897586939,0.00571571817853127,-0.0144312049391652,-0.00992060411998299,0.00545419970773963,-0.0185375241655258,0.02557418078461,0.00775969892902355,-0.00177559900307611,-0.00546821984161731,-0.012786257145386,0.0108429685752719,-0.00791381369769764
frank,100,765,1.86088378090335,0.2,3.62173669739479,3.36714987806805,1.88470397894014,3.39384949101473,3.52572988660809,2.78819435277144,2.66284430823579,1.92929369267548,2.67587670547607,2.74098919984736,3.64347677190116,3.34407001381561,1.88825806309235,3.0867550174726,3.61972574270095,0.00707246563819942,0.0262850987100453,0.0111702638046327,0.0259706200292601,0.0265778900477558,0.026300489513665,0.0126186919344035,-0.00125863437638813,0.0180171516063806,0.0198319818044373,0.0197754177643309,0.0145060034516867,0.00315476431974951,0.018379706215325,0.0196717221146157,0.0162366788654869,0.0144847491091562,0.00806850456282869,0.0143931345340198,0.0146378945635,0.0168518011426968,0.0222663191339017,0.0132208934490573,0.0226304809848416,0.0228886950153246,0.0266944634016453,0.00657744164951067,-0.0223348013964136,0.0140725993167401,0.0218070484540304,0.0176925324678076,0.0135370808493703,0.00513479707418449,0.0160174894770164,0.0155653235624913
frank,100,766,1.86088378090335,0.2,10.7973304689563,4.49897600234485,0.655373038706651,9.57413331885507,7.8931756909466,6.34131808493627,3.22342105929337,1.32158227621983,5.73468902336223,4.90290804230791,9.21490622893091,4.47870766653551,0.453204904880554,9.43663331307649,7.9322765102808,0.0639147221537819,0.0320191873918795,0.0131311118661027,0.0577316300180085,0.0470642829042949,0.0572191601684682,0.0215104067191547,0.00220265617436,0.0523992171273748,0.0407670527605632,0.05242405432577,0.0268800161616065,0.00529624424969509,0.0527802595281454,0.0429929154021988,0.0549472172898575,0.0257502182060439,0.00457815739897899,0.0514847110959172,0.0428340770302375,0.0466842851219865,0.00419955603419436,-0.0157341702879179,0.0284109702926406,0.023407534175507,0.0594781752071559,0.031996133003871,0.00892697382865063,0.0576720123564584,0.0492544265112112,0.0491934928473416,0.0198314261128375,0.000513107223054575,0.0467685301231618,0.0367454939301604
frank,100,767,1.86088378090335,0.2,3.93580178956001,9.65983117726406,8.05999623303424,12.335590738901,10.143260860477,2.94538902589131,5.77612255082839,4.98467309312665,7.10082128827801,6.016344206732,2.21884639907519,9.79720833516848,8.79263931397052,12.4655937809762,9.413442522423,0.0108351972721653,0.057057574360933,0.0501105988231516,0.0669929657113885,0.054993490000503,0.0120835997504082,0.044611375562983,0.0390517702360006,0.0585324670606188,0.0416905515461252,0.0142965112659884,0.0487809065763532,0.0380926698806773,0.0644282193586408,0.0500015648869308,0.011458582961292,0.0452322619956193,0.032890442320599,0.061350191333852,0.0488583080503089,0.01183585065629,0.0510223914917683,0.0397167895696307,0.0626446899946532,0.0498757779080622,0.0177083414079684,0.035565751011066,0.0301412956043519,0.0485683594198028,0.0218187782648803,0.0183526893812502,0.0502008037563532,0.0404400058699472,0.06314319099033,0.0513911799290825
frank,100,768,1.86088378090335,0.2,10.2569537584408,5.57740114697004,2.35752417109437,6.53851790543084,7.64054838691286,6.0725171097012,3.75623748250881,2.1617132614099,4.23252526200452,4.77931903335321,9.83428888533272,6.01141137998881,2.93798048733675,6.21223767559589,7.43337264388118,0.0612493978020417,0.0213600466666342,-0.00734659802860344,0.0417504444042593,0.0386717444979696,0.0482408959537796,0.0184834212562597,0.00155255572748569,0.0269235809815422,0.0251786567994008,0.056656322022423,0.0275282767828308,0.0115017088523424,0.0329319645828293,0.0376420672306363,0.0474200680137144,0.0286779551809474,0.013196408192147,0.0314577089441051,0.0354064593712531,0.0535009169498892,0.0346078622280368,0.0191101544681588,0.0379570002575386,0.0425543733702011,0.0549582513126506,0.030670306489346,0.0195438868804654,0.0283829182838484,0.0452784654041319,0.0488279508913799,0.0272326185919012,0.0128907033890125,0.0308496478398203,0.0332543519055885
frank,100,769,1.86088378090335,0.2,1.58209717056137,6.67181361554004,5.91305517849759,7.5870541327836,6.83658346233814,1.7771629343893,4.29713881736691,3.92256087650774,4.75012187498647,4.37848053396926,1.3852420851015,6.82924254253759,6.33087744336324,7.75066948249019,6.86706559186718,0.0056856345290125,0.00636138740646804,0.000248375651465538,0.0108677113676078,0.0149438444063407,0.00261003793243445,0.0270550480806775,0.0119249248284329,0.0397916732452952,0.0327346272035402,0.00165615898211884,0.0366961137790604,0.0326971239354331,0.0368243015237138,0.0324927881428306,0.0112029712156441,0.0354851508439842,0.0291417848266377,0.0409851801155021,0.0368637427245577,0.0121137361374892,0.0370319294876978,0.0297488138737168,0.0433324212177036,0.0397548001323006,-0.000468958050006587,0.0307382157436134,0.0262954220886199,0.0463811033530102,0.0423729958072982,0.0103086646628247,0.0330276934408323,0.0265098132481642,0.0394525869412003,0.0350593231244297
frank,100,770,1.86088378090335,0.2,0.46514569420509,1.39339965172382,0.472764368423716,2.64791189095636,2.95077399973899,1.22511427225687,1.68393866073605,1.22879119820668,2.30515813459128,2.45442215538725,0.236561019709367,1.75570450116134,0.961268473331742,2.86169877985359,3.26465288320715,0.0121884330499857,0.0013114923906901,-0.0205395820228466,0.0215411904405776,0.0240614149302059,-0.020233575522788,0.00837672556977667,0.00835814190024084,0.0141107179557018,0.0137828598464313,0.00823938469902798,0.00452670400459343,-0.00697565993216557,0.0174525241459278,0.0187576376381658,-0.000299006257161844,0.0100565142073862,0.00584781959695127,0.0137792903384179,0.0164935797909259,-0.000228121814081173,0.00730681560104026,0.00281063583499402,0.0106601994757828,0.0147774656001328,-0.0400459783858925,-0.0174373817865839,-0.00944277097782264,-0.0127960750311454,-0.0186712534393562,0.00242440214578785,0.00750405093934484,0.00157739855146603,0.0135017859784803,0.0168556208695467
frank,100,771,1.86088378090335,0.2,19.273665492743,7.18244749472923,1.21368840700943,14.6603586732828,13.9356398096467,10.5372034746797,4.55120550515595,1.59773040122694,8.25159204775577,7.89297505237701,17.2278917992032,7.63252546229174,1.30484574621665,14.861846448174,14.3377375501598,0.105671928143638,0.0360745834378935,0.00799404385794354,0.0694289336958159,0.0722113595034941,0.0917748656882327,0.0389392885683749,0.00287124962481475,0.0772281526493741,0.0763747465204879,0.0914028992545377,0.0244157918366277,-0.0147848429052341,0.0713670995030942,0.0621391212728067,0.090877526548885,0.0311352422853539,-0.000823738860590466,0.0720304446076893,0.0668211499300881,0.086918481817497,0.0270219969381302,-0.0112968916245555,0.0655055961208397,0.0626660436346115,0.0366475262207781,0.0169094504370585,0.00790746201831243,0.0599240209792669,0.0516090105963442,0.0888249539872605,0.0329318674009869,-0.000240706353001045,0.073196802464395,0.0690439481066905
frank,100,772,1.86088378090335,0.2,10.885342713713,7.96215173684205,3.65036575802108,12.7609610092654,12.0543150674986,6.38147621338425,4.93638767716857,2.80333999442897,7.31094946865467,6.9617588966285,10.1729252492387,8.4006169302282,4.01553095113293,13.0494485574226,12.2964041961266,0.0635761651483423,0.0497094743852962,0.0281893454804852,0.0684780591722362,0.0664179952186918,0.0609783710655904,0.0414118843554489,0.0175903427854365,0.0659652407714383,0.0650033090070167,0.0555722140818698,0.0402470645175545,0.0182439759896505,0.0658041336438429,0.0594910942148799,0.0562053510174127,0.0400021896524795,0.0157081638330764,0.064751999166476,0.0597556079195411,0.0569878169965905,0.038512765888598,0.0166120867547388,0.0618946900913926,0.055815694287031,0.0642455471340592,0.0415237249784431,0.010850185645238,0.0731151779693318,0.0633578325773514,0.057408191608751,0.0381469038162568,0.0140599994973415,0.0641091577278925,0.0587300752621555
frank,100,773,1.86088378090335,0.2,3.04536397140028,5.53544053157418,3.79350099719572,8.2491742857341,6.58272891573112,2.50220851010645,3.73535859317961,2.87437219795386,5.07805807618372,4.25316268985899,2.42125985724624,5.58235071898829,3.93541708972577,8.35511093107491,6.5754034330732,-0.0859247211195864,-0.0857086722353468,-0.0696382531644257,-0.0887770225749808,-0.107451944995551,0.016475220426173,0.0250169050916845,0.00139421147575504,0.0452840423861369,0.0400891949375381,0.00994230243000441,0.028224792859611,0.0157246100242271,0.0442256800965611,0.0333886192922839,0.0154626235759559,0.0248129765463839,0.0106249277977247,0.0412616974973301,0.031802177811308,0.0060508776208658,0.0157700305724734,0.00861082168347453,0.0288778793253493,0.0222532843465805,0.0234915727903277,-0.00420380959440056,-0.0507663768612058,0.0395750793349526,0.012214592399934,0.0146710999326831,0.0251705059748982,0.0132329641831168,0.0406445536557595,0.0324059637535994
frank,100,774,1.86088378090335,0.2,5.54875380990655,6.97114460015401,3.97841182132351,13.0547864291747,9.90843322224521,3.74390168886571,4.4450889856592,2.96400578577112,7.45700050190988,5.89981713737879,3.58410192701114,7.3080937263794,4.80403001975098,13.1147636651647,9.38165393466618,0.0368192935370418,0.0223510563792819,-0.011915739877368,0.0702520017883445,0.0563661874363457,0.0292226430592303,0.0393788096311641,0.0200752352756292,0.072608544316602,0.0540684467848406,0.0299435927219842,0.0375816501331563,0.0221624017649016,0.0678299023049551,0.0526223778700817,0.0242907729399692,0.0355557225992718,0.0204288405103357,0.0624640271167907,0.0480673152093583,0.0295745843240078,0.0262202412935915,0.00565448511123802,0.0588264058786625,0.0471841769261609,0.0374481330916437,0.0334373370609934,0.0152802281139545,0.0652784609387094,0.0556531547874805,0.0234879685729626,0.036163154007573,0.0210957552412132,0.065840273023439,0.0494005868511255
frank,100,775,1.86088378090335,0.2,2.94643267051193,-1.16880399417757,-1.98667479382467,0.889631404502684,0.184334932029162,2.45412084643164,0.418013492256523,0.0124065255876163,1.43568102905818,1.08771976285105,2.62607448352704,-1.31588596432328,-2.39429358679187,0.822255991354071,0.0512381157245856,0.0183618421935269,-0.00324000164223858,-0.00210722335703877,0.00520897110162269,0.00620687454204787,0.0193560160317196,0.00204002396978793,-0.00206675892163466,0.0106171688055374,0.00798387262278736,0.0140017612014081,-0.00600735903299674,-0.00670263674501525,0.00404349316334233,-0.00406315776797152,0.0118467927830367,-0.00758340008195119,-0.00900020979776964,0.00582252358195946,-0.000698603997771507,0.0192434248266981,-0.0074774339568634,-0.00778921855301287,0.00594125722780157,-0.000295440597969396,-0.0135415845811089,-0.0243841663128459,-0.0203834928865214,-0.00173775786057197,-0.035945444956212,0.00951174425084084,-0.0106722263812539,-0.0117614747133452,0.00303848694887349,-0.00312334073652296
frank,100,776,1.86088378090335,0.2,5.73048176607349,7.02280061961731,4.58188195790481,9.24317624293028,7.59562181181955,3.83018706023826,4.47250730438238,3.26558714422214,5.57063765670586,4.75565331914993,5.43485535711147,6.96941730785083,4.60123347586752,9.1308825189905,7.51394336455312,0.0372107021806222,0.0338715592795667,0.021658898794099,0.0488997094449581,0.0434923231661223,0.0279510216495521,0.0355092300172067,0.0244578809450153,0.0439042591444951,0.032305732338628,0.0327980417571797,0.0405351272236989,0.0266989858207878,0.0529889398546496,0.0415107040469507,0.0337166083123488,0.035279032325848,0.019841861869553,0.0481999043903315,0.0390489123077073,0.0266618718960143,0.0301754285522696,0.0170773747045979,0.0415739584015605,0.0366089726823937,-0.00957009807640083,0.0242219608459613,0.0163875817950756,0.0320713477437182,0.00142651451981759,0.0303150556856576,0.0335352835385781,0.0189352215212559,0.0470307946777933,0.0355583182027758
frank,100,777,1.86088378090335,0.2,9.70019060258594,12.4488248541187,8.94565953945647,15.6072328437076,13.3225476774957,5.79628584346045,7.15867299680599,5.42700799331466,8.72038292064793,7.58969118388178,8.46207655687734,12.1305807873284,8.58505387895314,15.6878098962512,13.1622071995542,0.0385293838800558,0.0305399916782444,0.0109529785081485,0.0634254378043702,0.0352643959245253,0.0515778349987696,0.064492397048085,0.0438199344842201,0.0848083541357766,0.0684670286925287,0.0550357994815435,0.0581783293492107,0.033949885768686,0.0783496177442576,0.0670007059254148,0.0477370951767627,0.0614162635781187,0.0398479767665814,0.0801036121353228,0.0679394427124983,0.0543360278785297,0.0647663582176546,0.0450178832703924,0.0796919980588248,0.0701098157058527,0.0505089423113661,0.0679508085822878,0.0440705795857864,0.086760118753245,0.0733838413172436,0.0477546844396956,0.0547332413988776,0.0302493062997144,0.0764404932794089,0.0634866113430647
frank,100,778,1.86088378090335,0.2,0.691215200501648,6.72437412898335,7.32879872903676,3.09253589292604,3.10412156687295,1.33896224414663,4.32504561918634,4.62444790632497,2.52742395564019,2.533810077327,-0.103876371225369,6.17859404127481,7.11185861627477,2.47702166176694,2.22171685224427,0.0100265680344642,-0.00700048812797656,-0.0257464680662463,-0.0031677700710041,-0.00492916735501318,-0.00461964741290206,0.0339398132173153,0.0367410436083784,0.0114346764557843,0.013707669349047,-0.0024837836790937,0.0169841913067347,0.0161693058347816,0.00944952223404472,0.00551635049133611,-0.00565880463165735,0.0291395467091448,0.032361459173379,0.00825029379994425,0.00796855123454293,-0.00161071727333292,0.0315362172163989,0.0340609005530933,0.0133325115553236,0.0144740682165867,0.0134069009271259,0.032880376145058,0.0338042268784312,0.00227836260357672,0.0184507706409911,0.000911394717378277,0.0309079549161184,0.033302089397311,0.0130210224384276,0.011438681990066
frank,100,779,1.86088378090335,0.2,3.57015378987308,4.91398761764388,3.08250110361557,7.1180879503302,5.51268098499078,2.76483219718758,3.42793545705011,2.52183245971615,4.5188192714612,3.72473843992979,1.87751675466414,4.80271473300423,3.29627050798584,6.99562984428121,4.9070431342162,0.00211996343075675,0.0334185697150737,0.0152758978467311,0.0434438140121325,0.0335019499339012,0.0128461419141708,0.0237042377726783,0.00977566048395765,0.03682672186496,0.0268634811309686,0.0121166527592813,0.0194214430730468,0.00793980635477928,0.03346067662847,0.023900183640183,0.0146990929614135,0.0289208815277332,0.0168144566270143,0.0385225162836952,0.0304699374556915,0.016070071418593,0.0271775725506661,0.0177417519323193,0.0363107781525421,0.0281735037235872,0.0274757909718674,0.0344304599674814,0.024314425415219,0.0443610055363855,0.0370303164089147,0.00918271231693871,0.0213373030257603,0.0113368680625283,0.0332977199075595,0.0213798586369946
frank,100,780,1.86088378090335,0.2,-0.0467693369039899,3.30592785069603,3.43113355562023,0.575058854321229,1.60778046256723,0.973518643724708,2.63180210427132,2.69378356736499,1.28031321033824,1.79161508100758,-0.53951950250204,3.12904366318113,3.44496797035199,0.321871920776266,1.29695095699393,0.00972786087438859,0.0250627745331279,0.0246511507171853,0.00949878630727123,0.0180257510513086,-0.000752447780923262,0.00479708356852264,0.00215663056513171,-0.00277678840253049,0.00250107288227547,-0.0146163666849833,0.0149922085835885,0.0165334999488257,-0.00263070945995225,0.00160835265534198,-0.00887033395660667,0.0105464939821888,0.0120422694609484,-0.00144044553557663,0.00214538946229185,-0.00757709312179666,0.0163672377907578,0.018907771661459,0.00403034164293807,0.00549539429298515,-0.0362284633539199,0.00402391822047079,0.0157133966144396,-0.00863394751037433,-0.0149719130161384,-0.00462387397441074,0.0164132781999063,0.0167106725088722,0.0022042134246955,0.00670637516894021
frank,100,781,1.86088378090335,0.2,1.86946226537999,3.17502355294812,1.9135207877324,4.56198229112023,4.49813925710227,1.92021523863423,2.56647381437394,1.94301983185472,3.25264089638507,3.22062718116607,1.46454837482635,3.36595526108447,2.20254091363499,4.75846814393964,4.72084618175067,0.0117915584120446,0.0195787443885137,0.0162831208008171,0.0173583424956975,0.0263198069031951,0.0126278815482591,0.0211684145515053,0.0106225355893347,0.0262597577209345,0.0281116151085797,0.00433439360771046,0.0133554375324897,0.00666939947456938,0.0231252468815092,0.0199879895811122,0.0109613573299513,0.0170656181684385,0.00918320511589913,0.0240324204185458,0.0252110414830714,-0.00289170946849467,0.00853529231692055,-0.000141304663508961,0.0190015593586904,0.0191822337349093,0.00770966574567676,0.0240477131533219,0.0109002926063155,0.0326959569951322,0.0324867192970561,0.00814202510774445,0.0163431840794047,0.0086329086719712,0.0225249568516428,0.023556211408772
frank,100,782,1.86088378090335,0.2,9.84917538443757,12.0790202800082,8.51631068059461,15.6991071127048,14.7632821829933,5.87113477974977,6.97374001993477,5.21060573168051,8.76611383007454,8.30279084943092,8.13725814383172,12.4438385639212,9.36908508442582,15.6934764495109,14.4303089461309,0.0134897177918402,0.0655477269581933,0.050095891565454,0.0871300926227819,0.064856894175112,0.052709034979211,0.0672993377010512,0.045213916826856,0.0849501312411641,0.0828043200537157,0.0382334034354917,0.0543343658012805,0.0394465165560822,0.0746557813391453,0.0663391592985868,0.0430903181118823,0.0557462434750091,0.0387471447762556,0.0705989408619304,0.0622075530958864,0.0423588858117628,0.0593915173352967,0.0414966424612417,0.0778692938158966,0.0732987893071388,0.0556940220645825,0.0580761006875619,0.0390919485541655,0.0808609160249682,0.0766368780888578,0.0484891644610135,0.0607690530583855,0.0429171299318033,0.0785226990611519,0.0737438498322403
frank,100,783,1.86088378090335,0.2,10.0931944587286,7.62023365178464,3.84650460888115,11.0273388738826,10.7755313976372,5.99098207378658,4.76788200076799,2.90140616920345,6.45325808369662,6.32841399278977,9.18912965635604,7.75202913241768,3.7637933684361,11.1645332475721,11.1668142531088,0.0383581452245246,0.0459936948418171,0.0158052496450056,0.0642874119969941,0.060928217585424,0.0445486665475771,0.0403878583528055,0.0251437530773344,0.0567853960215388,0.0547968753606378,0.0535802814496277,0.0435816639294408,0.0210133638666531,0.0618383724486617,0.0614179562022139,0.0560224686828344,0.0398064048798706,0.0160929391597056,0.0593408351310538,0.0589961117692538,0.0567194336655322,0.0450030106101693,0.0215742067903793,0.0628114599533293,0.0624870292312883,0.0586290875617617,0.0443055538917184,0.017756838158537,0.0635920909676909,0.0613495514328668,0.0501666263498257,0.0354102481809703,0.0135768224163231,0.0555329709005648,0.0543396241079123
frank,100,784,1.86088378090335,0.2,9.78857782580117,4.47645869558545,0.701822094386755,9.95160483234535,10.1054625329762,5.83976020663966,3.20981874668734,1.34178083364799,5.91992707093291,5.99631304887243,8.92751073108623,5.26044382114783,1.42138856627387,10.4096140365134,10.5782956594689,0.0587027240651335,0.0289333044272881,0.00646099323207906,0.0597579330430965,0.0602675622066004,0.051895846598402,0.0270435974577738,0.00338376238378618,0.0548135772844226,0.0553597183355729,0.0510157250814652,0.0245569614988289,-0.00176427810746207,0.0543718275620229,0.0545739700471015,0.0529599072380139,0.0262755256264684,0.00648807898477363,0.0540735496810921,0.054688042322644,0.0549233071559238,0.0287441869020331,0.0086528893883537,0.0556973180807055,0.0553810817163172,0.0426586545795718,0.0247877432895464,-0.00183679302229478,0.0569689526832699,0.0605145545691991,0.0510586598686654,0.0245152101511321,0.00434424631738248,0.0523940997836317,0.0527343639942973
frank,100,785,1.86088378090335,0.2,6.32205780171045,2.72212854528671,0.0603927795939203,5.94102696932392,6.1760323410959,4.12325301580081,2.34243669136033,1.02568742015743,3.93550855788953,4.05147286642194,6.03004018842995,3.15783213787004,0.38324848217177,6.08900757606032,6.68420655274387,0.0249190355599277,0.0197656650289978,0.00780720031908272,0.0354193152520144,0.036351823837679,0.026944998675575,0.0155528600838321,0.00371470834471493,0.0333974824576126,0.0329537248040617,0.0373032878089883,0.0187974060181126,0.00252865530591927,0.0358251307536012,0.0370326582491803,0.0320669421056627,0.00715066287512716,-0.00714550452014801,0.0248399020709954,0.0266947954715726,0.0379532309568596,0.013919644569771,-0.00401803107793288,0.0340254567828341,0.0346386513511758,0.0385450161823959,-0.00351743683428826,-0.021727795689609,0.0189989440986768,0.0183771572353049,0.0335522939826845,0.0122640623026122,-0.00284589694658179,0.0289626290908898,0.0312984167552826
frank,100,786,1.86088378090335,0.2,0.0294034375874137,1.46625287123263,1.12534218578161,0.487973555483562,0.255734828027865,1.00949034347665,1.72238153476552,1.55407411965609,1.23781030206803,1.12267357756832,-0.0323474803043493,0.99470960011271,0.738288322429216,0.0272516099111635,-0.0342942575443059,-0.0194518041526837,0.00271251896355805,0.0111097177872522,-0.0332294923799612,-0.0175484877847504,-0.00513837899394364,-0.00274783172450837,-0.00233189940164738,-0.0132130517748576,-0.00473773939787722,0.0057266205464566,0.0112862915774509,0.00849548232949031,0.00737633473116976,0.00673905061896271,0.00112386957285254,0.00467673312952554,0.00146864198860238,0.00265994494370645,0.000284482980120502,0.00136586730465229,0.000109775098912576,-0.00516503811359589,-0.00390785992682967,-0.00294835358689702,-0.00902501633575998,0.00332688553021187,0.00469649152268205,-0.000644798513211466,-0.00834872231329772,5.92117021938143e-05,0.00441086227000774,0.00126573256941801,-0.000314415688682267,-0.00114970930247805
frank,100,787,1.86088378090335,0.2,17.4601522271518,12.3419331134612,6.29603898730218,19.0085153414164,19.1212698670274,9.63814867167297,7.10369223911019,4.11157063349061,10.4034763865491,10.4592411303408,16.4364794641204,13.3134618049118,7.24774039004326,19.309930609091,19.8305346490461,0.0546321009515891,-0.0425040471131229,-0.0708476661367433,-0.0050569377036868,0.00500474155905732,0.0637589311408087,0.0350719864760945,0.0102427471120298,0.0738803667583119,0.0735381998371504,0.0884925111279756,0.0591128382649128,0.0295230036319621,0.0930263799597482,0.0916998541195553,0.0878353277682849,0.0642882219498971,0.0333220842743138,0.0973256033362094,0.098571474551847,0.0850098477394215,0.0603254102210667,0.0288538217309561,0.0929654183530263,0.0940598353612709,0.0957382070339449,0.0666358571328471,0.0346736264770837,0.0959257790733891,0.0949300392401495,0.087155889806396,0.0625605476324993,0.031874819961429,0.096335417878287,0.0967296582589464
frank,100,788,1.86088378090335,0.2,-0.850895443871751,4.56546220203664,5.59372354457815,0.493564722045834,1.02226406999733,0.574576150136833,3.25551286008737,3.76413547911314,1.24059100240431,1.50336220307816,-1.02818056492296,4.30492808114347,5.74667071226987,0.00580151346571389,0.158120035516738,-0.0157179856658687,0.0327834973670939,0.0364208746963096,0.0124440097096463,0.0151089766906214,0.00342485963403,0.0235552267093908,0.0269643053489215,0.00582241702228394,0.00529200248430834,-0.00365942681439227,0.0197329011217021,0.0267452497852309,-0.00284165198453646,-0.000468345014969036,-0.00724948681028599,0.0247034574201293,0.0314688827233432,0.00111080430227175,0.00180337122224383,-0.00753904630663929,0.0208042432621097,0.0255966280109285,-0.00172645012351163,0.00112815149489609,0.00562365397812695,-0.000937559653009732,-0.0218288436063004,0.0033896565783223,-0.0101444606753281,-0.00870480049823057,0.0198560736597908,0.0263665489836607,-0.00294101943139671,-0.0018453275125466
frank,100,789,1.86088378090335,0.2,-1.66666127379409,-0.510695489359815,-0.34953330320368,-1.65210188741652,-1.42506376714396,0.169407808980256,0.743997933566258,0.824611238187175,0.177504681127919,0.290059565475292,-1.3068843305268,-0.800129288325277,-0.646976142436086,-1.73716182247263,-1.52471414459647,-0.00752087289730928,0.00375865916533764,-0.00449298949374047,-0.00443449052041177,0.00177526063016374,-0.00710009458040674,-0.0126352644406303,-0.0118255187299325,-0.0111874308412666,-0.0157260668089236,-0.0101071976632214,-0.00971553915479495,-0.00956059765405783,-0.00851782638885881,-0.00790453942862616,-0.0021237624733764,-0.00137280116228347,-0.00251770112039,-0.00548656759919985,-0.00277894360024588,-0.00824745489968558,0.00358560579120859,0.00465947472698952,-0.00708996263648622,-0.00296478286289483,-0.0324190056868495,0.00700452071781334,-0.00282176058763716,-0.00317450724258303,-0.000901066340057841,-0.00759596566707087,-0.0109756115242771,-0.0109829562860691,-0.0103579295159901,-0.00965632859913271
frank,100,790,1.86088378090335,0.2,-0.451204091352268,-1.80611009970437,-2,0.327700602063121,-0.348292792613095,0.771094398039595,0.100762468887614,4.88084237677948e-05,1.15640241634679,0.821674653686787,-0.335325737880738,-1.45663882394687,-1.90684721027083,0.690493324696957,0.150611108409733,-0.00347245479315145,-0.0207080914386925,-0.0245749698752956,0.00843873937324468,-0.00765789324290015,0.00386823737421131,-0.00841835956669086,-0.00272524768767903,0.00231452948020028,-0.000294129554538831,-0.00690334502434059,-0.0119362716620448,-0.007266671718103,-0.000461168921835702,-0.00409246912479178,-0.00200618835483348,-0.0080765943544053,-0.00136013907300894,0.00347266822945329,-7.97600823668709e-05,0.00371672615630312,-0.00427093314403525,-0.00121849507107322,0.00802183228407081,0.00419036726883663,-0.0017386726770498,-0.0109115436440713,-0.0116496988343191,0.0087037859279642,-0.00319517451419087,0.000177512853390046,-0.00730396157101337,-0.000584066657019588,0.00428290158937813,0.00144904981779077
frank,100,791,1.86088378090335,0.2,7.56965217329804,2.08210550783548,-0.588887050960515,5.251936909135,4.60919714874525,4.7419707966459,2.02688116601013,0.70551656256088,3.59488842059126,3.27807536211635,7.22809902608732,2.19572347018991,-0.748952154999596,5.2361933395313,4.61990543003995,0.0478463112137378,-0.0494879863094652,-0.0914837995108927,0.0308280034872426,-0.0044683253551327,0.034361001817304,0.0116018296024152,-0.00387033481348589,0.0272777980364323,0.0236907818471133,0.039337297949133,0.0100801909077195,-0.00492329909723463,0.0276815257497157,0.0227048725984236,0.0415960894327429,0.0130870936087583,-0.00357776022476473,0.0290652041726705,0.0257359716388248,0.0254953091351523,0.00516353002222169,-0.0115426439788902,0.0184345105302813,0.0142980242750465,0.0478428191203396,0.0187808958836933,0.00263852189491028,0.0362455080854018,0.0295150136521522,0.0393407662447872,0.0105193980636599,-0.00519957252272831,0.0287021661182857,0.0219907021326309
frank,100,792,1.86088378090335,0.2,5.74610062716416,13.2505845149089,11.9391946115161,11.179533780527,9.98610829990826,3.83926000563208,7.55530957032183,6.90699423594431,6.52960935544351,5.940114453757,4.78632865627915,12.6995852215392,11.6988912372426,10.9025501893058,8.96836889363619,0.0369530631668209,0.0759417276368789,0.0696727546507368,0.0607661881037586,0.0591786942718108,0.0198251979027053,0.0687942370180976,0.0650431230644978,0.0521200196306742,0.0431320209432438,0.033498488754505,0.073498757283053,0.0632597874748833,0.0626493362407704,0.0575302356719465,0.0331223374287767,0.0674329517193888,0.0577573759732032,0.0573447469411678,0.0516299209504998,0.0300829071692493,0.0562466584971718,0.0449141521195769,0.0521072552264569,0.0421142040783832,0.0285150250214314,0.0457412901162689,0.0372284043753083,0.0452993048301287,0.0224767438928311,0.0270261493665625,0.0615855106178019,0.0541947700242543,0.0517372405406172,0.0424924427583682
frank,100,793,1.86088378090335,0.2,3.40713471767491,3.85853008393489,1.82550211592775,6.61232827861845,5.89726197608666,2.67986410733697,2.90451174793696,1.89879203238428,4.26764774166061,3.91346762335363,3.30174537900661,4.20943540527347,2.26972784583167,6.82050557611434,6.11886004418565,0.0270243237425311,0.0281584561548433,0.0177763956574751,0.0428106399671689,0.0336843696160076,0.0222844417857597,0.0235542392447949,0.00809861563197855,0.0396848234379613,0.0363159529220566,0.015614939880335,0.0103394476111162,0.00139581925082875,0.0188960479850843,0.0193634278437175,0.0216934319460281,0.023537862567457,0.012400845570102,0.0379531567166838,0.0331651411798121,0.024126878112603,0.0199949806773307,0.00818096329930124,0.0335709285190933,0.0320591280332106,0.0188707721480225,0.0195214347451506,0.0156919522312466,0.0206621456110269,0.0236536661856281,0.020362400105051,0.0200117636677961,0.00817866263045504,0.0341046012464439,0.0309696402800201
frank,100,794,1.86088378090335,0.2,1.67740146847098,0.2877296750945,-1.24188490836734,4.01076700312904,1.3219201901304,1.82592893970986,1.13879804002808,0.38229243734905,2.98115979346282,1.65047663912854,0.983181772005054,0.0566400278031955,-1.50799129273588,3.76489205526108,1.08139022936062,0.0135900664998472,0.00498175508791574,-0.00569950478557974,0.0299334542779369,0.0143917630290493,0.00938267807882375,0.00586266343681975,-0.00567254932867645,0.0250437892036743,0.0141625036267098,0.0028855847298499,0.00449187658026722,-0.00394291878113469,0.0215494330222463,0.00727846031669009,0.00773746228970398,-0.00241786010311053,-0.0112802848011807,0.0169727142760818,0.00227520297340504,0.0121271909855979,-0.00307957523496598,-0.0169450978587719,0.0213869316048754,0.00840022702143733,-0.00932634099274174,0.00627569485209211,0.0017955688008398,0.0214408893817726,0.0115792199095602,0.00666603295252115,-0.00260838868568787,-0.0123146939859473,0.0184350850866902,0.00425342272463411
frank,100,795,1.86088378090335,0.2,4.54075461087837,9.42040943173001,8.01345198371808,8.33458241526232,10.5902632410183,3.24288094940815,5.65622828229307,4.95936815563612,5.11991234570077,6.23644725408904,3.75058464139464,10.0299259912437,9.05745225523244,8.55710005384373,10.4809403050567,0.0306341668818211,0.0536089428899221,0.0464735433527242,0.0478091917417245,0.0612988589850885,0.0234293265403135,0.0549131606184906,0.0470302100937078,0.0485819827273237,0.0598935072886191,0.0283281372723157,0.0528761459409183,0.0460650790473826,0.0457689014247623,0.0579830635565895,0.0233587285744288,0.0519026622266916,0.044877535510716,0.0442844453577102,0.0554764289777701,0.01880557117296,0.0526546166493887,0.0463217604626026,0.0440470722933865,0.0556941424682751,0.0238178808744905,0.0478371969765248,0.0440067139308161,0.038777160467287,0.0519447455987825,0.024433385424223,0.0509092221395882,0.0443855330597636,0.0427342138979342,0.0550523205624094
frank,100,796,1.86088378090335,0.2,4.62517364699984,0.728490047625959,-1.26652056965761,4.31779478216786,4.88271371556613,3.28453033459305,1.35457429663971,0.367264704865105,3.13139330085894,3.41052949642384,4.0722711073461,1.41380136194088,-0.596450452497149,4.68730263018711,5.51293932462554,0.0330349557448193,0.00732386389125735,-0.00704567058835321,0.0265490904695539,0.0305375882664829,0.0202570582862508,0.00875398914796635,-0.00204216005119491,0.0186955964517043,0.027395044619841,0.012016960832525,-0.00200144428076203,-0.012459420811049,0.0164274627832689,0.0204035390603564,0.0207026453595861,0.00391422434380536,-0.0053849066043899,0.0208554383085746,0.0253744462150185,0.0173079270412146,-0.00354575008179671,-0.0123348678046484,0.0161261681525403,0.0198762572524866,-0.00792130867599977,0.0110886051161451,0.00358513309704962,0.0275392745939677,0.0304244961975335,0.0230178498276625,0.00649862539575676,-0.00363881013566945,0.0234673273111194,0.0274896165067201
frank,100,797,1.86088378090335,0.2,6.1273382181175,8.42080347305317,5.94841054476028,10.6997579332915,8.69438679257054,4.02933207139694,5.16408583539077,3.94101545695683,6.29162245095538,5.30007625236534,4.59288950811251,8.27214047529661,6.15321584236742,10.6345634363866,7.92143602349465,0.0225563502354314,0.0124261969088058,-0.0122869947620462,0.0343685818948536,0.00839191919455034,0.0213900481777647,0.042809546712464,0.0349831050543289,0.0477422509770511,0.0316829753741175,0.0113615652201347,0.0380634384334649,0.0285147208863707,0.0477065086065407,0.0325171399166811,0.0275871519327046,0.0394324978793998,0.0271021263912691,0.0516223385913292,0.0397940147867624,0.0165951274071948,0.0306867017327074,0.0201462329286271,0.0414430114825892,0.0283712048226609,0.00330102918803802,0.0404776701096429,0.0364241536741684,0.0383707942453776,0.0251105026528347,0.0263555081171431,0.0396550154404311,0.0256575518421268,0.0515460196122484,0.0397381542157712
frank,100,798,1.86088378090335,0.2,7.07726856953552,7.22151538062503,4.98932358901499,5.95658752724249,8.02730718801656,4.49716259115933,4.56998238767447,3.46548408969886,3.94390929179465,4.96836190453552,6.65835859276144,7.24630336824899,5.00935862239509,5.74334544824427,8.16367831737285,0.0451898167914039,0.0401526405212052,0.0236022048402581,0.0396088592926387,0.0488151253434371,0.0299653321877876,0.0289526919823242,0.0197220618355702,0.0186477326349474,0.0326343798337794,0.0412777118227554,0.0327886991253382,0.0176708708918172,0.0297986868104479,0.0412136561339191,0.0395242560956014,0.0332271759646544,0.0203205650098562,0.027724202124084,0.0383086859641938,0.0365404074892186,0.0300858002921697,0.0155730381841684,0.027285596440006,0.0364005433733354,0.0334642842858242,0.0410412379067654,0.0345919390792462,0.0156569085776757,0.0357398837943462,0.0386658449094288,0.0368207414378835,0.0248212036275984,0.0309140700347553,0.0418080360460273
frank,100,799,1.86088378090335,0.2,5.14541379906323,7.50037279886367,4.90288206130875,11.1693629248995,8.57042634203299,3.54097039502326,4.70784628031879,3.42291195246695,6.52373907349039,5.23807115977565,4.51401580844382,7.65714605592167,5.30373588478371,11.2583758398081,8.27456762207092,0.022763802490102,0.0189544843647771,0.000417852607374838,0.0449642062799434,0.0303058946666588,0.0267196157756332,0.0401856763621355,0.0298090604345852,0.053184461214676,0.0383681119719505,0.0229993198152046,0.0238158783842019,0.0107048232000284,0.0416389607461125,0.0305552206449904,0.0254550190282578,0.0318396913539887,0.0170483127293629,0.0505294130905388,0.0372931363358433,0.0248366928368678,0.0357753929455579,0.0214177904318898,0.0538639835115239,0.0391405387341375,0.0356982546166414,0.0329362722061179,0.00643558192641176,0.0521679372625073,0.047736004434757,0.0287077113462423,0.0361177091146667,0.020119964772358,0.0561937569740476,0.0411816419438001
frank,100,800,1.86088378090335,0.2,0.501763191498823,7.44504817284369,7.59618183788769,6.06448610178186,5.18912912383777,1.24357398968724,4.67977117514559,4.75490622596718,3.99605371391768,3.5668385473876,-0.0018009503781462,7.47615449658997,8.04310970044364,6.37303031567331,3.74689201256454,0.00333836264732587,0.0382088318780081,0.0391873316251721,0.0297291998371475,0.0118084094204901,0.0123513015283123,0.0397257272314633,0.0365228984100602,0.0359380846158852,0.0278030055069616,0.00298339242481939,0.0397543003832223,0.0392386316736598,0.0344642946467972,0.0185681649651403,0.00391390480682243,0.0394115068777962,0.0383623034935672,0.0330689213957067,0.0215709372003862,-0.00064867168868955,0.0327763091545685,0.032425637934721,0.0259151435606424,0.0126366205400017,0.00869621360793689,0.0460467478247868,0.047360469964228,0.039722152964715,0.0290856890669315,-0.000645764624068455,0.038537445355477,0.0389026855238208,0.0324802181683811,0.0170854430642402
frank,100,801,1.86088378090335,0.2,3.29159205062337,8.09692222179602,7.15168450454313,7.01829759633115,6.52168490080398,2.62548766479822,5.00371639757069,4.53613656319519,4.469960359584,4.22492721642762,2.28935705066353,7.86286083084034,7.20705199875486,6.6947931088407,5.79256245982133,0.0217286165026531,0.045818605465875,0.0424111259841729,0.0432144974940648,0.029528810070374,0.00988136345371612,0.0342382003469521,0.0321313835567394,0.0266850598138552,0.0174780083524546,0.00688019684644138,0.0374918397443855,0.0341478602289865,0.0281485986999114,0.023661553705007,0.013212276245077,0.0372905276889414,0.0301232777940727,0.0346351227425397,0.0291659148485897,0.0104602303482627,0.0373920261192746,0.0350535916502889,0.0272064526787991,0.0220218805768571,0.00258673009868598,0.0412906206080904,0.0427822454113371,0.0242843331934916,0.012751877259217,0.0117549040070651,0.03677952365974,0.0314657399290084,0.0323373783256599,0.0269464474052962
frank,100,802,1.86088378090335,0.2,8.77657926568174,7.29928749766182,4.27488507932958,9.14325304472998,9.66813418389003,5.33953999013485,4.60876714464228,3.11247089634774,5.52101127408433,5.78069939806175,8.80625608467287,7.72571481110463,4.58839384113427,9.10882765728242,10.2572083593597,0.0535248744420152,0.0371139193032873,0.0214093292765181,0.0305787824602123,0.0536582124875941,0.0447311408948285,0.0263850689219961,0.0113765188071299,0.0422827318951075,0.0449526808585181,0.0396837644148481,0.030714874085318,0.0174142645600333,0.0361088979555732,0.039165844641674,0.0459550474384676,0.0336937253946292,0.0137048894696341,0.0477049583787493,0.0490763157282219,0.0461160013638275,0.0307386387305226,0.0132874439611109,0.0409434599703003,0.0466699215535783,0.0530268262828128,0.0367202834681117,0.0173384214059831,0.0466188315855184,0.0478748445263489,0.0450672329349301,0.0355974422597318,0.0196599673811406,0.04536169662401,0.0486934447195457
frank,100,803,1.86088378090335,0.2,4.13603234716596,3.61442651247253,1.71815481591255,5.11746131924096,5.83846327322843,3.04269390755686,2.78334873676679,1.84447878223946,3.52794868557048,3.88468402979862,3.59895662357507,4.07606829984455,2.43064509129013,5.16359365911323,6.03452594318841,0.0283360063289605,0.0279504447682608,0.0184380912759777,0.0350296850863678,0.0373562435956655,0.0162187652801204,0.0207770965443794,0.0132148156491165,0.0235557702275246,0.0296361878828904,0.020130766575624,0.0191597498604272,0.00935808289699891,0.0234703829547863,0.0301145816271117,0.0192623987168537,0.0207490278346762,0.0116259854398836,0.0289133911856699,0.0312063918803097,0.0271599153196317,0.0230862774663788,0.0124675654797754,0.0319681560925444,0.034485128672951,0.0266380637618256,0.0215448963017796,0.00452184438772891,0.0335881683197839,0.0346013542573417,0.0190821644290009,0.0199762108808779,0.0108419595295925,0.0270240489184001,0.0303558070234422
frank,100,804,1.86088378090335,0.2,4.81526892165916,2.4210594429205,0.0299230667017891,5.97607134153563,6.4682784884642,3.37684658877556,2.19238301723168,1.00928471569797,3.95236518897547,4.19522292640969,4.63809359711499,3.07526814684274,0.710742410140032,6.29933222714935,7.08930976095668,-0.0534235741041121,0.00298452509898989,-0.00108930445295591,0.00720967592322149,0.0120895609443747,0.0322882611709119,0.0204434744347789,0.00714880386729112,0.0377634466624649,0.0405340144093631,0.0203493264273076,0.0151237128351823,0.00114813741358757,0.0293704566690107,0.0337212642415978,0.0294164468050079,0.0155191363575701,0.00090788213021914,0.0333513454802911,0.0375768479122989,0.0279052562067012,0.0082126734531734,-0.00635181967039901,0.0249403659498296,0.0309550701454556,-0.00603718981115953,0.0155646028863312,0.0101174528249148,-0.00255636874234531,0.0105772998189741,0.0265784373568062,0.0142659314936301,0.00179906624167414,0.0303886364762048,0.0348549259370236
frank,100,805,1.86088378090335,0.2,3.81461173713386,2.83615784148982,0.959986782420071,4.67599176847865,5.1948897426248,2.88303120849306,2.39816899493017,1.46955658938849,3.30917013152515,3.56617268506983,3.36484117224946,3.30719687061798,1.5887676090257,4.84249645502396,5.33433060656412,0.0218740393985706,0.0238556547249914,0.0105312581914317,0.0307500590566983,0.0344683563250717,0.0240902059222847,0.0107342606100435,-0.00100125589296538,0.0192517915152103,0.0228074917043038,0.0243364233942451,0.021464692150827,0.0110362203226009,0.0304633959754434,0.0325153282109506,0.0175844753191096,0.0100945969672536,0.000827549378996121,0.0191746065986921,0.0221689500408599,0.0234135484149822,0.020031955719198,0.00713597608251602,0.0311167856036821,0.0327679248435372,0.0289742337796542,0.0195057284430497,0.00818605259681936,0.0314618211918885,0.0345228128214455,0.0181417234762073,0.0138478981104758,0.00429332519695552,0.0222348630672199,0.0247471158588987
frank,100,806,1.86088378090335,0.2,9.28170621395621,7.46244370479773,3.96893417310516,10.5738815846641,11.7736356816776,5.58858026226752,4.687900777899,2.95890652416271,6.22825262548261,6.82203699471142,8.88653426183711,8.23385512707051,4.8424851687739,10.8479591050492,12.3383526489486,0.0548866529904852,0.0473014978145239,0.024254019435737,0.0596548579135354,0.0678350283492034,0.052160044117653,0.0421258456919243,0.0254582269634927,0.0547566735397026,0.0623649390886434,0.0425466527135845,0.0303395628956896,0.0141769923660627,0.0447748061818103,0.0506830942048886,0.0536860489713235,0.0420638159088086,0.0218516879916139,0.0595108825626947,0.0651256350926914,0.053741281684823,0.0419055451058459,0.0223029725197936,0.0592901450144151,0.0635007847461429,0.0529165162822038,0.0227006092889618,-0.00018718581594581,0.0195361641233987,0.0436788465694789,0.049286475649114,0.0397314031502937,0.0214416962804993,0.055026732103299,0.0615487607201532
frank,100,807,1.86088378090335,0.2,7.06267774354448,2.36221932215731,-0.574543716814365,7.42751524489596,5.60906021689758,4.49128829211828,2.164944670135,0.711619342940355,4.67215491260001,3.77203793459973,6.42533764583189,2.60619384604873,-0.386616160069071,7.25659853911338,5.81429566347857,0.0346635119805852,0.021687177985006,0.00541387688617289,0.0448726093770084,0.0378133995294801,0.042056315830172,0.0136785717318725,-0.00452319050597941,0.0436086541591401,0.0307004585874173,0.0360520090799865,0.0100093381904788,-0.00624954863626774,0.0309333024432959,0.0267884790557905,0.038051340026371,0.0142647704760197,-0.00203744813924182,0.040463579415834,0.0301579147112775,0.0297713484262196,0.00815684233875424,-0.00832222370845472,0.0350432960376647,0.0251712890914975,0.0334456174657748,-0.00292037557528444,-0.0160292711058731,0.00344690153506803,0.0135470079381794,0.0332728685487418,0.0109782499248276,-0.00429371746659309,0.0349488563854307,0.0265085140832685
frank,100,808,1.86088378090335,0.2,5.24513960114996,5.84304012372923,3.13309223363282,10.052221211347,8.04396644724916,3.59047011523762,3.88731093286018,2.5466855390556,5.97074367178655,4.97714516614798,4.68610105189781,6.21151046584107,3.71679749844314,10.139834108102,7.98147248354262,0.0348115367508573,0.0361620342773726,0.0201632956827184,0.0560820946921979,0.0482826055602843,0.0178531812347902,0.0169765923317905,0.00349085947095065,0.0345169743255306,0.0278261471576518,0.0297391081767693,0.0278880757387153,0.0109688524731919,0.0495014494813287,0.0393051063168502,0.0268450986145128,0.0296913156299219,0.0136599617547902,0.0504821895947154,0.0380227679782145,0.0281878684158756,0.0276185525789559,0.0109477744598209,0.0491373495013482,0.0394140610872101,0.0313049307458405,0.0127458844076033,-0.0100576226753247,0.0424572509334461,0.0332053033573248,0.0292991637839705,0.0311075739729556,0.0164980088087054,0.0527797364064829,0.0415138860317221
frank,100,809,1.86088378090335,0.2,6.79526280697828,5.10442676827959,2.52000604611743,6.68778793602046,6.71673164966194,4.35864547872359,3.52220618305061,2.24345931991751,4.30551649382462,4.32045200009408,6.00339477227942,5.17864693380877,2.57646604062024,6.68870860967759,6.62084126470881,0.0424795556110526,0.0348626337988738,0.0206034996970231,0.0426178248111516,0.0434470033824644,0.0331949239933647,0.0303209499987423,0.0122697717447963,0.037976393012196,0.0384452203829752,0.0373424221599621,0.0211885610560862,0.00301701465606915,0.0337914093450392,0.0316832012531346,0.0372359619371902,0.029173000553874,0.015527679643614,0.0357171203781725,0.0357047501715091,0.0320692999596694,0.0102977144392989,-0.00580190800466674,0.0251001869439092,0.0267520219029996,-0.0155920397060578,-0.0472927708535319,-0.0456541666729798,-0.0633234101722137,-0.0361002356188101,0.0331594683017859,0.0214472121005066,0.0074189018795651,0.0305969053988111,0.0296340832419092
frank,100,810,1.86088378090335,0.2,2.74243149624991,6.64701402920687,5.83757064882837,5.59689224144721,6.86851543387656,2.35181025846811,4.28467827065716,3.88417061318324,3.76561220161248,4.39458335058228,2.51649694016211,6.85606952599977,6.30468681080576,5.51279966870158,6.84725744673089,0.0226557113254995,0.0379689368189811,0.0274549295192796,0.0379663368546911,0.0436095890768689,0.0206760214395269,0.0423314217845762,0.037943663138652,0.0357720386088542,0.0435059690024533,0.0160206455487963,0.0346383037113921,0.0266564036362007,0.0265796529585285,0.0378525605157736,0.015864813958459,0.0365084778394376,0.0323798873494325,0.0282024222551281,0.0356341807135894,0.0189286536477648,0.0319336854127061,0.0261362910929625,0.0258281160700637,0.035318553429101,0.0107191678753778,0.0239731108308154,0.0185195241854443,0.0155415197727412,0.0228692023310783,0.0145325630150269,0.0334456227922594,0.0280623311558423,0.0278134971906208,0.0348858413195259
frank,100,811,1.86088378090335,0.2,7.99323331140855,3.64626093882918,0.366884745877688,8.01193459700818,5.25461054376451,4.95248149116994,2.80155973188251,1.17844040204335,4.96180739839418,3.59919958291033,7.00658928729315,3.69946520134998,0.531670003420879,7.78816643290354,4.50583599469984,0.0318644654535851,-0.00258821032514689,-0.008195670130475,0.0193388574903696,0.0154646600213134,0.0466699142230674,0.0210190284086779,0.00180470049834373,0.0472670006429606,0.026912380076551,0.0309077817544021,0.0147185968768432,-0.00141601571868778,0.0361720186043132,0.0160452505266252,0.0397518280807424,0.0161341668210929,-0.000731795638575678,0.0403423989923932,0.0230178657538222,0.0416030723990458,0.0116211917205176,-0.00332466941023323,0.0366240765489937,0.0206562804154125,0.0396112947720373,0.0114363811349294,-0.00301598738013332,0.0387475140462628,0.0245579085642399,0.0403548498894825,0.0173779615774526,0.000338611430698058,0.0407699107712073,0.0216135997566822
frank,100,812,1.86088378090335,0.2,-1.80196085004128,2.91639279861011,3.77911097774706,1.62762221345578,1.15769702357549,0.10509474426485,2.43852522289925,2.86561530835195,1.80150975671091,1.56833504473682,-2.28026778997329,2.74048765879679,4.12841276659303,1.26781966827573,0.815499811412565,-0.0137816430434535,-0.00452001576398209,-0.00121470065089282,-0.00609025325215984,-0.000587260890433616,-0.00695943298855234,0.0101081694482677,0.010111851707255,0.0079209800116694,0.00644511365605802,-0.00850616564226628,0.0165053881164634,0.0187936384590043,0.0104496942461115,0.00875590438365111,-0.00945595135720623,0.0162438831686173,0.0196254158542495,0.00706411702118175,0.00702638868736055,-0.014338899897312,0.0104528168821906,0.012292235439914,0.00343143682370484,0.00083275036864769,-0.0198479776183517,4.46295082319836e-05,0.0008982427223887,-0.00122417908767189,-0.000351178455043082,-0.0142498084857345,0.0139194785133545,0.0180218936084648,0.00454455634516694,0.00412003302020566
frank,100,813,1.86088378090335,0.2,2.70586466962258,1.40051014699827,-0.0296525971702863,2.61915378092897,3.0203632347782,2.33341454097087,1.68825570972168,0.980779404073369,2.29128428538256,2.48965650319761,2.63013556321355,1.55520429592228,0.0770719841949992,2.70182393497911,3.28454188278719,0.00436261664954116,-0.0401952324200031,-0.04496074409365,-0.0111999513399737,-0.0147313416681931,0.0157027756235263,0.0127540365133338,0.00535388267711922,0.0165956397001591,0.0180254970027264,0.00989489122285436,0.00263616132627584,-0.00556714485405572,0.00497679255858488,0.00996863022053458,0.0116166571828904,0.00572003937164732,-0.00166286973295239,0.0113616943614403,0.013551431886962,0.00160926526157451,-0.00999425601259104,-0.0130865069563266,-0.00397694605572096,-0.00301609978984947,-0.0352594332864955,-0.10196981955397,-0.104396333784099,-0.0692352873954377,-0.0973532145004511,0.0153814909810505,0.00534649852745962,-0.00274712159227254,0.0117192833608488,0.014712663849204
frank,100,814,1.86088378090335,0.2,1.83919600387275,5.50837157438494,4.14947609057623,7.67547349598807,3.61068241502448,1.90927177027743,3.72326905466539,3.05026421897444,4.7962992159216,2.78555657370073,-0.143178108539714,4.8899993658725,4.19713286507006,6.95358313836927,2.26539816512221,0.0165009767805747,0.0276842662479091,0.0157808791319071,0.0475691811192836,0.0150569933772985,0.00823988825293199,0.035495721725711,0.0252742143044691,0.0465524516910782,0.024788035445608,-0.00709461234913904,0.0229511089352295,0.019508264015821,0.0289475775899604,0.00105548696356056,0.00315001849059245,0.0238320075757587,0.0170619382343091,0.0355435046129446,0.0114763504568489,0.00633032997331911,0.0274009247645284,0.0190250284733077,0.03825107847133,0.0180811540315353,-0.0345597376746063,-0.0596049344005354,-0.0696543736500477,-0.0192516451748136,-0.104540275744914,0.00246714811690514,0.0236670988863985,0.0173559284488331,0.0345863644412815,0.012117741601038
frank,100,815,1.86088378090335,0.2,2.01661231744321,0.808707439598411,-0.221510541550152,0.82153245203144,1.78638207310782,1.993521699853,1.39545886777415,0.885411441572854,1.40209656932475,1.87980664264854,1.98359571884192,0.993492956110124,0.0610984228847706,0.655152024160961,1.8529094961966,-Inf,-0.0388289874290249,-0.0336763401570968,-0.0459364525012448,-0.0772402348865459,0.0165387172828015,0.0109938136389431,0.00633476685049914,0.00449106883914036,0.0131160530934303,2.08729748616321e-05,0.00437566455456263,0.00227630703007951,-0.00205419128293569,0.00570491218140255,0.00684406621936702,0.00303178668288871,-0.000194714208302526,0.000757453157058918,0.00459140349971819,0.0131745450729475,0.00474297031546039,-0.00221013141101999,0.00800226032897323,0.00882363089711531,0.0192606670104049,0.0121255932628952,0.00461931644530598,0.0136044169298564,0.0187831365395147,0.0109326985943933,0.00500762302672777,-0.000274966943040073,0.00323800737544159,0.00979385207736045
frank,100,816,1.86088378090335,0.2,10.2892847623049,6.00465238451906,2.46628863654539,8.83714276837524,9.15741631529901,6.09025901729235,3.96742169958461,2.21561508201398,5.3698924332163,5.52904386180466,8.79474210878541,6.42449755254031,3.11172265444823,8.66710126371094,8.9977625730597,0.0548048122398604,0.039826343010111,0.0180216013175939,0.05014025052155,0.0551370798043844,0.0254664315834152,0.02310910986091,0.00828809189229983,0.0265195539435431,0.0340411649216947,0.0498680088211746,0.0289781280342977,0.0111318107702264,0.0428952209122399,0.0457813610985091,0.046386056528304,0.0316460570668703,0.0142789644832524,0.0433359280344164,0.0441225821463373,0.0506092752469572,0.0294773346908024,0.00820444438420331,0.0475003428633825,0.0451144305826928,0.0597600279442422,0.0315756188812124,0.00506617232824468,0.0529239531382514,0.0556921666910684,0.0429830747508028,0.0282307871488475,0.0123861013082032,0.0401508792691857,0.040359252172749
frank,100,817,1.86088378090335,0.2,15.2963433783173,3.46720124801859,-0.787757077100481,8.10036462033303,7.86874053799096,8.56709133690327,2.71309889234585,0.607025951261432,5.00571863370736,4.89174489221338,15.2891424463148,3.81571848599434,-0.778600271494188,7.7863093025828,8.33246567209233,0.0864404905688229,0.0270091575062877,0.0043460849107006,0.0504831232735695,0.0492856320441385,0.0757799373338572,0.0128803754605211,-0.00738368462511627,0.0362926361619183,0.0384486473182579,0.0785472054678196,0.0152235564223587,-0.00426231118771226,0.0417731632402633,0.0370694324816557,0.0696403384421938,0.000421801947840437,-0.0205650255812211,0.0317581994833587,0.0250982449351882,0.0759600943078193,0.00759473227020979,-0.0171918386341958,0.0363229707839613,0.0337166586351705,0.082189349526516,0.0268151979698749,0.00130608882829936,0.0473092957606971,0.0424847248563999,0.0771482066973267,0.017005298169332,-0.00517042792893007,0.0408640973722584,0.0383452375941626
frank,100,818,1.86088378090335,0.2,3.50020688152468,3.44513786132644,2.01956921737551,3.28748811903224,3.87034843527511,2.72649504981796,2.70089058448826,1.99566890586498,2.62276624759394,2.91156217470883,3.39520873764278,3.39041711993653,2.02039838297775,3.09475065650105,3.77641252991416,0.0275009439172503,0.0269915473744514,0.0199735526379578,0.024833003279262,0.0292535781163041,0.0131811029335804,0.0087079558261831,0.00466907588098785,0.00845448861771242,0.00365745596701331,0.0233725016723497,0.0200117048233032,0.0102507379875308,0.0202956825225055,0.0219921083682271,0.0200293913796771,0.0188689943936092,0.0115575764578115,0.0179629569950925,0.0198174913517923,0.0182899790048197,0.0187544225420475,0.0127529059953809,0.0167169875555542,0.018118584776772,-0.144712121785852,-0.0873061125481656,-0.0599039467400769,-0.106644280266656,-0.112937081756688,0.0169680865372513,0.0157162995875121,0.00836812886424689,0.0143022772122272,0.0162671077965289
frank,100,819,1.86088378090335,0.2,3.36129700920359,8.6594119178521,7.10414393179099,11.1932115617236,7.5652640541697,2.65865098634716,5.28213182170508,4.51343677963324,6.535453078055,4.7418214520209,2.55852854267856,8.51621665046083,7.37311679024744,11.2837869811427,6.65724098125201,-0.000863491400957148,0.0446859875180536,0.0429660137273915,0.0451480300828375,0.00643743138839619,0.0130345957633564,0.0422773488862157,0.0353779218127674,0.0530905693353287,0.0286001624730173,0.0157051069313285,0.0460530541980552,0.0387274517344858,0.0549739922010749,0.0396980864831513,0.0217610674146415,0.0423909915063894,0.0307352284044246,0.0581759623177267,0.0368486179557536,0.0128850238823913,0.0417091165674936,0.0341382562943824,0.0562592313547886,0.0307281783919167,0.0264346622570115,0.0521101481673563,0.0430770220982459,0.0659310481112875,0.0468561477372497,0.0172185866390174,0.0408371219541877,0.031083774231918,0.0547096638566654,0.0322401239462672
frank,100,820,1.86088378090335,0.2,0.39639268831988,0.43976286735723,-0.231496664866871,0.538850409602586,0.908814043264822,1.19092417142806,1.21316025680953,0.881594955526086,1.26187618631704,1.44476896783391,0.364888276585043,0.370368167424367,-0.356777028211227,0.484464519237533,1.02886525976257,0.010729470795771,0.0019857401490158,-0.0163110650022637,0.012671538695892,0.0145386983185656,0.00514937614798626,0.00800735679511997,0.00503396720300768,0.011113629106318,0.00936550636912013,0.0044171092098391,-0.00102151866068551,-0.0104255449965452,0.00429833334109082,0.00753396411696443,-0.00066909125002856,0.00171709149688083,-0.00326156530914286,0.00120814377347608,0.00362089381537459,0.00753035420040976,0.00206316734716739,-0.00782663418381801,0.00848139341985212,0.0108723490324131,-0.0161057230231786,0.0061142670594278,0.00771289044199506,0.000621656192431638,0.00200561145248808,0.00318898715515989,0.00122568409227504,-0.00472019179152998,0.00351223671113989,0.00535649631102674
frank,100,821,1.86088378090335,0.2,-1.57545046740838,2.91005949465235,3.40393216516212,2.42189720247321,1.74343054184989,0.217160382012851,2.43519862345939,2.68003387503059,2.19379594514449,1.85801125654304,-2.1388797390038,2.87890386405021,3.73414706589826,2.41221912203345,1.52056096960821,-Inf,0.0233095745512302,0.025678092135124,0.0086090194019313,-0.00626101729894062,-0.0138097128770955,0.0217043725377403,0.0258886461567644,0.0172562677865362,0.0122150229978743,-0.00485568749473242,0.0202059827624538,0.0220887010028175,0.0152049817442554,0.0141123664150551,-0.0135462071922055,0.0130564798233558,0.0120473586134321,0.0131060366627529,0.0105606108846355,-0.0100710483264197,0.0198185409503539,0.0235566457808507,0.0153025199556651,0.0117972936310447,-0.0276716833456072,0.0189487999663765,0.0266835157189551,-0.00644004345147705,-0.00126901881396326,-0.00950763890822641,0.0135990420827658,0.0136187130665098,0.0130531917129725,0.00897954082594592
frank,100,822,1.86088378090335,0.2,-1.12989350041824,-1.97415325339045,-1.9599816804194,-1.73659113478768,-1.99951536926354,0.436408145766117,0.0181676510812846,0.0261058032869646,0.135414914002904,0.00508518810109335,-0.825165942945967,-2.11613413789162,-2.33601607171001,-1.72537700094976,-1.78476369610569,-0.00107954135332144,-0.000397751746457845,-0.000210748977938749,0.0012383701167785,-0.00263738581150747,-0.0381156750437839,-0.0297792804190002,-0.0272715175378931,-0.0522417611504228,-0.0438651339397394,-0.0135912133517363,-0.0114646496735353,-0.0111754153217689,-0.010231218581199,-0.0135846267601031,-0.00656222211428294,-0.00956704770999375,-0.012447188450608,-0.00876093745568864,-0.00832310744579829,-0.0227997256825747,-0.0157650585443243,-0.013155143268385,-0.0211905954428413,-0.0241698979268356,-0.0325332242614754,-0.0471335296317056,-0.0588527079362903,-0.0346877040893017,-0.0627347012998661,-0.00776789923704088,-0.00982491935245578,-0.0111692132573003,-0.00883858242236972,-0.0102359374798876
frank,100,823,1.86088378090335,0.2,-0.116586302392337,6.06471849430265,6.60989191193126,3.40887679077109,2.35686414126049,0.939308615495164,3.99850835053525,4.26876530556028,2.68336335068385,2.16442808527076,-0.995089196285966,5.35805419834792,6.27952415191751,3.03531423103885,1.1466269370854,0.00319373528065982,0.0384626424019974,0.0332374537126654,0.0243174061024336,0.0217840442470216,0.00202318152716201,0.0366061657511328,0.038797772279814,0.0236331722483584,0.0116650288623487,0.00118702267066139,0.0251647687420968,0.0243146358286434,0.0125870248689171,0.00820003318776743,-0.00453162875947936,0.0266858212090419,0.0283843307626634,0.0144940065351983,0.00605158852124669,0.00156604678892415,0.0275270086976323,0.0232869130482053,0.0212005933993314,0.00836709019510425,-0.0207832485535223,0.00745735343424013,0.0187404658273319,-0.0108843783469982,-0.0126040441798964,-0.00366724877373841,0.0280870132919046,0.0290746002101659,0.0162767740262415,0.00718582609962734
frank,100,824,1.86088378090335,0.2,4.85205941856549,8.31441337652539,7.00922010693484,6.29659625110179,7.20029976436612,3.3972627685878,5.11136702117691,4.46540745193656,4.11289137760403,4.55994911821923,4.26947886308589,8.19041135132795,7.15804082047232,5.89086728834978,6.98847728374626,0.0230184808975507,0.0485084392583508,0.0426096244376946,0.0339382635147443,0.0389698212615374,0.00796100318231633,0.0281038983643629,0.0251882857249377,0.0147300254677213,0.0182316455250305,0.0197410076153901,0.0429412567065922,0.0398764109151152,0.0230530568274543,0.0333265034285161,0.0242375787430157,0.0381771024289042,0.0283761224765414,0.0295504597377227,0.0342423187367423,0.0167216561849347,0.0422446674825143,0.0347930554388256,0.0284508673192928,0.0339548873836988,-0.000895530738442072,0.0501455739072151,0.0354725191180011,0.0410169334630125,0.0458788540643181,0.0223962655623955,0.0404225437529765,0.0315399293644337,0.0316741236860642,0.0359918078709012
frank,100,825,1.86088378090335,0.2,1.51327325578862,-0.790256548517057,-1.80046084174173,1.29866684366773,0.779032125526657,1.74386307704326,0.604156997387021,0.104475626827966,1.63787469167069,1.3811362398489,1.43703235217344,-0.569420579989663,-1.65607217030067,1.31524339780067,0.884180288503111,0.0167641886290971,-0.00215344660595535,-0.00838158543600263,0.0152509400062182,0.0105345356643243,0.00900471549907385,-0.00639637885919332,-0.00931975181761266,0.00438080108019136,-0.00183407422432065,-0.000481478620765414,-0.0123592347697939,-0.0158930839211727,-0.000220497692305828,-0.00224290344229563,0.0104028204976386,-0.00504754346858801,-0.0118314613243666,0.00653299906968312,0.00326876153295674,0.0153334792533928,0.00351486237070052,-0.00367906882448178,0.0149347847227864,0.0121960197454377,0.00174652819431188,0.00486121963620785,-0.00719168094204233,0.0110021154763697,0.0103991817745955,0.00492220146640314,-0.00639520134745493,-0.0113258770031842,0.00374530621070482,0.000361572313252057
frank,100,826,1.86088378090335,0.2,2.41312686689579,2.99572842283511,1.68321504960829,3.65643608773883,3.41266542982449,2.18964704375145,2.47859537378585,1.82957089934815,2.80532191343627,2.68442757928956,1.96711825259653,2.90428339349568,1.64857875700309,3.5159327928064,3.40908844845314,-0.0129775923246139,0.00449272120377851,0.00285342622558694,0.0116091165216096,-0.00567794947186623,-0.0026257778470012,-0.00459247600275712,-0.0113530964475625,0.0097191474388016,-0.00668714073496032,0.0107796925354175,0.018868806735762,0.00965154464738937,0.0237713389814369,0.0207430487512087,0.0171341831831775,0.0162316154849678,0.00780046219685137,0.0196757799212571,0.0200315403321608,0.0083522086200311,0.0153690956806202,0.00809606786684383,0.0192715297877583,0.0148309314358083,-0.00383886837725814,0.0162745018360078,0.0101311082904326,0.0230440030776921,0.0120642414475053,0.0109756600978457,0.0122843271313221,0.00477499462664603,0.0172330358427357,0.0158546338778101
frank,100,827,1.86088378090335,0.2,1.94663487919478,2.30830052753376,0.916895027753663,3.71780472689208,2.522451948987,1.95923406700715,2.13842658506736,1.44981428367866,2.83628161391273,2.24458659111091,1.27964154216282,2.21188722110563,1.06437789984031,3.40528158039112,2.17866641006257,-0.00606936873890715,-0.0153011278762763,-0.0122179631515302,-0.0386657278621105,-0.0246164558277691,0.0093372262790706,0.0175895644319918,0.011720792567597,0.021017014511651,0.0148368963734458,0.0156753802645515,0.0173832295807344,0.00704581376987516,0.024858223904836,0.0205248756047997,0.0049790038499091,0.00774351910207934,0.00119097090140041,0.0130129205025134,0.00864416268614518,0.00668814228436677,0.00466426473411331,-0.00208522703074653,0.0116556908297948,0.0051801688411099,0.0183645979960161,0.0165206666369164,0.0115331955299968,0.0231266828007136,0.0221031467318186,0.00849641964248747,0.00973622674108221,0.00288240262021639,0.0164807931852802,0.0105152451711333
frank,100,828,1.86088378090335,0.2,11.1318322276181,16.7196947143029,13.5660908453698,16.9007954556192,15.1355561306586,6.50660453141788,9.2725817925983,7.71200014507277,9.36219487404173,8.48931126245647,9.08781780210598,16.3213405878975,13.7257169003207,16.3464748684863,14.0566580981836,0.0422873960863059,0.092257432990506,0.0667901184163637,0.0913636258191412,0.0855974158521877,0.0481837624029734,0.0665903202627064,0.04892389303051,0.0766193513931831,0.0555820699424736,0.0554813097549349,0.0789201483066675,0.0604531942389315,0.0832169474102701,0.068359116203879,0.0558764791597778,0.0781766870097229,0.0611359693909971,0.0803142273200631,0.0689184439417725,0.0453695692309973,0.0800777046083666,0.0644337564308769,0.0782863450633302,0.0672382572905482,0.0326815257923745,0.0862897377543502,0.0770619107896934,0.0838953945043346,0.0542051113570375,0.0494141870978221,0.0825314521998544,0.0666540078876816,0.0823075755845877,0.0715556469054124
frank,100,829,1.86088378090335,0.2,4.36870833392724,5.70097341263387,3.98024889956502,6.04430280772719,4.35614112327926,3.15952168471213,3.81846257420405,2.96705287911142,3.9872954961112,3.15608786816171,2.96398618619148,5.37840561515431,3.95000076046372,5.8960561296772,2.66550524335662,0.0131691142592246,0.027714017492144,0.0169886153043903,0.0392811951261765,-0.00123813800316268,0.0148987868477163,0.012445179817548,0.00128627450954091,0.0245785933269036,0.00226541316165927,0.0242771748841317,0.0319801184580657,0.0214322081483635,0.0355581942705901,0.0202328632484911,0.00912536654715326,0.0186710601918407,0.0122183886023901,0.021979485867774,-0.00122224179033144,0.0228603014501252,0.0306167765691184,0.0212545496834069,0.0349147343361895,0.0188750704887037,-0.0318501247565842,-0.00691310870997848,-0.0129849192090261,0.0147953819287946,-0.0401079154786217,0.0181648328964434,0.0251898666324111,0.0157073321465004,0.0300090063274326,0.0115239984496188
frank,100,830,1.86088378090335,0.2,15.7552085237582,16.3422879065545,11.5625433928204,17.8216355046575,18.138899930407,8.79548440281174,9.08438876752064,6.71828753339579,9.8169780948095,9.97558668907523,13.8272314835783,16.7232463343306,12.2886102502009,17.6942249711262,17.4372691601951,0.0466028101279687,0.0134096431721186,-0.0200566248044083,0.0261134026909365,-0.00247168053529315,0.0437597324963284,0.088157603430522,0.0628375268868076,0.0945927558635607,0.0952567148719822,0.0735165737017537,0.0753309989061143,0.0475670397853826,0.0830151913904571,0.0793058409437322,0.0727939045818752,0.0834926644447422,0.0591738060021043,0.088669043334266,0.0871467885913733,0.078648709433075,0.081300575637998,0.0575521263374818,0.0883175312046126,0.0858106814564825,0.0704338781493352,0.0533403051108301,0.0325999319412288,0.0694164198066589,0.064229825044059,0.0759284216563079,0.0807192647594309,0.0565991128029299,0.0879328354951518,0.0864782960489033
frank,100,831,1.86088378090335,0.2,-1.65975582455018,1.22967202366452,1.77966887785915,-0.848840022413439,-0.130979694907059,0.172151755225104,1.60389607741614,1.87672792154646,0.574670343441429,0.929780895161141,-1.02707115837395,1.1453777827635,1.67080243206977,-0.778848040081228,0.038106198893453,-0.0174882757185618,-0.0344642063776049,-0.0358902864808714,-0.0752848250527537,-0.0600411462522312,-0.0187302985180802,0.00806134814762279,0.00576778949497541,-0.00101133760577436,0.00205493006234499,-0.00683274550465696,0.000827285374303765,-0.00110856725603194,-0.00449435538564654,-0.000904011889148835,-0.00493794606438474,0.00919565394322487,0.0121626774570858,-0.000336790111162433,0.00277356556987715,-0.00871523171232567,-0.000502082852176337,0.00231499758046308,-0.00832395998017857,-0.00494221134520287,0.00160599100941127,0.0101191102655838,0.0140959446270284,0.000458217674685945,0.00675545585196939,-0.00644817722507466,0.00283559532628679,0.00408679655552733,-0.00608903495054201,-0.00200751996789061
frank,100,832,1.86088378090335,0.2,5.09906766059165,2.87542631395471,0.578610511815184,5.57567669171519,5.8763016748679,3.51815890838504,2.41773181795443,1.28126230239531,3.75418224367598,3.90325443514417,4.6712134665264,3.33693663416027,1.05033515861081,5.87325836295631,6.13675555263562,0.0313259473107781,0.0108256688902671,0.00263600814878738,0.00977525814500807,0.0254920534986194,0.0303997657515243,0.00904280700453157,-0.007652417456285,0.0295996973025855,0.0248921712112624,0.0264972281120532,0.0127256680951113,-3.09744804844037e-05,0.029400674377402,0.0296798917171979,0.0281031382437394,0.0155265298455724,0.00359755225564915,0.0312666474084829,0.0313009565998405,0.0279282554924629,0.0150073980950794,0.000919442935417033,0.0289440389703745,0.0284263361299034,0.0206182205755861,0.00864989615305058,0.00122072670045455,0.0137350945992181,0.0168830254895591,0.0277834363226284,0.0178844502564362,0.00585002189682064,0.0314061480383926,0.0321836981399437
frank,100,833,1.86088378090335,0.2,5.32766263517059,11.1254311367748,9.64028299082953,10.6739658611635,10.7752126849367,3.63285486403924,6.50196743405998,5.76748375988303,6.278493562984,6.32879392611494,4.09408192428416,11.0697565921555,9.91193816491356,10.6889984126969,10.2550381475225,-0.00836361110082118,0.0655650427774828,0.0547285815798233,0.0632875714780398,0.0624041194970373,0.029201965282987,0.0550314009685329,0.0483380512934551,0.0529901196054582,0.0547729836350415,0.0320656954226309,0.0594596087605704,0.0501799871839916,0.0572261749940053,0.059461403068123,0.0264684998460316,0.0566704136851865,0.0473886681419382,0.0540328154473429,0.0540564207887102,0.0289849896424628,0.0579872950525197,0.050274973565306,0.0549539313706126,0.0540617772738568,0.0329645867092333,0.0348433727658506,0.0209129638632337,0.038744861180014,0.0410333481092515,0.0258977771254968,0.0569182823749496,0.0469261557921952,0.0548822176270863,0.0552824774713016
frank,100,834,1.86088378090335,0.2,0.824858152887373,-0.316126162162712,-1.22327550685305,1.41869433853508,1.68206313613823,1.40231989448532,0.837751203353783,0.389345589806699,1.69619899305543,1.8262635020257,0.853323768074652,0.0872252343367699,-0.947921233193595,1.86055775327132,2.18249012082027,0.00928961867423135,0.00205384577386741,-0.00693536886315654,0.0169742515643229,0.0120147819527255,0.00263329777090802,0.00258380036246175,-0.00335834604148148,0.0117743760058295,0.0134111934354475,0.00917140294328991,0.00274850768994568,-0.00269797653300895,0.00974474748116085,0.0126117549964204,0.00936670486533693,0.000735983984375868,-0.00646582387430104,0.0112594204557757,0.0135730679543298,0.0052664078154385,-0.00188061396908665,-0.0065049317526021,0.00578409035041415,0.00819559475677668,0.0118839320403594,0.00825607419810419,-0.00125849566579541,0.0170787700132168,0.0183865398768555,0.00456640774894267,-0.00079451053451413,-0.00693642981877631,0.00853730037868465,0.010741665758924
frank,100,835,1.86088378090335,0.2,10.0592110416704,12.658811297054,9.35618131103325,14.8020853918708,12.5496982159804,5.9776816953496,7.26233476783934,5.62796263849304,8.32309543677987,7.20922803260856,7.56838864191593,12.3501484034251,9.40726009526208,14.4373925415819,11.4645284413135,0.0430030860492201,0.0693645331274423,0.0566875020516683,0.073753799631528,0.0604966747453854,0.0485920629337132,0.0612280723066107,0.0411761424632985,0.0736624560406609,0.06052167853085,0.0231036680485517,0.0584113472542629,0.0373311330629895,0.0712221403110899,0.0536511391044585,0.0369572014734636,0.0518376698881109,0.0362876926090045,0.0619232322973227,0.0467742900782249,0.0476912601516247,0.0569528721078094,0.0370117006369433,0.0719393984567994,0.0603920369422617,0.059601535507899,0.0544170109690389,0.0194750256157415,0.0839507313226586,0.0704573887706115,0.0451384760188338,0.0603821698773576,0.0421757463360952,0.0718631659546344,0.0593677278365656
frank,100,836,1.86088378090335,0.2,15.8474231513015,22.4916546747586,18.4511443580223,19.6821829584582,24.9655729661845,8.83731166117349,12.1269038186052,10.1271424192968,10.7368751422123,13.3514649103512,14.9156062050656,23.1058323444349,19.134870297151,19.8899210225514,25.2734202857506,0.0705632411444911,0.117569971391823,0.101080869099416,0.102938040063884,0.120451586062257,0.0888921802770007,0.117376322149176,0.0946639874207824,0.105219387365907,0.133464372898344,0.0846991109572447,0.113779559729895,0.092636283837298,0.101659758435594,0.12802503452301,0.0831186178924493,0.117347082387154,0.0967957429600145,0.102465421644378,0.128555679149358,0.0869293978417252,0.117569517104654,0.0970579253084365,0.102441932156676,0.129772689677645,0.079907257756983,0.117904039848005,0.101315213234161,0.101153031258484,0.128326964763386,0.0842650900984237,0.115458943494222,0.0941149342337351,0.100729626274305,0.128206794466382
frank,100,837,1.86088378090335,0.2,1.34339944893078,2.91609578054775,1.54625056508936,5.17501645648315,1.46663544665983,1.66256343298874,2.44102399485622,1.76352896169313,3.55808727558494,1.72462521824711,0.0547775168831719,2.27360705626328,1.12820106630805,4.74015369804106,0.267493675682377,0.000631354199360137,0.00133195271373829,-0.0088197113861551,0.0210423529300816,-0.013201533700045,0.0106497702983996,0.0035067921835391,-0.00915032603722647,0.0212447749677552,-0.000907656588630845,0.00202827015247753,0.00978067951633264,0.000578187239265978,0.0225391573161076,-0.00450940396288977,0.00313408149610776,0.0141045354808759,0.0077930103364846,0.0261549541098042,0.00622922576776647,0.00360541738805498,0.00593004812801569,-0.00175584226259565,0.0211949005933262,-0.00761675835188488,-0.0595838440613028,-0.00555628718851967,0.00365722755614315,-0.0246714536420981,-0.0413551064664624,0.0017865211498033,0.00987931345697282,0.00187666981451157,0.0230850851309857,-0.00057260228491659
frank,100,838,1.86088378090335,0.2,8.76047693440231,5.02605199468291,1.87766222302065,7.21006315615594,6.48121172480767,5.33168951589733,3.48464711003385,1.92704869164206,4.56438478439753,4.2049633998784,8.45647228841005,5.06439112927578,1.73529728681453,7.07917289288885,6.48298976053474,0.035306276914658,0.00936049874921939,-0.0087220591389695,0.0340804334043925,0.0177232496087544,0.0441654496836676,0.0289133457085164,0.0135144472222124,0.0419451463878759,0.0385046044675438,0.0383447906351751,0.0190873677579693,0.0044599993011427,0.0334068492761892,0.0273373051700675,0.0399212866057262,0.01713447439032,0.000937193151293686,0.0315540178711807,0.0250650082266838,0.0384510190125657,0.0194725584675457,0.0058373430075376,0.0328098160605893,0.0232268831597546,0.0334934886255748,0.030313059457364,-0.000721718533387543,0.0434615034902816,0.0379260899297431,0.0416010003910888,0.0213042382077486,0.00415633094546399,0.0340202006788921,0.0279196088747648
frank,100,839,1.86088378090335,0.2,2.0733346273615,6.12341564652314,5.00827068237301,7.22546253332531,4.81884858870253,2.02348630633706,4.0269421629833,3.47509709107029,4.57262418235436,3.38234325223413,0.704180279552435,5.82270162700483,5.19696178177674,6.88470677935165,3.82194757728303,0.00896833901943087,0.0383092444656567,0.0347315661915788,0.0340707710668542,0.0322797968325949,-0.00890123651342566,0.0130508879757432,0.0109469213271817,0.00817426537518183,0.00155620960684191,0.0146382471681342,0.0335937927037344,0.0270714852175546,0.0390769911593767,0.0247662579309211,0.0102704785580467,0.0299976395342186,0.0231326910498716,0.0367483675937644,0.0230847435065229,0.00842187642070883,0.0356388799888268,0.0304037953070992,0.0409106774274842,0.0237367178259422,0.0177515702545612,0.0405945572852852,0.0350023901579693,0.0454228964847102,0.0340115467104195,0.00399025143142521,0.0278539162602236,0.0223497735494076,0.0322057172698649,0.0181040792269154
frank,100,840,1.86088378090335,0.2,11.4592890710963,9.85110286512615,5.44534473967243,15.2466669448252,14.7928951353474,6.66786311784093,5.87047858317706,3.68996213276619,8.54165559300412,8.31685089341395,9.80587904469537,10.429268803836,6.32278438442404,15.3972387963378,14.8438391395352,0.0405185859261332,0.0489049232005286,0.0347592462037747,0.0701845172783941,0.064581563337266,0.0424192063468034,0.0460755803293724,0.0294884584653806,0.0709891345625703,0.0650387679193436,0.0535629225962621,0.0503286255138457,0.0296128747184829,0.0756372803944098,0.0721706857644159,0.0562529257027003,0.0509529423476257,0.0290252588671912,0.0773173639756696,0.074648706935928,0.0627566245362132,0.0464047962300688,0.0206196081377849,0.0763007493130329,0.0738865411789008,0.0206136527282533,0.0369273337794149,0.0147003232656088,0.0656067404261192,0.0510539782050728,0.0577552929688389,0.0515664827734491,0.0286024654036424,0.0781563847101161,0.0762934226750126
frank,100,841,1.86088378090335,0.2,4.55876465818906,8.33699537311929,6.16983644727086,11.6103144729832,8.69382618657446,3.25192369992027,5.12203725307954,4.05026066807731,6.74167800430822,5.2997075006303,3.46640457800385,8.37767965116924,6.48959073160645,11.8018800592803,7.98233551301057,0.0297863684300155,0.0466768815383245,0.0374787261077746,0.0631429636273141,0.0378124035258741,0.0197874447194118,0.0463804803577662,0.0323403779215155,0.0579827916817471,0.0409534604266878,0.0179833796774099,0.0386357912907328,0.0295292540646367,0.0515040942470389,0.0353097391264296,0.0254727452168866,0.0414625370543802,0.028722636794192,0.0590686810474128,0.0431930610145424,0.0220655768866587,0.0449821800897272,0.031766160750826,0.0613888404560085,0.0432569399963516,0.0303545244451202,0.0233775614767104,-0.00296474837841109,0.0580224442788119,0.0266859242013311,0.0214169878727268,0.0401560618877596,0.027922319896922,0.0574121542057237,0.0383556981359731
frank,100,842,1.86088378090335,0.2,6.60795235099162,0.885585000662323,-1.44777655154058,5.03959821275285,4.12229609781752,4.26743623869331,1.43418455144051,0.279520159603346,3.49024692560706,3.03570714679,5.22382788771817,1.00342516463312,-1.39644288542828,4.85274255298342,4.22080530453524,0.0254940193560508,0.013470263886181,0.0026896580573803,0.0294221047183653,0.0218315456902312,0.0249412905649741,0.000694263625872458,-0.00675881969072033,0.0226513127383291,0.0161823411528923,0.0351877815821068,0.00732516444170238,-0.00661811581029185,0.0294449000515346,0.0250710905882069,0.0250237122223571,-0.000612001240752267,-0.0121791028582107,0.0215444903922348,0.0169737472462714,0.0267510504502109,0.0041133651260468,-0.00457011957244449,0.0201393164050809,0.0187252928769036,0.0369908495218058,0.00880325727732084,-0.0048253937696908,0.0323751949023973,0.0271809148924099,0.02911345821103,0.00260199749890656,-0.00981248490916242,0.0228577554079956,0.0198062224352543
frank,100,843,1.86088378090335,0.2,8.89307864770184,6.98954742387523,3.33322496988017,11.4018326276607,11.0711769626805,5.39685480059897,4.45447000271875,2.64559075199536,6.63808450117395,6.47429321730343,7.7449586536507,7.38605129443097,3.72909041805039,11.7163314261392,11.3179587200423,0.0476595245927216,0.0345429279167395,0.0175300427541952,0.0602696094828234,0.0573316612320274,0.0458573789133255,0.036080034578485,0.0167035204470796,0.0615997255048342,0.0574504802221365,0.046082382058507,0.0382262347408134,0.0190319257271841,0.0591866878119546,0.0591330876716484,0.0434374264339288,0.0376667376016913,0.0175955734435506,0.0606617173222111,0.057600202123338,0.0378867381568367,0.0385599072732332,0.0194933835456965,0.0567854680691682,0.0573610832187461,0.0492904348298997,0.0426196420137403,0.0253671955645209,0.0656844935240355,0.060087636141741,0.0446548770193444,0.0335997562368704,0.0111768419256058,0.0580353001387241,0.0566280706041146
frank,100,844,1.86088378090335,0.2,6.22798325323877,0.546371413653767,-1.50867668540954,3.84280556330893,3.04891473821321,4.07929053527263,1.26643765497644,0.248865615935371,2.89787437889174,2.50527304694267,5.2721571788999,0.639262723894853,-1.36387180503461,3.65020209495852,2.9686241161115,0.0328808682324431,0.0120617523180737,0.001878238628903,0.0290061822176141,0.0223275230077357,0.0276560258336446,-0.000597086516759484,-0.00756971964344252,0.0112991030352149,0.00797511877571451,0.0269149812515937,-0.00149758164443716,-0.0117079062142971,0.0140595578868692,0.0121806720074214,0.0249676610772537,-0.00248923311594724,-0.008808738333968,0.0152299629133706,0.00943878125022146,0.0186128040137389,-0.00274965132620652,-0.00971760026785001,0.0110344923471918,0.00864979479439065,0.0408920718866316,0.0111508426246544,0.00142419394495318,0.0268092792311062,0.0197528899916466,0.0255525654375027,-0.0014330286352825,-0.0107022151511041,0.0145693934697816,0.00977467095537893
frank,100,845,1.86088378090335,0.2,17.110660465714,22.7955331421221,17.739859211469,23.0810662964287,24.2627083019003,9.4638019084439,12.2784650307621,9.77653542930167,12.4200213281527,13.0053609583306,15.476092543959,23.0685066850692,18.1786140398022,23.1236666067285,23.8502817679936,0.0869373050320222,0.123187460866271,0.0986950161040157,0.123650879927494,0.130864055809025,0.0923486499313839,0.115170963543191,0.0841452872924606,0.116598592110504,0.124692624817887,0.0847361804122805,0.112197897143505,0.0860960267069496,0.112878774095232,0.115217864246029,0.0906005631363948,0.118593767305724,0.0923443998615447,0.119650542892753,0.124583852276676,0.0851067275618933,0.114231187925377,0.090060066096351,0.111866355918578,0.118195844348283,0.0848401164584483,0.120622851339302,0.095532710488404,0.121269429911422,0.12777516920465,0.0879996414160203,0.11559369313584,0.0892079161526367,0.116492359121544,0.121280225484851
frank,100,846,1.86088378090335,0.2,1.69319404681388,-0.806916709904467,-1.62928379610981,0.103516951795554,0.243633422348839,1.83179385068996,0.596688199583502,0.190396028628476,1.04649590048364,1.11574986825658,1.98826196479869,-0.975926574143531,-2.04326410270813,0.0303293521794346,0.460965218890931,0.00998076436012329,-0.00239986576961376,-0.00600325845368013,0.000633388986822426,0.0104299090800215,0.0141490597372897,0.00241532469575065,-0.00558599767146077,0.00713872526408977,0.00982207398055469,0.00839938719112352,-0.00408812694621636,-0.010690877633936,0.00254327963081818,0.00066368307332453,0.00959586401716653,-0.00505241541258743,-0.00902151370330397,-0.00234037040801738,0.000881123854292687,0.0123279736051688,-0.00572990611351702,-0.0113455473973422,0.000895439682609479,-0.000428762642460441,0.0143786289079779,0.0056043338838879,0.00184649142432794,0.0103085436477958,0.00979445694254708,0.0112940974713774,-0.00744173988514959,-0.0130548624555442,0.000101977084328104,0.000180546661523
frank,100,847,1.86088378090335,0.2,7.30274840712144,3.53301344664748,0.791333820945058,6.1272983410555,4.74029564966836,4.60996386814193,2.74564225423292,1.38905605010997,4.02901975106659,3.34304947134317,6.33952843868095,3.27350884043955,0.432701801137807,5.83413412776814,4.42368712519644,-0.0183759560324021,0.0195889946012663,0.0134223532243354,0.0200667374484051,-0.00371483383709758,0.0328435255411247,0.0104724422360887,-0.00280149632283122,0.0241374259995941,0.0195400742852585,0.0266164481368079,0.00954621219830076,-0.00341665200368315,0.0232016284130446,0.0133499121708118,0.0392252530655853,0.0197974817477131,0.00463038602420047,0.033592008187994,0.0254979174771988,0.0333918137522188,0.0192383153462644,0.00770284018347295,0.0313104994333275,0.0230411174008771,0.0213043613127655,0.018776960283637,0.0102202902326382,0.0276939298689461,0.0226626937978319,0.0383522025517754,0.0162829537840612,-0.000132895593375236,0.0313379323386049,0.0229411824080528
frank,100,848,1.86088378090335,0.2,9.13872275947683,12.6554052140386,9.82163446104425,13.7363675378393,15.6105104886856,5.51756173746051,7.25832092157947,5.856050020983,7.793911451948,8.72108473283817,8.54025788203272,13.3096882704988,10.6959457696207,13.9126075946439,15.9890557638278,0.0556935068025473,0.0732503764467856,0.0581776873056694,0.0777723676618293,0.0876977009958799,0.0442054894974735,0.0605072413441823,0.0468377422518721,0.0669385067823904,0.0763575297120118,0.0460735953680996,0.0629188177520052,0.0496136931758637,0.0686636888988432,0.0785117027558558,0.0430831869771697,0.0643012650953581,0.0501647048880985,0.0674960579610915,0.0777243733515534,0.0472821278285052,0.0595137706384042,0.0443940273550045,0.061667242829955,0.0768903793516057,0.0499317777618563,0.0584320862429311,0.0234279016400645,0.0781925850552231,0.0870937558601345,0.0484129663540655,0.064694699234039,0.0497015378001582,0.0690755357543513,0.0795451578599445
frank,100,849,1.86088378090335,0.2,12.7354631619947,18.8100238265636,14.9975562034263,21.8124953766485,18.2990515019089,7.302428295685,10.3066777781853,8.41989021145431,11.7928689304801,10.0552370578092,10.0531235426357,18.6302289738383,15.4464444671459,21.5757532569859,16.9339820508433,0.0735903035338845,0.0966314956945107,0.074254434441686,0.11866540121218,0.100866747044675,0.0582520307783594,0.0906020899425726,0.0716946191599613,0.108590096138193,0.0870023420290264,0.0642566967996083,0.0934181308449106,0.0711513186899321,0.111198929779241,0.0909314121647482,0.058493815818956,0.0920879431901094,0.0710002764423257,0.108166016345212,0.0881559499943835,0.0568378038551116,0.0969936072148056,0.077568021558664,0.109785975085606,0.0893450130468583,0.0430097918986706,-0.0166244036389117,-0.0833728166702766,0.0755250746850374,0.0354657888298343,0.0583467972063806,0.0925035923741247,0.0723443873483523,0.107823233162805,0.0877261029018766
frank,100,850,1.86088378090335,0.2,4.29905281181251,5.54253770997554,3.61385353775745,6.62563715070473,5.57719001769009,3.12236587306962,3.73955700262684,2.78610516041851,4.27447221090752,3.75665898115223,3.78882892285621,5.34384018603781,3.34544191001884,6.73265511653719,5.23646371066256,-0.0826891054954526,-0.00694057650574598,0.00742375445708538,-0.0217251145019969,-0.047201229507542,0.0177227688296421,0.030465209810751,0.013798733589592,0.0394442834074653,0.030145145357387,0.0289940665582481,0.0283343078057457,0.0120047989212907,0.0391009886490762,0.0306893242991732,0.0216951679019221,0.0243355286002998,0.0132073374195277,0.032688352707573,0.0237219203075183,0.0234591880179584,0.0277292455387506,0.0163923995904205,0.0329846895818097,0.0267988844373221,0.00352028356334354,0.0371839442729848,0.0279843197539671,0.0415007496525704,0.0314138768341735,0.0221965623496541,0.0263844979782611,0.0145677693751007,0.0339527114082241,0.0261622197274352
frank,100,851,1.86088378090335,0.2,2.37732174460961,2.92897557758924,1.36445734085809,4.90937972034275,3.87270876448468,2.17124344355354,2.44577100643336,1.67276262420094,3.4251961854784,2.91166479107739,2.07123620334229,2.81209324721404,1.15498372199077,4.91119713119786,4.04097745633054,0.0012060826899224,-0.0325782953714751,-0.0448912471004745,-0.0234544403027706,-0.0162895151394564,0.0089721220726401,0.0178343569509667,0.0103961816238829,0.0271992798378425,0.0191465473857701,0.00831778502486682,0.00615838774911997,-0.00626582608831169,0.016147355012988,0.013423618756026,0.0105927680887135,0.0109527500207524,-0.00105824736915058,0.0258897733787938,0.01934299333384,0.0141306939182455,0.0109216493270915,0.000281498334779601,0.0242266105547933,0.0203730628549782,0.0216740572708112,-0.0183491432040867,-0.0577962102823506,0.0151550481084274,0.00657922623955812,0.0139610427125628,0.0144558995772065,0.00423601572995327,0.025584152139675,0.0211914486278464
frank,100,852,1.86088378090335,0.2,15.5150225943992,20.9403264508886,16.6807349383825,19.4089842489216,18.9114047747077,8.67514651131999,11.3628193633918,9.2554995751849,10.6044493815528,10.3577527260599,13.6745781180718,20.2537558649636,16.1161366499091,18.7309477536024,18.2244195031759,0.0852869437021237,0.109901780595351,0.0857051752693174,0.0996531609325206,0.101184360735496,0.0682838058949152,0.0804619910617038,0.0619819540588087,0.0674945003684659,0.075401561234644,0.0778467510163181,0.11070339099856,0.0904811059845115,0.100221405005722,0.0977084280019899,0.0795595062842362,0.0958955872696048,0.0713082707510091,0.0895744707207519,0.0902408935299964,0.0699000826399963,0.091844170145574,0.0721612880984706,0.0813364278983997,0.0805779747417008,0.0606729376858972,0.111419819097312,0.0898306624643268,0.105761004168242,0.0939492860344052,0.0774578842527144,0.102452128063609,0.0782863749765263,0.0965080533508008,0.09356914833707
frank,100,853,1.86088378090335,0.2,1.77665383765161,5.84432031056355,5.0051159795769,6.04960555878301,4.90888877920603,1.87666338288125,3.88840797220154,3.47332040847306,3.99003634976852,3.4257810317157,0.473172650096333,5.53370224598704,5.01516368521126,5.84773571695286,4.31225663327424,0.0123530528574731,0.0278310608640222,0.0198358996616513,0.0385612225880605,0.0304982388518106,-0.0351972857934437,0.00725811689594361,0.00696083166883445,0.0114849093292969,-0.0124371231157748,0.00649742602418246,0.028267173264115,0.0233495038569833,0.0300245006110749,0.0251602554619371,0.00637902456915478,0.0284989622886917,0.0228475032309617,0.0311141337181394,0.0242296175774677,0.00888059921367557,0.0251806136594323,0.0178619506256976,0.0294963112949628,0.0204089961067072,-0.010296829889071,0.0327911857974639,0.0340281992942926,0.0137194938687314,0.0210895449869128,0.00778692681141859,0.0272783193289989,0.0220278557154344,0.0290714951224377,0.0230001653909694
frank,100,854,1.86088378090335,0.2,5.65444998225622,11.2318011765598,9.69637914697533,9.41192375611055,10.1182882168768,3.79386124782013,6.55472150934499,5.79497767424882,5.65409650303522,6.00442249144524,4.79966862687783,11.1640563856265,9.98166073494153,9.29046132597766,9.54421096677707,0.0104656808316181,0.0612820236917083,0.0548277242272786,0.0556772165921547,0.0465938464478114,0.0353681714467688,0.0644355221479829,0.057071126966155,0.055272128793036,0.0560406995616069,0.0338917545388541,0.0578040538405131,0.0445898336619304,0.048361171854334,0.0514769000249444,0.031642130007187,0.0557383764737634,0.0457304600238264,0.0471395957508911,0.0508480365760887,0.0303348836755032,0.058252395773152,0.0496550640680277,0.0498286923508036,0.052470615100552,0.00813888421979175,0.0366111518949098,0.0320636881620405,0.0221944001823242,0.0140488532079729,0.0254733233226697,0.0542782838965866,0.0465971932214803,0.0448493552194212,0.0468166833423308
frank,100,855,1.86088378090335,0.2,5.49231060586166,5.31305958575463,3.61154289080043,3.70094455572231,5.83543452967414,3.71339400890264,3.62543137127426,2.78356175154065,2.82733198168334,3.88379891839358,5.19462602608433,5.31079688817291,3.59003529378788,3.50894871023589,5.92678432757335,0.0295773086448136,0.0164302859148893,0.0119011843038959,0.0120969414825071,0.0238795773161944,0.0266981069255621,0.0293561398236265,0.0216308235955407,0.0229498107739146,0.0305375103735343,0.0278806831018772,0.0202235239128158,0.00906767528983856,0.013455169397865,0.0254078000538714,0.0246536816182182,0.0194414935935324,0.0113876594731574,0.0136254342452214,0.0233714660004035,0.0281905127200937,0.0176945419041382,0.00859187558726719,0.0108003324341859,0.0212612380408181,0.036555523264896,0.0312330889122814,0.0169924040416893,0.0280856569522579,0.0386775694628762,0.0291791981183067,0.0259788124313493,0.0158110839080741,0.0193454717726982,0.0294278647792885
frank,100,856,1.86088378090335,0.2,9.73898380296111,6.26662604321803,2.23971355231551,11.2419083770988,9.65779283800286,5.8147309856679,4.09789974932451,2.10540330056605,6.56051916723828,5.77557014083495,8.93678551600164,6.3239838611562,2.19791053394619,11.0222874115662,9.89581106094983,0.0586949151909438,0.0399721917509412,0.0188774354091293,0.066087373000884,0.0578157336808378,0.0425928040355778,0.020693334118469,0.00313071846754664,0.044588864859879,0.0400562627161588,0.0554251270315046,0.0327579502665628,0.00897374313405178,0.0601585586227769,0.0528857338873739,0.0502967281068635,0.0279388951795492,0.00564107046632726,0.0528917768326209,0.0484097520770449,0.043146556343661,0.0269726871916367,0.00356319516861133,0.0516604834173159,0.0464545640693673,0.058554968586467,0.0412073445173638,0.0211604485307937,0.0661856822582763,0.0574739705049847,0.0511535695359175,0.0290840595323557,0.00770480162826168,0.0543023356817585,0.048261924856395
frank,100,857,1.86088378090335,0.2,1.15683296804553,2.24157889407872,1.23235040443762,3.00812200950278,2.52434489611639,1.56732405200845,2.10509473015246,1.60628739340496,2.48404529234916,2.24501753216438,0.934268928879701,2.23630342134763,1.36548736529489,2.98851182302007,2.36789417538839,0.0132050272495069,0.0209327071467565,0.0157092689641603,0.0249883520405922,0.022225506852395,0.000575119503008379,0.000262931385713667,-0.000950096558393674,-0.00550047465248547,-0.00632351587382422,0.00589849870019026,0.0102932060794947,0.00440847311490157,0.0152074711338043,0.010412135062754,-0.00648750899701318,-0.00118193129501532,-0.00646257378591527,0.00543326521435535,-0.00338609664370974,0.00770084219240738,0.013164125733564,0.00637075386961607,0.0159498393326737,0.0156896010885944,0.0119912186215952,0.0151339093136067,0.0121204645402374,0.00353979853318433,0.0189588460026362,0.00524780522384934,0.00917092434450234,0.00313586495469668,0.0132377555591006,0.0102188494502054
frank,100,858,1.86088378090335,0.2,-0.266647562037254,10.1540169665809,11.33719316159,7.84744993726479,6.86453722001066,0.86457234655189,6.02064939944123,6.60621052923236,4.8798150691218,4.39332210124835,-1.06351586354877,10.0377189677038,11.9810745299661,7.73420992032604,6.11359222855229,0.00483029546491139,0.0519969915878426,0.0487566288161095,0.0427048706931349,0.0399845121039391,0.0023116194237235,0.0557241072247356,0.0545924043040071,0.0476457794044588,0.0412532392139115,0.00359299701777608,0.056477935339047,0.0609377535268224,0.0445177173940603,0.0399999863621453,-0.00565842440297294,0.0556708381606326,0.0618372760358887,0.0412178574139618,0.0356441638815833,-0.00241575383033543,0.0562115902535645,0.0588535243866629,0.044445224324157,0.0390778503581915,0.00857828370942201,-0.00218356152433155,-0.0341621925616825,0.00950937516217623,0.0113607854654653,-0.00303228243041235,0.0532931047348486,0.0589498757008194,0.0406847020901361,0.0351992628991974
frank,100,859,1.86088378090335,0.2,-0.512491802421346,0.0904656298444912,-0.10786967724018,-0.819465212472304,-1.15678922814715,0.74339779529948,1.0413862965106,0.943019905819277,0.590774264635543,0.425886637230741,-1.18487237234097,-0.403982202018493,-0.363323977311979,-1.36785170066012,-2.20929571687085,0.00717674385043644,0.00873633529520698,0.00708891422167754,0.00461811136086374,-0.00182666221038959,0.00125941371447221,0.00504115549963976,0.00292510027063936,0.00199930781840778,-0.00344156574329149,-0.00836380202533694,-0.000132048865508947,-0.00212474536781504,-0.00531880715233586,-0.00979149321738473,-0.0152412087599377,-0.0148825198759686,-0.0159728985053569,-0.0159777761827172,-0.0299639229040696,-0.00739444225176857,0.00251669843306666,0.00266252790948509,-0.000450932750659213,-0.00877365222460741,0.000302017608540094,0.0101363332338777,0.00843735715587308,0.00111671343458321,0.0039788042626705,-0.000686170607725812,-0.000131087201974393,-0.00268954931989874,-0.00275398705526324,-0.00832882894621876
frank,100,860,1.86088378090335,0.2,-1.52426205319769,1.1887024831549,1.14419852597234,1.50796244978074,0.343491207456606,0.242022207624093,1.58350213606385,1.56158817325798,1.74180156249751,1.16651963603075,-1.95766577192024,1.13726683631605,1.40366190014736,1.40380799336564,-0.261260196008682,-0.00951102955475823,0.0152057855168083,0.00802545211381413,0.0104531570143827,0.00168800435681249,-0.002045657189525,0.0147017986084568,0.0109767745972051,0.0170419308246744,0.00961269068914751,-0.0223503952466503,0.000489724354736876,0.0037691121740643,-0.00173467566898066,-0.0108009789143941,-0.00431912538298049,0.00568803375969775,0.00132058231583207,0.00967497683846942,0.00338949342085474,-0.00982835716902531,0.00365394613894379,0.000511232645761881,0.00767829028665772,0.000165101420029257,-0.0154088049498135,-0.00340050712375623,-0.00405483247579785,0.00220873862398525,-0.00922506810549609,-0.0114225367593012,0.0061310301523287,0.00593696434505825,0.00729055058446932,-0.00143888519124434
frank,100,861,1.86088378090335,0.2,10.1865086805877,15.0646426758857,12.5013217312982,13.2453868092771,14.5447175246476,6.03812209919571,8.45232582676442,7.18418880896522,7.55139102786246,8.19563405999023,8.78152872551628,15.0243129822327,12.5155048480482,13.2362042680577,14.0147363710983,0.0587886181152995,0.082868358944266,0.0698628078726864,0.0712160940203604,0.0760732927687355,0.0511553398713506,0.0804173401623173,0.0656459345018726,0.0721955119444636,0.0753323441631489,0.0531855805414526,0.0777070413717279,0.0628226238201698,0.0703310222699839,0.0737553863191632,0.0549148865759353,0.0774485081747857,0.0618278260956434,0.0690818176394594,0.0741807428628282,0.0482002941540008,0.0595202798348907,0.0411834843206636,0.0612410091679935,0.0585835357512568,0.0222203751851078,0.0212896929771976,0.0086863212390214,0.0279851922463135,0.0305400398311496,0.0500283520863963,0.0756252599997701,0.0616469273367806,0.0675882839997831,0.0718579746352852
frank,100,862,1.86088378090335,0.2,6.85565536463421,6.71648335815102,3.97998404578552,8.56532059493339,6.27349407010732,4.38914035826981,4.3222291373872,2.96839989332476,5.23679488608786,4.10231336472975,5.98826002197544,6.18070379817269,3.48134101253191,7.89238624675404,5.87185932717951,0.0180567979774032,-0.0177069021542126,-0.0337092670154218,-0.0230608825024942,-0.027562981051873,0.0380792110406664,0.041922371833016,0.0280132911491227,0.0499206859426713,0.038187587621334,0.0377341663267364,0.0252994062536987,0.00779628629261279,0.040721268258044,0.0262468401028251,0.0290040572982991,0.0196962676136289,0.00563149718014207,0.0295897924833339,0.0199456270667279,0.0318762201569365,0.0345931812121534,0.0193886969225747,0.0410563701150624,0.0303145888191997,0.0436977015953579,0.0234494893503103,0.00481204641363864,0.0372213993184902,0.0278798238290851,0.0341347863107663,0.0275800566131971,0.0117554466730045,0.0392042671456681,0.027794067011445
frank,100,863,1.86088378090335,0.2,2.94986688429771,9.04777601252494,8.19648188104889,6.76571587193997,7.72346130222652,2.455478306138,5.4729287878291,5.05133237776274,4.34409165034719,4.81852697130997,2.13556242745455,9.13038735706785,8.72156078511079,6.7448122346738,7.12814291865944,0.024397341978797,0.0506974803009059,0.0429654275642809,0.0437249460048282,0.0441094568378271,0.0133468354957394,0.053848495942553,0.0483570406686539,0.0411319096007626,0.045099116445638,0.0131938056138566,0.033373629861281,0.0247342906979497,0.0259835542524433,0.0280003553814144,0.0142552727619475,0.0478996133884951,0.044633783155362,0.0348686228703215,0.0369376230921484,0.0141985179699913,0.039266793554531,0.0348589569268284,0.0277908694452575,0.0339498836706691,0.0173747989144426,0.053187952877516,0.0505721049358351,0.0340734586037487,0.0477661329807832,0.0136573568996115,0.0465472914988362,0.0431434825249395,0.0332132992444595,0.0376254706623977
frank,100,864,1.86088378090335,0.2,14.2731659823221,7.31521678992129,3.12640566321277,8.74105662404015,9.16798327372052,8.06140732284772,4.61778485448375,2.54394365648485,5.32341481420749,5.53550211201744,13.5730889492574,7.31738783086458,3.10493486134412,8.19703140092645,9.0611781776217,0.0750949145326354,0.0370414925358181,0.0153950835248808,0.0493994311931657,0.0527852338395449,0.0665405741369055,0.0330613174607106,0.0185640118141933,0.0424124264979386,0.0411079681752861,0.0662289588657069,0.0327164952563066,0.0130851318346552,0.0367798930594902,0.0364926421893243,0.0694958002800155,0.0310508347476797,0.0095705363279761,0.0387793262650854,0.0400867201901839,0.0605362168848221,0.0329284875627,0.0155652895678995,0.0363047551031144,0.0416284225244887,0.050558109248918,-0.0193334848677301,-0.0306688485458079,-0.0446000738126338,-0.0142515241969279,0.0702803421866667,0.0326130022352216,0.0115789988810194,0.0409638966553435,0.04093940666076
frank,100,865,1.86088378090335,0.2,2.33431527791566,1.12476688942615,-0.112588810693915,2.09078043225221,2.13949839927013,2.150656296061,1.55198484788043,0.939644380283624,2.02996476984552,2.05507334489222,2.35384237501338,1.32726403790996,0.0753967606718082,2.12504714144194,2.06798174815338,-0.0782731803086254,0.0147676115310402,-0.0097396167163898,0.0137392343285192,0.0177536439901869,0.00478339681499396,0.00849739504592279,0.000537461390853567,0.0154885613543301,0.00755701742212794,0.0113926899031137,-2.83923813786224e-05,-0.00933749401601109,0.0102224923741818,0.00793000428214486,0.0115477634655619,0.00803257779192861,0.00179809809649531,0.0127246099397154,0.0106406131689582,0.0119358759774798,0.00598968650562557,-0.00405435885186198,0.0137206046278823,0.0124236244571593,-0.115935175242697,-0.0592890522020776,-0.0376168210000879,-0.0679488616117499,-0.113335239163541,0.0102788272792251,0.0061529130712946,-0.000122181471131756,0.0108640432467014,0.00909043944380566
frank,100,866,1.86088378090335,0.2,0.217912717309046,7.39794060174266,7.98388527854004,5.7425002624163,4.73888885326744,1.10388506219109,4.65759436660715,4.94842741057191,3.83789412510188,3.34175178975038,-0.472477465990098,7.03398277379862,8.04239228640176,5.59083523325864,4.00488159995274,-0.0260756699352199,0.043729134661553,0.0497506750104968,0.0256550936915901,0.0160381082038538,-0.00805292052592245,0.0240209586678355,0.0234938030568749,0.0234081904126585,0.013709938156838,0.000661056559035741,0.0409705495954833,0.0448768076849944,0.030788937104113,0.0248397573261987,0.0020126802507509,0.0383167960271206,0.0395273270397779,0.0284905952707838,0.0237590110061828,-0.0005847226538165,0.0290793221527743,0.0289474253192023,0.0241657512708141,0.0181035126301533,0.00846579555825713,0.0446320025793625,0.0436487861563276,0.0386959451002385,0.0324669884344137,-0.000112717271209149,0.0345258786070256,0.0355158632829339,0.0271460608518277,0.0212414514454376
frank,100,867,1.86088378090335,0.2,10.8080931877312,11.3098257365086,7.94467202961598,11.5494858127906,13.5628317587524,6.3438665369919,6.59322097813411,4.92802819028646,6.7116860280148,7.7085086905203,10.3582380185695,11.75427683732,8.37246342649966,11.6373915344178,13.8334025184976,0.0607023644561042,0.0529855430914053,0.0178792411531587,0.067356855514383,0.0768640925472235,0.0494263451969275,0.0535887709989726,0.0335667242128288,0.0589862561335181,0.066274676089952,0.0559744235071439,0.0559433696117749,0.0360190445413686,0.0581326218199384,0.0682995901732374,0.0587826699071105,0.054289724089199,0.0346319676100289,0.0579132452390451,0.0684557306027927,0.0564517320067816,0.0609740484785925,0.0416534036575092,0.0615292485294931,0.0717505767993467,0.0639939782902136,0.0606431772522782,0.0301632368174215,0.0670596927627566,0.0728081083804891,0.0577024999237788,0.0575343726492888,0.0391070224219403,0.0595045359271904,0.0690494372318961
frank,100,868,1.86088378090335,0.2,13.2248793282035,12.2050035482745,8.08358506480394,12.8908672811499,14.912280310631,7.5406103450928,7.03677729149021,4.99733530077298,7.37621141592446,8.37634034377751,12.306062416861,12.4584460139643,8.31364565313622,12.8109237974807,15.1826280386654,0.0330949091839569,0.0533319803319988,0.0364127955861451,0.0605489903698642,0.0616277946293681,0.0657320290735617,0.0395090154425519,0.0172191546235093,0.0441147564050625,0.0610968470509464,0.0703468242067658,0.0639666855695392,0.0406771559771965,0.0660033906039685,0.0784255193648913,0.0651644073031974,0.0615502553174343,0.039324592766537,0.0647414792575791,0.0766614785581163,0.0701102081127746,0.0609024697910247,0.0350212140868546,0.0675788663607442,0.078675091250096,0.075665858257677,0.0710197351349892,0.050376808863172,0.0744031268986781,0.0845550772553319,0.0685760471963901,0.0641465746542293,0.0425983351428601,0.0659892134814816,0.0774859224126345
frank,100,869,1.86088378090335,0.2,2.45058470088535,10.472844220698,10.6929516334801,7.26870177358128,5.39118988600607,2.21085825007147,6.18085575980911,6.29011903490351,4.59393603688086,3.6683354675835,0.815549900055542,9.73713569758153,10.5964928776014,6.877083405649,3.36141214270142,0.00769516549182707,0.0356332332939154,0.0342144534379677,0.0264425919226068,-0.0136256471617252,-0.000676571087939266,0.0585206220784938,0.0581133237345694,0.0421242826249565,0.0278403258740468,-0.00175213431765605,0.0495247348216107,0.0499063446781396,0.0364076382886117,0.0145979010710486,-0.000185633361330958,0.0473952177357083,0.0489215383360002,0.0326242333117167,0.0138233047977671,0.0104048434080452,0.0568769255772779,0.05841555993341,0.041330719914825,0.0266922584773595,0.0222420185004454,0.0503358527133878,0.0420768732658927,0.039357080572644,0.0361299759831434,0.00849552528354314,0.0531962893255215,0.054723655682114,0.0365907481872239,0.0215990507460907
frank,100,870,1.86088378090335,0.2,6.4462040501616,5.77557693357237,3.24160388908126,7.28669609049123,9.38204943217716,4.18477036473319,3.8523387277018,2.5976898785722,4.60146409448533,5.63812667752465,6.17770466952311,6.59890894887135,4.29392752089416,7.44796098501973,9.8547516980702,0.0393667479270842,0.0312243239762145,0.0207306503383742,0.0444404289637696,0.0520372107354944,0.0356109859443269,0.0306595411994867,0.021387170350049,0.0360342805389165,0.050763680468858,0.0374587673716157,0.0329048983185929,0.0197461524811757,0.0380049907180004,0.0508214679844027,0.0310584061438425,0.0287028971375553,0.017864915890049,0.0350558713028205,0.045964721961727,0.0312892905581717,0.0290943403666714,0.0170214213597609,0.0328121534569884,0.0451661531938768,0.0416866304410698,0.0371171774328688,0.0246315161993204,0.0450651884391399,0.0566137167401344,0.0340566654985806,0.030978971875407,0.0195096077459398,0.0360855412169729,0.0477025131475229
frank,100,871,1.86088378090335,0.2,7.80361790287847,14.1675028795197,11.7533910256639,14.4141061934117,14.0925354080079,4.85710477964151,8.00793053098224,6.8138707475332,8.1299654351006,7.97077668704925,6.72758247823729,14.090275930659,11.9481015655054,14.3970094930656,13.6522477820223,0.0490171786987016,0.0745461774560413,0.0598812206373484,0.0788197905110088,0.0656455579819903,0.038378056933415,0.068236461983341,0.0563747820684168,0.0670812642963289,0.0660993135489984,0.0396297739413031,0.0733533419321585,0.0601653271147056,0.073760791911996,0.0707128799081296,0.039317564832983,0.0697025321373742,0.0567155861458696,0.0696450660592776,0.0683046607020093,0.0417506223856061,0.0589680975815909,0.0374185471059326,0.0719075336307114,0.0626265898817099,0.0486143465515773,0.0806925653137453,0.0687472501879099,0.0803033297356779,0.0803925890269032,0.0409705500240849,0.069874854783725,0.0544124634170515,0.0724234001283897,0.0707285155949471
frank,100,872,1.86088378090335,0.2,8.72734694843459,1.41117494574569,-1.40349246069336,6.43536061890841,5.43025670438265,5.31558547343788,1.69403309808807,0.301342720592011,4.18033725141261,3.68373226098667,8.04293739340921,1.85954243782208,-1.19919650960281,6.57520176819708,5.6555903417843,0.0408195257131402,0.0148057091939465,-0.00846619708919118,0.0417631358058746,0.0371100426191781,0.033360227784025,0.0128428571475521,0.000724167682271885,0.0306170545361741,0.027415567946093,0.0399293466867265,0.0125945307317518,7.5778625538345e-05,0.0362759218232026,0.0239857836261813,0.0466568853805071,0.00707712008534802,-0.00978119345285168,0.0346220667349409,0.0279309626740991,0.048443961747848,0.0133932066938325,-0.00201204733272237,0.0389485696391648,0.032871759874132,0.0533440370614126,0.0153287303230599,-0.00124191067168569,0.0421761634307918,0.0370462023058904,0.0405840062451329,0.00170748099087547,-0.0135189774645725,0.0300415891068386,0.0224627903334097
frank,100,873,1.86088378090335,0.2,7.35687214421407,6.68144080649781,2.90742724947913,13.6426852422266,9.44205025813953,4.63633418918104,4.30263626228066,2.43539788139734,7.74817437706511,5.66993938979086,6.15271759704417,6.90632136756485,3.32238382425142,13.6650779931411,9.05913514348449,0.0385492091542637,0.0385886222993037,0.0202229175303519,0.071937540699551,0.0469542896298944,0.0299645030795714,0.0398407960814294,0.02161544360003,0.0699733140569795,0.0479394813827887,0.0406050976406323,0.03357614816137,0.0106317653277304,0.0727586092546421,0.0482301789690238,0.0405107863452119,0.0347996111962147,0.0144410667471631,0.0703796282009058,0.0476128971015039,0.0394407267978781,0.033301296256462,0.0109616948918733,0.0698055694445893,0.048426628177798,0.0461697735619021,0.0128422657953551,-0.0122490873162434,0.0576119829855362,0.0384551038045128,0.0374759889446767,0.0309334309374553,0.0100562176301104,0.0657639189656174,0.0429520424895961
frank,100,874,1.86088378090335,0.2,8.34108723988493,12.1648955972335,9.11298215997154,15.024601581689,13.7850870336044,5.12468169860901,7.01632389808859,5.50610949875387,8.43219400306825,7.81860563449014,6.77520991543382,12.3412504373224,9.66314432883158,14.9805815561267,13.4045543906062,0.050512851547955,0.070739913010083,0.0553539574590964,0.0842992204751737,0.0783650046380503,0.0271425359855832,0.0658902096961671,0.0511241151339483,0.0785616299725272,0.0704641532483406,0.0432843247730949,0.0630639337999927,0.0456942748573609,0.0780159751731873,0.0712479800589963,0.0393920049975531,0.0631960995294968,0.0472017157723383,0.0748111239549842,0.0700899712654824,0.0447941167992499,0.0662544529397381,0.0465270418724281,0.0810545103272781,0.0752430440601565,0.0184192387174672,0.0705819453582011,0.0523116474083977,0.0708253400533471,0.0648401229906657,0.0404763400271714,0.0600859362114213,0.0424499656649353,0.0745016108928097,0.067974948660477
frank,100,875,1.86088378090335,0.2,8.20980052493764,1.99264323434457,-1.13875179674039,8.20619301182087,5.5116760930667,5.06026632857393,1.98202453898875,0.43212447209015,5.05715673853385,3.7252040294198,6.61953167091856,2.27416913614034,-0.814681259374312,8.26386423802361,5.00841051594943,0.0505609178624058,0.00771741762898976,-0.012805427341931,0.043832134419965,0.0331307847682576,0.0448613948085144,0.00817067342644378,-0.0066004875693927,0.0367331468059023,0.0250469269229967,0.0432947367032623,0.0135720296946063,-0.00106527541724415,0.0433105958382672,0.0253331958114337,0.0422742329933732,0.0059374387109085,-0.0107932721409006,0.0394071994117748,0.0225332691197629,0.0392573519392223,0.0144384319646387,-0.00199969476162835,0.0470291065920583,0.0299294394576518,0.0470170233430874,0.0126828266290015,-0.00206268245519459,0.0504571481753541,0.0337576647409356,0.0388431791149787,0.0100054951719199,-0.00589229332184949,0.0418607325979451,0.0246149317008693
frank,100,876,1.86088378090335,0.2,1.00992870562474,2.30920365979436,1.15975881766621,4.07020611618286,2.68076117025749,1.49762100204768,2.13813203899163,1.56915394143566,3.00985474064992,2.32324658479798,-0.216694948037453,2.39132078380195,1.5590281892802,4.06921724249866,2.13307212483214,0.010673658336269,0.0194449727545543,0.0138712336782855,0.029378700910244,0.0166805945775417,0.0113032201372315,0.00602599379866843,-0.00628774458746315,0.0199844574854464,0.0139994459265196,0.00834752872440736,0.0160102983408043,0.00993826532446318,0.024143485895064,0.0151187916761495,0.00326116549187079,0.0145305059831983,0.00744270154991877,0.0223387910872179,0.0143599275685989,0.00179888841773517,0.0123685803848658,0.00747863589344612,0.0204354513147417,0.0149366537187669,0.0045956847473384,-0.00776350724291399,-0.011348809449388,-0.00439157356297293,0.00859087770717885,-0.000897962354366348,0.010224677087433,0.00414621774887179,0.0196726521484301,0.0105540144557104
frank,100,877,1.86088378090335,0.2,-1.17098514017376,6.82343906131101,8.2654510289181,3.37907246095929,4.21782608925591,0.415648727117548,4.37167588271359,5.08566361108383,2.66708467861806,3.08250784225076,-1.32181955158517,6.87489146400539,8.75218580751648,3.5552949071019,3.95986590673902,-0.0038037864176579,0.0422224603561774,0.0510527341875814,0.0265557028182076,0.0255009654970393,-0.00436416337696495,0.0438284572655425,0.0511107672453275,0.026333169304789,0.0292830314380864,-0.00923610228861418,0.0299965949791002,0.0382321925995713,0.0119725047141324,0.0155772476172084,-0.00158313522934173,0.0381628514562081,0.0443824371158641,0.0199089303989022,0.0249806625231244,-0.00322559469425157,0.0389958125945591,0.0434870937697566,0.0220157887159328,0.025657254243769,-0.0348694567432971,0.00515421151941355,0.0193645700801853,-0.0180266083913421,-0.0103963472900844,-0.00800986589621773,0.0349915458344965,0.0418167939107924,0.0179460722282592,0.0203495026783841
frank,100,878,1.86088378090335,0.2,-0.381843734267276,-1.79371970089929,-2,-0.446836064728521,-0.793615854012798,0.805543764640122,0.107807697456336,0.000789174212326334,0.773600182580305,0.601440281350333,-0.247543148826682,-1.80721114771216,-2.376049432356,-0.312042240154343,-0.356426885519925,0.00784852504960865,0.000103867141522899,-0.000573802893792019,0.00773523925115815,0.00602883587269143,-0.0089450860045815,-0.0073305437432051,-0.0034585648785642,-0.0120200621719925,-0.00952898405368307,-0.000915058930615376,-0.00607198992685063,-0.00284942490908737,-0.000656216734438878,-0.0013168485552385,0.00209971274271709,-0.00730956585170133,-0.00196374408842241,0.000391954987127321,-5.55679692078703e-05,-0.00581598202697308,-0.014758091546587,-0.00902402354313793,-0.00927107247035009,-0.0102656699625902,0.00366208260145164,-0.000657559020335998,-0.00236981389537837,0.00550104868977522,0.00571051500843275,-0.000623040671150211,-0.0111108909891922,-0.00622442466237401,-0.00059612378809111,-0.00288530099739108
frank,100,879,1.86088378090335,0.2,2.09317919429436,4.98378046861771,3.98473276448527,4.31922470076384,4.36031227075483,2.0334031641668,3.46251191938048,2.96837460382888,3.13351924483774,3.15366775935239,0.907141375044089,4.81037586320677,4.0526747309492,4.14931662409604,4.03412752570982,0.0196406752583984,0.0268050572021801,0.0155096389577806,0.0307006690253296,0.0295455506868617,0.000258369471236928,0.0217614328230185,0.0171487547225075,0.0194364462507481,0.0170468160592406,0.00533710717664359,0.014266230517541,0.00641100735812246,0.0139745200136111,0.0161663625620879,0.00544252501824283,0.0250123057541427,0.0205617051210657,0.0199410198049638,0.0208867031449453,-0.00405085627399537,0.0169767449778378,0.0096773017326429,0.0153820367460128,0.0153402722606875,-0.0438773029490748,-0.0469593776629048,-0.0403808272861956,-0.0415653218966696,-0.0405048947184889,0.00366316598467296,0.0227834317922395,0.0181908723463254,0.0191488241944292,0.0191576143690277
frank,100,880,1.86088378090335,0.2,3.20351547643468,8.21627845663975,7.86801569307935,6.10920179898599,5.98091258094483,2.58275596357375,5.06334803774675,4.89165473125991,4.01966414126341,3.95711684900592,2.49616698028933,8.02363132788745,7.95363105033689,5.85403639964949,5.45035610216429,-0.0182918099065624,0.0490243287317239,0.0491651030883172,0.0254541272583605,0.0206812649086674,0.0168352782314577,0.0362103143684379,0.0309715403166124,0.0295320550532685,0.0286810185672789,0.00947865802236009,0.0411141970818728,0.0363117793359098,0.0293389867514134,0.0277039471334931,0.011075102461944,0.03993396711314,0.0379388229510805,0.0302584142981657,0.0274792641865274,0.0136093671607084,0.0379059350100461,0.0333909024518442,0.0302680218220987,0.0280901811640642,0.0227448483937145,0.0497001620875835,0.0488531403089852,0.0378811163735772,0.0379448355043426,0.0121137561463401,0.0387959957255991,0.034976651727537,0.0294014728499737,0.0273828543482769
frank,100,881,1.86088378090335,0.2,1.72699036230175,0.713388266005619,-0.401398124232102,1.51190395597839,0.970464970630521,1.84995294835627,1.3494840060005,0.798116736576597,1.74395558196741,1.47650327854358,1.5336790093438,0.401331704149524,-0.774810213470701,1.3335176862219,0.772351251262708,0.0168678252093566,0.0135438982156792,0.00458591251799393,0.0170652872169405,0.0118766122196727,0.0136659070691267,0.00142121188409082,-0.007440146314128,0.0134258067610675,0.0048282392007104,0.0104916901296578,0.000241093721130015,-0.00771856074434771,0.00413892388438264,0.0015889467352664,0.00589667929155875,-0.00152600753352237,-0.00868956629155662,0.00408661411565073,0.000784479920889871,-0.00212844467479886,-0.00279690551548329,-0.00712301765723915,-0.000616237005358877,-0.0023299501177195,0.0186298212096007,-0.0225786420590779,-0.0348078467717093,0.0111024093223836,0.00897010749030959,0.00756319458893072,-0.00131603649913615,-0.0089173000031003,0.0054881192962354,0.000808754897418902
frank,100,882,1.86088378090335,0.2,18.4252680514854,13.4725701950563,8.10754272614212,14.1464889046815,16.4563858410747,10.11531188271,7.66520965533715,5.01040572016561,7.99789696327814,9.14142126776015,17.448005061048,13.6805389248376,8.02519015448622,13.986139110368,16.8763917122326,0.10113556155847,0.0607263013655994,0.0270853359041088,0.0741290778934227,0.0891515250652482,0.0792583312544178,0.0586187356576451,0.0381498811253385,0.058217239826876,0.0744880936603236,0.0971439135774046,0.0635709665863703,0.0307054802164893,0.0738643975754052,0.0842458852825891,0.0903654617754688,0.0627824859675483,0.0364417903050008,0.068023276600895,0.0785865736075427,0.0966246025409204,0.0675867417476327,0.0400386100655944,0.068423333689382,0.0834678865319985,0.100030257700858,0.075669907064966,0.0387704557458224,0.079601150981162,0.092117238439118,0.0921990904720451,0.0654396945241275,0.0373306824368394,0.0698106828478385,0.0817548898161177
frank,100,883,1.86088378090335,0.2,11.3030804728321,13.1094194977646,9.00546078478141,18.4473894734071,16.9915146949884,6.5913504149653,7.48352077285431,5.45272524857498,10.1258475615808,9.40545397008537,9.33196328690068,13.6154050025617,9.98426066729624,18.6424900199993,16.8169659316182,0.0514430621370774,0.0752045064834265,0.0533725029500976,0.102128709278651,0.0938427515764629,0.051259047941819,0.0719848967864408,0.0465408418998014,0.100269734249936,0.0911129775064409,0.0606882308714732,0.0710963322047131,0.0459204504766746,0.0989385393384641,0.0907579409142691,0.0553789433610195,0.0680596842864084,0.044302688757542,0.096355864665848,0.0875677570601928,0.0543759703337166,0.0676596656678824,0.0479544294401949,0.0941655919528396,0.0821928877065079,0.0657333657377496,0.0592555017930194,0.0269936277624632,0.0889402816319192,0.0906048597044222,0.0542103361258601,0.0674740032870927,0.0459074824970084,0.0941518910333505,0.0862981319753057
frank,100,884,1.86088378090335,0.2,8.59605351830674,8.24478158919007,4.24928982582945,14.7276374970902,11.5331952024689,5.25004243246043,5.07581455151096,3.09867827988304,8.28458001424714,6.70505882855836,7.17564933784185,8.67400715215534,4.96692370545745,15.0256677909704,10.9950650343739,-0.000522588088978719,-0.0155582817097421,-0.0263756041068048,-0.00762855015570045,-0.042454122806985,0.0513093837893055,0.0492788383165293,0.0276103416211339,0.0825626968547066,0.0656113706712334,0.0472423399567426,0.0459812886508946,0.0234352083307427,0.080669592185956,0.0592848734653189,0.0472024200653346,0.0462695493663019,0.025464121092607,0.0791576969016531,0.0604690163911268,0.0458153654180241,0.0467106628685357,0.0246265118571,0.0813065626612373,0.0610365689355358,0.0529683131757295,0.0509813539711129,0.0312264749668039,0.0813210904368342,0.0617414165188863,0.043199962263041,0.0429069067733089,0.0214263458536678,0.0750782696723477,0.0561216733393126
frank,100,885,1.86088378090335,0.2,1.55183240633946,6.48497175404335,5.68143149388848,6.58959232076878,5.27453791944303,1.76368513622867,4.20530379255553,3.80795036697605,4.25717279715582,3.60673582609258,0.851788808436617,6.33437353781331,5.86969010280512,6.49325875103344,4.74364098998953,-0.00797755827729769,0.0402731396951093,0.0382701544572241,0.0277205695292669,0.0311183900597233,0.0146213937115975,0.03378160834932,0.0293347799266496,0.0314458909837257,0.0290547241514186,0.00547570830243409,0.031215138990043,0.0270694863996758,0.0304076388806324,0.0216656926368507,0.011252070463197,0.0342775372551979,0.0283220950353317,0.0354830207110167,0.0283475477044914,0.00483711808399355,0.0345777582458425,0.0315226598489886,0.0340875160851372,0.025330607107716,0.0175944739893256,0.0412192894907865,0.0369431257989137,0.0383947875254666,0.036365322793341,0.00601085783139279,0.032937943857467,0.0288305729843657,0.0317723311423074,0.0246235672806272
frank,100,886,1.86088378090335,0.2,5.81102427407966,6.20882682514411,3.499351287209,9.66364267385257,7.76479295875456,3.87263775158473,4.06819102892068,2.72664251501328,5.77908909124053,4.84005711474982,4.44509930782892,6.40576924478508,4.12439623013877,9.45049120779156,7.0892648329392,0.0359493874976738,0.036471938724903,0.0254459392423736,0.044721273767372,0.0430876458919748,0.0300161800167592,0.0294322375149859,0.00976812994149105,0.0504483616153176,0.0390458256262174,0.0215747824977623,0.0306719084339657,0.019320031379451,0.0477529834775358,0.0323404316041945,0.0306601749921425,0.0350184495978609,0.0199104354873737,0.051504313684758,0.0409596585912708,0.0336057203342146,0.0288281847958065,0.0132396041455846,0.0497101734820057,0.0395581502284503,-0.0470742748004267,-0.140784912194525,-0.1652491500631,-0.0711648323568132,-0.111603599620673,0.0227010847939811,0.0299068942263345,0.0169584348149117,0.0454071326783753,0.0329322785994952
frank,100,887,1.86088378090335,0.2,1.95712923212868,2.40305500935684,0.733056941706965,5.67379099197416,4.23102582862166,1.96493406094403,2.18411134838946,1.35792691834297,3.80319581592562,3.08932507742308,1.00299816459258,2.70321281222369,1.27144304712711,5.82344409319606,4.09918299994431,0.0172495606994428,0.0142670657086293,-0.00238958175764412,0.0379425511455042,0.0278111661521626,0.0109180051523285,0.012802307745219,-0.00438727017261276,0.0343539219518838,0.0245050549887375,0.00732495577512352,0.0133494939490035,0.00538115227130184,0.0265815823668214,0.0205765819658527,-0.00190159193415521,0.00738959107427664,0.00114862179777796,0.0215066412476176,0.0128354942103434,0.00742780754183119,0.00986621623281784,-0.000692980608138522,0.0262188815371715,0.0210865967405663,0.0155694300887235,-0.0106180246780364,-0.0337046497411666,0.0234954765349147,0.0179825232394062,0.00755477581025702,0.0131994711938456,0.00305576537100503,0.0305085875208253,0.0222603303689218
frank,100,888,1.86088378090335,0.2,-0.18426726396297,0.546933779259446,-0.214790879361928,1.66088572070649,1.20992665914246,0.903373886733858,1.26579265760251,0.889341234605724,1.81713342519757,1.59365959593751,-0.123212609105861,0.724280022050327,0.0469267435075034,1.68448465862453,1.38045976789143,0.00888941011011916,0.00523607733349364,0.000486809947184416,0.00697347279804202,0.00800818454561916,0.000539836806526632,-0.00159270599540442,-0.00657411858819053,0.0052965043622763,0.00339727996917625,0.00590261354406767,0.00799600325649914,0.00256474398588628,0.0140785317135088,0.0119801569010554,0.000989584711077706,0.00226434432077076,-0.00383980465027811,0.00943610341262203,0.0079507730685387,-0.0137823344914539,-0.0186578456812882,-0.0231184056737672,-0.00778126412552279,-0.0142412921565332,0.00871363598517939,0.0122118925692787,0.00856024537822955,0.0183043935460682,0.0160494059368383,-0.000149265736694301,0.00248600775330613,-0.00277427163866049,0.00858681574484638,0.00677361032501707
frank,100,889,1.86088378090335,0.2,12.4715805808547,13.2925355044392,8.92440890835174,17.1461606629027,13.9807649856215,7.16945645593029,7.57644160822521,5.41503295973112,9.48342879422238,7.91771107591152,10.5995467515372,12.9711738926853,8.76726242663712,16.7197131283401,13.1015953814282,0.0647094928390024,0.0764616651637117,0.0544157004508726,0.0944416875615503,0.0797067985740753,0.0643984775538987,0.0730135507921596,0.0507175588974577,0.0923520254598205,0.0760792014421771,0.0619167453558781,0.0630479754605189,0.0405086084214892,0.0794538990486824,0.0684409272747733,0.057631973977815,0.0597579456588785,0.0381689724388798,0.0798814092674959,0.0574239345173669,0.0586931649664944,0.0686217014161541,0.0451548109244764,0.0851193256851822,0.0689208813004265,0.069364089729578,0.0538389563340728,0.0180061411324569,0.0811885573809565,0.073130971804491,0.0620042456828175,0.0646144928296863,0.0411277212274346,0.0847516260527657,0.0670332364920079
frank,100,890,1.86088378090335,0.2,5.07276916179201,2.32790177786662,-0.2445011505874,7.49369062398947,3.83051017955812,3.51120469471534,2.14887431961076,0.875846361411012,4.70535092619799,2.89354251361908,2.32740952057183,2.10060738427673,-0.198794820062816,7.19655907312646,2.8603264823187,-0.00410219072768885,0.0216052736271761,0.00765130957990315,0.044814040244378,0.0186487486954258,0.0207390925341335,0.0121230529052278,-0.00273841713031116,0.0392492810333026,0.0167599686940534,0.00860122414898582,0.00969049044995412,-0.00161282702424295,0.0322768931122956,0.0106182385710935,0.0141041888400207,0.00379559757645141,-0.0108206832841842,0.0310596104657807,0.0119946032221078,0.00966319054388943,0.00137287557958387,-0.0133579045973922,0.0344226221783923,0.00323513475218652,0.00614310059882551,0.00132077262572228,-0.00622727484259252,0.0383276111780025,0.00485212849135646,0.0169577901443374,0.00774193371118995,-0.00657429702217809,0.0358371309268966,0.015178621506665
frank,100,891,1.86088378090335,0.2,8.52579405560712,6.07367703923797,3.20964360686232,7.1966697740432,9.14638535760022,5.21541567857409,4.00120529369901,2.58423284677816,4.55665287325331,5.52186315693153,7.89319127413387,6.47312761711644,3.4283914181274,7.42053562747546,9.59105097405647,0.0514596924848512,0.0211274888013833,-0.0302318300315718,0.0458947644723627,0.0534107684847951,0.0496941877588608,0.0365266577000751,0.0204925361709714,0.043237180659393,0.0516999619957916,0.0424195904837196,0.0285294559110185,0.011530239793773,0.0350083848454202,0.0463079557884741,0.0477786958819272,0.034690573449072,0.0188115868474472,0.0413168412605733,0.0509449110799264,0.0377580998707076,0.0236929017165239,0.0062093398741439,0.0338449515442202,0.0419079548391236,-0.0428081048204845,-0.0210287086906425,-0.00727291015052846,-0.0260389320767372,-0.0226741162730374,0.0437780844429318,0.031362938875936,0.0151515854983836,0.0381278455601622,0.0475024828154725
frank,100,892,1.86088378090335,0.2,5.00000524131367,4.78203234811115,3.26451490643786,3.35396715062291,3.58673565749209,3.47165542608808,3.36353581069149,2.61181914503171,2.65678232390776,2.77473113960394,4.27891757893828,4.62136612316853,3.44569368840988,2.75190333149788,2.30326918036603,0.031263810874977,0.0210446080573834,0.0127724237732232,0.0115031436034431,0.0276635835595437,-0.0131850416846682,-0.00175290558985318,0.00266859308213397,-0.0179235478269456,-0.0256609018684434,0.0219189778710149,0.027812086773242,0.0206399664827536,0.0178431941676056,0.015779125094246,0.0142467204815027,0.0142052701506959,0.00886914605018757,0.00562952916922887,-0.0089793994820927,0.0205509611448125,0.0131442937910264,0.00740752258772847,0.00592422120148912,0.00291867517281221,-0.0731152763604876,-0.110519810094432,-0.124565206362101,-0.0507206696492835,-0.171836831990876,0.0249254716855669,0.022285347316609,0.0147768907622589,0.0143091093747093,0.0115964883712389
frank,100,893,1.86088378090335,0.2,7.45279027145614,13.3305363296945,11.0381153377119,13.5590927756979,13.2372820802188,4.68286939110584,7.59379608614028,6.46041060512699,7.70623724533193,7.5474150555245,6.70118316841701,13.278919885838,11.0399703877784,13.7283607653876,12.9720363249056,0.044486678638963,0.0627960270807275,0.0499631463054246,0.0661494656893243,0.0679463303435816,0.0415056087775685,0.0654506541376912,0.0541764792534527,0.0673907320561433,0.0644504775485721,0.0446194328892705,0.070721801827254,0.0566381236891626,0.0733116932524128,0.0708576979100234,0.0388401795320848,0.0650251253709846,0.0502506759588807,0.0666925873207956,0.0660109256995077,0.0430560678859482,0.0711466383828416,0.0583836313452492,0.0728962781077809,0.0727006615181952,0.046842464470512,0.0766262852235806,0.0651809409644952,0.0777805979785591,0.0758432540031388,0.0392824319393658,0.0669522069616896,0.0535548864641275,0.0692954697095605,0.0662894417576239
frank,100,894,1.86088378090335,0.2,2.12066017737667,10.1993527729586,10.0990234417234,9.36931947491333,9.0364407371992,2.0445559554703,6.04327846073193,5.99464859872167,5.63218322705803,5.4674248045647,1.48378046930591,10.188248602126,10.5397478008905,9.56602778824969,8.6590968968789,-0.0281448028626289,0.0571698561759595,0.0603760332867517,0.0462269625392054,0.0360377031157566,0.0131913550476012,0.0536620907167722,0.0485115445097114,0.0514079074981666,0.0507623119713374,0.0107945489019863,0.0535090935159293,0.0508993986772514,0.0451594505659631,0.0472835758621192,0.0107698804109674,0.052885382593225,0.0517708035932581,0.0477168914629279,0.0459652596678926,0.0100806745276457,0.04989579759332,0.0489941633759813,0.0465355326256952,0.0439640122160843,0.0204172610372968,0.0586935045464616,0.0561756573597765,0.056241191397691,0.0539079372277765,0.0103503389628178,0.0527048378296599,0.0513413518223556,0.0483663267805583,0.0458976641139498
frank,100,895,1.86088378090335,0.2,7.26233839012436,6.32590303526876,3.18840350090214,10.4355553154635,8.24267488517291,4.59102892553678,4.12668666623401,2.57412289480303,6.16045547554237,5.0769319520427,6.00615256558823,6.60299412200118,3.69024793182179,10.5199094538558,7.6968714551075,-0.0471088267975377,0.036213118278835,0.0259390628124115,0.0340575119326195,0.0104100338503584,0.0421157922691045,0.0368126380285076,0.0200630955404379,0.0598473337161524,0.0401639246591393,0.0339688718573455,0.0227867572722166,0.0026701289162529,0.0444734567977656,0.0317866326308123,0.0331404617747964,0.0318870128316897,0.014602204482961,0.052934880216107,0.0379346181532163,0.0294228357688342,0.0337134794368399,0.0167549433316757,0.0511068428229133,0.0348857586016943,0.0430363816117134,-0.00221633637044098,-0.0459493803410557,0.0398903872893348,0.0440211619263585,0.0314646961023786,0.0299131979642432,0.0125874897222549,0.051479965907361,0.0369747307572315
frank,100,896,1.86088378090335,0.2,10.6153239994832,18.1310176536998,15.375984301817,18.9452304016372,16.7582342307017,6.25155596326592,9.97096795563984,8.60800563957602,10.374017507906,9.29151091469706,8.39172386813688,17.7723392499852,15.6182971015548,18.4858265037803,15.9032982869615,0.0472882529978736,0.098645649353522,0.0868794917748335,0.102133598240283,0.0859441282578173,0.0366587424663025,0.0784229073547029,0.0618262658064979,0.0812747903979175,0.0712320972816281,0.0536551222948791,0.0825835839496049,0.0668957587405715,0.0906497712014981,0.0817003764119699,0.0479948448081011,0.0868169521823651,0.0710561153981849,0.089280576948182,0.0787675150719385,0.0468244534938292,0.0945588959853543,0.0808631055221453,0.0935890547502731,0.0852199260792169,0.0600145230726757,0.100620577270784,0.085693349499456,0.103972818117045,0.0935139434321107,0.0486832185446791,0.0890678600070503,0.0735497429088273,0.0931648360866936,0.0818408977330294
frank,100,897,1.86088378090335,0.2,6.41993272428703,4.33078585688882,1.8387618776791,5.62355922507396,5.30368429056863,4.17265332423935,3.14005133872051,1.90692467163991,3.77954252588932,3.62173308812902,5.89795357871921,4.26257920238337,1.79564351345594,5.32901800932957,5.10933439444892,0.0132557482186086,-0.0523408041474138,-0.0679093823083415,-0.0412113787105796,-0.0564670141994264,0.0269858391098049,0.00457956208636735,-0.000421472537362485,0.0112915172582972,0.00845387769229063,0.0365559912017638,0.0254574020962869,0.0145721152949625,0.0284917254321618,0.0260884049004808,0.0329588787527541,0.0195465324203899,0.0075063575241989,0.0247270961301397,0.0233050182824004,0.0371470955702926,0.0231394214707074,0.00880725016230108,0.0325207605023056,0.0284121936217361,0.0354110613875397,0.031564221493666,0.0187384633342297,0.0372222046589281,0.0311593799967291,0.0318611280541932,0.0167257314027301,0.00294689060397662,0.0246358933684958,0.0200996145280693
frank,100,898,1.86088378090335,0.2,3.87346014608191,1.12677423958069,-0.569894848020341,2.99451397094619,3.23422820738811,2.911773215462,1.55312089621627,0.713784804596704,2.47744417167257,2.59563559528246,3.62578660802458,1.28500490715467,-0.515608290306946,2.94962849054953,3.56601387377723,-0.0035156028105102,0.00602048652725566,0.00485379492461066,0.00159054941564244,0.00631425339455247,0.0245115241558055,0.0091263546073609,0.00162982429579232,0.0191132792720782,0.0206711658302039,0.0263312550935578,0.00114363496087309,-0.0117863093102838,0.0166406717505248,0.0182595295515587,0.0175348163737743,0.00475735163863354,-0.00338507208745526,0.0124223418126316,0.0143774304542666,0.0231333079281165,0.0065579416834184,-0.00989554854102713,0.0180152308998074,0.0208851297600779,-0.00712440386381923,0.0121655513268164,-0.00622238458738252,0.0234877897536577,0.0234673877756065,0.0223673032133937,0.00632658872595358,-0.00478303637818917,0.0168600294798682,0.0191603596727498
frank,100,899,1.86088378090335,0.2,0.349923963602131,1.00199518390896,-0.0203592659590432,2.81533117379411,2.35309798595413,1.16838239123068,1.49041234775636,0.984554878569159,2.38882772241632,2.15928165753471,-0.00340163090605028,1.28314615854534,0.492829117453363,2.74669576592083,2.4565753467039,0.00877661025780966,0.0125189558005982,0.00863871205348949,0.0161313755400358,0.0155119979969381,0.00284624038098299,0.00167810363987714,-0.00485849661108561,0.00997288197844618,0.00731114330758584,-0.00544492863597254,0.00760639453294843,0.00283587233304162,0.0107721482559737,0.012135925710183,0.00352360437898251,0.00532454064012486,-0.000586194687338084,0.0141595183239775,0.0131943097211679,-0.00583658282210528,0.00267393994824606,-0.00043920854348655,0.00829431295398299,0.0054497495121798,-0.0761977430709529,-0.0560311527157107,-0.0387991735322541,-0.0600980520217774,-0.0671557192635575,-0.00133229443944057,0.00704150855527764,0.00172810494232951,0.0130650381779008,0.0125938363546889
frank,100,900,1.86088378090335,0.2,13.6723047543629,4.33093730229312,-0.253155451029464,11.2833413762099,10.227077019829,7.76262509291688,3.13931359298343,0.870714847043473,6.58043660399985,6.05730627118186,12.3005745942167,4.76844384533951,0.00137309814384801,11.3117045085173,10.6270712192338,0.0689508083679748,0.0108872286852196,-0.0181360850119574,0.0544758838190261,0.0425905764169165,0.0750370259879443,0.027204113042504,-0.000166207301013679,0.0639348729884269,0.0590104135085266,0.0693579137660326,0.0240250637060321,-0.000136674777392583,0.055744734308265,0.0530495863199452,0.0697350353547385,0.0202958383299117,-0.00308124309423933,0.0539937162976359,0.0514813169235575,0.0639492431188624,0.0192094762989509,-0.00305379399037062,0.0519744902035521,0.0474757112204788,0.0763093143326573,0.0207589010088996,-0.0135196704109967,0.0508893010923009,0.0547699173764369,0.0673092290966672,0.0193613055944169,-0.00356913419236191,0.0555778744120167,0.0498600741898176
frank,100,901,1.86088378090335,0.2,13.3941941837613,12.8919681192649,8.69117175796132,13.8689998807208,14.8499016018898,7.62621191488492,7.37686220159591,5.29743405527069,7.8609966101738,8.34654246593877,11.7124588664156,13.141795674181,9.24017941843423,13.5640564465045,14.5491395183175,0.0228668592551188,0.0553075490820619,0.0476143140890834,0.0399112890151194,0.0592026525233666,0.0702429933662869,0.0718204819179803,0.0509155264175798,0.0772729428120373,0.0814550300240394,0.0608757997092666,0.0671803728813719,0.0490378270974547,0.0679913724026925,0.0700566963889617,0.0660665930523655,0.0624900201145955,0.0397061577694039,0.067510710151281,0.0732758806979675,0.0586553991086541,0.0637237083917855,0.045752454187779,0.0651482633287672,0.0690614273732943,0.074256471229295,0.0662239101240847,0.0507637131143554,0.0676635443190129,0.0637815231940889,0.0628792881689648,0.0633835209967419,0.0424137507382635,0.0669140088082777,0.0710363477884449
frank,100,902,1.86088378090335,0.2,5.53001143651319,6.30545831453131,4.05149147539459,7.8988353062926,6.27793001849967,3.73472677037349,4.11683348035911,3.00057977924308,4.90609468003711,4.10514562374027,3.7803284263202,6.21401434406139,4.54788147344297,7.39016269149363,5.34852892132555,-0.0294099472654809,-0.0241634571777558,-0.0262146811308388,-0.00391249541306823,-0.0191028444129257,0.0325697678592275,0.0352720882916009,0.021537794742979,0.0413227741350537,0.0330145736349736,0.0192409541367006,0.0149402141201816,0.0010029819527784,0.0264681850513015,0.0145579167428745,0.0250759339345804,0.031149492398249,0.0204430690350601,0.0375419142099205,0.0271832459094119,0.0316324247418226,0.0348951782030362,0.0222386432438786,0.0450841663018925,0.0369585111891944,-0.0526008264994815,-0.0102872383078352,-0.00651007509243944,0.00608366968333584,-0.0458718403001463,0.0243216430972895,0.0303205166625375,0.0199858919765174,0.0372345673221131,0.0262036655070003
frank,100,903,1.86088378090335,0.2,0.0866522824929676,3.48504829219672,3.49199089019352,1.22744629357662,1.47952683834256,1.03797850160177,2.7210914488529,2.72496686845847,1.60329199311629,1.7283636952156,-0.0479484568696238,3.10364598571915,3.21175426467617,0.982855822491045,1.11825339538344,-0.00717362954290912,0.0254007689264001,0.027443695411347,0.0106419332525429,0.00911104205881758,-0.00810026850598324,0.00578070638747552,0.00245230052224766,-0.00595328509128936,-0.00496880721293309,0.00181545876168605,0.0171774841343763,0.0162671591374413,0.00519557853473025,0.00724463911962541,-0.0065382506731467,0.0143433545843326,0.0153980542553753,0.00169165234372189,0.00235496002445008,0.000837167501440431,0.00903525714413579,0.00614725921682543,0.000984950358127252,0.00189160736612258,0.0103626663287809,0.0247662337600406,0.0232303752916082,0.0150278931673053,0.0158801007771861,-0.00459861965625842,0.0134169760219307,0.012973580752869,0.00142615466237609,0.00270104964553538
frank,100,904,1.86088378090335,0.2,3.49846318400963,0.519109953562646,-0.980503858976572,2.31167067017183,1.90518363329837,2.7265806473343,1.25272845772375,0.51045735411233,2.13973267736964,1.93878485982285,3.36914044830716,0.563696283639673,-0.934066326938792,2.19360603235997,1.97060064314109,-0.023607820023873,0.0106789460003376,-0.00276121426850773,0.000726775376565811,0.00473100331281392,0.0183412602870478,-0.0153266767292005,-0.0262322156290396,0.000358821300742809,-0.00516827720260014,0.0108021746915334,-0.000354016903734441,-0.00359975854272784,0.00691019987605873,0.00316942503509226,0.019728561559923,-0.00269404868189104,-0.0117559211397856,0.00815772770617719,0.00481050149820186,0.015345950240091,-0.00301223575231234,-0.0143916810292278,0.00652514822139076,0.00491165699219157,0.0198589506183589,0.00984673982582196,0.00504390335881545,0.0202512226911147,0.0167095365131624,0.0154598116990078,0.000188920728891867,-0.0082761417074337,0.0109898216678737,0.00688009136138641
frank,100,905,1.86088378090335,0.2,7.94393811975897,15.8258263691303,13.84500051209,15.3629470502059,15.5415663525061,4.92669048268435,8.82837603117331,7.84834798853152,8.59970700562607,8.68826654681688,6.78112874769301,15.8337196493159,14.3349454379196,15.2936963982773,14.899327941306,0.0490386993922459,0.0437238468704432,0.003855146524748,0.0710175574533565,0.0698400408783083,0.0462800389473289,0.0771506387753868,0.0626872002934388,0.0802535791089248,0.0762070321168503,0.0360940160460326,0.0753182210793772,0.0639249229805645,0.0729160512040496,0.0727300892698446,0.044539603896208,0.0768356977314571,0.0632562367324419,0.0774479873074411,0.0782569612994518,0.0378678000001876,0.0786146823599221,0.0663197394399626,0.0789941273419358,0.0786280889596387,0.0496847228967659,0.0865086040815297,0.0755977377354541,0.0832423050430997,0.0844793097787802,0.0421743591535782,0.0793318840248322,0.0680574094707546,0.0770819247060929,0.0779568911064085
frank,100,906,1.86088378090335,0.2,1.32728317772748,7.19604593288305,6.91810288327322,6.95327211243558,6.7473723745312,1.65122418887127,4.5564286065528,4.41958643776116,4.43631612258077,4.33480561995472,1.08956398467313,7.40562462666858,7.55943380903255,7.13290403248477,6.56413176613379,0.00533914073799111,0.042954353636841,0.0419992231065867,0.0447204411533823,0.0386893770950061,-0.00198719006343207,0.0374395858896145,0.0372677444202326,0.0346922725583327,0.0320039075366833,0.0115010255076913,0.0383528217419196,0.0321495491599277,0.0388536993811722,0.0372599636102031,0.0105442428072606,0.037004521374625,0.0338186247496039,0.0364123340784471,0.035321106207845,0.00653223938160299,0.0408753541325761,0.0398081233250617,0.039005774324932,0.0342858453154695,0.0135723030979888,0.0407163858261608,0.0321429681786146,0.0436376401477061,0.041601429658989,0.00803660036888213,0.0364868208379506,0.0333156264336517,0.0352561854396272,0.0338720124548162
frank,100,907,1.86088378090335,0.2,8.9897962399715,14.552937240065,11.5884012400882,17.3212996687857,14.8063382013031,5.44595308783251,8.19911592691862,6.7322804279603,9.56964676671013,8.32504441790615,7.17275045561951,14.4646695145822,12.128348719381,17.0666113278603,13.9876309610659,0.0513044096388674,0.0802503833238951,0.0665288753877847,0.0930554548122392,0.0814248255848248,0.0470771468356413,0.0789409859567985,0.0609505960526888,0.0925314393456757,0.0769544645190878,0.0442084790041148,0.0792845284011793,0.0642320174105902,0.0907230570705563,0.0781574249945588,0.0394743914631104,0.0682435966670431,0.0520465594060965,0.0812997986201216,0.0689362425850489,0.0458033596555145,0.0756105616762203,0.057186769300992,0.0892186944847742,0.0788233625860591,0.0433071603617024,0.0682220038875067,0.0541339786164409,0.0883519439569709,0.0745477187570388,0.0434704391251294,0.0729098489677711,0.0573493371999306,0.0864474024816209,0.0726835476040284
frank,100,908,1.86088378090335,0.2,4.11556281549233,12.9481967276936,11.8936882572085,12.3822824722879,12.8126297076188,3.03255108365617,7.40265853650182,6.88063077572581,7.12332911673044,7.33665001403256,2.96158580409212,13.228237141994,12.7845411325642,12.6746617379878,12.2016955737916,0.00611358659073961,0.0739148474581055,0.0680402270595711,0.0608109330566013,0.066308863037226,0.02168342406475,0.0728545035761845,0.0657726642442326,0.0687977503646548,0.070688137517068,0.0265438988211506,0.0688657003660308,0.0616107550270156,0.0669441669926228,0.0691469661046122,0.0199913584665939,0.0665817749907107,0.0621953474791965,0.0602726035711281,0.062067381375175,0.0196273164848245,0.0693080621884043,0.0659026066629418,0.0636830197196345,0.065170494752407,0.0301197534299117,0.07068892978757,0.0656090125657734,0.0695357671575117,0.0699990672245372,0.0192734623578001,0.0689477151402501,0.0640101036129508,0.0639946571626169,0.0656012184137143
frank,100,909,1.86088378090335,0.2,-1.94829605221677,-0.665014551435579,-0.671281758974228,-0.273466114167459,-0.661621898403584,0.0311850794433576,0.66530097807676,0.662495450344909,0.859436566073923,0.667166852176236,-1.8695739438922,-0.436360246913177,-0.262283309017169,-0.192496183545355,-0.554569929677017,-0.0343847688485099,-0.00545938089110271,0.000488594841533528,-0.00765666002928959,-0.00533513742503933,-0.000984815103529127,0.00376862595833644,0.00111368748809638,0.00791033169156266,0.00459775474192609,-0.0100861392927947,-0.00129512026023115,-0.000901295110702645,-0.000713348355147915,-0.000345532287703838,-0.00751238442806497,-0.00276396758896063,-0.00538286794910293,0.000977908474424496,-0.00161542399030552,-0.00841350497844724,0.00359820167526064,0.00179654740203451,0.00486194666883507,0.00390799772250159,0.000251289779792369,0.00412238351471528,-0.000903717338362904,0.00862114420559137,0.00614016809017787,-0.0123330113504194,-0.00124128490078596,-0.00172427043192023,-0.00100802737830928,-0.00233176524143111
frank,100,910,1.86088378090335,0.2,2.02338560346596,1.95820342806469,0.723166708917669,2.83984676544418,1.52567705104929,1.99968107340797,1.96598841457589,1.35452730137346,2.40225554556286,1.75244929238164,0.977505081981151,1.63805067088996,0.623974592876067,2.31185237255349,0.911304205276737,-0.00973731320139217,0.0197133988201869,0.00918184044916991,0.0240968073126385,0.017284981610702,0.0139210551607632,0.0064531840949833,-0.00631862623898395,0.017698509339327,0.00461986961907247,0.00157122545801262,0.00259708026936542,-0.00378823773756959,0.00954087839491072,-0.0031890753900944,0.00500183402223842,0.0084431793458158,0.00254336663459038,0.0130920574701918,0.00373411182882408,-0.0115948660337751,-0.000641169217541173,-0.00360421544491625,0.003431485305512,-0.00461529291509722,0.0190876115738054,0.0179914948752197,0.0128785413316176,0.017627372716803,0.0172620429629839,0.0014040403720469,0.00734238515342397,0.0014126969546627,0.0110532194812848,0.00200178369496366
frank,100,911,1.86088378090335,0.2,11.0529604459574,12.0033441087891,8.31439227916103,13.4844774027431,14.2219427386386,6.46419548733797,6.93690911340292,5.11206976654039,7.66946104316603,8.03480517976632,10.5668578716914,12.2786760502554,8.62761816872558,13.5764541476684,14.3671158207066,0.0366619575056623,0.0436844382250885,0.0378764337824609,0.0316207782846328,0.0195023592487811,0.0571069981259833,0.0566119919580493,0.0368708777801157,0.0643316864943491,0.0667577237048747,0.0621179691690658,0.0477692269929362,0.0179242883278078,0.0621175718569474,0.0629483336994524,0.0612474309988246,0.0603140703955705,0.036837460617118,0.0712681034707953,0.0731900902791868,0.0597051419768353,0.0581601885972258,0.0372694057696607,0.0677284493313876,0.0707591473186337,0.0652009096759181,0.0198527618726161,-0.0394829644482183,0.0648152467751403,0.0543136737602443,0.0594811208082656,0.0602203754588695,0.0395320328705119,0.0678962025189422,0.0715573758494191
frank,100,912,1.86088378090335,0.2,5.03179559915172,7.98471635179994,6.71840600147571,5.16076843354171,6.77766576358853,3.48585254105737,4.94816993687788,4.32139114065699,3.55070740516945,4.35064484063314,4.63003084210953,7.87165077627474,6.82720685260056,4.72685270656789,6.62930843806744,0.024980430424683,0.0495561978697066,0.0381570906712015,0.0341933732619551,0.0438882014782166,0.0214258658539455,0.0271881923715037,0.0243442377118949,0.0106773840530125,0.016989988482008,0.0277230498320343,0.0411064814215347,0.0336504409589404,0.0275886448228082,0.0352101415551515,0.0194477551270071,0.0325578699862525,0.0277431797792455,0.0176352414653402,0.0268761362766709,0.024019268282647,0.0381401580461377,0.0296088335410183,0.0258839418985721,0.0328975745859179,0.0339616581616724,0.0499233215138322,0.0427606774626483,0.0357561180819573,0.043870897252524,0.0246652664009909,0.0376216414188358,0.030226453098831,0.0234602427083039,0.0318233186553276
frank,100,913,1.86088378090335,0.2,12.8915372083013,12.069388848916,7.01421822477605,18.7902348182076,18.0567810011494,7.37616147809036,6.96783050611599,4.46589887761951,10.2949840698086,9.93242892042593,11.115386882138,12.8516057865107,8.11755784541806,19.2509032181985,17.8252137647891,0.0740329405106098,0.0666116635000908,0.0386448224172334,0.101656996735098,0.093117341567996,0.06179314986212,0.0355525575187826,0.00448066570430047,0.0783390385454698,0.0603850598351525,0.0657276515125593,0.0626770217519968,0.0369689863302789,0.0953686518856135,0.0905328799130014,0.0605624846230692,0.0611184930168854,0.0345675393929624,0.0936666350023577,0.0889227147250476,0.0657005194053531,0.0583319967786647,0.031139881993416,0.0892954254718346,0.085544249565614,0.0744568646848476,0.0497199360921218,0.00740000572743333,0.101800776559871,0.0985486428653538,0.0647673167810335,0.0643387461599703,0.0389000625352297,0.0972352509919502,0.0920936533190028
frank,100,914,1.86088378090335,0.2,6.48495978475715,5.90280751023145,2.45053250955201,12.7853569068637,8.90350643983627,4.2060843551874,3.9169836097505,2.20886952457863,7.32361925589361,5.4028755158575,4.88451112432003,6.19304393130209,3.06480473580352,12.8807491866244,8.53018812693182,0.0304440388767319,0.0394932742580123,0.0146497124100193,0.0600903618519064,0.0485012253787248,0.0117785547618879,0.0344968995363581,0.0149515989131037,0.0643843948573099,0.0459233576142693,0.0189685082767677,0.0182975237817402,0.000658250241324165,0.0507611395033502,0.0268362970771272,0.0347794835432614,0.0332314774470225,0.0152040441832047,0.066037019474853,0.0472629859836656,0.0317117351274964,0.028686770198377,0.00628199124350072,0.0669157191340526,0.0436890442782811,0.0104693325539375,0.0288325356414307,0.0166378187909828,0.0628078785947172,0.0223840680871907,0.0303577186550548,0.0274717619854935,0.0084444198246346,0.0627302344825028,0.0420114027741773
frank,100,915,1.86088378090335,0.2,4.75104985810119,7.8652281216621,6.46504254554749,6.34995983908256,6.09047933325801,3.34907924450454,4.88962677588563,4.19575142283001,4.14092710968496,4.01182690341244,4.06431079249014,7.65720309171248,6.65904939821404,5.34375507114823,5.65751989215915,0.033069762093405,0.0461651617847315,0.0367769977800633,0.0396444400655136,0.0403069622241173,0.019743695897618,0.0375223515575211,0.0336555710146054,0.0185151630774989,0.0250678003536094,0.0297395002362332,0.0453038505687514,0.0352626295065757,0.037702967169806,0.0378750104630255,0.0127913742090812,0.0329013321588351,0.0284023954629023,0.0224750878224852,0.0217931738693581,0.00172621709274878,0.0353267673644345,0.0358665205041243,0.0151558992813235,0.0146870008803866,-0.0521236937614228,-0.0185551795140696,-0.0234451922974437,-0.0552660160748051,-0.0376056361366562,0.0207293630089981,0.039592777113629,0.0345577457689996,0.0294661078516124,0.0288963923222568
frank,100,916,1.86088378090335,0.2,4.18792680759888,9.76443597445374,8.55962613822736,9.43520417476844,7.45794276863867,3.06882434816443,5.82951468641256,5.23360834438369,5.6662071970301,4.68967998205652,3.10208797776,9.40741080765258,8.7007806889541,9.13371108135249,6.29772824932393,0.0167211169963931,0.0578914976660785,0.0524919824522695,0.0571119167806378,0.0395744752239287,0.018339347676457,0.0469823922940548,0.0434638922894044,0.040591193096243,0.030218158542572,0.014636537689522,0.0449013417753866,0.0392583647103274,0.042144305629855,0.0273533700950272,0.0218227959970359,0.0408243657979299,0.0312194714518149,0.0423292171066338,0.0273027068334505,0.0238812605009648,0.0502389756949883,0.0415484907853141,0.050786587045428,0.03890549251922,-0.0356970341706486,0.0195199088386843,0.0265864337628994,0.00764470176580027,-0.0189055764365665,0.0171289135182727,0.0445441512750192,0.0385631630199573,0.0433041303693039,0.028347884186412
frank,100,917,1.86088378090335,0.2,0.50785909620416,7.48506732301102,7.95382548585737,5.22654620821267,4.76285675042019,1.24694771912099,4.70009349137344,4.93200975226458,3.58279196549694,3.35411057989396,0.00980220514442953,7.40678278288842,8.52292407218203,4.95113773950804,3.97675648909107,0.0055864153779924,0.0451428235744455,0.0479597746805592,0.0354042230292223,0.0291928271247749,-0.000498416965980476,0.0352849408555961,0.0398925308655161,0.0207016913743965,0.0165359438303688,-0.000327096494240984,0.0379537450274157,0.0410731569139795,0.0207455643026788,0.0206316667106951,0.000887823952127408,0.0345600785813614,0.0369814155008997,0.0225263325984701,0.0170792990285559,-0.00362476485826794,0.0383210056073425,0.040010461850074,0.0261312595766565,0.0250186080529887,-0.0064300529605942,0.0291524324377818,0.0336297632901034,0.032372422722775,0.00861333826998854,0.00313539884777961,0.0389948166933731,0.0409315112799312,0.0270420939069715,0.0227005672767508
frank,100,918,1.86088378090335,0.2,-0.621945012216043,2.72221513374489,3.11593261270811,0.50127518832884,1.3956024758928,0.685503703261772,2.34274753468004,2.53836664364216,1.24334999409559,1.68566083674291,-0.11617686505349,2.61568847757797,3.08926225451277,0.410645174362252,1.43758396296516,0.00237803913391011,0.0232032777539376,0.0208445972096054,0.0109617512781836,0.0167305779538495,0.00379419074973218,0.016090046527892,0.0136786349158048,0.00754444572682177,0.0137903172098048,-0.000404304808012483,0.00222204471424769,0.00133219098953044,-0.00594761804223246,-0.00166813498895701,-0.00185202429435174,0.00799840177802126,0.00818024865239437,-0.00257122760529976,0.00246769025755654,0.00236504595810849,0.00696384302681035,0.00417936290110123,0.000413211962240627,0.00609294127790055,-0.0269867132127439,-0.0173677467627655,-0.00456717828282362,-0.0527939203252316,-0.0424429692964457,0.000655740847902852,0.0150625861452417,0.0163137844527205,0.00306573738526714,0.00850201453843492
frank,100,919,1.86088378090335,0.2,9.69142137590001,4.34808119375568,0.601428625410388,9.78330757954323,8.78514309607764,5.79137757952547,3.14725348568088,1.29315404689666,5.83747318941451,5.34360973037995,8.83516167248041,4.8376892651416,0.978062748549438,9.98314319076505,9.06702158668426,0.0450089996113921,0.0121096465215962,-0.00893342896061678,0.0388973849739526,0.0355345278840749,0.0518837908232707,0.0290074372545718,0.00618374757508968,0.0579022029765857,0.0521376383675885,0.0503468532098275,0.0253262569669815,0.00533099645505493,0.0543281527834467,0.0478498196305179,0.0501541035998267,0.024312517459922,0.00212891439416017,0.0521716926440956,0.0464460770792683,0.0415063058110182,0.0110778314393364,-0.00837905520897934,0.03827276838332,0.0324980573062213,0.0583510030420883,0.0314600027442471,0.0121713411518935,0.0570183189484471,0.0533845843881457,0.0512566397140115,0.0228988434686011,0.00314846088893003,0.0511899560324365,0.0450447216325253
frank,100,920,1.86088378090335,0.2,8.13304656675108,2.73063615398282,-0.780254324438712,9.87921979369054,8.60010120973664,5.0194637674202,2.34589561027591,0.609249055361545,5.88352185166883,5.25077068576611,7.63473910508314,3.53202907027318,-0.238881797444717,10.5479060142107,9.29620069187399,0.0497271675196129,0.0199529592879525,0.00209936936763992,0.0580000858619335,0.0510923154867608,0.0345302946215815,0.00301945593450296,-0.0131068921520223,0.0417999104671551,0.0339831910228748,0.0410145935063904,0.0198545945578084,0.000890517386103143,0.0542899873569158,0.0476472576530901,0.043021768926732,0.0180377584491312,-0.00171533225248929,0.0548080741971382,0.0469591045398741,0.0345227812876449,0.0161146897008195,-0.0041593265206762,0.0504945627388731,0.0424165407928377,0.0363540437139963,0.0153676819743435,-0.0209061212169562,0.0576185515691377,0.0511857888400398,0.0437705708642108,0.0147017219671475,-0.00634493058457119,0.0523857908370047,0.0451655969426395
frank,100,921,1.86088378090335,0.2,1.07785172814463,1.15768996424871,0.0187357348509694,2.65898398718081,2.39407571235987,1.529872474013,1.56783937090303,1.0040391872252,2.31154331774011,2.18025577231272,0.479477334887126,1.43210040898702,0.561631918686338,2.55348655147138,2.36599638881104,0.0116630618259748,0.0132281446563631,-0.000321811031750674,0.023257859726921,0.0213487698999586,0.00739908209625585,0.00650745902386785,0.00143575928118777,0.00746483212629772,0.0101791613306978,0.00283720658381928,0.00582784621967372,-0.000247300057035717,0.0125004482671824,0.0108139615797267,0.00725294815799469,0.00725929430535104,3.76841688514958e-05,0.0137364380001924,0.0124243816402653,0.00069740718609459,-0.0074384938153813,-0.013474798946251,-0.00183400167103289,-0.000337469869219365,-Inf,0.00721060651992662,0.00838169590467627,0.012242752062685,0.0124446065156621,-0.00104628811823686,0.00645124101587607,0.00114674847866194,0.0110686362105776,0.00965072823893506
frank,100,922,1.86088378090335,0.2,1.62159744415423,9.89160306342219,10.9092024654676,3.87554266868665,5.03374302115333,1.79903607447461,5.89246761058734,6.39627472062778,2.9144902757547,3.48856687192147,2.02626572536236,9.62962431894185,10.6740397063384,3.46372063513106,4.69852234499376,-Inf,0.0100302189869879,0.0501420309449538,-0.0437597861998014,-0.051300595047575,-0.0032187861897649,0.053395110371918,0.0613294348491297,0.0166213496603434,0.0267808649852099,-0.0037789678477772,0.0445385539018302,0.0495537166481548,0.0162056225999274,0.0172790431054112,0.00564754172843961,0.0508809404972718,0.0552313017744011,0.0202860873322694,0.0249463725764034,0.011756836943076,0.0560930541894117,0.0610990335841513,0.0249410512839892,0.031222227480343,-0.00772600423926961,0.0510563658381013,0.0629230840962992,0.00796425481968314,0.0083003272255775,0.00507527064566234,0.0479705731252931,0.0526007347148828,0.0185576578107864,0.0222006696996624
frank,100,923,1.86088378090335,0.2,6.02144133749935,9.01550302762869,6.62648071699732,10.7278979220316,11.5637166564152,3.97509532942755,5.45620029167687,4.27365188741364,6.30481105430384,6.71802899084825,5.15048877557525,9.55778538407002,7.55717998029289,10.9075921480647,11.5862135226385,0.0116555323595604,0.0511832181385468,0.0431095677262304,0.0533602947482223,0.0549831660802053,0.0308282994305614,0.0360149965860281,0.0223491069219487,0.0421982869973291,0.0505081559282051,0.0347780014253466,0.0495676241954942,0.036150931294234,0.0584431058576777,0.0624596870756841,0.0358688161802584,0.0503973566995916,0.0380677267579508,0.0582150059581197,0.0633859280732801,0.0308186599213837,0.0494346859359649,0.0374430620184004,0.0581760612060532,0.060732757502894,-0.0185499517985207,-0.00054033691509551,0.00653577667878182,-0.0294206835936363,-0.0135068442346499,0.0315163254198015,0.0467072540667312,0.0347217393286629,0.0534273754415788,0.0588980494893098
frank,100,924,1.86088378090335,0.2,4.2892506897498,5.64220265727442,3.06070063246875,10.6435218025687,7.08922435694128,3.11892341432397,3.78848787537364,2.51164588835445,6.26378483540699,4.5046534956508,3.06053317592562,5.67150828249415,3.40273570195823,10.6189665203069,6.68952231122916,0.0200541690914678,0.0337013677826389,0.0197437322663546,0.0626824310796101,0.0430181036089584,0.00980878882966063,0.0168265790239148,0.00480225499371185,0.0377931740341155,0.0203416520479101,0.0247917058168946,0.0280144061297783,0.0133814797979987,0.0511407195466923,0.034688425777018,0.00748345638476809,0.0251151181390124,0.0123658585351621,0.046023686020921,0.0304671044744414,0.0284288186114146,0.0309855540956404,0.0148402422317771,0.0575434344677751,0.0386739036056605,-0.0130763806679501,-0.0130035576800902,-0.0153836322648321,0.014004410634361,-0.0314099510665834,0.0212934038617234,0.0288575689795594,0.0141938985684776,0.0542432707020672,0.0359205219891548
frank,100,925,1.86088378090335,0.2,6.02672946606933,8.4789510817668,6.37734128668278,8.7050169876552,9.22614743463235,3.97914531281168,5.19248042617887,4.15344129589831,5.3035804140315,5.56144530520635,4.68606986913669,8.28729388981634,6.18560039567941,8.82507431899225,9.0250202418899,0.0142297286135417,0.00666275997430584,-0.0164109717281827,0.0344453100534693,0.0225942949427839,0.0341540945938813,0.0367972455084679,0.0124812031397346,0.0476054675926276,0.0507224765096389,0.0333372453393704,0.0432942129816201,0.0300342745563447,0.0474117138692572,0.0496407908360719,0.0275186945062551,0.0418990925631216,0.028609374248813,0.0463787367204929,0.0464666952403474,0.0281433409475356,0.0456414786378311,0.0322156904441563,0.0465428625260489,0.0496291276324116,0.038328820440744,0.0481866089866025,0.0312366235960072,0.0531864952939605,0.0547334760685239,0.0291223591797143,0.0411804565564398,0.0277092148364369,0.0446696253506938,0.0477746565519447
frank,100,926,1.86088378090335,0.2,1.61822652320753,4.63676597034266,3.83605327901528,3.97072191711173,4.45534472714855,1.79591263011257,3.28991619256102,2.89410435023073,2.95997634685725,3.20050262177774,1.2183293312569,4.7182969273243,4.06826411697892,4.14480542256031,4.24383139122471,0.000386435668284595,0.0320518652995568,0.0223969621886984,0.0298176230175018,0.0322363218828369,-0.000812552399919177,0.0304490537493793,0.0217295828715038,0.0270646792484769,0.0258821822374148,0.0149840146442459,0.0236394574185175,0.0167913006237576,0.023340031219635,0.0229302008288961,0.00607199065174538,0.0212498035415433,0.016485187296085,0.0200363835061814,0.0192190362506848,0.0044932523710806,0.0198266717269338,0.0141799002178858,0.0171016391177882,0.0194312350181696,-0.00164533255013807,0.0329732854255181,0.0272852655844417,0.0222649731066002,0.0286171415615301,0.00778830072252447,0.0249712017992322,0.0203851244629444,0.0211670164912081,0.0221928418123343
frank,100,927,1.86088378090335,0.2,8.8999893066984,16.0418520486982,13.6720670637966,16.4214709511936,16.2344544962782,5.3996163855105,8.93557770338896,7.76349527221,9.123539724676,9.03110932882403,7.83917313445455,16.1311184442095,14.161270702581,16.4273829058193,15.8067213452826,0.0431764798670708,0.0855304694959434,0.0766760958813141,0.082835033829512,0.0882220425371625,0.0477006428569997,0.0830634797526704,0.0613791482541603,0.0903474416395215,0.0883944368357926,0.0490715334578333,0.0779096547120283,0.0607063656430122,0.0856286897853135,0.0834228696787441,0.0441138809999587,0.0787140183759685,0.0661321724318772,0.0788468875647535,0.0786681585757455,0.0489273344037245,0.0797438222901837,0.0666767749631143,0.0795482104487574,0.0808825849560729,0.053542427537633,0.0762591801873192,0.0469105522520673,0.0919759306758229,0.0848643506777831,0.0451713300088552,0.0798607410429407,0.0671393769349148,0.0808281414505585,0.0792798444737076
frank,100,928,1.86088378090335,0.2,6.59358370919418,19.2890862699791,18.4166929967773,19.2346806194422,19.074035747693,4.25845355821545,10.5412826760923,10.1097042212675,10.515008812662,10.4362883404944,5.38823846354341,19.7148796399059,19.6227170011639,19.5917448226999,18.2899380421337,0.0131678043618265,0.0912019630104866,0.0936499326383616,0.0934186627985227,0.0708949082199784,0.0255335292653465,0.0948000179731818,0.089041917846448,0.0876951727058815,0.0908359153919155,0.0386938535544248,0.104047614194012,0.0980569382358832,0.101587818248392,0.101948901400795,0.0304415145146643,0.0962077258547702,0.0918940585172217,0.094932893552172,0.0919273787202738,0.0393190206933054,0.102596674108155,0.0957459461383129,0.103342153844548,0.101576596224658,0.0428520834434069,0.106270994049279,0.102083180029758,0.104152541743383,0.103733544502661,0.0333896234174307,0.100276903198076,0.095799876240738,0.0985739471727439,0.0958802872390307
frank,100,929,1.86088378090335,0.2,4.70380140742891,7.69886905207678,5.2010506838463,11.7111139617414,9.00567605013914,3.32402623693528,4.80576296488674,3.57003041379928,6.7917879984503,5.45285439594859,3.44503189851136,7.82120659084572,5.67795126731121,11.8760081776243,8.55917175646647,0.0255921779086871,0.0422595342414708,0.00484250648081935,0.0683562527850152,0.0550152593402572,0.0230447212036452,0.0318853813465863,0.0153638495081448,0.0507189246220578,0.0396198553965687,0.020926302239514,0.0296540960056823,0.0109728299750853,0.0561050008161167,0.041242378142159,0.024829955735211,0.0439910732959665,0.0306001597970894,0.0633279015595626,0.0493943771528386,0.0262421912500305,0.0413229254266028,0.0281135614413749,0.059972246253117,0.0454809492456161,0.0335135177426984,0.0463154401396232,0.0347433064096309,0.0606133533616649,0.0520407881160484,0.0216096517373765,0.038675505937342,0.0234826988776811,0.0594316860545205,0.0457748912615255
frank,100,930,1.86088378090335,0.2,13.9084795050945,14.5629635319979,10.1376774612994,16.0449518371167,17.0082597553188,7.87986291215835,8.20389426058754,6.01402074078152,8.93756333624988,9.41411133762304,12.3175777432226,14.7616051802112,10.4058670445373,15.9210512025786,16.97804614987,0.0272444783801241,0.05219524207841,0.0465813793304059,0.040348073914615,0.0397378940154319,0.0645393816117899,0.0702787934459845,0.0456797848733204,0.0735961924691499,0.0792603927234585,0.0681042509519364,0.063820084410206,0.0374332970025477,0.0759003355231531,0.0803908913393396,0.0643146738828563,0.066843656760019,0.0445495071468977,0.076567256887109,0.0785784671267835,0.0694559692447481,0.0630761873334146,0.0370844646804614,0.0759792551194592,0.0796508421938773,0.0782453939980436,0.0825716134402554,0.0601830866057594,0.0897130608158814,0.0902011095843139,0.0710078977296886,0.0751163980882493,0.0511268366639267,0.0815343900950183,0.0875460270413859
frank,100,931,1.86088378090335,0.2,4.77264166346678,5.76305008591657,4.25956730757114,4.45994977537692,6.21681531965866,3.35677880020762,3.84782855702897,3.10391107514524,3.20272641027557,4.07241347556851,4.74171218259032,5.94121768876937,4.49307155295412,4.41687857982533,6.37333617283728,0.0327025550736191,0.0241744533680431,0.0174684855680004,0.0129248167375298,0.0260579648049333,0.032547426485577,0.036718134915517,0.0280274387072127,0.0318585196553196,0.0395432336855864,0.0246718384740143,0.0234812783571727,0.0144702361217763,0.0204569753270643,0.0284052113389893,0.0225223006759995,0.0273344521392918,0.0207421992885753,0.0210472614877143,0.0277388375165673,0.0213615929417613,0.0193464249632879,0.0126401093244195,0.0154662976004803,0.0220393157182854,0.0294899424838949,0.031848257794602,0.0232079061565396,0.0282858564165078,0.031050668656861,0.0248321739120927,0.0275711501287003,0.020467856863519,0.0208095204736721,0.0288292914150183
frank,100,932,1.86088378090335,0.2,1.68795422657547,5.7590953403253,4.93664399463414,6.08671936304658,5.60301466734468,1.83097922945804,3.84521401272997,3.43800749363848,4.00836455297597,3.76923985735959,0.994064685324626,5.94194181469444,5.63348363922656,5.94049384307948,5.05917298600923,0.0136354175350509,0.0384717110814726,0.0346108880351557,0.0353756863985899,0.0365470443838542,-0.00857149058406267,0.0150752209221686,0.0158920834159666,0.00438059489593338,0.00390448152542829,0.00929863501597557,0.0318714531531373,0.0268548017931525,0.031041554823898,0.0316265423555766,0.00704429068887162,0.0296594727249656,0.025941088994221,0.0288288067832312,0.0266981526492026,0.010630413745297,0.0293213264232453,0.0235855868938261,0.0315638219402686,0.0291164218671962,0.00658007569776646,0.00391472992059785,-0.0134097083705362,0.032785221807342,0.0238674500706876,0.00771038802962658,0.028669227653449,0.0244214477694646,0.0286344853843582,0.0260399500327004
frank,100,933,1.86088378090335,0.2,8.78583402812761,9.34935183605341,6.26318941281434,11.1100803141781,12.4383429406913,5.34385537215601,5.62188724281449,4.09440970625545,6.49374939196904,7.15155309432301,7.85199042517478,9.93430395926913,7.09132212565345,11.3260770732362,12.4622253942759,0.027750948367852,0.0516410783606503,0.0393573244583459,0.0565651615643297,0.0591765008773941,0.0442187169316835,0.0474810234950657,0.0321233003074912,0.0583152694928365,0.0639991881324462,0.041391860169387,0.0487105795263348,0.033490940985309,0.0564523212390981,0.0624420012125113,0.0437524848800234,0.0462057313226321,0.0306691924581297,0.0534113879987959,0.0593415466889623,0.0418818255642504,0.0508695199067309,0.0355945922193225,0.0543302828772336,0.0626883035286921,0.038101361963694,0.0332076896822128,0.0176005396102805,0.0556786840458448,0.0441733987143557,0.045343732964445,0.0476086241742553,0.0309962454264213,0.0575958148354216,0.0633240608553555
frank,100,934,1.86088378090335,0.2,-0.77673612858412,-1.3920038635553,-1.78483713117738,-0.198274705062904,-1.12794350504939,0.611230968725515,0.30760959103557,0.11279094507314,0.896850461518966,0.437300929145681,-1.00548392934774,-1.67003051787606,-2.19542287324125,-0.123631040645651,-1.22611727613057,-0.0140792452979408,0.00244889625107127,0.000725161970295552,0.00899440927349497,-0.00287598679856324,-0.0093454942739166,-0.00839499432133998,-0.00925904977233606,-0.00822412183660758,-0.00754862602232239,-0.00151427540732964,-0.00300889156210629,-0.00602861027484067,0.00577273574383084,0.000364571834256209,-0.00144335031302558,-0.0101983399753345,-0.00950844567228724,0.000566111893764423,-0.00514424204521742,-0.00939391611063798,-0.00742080944825403,-0.0064345599223824,0.0014558963858727,-0.00590040720506674,-0.0726213039495743,-0.0321930529206889,-0.0177550589026439,-0.03295448647341,-0.0671305331781595,-0.00473789247799221,-0.0121464318190041,-0.0131534287927315,-0.000424659823156834,-0.00732804612990078
frank,100,935,1.86088378090335,0.2,2.02895888253494,7.4026719292036,6.8666711552614,5.90929875063697,5.64573951887396,2.00014899849713,4.65937487073441,4.3937799734001,3.92098072007341,3.79084254588084,1.37998258225198,7.36033566576401,7.3255332048627,5.59455789590403,5.03035435515851,0.0197651827794938,0.0255051660385107,0.0176963959000285,0.0226845237156425,0.0284678247369152,0.0165199406974737,0.0465589847335865,0.0417849981197869,0.0385916513608266,0.0372816527528932,0.0112711872650448,0.0375956269410283,0.0363487986715681,0.0276107996820234,0.0261015469728982,0.000529598550990992,0.0361335085346238,0.0359760755277899,0.0257898221607969,0.0215328990138925,0.0100215457131748,0.0379236902961096,0.0364914617694833,0.0267599643696023,0.0262388670113708,0.010682981585912,0.0334841089908142,0.0280599461647294,0.0336499821781501,0.0310216666737581,0.00873956491830345,0.0375528227741207,0.0351536690773723,0.0290017075546042,0.0262792106757396
frank,100,936,1.86088378090335,0.2,0.551393288647533,0.331655543671303,-0.525738525879018,1.26376243764193,1.10979441999187,1.2684352167057,1.15934249468093,0.735179302489115,1.6207823863229,1.54452593041517,0.256011983486732,0.36339393957658,-0.471834897776698,1.20336728911157,1.12823987827239,0.0120910069099958,0.0107159742048296,0.00508753359551523,0.0162869820162659,0.015404196136908,-0.0048412038805607,-0.00418610994087614,-0.00690097055855703,0.0047992520908613,-0.00110295829235293,0.000716302378623562,-0.0026789360864553,-0.00684225198463779,0.00353264953086956,-0.000601425849511563,-0.00238215351065012,-0.00161960257436279,-0.004963654381264,0.00112085367678497,-0.000160067043652192,0.00324550371278737,0.000196429133184692,-0.00532968480603717,0.00671235569798888,0.00444698251493597,0.0111316673081597,-0.00535402480120435,-0.0161344209608785,0.0128985729788386,0.00872703989145891,0.00225326293955898,0.000979083174793119,-0.0043867518387996,0.00599210999785483,0.00521814050308541
frank,100,937,1.86088378090335,0.2,6.05727832221854,8.45035352627167,6.74344699009175,6.96788016962085,8.36017344063712,3.99523160664329,5.17811467599022,4.3333527139949,4.44435562249345,5.1342781334029,4.76083208501403,8.49188848115696,6.995516800152,6.8381982559652,7.86238137953735,-0.0606286262644397,0.0170078402190596,0.0256609707256948,0.000302584497955207,-0.00846623763091871,0.0179006022622255,0.0394325259093866,0.0316004489670457,0.027647689064812,0.0314578315339259,0.0308163953155321,0.0395971328842934,0.0275474533736771,0.0347582525298068,0.0441250722791186,0.0253224022860708,0.035595147791877,0.0251764008356858,0.0332104945374083,0.0358309566221073,0.0269978957815695,0.0439798907425431,0.0361577488401842,0.0363740410400051,0.0413073782825417,0.0374469189241264,0.0504884297014805,0.0405718570190555,0.0447837128397348,0.0478545966034093,0.0257978543245638,0.041892799261621,0.0336303657899387,0.0337753050826346,0.0386892611791692
frank,100,938,1.86088378090335,0.2,-1.03562363956289,-0.710581754898294,-1.45691802600386,1.77673352914297,-0.974957636970975,0.483769504257991,0.644728196970797,0.275803707047869,1.87451010415959,0.515796991017533,-1.58278042802224,-0.93402971685647,-1.63524722658443,1.84293322775008,-2.02225784307247,-0.0300411253174245,-0.0186732762045177,-0.0115235510038698,-0.0205501190568233,-0.0256038063947003,-0.00342116515913907,-0.0118875584633745,-0.0164406256369967,0.00588485014533796,-0.00715129123318116,-0.00903782837434237,-0.0107572118894646,-0.0153030127736617,0.00593313934435646,-0.0135206805504141,-0.00539610059474812,-0.00641247987617812,-0.0110608335517878,0.0079281390227602,-0.0105684516019158,-0.0173514025500452,-0.0177795404556677,-0.0215708002801577,0.00161968488036657,-0.0314630606097517,-0.0255625433745616,0.00631106527602806,-0.00362341354875313,0.0181043559275111,-0.0117219483868814,-0.00879023813692892,-0.00689491232106894,-0.0116755278279744,0.00862441526305493,-0.0131607603441919
frank,100,939,1.86088378090335,0.2,-1.66428689749881,4.55812950041004,5.84789511962542,1.70324161036336,2.24277532019174,0.171718539525715,3.25079314539906,3.88971888539876,1.83764847268654,2.10489690735757,-1.69771069531265,4.48800022769315,6.00645263510519,1.86327779061442,2.0526333060768,-0.0222411120975369,0.0267927441012057,0.0367417598084581,0.0108039582618604,0.0062490527673741,-0.00990030312458041,0.0239771983583598,0.0294795455601088,0.00978464534409279,0.0127520912529903,-0.00755019690248689,0.0263886156372846,0.028614931743118,0.0157469511037247,0.0177776670098632,-0.00508221480936437,0.0268522220519079,0.0302709361538628,0.0133964731217209,0.0155914622554098,-0.00905401753046373,0.0227555299602969,0.0265334488840878,0.0109589718073253,0.0126859540056044,-0.0244800155916431,0.0311673144032606,0.0388007650519035,0.0139754713483549,0.019544497799692,-0.0107649089122167,0.0229775346511518,0.0279944524344715,0.00903059457702652,0.0103045398542651
frank,100,940,1.86088378090335,0.2,10.1680006262695,2.45546045682874,-0.61972762226197,5.87037351589195,7.4008702847001,6.02831305631982,2.21037165427306,0.688479983939445,3.90017753197958,4.6576592863161,9.7177438750365,2.9985184274168,-0.299348599460069,6.10304439314185,8.15156690519753,0.0571305172918939,-0.0089749585949156,-0.0365329127081814,0.0244816398395241,0.0327026358185031,0.0516723100470886,0.00235762944307361,-0.0149732311847922,0.0181358667067452,0.034041981059158,0.0504546327262029,0.0135712763676672,-0.00239469012999418,0.0309940469322261,0.0394755544010934,0.0519542659479204,0.0113792190230571,-0.00362764988819497,0.0286989238502481,0.0364237951403995,0.0503499064280951,0.0110124386176842,-0.00451640737959476,0.0302772789934012,0.0376929336155149,0.0451362586814246,-0.0189755411788507,-0.0214905854773687,0.0048062376902458,0.0171470427739446,0.0507058240838531,0.00981977375130148,-0.00623330383919433,0.0282070002160136,0.0366892255703589
frank,100,941,1.86088378090335,0.2,0.584516402506742,5.1892772581194,4.64954082923231,5.8421782456701,4.50111223369046,1.28496116236743,3.56376474353747,3.29722008552392,3.88690671018931,3.22326147031467,-0.00924943537424072,5.13843577541946,4.9505023254295,5.84970766143262,4.18279001579417,0.0104169976685309,0.0357255299170205,0.0332078858986177,0.0381914399370922,0.0325054848044513,0.00202973782982763,0.0231773278076326,0.0204692252504594,0.0248002892022062,0.0153526094510223,0.0023928868686966,0.0229638663655738,0.0205100910867909,0.0285607667722126,0.020028156681735,-0.000269122844058087,0.0274801585350626,0.0255484914133921,0.0307117527207232,0.0230948055229507,-0.000579129453758331,0.0246463623177316,0.0201457881762053,0.0277413110267832,0.0208415720242666,0.0129225820113822,0.0317593528497503,0.0247989760780218,0.0380059487585418,0.0324921519996529,0.00251354099012974,0.0281520523326834,0.0237655919364668,0.0325966876004914,0.0245343841054483
frank,100,942,1.86088378090335,0.2,0.327026743843404,1.86275172576316,0.961390409197998,3.08132143097257,1.40412829920665,1.15711846654002,1.91837451814139,1.47269171317449,2.52144008912766,1.69085378419342,-0.0370964997475962,1.4628105149155,0.743498089966239,2.68309405507557,1.0837524286681,0.0114124738730138,0.0193051336643239,0.0148065412749863,0.0253977955002655,0.0169973759817199,0.00907499642105865,0.0116440792201277,0.00603610135228422,0.0172819060730161,0.0104047012194183,0.0017578034228565,0.00934336662402108,0.00412420293436247,0.0128611624879603,0.00801581694060623,0.00239214877096037,0.00825488518203936,0.00192571448178006,0.0151091976468703,0.00822072631748966,-0.00714464119233789,-0.00204000694642038,-0.00779536219100233,0.00272239504922661,-0.00562568543057166,0.00855352326897791,0.00844315633831868,0.00615242099627843,0.00500925968196933,0.0073930899960743,0.00199320927137662,0.00736581921819798,0.0019639584532723,0.0135820196935869,0.00561472398107252
frank,100,943,1.86088378090335,0.2,1.29117055128921,7.14893642177228,6.94263461766836,6.25969470811835,5.75431519836178,1.635193097932,4.53347273278179,4.43154767880287,4.0935877049187,3.84469001752663,0.493452524620349,7.21145135257935,7.49159045316939,6.23938893136743,5.0091138607555,0.0127115044680812,0.045577227657153,0.0446974174061577,0.039511227053053,0.0374632736354073,0.00775475103876706,0.0423251840283777,0.0387594333686367,0.0393124824649045,0.0338141463709127,0.00857629765117543,0.0393777515388833,0.0347380413763569,0.0359560911816665,0.0307882166300083,0.00249510342074017,0.0355353942694106,0.0337292738876434,0.0308406153316568,0.0243586871942146,0.00276270233800574,0.0394959459136788,0.0372796285691609,0.0352546283057742,0.0285210178674707,-0.00530312224727275,0.0223530448348055,0.0172294676032888,0.0357810851262777,0.00684801254040567,0.0030449999516002,0.0352918255779154,0.0336821711193405,0.0297605474912315,0.0244307841350093
frank,100,944,1.86088378090335,0.2,1.96457836757514,1.28425294148925,0.175116169201062,1.79242905524922,1.06719145989231,1.96775103673667,1.63239321210914,1.08371613314838,1.88327139231581,1.52454770919301,1.56219500177819,0.867641352723354,-0.221771670152838,1.4500029128871,0.747622314634853,0.0177440191631913,0.0164058329044889,0.0107710332790774,0.0180257113917475,0.0146737959138361,0.0161916219626204,0.00506840806764213,-3.78286541524941e-05,0.009956663994866,0.00620024445206295,0.00560519827617294,0.00339081867092978,-0.00414316258379391,0.00651717675000145,0.00208353350444666,0.0110000655436245,0.00248012351457042,-0.00875694893568716,0.00947790333518087,0.0043923274014906,0.00546963136589234,-0.00341244438361688,-0.00587239047584678,3.26787979481213e-05,-0.00395127080496619,0.0187951198191369,-0.0126608780807372,-0.0218013292017782,0.000553487932004369,0.00629475223620978,0.00931283340257167,0.00202659524760449,-0.00413593319737581,0.00553558987080621,0.00223069740003265
frank,100,945,1.86088378090335,0.2,8.07471926325312,0.746420977828893,-1.4788598523239,3.59655068269995,2.80714609515085,4.99370271002782,1.36639214145598,0.265099983007131,2.77587744523776,2.38699924460281,7.00803811519665,0.635273210230493,-1.78871958652212,3.42818621071402,2.42581941586889,-0.0294328449540048,-0.0282417927067459,-0.0192096552506923,-0.0191451520354051,-0.0386069608271071,0.0202937343063023,-0.0141159445057642,-0.0114584165306345,0.00268402890357462,-0.00561778700763647,0.0437377384921683,-0.00688893030155835,-0.0213772084057259,0.0142445396865186,0.0106141372086813,0.0406918497311671,0.000173293164603306,-0.0107439236612858,0.0151308359064908,0.0105049589109991,0.0233436960784716,-0.00518970897397512,-0.0144924423452618,0.00837986475473354,0.00196524070282014,0.0498757032180942,-0.0225045569135686,-0.0379486258423935,0.0114060372563896,0.0135769056317204,0.0278027373334837,-0.00325032419771929,-0.0134538421520119,0.0138047933447053,0.0018570807827724
frank,100,946,1.86088378090335,0.2,4.89215187064595,10.8918527054617,9.55021310436277,9.21927456946811,10.0751101464154,3.41553931976314,6.38618903780626,5.72255750262131,5.55846249155605,5.98210196446745,4.55448766915169,10.9872806946195,9.9514982534259,9.23231373415608,9.90581487110448,0.0323217480917077,0.0609192432790879,0.0535764492343895,0.055473151544364,0.0591931419491346,0.0185316695132019,0.0505216535382536,0.0483047261444531,0.0336868485378314,0.0408391726873463,0.0262005359564541,0.0466269942811568,0.036361399508427,0.0400257872965712,0.0442775240054781,0.0278743303716444,0.0540651777683913,0.0462770177931064,0.047142964656608,0.0510906203685961,0.0281035532397923,0.0565165452286226,0.0514443879720036,0.0460252566093061,0.0493143123136816,0.0267738702761722,0.062720583988033,0.057686080114456,0.0502513051043351,0.0481883756775238,0.026430086054494,0.0538582132468546,0.0459703636420666,0.0445497737744436,0.0495023311312793
frank,100,947,1.86088378090335,0.2,1.80030404604992,5.43554422306369,4.49403730729843,5.35066544351457,4.52355403569087,1.88772059184397,3.68592097878281,3.21994100940068,3.6442884435972,3.23518385627735,0.733943819365054,5.26877731618909,4.69800128034213,5.10677078389638,3.89201908211625,0.0184065029667342,0.0176432957000864,-0.00881777954076324,0.03181240320132,0.0296778326423806,0.0015219322445673,0.0101972564281793,0.00552004115783733,0.0126274769351768,0.00986453186396097,0.00539576808297982,0.0306065845660503,0.0272595742169544,0.0258581111693627,0.0244131926681202,0.0104014844727781,0.0294026876839426,0.02370623548993,0.029606020776501,0.0252836089460031,0.0024422012193514,0.0225930525372821,0.0201765776239007,0.0192904204652971,0.0144233574727127,-0.0145627453339412,0.0311396119619855,0.0309041107159951,0.034288874833349,0.0200430485945354,0.0100097703879494,0.0270781556879782,0.0209360116867256,0.0271097112268998,0.0233110413404361
frank,100,948,1.86088378090335,0.2,2.07398964643564,-0.879639143223346,-1.93300739718522,2.12087159741592,0.542741666039249,2.02297322933766,0.560836167166277,0.0397075563619905,2.04555055226145,1.26468834589913,1.20988204383307,-0.976480568027992,-2.10491821273822,1.92480250981352,0.331319977626251,0.00315424582117615,-0.018655834605328,-0.012406163962483,0.00276862341982396,-0.00245466858144219,0.00967196057045911,-0.00578363152900347,-0.011498157657165,0.00943264471704059,0.00649396821788983,0.00391384487149866,-0.00831558830151037,-0.0088451512170921,0.00404464144651471,-0.00246124157983466,0.0102033708987939,-0.00448168758036068,-0.00836327560058087,0.0121964670279564,0.00281159439134338,0.0145581835658859,-0.00170810810780335,-0.00812576982344818,0.0157317588044891,0.00890978290487353,0.0200531175049814,0.00557015649888438,-0.000548808756371393,0.0153246480885338,0.0122853669638279,0.00218139770358917,-0.00825863446270078,-0.0128426289601725,0.00789179979725999,-0.00429447504415005
frank,100,949,1.86088378090335,0.2,0.976894576320789,5.03174452054798,4.19185659161857,6.47573869958573,5.02299852679534,1.47894747917207,3.48493072911152,3.06944037193625,4.19983285049585,3.48323185800989,0.351921324675532,5.34426823229318,4.92598126174729,6.71937886668426,4.1455081261733,0.0126868497346122,0.0247470852447441,0.0158008874128271,0.0365983015513507,0.020771631235483,0.0130935700531476,0.0304798385075354,0.0239744615951808,0.0393789376458141,0.0274851458301583,-0.000277776896911247,0.0265687699054566,0.0224414931983685,0.0354554401277915,0.0156242493408141,0.00521490866649118,0.0259221293125671,0.0219407413573983,0.0315328000367003,0.0197936629796103,0.00548036501616275,0.0259200394042139,0.020970280728513,0.0329364864248349,0.0220940240861477,0.00972096267173863,0.0349203879186008,0.0307670961017371,0.0399886015887284,0.0351095774544439,0.00399722248171214,0.0263973814644276,0.0210385183903675,0.0339132123138093,0.0212779854504465
frank,100,950,1.86088378090335,0.2,6.75508518442493,3.13903107087011,0.37150754505782,6.50481630949618,6.8069284281605,4.33851759181143,2.54869876666653,1.17929363036652,4.2147405104764,4.3636534730339,6.08239280462888,3.49276691624954,0.674935574294355,6.5844234925421,7.27447231928205,0.0410413530792367,0.0240565751405393,0.0073988170013105,0.0422672411553425,0.0436139441270329,0.0336855937414197,0.0193536428232405,0.00153771425784633,0.0399064073692424,0.0410108836716174,0.0400817891623453,0.0209745880025242,0.00634130767871394,0.0376301193806381,0.0399662241516463,0.0355515863175424,0.0218326109425877,0.00731067335295445,0.0388385741865595,0.0403513096763425,0.0361979888143486,0.0203747541693502,0.00439879842377317,0.0373563683866146,0.0404450602420831,-0.00124725005188056,-0.0282943891981954,-0.0332033904050345,0.00781137433954156,0.000199877943781437,0.0343500036645263,0.0171748373213379,0.00272426511152088,0.033468215626214,0.0363036485781154
frank,100,951,1.86088378090335,0.2,3.2794534213957,7.69841808068065,6.81919254019674,5.54956534227591,7.40440358946987,2.61661050246365,4.8049850413322,4.37009725746629,3.74167416657831,4.65963870511111,3.25345329594826,7.92458136857631,7.2785842860041,5.65898980992366,7.4148363140384,0.0123590848649339,0.0462043948073732,0.0437927279374029,0.0283106716548087,0.0403112661056766,0.0117665260103537,0.0259581774037488,0.0193207471621787,0.021052912080781,0.0200086679430157,0.0175669583561388,0.0422807412963687,0.036729799803929,0.0301890811131456,0.0390350321554159,0.0171747953995745,0.0407896201405814,0.0360356974564924,0.0292950438743473,0.0383906895363624,0.0199807652119394,0.0384041850209304,0.0339759018597024,0.0251109028953471,0.0377545889917411,0.0105780272102575,0.041160810867794,0.0424337739850795,0.0209942173291821,0.0336070300186104,0.0200276487324229,0.0408550923441344,0.0353144556994725,0.0302557325870853,0.0388610618389532
frank,100,952,1.86088378090335,0.2,0.0319081329972031,0.939579495164334,0.697897149478309,-0.546009622233531,0.310580445879979,1.0125526487874,1.46045987345404,1.340824923292,0.725147512320422,1.14982801897746,-0.591579954841391,0.828467767565132,0.753210552560627,-0.701435860709529,-0.0873327091477978,-0.00580460863186396,-0.040895723881995,-0.0420234204829444,-0.0340808565346181,-0.0367990615104082,-0.0124588963861708,-0.0101181407494578,-0.00740998949200915,-0.0227830748056143,-0.0133319632033149,-0.00242903615574888,0.00710640859421825,0.00483515536325352,0.00070232382237164,0.00310351343572278,-0.00138939095853102,0.00375607676655695,0.00290971161331436,-0.00206247466648253,-0.000837025931900703,-0.00523100882444601,0.000313903581485229,0.000704581359928227,-0.00526499588621608,-0.00626191409967838,0.00870989054641224,0.0127293631258969,0.00993867129246773,0.00669822693963503,0.0113606468868179,-0.00260113395588387,0.00356182656507585,0.00160929558839058,-0.0028060355456983,-0.000162986009429411
frank,100,953,1.86088378090335,0.2,3.83323901335447,1.58483772092566,-0.526481514906186,5.28929667187221,4.74862673350714,2.89129011225414,1.77911631230167,0.735009533322018,3.61230886651818,3.34472016932791,3.61349711094946,2.05589033676684,-0.198649504452499,5.63771933879326,5.2135919634847,0.0268573475069063,0.0151077921059648,-0.000183808232100068,0.0361712357369951,0.033083405953818,0.0222542321875542,0.0109426527544984,-0.00178309521581155,0.0306015478152403,0.0274748610888565,0.0208779089982538,0.013563410180337,0.0028032588215426,0.0287550514152542,0.0277340239372786,0.0234652086173721,0.0112268063390241,-0.00083374142329619,0.0311174377571501,0.0277003743278744,0.0198089983752013,0.00636552692093139,-0.00181106405079889,0.0248032869421165,0.021689883530098,0.0228716122777409,-0.00762017414751218,-0.0212421868077763,0.0180265770544338,0.0230877797515771,0.0222718808584982,0.0099112469571065,-0.00250477033614356,0.0290632412492081,0.0260230174584888
frank,100,954,1.86088378090335,0.2,5.25437803517104,0.939833644789001,-0.787279064316234,2.0857790899194,3.08483251038832,3.59537133587279,1.46088577953796,0.606186583505205,2.02798549664352,2.52196755337299,5.12052861455106,0.992199213571555,-0.848357143155951,1.90110109655137,3.43005796972747,0.0285376373936805,-0.00137682774515869,-0.00475332333739842,0.00369741832266563,0.00966491308200119,0.0290923418411777,-0.00226622661278348,-0.014212679795342,0.0102442085761383,0.0113720489515744,0.0270202351348264,-0.00611121129373144,-0.0169278112759014,0.00678827276808356,0.0129874495392892,0.0283509505561235,-0.00117225077577176,-0.0116501482075628,0.00494815983589386,0.0122132708432828,0.0278855824319376,-0.00701883484989363,-0.0195290879014262,0.00549388331326588,0.0124894277974174,0.0340192480731021,0.0114803188574516,0.00120684146963644,0.0150017262935372,0.0248589621289695,0.0258276076547626,0.000658316676455816,-0.00823467449632501,0.00742612945994759,0.0134041504884974
frank,100,955,1.86088378090335,0.2,5.20477418277579,1.62004978059231,-0.951770163140664,6.80430652631786,4.45154150114408,3.57153079495298,1.79813126312448,0.526409789911518,4.36342854484848,3.19850637771628,4.4651773411187,1.63527568647036,-1.18607841921947,6.75623126728274,4.68069412333145,0.0239111673812373,0.0162953898603396,-0.0112622737536997,0.0407165096217804,0.0320305771313906,0.0237980269457132,2.22731508883811e-05,-0.024383945710282,0.0323024074669475,0.0202825589133513,0.0232513071731513,0.0116320114922892,0.000699110270528147,0.0361099594491019,0.0240419642197648,0.0199652729142548,0.00518377189091155,-0.006485899730265,0.030283065306224,0.0186168722862345,0.0286603987459279,0.00196261853400933,-0.0184266198859415,0.0365349618195802,0.0243586563437339,0.0359496916903942,0.00878457531570921,-0.0111018448650696,0.0439956698322274,0.0307094853753079,0.0274661638534497,0.0053778282468037,-0.0112484598109941,0.0340677554705536,0.0228370312368044
frank,100,956,1.86088378090335,0.2,6.91088695490898,11.1144755606967,8.20598965225204,16.0387371437379,12.1497927014116,4.41940037746788,6.49642869643337,5.05656643169882,8.93474850820404,7.01065972589632,4.31780582294894,11.1856488534227,9.12014904780955,15.8505868677097,10.8667994200044,0.0421488425663445,0.0635954084628856,0.049519281075873,0.0898690472720934,0.0707435296617066,0.0296773416832511,0.0624803227122866,0.0478663055006033,0.0810878981676749,0.0625364512703024,0.0214262279717482,0.0533736242924496,0.0425866512482709,0.0703681282715627,0.0515223320954318,0.0305115276906629,0.0579754062113998,0.0442080963302401,0.0789168599449429,0.0595464748704247,0.0302924459378044,0.0612486939336146,0.044785427375127,0.0832878832219719,0.0649091627919185,0.0309137330026596,0.0432103899123227,0.023172157629139,0.0765817302374359,0.0593746820492666,0.0286103385624112,0.0586366057619633,0.0450119519206515,0.0804116977988737,0.0591412480465631
frank,100,957,1.86088378090335,0.2,0.253592635291848,8.22021712044377,8.89285844550054,4.92349528617296,3.72504666405588,1.12375288759983,5.06525828930731,5.39796438925179,3.43379756817156,2.84160319703998,-1.16091943709761,7.58136595087566,8.97695412736532,4.29933591896004,2.39283058721697,0.00861254117293663,0.0505517161407759,0.0518509254130393,0.0345783524326337,0.0280306244709437,-0.00213839464841601,0.0248308029515879,0.0269974412809299,0.0109383605633449,0.0069136092840468,-0.00575342867251154,0.0391291853575816,0.043527225102949,0.0204240485526084,0.0138135071391889,-0.00506447605908903,0.0344226518083411,0.0380225112622221,0.020102580954274,0.00982342358645394,-0.00951752601785946,0.0372921624708133,0.0443924078759205,0.0171927886412634,0.0114435444333868,-0.0869013322560812,-0.0394774433034207,-0.0103235753530271,-0.0702149121728638,-0.121237401809201,-0.00550827340854252,0.0372857969139354,0.0410680861684228,0.0210988677177168,0.0123735735046704
frank,100,958,1.86088378090335,0.2,3.44522883619421,1.49274426190538,-0.214294878922592,3.44826916362848,2.94023987333517,2.70141240070248,1.73387125080778,0.888649114747307,2.70171534800112,2.45220528694704,2.69661822441868,1.78745687883039,0.25162398185618,3.54839879028046,2.46008807244127,0.00459614998445572,-0.0147295353175032,-0.0178277168283908,0.00312183514273418,-0.0162494247930654,0.0102167971208675,0.000131913880860932,-0.00469164840691994,0.00825467455193766,-0.00776391146336188,0.00985877624739446,0.00827662291375125,0.00295262979430334,0.0144792604705957,0.00745185242779647,0.0169143684965008,0.00947463222683932,-0.000449572595281005,0.0219238126480029,0.0145434825589911,0.0223659682761242,0.0133776436092005,0.00441107213455363,0.0252478218920552,0.0208365463769337,0.0252027399179481,0.0165484730432751,0.00490971027137896,0.0263501655300121,0.0236795843322511,0.0150593792515219,0.0089513149708044,0.000828172330706307,0.0188231139751563,0.01179269048634
frank,100,959,1.86088378090335,0.2,1.38408822877167,1.69360687379055,0.465335613979629,3.28813112193459,2.71451205562676,1.68114113674686,1.83345223954579,1.22598624562636,2.62240090149302,2.3390600012542,1.04859947748156,1.96252819155876,0.840066681385396,3.40552371852671,2.74789869838062,-0.0720326797338209,-0.0301994038779487,-0.0233268504272192,-0.00334734395523382,-0.0293207967298374,0.00559110410844295,0.00921620991293335,0.0028757630214854,0.0185003302920011,0.0157633478948917,0.0115414677098958,0.0145475082786002,0.00697385402465186,0.0213241509679566,0.0184483848913312,0.00371764690954355,0.0104038433293397,0.0054353678799037,0.0167962880086594,0.0144880063827517,-0.00545085255832136,0.00877541514180919,0.0030404791762431,0.0166701715669508,0.0119776948933409,-0.0297497724571715,-0.0563289988874788,-0.0649436344460532,-0.0240358108958003,-0.0582840178910586,0.00276061563634564,0.00628085438781356,-0.000882038706907763,0.0146712329747548,0.0111159659742272
frank,100,960,1.86088378090335,0.2,6.40702021832652,6.25414569517767,3.2684043381324,10.2785561352801,10.2673736435231,4.16454094944143,4.0897986350798,2.61256320539812,6.08214074634503,6.07616827782544,6.13764071026231,6.93256864756539,4.08928659991395,10.5537916972304,10.738393079186,-0.0205140037429312,0.0337724812656598,0.0263314122357434,0.0162062656261948,0.0371449357553794,0.036991964607118,0.0356248063290646,0.0189550205865065,0.0567242096974172,0.056238624612116,0.0386460571547996,0.035393831563389,0.0185789442279193,0.05685797017222,0.0563577774448185,0.0344295270142958,0.0290908386628211,0.0128409426083327,0.0487408689811709,0.0488470730067723,0.0365480053160852,0.0344946485790033,0.0177693805809792,0.0525586720691063,0.0536823446679228,0.0301039402916878,0.0368909138873351,0.0184210153941671,0.0606161923540516,0.0559698252895286,0.0358682217011418,0.0333830533973404,0.0167589476704056,0.0540923572695466,0.0541406975987799
frank,100,961,1.86088378090335,0.2,12.6100778216685,11.3737875000479,6.98146901308059,14.7895236751083,15.6806549930966,7.23736714335739,6.62444652476757,4.45065294183815,8.31544435994513,8.75627578790217,11.1044167158301,11.9127194924231,7.67212729286505,14.9236232481244,15.8636885280187,0.0730490283718771,0.0635187200721986,0.034642226480556,0.0837671601741917,0.0883850766313752,0.0599906136656519,0.053370033391539,0.0314675032144169,0.0642123886248525,0.0726704359154066,0.058545490846109,0.0597878190151258,0.0388018917504019,0.0748964482379112,0.079673546834342,0.067810967550882,0.0596900837906104,0.0352265998263623,0.0771590661358317,0.0824209628500156,0.059341335360961,0.0608739178014397,0.0403247391961054,0.0738784133141812,0.0788879191004134,0.0577397874775306,0.0601046204732286,0.0156865241915755,0.0837689140049297,0.0882149509005145,0.0640877192731227,0.0597825669222332,0.0369231839980142,0.0770880371755322,0.0813369429251581
frank,100,962,1.86088378090335,0.2,7.84623002677722,4.30638550746607,1.17248268220924,7.97672037523464,7.91346323814066,4.87887124427776,3.12677247557659,1.57618006394838,4.94321115043332,4.91178531167959,7.26224509516315,4.69983545565949,1.45665862693431,8.09981277749421,8.31379569027195,-0.00658612688086383,0.000384904632298801,-0.0108187304161711,0.018679125011525,0.0103832142322013,0.0372641855350761,0.0246634641421421,0.00360525327378932,0.0401755274037961,0.0418134595472486,0.0450293697815783,0.0254427282358675,0.0078172925064877,0.0428321698571831,0.0447686542731556,0.041101832184404,0.0269265219591147,0.00957565199065595,0.0449198615373653,0.045536232585661,0.0362700267262223,0.0214985467638917,0.00544023912576585,0.0406492229373653,0.0395143828158138,0.0409531358265907,0.0308037581140291,0.015634031144106,0.0403985978121114,0.042476954704733,0.0390884340825974,0.020729088842629,0.00315950858168419,0.0406815027583898,0.0401112739755858
frank,100,963,1.86088378090335,0.2,-0.651549557737992,-1.573205762574,-1.94704843582851,-0.352637248901851,-0.437320922128664,0.672185358357886,0.215988180351994,0.0311377551940652,0.819719974841624,0.777657635997779,-0.554547823668577,-1.32373586080283,-1.84004271548072,-0.0394246747608411,-0.0209583151626502,-0.071562656223987,-0.00709353076611501,-0.000515821072969492,-0.0167045180369448,-0.0288840017394951,-0.0245544648263164,-0.0177482223811858,-0.0107811009257966,-0.0176217139101599,-0.0204522732284309,-0.00274751951811459,-0.00524354496751818,-0.00493512702642353,0.00174591055537752,0.000496588206730753,-0.00333288332753594,-0.00820329262938182,-0.00836729029488944,-0.00283024132107893,-0.00215919409786762,-0.00261960091517075,-0.00608702455488179,-0.00638429625542067,0.00192047075188954,-0.000501375771900085,0.00487139601868986,0.00075395070070835,-0.000488511262129097,0.00785785784701035,0.00539969267980453,-0.00362866492377375,-0.00644964224929592,-0.00807839651426376,0.000583623239713233,-0.000467110580176082
frank,100,964,1.86088378090335,0.2,0.925817035362993,2.3850700883648,1.36018300630132,3.67258101618339,3.23717826054317,1.4539047623212,2.17545815988318,1.66870678808955,2.81277387753482,2.59712369522627,0.336741234783485,2.51518860589663,1.6541569292919,3.7433917770581,3.21951920227229,0.00739824734879659,0.0218946884816101,0.0157201066102981,0.0279247370748858,0.0256673518482778,0.00717739470111885,0.0134156217134362,0.00641789845769577,0.0205003012791677,0.0174343487001689,-0.00371409159642602,0.00554252805721806,0.00318867004413508,0.0100769624150817,0.00663482173956046,0.00727689554467917,0.0129002373173009,0.00532153584201307,0.0225410857071286,0.0198575789773323,-0.00769187759456034,0.00863871968954283,0.0053272113937978,0.014392431393835,0.0112448537888799,-0.049816093497757,-0.0147053313569938,-0.00932216281107289,-0.00586970877742384,-0.0289305129673051,0.0030314408937886,0.0127212503561492,0.00630643642183664,0.0187851576801273,0.0168605839126239
frank,100,965,1.86088378090335,0.2,8.04774148169191,7.12266185975035,3.3892827605018,13.3189957595349,10.1499379003844,4.98019438273767,4.5205910368639,2.67268721007516,7.58806366198801,6.02023245002212,6.27049807865561,7.52294473824523,4.19049385894547,13.3434905876735,9.6598792439941,0.0100441979440715,-0.00123410960562351,-0.0137585308050951,0.0458277694044171,0.0157882419569613,0.030864385466401,0.0313129898823277,0.0127345564694647,0.0623161878257587,0.0410340829782091,0.0354928980167624,0.038150996817383,0.0204990339755767,0.0679020095241838,0.0498777365675629,0.0394401597833823,0.0340662244786189,0.014929412345508,0.0649093536417774,0.0477782967963928,0.0369475614278337,0.0372762091556365,0.0163942196618741,0.0676820332834836,0.0517344024902906,0.0492217196464756,0.0455298039669831,0.0263688441929708,0.076325868806277,0.0600295833478979,0.0381272426494278,0.0375631064992693,0.0190610550820741,0.0673729061468154,0.0502364020787172
frank,100,966,1.86088378090335,0.2,11.5876728596501,17.328085634948,14.4459562440386,13.7536961454154,15.4821099149552,6.73231412179608,9.57312644157302,8.14709519155151,7.80338250443011,8.65962318418803,9.76058454003359,17.0255796414532,14.4133323101911,13.6079286980488,14.6909461066065,0.0173743187373707,0.0719808324610582,0.0737247630971921,0.0380175876884355,0.053433664015668,0.0571841934295767,0.0868101108110373,0.0710786445885644,0.071226723271505,0.0765145484762244,0.0627382329773445,0.0848000367239729,0.0627873021673253,0.07293445299112,0.0794746002294585,0.0515849636808331,0.0806766260399582,0.0648430088235466,0.0647720255375921,0.0698894734404473,0.0537886639870846,0.0912446987900159,0.0755696463783613,0.07337120125807,0.0808130862326103,0.000184335246444407,0.0596055650025595,0.0592139564809923,0.0329942444078713,0.0166488676395557,0.0466465929829663,0.0839024897391925,0.0699465827418166,0.0657843078669062,0.0722190607102944
frank,100,967,1.86088378090335,0.2,8.12214909487188,9.05778707813358,6.16633824131476,10.1534983045446,11.0481966808033,5.0139266408155,5.47847540689034,4.04815764205163,6.02044213105491,6.46345795267906,7.88025764653584,9.37473520499242,6.40429175337152,10.3477555844291,11.3443432529808,0.0501959147521368,0.0546752364077123,0.0408311677372518,0.051376448171016,0.0606699804727145,0.0408160253591299,0.049219800167945,0.0338504697311637,0.0514393134278947,0.0597252271372543,0.0431586128082562,0.053206743475085,0.0377764132634711,0.0576038815159829,0.0624982281343758,0.0422224796533707,0.04224750616117,0.0255539207591043,0.0515911015228895,0.0535953503030294,0.0448938536481394,0.0431927364748377,0.0208114772375501,0.0553832601585531,0.0580660446983244,0.04479799785753,0.0552319463715793,0.0408316887851164,0.0587767166016628,0.0648672984568112,0.0418688690532878,0.0439883853885236,0.0285387435564822,0.0498121453597762,0.0537386872163881
frank,100,968,1.86088378090335,0.2,15.6135910983172,18.6688846265614,13.8387331809468,22.0787183104882,18.4079778784177,8.72627820426105,10.2373054647837,7.84650945762044,11.9251541379485,10.1112074024556,13.3268198072859,18.621632494081,14.307080517471,21.6464085863979,16.6466123780038,0.0776529079500869,0.0825643585282669,0.0572357582117588,0.0849777828293506,0.0373796722847423,0.0833421417615233,0.0905721625858726,0.0649019406196945,0.104647996191701,0.0791959121337227,0.0699498542967368,0.0880517126111126,0.0665725482761437,0.103446595725119,0.076493980620709,0.0717373989495411,0.0926418771272228,0.0681921334806794,0.110399691773928,0.0856825465537819,0.0805552804176785,0.0936907974985065,0.0671557586828078,0.111099424664704,0.0856991936466563,0.0878362060667618,0.100514354493534,0.0763819456471222,0.106685047215203,0.101509226812042,0.0740711208779091,0.0907337685510521,0.0658427345923771,0.108714968579813,0.0837696164491211
frank,100,969,1.86088378090335,0.2,7.52884986340808,6.92709324067853,4.23262391155424,8.01083786526995,7.61626329667832,4.7238913204684,4.42478312211115,3.09166786981685,4.96038335230281,4.76629454176341,5.94166579015894,6.76281345670088,4.07932832964183,8.00620115093637,7.02887292713134,0.0156854629722055,0.0418840637684712,0.0311624661475257,0.0303234891352688,0.0324421986442159,0.0471692975203627,0.0368570629037057,0.0194226373342876,0.0398754017645255,0.0446141698027868,0.034169106575898,0.0332556259633133,0.0202686470809323,0.0364671987648957,0.0336304877828779,0.0330691051923161,0.0345273248708012,0.0193837832555239,0.0397653546718019,0.0368542360580834,0.0393844072346412,0.0411020818397508,0.0237916940400325,0.0463345283018233,0.0443507570782632,0.0402728434829837,0.0436236082827227,0.0303425921079143,0.0498916088966155,0.0438260648162687,0.0331858802152945,0.0327366697438639,0.0179483450219952,0.0393302004500359,0.0355341945278439
frank,100,970,1.86088378090335,0.2,1.46590150278222,0.807803479989731,-0.419587263423919,2.49020180845737,2.24374432101243,1.72125696165059,1.39456481150876,0.787062081968543,2.2276814175034,2.10547823188391,0.823732191645805,0.988750198098446,-0.0609645403867527,2.48876309577939,2.26550334040462,-0.0351276214199007,-0.0133782890562718,-0.00880333972242209,-0.0294314778093426,-0.0160105789742051,-0.00569515587628535,-0.00120050495176173,-0.00277751156177205,0.00269079174531535,-0.00355833308643629,0.00591253026001136,0.00920108324077176,0.0034739709519456,0.0157026507127772,0.0149491535266008,0.00818868863889739,0.00292847210717789,-0.00552886822097194,0.0125246866778279,0.0116457379474927,0.00267496788774546,0.00792486361824702,0.00119823531066847,0.0158756238021958,0.0137367983019496,0.0168554094123652,0.0136357531496097,0.00788863708325934,0.0217123750467713,0.0211947793454527,0.00479541384936768,0.00362417739713309,-0.0018194264991316,0.0113968951209778,0.0105369498694705
frank,100,971,1.86088378090335,0.2,2.60412772775037,2.53382929301327,0.627825392992571,6.16568880515282,5.89982308650318,2.28380710588381,2.24786982637935,1.30493112948307,4.0460365948394,3.91379740089669,2.0273816458281,3.18223633036938,1.46660310284899,6.55434181665967,6.26873605442868,0.0227490153177836,0.0198452011051611,0.00828344535914785,0.0380670583662854,0.0377159825102103,0.0115917303715061,0.0166219313472301,0.00626254264191176,0.0353361674328564,0.0345372301576022,0.00737644679214599,0.00838501953990827,0.000528400113649864,0.0225006125208165,0.0248135926938122,0.0115167685973143,0.0180816163925811,0.00741584027295894,0.0347372860870205,0.0341154632571162,0.0105349288290861,0.0154803012344555,-0.00166718082132811,0.0390968341360322,0.0365458626513555,-0.00973716709417955,-0.00176882904522591,-0.00841473591828199,0.017746726282999,0.0175686621183047,0.0113919504683698,0.0139134905961663,0.0033013222537252,0.0321155232346025,0.0315787812356445
frank,100,972,1.86088378090335,0.2,3.76368114078677,8.62137056827189,7.52615606213681,8.01680688258348,8.62444063561044,2.86130094246646,5.26172568071999,4.71917027867672,4.96356650003325,5.26437629275058,1.87316572508415,8.84420340188561,8.43368604867228,7.89178813583896,7.97680005210212,-0.00752810514609455,-0.010957837639603,-0.024174639878848,0.0174150446277995,0.00957001784340641,0.0248913744143539,0.0509246480935564,0.0453087206953642,0.0444472248092063,0.0499380964803992,0.0130416849607017,0.0400328512750311,0.0346096859833782,0.0366755680260563,0.0408478577216695,0.00921213758826191,0.0457217650273376,0.0427799658975998,0.039980211041808,0.0416346870150471,0.0127474009024014,0.041587845373455,0.0352210862778581,0.0415142949595775,0.0418366972537533,0.0281813064423692,0.0486511037106474,0.0414261014201394,0.0428617856950193,0.0499859654016825,0.0116016368609365,0.0441984790332682,0.0398548994400887,0.0391413465599029,0.0421806475585523
frank,100,973,1.86088378090335,0.2,5.472446775926,10.7967513735104,9.12605474108749,11.1455327895354,12.0774409057529,3.70325058120335,6.33844873618149,5.51204038117991,6.51154416603682,6.97223558742493,4.77775674251705,11.1315789847482,9.72845798904327,11.2990240152887,12.1449006125233,-0.0120229937933765,0.0638896991744268,0.0498463206139564,0.0480448247932897,0.0569788106653996,0.0319784962512158,0.0572351422770461,0.0490114502880818,0.0584432164038508,0.0622450231474709,0.0261752940590235,0.0574211442333458,0.048745207495976,0.0577139893134514,0.0632172234179717,0.0309036496335009,0.0568089595666143,0.0471369345718433,0.0578710304420396,0.0638914002388693,0.0258269916732753,0.058277696261924,0.0467429302695203,0.0592426792511486,0.0633140976569606,0.0354431768198506,0.0300965808865533,0.0107492227681837,0.0484946795439504,0.044550407897629,0.0268586879928546,0.0549393671169862,0.0464471169256047,0.0558289771692283,0.0607956291957133
frank,100,974,1.86088378090335,0.2,6.49655363672905,4.21454827935482,1.12863797874816,9.69146061835544,10.0279987116961,4.2103314619471,3.07907020541423,1.55182608968925,5.79055212337213,5.95694805508971,5.81163368589863,5.27453094810016,2.31232523947924,10.3590875436047,10.6386067881181,0.0402316943292717,0.0226756373505777,-0.00547127263863978,0.0566224480484785,0.0591784636860999,0.0286234152482986,0.0278393467988369,0.0132490473490101,0.0503365434902114,0.0539269891716718,0.0314729827010528,0.0212055689494772,0.00463807974647769,0.0486888524170792,0.0512433928154392,0.0301230817909074,0.0256268308036217,0.0117776197887532,0.0502398737836705,0.051120029271536,0.0339171470776242,0.0276023799180427,0.0117048842175537,0.0534959538764112,0.0560077218684163,0.0402195192472084,0.0295741667376279,0.0117757587515743,0.0584332606759497,0.0586507787084368,0.0342173318932787,0.0245159570927675,0.00820552406438445,0.0517513811069004,0.0537591605181881
frank,100,975,1.86088378090335,0.2,12.4437042110529,7.25953204863683,2.70576612586781,11.6809663830306,9.40244784657105,7.15458030542713,4.59080165324002,2.33773868008177,6.77806237430476,5.65150501942979,11.6889520514487,7.22977359432062,2.57891673493996,11.3486548003998,9.28288962913157,0.0630621060279192,-0.00123912362384527,-0.0170420114787316,-0.012830264132257,0.022192166396316,0.0611077148644641,0.026046937294257,0.000119751505133934,0.0529032792013919,0.0414955760191748,0.0613592814494041,0.030957694531279,0.00993830564457204,0.0515738836666355,0.0401678281333666,0.0671664912382369,0.0372339347321071,0.0120962020019264,0.0598938658801112,0.0465757113621117,0.0584449257780327,0.0318606555795931,0.00939628395439754,0.0538095601592102,0.0430373156757208,0.0703256661734921,0.0283219650552175,-0.0155445283651954,0.0668720537995457,0.0421712322585213,0.0607662409562887,0.0287681456013731,0.00382082866298204,0.0535035039593335,0.0392076668552557
frank,100,976,1.86088378090335,0.2,5.89373051017463,-1.29459000553985,-2,3.16433381742027,3.21403928770033,3.91047687910827,0.354020006375785,0,2.56007076153008,2.58427104840719,5.97617857255189,-0.715336017083222,-1.92047853684452,3.71588868093684,4.25802849410033,0.0277108559213766,-0.0205526018734761,-0.0145327163395506,-0.00356636880839707,0.000549506888119255,0.0374789569997731,-0.0104960365718676,-0.00487246805422633,0.0199273572495125,0.0192654826657591,0.0277837565031411,-0.00751717561085919,-0.00126665455544763,0.012620125175697,0.0141787571261207,0.0335122472338763,-0.00392533587610895,-0.000403490476224304,0.0187178662987684,0.0200277818135768,0.0363342758949556,-0.00759720835963917,-0.00437205909371029,0.0198110139770715,0.0198995768848759,0.0394543244428929,0.000554131241956639,-0.00298073095876905,0.0236460665901289,0.0255524487423969,0.0349685903793081,-0.00542119276921214,0,0.019331833537219,0.0202388731945548
frank,100,977,1.86088378090335,0.2,16.9403692092084,15.2315954484572,9.04217765735083,21.745094202423,18.7801935575714,9.37994324282108,8.53486428529739,5.47158900547224,11.7587325409976,10.2938922346631,15.1131246174363,15.6781033805736,9.71269622738647,21.8438628247954,17.9444097560825,0.0702956279203139,0.0478583225511502,0.0203775566844578,0.0679454245214341,0.0397692398787766,0.0844329321901048,0.078390034649193,0.0457615437654539,0.111382151893961,0.0903942729664021,0.0856113824878754,0.0809103971910654,0.0484515351782458,0.113267623506446,0.0943757858108443,0.0882344650490362,0.07797374539534,0.0462118304470873,0.111813429887488,0.0912999577198985,0.0848243405503186,0.0798643887830405,0.0477818015999616,0.111715143754081,0.0920637589638269,0.0759675234156133,0.037274824548286,-0.00436174850699013,0.07915409140968,0.0372019430143005,0.0859305506156604,0.0763872250274894,0.0445532100197543,0.110452741528036,0.0886829091720858
frank,100,978,1.86088378090335,0.2,3.85170422975703,6.93118725405302,5.82860823692893,4.37133840756571,6.03678287593641,2.90022465380321,4.42608610172415,3.88037224331036,3.15930173495379,3.98356948393595,4.05609692988386,6.98048100565895,6.00803042635286,4.19115548339921,6.04019576600687,0.0232010716629694,0.0438104822029588,0.0390773688175308,0.0285154820562444,0.0372835106693509,0.0259316190847386,0.0325229721174977,0.0238919030776907,0.0219552321679368,0.03060522344961,0.0260852608588525,0.0413561329329426,0.0350701413977112,0.0274113486413556,0.0366357814080901,0.0222645698492541,0.0303096811715411,0.024243691231041,0.0174064819725849,0.0251326320236921,0.0268861329249527,0.0407620876413264,0.0324870596778875,0.0289340154734768,0.0370141423230623,0.0142794481954799,0.0439590030552163,0.0330040436159579,0.0311452263366809,0.0375033049792614,0.0234115026101066,0.034812879179541,0.0284180693116449,0.021533375518526,0.0302242500188035
frank,100,979,1.86088378090335,0.2,2.58768284525635,9.52956607319067,9.20161059875513,7.10032199542436,8.76191636324287,2.27560966958597,5.71088185740272,5.548492599126,4.50919996638223,5.33174090247994,2.06447447055553,9.77118139140221,9.80741712847375,7.22658135090125,8.47472473365396,0.010035706602951,0.0410943360865034,0.0441434766741889,0.0268068381887359,0.0370217186159601,0.0206775128312478,0.0527691150733677,0.0506713210449002,0.0384101468772985,0.0488335768548364,0.0169765747822005,0.0533737382695379,0.0510507753841352,0.0418262218475234,0.0476749863473923,0.015426120796511,0.0506045333501221,0.0476166925620812,0.0377212504536387,0.0465308656545828,0.0169603639348859,0.0536328318651819,0.0515678915413691,0.0395165109437691,0.0474081522236169,0.0217361566008286,0.0538422793233673,0.0515873931642776,0.0385500179945174,0.0508744189624437,0.0130884066012288,0.0497516102921516,0.0480268355996738,0.036063267146199,0.0443656199122567
frank,100,980,1.86088378090335,0.2,2.15896074989279,2.73547027720913,1.35873319265189,3.97326392800233,3.47791080818968,2.06538603374376,2.34888257793993,1.66690546354171,2.96250738757699,2.71772949076477,1.16934210713442,2.90758962725957,1.97901534068157,3.68539042378623,2.99332935754724,0.00765520134391442,0.00473704917818572,0.00119062399032993,0.0155201031998765,0.0166902265459694,0.0128853391667645,0.0121804211831776,-0.00096195763083764,0.0242096326965256,0.0186722683723188,0.0133930122612708,0.0155050544786415,0.00811774443947205,0.0208285143105238,0.0184464498322337,0.00866705891064655,0.0177830478090895,0.011355062201602,0.0216992133921415,0.0177560598448547,0.0105811333211706,0.0173601593488509,0.0104475048082128,0.0209938781301848,0.0180339202350228,-0.0102804095033824,1.08837880835155e-06,-0.000272380771786846,0.0109009497056024,0.00351712843999362,0.00514008480392537,0.0116542428961642,0.00524155120286331,0.0171006799824904,0.0125309252434932
frank,100,981,1.86088378090335,0.2,4.26679785169327,8.80732980319245,7.08381504354018,10.3053898147214,10.1235701565912,3.10770121312828,5.35379679736836,4.50148924599748,6.09529659275009,6.0052537940945,3.09779253239333,9.00550003682426,7.53008824283336,10.620949039865,9.92185541520938,0.0220844942566124,0.0540101604700068,0.0448608497413224,0.0614678158919327,0.0603325043115607,0.025147563920669,0.0507854448566291,0.0410772569535594,0.0550973710215803,0.0575965116258528,0.0234025454242153,0.0483499175591656,0.0367302296886535,0.0565790540058574,0.0570330033032628,0.0141286051626475,0.045867447657694,0.0361376547596234,0.0528172768819481,0.0512860053130946,0.0205820160273046,0.0476623181938338,0.0387928553211961,0.0548278489524082,0.0529151068970266,0.0298365142803301,0.0523082238032134,0.0399304057120295,0.0600961355643534,0.0602300121783616,0.0199858507921692,0.0452826133553401,0.0343331806818551,0.0524330171088248,0.052154557277149
frank,100,982,1.86088378090335,0.2,-0.772006306006694,9.12170473994714,11.4689434476365,3.46764652301543,5.07171391714643,0.615136013051254,5.50973669994735,6.67161099896806,2.71160782970151,3.50574725520982,-1.38374372279621,9.03980235137554,11.8606497769523,3.37795071979252,4.61598648538397,-Inf,0.0553931635879001,0.0667916941761603,0.0233497125964496,0.0353353169138145,-0.0379648779864524,0.0431314837225516,0.0616660684749691,0.0111264927486964,0.00917056824988094,-0.00666387628371784,0.0499988421264295,0.0617020773944347,0.0172918307704557,0.0267861463848391,-0.012182308249626,0.0444139674352943,0.0563784271153681,0.014334079566272,0.0216254086560282,-0.0289102017583764,0.0485205851682685,0.0615614962904869,0.0194832422547698,0.0251453793959169,-Inf,0.0206006269503105,0.0300625841743399,-0.00255536469695233,-0.00150471811586502,-0.00779080577705204,0.0462968850027114,0.0571515545188061,0.0178264659345186,0.0254697090818986
frank,100,983,1.86088378090335,0.2,4.09974964332027,2.96096224445928,0.548207127661645,7.28613111471429,4.307128050797,3.02573705033228,2.46161248719868,1.26761786305292,4.60233699338216,3.12892236072539,2.87052312783297,2.95646630073944,0.774489266100227,7.09876667535355,3.70626830276357,-0.0304822306495805,-0.158474632304767,-0.185460688244012,-0.0778622668945861,-0.152157993202523,0.0248570527747216,0.00978836339055182,-0.0076183357588771,0.0346189481079248,0.0225867141973105,0.021668793476166,0.0037235140417717,-0.0132810012352946,0.0286781979808903,0.0161256278589158,0.0197790447986646,0.014700451246162,0.000618831606437502,0.0360402918908401,0.020093307361108,0.0133957751143518,0.0116584226051528,-0.00264600427257631,0.0356976582111922,0.017461897934355,-0.044948078533953,-0.0392879095874108,-0.0293315432642577,-0.0386666062674001,-0.0582121625017965,0.0167061246090067,0.0126562519020777,0.00125697882402012,0.0330338500009569,0.0165561036697901
frank,100,984,1.86088378090335,0.2,12.7602084378001,20.7835091046321,17.316835198724,22.0147142642478,18.8772292005458,7.31413264111839,11.2835068252205,9.56756189884157,11.8932096127179,10.3425495370164,9.8690647197371,20.4763373796388,17.765852909693,21.6563382289148,16.8438525699206,0.00861990420926759,0.0943786373080709,0.0944251391345103,0.0468538367028212,0.0215957863808163,0.0606884021667647,0.105292863480254,0.0879117297187372,0.110850579441591,0.0878150014652552,0.0483267142166197,0.104423567232646,0.0870203430774023,0.107886138877832,0.0872351274405123,0.0513912137914161,0.0957897119778901,0.0786360596317329,0.10089287733856,0.0779039288251396,0.0593902105539738,0.101848442017778,0.0823529167803231,0.110382162694977,0.0862656926477597,0.0489624587293409,0.0413128744666797,0.0157751936677289,0.0515222425259205,0.00334714856434381,0.0572443780381456,0.102550192012511,0.084516093630924,0.108633143470034,0.0877251848911152
frank,100,985,1.86088378090335,0.2,1.87651625147206,9.02117363487852,8.69082059618291,7.08285498550512,6.60433126800954,1.92320017272636,5.46075382276802,5.29774976295112,4.5014797659047,4.26485030792989,1.52731538624231,8.80932793890455,8.78852732844844,6.92567679753793,6.05568578146586,0.000826782393620584,0.00497372844092299,-0.00323839031578124,0.00171090486742286,-0.0122465442893697,0.0172104954974464,0.0478110767828284,0.042234615461881,0.0423734126610585,0.0361686650566826,0.0139882036423414,0.0470244267062691,0.0430582683914127,0.0399878189390751,0.0356399659887856,0.0083228843290607,0.0401262626163949,0.0367228691229437,0.0310000340115048,0.0262456073229719,0.0155933089504795,0.0470985849507697,0.0441319723222764,0.0386373502548513,0.0342646982461831,-0.0476954018428222,0.0277548833571811,0.0419091828796526,-0.00908415224186627,-0.000396414353477668,0.00893240621108356,0.0411016780830624,0.0390029037973257,0.0305789300325422,0.0266643401742956
frank,100,986,1.86088378090335,0.2,12.0370367584631,4.57897189314455,0.932207074629426,7.36091074987437,7.65894770654542,6.95534404639469,3.26269503951922,1.45756082842581,4.63926644903728,4.78762564950864,10.4225073906067,4.69418787807432,1.0368373869103,7.14838989550766,7.44314939678768,0.0239208423091667,-0.0161325732628875,-0.017472847299941,-0.00115758674792145,-0.0018657167606292,0.0474531760456833,0.0217505747177917,0.00843361772310074,0.0308045707481793,0.0287108574276315,0.0614235769161946,0.0234060339349611,0.00273272037118906,0.0406415927907094,0.0395586094130699,0.0545730878984605,0.0198939513060974,0.00204517210280068,0.0316269558472219,0.035715433537815,0.0627191314085846,0.0264721870044019,0.00877438848774031,0.0387015738447197,0.0414433246293827,0.0656362974374468,0.0252647894036346,-0.00285602279764596,0.0410107275559125,0.0482754649690116,0.0579493369698868,0.0200219474314723,0.00150551378305072,0.0360284972067714,0.0362641557566571
frank,100,987,1.86088378090335,0.2,13.3946834558762,13.1100738239359,8.47801595032533,16.703075681738,14.7521209740782,7.6258092007872,7.48511460982062,5.19206310862087,9.26418069492343,8.29977089377925,12.4639313020851,13.370874745418,8.99969987812222,16.2927434407677,14.1899317766958,0.0763257863486455,0.0710132494505566,0.042143507603193,0.0906231262650778,0.0816029699307957,0.0679526197715581,0.0607709213015286,0.0398009935769521,0.079562151275147,0.068312830290171,0.0574723227876652,0.062662076115376,0.0414171030441852,0.0802513090254172,0.0641286546610733,0.0659053450157962,0.0677599740442744,0.0456716392026945,0.0831197783942717,0.070756327436975,0.068760170134443,0.0648881789151219,0.0408676928066221,0.0848340294569696,0.0669544581304334,0.0556117102044732,0.074763284507448,0.052017010069433,0.0745976322833576,0.0674154938694947,0.0685141442195466,0.068062753915453,0.0448362989654674,0.083739464637722,0.0716813463302741
frank,100,988,1.86088378090335,0.2,2.52058119859209,4.8911474537572,3.6434785960494,4.80165884997124,5.65579559560549,2.2429711872375,3.41542700345056,2.79839006773126,3.37084138970779,3.79429676112728,1.95075141789425,5.17728642710172,4.05001140876667,5.16137450608993,5.59280952226329,0.00883568567026649,0.0280604140057243,0.0256436061475309,0.0214267975630951,0.0288255932423959,0.0184697753323458,0.0307525062781626,0.0220191677398878,0.0333558578801454,0.0359211174496738,0.00923520281849361,0.0239809284748601,0.0170819439086692,0.0247589050031089,0.0250518524573019,0.0133046453884985,0.0274175370490557,0.0207449934823211,0.0275003254076721,0.0302253437908723,0.00642594781329639,0.0254505206218161,0.0176505617285095,0.0245502527647651,0.0287037232408587,0.022560140871918,0.0344514505840271,0.0281780159043066,0.0339840092679058,0.0371152271099056,0.0152060588002374,0.0270269821478959,0.0191208437630654,0.0274622893732678,0.0305032980894839
frank,100,989,1.86088378090335,0.2,7.09675924669428,15.3556213274063,13.7027976928563,13.6423050184347,14.9831236283636,4.50676525041767,8.59526672839113,7.77756591005685,7.74778231019332,8.41117653875638,6.26880457797047,15.498706451538,14.2610585830862,13.6734888200142,14.6410033387262,0.0447652421613968,0.0867584516704847,0.0784285523771704,0.0752461559990326,0.0847403945718944,0.039589296802282,0.0725974533419863,0.0592263256722568,0.0681601127892159,0.0721316857771116,0.034488927831759,0.0732100473671687,0.0661365014734356,0.0624635082354117,0.0691172824796686,0.0395821883488367,0.0772569690366571,0.0666286203916234,0.0691425369588639,0.0756326126665179,0.0376578750203871,0.0830443412835427,0.0744345086400794,0.0744755330431282,0.07815909807326,0.0301742238454481,0.0250532268854034,0.0102538876136755,0.0102605128410806,0.0120373336587695,0.0380271802004464,0.0785445535555453,0.0697299928491981,0.0682698864256207,0.075965015493367
frank,100,990,1.86088378090335,0.2,-1.77571105968995,-1.74547882222245,-1.61844802504346,-1.77790957815106,-1.88590323001304,0.116889265786843,0.131136043542557,0.194507443594541,0.114854538378219,0.0610223179569499,-1.45828610621097,-1.72735440972728,-1.62877655523735,-1.72437448168896,-1.66374726167675,-0.00561437849775304,-0.00283322867969073,-0.00514602136630345,0.000757609748650343,0.000107194544647045,-0.00923092368957934,-0.00224346947806998,-0.00231507389870271,-0.00355070161465084,-0.00587056749847938,-0.0191605058865596,-0.00847418743199824,-0.00860977343518747,-0.013205974370913,-0.0107211548419532,-0.00894988708916607,-0.0103444605588748,-0.0107045842596432,-0.00937245409197568,-0.00959966655699845,-0.0146290736799785,-0.00820016817559719,-0.00736086177333309,-0.00882112820112862,-0.00846988554859418,0.00058995714837649,0.00114996830286782,0.00180170325114789,0.000282365946365388,-0.000294149933899903,-0.01230072574886,-0.0090196306322222,-0.0101806496417619,-0.00896565704097686,-0.00808239596356691
frank,100,991,1.86088378090335,0.2,7.63011064339592,6.74002763125949,3.70543848260295,9.66190529937109,10.4368688246457,4.77192521704245,4.33021322653132,2.82798210515736,5.77742882684489,6.16060069097516,6.57018617761913,7.3483234056288,4.62834901768709,9.74074671149147,10.5473885034321,0.0476854664152709,0.0123898581400165,-0.0199785034659486,0.0482524709394229,0.0528871529499623,0.0473432956658764,0.0398112261146795,0.0224582305595714,0.0546386722232774,0.059906291761964,0.0398329958938494,0.0325554688017751,0.0172195319039294,0.0477291834517048,0.0525937279244107,0.0385105073137473,0.0358464906212564,0.0206611565600305,0.0482839498356108,0.0538285788445634,0.0389845166321979,0.0363060590628593,0.0209688358422576,0.0490676701783146,0.0534949223198387,0.00562324223881207,0.0433169932457524,0.0194111483575651,0.0510669868924775,0.0575857155525826,0.0383344308238992,0.0367119691197705,0.0213320961659156,0.048436924654647,0.053806169243419
frank,100,992,1.86088378090335,0.2,3.71732305334305,11.6940087917027,11.3903503215517,7.04480056655605,7.09867576684692,2.83739407891973,6.78485539980235,6.63452924095428,4.48345367659573,4.5112858519415,2.32301782182229,11.1008134612726,11.1993743167241,6.56819040152477,5.92257858439359,0.0236529002981245,0.0514296717994678,0.0489649345700297,0.0352492826504401,0.0401759405851573,0.00231087424955316,0.0399153562859663,0.0414883294961128,0.013776167308357,0.0179370709093903,0.00485607401198701,0.0481277683073167,0.0475343981405372,0.0244548338540597,0.0192952626146746,0.0132284032418295,0.0587058967638093,0.0578964814503064,0.0349887388842234,0.0324030730929454,0.0091065558794324,0.0586172972870506,0.0589785284070553,0.0360014465252231,0.0310623987044366,0.0213012286525786,-0.002183809741652,-0.0343229726816223,0.00790418016819796,-0.0114666505097111,0.0098744643204916,0.0546552203416764,0.0541804917049307,0.0311520548454313,0.0288735278883705
frank,100,993,1.86088378090335,0.2,11.6398017039377,5.64090713369974,1.36272575882435,10.5384380463493,8.55983289823568,6.75773222206062,3.78878470313377,1.67150622624833,6.21248866815059,5.23389404362328,10.0130721911754,5.67856786537067,1.48557153878089,10.2478294071135,8.21090607959964,-0.0153875333283664,0.00784726347418114,0.00031271700005244,0.0271840674314919,0.00216531465122978,0.0598262139265207,0.0370177283123744,0.0159729883419194,0.0587583333436898,0.0500726780082618,0.0588644312190613,0.0264090980535181,0.00323728807660153,0.0553922537980343,0.0423800473208786,0.0518721183048791,0.0264646593147033,0.00526061757546345,0.0495196039638886,0.037636188655889,0.0527893545466892,0.0272883834683623,0.00388632573469977,0.0526181237767466,0.0393918868255903,0.0500493234184803,0.0372672572399201,0.0167091882100002,0.0525541656114649,0.04853563831665,0.0573651966038008,0.0245056709514969,0.00161595556151373,0.0499601135719909,0.0391079269437411
frank,100,994,1.86088378090335,0.2,8.80926561763681,6.00338565313813,2.49155400274174,9.88495139947525,6.48073160749225,5.35700699658995,3.96878036158806,2.23066579200122,5.88906779999972,4.20739972027684,7.84119349410575,5.90593460988789,2.57916336471078,9.57642768402724,5.37353080504381,0.0455184230087961,0.0399131228091043,0.0184272941283986,0.0586339024759124,0.0332274248005668,0.0209604667565765,0.0211518630254574,0.0101527618914037,0.0443969326480044,0.00978151621455889,0.0452228173206271,0.0302499649997334,0.0119568362081191,0.0511889959699683,0.0283993190350441,0.0391183972564942,0.0206697818752151,0.00174856718957868,0.0458802859864339,0.0120708587001513,0.0457223499760912,0.0347921795382434,0.017173774621714,0.0544414030157957,0.0335253723526382,0.0507895975257034,0.0334983164957627,0.0147989075307588,0.0514518817912418,0.042403638893985,0.0389493972441333,0.0210242720097323,0.00313168305961634,0.0447715132664085,0.0150381101387067
frank,100,995,1.86088378090335,0.2,5.51827334856192,3.05255361788492,0.855899468200821,4.66976095980466,4.76718794544738,3.72632299770824,2.50630153011751,1.41894813017489,3.30684942546201,3.35578948179013,5.03561297785881,3.26253160036802,1.15434994068067,4.57685219875629,4.6564699813483,0.0375910783399971,0.0227971640965867,0.0119654971190783,0.0333130917863027,0.0289921390199103,0.0252438060202225,0.00956478980020296,-0.0015457057655526,0.0182081182750545,0.0178285860685009,0.026473178070867,0.0162945947179113,0.00667079897290752,0.0230726586102188,0.0256509144850931,0.0282959443081114,0.0129534367956319,0.00209411958685069,0.0210281333687726,0.018472914413062,0.0305787549186544,0.0116748304216879,-0.000949702793714167,0.0237020031761498,0.020174643433179,0.0188601609732487,0.0241626082772868,0.0129320111798731,0.0252181464549618,0.0256317211674624,0.027474053505933,0.0137231818312327,0.00226426258357668,0.0223740227281898,0.0214074873508376
frank,100,996,1.86088378090335,0.2,8.36753046485362,6.17514046661759,2.78505640677175,9.76389937691044,7.50676661516522,5.13724991356108,4.05291621270962,2.37537790494703,5.82843353218117,4.71359953242552,7.33975767430629,6.24721384677299,2.9706757193116,9.70478894697786,6.84785425441009,0.0277670300389279,-0.00319300280941141,-0.0076335834080084,0.00137438273957116,0.0289268046925802,0.0445957420459247,0.0340491679486897,0.0124132872636736,0.052970754621726,0.0345000602786281,0.0325954816620928,0.0239560466503137,0.00675095353363642,0.0430702524613071,0.0241207277507543,0.0378368701837619,0.0260428226621872,0.00582538472005516,0.0470537024333808,0.0296999832086709,0.0359120839969533,0.0334707304489314,0.0135104469139466,0.0516214950537985,0.0359741026457473,0.0362104573124928,0.0245988264402333,0.0182670388407736,0.035209223807582,0.0361939424799743,0.0415875130007613,0.0294705610281124,0.0112858505660202,0.0487521179741256,0.0334153190318581
frank,100,997,1.86088378090335,0.2,4.05003636427837,3.48728519416061,1.70469586957903,4.4457204308858,5.53133370834543,2.99863212634295,2.72101185766243,1.83951246819676,3.19497769687449,3.73212008984856,3.98647863705164,3.7868647608065,1.9254068958926,4.68951131976415,5.96495398539288,0.0284432911445858,0.0273938070904294,0.0182052306717239,0.0282135487495044,0.0351204086025293,0.0275065507829488,0.0241752547312638,0.0155271560950485,0.0259723542686114,0.0341163291183873,0.0244529389430232,0.017901365323401,0.00686513135695806,0.0226165200128336,0.0291283037462039,0.0213870167362066,0.0174506212452854,0.00785634047263844,0.0231924692406727,0.0275344591990632,0.0197964038400623,0.0125673332510504,0.000922517306449919,0.0185992129362324,0.0254792721334864,0.0119768890775558,0.0270539855134208,0.0176826015852286,0.0284426198059697,0.0346697300042444,0.018067369163916,0.015015924260246,0.00512810440452052,0.0199434524081897,0.0259601008165875
frank,100,998,1.86088378090335,0.2,12.864369869216,22.0616256558585,19.103444978203,21.9969063797559,23.9583751679998,7.36176857377367,11.9142206924827,10.450860900344,11.882135286432,12.8532214851529,11.6783024741633,22.5060745145085,19.9912100353843,22.3631945788938,23.817211322488,0.0730829184416303,0.0944387024760951,0.0720841510609307,0.102886385852414,0.111545268246477,0.0656408119649593,0.118936067920487,0.100737173717,0.116518419065066,0.126896379829861,0.0629653301891627,0.114901177924812,0.0976587962282642,0.114801538140582,0.123833307130379,0.0647473209031423,0.109855501191307,0.0900265918025613,0.113158023280116,0.121276022058309,0.0701120994618401,0.110510336674558,0.0917704948464897,0.114477049602549,0.121665127551483,0.0641590263896106,0.119502733447844,0.105510323630503,0.119230957308389,0.1288770461438,0.0648915810973615,0.112088208925398,0.0954691461265321,0.111582680133523,0.120915091347918
frank,100,999,1.86088378090335,0.2,-0.456593052077075,-0.35508852489274,-1.12516087668261,1.24655327358019,-0.341143893060458,0.770325006614984,0.820483291600051,0.439661519149837,1.61274344052949,0.827993631531775,-0.906263250013641,-0.549547235037901,-1.21719785251905,1.02476384603186,-0.789990276729502,-0.0492896387325984,0.00727932899356832,-0.00995615350043983,0.0115365638456664,0.00757140387896223,-0.015505785853084,-0.0119404940958389,-0.0147496065119874,-0.00932578211332323,-0.0261781118176873,-0.00297700641954161,0.00149992046526005,-0.00488655471199999,0.00902631614817461,0.000320954711052894,-0.0129159578571303,-0.00705665107848842,-0.0105336692052083,0.00261461489321256,-0.0105298589523377,-0.010082844858907,-0.00910407434147199,-0.0106377912799315,-0.00317233962017275,-0.0131522917281812,-0.00139327833689012,-0.0179296903026697,-0.0210200492915239,0.00292259786899602,-0.0129969839797983,-0.00552240609358567,-0.00337814248753551,-0.00704842340377623,0.00370385398238905,-0.004497400988572
frank,100,1000,1.86088378090335,0.2,3.42399202197397,5.03023268001414,3.73132948834229,5.08205133494041,4.99778596672194,2.69176119582074,3.48544978418965,2.84226010388571,3.51158077472717,3.47003404192306,3.49147036404776,5.25532369453328,4.16774391985791,4.72749016827502,5.02843304704738,-0.228414601682994,-0.09828205139131,-0.0689103325818414,-0.0862529721939283,-0.0725379151915201,0.0189172092019336,0.0207154380727598,0.0112573391351987,0.0198968598966833,0.016401443667295,-0.000270474869147939,0.0189458536868557,0.0147778524727217,0.0151132701928723,0.0127337217269028,0.0129142927605006,0.0271063286128553,0.0206769223395083,0.0269149824008997,0.0244402925044112,0.00884355644972905,0.0200852511430567,0.0150940466505234,0.022433200406093,0.0217160028651823,-0.0296489803477271,0.000825104628699465,0.00703907917446287,0.00587914017592691,0.00481558470409057,0.0139003749594766,0.0257429619308991,0.0195393001225341,0.02531956243243,0.024051406441892
