cop_name,sample_size,iteration,true_param,true_tau,AIC_clayton,AIC_gumbel,AIC_joe,AIC_frank,AIC_gaussian,xv1_clayton,xv1_gumbel,xv1_joe,xv1_frank,xv1_gaussian,xv_CIC_clayton,xv_CIC_gumbel,xv_CIC_joe,xv_CIC_frank,xv_CIC_gaussian,xvK_2_clayton,xvK_2_gumbel,xvK_2_joe,xvK_2_frank,xvK_2_gaussian,xvK_5_clayton,xvK_5_gumbel,xvK_5_joe,xvK_5_frank,xvK_5_gaussian,xvK_10_clayton,xvK_10_gumbel,xvK_10_joe,xvK_10_frank,xvK_10_gaussian,xvK_n:logn_clayton,xvK_n:logn_gumbel,xvK_n:logn_joe,xvK_n:logn_frank,xvK_n:logn_gaussian,xvK_n05_clayton,xvK_n05_gumbel,xvK_n05_joe,xvK_n05_frank,xvK_n05_gaussian,xvK_n05:logn_clayton,xvK_n05:logn_gumbel,xvK_n05:logn_joe,xvK_n05:logn_frank,xvK_n05:logn_gaussian,xvK_n:2_clayton,xvK_n:2_gumbel,xvK_n:2_joe,xvK_n:2_frank,xvK_n:2_gaussian
frank,200,1,2.37192951891445,0.25,26.2588938948154,32.3130391200448,24.1987964172425,37.009827512492,34.7812814937884,14.0619645230159,17.0735512163731,13.0370094849344,19.4101636306973,18.3018039798494,24.1117281352739,32.48548324416,24.5864302001763,36.7859619714827,34.0310050823931,0.0676169754711463,0.0803993468619049,0.060753030495805,0.0948216928745222,0.0878920130288752,0.0619728742622786,0.083189448651023,0.0636921078128736,0.0928672068121371,0.0879328587212581,0.0666701578464033,0.0794328913209176,0.0580417805322753,0.0923897333856641,0.0858827596867168,0.062830629226826,0.0797967021209646,0.0592916655472231,0.0910503071197987,0.0850224283241926,0.0663091185699718,0.0812162179002862,0.0610125251048052,0.0916983165863104,0.0855848835741969,0.0703690586858919,0.0805845207723426,0.0577391853137252,0.0963646095206643,0.0847857077507345,0.064204207926464,0.0796327261832082,0.0588712933947364,0.0915604598276642,0.0855353441327379
frank,200,2,2.37192951891445,0.25,12.0579808552567,17.8267298584099,13.1952741342298,21.0584230081134,21.7638265348948,6.99641221557018,9.86596185165532,7.56220982398608,11.4737176743408,11.8245319286989,10.5282254227421,18.0681047151194,13.6310804343208,21.314935599454,21.4968701742093,0.0339846970852167,0.0495237513231369,0.0376670200350995,0.0566906910188976,0.0582561576967526,0.0343075156232532,0.0451021857572558,0.0312540366097917,0.0547873307700009,0.057137216658823,0.0276201963188241,0.044234576798554,0.0333001719560175,0.0519474971063271,0.0538594931522463,0.0298156891862371,0.0453922134042946,0.0333453542727735,0.0533461427945305,0.0553739688401224,0.0315497620245045,0.0446235971185688,0.031175918856374,0.0529707643453977,0.0550566136595762,0.0304713613645395,0.0401736052750422,0.02812282951367,0.0465414874815184,0.0478905612146376,0.0298346408157506,0.0461026279939298,0.0336292787430932,0.0542552106363903,0.0559711639638081
frank,200,3,2.37192951891445,0.25,9.96377603008984,12.6516082482697,8.21795804473964,18.5892602705332,16.4327592981517,5.95452172818802,7.29156163212363,5.08616790987984,10.24541150426,9.17275321797728,9.5727908712557,13.1351565931988,8.72227491436044,18.8066489958859,16.6559280969102,0.0217042166454239,0.0329671329952576,0.0249681732525563,0.0435042078215418,0.0429172413038116,0.0258835539683513,0.0356705287775503,0.0229567650113677,0.0507094661119364,0.0451024058538601,0.0236960927404138,0.0295946441765319,0.0151228860495263,0.0472588009232613,0.0403282649898601,0.026114012562861,0.0325052626620701,0.0214551926477074,0.0474440559105166,0.0413820825113419,0.0268241093779737,0.0318513867392864,0.0191938877852075,0.0479262776349242,0.0418789493574281,-0.00891027321260593,0.0236297963060458,0.0199014670334088,0.0323151067472218,0.0105419632709338,0.0243841966491427,0.0314690630717814,0.019637274456404,0.0463520547050764,0.0408996528588343
frank,200,4,2.37192951891445,0.25,10.3766523146359,12.8563155835963,8.53187456733722,16.8682581945251,14.3661288892339,6.1598437480909,7.39379555187722,5.24278488368059,9.38949359297069,8.14507874876497,9.1787862639621,12.8241124676213,8.66530566971513,16.8617886332506,13.7575716785626,0.0186979877231226,0.0342226295941138,0.0259759664883068,0.0399059916466681,0.0335440381106477,0.0271680585571517,0.031325744664336,0.0194041436708847,0.0426850395951985,0.0376233428319203,0.0287958817012621,0.0333572667973272,0.0211385866744613,0.0452050566863869,0.0374283431330419,0.0257828298897939,0.0316656316825282,0.019905737690502,0.0423520641135845,0.0348680361081972,0.0286423657281734,0.0317160471475581,0.0187762326137137,0.0432653454019175,0.0372933369907558,0.0207190526731054,0.0322770823174012,0.0243225670518108,0.0378309352769767,0.0261567429109074,0.0256136363427446,0.0309054653521453,0.0191131073568454,0.0415148787934962,0.0344395841117719
frank,200,5,2.37192951891445,0.25,12.9823409477027,9.26180795732693,4.95637552696075,10.8556084660927,14.3470741530923,7.45574797810895,5.60515036394939,3.46349786189445,6.39795448361035,8.13477618505044,12.5607733098007,9.6395182141454,5.19976264245909,10.9983197374307,14.843911693359,0.0362111084564689,0.0207374861239288,0.00736433101308137,0.0311230059761506,0.0370821524061394,0.0310816646199258,0.0253791611734589,0.0152518457875744,0.0265824337867105,0.0371408496039494,0.0316828895204888,0.0186207986321654,0.00706039419350162,0.02393146989695,0.0328790390838926,0.0328970832456611,0.0226731966461323,0.0109100427218861,0.0268131462140226,0.0361698100073686,0.0335170193652245,0.0225264016041827,0.0106022841764473,0.0278142388699806,0.037033278637526,0.0319502138811943,0.0225169939994661,0.012475151200949,0.0280010360754605,0.0374986613904927,0.0329300818435114,0.0232358591086937,0.011905565009707,0.0272928108328017,0.0363628257605136
frank,200,6,2.37192951891445,0.25,30.2681006271154,35.71440366626,25.1713337982047,43.4203485905436,39.1251773500829,16.0559433531805,18.7659023317673,13.5215555411138,22.5990898606618,20.4625713948682,27.5581280924107,35.6396971385745,25.1867796620871,43.4778430015407,38.5290218085544,0.0806407051890324,0.0893340664334757,0.0625662203876356,0.110286050908615,0.0997661132647688,0.0789899854651015,0.0852637502178683,0.0564583521523807,0.106773477834161,0.0954395655406551,0.0747456892061459,0.0880242048920466,0.0605874892955812,0.10880836855631,0.0968430538366264,0.074777713829481,0.0877494591732213,0.058892348289973,0.108367488637599,0.097133383054908,0.0710852658796716,0.0830954261528161,0.0551932318677244,0.103106281607298,0.0918612303535111,0.0801904555168095,0.0937393301042546,0.0679082062310598,0.111872531026745,0.102136469193364,0.0755798022339897,0.0878595998164172,0.0598055778984474,0.107810668059136,0.0967203332726394
frank,200,7,2.37192951891445,0.25,9.24864910874595,18.1267610502172,14.7587589389437,20.2458634994528,16.9117006435197,5.5997588528277,10.0156768628066,8.34018535017218,11.0699629494181,9.41179474469863,7.82478220246427,18.214613929657,15.2206276318975,20.1458913778277,16.1655193736875,0.026872321071289,0.0433999595667655,0.0317130482350264,0.052428191348771,0.032936961818449,0.0227910156078055,0.0466546776968047,0.0372120902670536,0.053680181861206,0.0431493026091446,0.0155933474608433,0.03974388723406,0.033474689670107,0.0429662138945608,0.032815017753937,0.0202581163417759,0.045392019687536,0.0372128197932647,0.049971361512594,0.0406424785515729,0.021325588103409,0.0475789042166529,0.0398244062123717,0.0518345357986726,0.0427487361902533,0.0242635889592136,0.0217533380059175,0.00437233448032253,0.0434762904894527,0.0318130565577628,0.0204899845790139,0.044738231393296,0.0365149419691349,0.049827609399588,0.0402375469539349
frank,200,8,2.37192951891445,0.25,17.1927898958923,31.8223325431723,26.608026957026,34.9289440075867,30.8665692541815,9.55181844950957,16.8292195930359,14.2352871492152,18.3750520053748,16.3540048374518,14.486509015104,31.6351115541558,27.207594670245,34.6161437107099,29.6478110332124,0.0449656169189528,0.080892780188578,0.0692315488268604,0.0863763337440162,0.0757393691331183,0.0362217321926909,0.069110180925348,0.0555302191341676,0.0761308409168788,0.0675360090950677,0.0328178890738485,0.076993025309736,0.0618677355915516,0.0878360547323621,0.0749689181123225,0.0434572918688368,0.0800151593375305,0.065707090709673,0.0880391403646777,0.0778037014356961,0.0388470360649777,0.0787979748188701,0.0650820620309593,0.0866738497264485,0.0757240391258754,0.0399729990789241,0.0810373161176084,0.0700637934686426,0.0844525267129956,0.0790077060910225,0.041729544346192,0.0789126805730188,0.0651073095147964,0.0863250578178894,0.0762361060670949
frank,200,9,2.37192951891445,0.25,19.7627604093953,20.0440490054511,12.664872861005,28.3096038562895,28.1600184783395,10.8296815066934,10.9691414338387,7.29846492661499,15.0811020026853,15.0068104072463,17.7958898629957,20.5207626041425,13.345526132538,28.610426562825,27.9036141010877,0.0492388872458968,0.0497708502014506,0.032305215939678,0.0712398160380179,0.0664098532077106,0.0395029970275129,0.0404417102727059,0.0243272306761983,0.0609744428541322,0.0578765312222309,0.0512745883448265,0.04564443283493,0.022516874737427,0.0718285491904428,0.0701851076531236,0.0488018840610293,0.0510577567408611,0.0321365144498964,0.0713309819340455,0.0714046486877727,0.0497035545270703,0.0494558478272896,0.0295384858232878,0.070735771897511,0.0715191420380764,0.0469952041452333,0.0546526037950784,0.0339064404273675,0.0754730371622293,0.0740876146996163,0.0485752906925395,0.051291919583974,0.0321235820259206,0.0719383547686238,0.0712700545054588
frank,200,10,2.37192951891445,0.25,19.7347954434144,21.0161815904064,14.1130853120781,25.4945090112747,24.9090416274469,10.8157248122423,11.4530568446423,8.01895671704665,13.6810010330106,13.3900942989331,17.8566457903463,21.2363856223346,14.5638790938231,25.481373864678,24.3534189135162,0.0536512865782086,0.0527384820300895,0.0357889300656948,0.0671234933319395,0.0583626431901934,0.0446656343153492,0.055458734169674,0.0378215587758697,0.0662158962620103,0.0636245696290542,0.0488496446325294,0.0499896360872028,0.0314353976903141,0.0628850411883399,0.0582855944036762,0.0438859440498622,0.0507056648574995,0.0343808166184845,0.06078341928071,0.058281799610913,0.0481361803872953,0.052203867272798,0.0355171798691853,0.0622275121996581,0.0597958300373085,0.050709741999552,0.0574997982367534,0.0402806949864806,0.0681420117585299,0.0671322748108272,0.048900926141647,0.0520438656240441,0.0341974095056533,0.0633396559310306,0.0610828169573848
frank,200,11,2.37192951891445,0.25,21.0985841761702,22.0251334301595,13.572305103971,33.7846955777382,30.900455949657,11.4939751220619,11.9547800907045,7.75015427521797,17.8049003735854,16.3700090880909,19.014101784363,22.5134320050842,14.253040454113,34.1279034365812,30.8528596597277,0.0442300699505706,0.0569464816077333,0.0381041997454933,0.0794148548317611,0.0774495240517524,0.0528603886345323,0.0515734018870706,0.029938888031832,0.0797601084295738,0.0757327297971088,0.0492942341892695,0.0542246072350978,0.0321143495144935,0.0831507836204568,0.0754152725321139,0.0542020573146162,0.0533024594553301,0.0287590612379949,0.0856694577750783,0.0775190855914613,0.0515772863723218,0.0538954255432035,0.0294943138226565,0.0865377498183406,0.0785210686520516,0.040987217567643,0.0574804436256832,0.0378875778514247,0.0861109711499088,0.0787898537576674,0.0531482032133357,0.0559863099739037,0.0337256156669333,0.0855516977552008,0.0784882610693769
frank,200,12,2.37192951891445,0.25,19.0898973855765,26.126007719865,21.6223758440802,20.6811657442153,23.3895121121229,10.4950075828551,13.9956874802383,11.7554794732889,11.28646542701,12.6348114526461,18.2346170596295,26.1202998705466,21.5193123334107,20.547006184936,22.6749488801408,0.0347609370097467,0.0545174643405417,0.0440356488661999,0.0498917364072756,0.048919530561199,0.0408773353763563,0.0529567696159463,0.0418789923271115,0.0432292260203448,0.0383937053169118,0.042015650865028,0.0610022677967547,0.0491446997839207,0.0461910214541231,0.0490101492169598,0.0460089727347158,0.063374084982483,0.0513429466187115,0.0509775409476669,0.0549356898704544,0.046953645715318,0.0662371860442402,0.0544021480806108,0.0528320633581949,0.0580437026754913,0.0524025703971198,0.0692444001661593,0.0562492932746374,0.0559805462197263,0.0619704791891322,0.0471867049884117,0.0651029908671616,0.0531359781460243,0.0521578070809739,0.0572846695653911
frank,200,13,2.37192951891445,0.25,4.97853120741383,7.79090902640509,5.2356202891179,10.2454229261599,7.51055754027523,3.4748491982872,4.87408348735866,3.60317842745919,6.09498795724412,4.73448024005232,3.88775502120378,7.51654785341428,5.1580552298108,9.96818144317274,6.974513162169,0.0159572686503989,0.0242687882560278,0.0178811913588813,0.0300318932583133,0.0188894247859504,0.00752388220366221,0.00748068924980937,-0.00244956810606789,0.0170304312677294,0.00960311913000542,0.0130133354564903,0.0222745308748652,0.0152715949596006,0.0291054683208167,0.0216441828006942,0.0104614059457225,0.0159648372934478,0.00956672334268814,0.022022003699121,0.0156213548006721,0.00429002438877645,0.00903014895936872,0.00171424509541501,0.0172291164098466,0.0096570320289355,0.0172590487447,0.0233390937334857,0.017241307212868,0.0262666299520953,0.022916936811559,0.0109765046666821,0.0183930960885318,0.0114624492007981,0.0245650950114068,0.0175233453542474
frank,200,14,2.37192951891445,0.25,8.77015045183467,9.61564751183454,5.8290458232759,12.538837974598,11.5245287793789,5.36056947952377,5.78150478191372,3.89791168415217,7.23570195577275,6.73115630301078,8.17414911875766,9.70749159166594,5.94076273624611,12.4606702852401,11.4583160624088,0.019581997792236,0.00675279315243105,-0.00412114137945917,0.0168472676312224,0.0186661505237092,0.0203838001604931,0.0171809329353046,0.00762014830010734,0.0231029067229651,0.019018580658397,0.0203451406510638,0.0227556176594608,0.014011800958001,0.0301813414832948,0.0266788191558603,0.0216829633776271,0.0246709024279047,0.0142577813896796,0.0315790216019187,0.0288515629310755,0.0228122240096885,0.0233391559268525,0.011993865564071,0.0324613417821479,0.030005642235495,0.0269252339947183,0.0245890838437082,0.00898260877109485,0.0363011292957755,0.0335427155854142,0.0219083131639733,0.0232112779729165,0.0130833210425496,0.0306940479019846,0.0281455680400797
frank,200,15,2.37192951891445,0.25,14.0981429199023,20.2927591713626,15.325892093057,23.7112713692357,23.1918184188347,8.01150765496747,11.0930608688892,8.62233327847394,12.7938337510421,12.5353399084235,12.5291098468022,20.5039845768367,15.8613100861776,23.7097964560042,22.890000476692,0.0391819406651728,0.05274749103571,0.0388263473085304,0.0641367272666918,0.062185223575068,0.0367463389077518,0.0553829552782681,0.0429675104253255,0.0628083559143341,0.0611541969402471,0.0372064467903993,0.0539820015264044,0.0416348892170071,0.061267476695873,0.0605055466681284,0.0345824455475477,0.0522263583991067,0.039754396504637,0.0591712956531585,0.0588439585479619,0.0337042098434698,0.0514089820236135,0.0388310424398651,0.0592552103733616,0.0579578005203934,0.0314919251733393,0.0541656757599456,0.042913462782369,0.0638438301798377,0.0609486233093897,0.0350818371731508,0.0515087148145702,0.0384493403222258,0.0598462954124449,0.0585545680721085
frank,200,16,2.37192951891445,0.25,20.5618095271591,21.8731603647904,14.8344178692706,25.2535343144583,26.0979559611721,11.2269888760133,11.8793612189189,8.37765622045167,13.5613138430949,13.9813821792581,19.1458932533669,22.2635062349384,15.4113376911504,25.1315947847074,26.0325898766778,0.048730301932318,0.058698116045304,0.0420663598110236,0.0637381733823259,0.0689591817732927,0.0481685843990565,0.0523587924309577,0.0347792499905948,0.0603213301772751,0.0619566840305259,0.0513141645534663,0.0515581968364795,0.0337314114900704,0.0603028948633664,0.0629320039848458,0.0534526975411453,0.0558004838294812,0.0370430763018886,0.0652045882210322,0.0672590324128377,0.0521484205172881,0.0560409863885251,0.0372374697659269,0.0633874431758803,0.0656815887689287,0.0562858227845253,0.0596680985745712,0.0414691566980084,0.065263938315282,0.0701304836329308,0.0518262493452592,0.0551584178623722,0.0373367229368253,0.0633772273839474,0.0656412707086928
frank,200,17,2.37192951891445,0.25,23.9383730150238,26.1889405241057,16.8411676185545,40.4308331789732,36.0427715578602,12.9076448645604,14.0260786220444,9.37597498091222,21.1113923532712,18.9285384315069,20.7241433126345,26.6393045738948,17.8176110886731,40.771824160691,35.106929258357,0.0395563487506208,0.0547165897506941,0.0390249607205365,0.0900465884449276,0.0821586776996743,0.0587867408502298,0.0626783435628178,0.0375418987332252,0.0989232797890706,0.0874387849150409,0.0607572112995194,0.0664577726478412,0.0426100119284879,0.102246846605842,0.092388052072303,0.056717654498541,0.065695127571204,0.0412329465419281,0.101872306905906,0.0901855091576052,0.0598216781369897,0.0666031608340435,0.0420529781935562,0.102016335181117,0.0916611988047437,0.0396488293249961,0.0500905146947278,0.0256926940609012,0.0976231025117486,0.0712319338678081,0.058658576369438,0.0665967282837073,0.0422974761800431,0.102099883800916,0.090929259795907
frank,200,18,2.37192951891445,0.25,31.1928354792734,31.6756373793043,20.0653616355349,43.892554909833,34.6789134586743,16.516412217296,16.7569187341643,10.9812836393016,22.8344227202928,18.2514025901688,28.2817183740378,31.6182507604946,20.1042054665932,43.6996235007834,33.8526760896184,0.0409110813175212,0.0725598396251626,0.0509062926848848,0.0883710556933135,0.0546970782916024,0.0774594969121519,0.0801467974075354,0.0470753172545797,0.112291354769621,0.0883379155851453,0.0725874807647554,0.0647165760534711,0.0310514053264783,0.0980501857126918,0.0754604293928318,0.0757633179253606,0.0776950294842282,0.0475554557284988,0.109011787790805,0.0852100788184425,0.0753009246245145,0.0710104061043469,0.0420843865614861,0.102902637713851,0.076318474900202,0.0681582001957695,0.0824622506785061,0.0551432540561827,0.113101867291754,0.0880784329227494,0.0771864691771135,0.0783372298774197,0.0484659192879167,0.109533963069348,0.0848544590681207
frank,200,19,2.37192951891445,0.25,22.9547588565809,35.9693269768305,29.966044621245,35.4692668300144,34.3054628045245,12.4178574740219,18.8925554823917,15.9062731069713,18.6435984032803,18.0653687927135,21.0441970745808,36.0456430701466,30.3859369202241,35.3170839150421,33.5269063860567,0.0618316688538319,0.0947608689881172,0.0794613168527714,0.0922998606547554,0.0899078262825576,0.0613678922734858,0.0935482683352708,0.0776886429041085,0.0916597661490952,0.0899117701748552,0.0549511200403726,0.0856058661683433,0.0646170977379081,0.0862661116536763,0.0807484007768545,0.054936565758647,0.0885622567838888,0.0727718197992061,0.088261169544975,0.0834080656744643,0.0528458996673027,0.0841983849467171,0.0673587917644987,0.0848790008644285,0.0798478094761483,0.0614756981589896,0.0913692223935594,0.0720547765388531,0.0916161455304031,0.0837660591827076,0.0558763049933248,0.088998227976139,0.0735839076587282,0.0874582748873782,0.0834207102755716
frank,200,20,2.37192951891445,0.25,22.0203107348779,18.4121714381127,10.3617397644835,26.7091244190309,26.0385129128318,11.9527957550317,10.1573934302942,6.15242429983276,14.2851649792285,13.9517476268686,20.4095678250348,19.0126294707979,11.1398727432965,26.8097628273456,25.9261142712562,0.0592891159025302,0.0506966981346492,0.030168563831411,0.0715287247825836,0.0692324405879586,0.053334887387323,0.048343555782632,0.0299429110588578,0.0648068759322963,0.064733700416977,0.0548069540986221,0.0409102310961057,0.0186766091520927,0.0642490928955246,0.0606034078868348,0.0545696913124722,0.0460904801563621,0.0260153506263771,0.0664390977443028,0.0642104035106126,0.0543908554629879,0.047814546928694,0.0271476610574082,0.0685225784927418,0.0648442334040421,0.0532475482400422,0.0509524285606998,0.0302260277669686,0.0714503264037491,0.066814182563209,0.0548832188820084,0.0469465802349409,0.0266927605761573,0.0673186339432352,0.0655628027741218
frank,200,21,2.37192951891445,0.25,20.7431809187057,31.1669211955922,24.6599888499478,33.7902583360031,29.3154696813322,11.3184547185171,16.503429765495,13.2663373040154,17.8086008355945,15.5830280368498,17.7575000540622,30.9866784918025,25.0453632834024,33.4444710813865,27.8764983758055,0.0390748541935341,0.0762436234121482,0.0612812662796414,0.0822110131343561,0.0683142395144388,0.0368828150340007,0.0745362691867687,0.0592020055488328,0.0806962018948354,0.0616084654981223,0.0502378519140358,0.0779752631028538,0.0602532069874031,0.0848972218067652,0.0732150019923001,0.0481770987482534,0.0758625531071677,0.0599316175252735,0.0813030027889624,0.0698058439257348,0.0524291743565879,0.0780276524400686,0.0612194451143782,0.0848522922341122,0.0731751717689502,-0.00517331113250857,0.0480615347666282,0.04583786475332,0.06415473338265,0.0153290936349363,0.0497135495219589,0.0772782491452469,0.0605960572071147,0.0836630044893907,0.0712142665460188
frank,200,22,2.37192951891445,0.25,6.78120670750645,15.7603330229237,13.7048876074132,16.2690308856177,15.884493465211,4.37131632385828,8.83816899558469,7.81576842963666,9.09146470065178,8.9000732040893,6.09285283778439,15.9926610094771,14.3089288202823,16.1536369560796,15.7083023779324,0.0121891619834582,0.0443928810533109,0.0374915338287274,0.0441720778251543,0.0433606865056137,0.0196534911894827,0.0403600644942144,0.0354823269577029,0.0421132859861867,0.0420320668041667,0.0140063350720889,0.0362818447043837,0.0305829701270214,0.0399417624621881,0.0371755298516574,0.0173059646230028,0.0410214409945067,0.0356080735084393,0.0413311559643458,0.0406861448748581,0.017191268282493,0.0410896843779137,0.034653716947868,0.0421200191116472,0.0410299208416189,-0.00841555718378985,0.035004473816698,0.0347511028262317,0.0320491071606237,0.0302623850440659,0.0151670024905609,0.0385864979076131,0.0333100952530207,0.0393198697303667,0.0382626487708707
frank,200,23,2.37192951891445,0.25,11.4608310718274,22.040642095408,18.5667849647955,23.0235646273865,22.8913504249456,6.69902454474488,11.9625993921996,10.2347172080059,12.4516490578875,12.3859164847345,10.5525412548797,22.2329927605073,18.9665417014844,23.0411830432327,22.713152907885,0.0284780939145696,0.0475015304216907,0.0389750548201185,0.055246045234891,0.0549473321102382,0.028030916956987,0.0429169481245818,0.0331185955533168,0.045797547734116,0.0464545803507646,0.0292413013205257,0.0535813283306959,0.0433660585471943,0.0580737955720143,0.0543196371321523,0.0303330657979716,0.057395077676829,0.0479978797636015,0.0599554611836326,0.0593415220689967,0.0298048946650508,0.0580131255277306,0.0488021251429199,0.0595502049422063,0.0591337198570365,0.0295751185277489,0.0468631124401388,0.0194396043314428,0.0612694487946163,0.0576649011637477,0.0285312539540368,0.0546859197296979,0.0454926699104421,0.0570326351289472,0.0565040096984163
frank,200,24,2.37192951891445,0.25,8.27477452742895,9.10593309116375,5.80429835464715,10.8596423160734,11.6684698490838,5.11403090316627,5.5276881103131,3.88527480674209,6.40020129875402,6.80262828174826,8.24644567453522,9.49004736582408,6.26764812581826,10.8313038923064,11.8890234104888,-0.00270124389908446,0.0275401976468612,0.017221209366914,0.026342967909148,0.0271397169721815,0.0251859044581405,0.0272451426967803,0.0181924269725417,0.0303219888258137,0.0335297995743194,0.0216481496568343,0.024410423377904,0.0162918693295981,0.0291506099816652,0.0312265101972917,0.0208142317709186,0.0232217365668359,0.0154701114803508,0.0265970904732205,0.0286204608590038,0.0195288270608738,0.0231821061034901,0.0146147757615789,0.0281440041193272,0.0294907473261051,0.0230765939405946,0.0258204443956378,0.0121692279137467,0.0302049710619956,0.0333457220139393,0.0213063621992918,0.022877115314987,0.0140779538922284,0.0275325594979102,0.0294077520571305
frank,200,25,2.37192951891445,0.25,7.90859505328865,10.0265231070588,6.3635637204814,13.9656578051405,10.8013543209836,4.93206541292442,5.98591012033571,4.16373349126571,7.94553797645648,6.3720488332222,6.92918524904684,10.0475247423835,6.57976192877221,13.911313952331,10.0098059170604,0.0234581773095315,0.0287153007128,0.0204326428305273,0.038331836476706,0.0283805283098082,0.021198860613786,0.0268636313318553,0.0154602483566911,0.0384276936678976,0.0294266669233235,0.0135568641883163,0.0183044814277687,0.0105355937696166,0.0281080262069457,0.0155364107990487,0.0200389752435631,0.0246424769155774,0.01407471730328,0.0357266681635352,0.0251262433450178,0.0178504980576736,0.0207753958954222,0.0105463104993915,0.0317528080569906,0.0194789514804145,0.0246964773797385,0.0240099031602396,0.0110775811315833,0.0351008342678851,0.0313892964490837,0.0198695411801768,0.0246799912104517,0.015321995792146,0.0347185584543348,0.025081657753634
frank,200,26,2.37192951891445,0.25,11.8661017518372,19.2665103702279,13.9142841544037,26.1564465531969,19.1481385539962,6.90165065558731,10.582932322399,7.92057199479667,14.0105367542358,10.5243066380544,9.68275678467723,19.0363408756704,14.0875134834223,26.0451889776331,18.0662118580036,-0.000411356334888118,0.00645942300490459,-0.00987037392680006,0.0401748676456354,0.00107871106221692,0.0149995637108926,0.042393166847849,0.0315773511584699,0.0577384832665533,0.0357961318622582,0.0276177998753451,0.0503730171293316,0.0361263897775852,0.0668286434346246,0.0501078113029287,0.0285020292120961,0.0478934713791303,0.0334172792795762,0.0651227131472503,0.0467812510135319,0.0286442617606983,0.0495408267194645,0.0348904626322015,0.0663572876706836,0.0484816697142316,0.0337939169426148,0.0520528914285399,0.0396197626770461,0.0654653924537254,0.0497730902549325,0.0270727210672652,0.0476582401430674,0.0336374897108129,0.0650825247618906,0.0466298321903871
frank,200,27,2.37192951891445,0.25,18.8645410874174,11.2324510417054,4.0950068305687,21.4606392519172,19.0304148772931,10.382994784811,6.58566218177676,3.03496956710471,11.6741087518112,10.4652547808531,16.8126301085131,11.5754201636574,4.50597486085616,21.5561882583882,18.7507348738545,0.0511050401028335,0.0311374056979103,0.0113397722488581,0.0585897784899419,0.0519834955576187,0.0400970254814554,0.0168842995446021,-0.00102062563360146,0.0460127821371794,0.0359934758331075,0.0465696848084079,0.026452779617078,0.00826841788120212,0.0537834151898027,0.0469808479034288,0.0460303496826109,0.0295411867998487,0.0119857342718578,0.0548051484352336,0.0483078901348983,0.0390920088299045,0.026765847795414,0.0117786843988838,0.0507673718816632,0.0418457431304187,0.0521081333211583,0.0284943903171953,0.00653347072502548,0.0558134631812632,0.0485524313252253,0.0455606373971012,0.0287890430891499,0.0106567710590063,0.0539563009947725,0.0472445435428139
frank,200,28,2.37192951891445,0.25,24.9135564162572,18.6317864420711,10.1799805529258,26.1545748937556,28.0057960672976,13.3920753903281,10.2665213309194,6.06190567927515,14.0090314835545,14.9302256145648,24.1991843778563,19.4808085342359,10.8558315970118,26.4110326122642,28.577059076536,0.0578020004875397,0.0483319768514594,0.0273991991550526,0.0640712687510114,0.0709189870030968,0.0547999545053381,0.0471727630357833,0.0268764855297726,0.0634779743969118,0.0689947063593208,0.0612356690482889,0.0484841911653017,0.0274579621400382,0.0677511497692692,0.0712785365140583,0.0617752722211097,0.0457253796776495,0.0242868552686899,0.0652442410418269,0.069037422557926,0.0605529840651262,0.045506498150136,0.0247661556133906,0.0650822195352903,0.0697975353013517,0.0565739885916161,0.0515493427312323,0.0301132330938347,0.0650250126577991,0.0738706753044898,0.062628723760458,0.0478542960084013,0.0261586868554631,0.0669369776348091,0.0708587193289674
frank,200,29,2.37192951891445,0.25,6.482893746761,8.1073835504888,4.99491236184946,11.4531790426298,7.89717422157817,4.22374315252393,5.03138313319716,3.48303144682423,6.69573100672992,4.92767507131811,4.82367847600835,7.92921302322396,5.14773233592456,11.2610677292223,6.58676200996828,0.00969548224260767,0.00520714056015318,-0.00518835539225,0.0276058240936067,0.0117513867098803,0.0114655852837756,0.0168113200364192,0.00773860192539541,0.0262227010125715,0.0109622400287266,0.0181138266402346,0.0196685291582225,0.0103928704105525,0.0297495436942443,0.0187367013979079,0.015309021263694,0.0195426994519763,0.0112273920530643,0.0286421784287524,0.0174973091331356,0.014224287760762,0.0211999488368064,0.0136267797614779,0.0284236092810205,0.0185513670796363,0.0205823502485774,0.0250363237554178,0.0170140773008389,0.0330838207309491,0.0226493077257293,0.0130417488284709,0.0180273214056509,0.0101899201581447,0.0268637360927367,0.0157142439198405
frank,200,30,2.37192951891445,0.25,24.5720296487059,19.2429231388416,11.0612019106569,25.5119725513668,23.2375877711899,13.2230181976029,10.5716178352494,6.50163271440791,13.689934023476,12.5587654277469,23.2228584453751,19.3330073509484,10.9718280857973,25.3592523822962,23.1943536928939,0.0493833208051229,0.0425325586963055,-0.00645278421726231,0.068159872961201,0.0628982841266217,0.0614143469789473,0.0437735477363738,0.0216232593092473,0.063612076296015,0.0540449779345169,0.059898077811386,0.0403350293770402,0.0172434380766878,0.0632294365002401,0.0543458999651018,0.0592080685210449,0.0452841410421112,0.0243176876902063,0.0624795992690125,0.0559855896500033,0.063112091081007,0.0516656619271396,0.0304145527452189,0.0663747096014915,0.0612442688701332,0.0520553549372681,-0.00294379326438461,-0.035635443147316,0.0419365002261082,0.0293961943492621,0.0586390406906347,0.046696654776299,0.0256153337432859,0.0628862889976343,0.0566546944753845
frank,200,31,2.37192951891445,0.25,15.1119557827766,18.7466973567169,13.5011862380436,21.4219493256599,19.747002468936,8.5165120161731,10.3242681257462,7.71459404909106,11.6554826232983,10.8222693680016,13.2696084895967,18.7905143862763,13.9512650810468,21.0079152017856,19.1217115432899,0.0427577528054422,0.0509599498174119,0.0380527522108557,0.0581308598495549,0.0532858206096795,0.0360559225639738,0.046781641682742,0.0345423962184368,0.0528291545256236,0.0457142170794994,0.0360586706838114,0.0460088400805366,0.0332414459698316,0.052098877013603,0.0476100974442731,0.0356565077959981,0.0449971687608932,0.0316661610576756,0.0516375913905854,0.0475873993992044,0.0369953518663128,0.0455839557750295,0.0321373903241047,0.0527300874791792,0.0478119921279227,0.0402000296344687,0.046631386172383,0.0335179847643048,0.0567541182263067,0.0511576020652372,0.0375954701507131,0.046522995152287,0.0331991219494748,0.0527670443452971,0.048698946038191
frank,200,32,2.37192951891445,0.25,21.3385418119582,34.9601944568871,28.2893315650068,39.1012199277797,36.1018251439912,11.6140801732041,18.3901445534624,15.0718123625232,20.4502166593691,18.9584334190501,18.506634329864,34.9316166992472,28.8662835148791,39.1823471790541,34.930737737301,0.0556291181988018,0.0915310594656468,0.0724405057581538,0.10262865793169,0.0952520293533893,0.0523203884646161,0.086796647680882,0.0703202567391678,0.0963411551342699,0.0877695800152068,0.0505665758886193,0.084636133757986,0.0663879491253612,0.0966606733489057,0.0873300648953293,0.0519759484972718,0.0860023288283656,0.0678813267543474,0.097770642992161,0.0881103104466788,0.0560316314452667,0.0891508034081303,0.0717656820838128,0.0992452926177032,0.0930367348944972,0.0580639694243827,0.090871613598775,0.0717213904892921,0.102570305205524,0.0952386405374751,0.0514428120397181,0.0877247082020474,0.0703088826176762,0.098147575280428,0.0895164273915248
frank,200,33,2.37192951891445,0.25,11.1793566238837,16.0219620053588,10.2142303517661,28.7792783572459,21.6207072572548,6.55977130785404,8.96812253868851,6.0792399950868,15.3147243622544,11.753973679383,9.14117835946387,16.4049000907547,11.0689806224496,29.1548206685205,20.7300128953439,0.0268590004047334,0.0450065417471526,0.0299049869124167,0.0756865197339047,0.052322669832121,0.0295243300567057,0.0400156653429638,0.0235555708551681,0.073617804660331,0.0549806158564639,0.0226674192250628,0.0421794412936161,0.0277618691349258,0.0722197080356084,0.0537141819996697,0.0260174504013729,0.0407969571462356,0.0251863699239374,0.0726469451748416,0.0533909379506568,0.0286984188332038,0.0428885685763997,0.0285252363311982,0.073809910085268,0.0555028697002025,0.032940298172544,0.0441231099689698,0.0290748298755667,0.0759493973606538,0.0586694217060872,0.0269937792589343,0.0410334727404455,0.0257447086868214,0.0729705241951653,0.05387943576657
frank,200,34,2.37192951891445,0.25,29.6916193329275,34.9325136010086,25.9529691507965,38.5215839888823,40.5833257227167,15.7701783087666,18.3760793273747,13.9087897365188,20.1619073758663,21.1880036887019,26.4251573795009,35.3565608560454,26.8507277160738,38.5361096379583,39.5031395388956,0.0697492973802133,0.0852672621412319,0.065419607273605,0.0927266214705715,0.0967928683573007,0.0776064711162627,0.0897386276913404,0.0681286489180749,0.0983442391292847,0.102480529772568,0.0751656833431933,0.0883751016915881,0.0650486338124688,0.0971502335381012,0.102406556636417,0.0717469004306022,0.0880642480525491,0.0656181380631836,0.096739827891086,0.100444530919823,0.0734883906511145,0.0877458851067803,0.0657919857339846,0.0960229058729171,0.100676523414808,0.0791805632485189,0.0922876568276087,0.0698422123841821,0.101261356507235,0.103996143332228,0.0724862597024773,0.0878062148739294,0.0653195824506745,0.0966623753007319,0.100816980929716
frank,200,35,2.37192951891445,0.25,12.7397407249199,17.6787666499624,12.3695455928796,24.6566659160311,19.8157313547102,7.33611706930697,9.79304992982225,7.15226681013055,13.2642776592274,10.8559501787647,10.8093934490499,17.6157207240157,12.6333916963018,24.6078674633051,19.3317479313518,0.0193504030302413,0.0407697603868027,0.0305016350725904,0.0568364249780939,0.0434097781393732,0.0358366297962969,0.0483851867725293,0.0337634819391302,0.0654852405919106,0.0538855476362658,0.0309988599152896,0.0425011256377337,0.0293854047914537,0.0588482175993241,0.0475925852734592,0.0286693391567076,0.0416097300234346,0.0283056468849775,0.0580866136313897,0.046273526558334,0.030493204762016,0.0439614443257304,0.0300718561618213,0.0630136904996191,0.0491449459545578,0.0323648130646818,-0.00665031205183851,-0.0431201732994572,0.0340542709534191,0.0223756223722757,0.0305829968512767,0.0433041411234148,0.0289362236162373,0.0612009407055166,0.0491378077116406
frank,200,36,2.37192951891445,0.25,16.8296516930716,11.9698756534863,5.47376319138125,20.4741693999546,18.9458755952872,9.37077979842194,6.95232795834975,3.72062329166598,11.1831627079613,10.4232625699432,15.0435400400885,12.4426073422858,6.09262399327595,20.6841368685498,18.5352239651888,0.0449836137370752,0.0347811150314866,0.0186714427060258,0.0556953964530058,0.0500653956677988,0.0424205246741134,0.0332976493587275,0.0168506656561695,0.0549134965175256,0.0502034342892302,0.0430308528063809,0.0307856686115194,0.0128940985076896,0.052739536216006,0.0478648322091496,0.0407735011285309,0.029993301480249,0.0131217199242017,0.051266613567747,0.0463376778675065,0.0413572569694433,0.0316235293722362,0.0156690159967684,0.0522448023522151,0.0483519354370045,0.0393327357068661,0.0336092701559374,0.017285169312929,0.0559146665034038,0.0492664577745224,0.0408840385862032,0.0302112407028425,0.0136747264572847,0.0516638145497434,0.046997874014158
frank,200,37,2.37192951891445,0.25,27.5073836214936,25.2236703770077,16.125878429497,29.2171810298385,31.0387097424395,14.6819592957837,13.5463621866627,9.02031495804186,15.533300388803,16.4394774873905,26.3122316779947,25.7196931334297,16.5686953946488,29.0446731333472,31.270642716924,0.073377066421046,0.0375967677073865,0.0187784388812551,0.0405005817455938,0.0642622681934667,0.0653693360372219,0.0627735173823829,0.0412051830589055,0.0680959536143643,0.0737452997752682,0.0714521202289433,0.0641799651340837,0.0391159021270185,0.0742292262362047,0.0804455615247359,0.0674791023894396,0.0628462426841038,0.0400456921381931,0.0716589578358011,0.076314231746076,0.0696850303683481,0.059729178938123,0.0353553098680481,0.0719511549022704,0.0750342205677812,0.0686099762184459,0.0655954932302025,0.0380194496610237,0.0772338818299808,0.082403320843578,0.0688937451119698,0.063191902977298,0.0399687874770868,0.0727237615663619,0.0773824441588029
frank,200,38,2.37192951891445,0.25,19.2768149494127,31.8409752201916,26.4419050147371,31.824558417567,32.260459167354,10.58770663846,16.8383754305535,14.1526231138751,16.8303466533036,17.0471807228321,17.8260673644751,32.0609314568903,26.9361721139859,31.7241963310793,31.9802958808578,0.0525556068135816,0.0840089195553862,0.0701031861843856,0.0843571661868063,0.0854898786126044,0.0344064351657562,0.0721857903129261,0.0634057288616213,0.0654915780717211,0.0660926134249273,0.044715412174393,0.0741347866425604,0.0610830487498592,0.0753953900176106,0.0745539627990611,0.0494211787134429,0.0794551433403146,0.0649360868812519,0.0801666061562662,0.080975266314395,0.047392009013913,0.076996076312358,0.0620145774874632,0.0788582207932577,0.0792570847215016,0.0477618051008743,0.0839608820431335,0.0690932223295666,0.0844515811198107,0.085629667877931,0.0485856833235325,0.079829929584013,0.0657428972498634,0.0796345150023113,0.0807906641288151
frank,200,39,2.37192951891445,0.25,25.978295474704,21.1252298290183,12.2700723000288,28.7679356521594,25.9023167541363,13.9222872727708,11.507946734873,7.10291511232009,15.3098434040375,13.8845719563938,24.90072140551,21.4700321605226,12.4713700895193,28.5771505258836,26.0109871877226,0.0635720054296453,0.0540361336499569,0.0347706410215276,0.0760098607532725,0.0638305394670858,0.0574869063042452,0.0488704144368013,0.0264845678566104,0.0663916797555186,0.0588059521993794,0.0640564637539557,0.0544444164535395,0.0321222075420834,0.071081775504744,0.0658880247303071,0.0648253226430745,0.052556728069936,0.0302232133809883,0.0707574775457097,0.0639288311081011,0.0661335909532409,0.0567081913618556,0.0336367681670479,0.0752558293398348,0.0672707857115642,0.0571328444193314,0.0434122121555721,0.016415169573496,0.0765784903964451,0.0575339672201565,0.0633605084604579,0.0526941571475548,0.0297206609025912,0.0719190646000444,0.0640407208723217
frank,200,40,2.37192951891445,0.25,16.477710051055,21.8164046667758,16.3085504350073,23.5667709606031,26.7149634653028,9.19511190726057,11.8504697819023,9.11024947700369,12.7216668966855,14.2881425049003,15.1049519798509,22.4677415648088,17.2679253402624,23.7641569345131,26.4897185559135,0.0418399281428049,0.0507574528158294,0.0386779601117772,0.0580662425034346,0.0592592592961479,0.0350388133451666,0.051341582679934,0.0376889666372046,0.0574982218626485,0.0578963245896667,0.0411273374604073,0.0544601437961755,0.0405806685522894,0.0580243677585536,0.0653820094379568,0.0401960920763385,0.0557287615549297,0.0422388442361049,0.0588052979867997,0.0658840907384743,0.0393477712696113,0.0549873923454983,0.0426430048044084,0.0572757941272405,0.0629696749239424,0.0280933022799943,0.0591871580872364,0.0450412823830586,0.0621686592219211,0.066750477944697,0.0394248251458603,0.0547194751676748,0.04156559905247,0.0578522236402935,0.0647079435892121
frank,200,41,2.37192951891445,0.25,27.9562360275271,27.3974342156218,17.8834288215244,33.7876240869177,31.2549000170111,14.9063209399136,14.6281797467413,9.89520848143659,17.8071986603606,16.5475215927643,25.1857710789767,27.4543836429378,18.2365331450691,33.5491764120387,30.5544394078651,0.0738908044851858,0.0733457112709787,0.0495152479729964,0.0889625463325198,0.0830730653242242,0.0679863220421826,0.0673018488158888,0.0443364543982356,0.0815444314894121,0.0748496914171568,0.0706766962537286,0.0661903073462451,0.0410833961353791,0.0815540603506813,0.077246824761899,0.0697908069953493,0.0679832069753691,0.0432407351356955,0.084080082792724,0.0778370901861735,0.0663928074403138,0.0625536964258716,0.0388786610694482,0.0803449020985467,0.0726000482683408,0.0748840631067561,0.0671797966311115,0.040772672000271,0.0843658628899017,0.0792175759290433,0.0675571860751283,0.0671836518940195,0.0430106124590682,0.0833077654197033,0.0762730802801591
frank,200,42,2.37192951891445,0.25,16.2131056111087,18.6028040532912,13.5847508985068,18.5492575852173,22.2787985484103,9.06379832341864,10.2521391168567,7.75574439115523,10.22568841293,12.0810898100537,14.6979019961488,18.953295398575,14.1115531410193,18.5719860938109,22.1474473177961,0.0368759713140865,0.0508354277250433,0.0389396005144962,0.0457438891784019,0.0546018956615409,0.0412933461931163,0.0499372261767352,0.0375054763293326,0.0482738314256352,0.0575168371514173,0.0385156680826358,0.0443173511215362,0.0325853527345409,0.043541881469262,0.0538778362798632,0.0415018360531528,0.0480042114300229,0.034724320125067,0.0472458195019757,0.0573922455003233,0.0399994622862406,0.0467031034242596,0.0335638882930148,0.0474092227288387,0.0558817685599301,0.0454479204094976,0.0503350041878501,0.0380552535729671,0.0507745128590163,0.0606906804700299,0.0396560772308946,0.0472854084269813,0.0347314762485048,0.0465063227054788,0.0558707860518476
frank,200,43,2.37192951891445,0.25,18.9845410450655,26.187430667681,19.6740949696677,31.3764365591996,29.8868909018545,10.4424180093449,14.0255569066066,10.7854828839185,16.6070845463048,15.8663582296432,17.4346289524798,26.5865534110963,20.3363633625493,31.5236506437815,29.5346664548205,0.01715100566204,0.0567695323193603,0.0417889859070694,0.0784590726169322,0.0531152046060311,0.0415187426551097,0.0677292719566148,0.0536151386365739,0.07689290455866,0.0731229577239552,0.0487645213851073,0.0680716863247505,0.0522594622495472,0.0792252335367044,0.0762565330751573,0.0478498030934383,0.066691424963361,0.0502185779329322,0.0789862563384055,0.0751197577243902,0.0438116712548949,0.0651375044161153,0.0485722381546625,0.0783659158463598,0.0730370573460686,0.0523606224945095,0.052249943907055,0.030550819719002,0.0565863620578408,0.0615334460683646,0.0476152535463373,0.0660640846042418,0.0489363684905894,0.0788643357824176,0.0749268795274564
frank,200,44,2.37192951891445,0.25,17.3190612801175,21.0794343333296,14.1461382029689,29.6299740332297,20.3578569538798,9.61469141480693,11.4851160599795,8.03590372993312,15.7387919605189,11.1280580706473,14.7207547110666,20.9279961592723,14.4885572790846,29.3847238182639,18.0771957788313,0.0374443014296323,0.0575429321668831,0.0387368233068522,0.0773144688498726,0.05399356989966,0.0438801199439012,0.0511519503209115,0.0343378586800848,0.0680138614025544,0.047061918858602,0.0412856069473323,0.0492417978134142,0.0302788741131224,0.0739930588412626,0.0473939161422611,0.041346749630949,0.0515628129786639,0.0334033846656028,0.074002309374958,0.0458930173846326,0.0419210255782476,0.050700726938294,0.0318350850403944,0.0735767171210283,0.0456080312690039,0.0472302642018858,0.0549186180623003,0.0352235343933376,0.0789519024311479,0.0546946010424076,0.0420195648988518,0.0518784323636587,0.0343433826847686,0.0735227552727968,0.0460449826454439
frank,200,45,2.37192951891445,0.25,25.4964177674911,18.4646636931831,10.0341491505094,24.0662583753485,26.8646434958757,13.681364059055,10.1836828156752,5.98992111068982,12.9701786476441,14.3623520927476,25.3837280526637,19.1240680594035,10.3024843633718,24.2697278986886,27.7338848650751,0.0674077757763497,0.0479743215167177,0.0288977940172542,0.0646892764064203,0.0689550408258908,0.0635215779092451,0.0503182866563935,0.0266750367321291,0.0633190477779408,0.0708953185179746,0.0650909438516332,0.0489783041315048,0.0273995913587442,0.0619344401250343,0.0696771539251176,0.0637788108289478,0.047503542848101,0.0259408511997793,0.0620263407407294,0.0686757984628607,0.0645340427201776,0.0437970867033956,0.0212679031163077,0.0593331612683466,0.0661104593389088,0.0679893574076332,0.0505636127482171,0.0277247851320956,0.0651048023272343,0.0721378964325636,0.0644403204158848,0.0466741732187895,0.0250390136720219,0.0607606862650648,0.0678468816356785
frank,200,46,2.37192951891445,0.25,24.3300987927279,16.5249851857404,8.2592264972592,24.5452537573663,26.8978910579339,13.1017706237786,9.21830990180486,5.10618683518881,13.208487547919,14.378835621391,23.3488229253372,17.3727140231893,9.01457105443026,24.7575320275909,27.5555377140093,0.0588361486117538,0.0463073577019628,0.0256411382971235,0.0663630586286072,0.0719248111043231,0.0608799992448588,0.0435671080317369,0.0227273516055894,0.0625214144108961,0.069593534371107,0.0637845854691807,0.0445162395646833,0.0222953250241242,0.0645711537829752,0.0706796847452554,0.061685603450017,0.0425274308620301,0.0215893898255423,0.0621160729174371,0.0685685954928325,0.0611883480034047,0.0424351218972531,0.0214116143153349,0.0637599582461659,0.0692645834365598,0.0568152922584404,0.0300382594630076,0.0119754961545737,0.0568134376960973,0.0624779027651338,0.0599354753830443,0.0414802066425932,0.0208452866655039,0.061408446916428,0.0670837446600358
frank,200,47,2.37192951891445,0.25,5.4629513641027,8.02809991769952,5.16563515338642,11.4373874857954,7.73293543759868,3.71544479538685,4.99211124142854,3.56838989328793,6.68790081311683,4.84523356971076,4.8850949945066,7.83902382665438,5.02723445448438,11.2394979212803,7.37775973195205,0.00831106135901653,0.024061927737969,0.017841666065795,0.0304907899291815,0.0203308806023755,0.0171141106538394,0.0191380914753449,0.0121943128436129,0.0284934636621659,0.0195323179306317,0.0134202065123169,0.019008820808262,0.0111632330251255,0.0265515991647786,0.0185273649950382,0.0126872176909601,0.0180857385998689,0.0104583753950299,0.0274524239923921,0.0179303978451527,0.0114138998874998,0.0180344168126016,0.00954848677427426,0.0274707859600343,0.0169617254446216,0.0175304411947636,0.0246058581365723,0.0160848857247412,0.0334827436009027,0.0240079245523695,0.014458770304231,0.0189583067034449,0.0102684171804338,0.0287235737568135,0.0189933568765599
frank,200,48,2.37192951891445,0.25,16.0817886950865,14.9842087416355,8.84288863775684,20.0882990525835,18.3018395251823,8.99765354387914,8.45258854801289,5.3978534963038,10.9914308767759,10.1028757560339,15.3871017741294,15.1055259593477,8.74655528730116,20.109220988184,18.4594480113374,0.0442003192568879,0.0396695322411625,0.0203224956356639,0.0551627361585441,0.0494611578423293,0.0374485019659389,0.0393186675899222,0.0256518149698103,0.0481309425904754,0.0445904521811002,0.0434246392619068,0.0380531085732808,0.0212965428838603,0.0511910975924797,0.0470223220019985,0.0386350109641703,0.0353665939887439,0.0194565078516425,0.0484969512993889,0.0436825659220704,0.0411742302692466,0.0386641637718038,0.0232624590148884,0.0507858417396163,0.046241741163902,0.0420688897789012,0.0424401977263096,0.0269595904190548,0.0548532476730269,0.0504071820987865,0.0410872781357598,0.0368828489837316,0.0208263613168349,0.0504504988335584,0.0454870095005306
frank,200,49,2.37192951891445,0.25,10.1715782827228,11.8823445454578,7.00829911616279,19.3007609919625,15.8778666458791,6.05801037310277,6.90893898743397,4.48440804734028,10.5995888298913,8.89682022813729,8.8141970934282,12.1105104705211,7.52615846443227,19.3523842235025,15.5516570527371,0.0303494121733586,0.0334656782393255,0.0205570287918445,0.0519418359829591,0.0443711595138168,0.0232736309375764,0.0313926226980231,0.018487056397467,0.0491678152983911,0.0404507857109318,0.0259433688371493,0.0305059352011801,0.0181177216081889,0.0501291974952157,0.0396530029452196,0.024813943706093,0.030120381961007,0.0176674640631713,0.0479255875716008,0.0394993615009372,0.0230123934759424,0.0278472277689796,0.016229926908753,0.0462984286212802,0.0370298219731256,0.0301936672942331,0.0268950151694212,0.0121805042980311,0.0487559823660315,0.040160430839578,0.0261555704811802,0.0300970611355868,0.0170264972211425,0.0487478033829811,0.0402459976306897
frank,200,50,2.37192951891445,0.25,13.3364349525724,14.3636631518415,9.44228493963543,17.8567263159338,17.397944415397,7.6324081461971,8.14375506507582,5.69587884552765,9.88127287388969,9.65295513576209,12.3151142513101,14.4936190384954,9.59449171767121,17.8039945306441,17.4920457108462,0.0383365858679392,0.0334332275492694,0.0133106708788741,0.0482353379619065,0.0467406477045418,0.0327128185699083,0.0329588340098797,0.0218435427965962,0.0395323173387985,0.0408930661077327,0.034062813480808,0.0359641114484649,0.023558920672478,0.0459926656782853,0.0445851351536511,0.0334346051031855,0.0380225091751887,0.0242875732407996,0.046787277647067,0.0455458303814427,0.0341085782283618,0.0372027633261584,0.0237072893141647,0.0465036503246854,0.0454583162575097,0.0288515451277873,0.0404909246252566,0.0285608572878083,0.0496297915088071,0.0465226273466207,0.033044482410451,0.0350419817182447,0.0213421458146074,0.0444036038593887,0.0434335481434997
frank,200,51,2.37192951891445,0.25,37.8641492354999,38.1091880411266,25.0805020915142,49.800262271031,49.7207447571136,19.8348114873927,19.9564243735014,13.4749346868241,25.772830630263,25.7335524603043,34.7835153619783,38.7757333978559,26.0096767699916,50.0118542261513,49.2970737039595,0.0963630531210542,0.0971366576514085,0.0656843340788321,0.125523298399635,0.119383008621252,0.0950195179884173,0.0952954321333978,0.0606543924912771,0.126288570152911,0.127698981600997,0.0978385580270234,0.0922589109164072,0.0568704427309417,0.124578231349378,0.123684561072464,0.0950860593738492,0.0964643111879477,0.0635651764312473,0.125341468750949,0.125164908999584,0.0960950821797915,0.0985077333514888,0.0658524097270904,0.126868906528236,0.126313572330376,0.0990580082554815,0.0958104679841491,0.0619209214736503,0.126624364680531,0.12585702897884,0.0942396741103973,0.0958356211132427,0.0623647972047278,0.125176719040068,0.124334043217073
frank,200,52,2.37192951891445,0.25,26.1710909802089,21.610571698492,12.349973084493,30.9465945518214,25.4200348777564,14.0184076004545,11.7494115867792,7.14237559867044,16.3939362364947,13.6451579694953,23.8869103277026,21.6962575297864,12.6052602629295,30.6269680220664,24.4662701999618,0.0638913041556941,0.0523988737003099,0.0297924301432104,0.0746617100201718,0.0636293935984674,0.0685409650348106,0.0570244754984739,0.0296058924504916,0.0814516116751077,0.0677703102708452,0.0620206994436266,0.053165221033526,0.0312815268053786,0.0732301821146976,0.0607356111909435,0.0645823637553507,0.0534185774615035,0.0290463984034535,0.0783819377178578,0.062625325816296,0.0664140846973583,0.0539197477684005,0.0301766421949011,0.0769817072522287,0.0619545269397643,0.0670137130030365,0.0272231118964713,-0.00496371064401242,0.0553984704315404,0.0492060876242847,0.0649343646701725,0.0537614450324543,0.0298072772919722,0.0773307853338533,0.0622006991330112
frank,200,53,2.37192951891445,0.25,28.2404984530853,20.1998687147595,10.4369756809371,30.0386967980192,30.5364579845078,15.0475611429047,11.0467286101199,6.18977850212005,15.9416355546463,16.1893436106274,25.9067836875298,20.8518836122976,11.1942195092725,30.1445218139268,30.5318976502917,0.0743167045482255,0.0541271328197727,0.0307890113821211,0.0773408336085427,0.0715916212752774,0.0705118970128652,0.0509475341622414,0.0267903170004798,0.0750816855781059,0.0761182349607737,0.0702516211870209,0.0511310977102468,0.0272486644757261,0.0727926173441571,0.0753015148554175,0.0702174995484857,0.0515500461344926,0.0268679948969205,0.0758081345333693,0.0770073522772771,0.0628664826299103,0.0521512571385538,0.0281021286498867,0.0755024165244454,0.0770260104099656,0.0646620707492306,0.0550347469796917,0.0310923283198322,0.0791109286213867,0.0810035500941086,0.0698611443728471,0.0512199946004595,0.0266385144728325,0.0752191627099078,0.0765133447667519
frank,200,54,2.37192951891445,0.25,26.294035543025,31.6921895037729,22.0660586170868,42.8358630904771,36.2876529521196,14.079245501279,16.7648112418146,11.976530274191,22.3084537135873,19.0507587230975,23.405882273678,31.6623639880187,22.3769363252978,42.7645133080656,35.6594937789878,0.0699782990150431,0.0717820092383702,0.0400635413340888,0.10806047439125,0.0900561179281407,0.0672635215580095,0.0777072210250359,0.0469936003493183,0.109933978536814,0.0922047040594692,0.0677414785343572,0.0752640743572911,0.0480698036221643,0.105566420470484,0.0901113778400047,0.0650708957896774,0.0784293673473676,0.0520897144802443,0.107090922233536,0.0914965684079553,0.0643377157134962,0.0771532066901187,0.0509984860162684,0.104928449441282,0.0905358864129513,0.069588318801252,0.0834176378358547,0.0580829109995584,0.111815492752759,0.0957007759162248,0.0657440151550878,0.0791320324194053,0.0535776050998698,0.107679906203807,0.0911803142501935
frank,200,55,2.37192951891445,0.25,21.4975949137696,19.3527360442897,11.1377047655786,28.7765818222446,25.8828955110898,11.6929632585234,10.6254440899697,6.53859473628732,15.3139129325574,13.8746858576461,19.3082579099667,19.7588104024203,11.7667998831343,28.7401387800164,25.419709357241,0.057949067286892,0.0515434350554318,0.0308092897258872,0.0727592505480117,0.0688126771763511,0.0496826582252059,0.0497886493884767,0.0303175525993987,0.0707936848197385,0.0625179081089685,0.0542505386253427,0.0516664231468475,0.0310768868951455,0.0739836641505885,0.0669495374702324,0.0525588940928524,0.0492039513884778,0.0283543392687846,0.0728305310226259,0.0640699234393657,0.0535149142658169,0.047587955094359,0.0259175551884872,0.0712067414446402,0.0646303739964503,0.0467427870787725,0.0527800241891114,0.0327147794361587,0.0707459837831676,0.0678001367630203,0.0517276411495527,0.0490382422344169,0.0281738945018448,0.0723044960377495,0.0640404212145931
frank,200,56,2.37192951891445,0.25,25.5673149729521,30.5060557327628,22.3866669000234,35.0055138290287,34.0820950516317,13.7185540778059,16.1744180322984,12.1353816269087,18.4127499274476,17.9535421912823,22.3593926976415,30.5698835482455,22.7689057223053,34.9814607231238,33.3141996807513,0.0646943314511655,0.0791726697517761,0.0588711383529268,0.091218946566587,0.0860026468137966,0.0549395310285917,0.0723014095923137,0.0533216504322569,0.0835876053590518,0.0771859567317023,0.062198553990523,0.0737253059644716,0.0525125115848144,0.0862069553117982,0.0835178423644656,0.0648495025021774,0.0778069271513097,0.0558561239402991,0.0890730743095189,0.087208981266401,0.0565648074936251,0.0696996726416945,0.047210361728737,0.0837185118115231,0.0801859168421577,0.0592409769518705,0.0796206071116434,0.0604073880326695,0.0895970379493035,0.0873574872985654,0.0618988998596957,0.0754044906241059,0.053928839055855,0.0873877682843446,0.0847687610884225
frank,200,57,2.37192951891445,0.25,19.4308794797533,18.2753386560957,10.9319502600538,26.3962465304211,24.999977972862,10.6645080231143,10.089417468906,6.4365038958425,14.1293590776741,13.4349627961059,17.6699435860566,18.7136351510272,11.5676127050117,26.593356681415,24.7549107494665,0.0511246334644256,0.050516636682187,0.0304402185949171,0.068479960693404,0.0661316250878476,0.0523121671264511,0.0466484989419503,0.0255302972589193,0.068217843386154,0.0651235889855915,0.0480002605277871,0.0474643549271997,0.0284918916360696,0.068783545526012,0.0647345501735271,0.0464042340835608,0.0445053560027163,0.0260858260107935,0.0636984506293015,0.0594449446008753,0.0478514945710004,0.0468191058764102,0.0272415379622566,0.0674359682809601,0.0640620661351197,0.0531449721713756,0.0483308578425284,0.0227442544592543,0.0671582706245044,0.0672520367064283,0.0482896528653643,0.0457847537321963,0.0265552847094676,0.0662217666434934,0.0625399349271456
frank,200,58,2.37192951891445,0.25,13.3450407534065,16.3575066739588,10.992272682327,22.1213332536747,17.3654960087953,7.63735023092231,9.13588749859054,6.46706312423174,12.0031148519762,9.63754290717524,11.3748408557897,16.2046529716647,11.0988724587511,21.9274051419813,16.5813105559112,0.0383509529948315,0.0458264035028826,0.0324668583038811,0.0602701929968762,0.0480266238794101,0.0330920373215904,0.0380699375139769,0.0233229482318734,0.0535078841431297,0.0424837631262204,0.0264633537710146,0.0335391285909282,0.0190410772522958,0.0513873499018553,0.0355370183742228,0.0318269408716464,0.0378977546332229,0.0226679039628785,0.053150534726534,0.0411740885732228,0.0313368116357785,0.0410011981747435,0.0271925356914895,0.054190462524638,0.0430339106275562,0.0379242975069822,0.0430370272274509,0.0286966914135719,0.0599315618202284,0.0484092660838125,0.0311243102808902,0.0394580214699866,0.0253006462423857,0.0545115735742241,0.0415259115053645
frank,200,59,2.37192951891445,0.25,17.701989681301,16.1638567128994,8.45604314852452,28.6755688789806,22.8403870612708,9.80474962928442,9.03902312742402,5.20467234105891,15.2635481246717,12.3609000850635,15.5357519222095,16.5455663872204,9.0862988898139,28.7606959505847,22.4747308619878,0.0468635577310219,0.0408950315738063,0.0231069776891133,0.0680101543829992,0.0561586068464656,0.0462838817076509,0.0432355989707935,0.0241506760844806,0.0741374383274225,0.0594942594557948,0.034929065844323,0.0381421559746977,0.0195629013620858,0.0665649506030596,0.0502203545595733,0.0448304254189663,0.0419772143802521,0.0226766003850574,0.0726112112723155,0.0581576528050531,0.0400061556167655,0.0392377587122907,0.0208699595145375,0.0682786284161785,0.0550971558150228,0.0476794337026343,0.0418425888591122,0.0224888265475685,0.0725935620389365,0.0595369045768374,0.0428991667305968,0.0400706437275209,0.0200787124265394,0.0717531401681323,0.0556882222698393
frank,200,60,2.37192951891445,0.25,12.1659884381911,4.62824417510214,0.0301900061959288,12.1664898673602,11.2788742204267,7.0500362546352,3.29994573237876,1.01253378467076,7.05004932724283,6.60908754828989,11.6132834678237,5.22821145850104,0.579738325780121,12.4024884708887,11.3511951208458,0.0234664875123296,0.0119792771938427,0.00392190127687285,0.020867357838335,0.0256288548307222,0.0292833105457498,0.0136594594320978,-0.000837815414402422,0.0329414619294713,0.0300969783277254,0.0323483723772267,0.0122233814927924,-0.00177826085281173,0.0330431203796138,0.0284088808996334,0.0307141588585009,0.0116256503039199,0.000189631421247424,0.0308583898498318,0.0266764226216983,0.03190398954407,0.0115968826398468,-0.0003209784737496,0.0309357281104535,0.028472847844834,0.0348080088554094,0.015917708164509,0.00428932958558112,0.034182564655605,0.0325829887801555,0.0304829445770892,0.0110924437869254,-0.000640881308450888,0.0304855335574652,0.0266787359822744
frank,200,61,2.37192951891445,0.25,14.2533728517034,13.0292536837647,7.61494749885738,17.5749151480802,17.7173941983273,8.08839889374285,7.47939470165249,4.78593846856315,9.74088440502056,9.81197527415903,13.0382355405428,13.3474716282035,7.99571577716244,17.6999301635089,17.5810495598579,0.0387082991671317,0.0358832487442821,0.0226246776002579,0.0462325248721722,0.0488890902724117,0.0364076291228947,0.0320727772605351,0.0176454311372049,0.0454677884767983,0.0440211125091163,0.0368228875525525,0.0292477954789264,0.0140605548307768,0.0433677334317549,0.043599976390671,0.0348009173152682,0.0309587605490388,0.0169743204972265,0.0423754491043818,0.0413804865129967,0.0391066635807248,0.0321087147223536,0.017251996581644,0.0453031131435447,0.0440374359460463,0.0328348689548021,0.0278178028599763,0.0153577573472203,0.0347053513240947,0.0414029053055064,0.0355460942857681,0.0323767467683043,0.0186644062558677,0.04361757145939,0.0436678266502193
frank,200,62,2.37192951891445,0.25,4.36840682843847,6.41406452173636,4.39923226853625,6.98135929019157,6.4488358617975,3.1713865638169,4.18875970121728,3.18641994643969,4.47114081303154,4.20615874732184,3.38832871098024,6.35762805932954,4.6210930008003,6.67569643511272,6.08232738097726,0.00625926080730777,0.0197220035899984,0.00990772834786493,0.0218167253436443,0.0211156189892973,0.0152057482945818,0.016332908151459,0.00922663729548189,0.0208948302969646,0.0185232070568138,0.00940016238465642,0.0159961437628161,0.0107078963491181,0.0164493743133308,0.0158660208805968,0.0100195316238219,0.0161027552278685,0.0109259065881446,0.0173793454745838,0.016076101701875,0.0119815164562111,0.0167448977455044,0.0115383097565544,0.0181072230654242,0.016397556814078,0.00559172115701832,0.0210274922229065,0.0154112753673422,0.0222850489393635,0.0203493942313147,0.00898109462890097,0.0140886372575889,0.00914226974472584,0.0151241517041722,0.0141243649836443
frank,200,63,2.37192951891445,0.25,9.43618373608239,19.6775768142174,16.0649574973007,25.0241681245273,18.6036024515997,5.69291647470991,10.7873890945707,8.9903970857688,13.4473137314614,10.2537435815034,7.40127944986544,19.5360429212585,16.5333928751855,24.8196930709718,17.3293006974726,0.00653419073743582,0.038210822317963,0.0307359349899026,0.0579300163748985,0.0275812685392154,0.0245002714983388,0.0498627623973501,0.0399076070365859,0.061749548303881,0.0471922497525802,0.0245416811005774,0.0456795993413885,0.0340784695120599,0.0625377300490319,0.0451324542266232,0.0181815195215999,0.0487026124100465,0.0390385413052075,0.0619266126271399,0.0442243627439177,0.0204232631748733,0.0446528358167926,0.0352670216895047,0.0574049116452301,0.0414637655471017,0.0222604906121888,0.0395266682477342,0.0282818297427296,0.0561813896545214,0.045055871494453,0.0216340554926013,0.0491767176888065,0.0395585792464657,0.0620410494458778,0.0449489096866009
frank,200,64,2.37192951891445,0.25,20.1817865291756,31.1674864510048,24.923310272603,36.7450185190049,34.2858463698471,11.0389118636418,16.5031010309378,13.3968409245357,19.2779817550005,18.0547720112237,19.4772370249307,31.8816556487185,25.8107483623236,36.8661072395499,34.3105211595273,0.0305822481003763,0.0794544974979557,0.066935831555995,0.094839683071833,0.0847864462901879,0.0462554764773695,0.072054300958828,0.0568678573637437,0.0909501381921408,0.0813451398073032,0.0422811485688659,0.0740740374006116,0.0592980895637657,0.0867047238828633,0.0799266467992083,0.0481450290356614,0.0789368332315492,0.0635732065830954,0.091967757038712,0.0853274250613903,0.0506493048547729,0.0804930241398285,0.0639584704423523,0.09437189456154,0.0871636811258996,0.0429429577783128,0.0827604037112861,0.0632748035192579,0.0967141060138363,0.0896030413772669,0.0459404469126433,0.077914552197839,0.0619773982715868,0.091208360647702,0.0841521978110372
frank,200,65,2.37192951891445,0.25,10.5584672648982,14.3811493247149,9.95406621730085,18.5507080165761,14.2695975726007,6.25078220490007,8.15253276380029,5.95025703426957,10.2267727503966,8.09769664280437,9.02369178633955,14.283123246488,10.1775976046747,18.3599761108496,13.2443718340977,-0.000649572438229962,0.0240545202584253,0.0212935938544257,0.0235128653303546,-0.012195479224466,0.0262593677868885,0.0315024951932822,0.0168921129898145,0.0438740051382455,0.0303022684123512,0.0248364298429977,0.0348871550772823,0.0232565150929668,0.047257332101615,0.0347271279287756,0.0258010357961088,0.0373578029816457,0.0256739014688609,0.048314905899169,0.0360674053344476,0.0214985156082453,0.0338864404949174,0.0236238424543037,0.0433913928353918,0.0309174105722707,-0.029890792547787,0.0291789952131434,0.027061748468116,0.0219580492932495,0.00897669801396875,0.0258471106252189,0.035182435853314,0.0236722706890885,0.0460290604927998,0.0335300007610018
frank,200,66,2.37192951891445,0.25,18.5257343425398,17.6626882406618,9.77732844937623,30.1269953398275,24.3294954075915,10.2144498814625,9.78469736495109,5.86208221817715,15.9856101262624,13.1018771192321,16.2698069189049,18.0136920822445,10.5009854407331,30.2002839609086,23.6032763938264,0.0499752718048068,0.0483493858006464,0.0275887338967488,0.0803065982097004,0.0654861268153633,0.0417454769525655,0.0465971108863548,0.0215026784142308,0.0774710884458596,0.0640202899306,0.0465378867364968,0.0433527141515175,0.0211548725414192,0.0770565240403114,0.0607990131740616,0.044742375998503,0.0441164205559144,0.0237927494027709,0.0751201734927762,0.0602597614260866,0.0438809596041141,0.0462216742941751,0.0266626998601147,0.0753343699304313,0.0611211100266907,0.0446146767143455,0.0475196592886316,0.0285067638901217,0.0789931644363938,0.0625128037284412,0.0448913881542144,0.0446615565659465,0.0245616943934305,0.0753885356664611,0.0596891193494833
frank,200,67,2.37192951891445,0.25,19.0744669355315,17.5559237457053,10.2353862251402,26.5979410671536,23.7230683326683,10.4881246541235,9.73170535341557,6.09017337774873,14.2298528693641,12.7996905502995,16.3638399068269,17.6999175803129,10.6013484864273,26.7042973577131,23.2096511648555,0.0484858523831437,0.0470193901447076,0.027600370974461,0.0714831060844062,0.0631237936700621,0.0467079244853228,0.0473481227945784,0.0263051885106288,0.0679469897979361,0.0636451741006925,0.0424660425508078,0.0415788935313338,0.0224802437021525,0.0659509037583495,0.0572023875945365,0.046919968635457,0.0442170591185253,0.0252610347405096,0.0669691032420073,0.0596214659665743,0.0463668561204497,0.0385916795352089,0.018590773937137,0.0629557625169897,0.0559074873643759,0.0456338969958833,0.0482120355815632,0.0305317558483326,0.0688895609811646,0.0630706316467941,0.0459570133362246,0.0442676651158037,0.0255593133253998,0.0669294224353581,0.0597487144004783
frank,200,68,2.37192951891445,0.25,20.5690292342984,36.5203043685306,30.657258100611,36.6777816141164,34.3339971173495,11.231042530269,19.1666207073278,16.2500443859761,19.2452040293237,18.0790670476374,18.1356217232451,36.2699880322255,30.9393077830674,36.2942843175271,33.3694691401386,0.0496881261725407,0.0835973217073554,0.0678943628895219,0.0831744612486294,0.0724057689344436,0.0422757333793857,0.0774699394798265,0.0629227157043304,0.0787697204603736,0.0719781066379237,0.0499376127492319,0.0923382966306041,0.078027640985248,0.0908965559655386,0.0850292001413551,0.0516700219250709,0.0902026981710475,0.0744460627222704,0.0905249314797447,0.084605054303536,0.0448822404538035,0.0881065349339406,0.0738299036056055,0.0864305045087968,0.0794590968130501,0.0559040414301925,0.0953469538787753,0.0809800998079179,0.0928266243734163,0.0902224980367285,0.0510931268342667,0.0910055177125048,0.0757948247851795,0.090931589096487,0.0853412995765638
frank,200,69,2.37192951891445,0.25,19.3238290823037,25.3622641922618,18.3101222702873,32.9885112684274,31.9471548961716,10.6119944946283,13.6146092330032,10.1062692333786,17.4089164505614,16.8911247106393,16.4813958873051,25.8280838540936,19.3838100563325,33.2337741221328,30.9640345435959,0.0529427015614155,0.0655684540324141,0.0482758687964072,0.083250179806472,0.082773747244189,0.047832794219836,0.0679713685664267,0.048601464667372,0.0862124420851924,0.0828196381437087,0.0488448023845614,0.0660584681817262,0.0475278055523596,0.0855333314723466,0.082003934035224,0.0467886354814761,0.0650936470365134,0.0473268695234449,0.0838971788824345,0.0804914624409609,0.050031132893065,0.065277297078225,0.0472388219345522,0.0843244902317896,0.0812981120067275,0.048948436616472,0.0615076918363456,0.045450512306526,0.0808036308612899,0.0790675189448705,0.0465196385976563,0.0643128483606353,0.0461337342154703,0.0830414871265499,0.0798627930621875
frank,200,70,2.37192951891445,0.25,16.9741037415352,20.2065294169273,13.3403433948407,28.0806293463331,24.9991184275497,9.4423624262661,11.0500505709519,7.63425907319399,14.9676086575685,13.4346396712355,14.9487272511665,20.4940824072773,13.9765999454968,28.1203663345853,24.4634154640252,0.0398668074539749,0.0243105130966375,0.00639896480110097,0.0450039058730372,0.0404540549865724,0.0359723956156828,0.0325988084849468,0.0164530178807544,0.0504070388575809,0.0428677854440306,0.0418825047895356,0.0516388680841704,0.0336098945636424,0.0707939157134211,0.0638008975731338,0.0427951634946675,0.0506938414861702,0.0327262977520051,0.0705972800717993,0.0627268146033461,0.040650205627333,0.0533315771108641,0.0364877433107695,0.0721555324496719,0.0646231337817726,0.0470251982040654,0.0518334551707396,0.0350100062281729,0.0748676080374703,0.0613804669655739,0.0423710283157438,0.0513676062583668,0.0338531997802022,0.0704191845136012,0.0628226551957822
frank,200,71,2.37192951891445,0.25,14.1768511485766,8.55864328621089,3.27848610248294,14.2373261774465,15.9607576591492,8.05010468270402,5.25535066131826,2.62893816753529,8.08028017271397,8.93736804730181,13.3562074397467,8.97001511944115,3.53448389248911,14.4564902949666,16.5062613889854,0.0399631104225995,0.016723238155834,-0.0080992838729906,0.0366331987656578,0.0408704550320117,0.0325081994314709,0.0198893789979097,0.00663596877050569,0.0360137119919918,0.0399081432582509,0.032465168191449,0.0131016921579658,-0.00153748359882736,0.0294233870394014,0.0356023580873141,0.0360206087429794,0.0209123937876439,0.00533927709318423,0.0367187812502176,0.0414961279124362,0.0357384174522315,0.0216803423427232,0.00615403948174345,0.037217073865687,0.0413196269989058,0.034837982640311,0.0244743965455207,0.0111681662732068,0.039238746912793,0.0436443071912839,0.0365899055524814,0.0214599722227712,0.00721990355653025,0.0361134537291542,0.0411746091615183
frank,200,72,2.37192951891445,0.25,7.48361876449696,7.99207087296374,3.84813569648293,15.5512752757911,12.0467247098458,4.72080570057434,4.9736179126517,2.91254975309945,8.73408110010729,6.99056481595033,6.29388966098532,8.14141016821008,4.02771237462733,15.718118661086,11.9854581709385,0.00928542892784198,0.00263441191082955,-0.00622456334252495,0.0209197341674274,0.00903775952898325,0.0152044718315452,0.0214766632950584,0.0112998836953572,0.0393153723304619,0.0323718848570188,0.0144104825132209,0.0188166270681675,0.00909705150814461,0.0375754486687487,0.0276630922989689,0.0187183801180661,0.0214851474954835,0.0101964571068381,0.0405632512646063,0.0318933005556059,0.0175414735379607,0.0142208721367843,-0.000636540421020182,0.0368390975416532,0.0276007201872895,0.0131319865952557,0.0208585361145373,0.0100185472749244,0.0436327332316935,0.0316806587252318,0.0190318856471245,0.0192079623039902,0.00717933827689096,0.0388908331430311,0.0301825000654349
frank,200,73,2.37192951891445,0.25,9.41959730317817,9.90292791422513,5.53365956328539,15.8494872351865,14.2569401986459,5.68397871972973,5.92403837463758,3.75051648534069,8.8825707521238,8.0902202909926,8.1257520968857,10.1977529855251,6.05495151011127,15.9016559690858,14.1137674546191,0.0280383486790991,0.0105024278293756,-0.00967583142033841,0.0323154240311949,0.0310985127171592,0.0247091873437039,0.0258591424265548,0.0126500437843219,0.0421152608727616,0.0379064368043556,0.0231633572273177,0.0237484272725284,0.0122129329664642,0.0386286053763719,0.0353651781881808,0.023323359833791,0.0246435680433502,0.0131304429503774,0.039730961616489,0.0356474605078067,0.0257839423209948,0.0241459948959233,0.0114660396134947,0.0408621857284445,0.0370307704601044,0.0107809368299831,0.0244031168194457,0.0169256412240931,0.0381375921122036,0.0371071592156411,0.0236419146932227,0.0255311375965829,0.0144538133751422,0.0401221621723313,0.0362605864689458
frank,200,74,2.37192951891445,0.25,25.521936666698,42.4125475317344,35.6317082749857,42.1819053783955,43.7674672651668,13.6952274737562,22.097390595095,18.7240471095441,21.9829912333043,22.7719082595835,22.6520687256462,42.6279105640122,36.5507298783823,42.1401533991968,42.7284130746364,0.0680156543271771,0.109389908288149,0.0923589082800402,0.109469192887548,0.113283054822739,0.0638598841089016,0.106760645606799,0.0906197712812292,0.106810897967517,0.108670551326193,0.0646938834669747,0.107914119998508,0.0906556677863515,0.108577252288778,0.110323442796895,0.0645303410777864,0.10678754657051,0.0896117326726213,0.104796066804513,0.109333201016555,0.0599194669924659,0.107972430306023,0.0912601941694734,0.106066207267052,0.109195852019199,0.0642251000260866,0.109466852689621,0.0867702619139845,0.110064546986706,0.114321020101891,0.0625357084882241,0.107195623185361,0.090302437781625,0.105484708334777,0.109314643633449
frank,200,75,2.37192951891445,0.25,19.4843079525367,26.6745954897724,19.6339829307637,34.0405286091473,32.9369733620384,10.6906079596015,14.2677817355969,10.7657260725042,17.9320637227812,17.3832585241321,17.6804178515954,27.0552832324859,20.2320212685381,34.4472544138062,32.6340805482608,0.0501362043324995,0.06725112637208,0.0440425481923905,0.0900798016772314,0.0872747371069175,0.0478657240992427,0.0599780450374471,0.037332824601612,0.0870098345411854,0.076777289754096,0.0477827434291878,0.0680564130292172,0.0484810918843906,0.0876061638447214,0.0838960806326792,0.0474890181797399,0.065408728069763,0.0463520763051967,0.0838540138088243,0.0804389120479517,0.0519574834673384,0.068309654965398,0.0487240099085236,0.0885445532236776,0.0844517123908996,0.0359030544362591,0.0689004370805764,0.0539524674843642,0.0867347637647146,0.080873366916335,0.0492308705739627,0.0672120127395429,0.0485800267870837,0.0861639619202618,0.0825597720421543
frank,200,76,2.37192951891445,0.25,17.3553418959509,18.0769686712744,11.0167452618389,27.5434015790473,26.6886581535474,9.63130092293914,9.99041973552037,6.47846273862376,14.6998684074759,14.2745723590588,16.2121788340332,18.7724276584891,11.8148915762165,27.9015974657099,27.0385037485006,-0.00285695136782286,0.0453939885845798,0.0323371313766019,0.0598805120794623,0.0559156247996051,0.042336069014548,0.0478848759034751,0.0306519555643546,0.0671678716141441,0.0669922066283872,0.0448814781587267,0.0479022745760932,0.0293225566663726,0.0714930668360631,0.0705458292284784,0.0419292925367423,0.0450946787991522,0.0271618130764426,0.0691198223111183,0.065807982121445,0.0454142206250038,0.04545823324,0.0255369221949656,0.0700498600368977,0.0684378950157666,0.0483163783793623,0.050177552518977,0.0322714515916223,0.0737314631652664,0.0711398928109512,0.0438751170408415,0.0460902410465502,0.0274206909806651,0.0699883772635889,0.0678369367753915
frank,200,77,2.37192951891445,0.25,16.0784127538526,22.1816644667458,17.2774122103759,21.1354825425219,20.1837157090982,8.99666222604607,12.0335246228677,9.59402360046373,11.5127257499866,11.0396131754421,15.1532677497051,22.0570593158843,17.1407441552493,20.8912727891817,19.7954303671233,0.040295920460453,0.057501958723662,0.0455324217449262,0.0525858234349884,0.0511820187335914,0.0404722057721953,0.0568623398901685,0.0445096996442722,0.0536855819583491,0.0522650054386395,0.0418157137392413,0.058459693357731,0.046686495443036,0.0536271917331739,0.0522177504959722,0.0387443998341034,0.0528464674949913,0.0394839977551409,0.0507400129540996,0.0480335663284132,0.0408941963150771,0.0520952431417946,0.0397303512701214,0.0492044928652732,0.0462334702583028,0.0402566712326606,0.0565402994763059,0.045825574754109,0.0554739636619981,0.0512029771839135,0.0403025231182724,0.054298156575397,0.0412755831780018,0.0522420251761001,0.0491432611629438
frank,200,78,2.37192951891445,0.25,20.5980069527198,22.141161932512,14.8453621387727,27.4050969881351,26.5752722336789,11.2451630919314,12.0127293576444,8.38330736964662,14.6315358531236,14.2188379758981,18.9120282893036,22.4821873744764,15.356474644097,27.4197818728048,26.4260723636261,0.032259785677491,0.0557551382717407,0.0406271577951327,0.0660705284945612,0.0650340948621236,0.0545762295923218,0.0594210831690006,0.04133143369498,0.0723148345814062,0.0700073442705455,0.0522052596575944,0.0575012319693774,0.0389029803698895,0.0699224638054651,0.0678257540822195,0.0524105713177459,0.0554007158535708,0.0360509597656387,0.0682960990381462,0.0668611081208405,0.0504559947453452,0.0537597080653118,0.0346793339468106,0.0692804783480156,0.0652108294122334,0.0561684781456616,0.0599565709393856,0.0399858397393794,0.0725280173062236,0.0710805318866319,0.050269949737415,0.0549691072877185,0.036003863400452,0.0683554563142257,0.0660772642372859
frank,200,79,2.37192951891445,0.25,34.048801833798,28.3393752712883,16.773257847708,38.4905257067514,35.5027053322095,17.9372248592582,15.0966633581005,9.34274199497644,20.1467495504706,18.6610713524408,31.5941998280729,28.8085692122044,17.1877387686911,38.3733403339633,35.1884067774469,0.086473055577056,0.0735916159778207,0.0467230235569664,0.0938769589357006,0.082675156109263,0.0747049161177813,0.067903180583368,0.0422034502724821,0.091252885961167,0.0815839684491059,0.0816780412996456,0.0673658629333668,0.035229709683611,0.0955918841207468,0.0855521907064545,0.0844031394653102,0.0713623211043331,0.0424272842232505,0.0959050715040092,0.0874681240242194,0.0813629255424605,0.0677161666211031,0.0373527491002122,0.0955534809410902,0.0832626655351225,0.0814637973124576,0.0728513130666671,0.0340815386926365,0.100916440747925,0.0911565292473837,0.0845233428963368,0.0706937181144877,0.0410717944385319,0.0966474967187502,0.0874433822056921
frank,200,80,2.37192951891445,0.25,18.3007492726236,16.7480882579958,9.61729009219983,24.7541370553178,25.4660288829829,10.1018220403496,9.32934111264909,5.78218179494184,13.312306042189,13.6661978504162,16.8639238108477,17.2937266497482,10.2353041837435,25.0385053484365,25.771900540836,0.0484283719872333,0.0306916963100095,0.00677949713043815,0.056652206289707,0.0572787230964369,0.0413961091131063,0.0419342741821957,0.0240822076973374,0.0604133545895122,0.0628450573990468,0.0470582306144578,0.0444646458552572,0.0245715353452541,0.0634401436794665,0.0661675708580913,0.0458767592081147,0.041697136973374,0.0222380492111038,0.0634153904280547,0.0651627039664829,0.0431456716163759,0.0405160618145575,0.0219217239704119,0.060149610774097,0.0620637929001962,0.0445474766622512,0.0285662539109116,0.00883657522004289,0.0503607704415808,0.0518137456671072,0.0463929152741514,0.0428603870202397,0.0244508088978156,0.0628352668575604,0.0652722168745463
frank,200,81,2.37192951891445,0.25,12.5344230540069,16.3783985288055,11.2193847890974,22.2787956604513,18.0970715466282,7.2338042716842,9.14602428014282,6.57963317544141,12.0815083386042,10.0012271415412,11.0719878362228,16.4689004556779,11.6188430510674,22.0790135305995,17.6725294387531,0.0362000113617132,0.0400158181613761,0.0252745256991567,0.0592729592576428,0.0491659640568641,0.0303797360149035,0.0378912792622857,0.0249921901790163,0.0492731065308248,0.0407341154467553,0.0303762464670891,0.0415440482107017,0.0264996688226328,0.0574739346510299,0.0471414868959811,0.0311878964822688,0.040539599327738,0.0273226656575375,0.0546487100240458,0.0442287401971928,0.0316019520809113,0.0412101980116046,0.0283223559925021,0.0551486963260948,0.0452775820538776,0.0268881220234739,0.039265402949557,0.0298267689103239,0.0503835451210996,0.0428903850189409,0.0308743648420825,0.0406574676382611,0.0273392144997019,0.0552736465849564,0.044820605296028
frank,200,82,2.37192951891445,0.25,34.2470748940058,15.7311642712181,4.8904718084657,28.7824364720117,27.0323625094311,18.0363498408314,8.82431123527512,3.43146556525721,15.3168255405066,14.446185712228,32.2080095480436,16.2593141981651,5.11046326164941,28.7977245430917,27.5543534322555,0.0822954675731764,0.0399832896048439,0.0167537797444213,0.0687824902795232,0.0683016043952437,0.0844657024414032,0.0356563189583479,0.00876693987085729,0.0703996209951865,0.0664268576065353,0.085135867942741,0.0401928912484023,0.013603560993363,0.0725764920428113,0.068165153729419,0.085872579320759,0.0377818574332613,0.00933929330016449,0.0719664678485541,0.067966607734183,0.082887772091661,0.0360612441084842,0.00719049252847426,0.0703641084558552,0.0660212721296985,0.0905765721906431,0.043442694035356,0.0171662991858974,0.0767519416224094,0.0724543879109476,0.0844948917812168,0.0390583441442203,0.0110434665734222,0.0723458552515771,0.0680162932214194
frank,200,83,2.37192951891445,0.25,22.4619473589242,25.1386814985978,18.6578643044421,22.9063728308156,27.8691654971107,12.1723217366705,13.5039488149759,10.279738174235,12.3936152075514,14.8624848630259,21.4972942002836,25.517836339035,19.0900689654399,22.7435618310261,27.9112358196928,0.0609873357669834,0.0509400055321376,0.0153319796933966,0.0570014697028507,0.0696394661597282,0.0578632147347253,0.0637816759859956,0.0492040424398781,0.05623013159957,0.0697640663201904,0.0552378838313703,0.0650745717114432,0.0501445681184283,0.057545717741357,0.0697343019012384,0.0552003906397616,0.0581507280632828,0.0416469863371471,0.0532848620406514,0.0663626979098868,0.0573056067389914,0.0613048182137191,0.0436294185114227,0.0569607536450506,0.0684098643916244,0.0571998461344507,0.0671048961473215,0.0449219607761363,0.0610868774892475,0.0745720282316307,0.0560018368157926,0.0629755813732319,0.0469094115113897,0.056869356142463,0.0695282381934353
frank,200,84,2.37192951891445,0.25,31.6095307118247,34.2314928551207,23.8756062435057,40.0239820018123,38.3436914904138,16.723217313203,18.0280230720851,12.8763796538804,20.9096136484183,20.0739953849261,29.6697678321192,34.4652450952849,24.1564250042106,39.9011100158702,37.7980546958141,0.0795417847581927,0.0846511627256966,0.0601831607792907,0.0942424017844936,0.095742884553777,0.0825161103457846,0.0847383019097353,0.0586255023521821,0.0989556137376576,0.0960930009897493,0.0767398549449289,0.0781566762413359,0.050889541709859,0.0920830369624556,0.0856741636547854,0.0779378390225033,0.0822192211063979,0.0553809985509247,0.0980905955200849,0.0925014563215393,0.0786101187548934,0.0822769892108636,0.0554707242184113,0.0956408862360536,0.0918593348156106,0.0781397234738519,0.0766604523351405,0.049161495977068,0.0959910369103867,0.0915141226681931,0.0792545534950105,0.0839274549664902,0.0566372602309449,0.0994897969596473,0.0941375976011963
frank,200,85,2.37192951891445,0.25,10.189778744088,11.5188653011845,7.32357504146402,15.5469348225028,15.9792545527616,6.06660696905597,6.72783486363135,4.64081688527396,8.73194247796496,8.94702028290847,9.88627009184831,12.1103706081162,8.04407870511826,15.6634391309633,16.2995664975219,0.0295919447368661,0.029242896413272,0.0131421857667726,0.0433818555910455,0.0428039466888615,0.028884581435222,0.0241112631495585,0.0110947617353587,0.0376293805450688,0.0378284448898569,0.021776048914799,0.025429315786048,0.0163727385508518,0.0315532483802383,0.0348594186667674,0.026440660988122,0.0291818679855321,0.0181222517136365,0.0392368632033009,0.0404877475170944,0.0236203243883223,0.0285379092128486,0.0185810606393214,0.0383807338151953,0.037545048621057,0.026946096751879,0.0328148538338628,0.0230245207700875,0.0432191665714964,0.0415940545757709,0.0264234308721952,0.029510733048573,0.0189640382035421,0.0393064246764277,0.0403793265703583
frank,200,86,2.37192951891445,0.25,12.0785267925956,15.5993187851755,11.1521546291064,17.9984093408696,17.3059201379654,7.00633765201692,8.75826999336929,6.54605758905959,9.95170872948305,9.60751640524859,11.8263555058064,15.9621997028134,11.5922076099995,18.0029440672473,17.3686013412707,0.0330893446720247,0.0432154533476758,0.029956295854969,0.0496513624859422,0.0482641674713324,0.0325799112653299,0.041033087317633,0.030159634801515,0.0478476382614326,0.043370257265444,0.0327964505667923,0.0386204185184561,0.026979551264363,0.0453938114105113,0.0425708932034259,0.0307975339185271,0.0385979536831419,0.0267219361245984,0.0444008014335875,0.0421987834781346,0.0303653011446624,0.0379510350896423,0.0266295037537122,0.044756343758084,0.0419610242806144,0.0274193727790405,0.0281041380052078,0.0202897636431044,0.0356398367308101,0.0286739651252153,0.0307558677062399,0.0391331384354561,0.0277465832665917,0.045021883213925,0.0433793451838353
frank,200,87,2.37192951891445,0.25,18.881387088237,16.2408224427547,9.24986295745025,23.1528261358944,21.541249235892,10.391760211063,9.07756799509196,5.5998824279972,12.516120961681,11.7143679554287,16.6148227956531,16.3372951205413,9.53547505135684,23.0411536266859,21.2865968982228,0.0460941545498671,0.0261095560840178,0.00524417710444758,0.0517681475107324,0.0442907300439091,0.0312743280226175,0.0269280588921027,0.0125464514777497,0.0426381278772724,0.0392578078676177,0.0506975048336492,0.0424646393529958,0.0222068957113659,0.0614464108827073,0.057337848895438,0.0452229929712271,0.0381232199105871,0.0202940525669323,0.0560521306679068,0.0521073491936521,0.0395594670917802,0.0361066589002887,0.0187909076533769,0.0524269463974498,0.0476650739851724,0.0520248316266784,0.0455808476512047,0.0280698810732984,0.0611228962990249,0.058845103320699,0.045534965095589,0.0403129846430026,0.0223693235791097,0.0575508363823037,0.0539606943271667
frank,200,88,2.37192951891445,0.25,19.5098482612148,32.2401038968812,26.0214509031541,37.716589369056,35.569996240494,10.7036946555038,17.0366754002779,13.9433034932632,19.7613053449335,18.6934650376491,17.4320173807723,32.5192293408709,26.82612521144,37.8196796024997,34.9249305601158,0.00589428595248613,0.0812159849798358,0.0693933720840859,0.0949181221646198,0.0789783257272526,0.0490586328371815,0.0832951338920799,0.0651713617013106,0.0959655247976279,0.0920085117369786,0.0489074490321601,0.080575990511337,0.0664093070317338,0.09116500256972,0.0869297175402802,0.0481781984761969,0.0796102306655908,0.0632937687381006,0.0941893784601262,0.0878597481977869,0.0500269743018919,0.0808824904660174,0.0645960251843895,0.0933018977435026,0.0896905105451323,0.0532785683355656,0.0829518426941774,0.0643637275631929,0.0974852043200807,0.0925618968459727,0.048480521491722,0.0815176292469713,0.065092243598607,0.0951889555277936,0.0893727590160857
frank,200,89,2.37192951891445,0.25,28.9569366740021,27.4134632623084,16.474162751353,40.7299541600119,33.922744657061,15.4034358394879,14.6359836029942,9.1942657629944,21.2603864889006,17.8753723427841,26.65900684765,27.8507522145633,17.0321507932349,40.9571136321807,33.1009588823715,0.0744934072113421,0.073528982137837,0.0461604279306666,0.106642186295995,0.08419643436821,0.0751924141559673,0.0690101348516424,0.039672129133666,0.102351501716455,0.0847844260546644,0.0732810393724634,0.0655441779720674,0.0370599304342194,0.101630324854197,0.0801168160356143,0.0707100515395913,0.0675939690534572,0.0399262711811861,0.101507694944101,0.0795178504822038,0.0730060974378945,0.069333436672148,0.0421406501480493,0.101153024715373,0.0822715757566752,0.073614520726197,0.072544673970506,0.0451330163667803,0.10584344008099,0.0859402144747085,0.072869307621975,0.0683313666572056,0.0396031248912544,0.102480906206042,0.0826513692562465
frank,200,90,2.37192951891445,0.25,13.7850089845793,8.94389636941391,3.71665739459796,15.3685807923044,12.9554454912495,7.85630380125138,5.44721062889653,2.84656496260879,8.64355023078661,7.44380209157979,12.1283223616291,9.19235414245408,4.17649756446679,15.2591606321764,12.1777221878957,0.0391098439100858,0.0273408717412857,0.0140304646833304,0.0433369634337724,0.0363693030027939,0.0313322896939545,0.0174910786395329,0.00274043183125884,0.0345075478494073,0.021697567195673,0.0318788784262789,0.0232017254311902,0.0108516492965128,0.0377214306973973,0.0299969448333111,0.0314757714318733,0.0227908200243432,0.00966869253084557,0.038797200006063,0.0317369087384688,0.0264496334009765,0.019358058472148,0.00774960308148247,0.0342480794670532,0.025196946362321,0.0344265111523128,0.025064717670628,0.0138401290771734,0.0361013781283704,0.0373627566760008,0.0331780706984878,0.0230128497329341,0.0104216228433965,0.0384322475352329,0.0311622517157718
frank,200,91,2.37192951891445,0.25,11.0926784714255,13.0577704835791,8.37724740659637,18.4401998140972,16.4053556216126,6.5155672774706,7.49390092936518,5.16587035039972,10.1713459988692,9.15916266442902,10.69423857315,13.337857273328,8.66527201842854,18.5531281243352,16.5393587439393,0.031905155405298,0.0287097336564052,0.0151361457514382,0.0488219276456191,0.0407474623796459,0.0294769978082276,0.0370438119894156,0.0250766026412271,0.049061129960808,0.0446672097125482,0.0311822477371984,0.0351299045860945,0.0226372556786937,0.0493260124759274,0.0446909620104665,0.0287099443159473,0.0319940076182625,0.0188697112422611,0.0457209815830959,0.0408427526158334,0.0310577581837919,0.0317079443411302,0.0143383739240438,0.0482354737549945,0.0429749343258522,0.0322243831733168,0.0356348421605026,0.0205981177038346,0.0510490188818873,0.0451546507190538,0.0287228778842213,0.0321548385964221,0.0195726858508218,0.0461417046689471,0.0407847229177637
frank,200,92,2.37192951891445,0.25,37.2115842664432,30.0158752741295,17.3819359205878,40.9054758478409,36.2227642709437,19.5104251095314,15.9313014546939,9.64656481268751,21.3482490087103,19.0191795699904,35.2611725667749,30.261678124955,17.4360750131582,40.7520527222092,36.2212798470896,0.0837955008877166,0.0796479291409447,0.0413164246298328,0.105481023244171,0.0947803220984276,0.0953436251675782,0.0559694569763976,0.0185709300485664,0.0890405929400027,0.0744069263029583,0.0916206994088427,0.0729186285776598,0.0404820240423774,0.100678720854809,0.0877727598174359,0.0901747970376578,0.0697579039080384,0.0365380373715409,0.0994740536735958,0.0863098556525042,0.0930398186815653,0.0733579533055539,0.0409981014072523,0.102839525832639,0.0903313464688268,0.0856152948497456,0.0686964287247273,0.0380592754263235,0.0927334463085086,0.0848258557599315,0.091332803190297,0.0719333355477124,0.0386696785496227,0.101038462742316,0.0880494789433004
frank,200,93,2.37192951891445,0.25,2.60853146208546,4.47587522826916,2.91496528750074,5.1746996801162,5.51771863974406,2.29498431460088,3.22410338308538,2.44757828146752,3.57202137160573,3.74256048667224,2.41212066366282,4.65577299424958,3.30040759125725,5.0907343350378,5.47611060473088,0.00786272198161672,0.0151909189475092,0.00960847782468508,0.0177442361297625,0.018454318505369,0.0101292031396,0.0147453787671827,0.0106815800513864,0.0163177746603284,0.0169756143226098,0.00805646557263443,0.00983557549845976,0.00571545697003562,0.0120410677511165,0.0132519144823002,0.00786560967536274,0.0115180391908485,0.00767716857737187,0.0129123321139337,0.0138587812139094,0.00923713011273559,0.0141221783662978,0.0100301131567509,0.0154875808703715,0.0159223902215087,0.00547754107313646,-0.0133382963137572,-0.028373806430704,0.00801415431655763,-0.00251378188699795,0.00816721253644888,0.0125556240582361,0.00853428441083988,0.0137515539841827,0.0147018794466522
frank,200,94,2.37192951891445,0.25,9.3630788891579,16.2901744379294,12.6195812817501,19.1876738997888,15.2633802863433,5.65586499380449,9.10220827255935,7.2763357006879,10.543598129464,8.59196623884445,8.27548582330903,16.2555112826771,12.8911126777534,19.0218222237381,14.4752906519107,0.017061317379451,0.0287060491118567,0.016311950529926,0.0414147648861704,0.0209912554128902,0.0147903007183177,0.0311434476591165,0.0243532179323728,0.0378932265208199,0.027112958881165,0.0203551670165447,0.0377116874164253,0.0288368157488393,0.0448429209702263,0.0315368172211179,0.0199470647132199,0.0393692362111813,0.0301917282097903,0.0465869208725023,0.035330814115896,0.0219281817441274,0.04073829415604,0.0305853387998042,0.0485059005715904,0.0376565588032435,0.0253694091061199,0.037219022196216,0.0280857229362763,0.0446524407395485,0.0292835106522907,0.02138400886573,0.0393654009261463,0.029918909580458,0.0467340039101356,0.0348266619779192
frank,200,95,2.37192951891445,0.25,23.6889943839723,22.4502644559131,13.554336176502,32.8620178533588,27.9490068539473,12.7836820418672,12.1665486755713,7.74093978232949,17.3463749972704,14.9031580448324,20.776975484043,22.7540317637184,14.265769006358,32.8867873772619,26.6548802831593,0.0600754872158186,0.0400431710711084,0.0187376941386832,0.0738144878463969,0.0530113633301985,0.0606626086904789,0.0433637563176408,0.018559816100843,0.0735103959621924,0.0570512774634353,0.053921402014721,0.0533179604657226,0.0323540476715636,0.0767106420752304,0.0628457892991087,0.0555009925307866,0.0550059522702306,0.0332979104595973,0.0801034240177577,0.0647389776719363,0.0599314568143297,0.0576614324023122,0.0350638306651654,0.0833170307018128,0.0693903276506746,0.0621989090674107,0.0611153053980762,0.038851557699088,0.0871114681059785,0.0716771720574867,0.0576018347451543,0.0563812745550063,0.0338317410530771,0.0829138059526778,0.0683244990184188
frank,200,96,2.37192951891445,0.25,22.1841887974352,24.7105586145,18.1104573526108,24.1479901679256,26.6761787952344,12.0342358067379,13.2912501164252,10.0078649770586,13.0114240944082,14.2693341128808,20.8164318546162,24.9484637052201,18.4569552462684,23.9029120873749,26.4722379529675,0.059568813169665,0.0601912586425944,0.0440325471815697,0.0574413745506361,0.0701348439801022,0.0579566412274845,0.0635925963991667,0.0469524707070058,0.0592866500874394,0.0674636870237014,0.0428753644180124,0.0624403594089782,0.0469191605987118,0.0576983200511333,0.063037520312089,0.0542807756673502,0.0596650476491169,0.042965452254696,0.0591311703364551,0.064242682594213,0.0530797049622087,0.0586511561119773,0.0431533254761418,0.0562989123141152,0.0608774733948659,0.0583102069914801,0.0622173625658644,0.0458824219434244,0.0650473596658392,0.0693298804031761,0.0554299191469067,0.0620544036038154,0.0455151109572888,0.0602086668298965,0.066308343424665
frank,200,97,2.37192951891445,0.25,26.3688297162101,20.7890794843701,11.914863789453,26.9417613290179,27.773982695656,14.1160045225806,11.3403783431926,6.92612154425921,14.400755384388,14.8149255661849,24.463385019271,21.0483865079948,11.8919353055823,27.1578470403088,28.0311694907115,0.0625047040387143,0.0560707240740987,0.031928518260495,0.0722238897973953,0.074156707899083,0.0696554251555116,0.0549769648479776,0.0321430080866361,0.0716220693438689,0.0727055481020095,0.0641599429516218,0.05269623347802,0.0304393131276186,0.0669576473867115,0.0699325261844477,0.0664026169947514,0.0502096996831461,0.0264565533604093,0.0678091560096375,0.0694334582952981,0.0697460469712535,0.0498889194332448,0.0233991277735715,0.0684638656474057,0.0706636274540977,0.0668918570769256,0.0415911399533678,0.0211778092411179,0.0593297920638521,0.0605272316037581,0.0660247538209992,0.0510027896236321,0.0273649908541232,0.0677136835689584,0.0695477089914671
frank,200,98,2.37192951891445,0.25,10.8650546358492,12.8294408857387,7.6212046781672,21.6168341599066,17.7102413793215,6.40348050884195,7.38004493327659,4.78924805095331,11.7517926875794,9.80840292439982,9.07774594571406,13.1371579029668,8.2634305631412,21.6863825090554,17.3703586350409,0.0308770969827401,0.0346839768339037,0.0231852823759542,0.0484415677841681,0.0402368527537949,0.0264641504582944,0.0361272559599073,0.0227858682385499,0.0574264106128011,0.0479062520240126,0.024755806586799,0.0352355527724463,0.0227231983131231,0.0568219251253584,0.0459184429806324,0.0229473523122659,0.0305824269592829,0.0182220566081321,0.052274934482518,0.041138269950574,0.0205638473121341,0.0293396206267128,0.0164393049365562,0.0511772044195483,0.0404336083035465,0.0302966696682231,0.0241737712393094,0.0109448664380015,0.0419221408814855,0.0377587751996802,0.0258628016774652,0.0322618474122409,0.018421622391954,0.0542997629626773,0.0442216518902528
frank,200,99,2.37192951891445,0.25,18.9149900777755,24.981691859513,17.4582230654175,35.6888356634238,29.5852983577899,10.4081280549566,13.4258234684098,9.68323307758273,18.7526425450421,15.7167003964603,16.5377435757175,25.2252320441189,18.2055634335158,35.7375883469322,28.4776553923433,0.0505412592111252,0.0673993833670805,0.0485577768750162,0.0942119911008618,0.0763961700091653,0.0417055524000994,0.0588890321889736,0.037285491723703,0.0887019405804082,0.0708978399215278,0.0461620254932543,0.0627508465714734,0.0417527512383629,0.0912340727652601,0.0740488696765359,0.045588709373833,0.0633020718352196,0.0432585289592724,0.0904129789640545,0.0727454522983417,0.0453980151400949,0.0644988953285923,0.0456001292854396,0.0892750302024875,0.0750522713575569,0.0512020535898085,0.0640230451121053,0.0390880994049895,0.09422036956929,0.0785917286586836,0.0454231526298487,0.0626122659664497,0.0431912195259905,0.0894986115281185,0.0724711955753634
frank,200,100,2.37192951891445,0.25,30.8684052593465,17.30033432405,6.66877832728433,29.8199598389235,26.4216771377869,16.3546418932549,9.60489149361864,4.3158258136235,15.8332721790528,14.142876808568,29.3068732048167,17.8376780872699,7.10766434610454,29.6347837818502,26.6502653098274,0.0806733819454628,0.0478326756080923,0.0215616418025315,0.0734497538458213,0.0670340071923317,0.0808852922111956,0.0457787344626707,0.017806538304711,0.0761452583673715,0.0696890421032866,0.07759342474881,0.0394387056451862,0.0128177119126837,0.0696462399288849,0.0634765005226102,0.0785340158608866,0.0426515015210197,0.0154508910395254,0.0754067107481123,0.0661584165551018,0.0777306132290182,0.0425272296902822,0.0140102506276588,0.0754650392797047,0.0652833089468552,0.0816745144448545,0.0461083573046199,0.0166865699710072,0.0792150592189007,0.0705835053533241,0.0779133324603003,0.0423448718874337,0.0152057515190945,0.0741869664363559,0.065339754933532
frank,200,101,2.37192951891445,0.25,8.03423922924727,6.38661248960946,3.43480828919986,7.29159074530513,7.65697983678408,4.99496225667345,4.17510721262798,2.70661171635496,4.6252289612377,4.80749477990214,7.13614913784879,6.42107007233377,3.59905620348692,7.16096345144024,7.16595962380916,0.00672563433190308,0.0208739854063304,0.0125400593716545,0.0227858950472825,0.0169052116700576,0.00663579424548165,0.00679958382330652,-0.000749475075732799,0.011171268710435,0.000987507728583974,0.0170173074527957,0.0103718854414327,0.00246465571592024,0.0138798326517446,0.0137814180997804,0.0180345485358313,0.015510796801248,0.00778009450232302,0.0177532094663336,0.017037789255292,0.0222484694384121,0.016445379677068,0.00724344482777141,0.0202868888113288,0.0194035964615711,0.0240654785757325,0.019936481616338,0.0135592661797972,0.0116879298884461,0.0234467359698385,0.0196082817401299,0.0152170986820641,0.00732096650833736,0.0181943632232358,0.0179216387086937
frank,200,102,2.37192951891445,0.25,14.1158436766001,21.8200614290926,16.0044695715398,30.5678658690085,22.6393999797822,8.02115264651426,11.8535011186748,8.9607018987344,16.2054456893871,12.2611319922547,11.6184831215032,21.600950310188,16.310793353947,30.2595578920687,21.6930114841955,0.0355293275295753,0.0583372391035459,0.0398415843501573,0.0812144997433865,0.0609029098399796,0.0344924945342224,0.0439488047977156,0.0274030971806767,0.0704443384084061,0.053747767948119,0.0363578422231209,0.0576367639953444,0.0422515184364992,0.0790643430140263,0.0584070657848426,0.0338432620163309,0.0552312212388091,0.0403743339150382,0.0761829627501446,0.0567250415381117,0.0347086658007402,0.056097409135388,0.0397107036748253,0.077563815470651,0.058047182102403,0.0402187655487446,0.0559502531147415,0.0402460852470836,0.0787012735113166,0.0611325265496319,0.0340067533191043,0.0540708549301548,0.0383293225547795,0.0761686954952748,0.0562286293876988
frank,200,103,2.37192951891445,0.25,12.2354582406382,29.4728833340844,27.0824293420816,26.9109760930658,23.1192806998625,7.08594582328239,15.6607805596994,14.4717241139397,14.3862060473996,12.5005297365139,9.77724137117208,28.9667652127186,27.2775124358332,26.5229325857484,21.4524487245,-0.000555002598236407,0.0668059649024214,0.0662230905628796,0.0631442724516085,0.0431541884904847,0.0314462067568934,0.0733649285756829,0.0644246196037737,0.0688168755523238,0.0580238499763838,0.0293231025597973,0.075372999877841,0.0696641190680291,0.066578672093322,0.0586898972729913,0.0232926452388136,0.0704181040118166,0.0653040209579233,0.0635855177328967,0.0510709841438905,0.0297504980722848,0.0729312638990635,0.0674845831314795,0.0664568438864799,0.0581388926533823,0.021561600855592,0.0780749243796827,0.0723283134458951,0.0647741665521,0.0512242287536096,0.0273005714444992,0.0724293410085663,0.0662039449539929,0.0657087246201527,0.0550167911300444
frank,200,104,2.37192951891445,0.25,22.9564586690471,15.2412588855372,7.94074848746715,19.7234939603364,20.5286691268685,12.4189630974572,8.58039412299213,4.94846884022943,10.810179877602,11.2110931790883,21.3722535102878,15.5900277185383,8.31703103576906,19.5462959246503,20.4390718111613,0.0618447190836884,0.0324304402038664,0.00886027507751238,0.0534212870349071,0.0557030972313919,0.0602342726998784,0.0388782067465133,0.0191186474504974,0.0475390324254267,0.0527931194650035,0.0591271321813334,0.037794308452113,0.0194184154047669,0.0498348446037191,0.0513302950471696,0.0562916383514722,0.0373601923695012,0.0199204036647192,0.0484471488635517,0.0494321355710289,0.0579222460523763,0.0392491787585583,0.0195998264143222,0.0509964691442693,0.0525174259745514,0.0475294109294306,0.0406639224697713,0.0240357567431499,0.0524666315730811,0.0507811197178664,0.0561630206707808,0.0374163873193003,0.0187009540980417,0.0488315473044597,0.0505716915000437
frank,200,105,2.37192951891445,0.25,11.2575210349212,16.6028096015562,12.3841386654464,18.669602090156,15.1679989516929,6.59943888663261,9.25784302616001,7.15905869317924,10.2861281085701,8.54462582132875,8.95323123911028,16.3378553484145,12.5840714017322,18.3173400901929,13.9388651623722,0.0326593757243266,0.0344675670373362,0.0213676818974463,0.0450929349243494,0.0341768014862898,0.0290679544273351,0.0450449646520243,0.0341926074367551,0.0487806697375157,0.0410862581059516,0.0167919397076933,0.0354809139501532,0.0270953882218556,0.0395166434211669,0.0286884243961578,0.0255501716481624,0.0391424892575219,0.0287385746010557,0.0448939008779419,0.0347504206403506,0.0273835320456616,0.043635980324945,0.0328858704181704,0.0480228387541126,0.0376996803551101,0.0280612570839418,0.0464324976024107,0.0348823951853323,0.0516089350530168,0.0426101617052276,0.0257311456472692,0.0394379461619838,0.0287682822627119,0.0448563783366364,0.03465834677239
frank,200,106,2.37192951891445,0.25,23.020026412725,18.6840354589332,10.9035454086696,25.6118189075402,22.999690380775,12.4511229062045,10.2930220266928,6.42195013197417,13.7398603903358,12.4408442898646,22.5501247710676,19.3422281719916,11.6290262346673,25.2853681314388,22.9368105881618,0.0347620353756556,0.046507209797237,0.0308133154015115,0.0511496294554819,0.0508817477938632,0.0582015425042867,0.0471176351748756,0.0251407448577746,0.0669355186577789,0.0598867400079288,0.0527468623379582,0.0480719049514146,0.0290052041136627,0.0644341196898203,0.0562742332614303,0.0545392619122196,0.0456579700872001,0.0269318048408686,0.0625853995300281,0.054581510912656,0.0544801906214278,0.0468524387234697,0.0266824301352824,0.0640642302853593,0.0546849562298956,0.0559233000246537,0.0493594742510414,0.0300271353392156,0.066526205050425,0.0588336512620212,0.0551221714708812,0.0464156970219312,0.0278782039705709,0.0632207490888525,0.0555607439552884
frank,200,107,2.37192951891445,0.25,11.0333110036954,16.101027085683,11.493652229983,20.7354363419899,17.909416646544,6.48632839376506,9.00796764764572,6.71632550434296,11.3133752077054,9.90740855621337,9.92831744821951,16.1234715836287,11.7229794027298,20.7503333940309,17.6749019988427,0.0325779359372145,0.0410487022591806,0.0280945519338261,0.0511144672662441,0.0465318883567128,0.0310234990189982,0.0428550581515544,0.0308846975104185,0.0543742806353707,0.0461267376797327,0.0312266532274803,0.0424468740599375,0.0297457193245267,0.0547854953670026,0.0475625974918469,0.0283790132054006,0.0401223013738317,0.027873056429332,0.0516495960951251,0.0454311386013285,0.0293291464993227,0.042120053527968,0.0307157479273127,0.0525293126130393,0.0458392293869629,0.0315318920777986,0.0451308807486373,0.0335852285790252,0.0532508252387335,0.048674377561285,0.0283050405890768,0.0393909526405147,0.0265891922241915,0.0516059531686029,0.0442776308152959
frank,200,108,2.37192951891445,0.25,13.6385933828139,28.3559251177405,25.0343885282407,27.9542756793289,27.5939401291465,7.78275237593315,15.1044315368253,13.4523432721758,14.9045591051574,14.725648333457,12.3875063675915,28.5546107908954,25.5722291727634,28.0623608724059,27.0198732887219,0.0390296409583665,0.0740078876816776,0.0647444914506153,0.0743856837210934,0.0739831095275317,0.0313162313274187,0.0710686129696486,0.0643001507531164,0.0676493322567301,0.0668669215538105,0.0335525841593313,0.0723237010308428,0.0639055214842204,0.0698142524211944,0.0696939616591696,0.0341054578075651,0.0718583683332022,0.0633235508214886,0.0701498063433423,0.0689377812377282,0.0330409465781759,0.0701300131112509,0.0616120771713017,0.0697466770067025,0.0680721355432236,0.0390637279776247,0.073240275025569,0.0646262543142637,0.0741517737801738,0.0685297829084439,0.033700949535817,0.0706034180970579,0.0618646263989533,0.069639108106841,0.0681023518996877
frank,200,109,2.37192951891445,0.25,16.6761355933831,16.8491167015545,9.38338488910335,29.3605277545587,23.568256290432,9.29411091553186,9.37993299720032,5.66608823759481,15.6044461779144,12.7227457878817,14.6203161377793,17.1324791652029,10.012899296279,29.3448128193487,23.0804219533185,0.0447407230011311,0.0433797504555043,0.0231266223905049,0.0735331580532267,0.0603683073800684,0.0454005588189811,0.0422720987690469,0.0227264037516862,0.074986024378559,0.061387095273424,0.0421505723807868,0.0404545953040529,0.0212328146558685,0.071228387752235,0.0587711441865159,0.0413072335194413,0.0420135970941075,0.0222260365547607,0.0740750044889321,0.0593415045206997,0.0399460759160557,0.0412966855243603,0.0216173643070971,0.0717071171525176,0.0556387606301849,0.0413118596463318,0.0177721310412217,-0.00789766451153917,0.0582156610007016,0.0485620689205117,0.0415977921503938,0.0430146417712349,0.0237283066335697,0.0738501907408815,0.0592066696191802
frank,200,110,2.37192951891445,0.25,9.44957844557978,12.4204400957591,8.75512739434208,14.1465843031697,13.2863032224645,5.69852178732201,7.17695178195957,5.3537674091839,8.03560330855501,7.60774661781542,8.70334010472044,12.4241569602816,8.85142399738393,14.0215294456926,13.0480720583578,0.0256581346570762,0.0357176634827595,0.0256414456918766,0.0397290038673912,0.0381139910619671,0.0278957664281351,0.0324500707866095,0.0221980463198217,0.0374059672527026,0.0367747868734255,0.0115423593670049,0.0203345781465699,0.0136809070784007,0.0243455703868586,0.0169054524668517,0.0224990009337897,0.0268820324618943,0.0163685651583768,0.0326501276563637,0.0299641656200161,0.0228356870856896,0.029776758772455,0.0198493807697751,0.0338051304107846,0.0309414294138894,0.0279250456844325,0.0271862039793787,0.0165571736608394,0.0328080008440725,0.032893797774532,0.0233152733276492,0.0296777914164212,0.0197716211493405,0.0343531869489263,0.0315472226718007
frank,200,111,2.37192951891445,0.25,20.2679412740846,25.1272351725614,18.7378958012049,25.7236651758654,27.9028818197355,11.0804650412924,13.4982684099239,10.3197674575737,13.7950443164945,14.8792408287174,19.2057547146528,25.505346677119,19.185405549893,25.6965195164104,27.9189633313378,0.0556644818034968,0.0626654522499855,0.0445886011821194,0.0668291765617915,0.0736679249969259,0.0550373330467365,0.0650971976389157,0.0476979934047463,0.067095113232947,0.0731961951128469,0.050994693939213,0.061934686986463,0.0461434456073886,0.063345931064771,0.0681668272951163,0.0520066713517391,0.0628160394586182,0.0466148344625362,0.0641481478285305,0.0699422443774671,0.0489311708961625,0.062108743924242,0.0475472919836909,0.0614703112230204,0.0665291127356989,0.0536301041963673,0.0657348610883161,0.0517444552167837,0.0636519339064564,0.0689358469952726,0.0510869864723404,0.0625095796925121,0.0462957143042261,0.0638232599058405,0.0690729967644616
frank,200,112,2.37192951891445,0.25,37.6239777132127,24.4748243974639,12.1866788810413,37.293879656083,37.2647380027939,19.7162072355158,13.1736170931512,7.06033916691505,19.5511212536113,19.5368843989465,35.10184320894,25.3475630504935,13.0717709014102,37.3929861525851,37.3651588819657,0.0987345883841382,0.0531704446008897,0.0263742072673278,0.0911529202863215,0.0917836441729444,0.0925506553962158,0.0638626836620115,0.0336563518834536,0.0916119895447353,0.0925760854147127,0.0961896654661773,0.0635202581712379,0.0319309082940895,0.0952741647247279,0.0953854700090933,0.091619491409131,0.0604177277816111,0.0295979861267638,0.0926005809932861,0.0924853611451384,0.0954701149944701,0.0618376190860149,0.0306383598483562,0.0954593074457017,0.0939096431644219,0.0726847257814847,0.0638955794361279,0.03343893254252,0.0842568905716832,0.0779984804391826,0.0926254849188122,0.0616088355101098,0.0309090844906524,0.0936001814176885,0.0929052051531537
frank,200,113,2.37192951891445,0.25,15.5886895008749,30.2377635112485,24.8765104470781,37.2441422070504,29.0119355611677,8.75387830965718,16.0410396750502,13.3741965803195,19.5266946921759,15.4315733187328,12.9271795013994,30.0595125321953,25.3659938096197,37.0889346342441,27.7333343338818,0.0158586422316325,0.0700057612411601,0.0608665417411458,0.0843729588723042,0.0661020288936929,0.0274715556932206,0.064010232919624,0.0516342280736844,0.0804592305480294,0.0595463675244742,0.0336170910544257,0.0749148069209409,0.0620436177248277,0.0926996434285844,0.0700741317832687,0.037269668296327,0.0743519988521951,0.0598441379755928,0.0922817492795348,0.0712253828337479,0.0360918249719024,0.0748369622999411,0.0595167908513368,0.0932116531080867,0.0716405539108053,0.0380788006949713,0.0779074645335803,0.0637163503496522,0.0981058942705892,0.0726905162097562,0.037051848559724,0.0754539823859538,0.0607272012633923,0.0932121424291592,0.0719650266717654
frank,200,114,2.37192951891445,0.25,24.7060799192779,29.4598580056648,20.4432985550686,39.3925955954115,33.8297355523473,13.2895088559713,15.6541054722915,11.1688478804225,20.5955060827331,17.8280968265644,21.9184911783031,29.4981760370869,20.8104547195611,39.241453642085,33.1319675503982,0.0375721114495444,0.0746594148454987,0.0558584200265753,0.0922052966425677,0.0736387467187277,0.052870615935239,0.070646738197722,0.0492359019311098,0.0886423277406886,0.0814870922074687,0.0609583699475137,0.0747650889848864,0.051484623192062,0.100052471727722,0.0852143436387716,0.0615973524223512,0.0734782006787485,0.050046535715342,0.0978590271769916,0.084143782612374,0.0584408327356724,0.0725727396326579,0.0475398321063643,0.0991707355632213,0.0845835492158392,0.0583656002015199,0.0677971325261268,0.0385887959867767,0.102437197274538,0.0825548434704902,0.0609586717453945,0.0730486537609863,0.0495823089212924,0.098458128179374,0.0843216951220438
frank,200,115,2.37192951891445,0.25,6.67539043241027,10.2511286949964,7.55776450534401,11.0015803233679,9.99631410261483,4.31816471306121,6.09780357825006,4.75823214579532,6.47092208014884,5.97093525495767,6.23432636124192,10.1438518295205,7.50815301382133,10.8995695692938,9.81172299400026,0.0130465211057334,0.0281879189017721,0.0163220662003746,0.03238826074217,0.0299205134072999,0.0174853018986389,0.0184244312174649,0.00979205766598405,0.0237326876674091,0.0212653346492444,0.0176898583634945,0.025878946398415,0.0179838466404458,0.0289162142039054,0.0244815379543207,0.0168844308661956,0.0254838569391556,0.018069487817147,0.0278222184045605,0.0241377198036867,0.0175260087247517,0.0244617265367304,0.0171362650338844,0.027094655270693,0.0253571836307733,0.0156070938876691,0.0296213753419831,0.0238890327334232,0.0264102879388748,0.024211110635118,0.0180517427811314,0.0257147602466286,0.0178172032420192,0.0282424633454275,0.0254244306268155
frank,200,116,2.37192951891445,0.25,26.5908214034054,29.7965788289573,20.2167975512544,39.9084858698863,35.4970098270266,14.2265227232212,15.8214210599239,11.0558326538721,20.852125891017,18.6575123870718,24.6845491352096,30.1989716944634,20.8814024163016,39.7932654342061,35.2201488153309,0.0524908607033153,0.0753350537551946,0.0330556223036138,0.103344980943906,0.0897640789235618,0.0687245275104871,0.0726336298593552,0.0431197113341474,0.100834676794845,0.0894020109385432,0.0667172493346109,0.0747607876055604,0.0514847759015035,0.0997993856404917,0.0872776159600295,0.0641636934181308,0.0727792969265871,0.0482967227684551,0.0969416461440528,0.0859698521842159,0.0659528544037073,0.0716934830456303,0.0461532491298079,0.0974112855995387,0.0869046661695439,0.0683869357538187,0.0775876639497341,0.0520706066774405,0.103900956319223,0.0937180545971533,0.0657198715523756,0.0733422303166669,0.048938629923599,0.0980717361248035,0.0868460550233675
frank,200,117,2.37192951891445,0.25,12.1508795373714,13.8824535269577,9.17540836830922,17.6398494949277,15.1185208335173,7.04367845676023,7.90429914780172,5.56262800484487,9.77355280222519,8.51962548264368,10.3071247725212,13.8975896483728,9.41005759156501,17.4877717439764,14.4905778688685,0.012321149816376,0.0242530318009233,0.0175695109001949,0.0259710986619856,0.0210094414031458,0.0169266965767575,0.0347672180308937,0.0238985032948433,0.0409076895316645,0.0323447671644649,0.0281055541146136,0.0357337581486235,0.0230804457323783,0.0453560411018662,0.0390132564711195,0.0264769603472925,0.033807646612324,0.0224273327581652,0.0425486665895894,0.0353600369210179,0.0287846422651973,0.0364269780695042,0.0239743308883235,0.0457204461656789,0.0390503218672561,0.0352904648757952,0.0256418553794153,0.00484789417108988,0.0429934264863837,0.0385828618176626,0.026189662755934,0.0335668449868288,0.0217245707292277,0.0432880392162234,0.0355406474267782
frank,200,118,2.37192951891445,0.25,24.6611256278166,18.4020371090604,8.65231403413888,31.7731097160427,25.1217849924067,13.2665720455885,10.153189278984,5.30326209813863,16.8050087856185,13.4958671605659,22.3502024957805,18.4536680259181,8.68269456988911,31.5595745229694,25.0127553194082,0.0657184873903973,0.0348558694538263,-0.0104498840245149,0.0784075136972489,0.0579610898572836,0.0647917945867314,0.0473740267875185,0.0206752435852434,0.0836323132424041,0.0660507488245608,0.059178453924238,0.0415031932236797,0.0157537898275471,0.0748952748419425,0.0588234565800037,0.0614438945394322,0.0437807457286883,0.0180825018056964,0.0782919574295874,0.0617619203075678,0.0552637761037918,0.0425624950630873,0.0183157314483667,0.0764373838242715,0.0584980979778766,0.062612293982095,0.0370497126565222,0.00510884842022129,0.078876294854866,0.0655583254842939,0.0620832126370621,0.0451895980042438,0.0193652969021556,0.0791893311922714,0.0626685753059281
frank,200,119,2.37192951891445,0.25,22.2101020108075,18.9237690697386,10.8017088286681,26.6661503704232,27.2329927383065,12.0467529436694,10.4118210003644,6.37136626706775,14.2635752424176,14.5459738349628,20.5387692832558,19.4990820255548,11.4989558077252,26.8987592895956,27.1249872376102,0.0359329262807853,0.00984341994024062,-0.00660747704008664,0.0370514429669267,0.0162654140429308,0.0554686136076965,0.0474290869108076,0.0281706111278479,0.0625818678477557,0.0645442986280489,0.0520905360137875,0.0469887615601442,0.0266948781985015,0.0664573055127709,0.0659768761790548,0.0544674491751809,0.0471208081126377,0.0264601392108661,0.0660293398610401,0.0664104709572393,0.0574114837712736,0.0439100394806521,0.0220275522646809,0.0660265232049757,0.064898523437774,0.0575765844499737,0.0518669342612023,0.0317441464683212,0.0715481508320272,0.0697157380504837,0.0572178426458185,0.0482912781873065,0.0268898365626528,0.0682332346014779,0.0690809010345173
frank,200,120,2.37192951891445,0.25,24.3905505599693,27.8419649781821,20.5458806207035,29.1015961634105,28.5134238937641,13.1323250382487,14.849335668042,11.2197823957572,15.4757572582878,15.1839682199124,23.6636672115089,28.101456944031,20.6489462924928,28.9250696602175,27.9220273444651,0.0659665635354244,0.0679858679262447,0.044359041698003,0.0757735880223547,0.0714517499872332,0.0598453996796395,0.0735253346910355,0.0535993865719308,0.0767629325820111,0.0747883487731149,0.0595049174503819,0.0690409730331489,0.0511694228244404,0.0730646281874476,0.0687898804410532,0.0606588626641167,0.0699864073073437,0.0503135223923508,0.072972575765518,0.0707628722323801,0.0589469541449916,0.0669302601452721,0.0497143006135189,0.0703065977418823,0.0672351089926653,0.0244437123256344,0.0626986227010779,0.0537061455456791,0.0556674555061125,0.0511968575814329,0.0608426117342942,0.0698914826651304,0.0507651211533141,0.0732063645520855,0.0704914601042753
frank,200,121,2.37192951891445,0.25,30.4743450628019,28.1761543870392,18.7392816153902,32.7632218586605,33.2960086341229,16.1592286281941,15.0154351266627,10.3206953162564,17.2975617983602,17.5626126144326,29.3156263334525,28.7544973609985,19.2535494687334,32.4963377906967,33.6360075514623,0.0811690530683781,0.0748963607441842,0.0506865683905069,0.0862984524906119,0.0876332475805282,0.0753485986708894,0.0622844359864465,0.0362392035526927,0.07103749312674,0.0762667406341122,0.0704840859937556,0.068100425283412,0.0448701773232191,0.0780508493798929,0.0808564413755067,0.0750307212324351,0.0702148904253852,0.0459117534993547,0.0814212735784839,0.0830258907839807,0.0725163545952176,0.0695847179931505,0.0447993986346725,0.0805152054240685,0.0830206768746759,0.0802230743729909,0.0713955744760327,0.0461800781424727,0.0799617586334945,0.0856180763734995,0.0752850114180288,0.0702666856925689,0.0463905227423311,0.0819196783527299,0.0830679846327688
frank,200,122,2.37192951891445,0.25,2.95857409913048,9.19195754218263,7.29814994689089,11.9955132502172,9.71769040178044,2.47022604476825,5.57033166158559,4.62836473271138,6.9651332668597,5.8321680227522,1.74181132749335,9.32168788074894,7.76486649115037,12.1017348911489,9.24212697563732,0.00774388588061118,0.0243262165845859,0.0207835911066997,0.0327155256350245,0.0277006294190293,0.00860519156143973,0.0275029402335056,0.021955730459559,0.0331314072783926,0.0277095000788166,0.00554945008883615,0.0181402694283063,0.0125728588631897,0.0283903400727456,0.0199999168169372,0.00700159877651228,0.0239562518379616,0.0181909530855537,0.0310745231881355,0.0251715501101435,0.0101332840666483,0.022560788291981,0.0163837545566596,0.0310495963649604,0.0258526997976568,-0.000207033917354427,0.027477264401097,0.0231429257202547,0.0332384286956674,0.0248511533650777,0.00502518052989617,0.0234540714901233,0.0186787886632134,0.0302049292968394,0.0241201209109896
frank,200,123,2.37192951891445,0.25,29.5569139435006,36.9556958416091,28.1801795502186,39.2974402240227,38.277287427421,15.7035992295068,19.3831927581255,15.0175111007073,20.5482517769346,20.041188395765,26.3567757100302,37.0167037784516,28.5392817691962,39.0727465601613,37.3016816336954,0.0783412480824246,0.096011864863001,0.0739304514446576,0.102720301374484,0.100619274187563,0.0722005273889558,0.0941503884048855,0.0726586021497523,0.0978233115266527,0.0962504729885774,0.0689886426572712,0.0934678949259858,0.0717575782403524,0.0974402715615427,0.0953692486952486,0.07056146135735,0.0904603229784791,0.0669252329562465,0.0975801935796647,0.0936754627034196,0.0656457451266326,0.0882832843126173,0.0667637315726615,0.0936494490880405,0.090042796273545,0.064663955082964,0.0916552746235401,0.0732947133844467,0.0922217422352307,0.0912419302510764,0.0685373238239787,0.0913323464109182,0.0696548405068901,0.096941183331996,0.0929496700374043
frank,200,124,2.37192951891445,0.25,13.8486756207372,26.2109274952731,21.6941833337963,30.7175931082337,26.0791339618262,7.88730215604078,14.0377842031128,11.7914489049774,16.279579885604,13.9719480531041,12.1093439770209,26.0405426008095,21.8832661893369,30.6262289408981,25.5580845211212,0.0385790770696086,0.0655889976052719,0.0519221027061551,0.0787989782289229,0.0668153500080214,0.0394601810098141,0.0689996003619224,0.056894929586389,0.0804569389783177,0.0695273121707987,0.0325073507094864,0.0559064636276539,0.043309158040935,0.0688347111553699,0.057469157840362,0.0342366378784153,0.0650444768160074,0.0528875902701635,0.0767526737571111,0.0651511380677285,0.0361561951937813,0.0647311627717348,0.0531603382632824,0.0745131750307478,0.0650610956618633,0.0395089185343692,0.0697668301807441,0.0589307885176265,0.0742250569453778,0.0695803196962182,0.0346273380399527,0.0649132633247942,0.0524179654674884,0.0760590241049441,0.065070973020297
frank,200,125,2.37192951891445,0.25,11.1322674145137,17.0506394345012,12.8890682023075,20.4562123907717,17.6482903213908,6.53623364430049,9.48039793926529,7.41026553787784,11.1746002116826,9.77810733177238,9.63289455301335,17.0875446513625,13.2827903056699,20.3370801897077,16.8759604222648,0.0297644563079031,0.0470309475264336,0.0368913357737332,0.0555624548319257,0.0477243379026513,0.0298759808347655,0.0456235230759307,0.0334324366987846,0.0546580680131852,0.0473469640276747,0.0280190536664958,0.0424217659678365,0.0312876150407769,0.051127687105722,0.0445236467505184,0.0274415621943106,0.0420137439229716,0.030364517029448,0.0518027958991497,0.0429519147171236,0.0280120740232439,0.0440969280118104,0.0332420846718704,0.0529055902775989,0.0447117389050499,0.0324597210084573,0.0422551623793736,0.0278113273162236,0.0525084835267106,0.046425883582673,0.0268086933953715,0.0421558252846866,0.0313873581573968,0.050492725445979,0.0429009091253592
frank,200,126,2.37192951891445,0.25,4.65295022628947,15.2097845378919,13.8243802110498,12.9655039511886,8.78851373167389,3.31321824737358,8.56537933926398,7.87636968899899,7.44868004446533,5.3710788501085,3.30465067058795,14.460851830551,13.4368500312186,12.3533717025908,7.55002065789643,0.0164928473267165,0.039928551716865,0.0343610354570435,0.0352612074392724,0.0264419582464074,0.00578943238384862,0.0242666246917241,0.0199930686963325,0.0201472479615332,0.0105623015191785,0.00892283246740071,0.0396261093356763,0.0369147838693058,0.0326391608613448,0.0209073389891135,0.0112975329617744,0.0342367380604741,0.0295856642619521,0.0305655160998257,0.0187908721640575,0.00986172146255232,0.0387678378400455,0.0348908571921008,0.0339730121773713,0.0218473371701477,-0.0399330667342581,0.00247855255939122,0.00290996411578986,0.0135701273549627,-0.00488806985715074,0.00856285748632179,0.0351681424465597,0.0313193678108935,0.0301841959967911,0.0168587479540096
frank,200,127,2.37192951891445,0.25,17.2293690887245,27.0582208417713,21.7572058056006,29.5528474670536,26.6500052391699,9.56986019503656,14.4591272900658,11.8220451549311,15.7002601656617,14.2566827910046,14.9960533994754,27.0595970805011,22.2385344455942,29.3323297377158,25.5196293374822,0.0452071330100868,0.0725747956032438,0.0587848090222935,0.0747323002917192,0.0706422951431142,0.0418505627883906,0.0701490933568332,0.0563416096123497,0.0772593245614476,0.0695723014121138,0.0422492978028116,0.0654430433878302,0.0520910877185219,0.0715129687344732,0.0621563381323537,0.0405943989148507,0.0673741869256739,0.0535719094129726,0.0731166466951111,0.0647196757833058,0.0439703884187343,0.0652351965262941,0.0508280710672868,0.0737024242040057,0.0643832517714468,0.0480509951478928,0.0726413649676284,0.0593901274128198,0.0785719177628515,0.0712130653267656,0.0406604473420262,0.0679326868145496,0.0543750915771382,0.0739161913736992,0.065643804538111
frank,200,128,2.37192951891445,0.25,9.65289934304207,22.5855254943007,18.6791089712232,29.3318346708363,23.1874923292927,5.80127378866838,12.233637120718,10.2904898825335,15.5899715472372,12.5334954809714,6.99226995212312,22.4974214838163,19.2504635731014,29.4363920123003,21.8870230511736,0.0261910161907513,0.0599124097907222,0.0503980611005396,0.0781730524035535,0.0617151524057198,0.024319129857216,0.0500989067757974,0.038703911484229,0.0685484216352914,0.0546844299592544,0.0240012266107061,0.0574112132477771,0.0475802922372525,0.0751509230775589,0.0588187814580683,0.0183734327628983,0.0570030629522058,0.0470329787907824,0.0733752838660054,0.0565568772360367,0.0199498655210359,0.0549504101816397,0.0438878185674581,0.0727173419381062,0.0567741578762227,0.00327306848236582,0.0609779492633287,0.0513240379549697,0.0762578716452906,0.0598963646969989,0.0211451332704325,0.0566254237919437,0.0462710011331592,0.0732717627653735,0.0573953460383788
frank,200,129,2.37192951891445,0.25,18.9407956031789,26.362247775585,20.0145162549172,29.9429477990589,27.1372064539055,10.4211876075026,14.1129182713095,10.9551577816243,15.8942400000752,14.498849231556,16.99823194159,26.4983860844424,20.391114863712,29.8606806183054,26.4772789374994,0.0458973629871021,0.0504871711025469,0.0371345926039671,0.0563035758928761,0.0446632877011893,0.0498532708641493,0.0695036261445411,0.0529527135331539,0.0777572534505379,0.0715264775534598,0.0471247850184438,0.0660166122972139,0.0500383350977769,0.0766429430486291,0.0671862604063944,0.0477775592359769,0.066739291583914,0.0500746885338701,0.0761382152250121,0.0682166600222337,0.0418133254470916,0.0639158756992147,0.0494238633809639,0.0732928870360731,0.0642327827635591,0.0452669396308813,0.0689916678469032,0.0540970222457118,0.0730456180570221,0.0672128865959259,0.0452825908640419,0.0645747999448134,0.0480037812328063,0.074099075957451,0.0661485524298141
frank,200,130,2.37192951891445,0.25,25.4704063496459,25.9022633280457,17.0961513557565,33.969000382177,33.8041384515363,13.6693665811753,13.8837375867824,9.50305624613223,17.896914509362,17.8147888406643,23.3044905529731,26.4216923468767,17.8258049767155,34.0846054344014,33.7756950265846,0.0611587244131887,0.0569656176532752,0.0385391065161238,0.078123314322225,0.0807818014595229,0.0603413717666083,0.0660026273019641,0.0426975189619135,0.0850354458284436,0.0862068856261027,0.0657018369968787,0.0672843670567184,0.0456994782738133,0.0865351256960037,0.0866998715922285,0.0607917429222668,0.0641342000273466,0.042203916366334,0.0830749718363808,0.0835804536605471,0.0614859066369685,0.0645393227639152,0.0418914276478777,0.0840816415936282,0.0849487034657382,-0.000896444081926013,0.0695526222955336,0.0436341962895297,0.079923893011748,0.0808729214292873,0.0632730314472261,0.065746527035558,0.0428490409856134,0.0858010196927206,0.0856205808870821
frank,200,131,2.37192951891445,0.25,25.6774545709667,28.5525629362428,19.5081815031828,35.185862318873,33.7691058641439,13.7722091088422,15.2023850947759,10.7030375910844,18.5025455454824,17.7977628941405,23.4608958693776,28.8738530649681,19.9950518568806,35.1533825638365,33.4354487011323,0.0514548054186697,0.061243874498129,0.0382137007411484,0.0844521856736492,0.0685351436227001,0.0669303350680426,0.0706425992487297,0.0462419920898879,0.0888471149121516,0.0854294455573845,0.065920681011478,0.0744630582850795,0.0519019521860704,0.0897622164639771,0.0862097633612187,0.0637716262352805,0.0705509682919917,0.0474257951409509,0.0871587329000637,0.0833585302009679,0.0631220199413854,0.0732983928623561,0.050892438358575,0.0886715327025603,0.0850582802909915,0.0688442269442957,0.0747897112605162,0.0512825374429871,0.0928928385347979,0.0883087659917865,0.0646765200171254,0.0721472371594167,0.0488099654733065,0.0885456496739152,0.0850115710349615
frank,200,132,2.37192951891445,0.25,11.9594646975341,7.65042309373997,2.81631908560677,13.7086714889099,14.2267776661293,6.94662051231718,4.80344166611919,2.39883191211676,7.81735514008905,8.07486366554331,11.5231479245764,8.11206377569187,3.18448424799668,13.8620989236613,14.749305575162,0.0340173887154224,0.0241196159552286,0.0120054824863049,0.0392681075728068,0.0402111171398177,0.0334175294970928,0.012669866367776,-0.00223293675133345,0.0288588654638364,0.0325965065898659,0.0318947783685119,0.0211780492942184,0.00752804211773374,0.0363895146176146,0.0381917231226417,0.0290652182214904,0.0180016827324442,0.00587925752365449,0.0323233002292302,0.0340626094752014,0.030248818051696,0.0169470284247118,0.00553537018826651,0.0322987162449298,0.0326117963125791,0.0344297447748522,0.0239345269306796,0.0116220483015407,0.0386961884529134,0.0405144504769031,0.0315721731742738,0.0199520227133253,0.00686625117848107,0.0353906669034172,0.0370984610372897
frank,200,133,2.37192951891445,0.25,16.7786400119541,15.9689765033263,9.63520630520754,22.4928507741138,21.5276763228588,9.34504771486491,8.94191462738653,5.79098193538698,12.1876486589949,11.7077147758698,15.1830871801065,16.4216914306297,10.3038037387682,22.5271303214915,21.273972710738,0.044873839752219,0.0351838503814533,0.0188708138400887,0.0515863496542255,0.0452328385918875,0.0229056992580033,0.0358271068647487,0.0243355256272128,0.0456235013886893,0.0413817308057249,0.0418174587980513,0.0414371481437271,0.0244486631245449,0.0572921007692767,0.0544891065426711,0.0420411986110415,0.0402345306273296,0.0247536825348268,0.0564833637781784,0.0529880906750032,0.0417535917339648,0.0408605209054715,0.0235847351804579,0.0570315315048272,0.0553183500894977,0.0265915259394901,0.00899982969221864,-0.00197754003424514,0.0236623120710275,0.0233680610614015,0.0410983323689865,0.0403183566988158,0.0245745490994981,0.0562243312469328,0.0532152988564519
frank,200,134,2.37192951891445,0.25,12.1734050922154,20.9666926816478,15.7558358470671,29.4494266107072,23.691919786042,7.0542499864627,11.4282432237575,8.83605953491476,15.6486280531778,12.7844397269535,10.17730204803,21.1297230753888,16.5668234753105,29.4178816301964,22.8049193915873,0.0338832776550891,0.0524122662251764,0.0357524955040013,0.0737518529435293,0.0637052288510777,0.0320311893859769,0.0503382618369625,0.0358922599574744,0.0730270950739015,0.0576728425692523,0.0295294918274103,0.0537912002723128,0.0393275645617661,0.0748378204515926,0.0598880999203748,0.0297506164337958,0.0519174816425821,0.0383477096510378,0.0734568274691657,0.0581099864886845,0.0259837941120954,0.052214035370665,0.0404269366254553,0.070373838196071,0.055814570256312,0.0332509514712454,0.0478592398967926,0.0341568600104616,0.0669328126498133,0.0572701615406128,0.0296544236915337,0.0525462389446895,0.0386300171799306,0.0741027164918073,0.0590976724484928
frank,200,135,2.37192951891445,0.25,31.9493830695136,19.6087029107332,8.4762469037958,32.7648522242121,32.0439300010196,16.8924571404315,10.7527964681074,5.21464446353886,17.2979542542066,16.9391775557177,29.6839005488564,20.3273362654619,9.1434425321127,32.858843045123,32.4833079832509,0.0847715271501733,0.0533041312795691,0.0261066615785186,0.0867632303540518,0.0835818198321962,0.0823481610853844,0.0519841270096523,0.0232548715237798,0.0848703490189976,0.0819660614926,0.0809028052148302,0.0499872463583498,0.0206074372691643,0.0841087961311212,0.0813227917602428,0.0811364534378137,0.0516603227968467,0.0235275334305974,0.0837431832048856,0.0824812026492377,0.0761496629863417,0.0471379552641231,0.0201327042097135,0.0802262224884099,0.078777970897121,0.0791272440798522,0.053048964606336,0.0260891674195574,0.0863306548700754,0.0845851307070207,0.0800773690619974,0.0502799963324928,0.0215546615387682,0.0831389653266623,0.0814503930460351
frank,200,136,2.37192951891445,0.25,9.57107592936539,6.633036588108,2.43185245496203,11.8311161940684,9.06012435199074,5.75929591089325,4.29821525121815,2.20866497078214,6.88375472839925,5.50525078748769,8.584680567251,6.45399768420206,2.17328979247089,11.64407231348,8.91865940373322,0.0261619844681993,0.0107814271480739,-0.0143163533927891,0.0337018604968755,0.0258694479817827,0.0280359873490227,0.0135986535611906,-0.0026499756986775,0.0319280240627479,0.0231092597013609,0.0223619813437001,0.0186941640998904,0.00765223857271312,0.0311209047476706,0.0238243079523727,0.0245615772685056,0.0174289221276285,0.00601402061080835,0.0306713107398011,0.0239564219259402,0.0266826752470184,0.0166929765138402,0.00545388989450709,0.0299700438569234,0.023297440667466,0.00253512412913196,0.00644873873169754,-0.002769436265222,0.0191855125017058,0.00323936933134082,0.0232950769543549,0.0155312982778348,0.00411322267009723,0.0291114829110736,0.0219288473564006
frank,200,137,2.37192951891445,0.25,20.0140080192077,21.0378724374731,13.1890278138231,30.2489820762779,29.0552119547296,10.9542327330414,11.4635881866219,7.55938809356664,16.0458549991664,15.4519833008463,18.2985103625377,21.5476622568653,13.763972267776,30.6240430772113,29.1765991571519,0.0290978800707093,0.0556124211235033,0.0375673378633848,0.077421783365417,0.0701746264900689,0.0513116781218533,0.0552916181358207,0.0347966028166581,0.0756428286041679,0.0750501299530559,0.0526184075515247,0.052375150834441,0.0302447790825566,0.0770768259418546,0.074104608454643,0.0518759244379211,0.0537923205046812,0.0331052302872546,0.0771316632402029,0.0747906784595273,0.0492855143101453,0.0503184808759479,0.0297961775168786,0.0741978966214455,0.0711674253487226,0.0540763535181181,0.0470210941110582,0.0236235219892426,0.0755475561850206,0.0754237354051443,0.0502973760780191,0.0528541336521061,0.0321421301357163,0.0761745992170608,0.0732900820752986
frank,200,138,2.37192951891445,0.25,7.56585682301768,6.66912568582185,3.37677405607473,10.4268364576218,12.2149630615182,4.76169850906153,4.31478468266666,2.67687021204023,6.18447152113773,7.07400434606581,7.05155538229031,7.31747154944134,4.11275960887533,10.7079662723521,12.555519169116,-0.0503266505997158,0.00772671961626187,0.0111415272911436,0.00164134184144984,0.00687705628036663,0.0218688795362715,0.0194055653681267,0.0101117627384505,0.0299235674255808,0.034415595249496,0.0112943245016653,0.0177455035840791,0.0106899521088864,0.0260956835831952,0.0285034400905794,0.0183968011442082,0.0184034856516697,0.0107439384093655,0.0271105069114145,0.0312217626168456,0.0144711737202167,0.0182975596793678,0.0115362902690905,0.0237452310536426,0.0293101678455549,0.0236021042273459,0.0122260294693907,-0.00175458132678474,0.0291108858629054,0.0322204372356167,0.0184942737463631,0.0182140405523277,0.00978867472045885,0.0271536300675077,0.0316221375170513
frank,200,139,2.37192951891445,0.25,21.2651468453501,18.6632307508302,11.4401096974154,23.4508616987649,23.7791484924306,11.5775141012719,10.2826180183715,6.68933790645401,12.6643022074675,12.8279171286976,19.4239868324303,18.9585613127078,11.8249789255837,23.460349940317,23.4911800607857,0.0347438514653127,0.0200977784638076,0.00759269707511655,0.0245572698081195,0.0189173872282669,0.055910925730895,0.0467173730393588,0.0272295809296714,0.0617623838005622,0.0624446149925695,0.0542295467941315,0.0466286095820031,0.027394368443374,0.0589741815465442,0.0608751348850953,0.0511387838689645,0.0466970132727357,0.0287149502238598,0.0582092310466138,0.0590474939746483,0.0503608911144356,0.045670080824943,0.0273822413551804,0.0580087170047651,0.0580127996842809,0.0435487428085963,0.0499974683973545,0.0216318418442042,0.063064113959466,0.0631040114840903,0.0503763470103486,0.0460778791004779,0.0278016875017816,0.0582687945265867,0.0573134045480562
frank,200,140,2.37192951891445,0.25,10.86470254662,24.4623330567139,21.7797236756433,21.4727088626487,21.5658749604915,6.40266611360403,13.1676595190953,11.8334191518649,11.6802870190778,11.7267049066567,9.73860148131773,24.3562678614464,21.9970923600222,21.3632710523336,21.0535924347644,0.0318915982299349,0.0448527101645704,0.0323966484388669,0.0391390497653791,0.0391415174101841,0.0288879311871909,0.0643341430246373,0.0581112081244238,0.0560899472110653,0.0551963379301994,0.030066752960965,0.0625473844526522,0.0542207201558781,0.0554402662666975,0.0555845222034365,0.0258295563132453,0.0613323616734932,0.0540795610958999,0.0541645626946324,0.0534057525253396,0.0282623025694329,0.0629785251985577,0.0552445246487286,0.0557025167904627,0.0561163509258494,0.0242274929080043,0.0568496641161345,0.0509473652916436,0.0527271440085742,0.0479839484239168,0.0273945776627368,0.0607745210274431,0.0531687967749408,0.0534340184954587,0.0537156245373816
frank,200,141,2.37192951891445,0.25,17.3742423698419,21.720260102867,14.6856304956177,30.9337322925273,26.7192012870579,9.6408751356641,11.8032364840956,8.30395469997518,16.3868497658413,14.2904286856455,15.8841814474294,22.0860084514858,15.3215444763157,31.0870843931076,26.3750091332894,0.0231856539864297,0.0568263699892389,0.0415118352028612,0.0733805910354935,0.0657005885233483,0.0403182405555334,0.0546612333627236,0.036951799322513,0.075731943819144,0.0650628218304735,0.0454859798393768,0.0550819849432589,0.037626343926401,0.0758663067698564,0.0673488597987583,0.0440257742456118,0.0527455300752668,0.0329498680057146,0.0769964702141167,0.0659130694529934,0.0445554860774438,0.0520259207796446,0.0330576731382801,0.0752109849145029,0.0638322548259836,0.0430294820640792,0.0592535315857472,0.0416198487054694,0.0820142840234039,0.0714901788897517,0.0439929416580217,0.0539791931712706,0.0358743010157888,0.0772893651236918,0.065861904919702
frank,200,142,2.37192951891445,0.25,10.0650809678381,24.5723286496021,22.3522235710689,21.6983294929713,22.7334408454051,6.00519857434863,13.2218704672292,12.1173251568626,11.7924299227593,12.307658683371,8.83709274327149,24.8155901275468,23.0720808488737,21.6570978175097,22.1032533867589,0.00923009755599589,0.0663811727426032,0.0577829637393365,0.0575111461619658,0.059221266988074,0.028714770302739,0.063596685007089,0.0552477655118793,0.0572619638843276,0.0604619705202841,0.0235951354574877,0.0611887711719767,0.0556950437028812,0.0530067686867845,0.0542988719669633,0.0228652847974569,0.0621879140831026,0.0567843339259896,0.0537704416161702,0.0558198166653915,0.0240734141795557,0.0603669678813822,0.0537598659616455,0.0536016137242876,0.0543518514368172,0.012745341925388,0.0272881091634076,0.030709366343505,0.00201149937126726,0.0223865996600912,0.0249968797351871,0.0621634724056836,0.0564385052871585,0.0544183235488883,0.0564958068109986
frank,200,143,2.37192951891445,0.25,34.2865477968824,32.0636739070154,20.3585265913174,42.6677811943539,37.0818467224473,18.0556435156901,16.9497966929011,11.1270309988644,22.2248083625725,19.4467650256318,32.3770267408943,32.3545144208174,20.5482366029404,42.6532537240322,36.5741461620502,0.0903734814086634,0.0848417596285762,0.055834904594663,0.106339430552489,0.0976949330597358,0.079256489396564,0.0792683049066954,0.0517970707216458,0.104427368060061,0.0868735614918737,0.0865377352798,0.0776180784541143,0.0454627626634445,0.107127147661464,0.0912482522816519,0.0838744613870831,0.0788457872164129,0.0467379365800643,0.107310519107962,0.0905270752122742,0.083129951090634,0.0769685461515304,0.0484419038918779,0.104632678108186,0.0879641994248647,0.0718933985242278,0.0828206391099928,0.0549902486625814,0.106373788738608,0.0839030364255262,0.0827422372800598,0.0793956725582898,0.0491640211949465,0.106655345542843,0.0908962171163433
frank,200,144,2.37192951891445,0.25,15.655428237615,18.9175868915981,12.8101998452761,25.1024784148552,22.5246942872937,8.78605742513978,10.4091012099894,7.37120257368903,13.4858017308512,12.2036786632599,14.0692423843938,19.0807572059019,13.097858262655,25.2590230772672,22.1916742259314,0.0436921523022485,0.0521011670970427,0.0358837290265855,0.0676431616403395,0.061296821422503,0.0428314791504495,0.0506910938820769,0.0348345188483056,0.0649068920162004,0.0594701921254807,0.0373189009714471,0.0463651906606396,0.0310313241619202,0.0627185607655817,0.0553505061360553,0.0384754565529297,0.0472629616624144,0.0308538302804716,0.0631616051382527,0.0564621715854785,0.0366445766254457,0.0391956082143662,0.02163278354346,0.0561403893307239,0.0500233762085718,0.0381097734208347,0.0433899410528837,0.0268508949980266,0.0635534859832841,0.0454379283321377,0.0384709516809255,0.0468700758225999,0.0304631794022751,0.0630873270358566,0.0559789010456671
frank,200,145,2.37192951891445,0.25,17.430916470154,20.3302699871212,13.8229274807616,26.427503284388,23.6136529191254,9.66973285001272,11.1120395561111,7.87503250084655,14.1452468410734,12.7454985182489,15.5307829236599,20.421821336361,14.0953049676291,26.3740430194361,23.2450235353512,0.0409616223915786,0.0555670926104704,0.0348444084001223,0.0665721771970225,0.0631538523935743,0.0477398378958792,0.0535011896710107,0.0335138458152121,0.070143639070052,0.06338319478004,0.0429221467603964,0.0521111702957199,0.0355238109044359,0.0673213431787785,0.0606285338227492,0.0436271080207432,0.0497527306960918,0.0328611724286303,0.0659579136837823,0.0588709791443694,0.0466601315015995,0.0503527467224416,0.0324235921329078,0.0659959597993423,0.058577016672593,0.0414582369403578,0.0421471345435867,0.0242580121683728,0.0591200929460213,0.0530884734977053,0.0432989767068058,0.0500422713050726,0.032927246303946,0.0657609034230513,0.0585482504893874
frank,200,146,2.37192951891445,0.25,25.0402029568901,19.4524865479441,10.5602490469522,28.7563040174541,29.3497088638156,13.4552943425209,10.6748178331702,6.2509811176102,15.3036841231381,15.598802905437,22.955018770329,20.0943308707662,11.4196607231455,28.8027125526973,29.3753057719256,0.0599131276417903,0.0519376543728782,0.0260758536422294,0.073705146380331,0.0781581487714188,0.0502752176833817,0.0419576457680734,0.023713750674814,0.0602966076517764,0.0617540117949584,0.0646496595065326,0.0498038108645702,0.0275901926302906,0.0725462789779418,0.0749346396690969,0.0610382101522169,0.0486029095280499,0.0260833573608811,0.0714756156529084,0.0734894494700225,0.0613024975384328,0.0512891432299632,0.0284771662286237,0.0736798009685174,0.0759054391487251,0.0590020818810011,0.053616153247416,0.030158141860825,0.0768244146362394,0.0756860967218488,0.0610923919631266,0.0485061408601445,0.0262569410337021,0.0716104215645947,0.0727963523182936
frank,200,147,2.37192951891445,0.25,0.864269190882431,7.38899852413027,7.03000211733954,6.35315092169247,7.3610321609545,1.42765961679077,4.67322844242915,4.49481018499391,4.15816441788444,4.65925252521009,0.382391744115253,7.53894488533534,7.4828998074311,6.35108054310855,7.30466861043029,0.00602669880426234,0.0109948317130168,0.00362819410997735,0.0174485304661018,0.0191318339929271,-0.00289622472497706,0.0122971361215888,0.0107194618786385,0.0122120861773443,0.0153740270091619,0.00160789157498564,0.0198301218939713,0.0197170300236427,0.0156492408681089,0.0187278263781414,0.00109053125065346,0.0185815092179904,0.0172050937137893,0.0153586082389936,0.0189553078416728,0.00204004092344987,0.0174188080563953,0.0167797816883658,0.0128564421125415,0.0172367320356386,0.00555233789771919,0.00928457016572511,0.0033182917424071,0.00996352948237994,0.0120543513772689,0.00167679958693807,0.0191120210916492,0.0176066596446415,0.0158491539446715,0.0190448833240833
frank,200,148,2.37192951891445,0.25,19.7745317509369,31.6101768815937,24.9958420745321,38.9311715827568,35.0794372296654,10.8353853996357,16.7234297029198,13.433188751236,20.3657992302819,18.4495240421192,17.6737950002277,31.8524690182948,25.8510135391233,38.8707089511572,34.5305193511466,0.0524651185009365,0.083463855638992,0.0631039004262924,0.0964040968730737,0.0926925201507068,0.0513268848812383,0.0762679769487298,0.0582859084779813,0.098106695971454,0.086991832362578,0.0395287491756414,0.0716910472124567,0.0577446292600399,0.0857325767079399,0.0719766219472563,0.0486956319283103,0.079585394300306,0.0627714414200783,0.0966161363644463,0.0878338570544595,0.0510471780463526,0.0797174518476238,0.0610684775163145,0.0984955127042252,0.0891077473054524,0.046667126314195,0.0795925090089297,0.0654789430881035,0.0884538482868485,0.0854618721368627,0.0494916448274526,0.0798891123079145,0.0623897183408088,0.0980004640553506,0.0882550682748239
frank,200,149,2.37192951891445,0.25,12.2502874442936,30.3655904886437,28.344778122528,26.8107176949233,26.3285868459925,7.09293311507709,16.1043496007615,15.0991029374771,14.33594239717,14.0964891709655,10.5665359706725,30.3861947899035,28.7965675530476,26.7018453684729,25.458013814401,0.0348414257500912,0.0796300180234874,0.0740308783020849,0.0702563199308411,0.0703171936774114,0.0328011422098371,0.0784457909519275,0.0736002518178549,0.06808796074823,0.0673162874698094,0.0307342416992652,0.0790656174387053,0.0739147541699061,0.0677156362567622,0.0674280509628872,0.027852626626001,0.0740774884885311,0.068817068344758,0.0640802319352117,0.062733463620782,0.0247406663115887,0.0767936802862488,0.0730082813178589,0.0670748306295247,0.0629691223150568,0.0296508470353021,0.0730780125587858,0.0676266271494615,0.0704763889514986,0.065009766883901,0.0288322367175954,0.0755569211340269,0.0702288028212976,0.0662984986842375,0.0643907902755853
frank,200,150,2.37192951891445,0.25,11.4390944855502,24.3773822444388,21.6814399507987,22.532828661173,21.3726348952549,6.68836962264307,13.1254534447186,11.7845441423471,12.2077072312365,11.6309732610288,10.9272342430324,24.4884915955997,22.0537096408906,22.4098282464216,20.9291364790037,0.0240447115869266,0.0545289096549634,0.0449419854410996,0.0596207682502387,0.0503009335533523,0.0293200703294926,0.054805738012238,0.0450811922052187,0.054394350310467,0.0510615351174422,0.0305009988242088,0.0614741565232307,0.0521782983488306,0.0568443063781224,0.0541897786142759,0.0290722587071697,0.0628090062253315,0.0559387758505986,0.0564074491586048,0.0541666823587186,0.0282932074962829,0.0607698414726318,0.0520317884235609,0.0569763237518297,0.0520484504267766,0.0335918179395047,0.0639864503563966,0.0560561720128302,0.0609223886968048,0.0573972286909823,0.0286386539716277,0.0602703923847574,0.0530440099576748,0.0558075550604218,0.0520783806518083
frank,200,151,2.37192951891445,0.25,33.1129747488702,41.7310926953296,30.933604333613,50.826957058601,50.3001519452725,17.4707206879404,21.7585002251513,16.3873215178084,26.2836566289307,26.0214001451593,30.8496287243093,42.3584768342145,31.8665819051044,50.9839495778003,50.3848557700115,0.0864382799592636,0.109084328350184,0.082282375267016,0.130759596545446,0.130240174075824,0.0835005511774929,0.106557846420856,0.076902558725432,0.131425717995732,0.128622403413748,0.0860826112799627,0.104996734097334,0.0751239319893621,0.129684287361448,0.127200124881232,0.0824806058441894,0.102744327548577,0.0741250733156433,0.126393120774947,0.124523387566985,0.080554650075938,0.104598401491394,0.0768242177431648,0.124810092559309,0.124609383083719,0.0755968022824668,0.0971412282945126,0.071477329368347,0.121096508856303,0.115046286912061,0.0837891928110487,0.104774193187715,0.0763380492187345,0.12785589653324,0.126805551123623
frank,200,152,2.37192951891445,0.25,25.7196625638866,29.1866267517803,20.0780189396476,36.6888533972099,35.9793231309126,13.792737694339,15.5177806288095,10.9867227578558,19.2501073746741,18.8969626664711,23.7298743943584,29.5260749678927,20.6151668843111,36.7509998947064,35.9582325643795,0.0679725128596747,0.0778973517022848,0.0551584782200084,0.0956428584688364,0.0947532294090405,0.0598997376848709,0.0694504773441442,0.0414907047181912,0.0929550268267944,0.0905465098861644,0.064338804109746,0.0768261304123792,0.0535011264249051,0.0937676185087528,0.0928707688592952,0.0652453689342634,0.0736902463444788,0.0496654049707936,0.0927399972532032,0.091031518554837,0.0658464494285428,0.0729594673137036,0.048997039201301,0.0931488610130945,0.0915423507937127,0.0692448318409315,0.0779639838568053,0.0551013576257603,0.0965570474442976,0.0949066494531588,0.0645899671654231,0.072864206266862,0.0491242584738646,0.0915629121982198,0.0903312857909747
frank,200,153,2.37192951891445,0.25,20.7718848195057,28.0543522688428,21.0885832124202,31.5487385828926,28.8594144412834,11.3325505324479,14.9547584836118,11.4895269220283,16.6931522758142,15.3556762634311,17.913717347205,27.9702387578844,21.4096289141621,31.4482685711476,27.6715596020536,0.0564426533283407,0.0735067853929031,0.0541914050716553,0.0824186876880115,0.0771437002859264,0.049612812143298,0.0726336114891749,0.0565051969627308,0.0800194082614291,0.0720535540377447,0.0557099414136719,0.0722888040857086,0.0531509959180536,0.0819907618938378,0.0750950265455954,0.0441009506308108,0.0679089889258304,0.0505956925170093,0.0775695281314673,0.0680338653658246,0.0459164880570826,0.0689816706939869,0.0517795711774604,0.0785003415695159,0.0700606215924405,0.0531884021204369,0.0723026347536659,0.0457800479368041,0.0838487987922216,0.0771367772195585,0.0486633507684318,0.0701531925558093,0.0522950803532784,0.0788073066229967,0.0713617498621955
frank,200,154,2.37192951891445,0.25,17.4763849686064,22.9683028056162,16.8590813890061,27.3739978475353,22.8362394706483,9.69215831984079,12.4248630839221,9.38593905045809,14.616464340008,12.3594074897357,16.5020582251859,22.9975355654083,16.991355422437,27.0892527559655,22.3454932357005,0.045901336665963,0.0537213588118147,0.0388106521792259,0.0668363789059491,0.0540430715865063,0.0472836048398172,0.0606457345143833,0.0448977280551772,0.0710888221279402,0.0598332216857082,0.043965259642385,0.0566031111584793,0.0405964806788917,0.0687985071208414,0.0559912030216522,0.0451428767217798,0.0576351264668902,0.0417456308427769,0.0694555654969471,0.057392279478959,0.0443249890297714,0.0596205006989383,0.0430000508910908,0.0699494107995342,0.0584787433648103,0.0476485822658285,0.0584290682208489,0.0445265751955157,0.0709308518527054,0.0601129234592243,0.0433235878935977,0.0543352629341262,0.037785454443533,0.0666760545251275,0.0538944113544471
frank,200,155,2.37192951891445,0.25,21.1424376464474,33.2450746031472,27.1051741975803,34.3620354334889,32.9162913202132,11.5160795202038,17.5373059070366,14.4832578883545,18.0928044483734,17.3735302092396,19.112178045159,33.1123072714744,27.1565150512052,34.1980611074379,32.3750059792243,0.0573611811535984,0.0648991283010635,0.0373087037791699,0.0788508797024424,0.0784298504177328,0.0517738687511153,0.079906338209905,0.0573596608027344,0.0884613352182401,0.0827508361707481,0.0548717365429922,0.0837766787310214,0.0675853154857441,0.0866034277896777,0.0830919295165514,0.0513090726492372,0.0823987671493124,0.0671127330520823,0.0840084023766736,0.0809307047682615,0.0540762828298394,0.0847611007005712,0.0669549764421487,0.0875307250572957,0.0842325646947338,0.054068867404065,0.0870708741986801,0.0663420742041991,0.090110817042534,0.0872801543269804,0.052510001021752,0.0830159768436654,0.0666520950390773,0.0858619649365144,0.0823548311769819
frank,200,156,2.37192951891445,0.25,13.0709159997326,19.9916269420684,14.5983546375108,26.4032401416495,23.5794262088628,7.49973452139414,10.9432546045351,8.26062260646477,14.1329998478579,12.7280024846222,12.0979044935656,20.2447781432888,15.0810503319834,26.4739949408958,23.5253205940738,0.0375020593856165,0.0545122901951507,0.0406204687601939,0.0710072976584176,0.0637337278954064,0.0339813713784347,0.0423245574765328,0.0264163573853774,0.0612556261444746,0.0537501204991096,0.0309073168871772,0.0509477269278946,0.0388832656510153,0.0633043662562521,0.0566019221149295,0.0327451007290648,0.0505136406637148,0.0363159235747587,0.0663387439707154,0.0589386098556485,0.0352401892464669,0.0475045169412678,0.0325415753650446,0.0650370997419339,0.0577703257172165,0.0343838680044904,0.0549428142477019,0.0397243851876823,0.0645626299971328,0.0621948859557609,0.0325329883724489,0.0492369352334812,0.0347889171809911,0.0651211938030691,0.058111054338657
frank,200,157,2.37192951891445,0.25,21.8318854984182,22.0533619565461,13.7966254763618,30.2884005887022,26.2114023724669,11.8587915714186,11.9695518942897,7.86250168915197,16.0660433763897,14.0379614553587,19.9543254550309,22.1160718318964,13.9256765213611,30.2691097059342,25.989845696741,0.0585032172402421,0.0466378720178416,0.0170017358020184,0.0743011052563015,0.0633394159216244,0.0558663334022733,0.0577467033133879,0.0369376932984363,0.077872365381723,0.0665048864974139,0.0519094509083694,0.0534862215120627,0.0334834905810645,0.072967744131216,0.0632091433346846,0.0555235052411019,0.0548112525744242,0.0324586265054397,0.0761623725611834,0.0657326589539661,0.0543685137975157,0.0554162313822552,0.0328726570681816,0.0775237016654414,0.065697886799218,0.0581647112072785,0.0601154447364218,0.0389569087883208,0.0784312524077309,0.0704533496717386,0.0551553460696879,0.0545244547480438,0.0324328975910253,0.0758362080279819,0.0654309501856559
frank,200,158,2.37192951891445,0.25,14.5051800469236,22.0471991455641,17.1492941867881,24.1111201269064,22.7323106975335,8.21435225322926,11.9660273407489,9.52950120844753,12.9929075619123,12.3071983705462,12.582279029062,22.1052567706339,17.5683693045395,24.0003410771373,22.0250268373999,0.0409611933731444,0.0597370040262557,0.0478480824111275,0.0631801665356287,0.058409306056573,0.0239175036413131,0.0509553083247282,0.0409851784600724,0.0548597721504667,0.0494540154483324,0.0365231236697875,0.0588937324553378,0.04695391410272,0.0628910558995324,0.0590577130046503,0.0355611278933355,0.0555005476878038,0.0425174955160513,0.060640701535625,0.0563320556652823,0.0339647323597793,0.0552100789395129,0.0437308010013584,0.0590605237489491,0.0551496961905892,0.0159619669755809,0.0374105764934681,0.0310943455660955,0.0480815948604323,0.0421882410960136,0.035427454709636,0.0545672079072886,0.0419660845812084,0.0594668905979367,0.0556418364943908
frank,200,159,2.37192951891445,0.25,21.0266856874354,16.3610555081164,9.28374906691326,19.9198971905869,19.2133087302421,11.4583274119524,9.13776358522295,5.61706225189076,10.9079643412105,10.5568103446921,20.0988351708807,16.4285775846509,9.20086344218555,19.7119834901569,19.1167489969373,0.0571851928088029,0.045761470952053,0.0278368012327269,0.053770509015032,0.052987059140432,0.0483787894905361,0.0413295903087637,0.0263711109686143,0.049998029984405,0.0465124218182909,0.0524008051159286,0.0391997515313347,0.0178681580232512,0.0511811585363137,0.0474423628780226,0.052335839514784,0.0402480256703458,0.0218172712909853,0.0489197553765898,0.0467739943359229,0.0520961746215345,0.0386686738358204,0.0203430689133673,0.0481334327614378,0.0445222188543567,0.03722075067149,0.034598933433182,0.0235648898597829,0.0244726160534903,0.0315975593701187,0.0520963856537809,0.0391580551129543,0.0210642017086571,0.0479536740892875,0.0458367462039475
frank,200,160,2.37192951891445,0.25,20.5711403113966,25.9970624768125,18.8657382059239,30.8676317590575,24.6427417833089,11.2324917873632,13.9315660672248,10.3838550584294,16.3544472122758,13.259155468796,18.0792994231331,25.8409773383992,19.0618320656781,30.6568190533684,22.7035288208971,0.00829205327764468,0.0606141416197268,0.0500525412301267,0.0680198169803152,0.0346749487781718,0.0422563906209666,0.0539195790076967,0.0358415371845782,0.072135742400698,0.0362611129892862,0.0548008234910798,0.0663813390107761,0.0466533156087414,0.0799270070749117,0.064443271711907,0.0479444125905131,0.0642269369791301,0.0462847892265874,0.0758738638616215,0.0574966375208247,0.0518101069435518,0.0655975719915941,0.0476997571242831,0.0769716014916269,0.0589020745803896,0.0527052253538431,0.0455582485181558,0.0241354561886553,0.0647023127391636,0.045565829358257,0.0493939498420193,0.0643261100458912,0.0463451652111427,0.0766647476797265,0.0580226362128233
frank,200,161,2.37192951891445,0.25,42.6092230262079,25.7153302994004,11.455259660764,42.8375407904148,39.191524293835,22.1966448096036,13.7910411194342,6.69673218056252,22.3093306684518,20.495688520384,39.0487149124062,26.3591155229965,12.1743859192477,42.7954491439966,38.9129954879505,0.0742239510274859,0.0255816506818803,-0.00282092185625033,0.087410482632097,0.0548369265950246,0.103694556851918,0.0670964376789417,0.0303294554599389,0.107616106664465,0.0989154901355297,0.102602374155232,0.0642675885854812,0.0290014153284857,0.106639900748027,0.0950414721685384,0.105477195187684,0.0635977562089684,0.0271822253622996,0.107048268037564,0.0970307676978826,0.107401083095784,0.0652078902200462,0.0288002279200168,0.108722049509159,0.0976096829099666,0.109261601815044,0.0654637666058087,0.0255434678791702,0.112013596852158,0.0994022074302821,0.104152113487182,0.0629808015304532,0.0272247799276362,0.105987505551327,0.0957974480603568
frank,200,162,2.37192951891445,0.25,14.4651202317062,19.8216842091256,13.542195128021,30.0370572406202,25.2033319009025,8.19428302910674,10.8584487772902,7.73474776085793,15.9405387271671,13.5363107048895,12.3318574900776,20.1746677552289,14.3931814646585,30.3347564089448,24.3902758039006,-0.00809939334010968,0.0352795212994252,0.0239376540537708,0.0555520673261209,0.0293832201636069,0.037405450263243,0.0464879439985157,0.0306051009523312,0.072048686586141,0.0608343283410693,0.0356223715026522,0.0499279829168366,0.0323238429177749,0.0761117396517324,0.0624033199102824,0.0366683227347433,0.0505749124533225,0.0340097122411199,0.0764626369774768,0.0638842951426685,0.0353371317554589,0.05094934798445,0.0339941233047191,0.0768562989305399,0.0635456224183992,0.0282920221073964,0.054336822906543,0.0384254330433391,0.0763401573396809,0.0636857786266086,0.0352487092309527,0.0500447896280151,0.0336781578253805,0.0754698235225738,0.0623080502150537
frank,200,163,2.37192951891445,0.25,19.0940748029089,18.2353388107527,11.9802031898291,19.53074337808,22.6863015778554,10.4965291677474,10.0694891878834,6.95771250026475,10.7140327359143,12.2838353229735,17.9625760738643,18.5617126215992,12.3110103198188,19.5575513511972,22.8126982842044,0.0527133159677737,0.0499685666124253,0.0327056916218034,0.0535792550402263,0.0612541125454549,0.0512102681123737,0.04913883134345,0.0339177387075731,0.0525433943457044,0.059826304955861,0.0448311633327503,0.0438595787269042,0.0265742704337182,0.0474952600285199,0.0545452293092742,0.0490181920231035,0.0471994051088355,0.0315720389965682,0.0495974748394807,0.0581764146254595,0.0480829948206706,0.0437765933247214,0.0281668355142827,0.0454558468338991,0.0548008700283032,0.0482310951667668,0.0505867979986758,0.0340361204018385,0.0526579893508017,0.0616030498229513,0.0471098549764982,0.04526969578613,0.0294095863605508,0.0484966321513722,0.0561096235486304
frank,200,164,2.37192951891445,0.25,36.1559321883263,45.351372658129,33.2768562669437,56.0326615206093,50.9736877085751,18.9855984863428,23.5599661113501,17.5535713240516,28.8736876192296,26.3571914685622,32.3992082207521,45.4147906078218,33.7233649585603,56.069397110714,49.8799456772123,0.0683813739385033,0.117432812475303,0.0881190031444425,0.142593041451826,0.124000039899346,0.0878410513629767,0.113409485263749,0.0830296037216458,0.138301965679308,0.122605036983447,0.0875095750568323,0.108253484528771,0.0771203885534523,0.134465847142102,0.121835808862895,0.0899036538120571,0.112039002178435,0.0804987139056968,0.140108871806864,0.126115266679563,0.0883258897072366,0.113081425314872,0.0805438530075326,0.140624787360616,0.127913498985712,0.0939471031926628,0.117713576227782,0.0866507648313894,0.14503521115624,0.131683504213906,0.0888434899568475,0.112332708654672,0.0811874996193522,0.139408481323139,0.125691521283894
frank,200,165,2.37192951891445,0.25,10.0386460573841,19.0414486152544,15.8469142577652,20.3543518095604,17.7259329936212,5.99212215952638,10.4710219483064,8.88226470573037,11.123899263751,9.81652753783557,8.75376878607254,18.927906026127,15.9931406329248,20.2637585861711,17.2384786186936,-0.00189499817994952,0.0523445909981746,0.0429754105838735,0.0505916434965737,0.0429372863745771,0.00915312692786754,0.0487962792833066,0.0428133556690277,0.0493961992146781,0.0417903934285064,0.0208050491288507,0.0468045650954763,0.0383503706813328,0.0490990016446232,0.0422393500804743,0.0252734701663417,0.0455554844572829,0.0356517063480364,0.0504973652977694,0.043526585722411,0.022492110264305,0.0451729141797332,0.0363488817239127,0.0489103436016431,0.0404948542124739,0.0182022656683536,0.0492564947801425,0.0428323759363446,0.054255881133563,0.0458035586305659,0.0239002985711862,0.046722600075344,0.0378919944931736,0.0503955044092384,0.0433738027220757
frank,200,166,2.37192951891445,0.25,14.1869371924257,19.0382600700101,13.3410011754968,26.7410878660987,22.3026053029685,8.05640445508904,10.4692001765372,7.63532817029289,14.3011326764296,12.0932968703585,11.7688394777443,18.9945052605047,13.6755879145965,26.7638663169921,21.4257688798665,0.0402065560618024,0.0505288726900154,0.0358531359670919,0.0703318530198826,0.0567388365358295,0.032453764629605,0.0435747974131467,0.0295557054238465,0.0645223451292018,0.0510454536985899,0.0345616466821608,0.0457764745341763,0.0312385205689322,0.0645043713759021,0.0552300298638288,0.033065463595846,0.0464538071112438,0.0303788671972565,0.0667614528215402,0.0546648482617768,0.0327606036288372,0.0477862383144165,0.0343242173176398,0.0651722421295198,0.0546996846012787,0.0274179755276493,0.0462002990586765,0.0340401647507213,0.0674141577946005,0.0544678759620827,0.0322841326825145,0.046640103293242,0.0315748345680656,0.0666597365098524,0.0544091499729769
frank,200,167,2.37192951891445,0.25,6.6905408364912,17.792146943097,15.9397142630202,17.6714442145148,16.9560171736965,4.32723496904893,9.84886459444872,8.92725031655794,9.78924330442498,9.43344963948456,4.82576364887374,17.8798552215357,16.6708682633663,17.4833505690396,16.0699444992865,-0.0163760684054888,0.0491833253563153,0.0399560634971371,0.0343261781612046,0.0315766042685372,0.0147251109162295,0.0487682074642409,0.0434298817898105,0.0476692964371202,0.0449391099686328,0.00641393978482058,0.0416796461453924,0.03885992872958,0.0402897938145305,0.0380755854850961,0.0160364983543677,0.045520699560257,0.0404616556867996,0.0447446818731454,0.042413862549743,0.0153293679233427,0.0459019684057411,0.0409745257054665,0.045731005393308,0.0432231367926254,0.0174777829222604,0.049104770447131,0.0426537735087469,0.0491760037107704,0.047389601891719,0.01427903581821,0.0454226117345216,0.0406817948205327,0.0439378532427897,0.0416699503525093
frank,200,168,2.37192951891445,0.25,19.8741444693225,31.2974289592477,26.9745243427103,25.7026310595552,33.1703075929712,10.8845998784225,16.5675411797768,14.417023866206,13.7843251013693,17.4994005540878,19.6080816948006,32.0163660917986,27.7313288360244,25.7910278141736,33.6496102008488,0.0486480989718693,0.0737326158798188,0.061228837896076,0.0621449271226589,0.0795752884672938,0.0516193052202696,0.0748172729275064,0.0632877427904181,0.0594348700843679,0.0799591652136268,0.0510461185165428,0.0811819180026326,0.0696541327625855,0.066236824166741,0.0852687362761882,0.047909533148324,0.0797187628824506,0.0685754162372169,0.0652830081703406,0.0832912180262953,0.0494325646864217,0.0777421849586053,0.0667058774742244,0.0647702448387059,0.0821050314498339,0.0496277526816208,0.0800273119218597,0.0708325355484888,0.0580491399250343,0.0805785994683697,0.0506214619628179,0.078591323713352,0.067003931956048,0.0646919346877413,0.0836289471874268
frank,200,169,2.37192951891445,0.25,25.3847190071079,35.7596230013995,26.9149288986502,44.8526064470494,35.6298756954863,13.6266228858786,18.7887780239306,14.3894325491507,23.3119941426434,18.7240785412562,22.9851395817439,35.4605701184128,26.7717233022873,44.6314113924591,34.8312368699684,0.0682440974756823,0.0722292868414163,0.0411709035223149,0.10282751629213,0.0835675850062587,0.0660718750607239,0.0842147562057407,0.0561984992369957,0.112157180642531,0.0882412412227709,0.0654693536130469,0.0829068589766885,0.056504149863238,0.108064381547687,0.0825862569017893,0.0631610711343752,0.0848794078015398,0.0600407273451671,0.110028406356783,0.0862421781645874,0.0614793649521636,0.0865211731777859,0.0619371176747706,0.110942358195816,0.0859044157299907,0.0683445276046991,0.0922781750617667,0.0687352888515374,0.115799193465858,0.0935050870808211,0.062251235772602,0.0869999855249089,0.0624423801316468,0.111673646652959,0.0873321323808706
frank,200,170,2.37192951891445,0.25,29.8627061369923,32.4834663989907,22.5842758427939,40.8511270942629,42.1844205773329,15.8551018286756,17.1574525138079,12.2326966860506,21.320637483996,21.9839905848968,26.5203075426454,33.11857526202,23.7253505979455,41.0414615873725,41.5531333125703,0.0781007640023182,0.0798077715206238,0.047120306711623,0.106908215547197,0.106957326438229,0.0734287723075457,0.0812035840601182,0.0565138706097501,0.103858116722724,0.104345285691048,0.0731470084313193,0.085359329030738,0.0593461779883826,0.105214658489825,0.108642883345586,0.0725284604187373,0.0824342164560226,0.0576106902728138,0.102719724207382,0.10599162744992,0.0759710569577322,0.0830776119540351,0.0570501949382214,0.104244574566059,0.107768615814081,0.0689742124368779,0.0799553196532183,0.0569695615454727,0.101781637751273,0.10263844002769,0.0731983546826511,0.0821665912041065,0.0574016679457276,0.102768353858982,0.105706823987307
frank,200,171,2.37192951891445,0.25,16.3792141163473,41.7643973028736,38.2346887592087,43.7456116960622,32.5548661278074,9.14786329614238,21.775919929488,20.0201662724697,22.7613669364896,17.1954346489043,12.9096931137402,40.9785607852363,38.4336245724641,43.4350943723472,29.7946863998004,0.0426930937613889,0.10728017267107,0.0984997828777172,0.112954538422558,0.082219566799938,0.0381323415176695,0.108421543315068,0.0996810472603292,0.111924186014739,0.0804965595439889,0.0325063356595465,0.102400678221913,0.0939749747078038,0.107297784775595,0.072999761199875,0.0364281722415811,0.100199557716015,0.0903464137243884,0.106166733645396,0.0755293312479664,0.0380440959670041,0.10657229987828,0.0985745379609969,0.109592766742303,0.0802028077861301,0.0403161882474692,0.109359872247487,0.100556381230636,0.114191152500052,0.0833877316980485,0.0380013612676448,0.10241269579292,0.0925581730462295,0.108103754028325,0.0773773383947352
frank,200,172,2.37192951891445,0.25,32.4516095476791,35.3944006581626,24.5978069570814,43.1743864211393,44.0989409922526,17.1424667899232,18.6059007530675,13.2348158884268,22.4766234915098,22.9365817481106,29.6990037173662,35.9940324682541,25.4598752520004,43.2731662307409,43.8478556295907,0.0723514185470531,0.0920342036553765,0.0664834778132039,0.106927381951897,0.111338541307351,0.083918732414034,0.0889119502448754,0.0624076945748891,0.102493102500932,0.107615083550975,0.0814389883093442,0.0874136264709323,0.0615966197247572,0.105375858593095,0.10791149292001,0.0822787309108295,0.0884578145673314,0.0603378832033249,0.108372663189404,0.110797048917514,0.0815764866948781,0.087809549489892,0.0598221618208775,0.108100398217189,0.110888606165809,0.0781597233283332,0.0891192855920011,0.0624374675025784,0.110175480112675,0.108012575908649,0.0796565963231844,0.0888725961311147,0.0614351421521556,0.108104733107017,0.110249102486079
frank,200,173,2.37192951891445,0.25,25.8544220600317,20.6585168018507,10.9335828587135,31.9413064964473,27.9523013850364,13.8600876179586,11.2754981418918,6.43781213199362,16.8883760665669,14.9040697629285,23.920472712543,20.9655111899999,11.2192849933955,31.9116759117013,27.939956961075,0.0685937159076934,0.0558332312434268,0.0315897993035108,0.0844592587164825,0.0730928703384475,0.0586291752617533,0.0478780772657665,0.0232707717168592,0.0758128433440104,0.0670597380942924,0.0649740553091198,0.0489731961627566,0.0255829216850309,0.0770039276734022,0.0667465058738299,0.0638593828011149,0.0490052605962418,0.0235237493623728,0.0781196987465674,0.0670743400592079,0.0639000312257414,0.0508874023905473,0.0269646638599914,0.0795427854165895,0.0691285297340613,0.0633320304595777,0.0521792550085758,0.0257789220005571,0.0821983325959165,0.0722580918844062,0.0649326509721847,0.0507365840257562,0.0251042489455191,0.0800950790838488,0.0694488565975776
frank,200,174,2.37192951891445,0.25,22.9591384517946,40.6643569957706,35.2561752217595,38.8751700284251,41.5171688526538,12.4198239965601,21.2278056370463,18.537605680714,20.3378617459345,21.6520346306954,20.7466356581864,40.7968432409952,35.8745449017738,38.8110056745754,40.9089289094453,0.0536112659493541,0.0885933311227794,0.0524507402715914,0.0969053292452083,0.107188356937732,0.0585169643239322,0.102200747787281,0.0874724067504442,0.0984424515091428,0.10485406223931,0.0569312529675503,0.105334645714926,0.0910271741780609,0.100613842578517,0.107075177916074,0.0569624544392669,0.100530323058798,0.0865855540669941,0.0945642653163817,0.102214912079712,0.0586349736913815,0.102577823562537,0.088319716517723,0.0981997066728091,0.105464241596097,0.0323581364454194,0.103974739332982,0.0924009337161097,0.0827090144300474,0.091249175026372,0.056751159234596,0.101916935790402,0.0876501110956176,0.0971438191357683,0.104179118509892
frank,200,175,2.37192951891445,0.25,29.4655516367487,31.0564586688148,20.944065753662,40.0152948444043,34.4956221626733,15.6573197322858,16.4485215467171,11.4181094588699,20.9049902284298,18.1607688561698,26.4281397010878,31.0991953424128,21.2479085226283,40.1096747297409,32.97036965613,0.0755737219618827,0.0812447697269254,0.0563231623394056,0.10267629800175,0.0912385512597122,0.0697012791052181,0.077861473347403,0.0496400224807504,0.0999631814308621,0.0837588992541338,0.0691628942648355,0.0767219523469607,0.0493237141612094,0.0993633582383739,0.0832414167937438,0.0713656128490114,0.0755739450258574,0.0487301076647947,0.0990520169902454,0.0818098011626832,0.0747742143290371,0.078208065449384,0.0506129365596042,0.102160076435506,0.0853767769308971,0.0755328021084509,0.078540873226224,0.047033222100538,0.105035594391472,0.091147774773519,0.0729244591804681,0.0781150496393162,0.0519562079965107,0.101320229547887,0.0839550586016135
frank,200,176,2.37192951891445,0.25,26.082138192489,19.6154056917149,10.4726793045081,28.539730376344,24.509370647992,13.9739402643589,10.7566781066945,6.20840435897474,15.1961770456429,13.1920632338986,23.9232003471698,19.8326945028973,10.7150062100966,28.4304120414579,23.928085055528,0.0695651939060078,0.0540148727448583,0.0310565645283283,0.0750176416618298,0.0642305848471791,0.0591534264709228,0.0435967734407331,0.022112035845788,0.0619581779992859,0.0576070831935558,0.0661433459090439,0.0516181873677722,0.0280936199735679,0.0745262633372927,0.062677303264225,0.065787029338989,0.0491202036311222,0.0255916688779671,0.0723106245925504,0.0600163063945403,0.0617577293538138,0.0486081504968863,0.0261234124342913,0.0705096905457992,0.0598547617674905,0.062152924937467,0.0289645974179453,0.00997738037005559,0.0496623148359927,0.0352784020596195,0.0643305033590569,0.0483704165814477,0.0250109308260831,0.0711147349771577,0.0593044197095511
frank,200,177,2.37192951891445,0.25,36.0652269082976,38.3346812676148,25.0423087418106,54.6528548201475,47.1206473109561,18.9400243746935,20.0692477991605,13.4569637205079,28.1872674664372,24.4402666415183,32.8746164688669,38.6863748334703,25.6150780487241,54.7182553527214,46.6783594347358,0.0951584246394808,0.0919769905190168,0.052403750345004,0.140410240487608,0.122010137678362,0.0923634303350365,0.0971709342668493,0.0622719464260487,0.139742467071708,0.118715588342116,0.0878169868857595,0.0954071011044975,0.0612466773290118,0.133973460957562,0.115468373608358,0.0906915855221482,0.0955947046539624,0.0605416782160977,0.137283863362743,0.117784442813788,0.0899063140733008,0.0946554454049158,0.0581913461686251,0.137621298549697,0.116973011080641,0.093900695938344,0.0838553397789207,0.0495063628386067,0.119128740246011,0.10967026372222,0.0899631051590064,0.0951113198152802,0.060291797913979,0.136976081430575,0.117081515355431
frank,200,178,2.37192951891445,0.25,23.0808374447538,20.6964803716916,11.9382099881446,30.4139605191475,26.3550835659334,12.4805933715134,11.2943859029757,6.93761341619116,16.128614411041,14.1094796237429,20.7361456225422,20.8063743956696,12.1382879579302,30.3298224695211,26.0107628632989,0.0597911481898255,0.0520232381048649,0.0320122670857395,0.0782548574425319,0.0619070630652416,0.0592942329331615,0.0509291070788383,0.0261903877100891,0.0796132863717307,0.0666027523728337,0.0557451873231921,0.0472602778502928,0.0232446685038427,0.0747166654034341,0.0623759504001098,0.0588279992946456,0.051648383874796,0.0277769099112877,0.0775212323511577,0.0667236518616135,0.0593379926951357,0.0506449135803699,0.0272469147474334,0.0770400498421475,0.0660250024614938,0.0598646763972082,0.031580676635072,-0.010130442498907,0.0771318410085192,0.0586576419836364,0.0566156039227637,0.0508020427638155,0.0282117322910243,0.0750393505977887,0.0651073333615737
frank,200,179,2.37192951891445,0.25,9.80340082854102,11.7925492465566,7.77684815756561,16.0529149501581,15.5877226263306,5.87555068078507,6.86413595507941,4.86649949173469,8.98374442165101,8.75232858442339,8.40222282620832,12.1377421760322,8.37723289245248,16.105157173453,15.3814904517249,0.01586146856259,0.0115012663427115,0.00238584004369931,0.0335582988687716,0.0289928038773621,0.0240401772302884,0.0294197891049584,0.0180335942104003,0.0420304322804499,0.0408127744440723,0.0262241207196307,0.0318977027771648,0.021685379054365,0.0425986270369254,0.0418030992403015,0.0227192472169269,0.0301778953707599,0.0203510793368976,0.0399293339666615,0.0392018700698147,0.0230255733977965,0.029130251826507,0.0189260911561959,0.0394957217537727,0.0381327327831543,0.0278250266154042,0.0333378494940851,0.0231135794709443,0.0418685016929434,0.0394122348539728,0.0229395053116107,0.0295693493826611,0.0187944313022046,0.0403112947787227,0.0389292655673909
frank,200,180,2.37192951891445,0.25,16.4331210543424,18.2834498101172,12.9982703340313,18.7259969513112,21.5958792985204,9.17266912857149,10.0933946894476,7.46414830906677,10.3136888170503,11.7414677797611,15.674654578098,18.6404268581251,13.3781189728847,18.7202471555959,21.6384773836649,0.0459599199850519,0.0348073181645526,0.020978118446051,0.0272305382153062,0.0444167765820249,0.0424530908538416,0.0456017240913367,0.0325528010129432,0.0466767918719274,0.0531042570676358,0.0406453849504203,0.0479666476016396,0.0349162544553082,0.0493241256068476,0.0563534029885865,0.0399499676409237,0.0438538916796792,0.0305513060800402,0.0442421756723252,0.0513558954094096,0.0435986181994708,0.0476825096996218,0.0338901233906917,0.0484426823736199,0.0560519923176193,0.0451205967905354,0.0351092394828755,0.0227094320492164,0.0366996883288832,0.042558793896155,0.041122823461537,0.0460713927994759,0.032864177591473,0.0466957636833751,0.0539775847198289
frank,200,181,2.37192951891445,0.25,37.784738718346,43.8834814596036,32.0612331394533,51.7446695720205,49.8054876483031,19.7962245442298,22.8296500652176,16.9484365546695,26.7406160761176,25.776048511465,34.24095318976,44.2061226082892,32.7730116733688,51.6056714759058,49.0712788493914,0.0953870466057312,0.114360106556149,0.0839611006691328,0.134329684126497,0.129403017046253,0.0837214834186678,0.103798877070717,0.0759201439712441,0.120985139815105,0.114248437078831,0.0885775443893498,0.106407077845462,0.0767174980536143,0.125302565219351,0.119745817197713,0.091131999657043,0.107750168106084,0.0778448012556794,0.127483550622068,0.12178239723556,0.0942690226866008,0.113075108268359,0.082818443175467,0.132687942841909,0.127009021673774,0.0994341782332785,0.11370992961649,0.083973895657562,0.132662588171544,0.125666305498503,0.0934847957506143,0.109159108682971,0.0785021122933961,0.129178360030461,0.123689831172331
frank,200,182,2.37192951891445,0.25,21.2958532630075,21.3735729116535,13.2050202907311,30.1008362686402,23.9957037969152,11.5927696631804,11.6314198017127,7.56787493253059,15.9729712292476,12.9363811975511,19.004770062298,21.3301424364665,13.3590057708794,29.9343071160052,22.9539804216819,0.0543097716993761,0.0568479784974691,0.0340962919768604,0.0798724554682452,0.0631285003047515,0.0494850355148301,0.0530997000992365,0.0343519959505377,0.0702139609435192,0.0547613545270339,0.0550923378758874,0.0535138804785477,0.0313260830151659,0.0750437554973012,0.0597024260985682,0.0511082693580564,0.0518809574379067,0.0314468021400982,0.0742116939915439,0.0575502061777427,0.0499944453469219,0.0504007259642118,0.0288373666812658,0.0731503057311453,0.0568223315366278,0.0574463859621093,0.0578484968908824,0.036819594687163,0.0786417969942613,0.0644491464745977,0.0526267048352267,0.053477703290986,0.0326182755812984,0.0752901583826053,0.0588520890701868
frank,200,183,2.37192951891445,0.25,21.5957861094715,25.488056505876,17.6997350057204,32.1611202465214,27.1901497165273,11.7428236276155,13.678173603316,9.80357879937126,16.9981614053895,14.5254847868225,18.3809242012978,25.3558129760657,18.0084626797841,31.8290747112551,25.8960241865409,0.0586509444021028,0.0687145977999645,0.0490108101515948,0.0852323008800625,0.0708595346477265,0.0464435439860291,0.0620387421555449,0.0439358510481984,0.0757878033801701,0.0614717303042764,0.0475878648122226,0.0633145808325366,0.0437676829925494,0.0791275909635245,0.0660368615282494,0.0514193562246991,0.0635683794396685,0.0436080284246863,0.0804707497691967,0.0672246742806269,0.0536021271472367,0.0641220006581678,0.0443885933311128,0.0806775613036114,0.0666604281346571,0.0516656727705722,0.0518658809962641,0.0359452494120027,0.0690840711344974,0.057232676331709,0.05069792902442,0.0631696193860055,0.043332445768896,0.079604280432624,0.0663463502602749
frank,200,184,2.37192951891445,0.25,25.9784601431346,19.3467485757594,10.0892363724223,28.6809796464615,27.6976638215546,13.922027702177,10.6224976637067,6.01712003247673,15.2662059566797,14.7773099559949,23.7111778069799,19.7631015280666,10.6196856318607,28.7636403521241,27.3681051930117,0.0698366727591877,0.0440025118785799,0.0166602041317637,0.0740440522228398,0.0735090577727046,0.0591363574667813,0.0478425424949015,0.0256765881271875,0.0642556981057588,0.0679434532916307,0.0654600885280257,0.0506296184887192,0.0279541562676955,0.0726634032147254,0.0709943156615728,0.0653718526632688,0.047997938788689,0.0239838000834865,0.0726269666783729,0.0695829315217832,0.066625852832217,0.0487980696248417,0.0248164704819653,0.0725853472847329,0.0694118626751275,0.0697244368805702,0.0289654628275253,-0.00306263721322113,0.0603712192843998,0.0641128798807561,0.0644718422135899,0.0493465885978995,0.026353043601948,0.0720727023751938,0.0692550295392374
frank,200,185,2.37192951891445,0.25,12.2237157163316,15.6669792156962,10.743836362328,20.027422004205,18.6735669491512,7.07870664900296,8.79190429481437,6.3430282410001,10.9611793179091,10.2875440843237,11.1101054621253,15.8184830746963,11.044898462652,19.9978793003479,18.5785353790537,0.0354878908600568,0.036297126717708,0.0219304126263201,0.053811306750907,0.0494639692504002,0.0286703043922029,0.0380276306253818,0.0278230852056155,0.0441436774408252,0.0455848212454364,0.0328890221849872,0.038313815002345,0.0248924347367147,0.0473081474897494,0.0458521971676509,0.0308730889210651,0.0397181419042934,0.0271089344358393,0.0503726211924219,0.047127104269566,0.0298793092988868,0.0376700354280054,0.0245177969463772,0.048028003896451,0.0452098445086213,0.0169849048850093,0.0307062784903806,0.0223915121625039,0.0392757368331545,0.0368414338816259,0.0306697021351665,0.0393820914070652,0.0265495896647258,0.0502548275445916,0.0466656352492445
frank,200,186,2.37192951891445,0.25,26.8223077600445,28.6535144564548,19.9476332438886,32.8230267618241,33.2176245447985,14.3414545229154,15.2528727102707,10.9221269496252,17.3270626978495,17.5234380090543,25.4801108475261,29.027943432964,20.2818181778712,32.7359974750703,33.3555695099135,0.0640319333356736,0.0736512280654045,0.0543029812515047,0.0764254262568023,0.0790753661310011,0.0677480884953196,0.0692434943617379,0.0458855468383333,0.0792460030580093,0.0810734992583878,0.0658868783603022,0.0678177915040727,0.0453812005160669,0.0796032303733571,0.0803279801418495,0.0668599111054772,0.0707022461441525,0.0483948139138348,0.0810682385317519,0.0824065652078425,0.0692314399722277,0.0741188353665504,0.0510773838970234,0.0847071718861504,0.085792316482648,0.0713318040681542,0.0765778643780664,0.0546339731477867,0.0870360084848686,0.087557418465347,0.0672653185851083,0.0709760435349262,0.0485391900717941,0.0816239859980865,0.0825251594431365
frank,200,187,2.37192951891445,0.25,20.1543685503373,35.1141301794896,29.3717265651929,37.5807230101406,32.7397222015686,11.0254092622161,18.4671172678712,15.6105434619532,19.6942090725355,17.2863238211885,17.9677417171022,35.0841127662293,29.8067483276797,37.3447073518689,31.6762031879802,0.0547115114694852,0.0835692604706485,0.0581264911223978,0.091702784916416,0.0835878102882727,0.0465255564188581,0.0812128308069805,0.0671884161160283,0.088115929575007,0.0717695637211332,0.0486564498319797,0.0906021038041888,0.0752623180021039,0.0971028508537163,0.0830631276891892,0.0457258175464808,0.0859623996385714,0.0717068189875628,0.091853398315899,0.0788971909039242,0.0492107522149505,0.0867916816366204,0.0703138010706784,0.0945691771032244,0.08217672184214,0.0382781231415318,0.0927745758608929,0.0779117359852027,0.0988936525544866,0.0856543274386777,0.0490294849658573,0.088021930508236,0.0729293212537181,0.094178255967602,0.0810793812864209
frank,200,188,2.37192951891445,0.25,19.4638475243266,22.2448260620693,15.5241335418796,26.2008078439932,27.4327858010357,10.6810506096921,12.0640220811689,8.72061708072157,14.0323224704901,14.645162832484,17.4554158970794,22.5603912588115,16.1294075028804,26.2430767614911,27.1469207530435,0.0508296618601684,0.0544784148144028,0.0345798350854914,0.0702420062613201,0.0692264949544906,0.0405368304435868,0.0506704806817099,0.0345580703956006,0.0585896291612926,0.0615445641073934,0.0508052962621431,0.0566338130006567,0.0383883771443561,0.0685224996640386,0.0712277507966632,0.0478303216058738,0.0551388155017637,0.0384297399354828,0.0649772730008786,0.068238767534301,0.047018814752008,0.057094299184991,0.0390009012228559,0.066169866753435,0.0691909933025156,0.051645385578394,0.0586317306616829,0.0414874382469269,0.0702842099375609,0.0723494167032007,0.046466242247345,0.055636091621522,0.0385288235014893,0.0650703599743421,0.0681675993209195
frank,200,189,2.37192951891445,0.25,31.7531795065023,32.7964621470844,21.2489272325582,48.4841084412044,38.4488230789742,16.7959401619918,17.3141885807011,11.5695910669268,25.118749033335,20.1268047974615,27.8926319103935,32.9019154343874,21.9965684687656,48.2005666108991,37.1091913459367,0.0781936242138671,0.0633327395704124,0.0326761880388732,0.0994931289759686,0.0831350264562977,0.0582536606436511,0.0737731449087941,0.0449696129340036,0.111451688582193,0.0855216570176013,0.0811198108683025,0.0821743268775437,0.0517158686582776,0.122798549663731,0.0963721156918725,0.0757102545116973,0.0796314674998787,0.0499325183082864,0.119225925911418,0.0925560931500487,0.0762373235557699,0.0830750694317335,0.0542285741605541,0.120546941884819,0.0951047942228077,0.0813612644981299,0.0834838027252682,0.0555736776725754,0.119324466402745,0.100297880856238,0.0744673707899166,0.0805827607827696,0.0517926196167113,0.119830793649316,0.0917984158672289
frank,200,190,2.37192951891445,0.25,16.0632634306053,19.8281078244149,13.4700629050689,26.7998137586713,22.0989555504413,8.98900716754808,10.8622951954774,7.69952728592892,14.3306448405805,11.9922222401622,14.4127708569102,19.9250924291733,13.9142156076329,26.6330893024568,21.5763072293688,0.0411943946084174,0.0351140015183047,0.0122474861667396,0.0623939887263617,0.0409261180190138,0.0383653307010457,0.0473550146431655,0.0326414736851772,0.0609060488176358,0.0514061915601476,0.0424937950912654,0.050578033985791,0.0326899951626668,0.0694431332360595,0.0572032403212006,0.0399821595494229,0.0472201318572271,0.0290041458646199,0.0667752453691576,0.0525794745707889,0.0402972473233379,0.0475313458588787,0.0303514209630009,0.065178137340716,0.0538621322287061,0.0231441619375098,0.0526142042977959,0.0386280856262669,0.0656772850191363,0.0487029002694206,0.0403277685244781,0.0489483707024052,0.0320741807952806,0.066748835282557,0.0546678756100353
frank,200,191,2.37192951891445,0.25,12.0514411599823,17.0575656221579,13.4026996150131,15.8662203641084,18.1063559187694,6.99346117329862,9.48368296518161,7.66567371721546,8.89088999582956,10.0055269961194,10.827211917404,17.161068678509,13.6157752034337,15.8558968859514,17.8126653330475,0.0351194123550767,0.0469259840152106,0.0370727597525219,0.0385930324655234,0.0493840349051683,0.0270033279110316,0.0425689658177446,0.0355703008697434,0.0373238803430956,0.0443032042040561,0.0235272500262175,0.036746128584393,0.0262843639293385,0.0354221251760794,0.0380285907692894,0.0311062464659609,0.0422243009517445,0.0323532904454727,0.0405469248460853,0.0456503889080897,0.0302191863799482,0.0409608070656318,0.0298985734936337,0.038005575456124,0.0440769990799419,0.029531349584533,0.044457981335787,0.0367348601620666,0.0376304252680068,0.0465131045386751,0.0297908152488047,0.0421457107645885,0.0319562039641278,0.0397978626562268,0.045108524878077
frank,200,192,2.37192951891445,0.25,23.3592733694726,34.7142254740917,27.620835164678,34.6690132422695,35.64329866428,12.6191056841089,18.2677786239215,14.7389677678351,18.2455429367522,18.7301708887455,20.93150469981,34.7678473459305,28.1002865641752,34.4920287280325,34.9475478079806,0.0560041303631477,0.0911938637897394,0.0738518059050456,0.0904655328635922,0.0933867675472055,0.0626202281777135,0.0905754250771818,0.0714409100561145,0.0906956656226812,0.093541859411972,0.0595604887275821,0.0850981309981917,0.064802479313359,0.0865428085296453,0.0892567438050979,0.0554198605208247,0.0869131010578846,0.0695636361677643,0.0850004706033803,0.087886938937219,0.055535851358894,0.0859509174423457,0.0688529103844239,0.084685901894018,0.0881233844776356,0.0633298569458703,0.0910738232287357,0.070369699440675,0.0914480801076791,0.0923266640461377,0.0576358110047084,0.086730799439632,0.0683640234878243,0.0865133529187596,0.0890249719598331
frank,200,193,2.37192951891445,0.25,13.9251517516559,9.04261013998236,3.97653907510769,13.7319938499035,15.3924680480657,7.92520736102871,5.49619718732451,2.97625116834004,7.82884899960017,8.65489479031459,13.1870467137712,9.47534167622365,4.27895542145066,13.9452305531142,15.8912703313001,0.0352965615303964,0.0276064632934193,0.013819955815081,0.0360736673134376,0.0428603161599752,0.0313084789519114,0.0176743559284088,0.00480752944471828,0.0276098901473342,0.031075629161115,0.0326559958535895,0.0199736986258543,0.00455053177622839,0.0336690618879622,0.0378671205546938,0.0349743507326353,0.0224905828321105,0.00876114429258876,0.0356426307027343,0.0393683627679833,0.0326635563991636,0.0210199209629214,0.00893500911389782,0.0342103068737475,0.0376322990584187,0.0398079878138981,0.0154859424328077,-0.00541879468774987,0.0334430661720737,0.0352066238824189,0.0352870531751327,0.0221752223037411,0.00817909911540835,0.0350250151843463,0.038963419784328
frank,200,194,2.37192951891445,0.25,15.9834346647797,14.410665559694,9.06724108338303,17.3113782806021,19.2540891590959,8.94981473017198,8.16659601940026,5.5081383204707,9.60990833105378,10.5764961404609,16.1565189398602,15.1033649288117,9.65892027720039,17.3044939072809,19.7633230562687,0.0128950459352907,0.0330355702859166,0.0271041271407071,0.0220257988801291,0.0345371527412694,0.0415571267648955,0.0377199588005714,0.0238067483083997,0.0424379061569897,0.0482987962834088,0.0334558080213151,0.0368579598645893,0.0247513226222503,0.0431533382972991,0.0461645497639336,0.0383396063209728,0.0366950830127236,0.023383771917447,0.0424453412179006,0.0476520660651426,0.0358775088741052,0.0358902190842403,0.0210459209763659,0.0428952993666467,0.0481222765662253,0.0346123314390123,0.0388802761441881,0.0182875846965146,0.0471959915775048,0.0531290273829798,0.0392149706131524,0.0366971060767981,0.023529080297011,0.0438457509870347,0.0483510402180221
frank,200,195,2.37192951891445,0.25,5.10630621085728,20.9256018731227,20.4875684674178,18.5004274883321,14.3283999860438,3.53950310610984,11.4082166666001,11.1901217917009,10.2019821828772,8.1275707027294,3.13221127951856,20.6565706582311,21.0529070908316,18.0923401988463,12.3461226026284,0.016100031163651,0.0536336681569354,0.0464772571198568,0.0512326877104412,0.0406304740717103,0.0156257471778188,0.0557395719249999,0.0541919526570059,0.0494165689246431,0.0381087534241512,0.00754301072735386,0.0506966131200051,0.0495816856167868,0.0452650718839721,0.0323642024102616,0.00721842092036391,0.0493557828471883,0.049197599856026,0.0422089815318347,0.030013084880529,0.0077000946499933,0.0506344701490503,0.0499802412536945,0.0434753525893322,0.0311440511030394,0.0125534637943444,0.0463282136733583,0.0409935383258332,0.0475148327198039,0.0271924218392225,0.00904547115260234,0.0516055418810173,0.0510347550150039,0.0444387631378823,0.0321213266279654
frank,200,196,2.37192951891445,0.25,19.1670102231797,42.7092675567678,39.4138887253613,38.5597397126854,41.6400603927572,10.5333227130041,22.2448040745261,20.6055386120626,20.1807631267646,21.713281086004,16.8758775113977,42.8954646086223,40.2771104211845,38.6346059505915,40.6391654116738,0.0524577114156734,0.109956804772968,0.102045061272629,0.0974871510318057,0.105488065956116,0.0407426655942217,0.10417901814672,0.0960444836667953,0.088981551645837,0.0987919035462299,0.0460950347245733,0.109948448245575,0.100971707471225,0.0988516367207969,0.106913675657511,0.0483252237831152,0.108488239019432,0.0999855837994552,0.0975206488943133,0.105265478975759,0.0425563061566301,0.10432037732927,0.094690317476033,0.0956631348790259,0.101536075194801,0.0528713968512,0.106331523697733,0.094112022820115,0.099351832873749,0.1064688858077,0.047922460863819,0.107834550010477,0.0992119358927828,0.096439590885431,0.1044745933731
frank,200,197,2.37192951891445,0.25,18.9249607666469,22.7426489694301,14.8186153998949,34.7904193244346,28.0400024880087,10.4127942438276,12.3119271526699,8.37018020519109,18.3054890859126,14.9477991659989,16.8265223409921,23.0628530197048,15.4289144596321,35.0035648711697,27.3914090469969,0.0450364960023424,0.0569143622623191,0.0378305569037566,0.0888351008746568,0.0618748804875565,0.0507290990348632,0.0566283088387799,0.0352904552980654,0.0892757031325585,0.0682255309603022,0.0465393194907861,0.0573552788464362,0.0374132084101212,0.0870857005108581,0.0671662831605592,0.0471106976910669,0.0569526793501078,0.0366063724721815,0.0870897521161832,0.0696890817469078,0.046680449372502,0.0545118496821007,0.0327491803506232,0.0855965932719825,0.0669201218553847,0.0487935059382579,0.0470718175569718,0.0278697384917073,0.0781651506233319,0.0620593672817759,0.0473599259928207,0.056778810487358,0.0356348722876635,0.0876227804113272,0.0694775381216648
frank,200,198,2.37192951891445,0.25,9.29796091246521,24.6747727765217,22.3926498528217,23.0411074912697,22.4064624755306,5.62310300864867,13.2731251975288,12.1382779179911,12.4602342742647,12.1446523138169,8.12147761664776,24.5695225705143,22.5991417822776,23.1882266109492,21.8221158318136,0.0195334044160037,0.0548697826188832,0.0527075664787486,0.0457986520318772,0.0433332314912647,0.0206305921038068,0.0619455258815278,0.0550028090693241,0.0579034257700894,0.0552141920097641,0.0226018612060567,0.0627956075913634,0.0563217901974283,0.0576503823244117,0.0570280914421071,0.0239423246256128,0.0621534333806199,0.0554086442347409,0.0578847615433132,0.056500520560453,0.0251717673186837,0.0630130868882864,0.055520600539304,0.059755849867308,0.0573499713146915,0.0029944379552335,0.0486192708586815,0.0507529573351958,0.0361171826693603,0.0334839712916032,0.0226734804314011,0.0614674206222496,0.0546563278463392,0.0578574960159445,0.0555896556730011
frank,200,199,2.37192951891445,0.25,15.5414845080919,12.7906079253792,6.52225131676666,21.3410605185541,17.8538194525235,8.73069257716716,7.36101754997963,4.24270035481922,11.614827889028,9.88012719925406,12.9139019270074,12.9397691009304,7.02106744802741,21.2511191353099,17.1963927607472,0.0438454084516134,0.0365491706768948,0.0212957893731797,0.0531574605045852,0.0467051060437072,0.0388461293442697,0.0248741444256221,-0.000724315395595863,0.0543081368910454,0.0433071126032898,0.0295546842136669,0.0272322868084039,0.0124602889902108,0.0496475407283624,0.0364775688684543,0.0373943877356929,0.0321967088082296,0.016839422565653,0.0534476473133367,0.0445070269350473,0.0319290199908329,0.0281891188883983,0.0114514251529421,0.0498200562742672,0.0416183171304183,0.0371346025181321,0.0337583423104434,0.00920161780668078,0.0583474975170481,0.0494348835403855,0.0353832711617573,0.0304720861984533,0.0146411809376552,0.0520221570920335,0.0421177339079076
frank,200,200,2.37192951891445,0.25,13.8827545865996,5.01488872983801,-0.361845087106883,16.9740697416863,13.0529923807188,7.90441911288733,3.4925125273353,0.818084414224675,9.44188531814448,7.49127456927318,12.4487811399421,5.43983551414337,-0.157340355071172,17.1897129382279,13.2876359336429,0.0312932134507548,0.0145357422869935,-0.000237596389209375,0.0449742903539311,0.0376234084358106,0.0371384679519329,0.00726835892752351,-0.00918635988613028,0.0398482295501656,0.0305033823529474,0.0295284208768645,0.00448893406188075,-0.009478198241654,0.0360748026780552,0.0261200854683203,0.0346219812753106,0.0131780122906874,-0.0018494433867123,0.0439300498745347,0.0340370976859354,0.0300861086284712,0.0113326551404641,-0.00307424102079283,0.0404414768724255,0.0302711672534412,0.0377795210129201,0.0167061982726694,0.00125818707577733,0.0441338147996064,0.0375981749892206,0.0347300403243085,0.0124562353422034,-0.00207141548422375,0.043293077623628,0.0331442792338256
frank,200,201,2.37192951891445,0.25,27.3940272820987,24.8006368331814,14.4996719267956,37.1677831943626,33.6013502432406,14.6262003780642,13.3356960357105,8.21129209763308,19.4883001275277,17.7143270491746,24.8426873848476,25.2176070502642,15.1298524318478,37.3467511023714,33.0952777716382,0.0718740487572726,0.0318663423651949,0.00370017052288937,0.06639814813961,0.073065531354247,0.0685691284793546,0.0580195133049389,0.0306621552242705,0.0923636339323519,0.0832160781591162,0.0654210569944721,0.0577628947621007,0.0317423824537836,0.0894564947853933,0.0805045274367877,0.0679027466195795,0.06025111740819,0.0339810147271602,0.0915409629270756,0.0815219860542795,0.0714930042430368,0.0615363146112915,0.0339346558556065,0.0947913493377091,0.0858698282248662,0.0662312714422777,0.0648209736199422,0.0401883359100894,0.0962869169951521,0.0833855815527326,0.0683358130055291,0.0626685264260873,0.0363176702034221,0.0937226112757127,0.0840244014138992
frank,200,202,2.37192951891445,0.25,12.8755922737685,12.6715506146916,7.46938173832815,17.2407190386451,16.8605196455357,7.40302381046728,7.30164737256448,4.71390477839431,9.57476458722543,9.38542101749052,11.7000642449634,12.8548101943966,7.7083154944026,17.2608853964934,16.8279788037758,0.0226737843812871,0.035125480714945,0.0233954876123028,0.0426158690560983,0.0430228091468042,0.0322603342522028,0.0341426099325265,0.0205401029592391,0.0454956766808744,0.0447623452699217,0.0335451142551728,0.0331061917955656,0.0198539630799286,0.0428033633877794,0.0433213261390828,0.0329785693744014,0.0309991638060032,0.0171546610608283,0.0430003629755749,0.0422004741602554,0.0319307253376032,0.0307386012095794,0.0176279006494905,0.0430154444342114,0.041045427762908,0.0368091155511502,0.0364712160044469,0.0228973378705916,0.0471772829946016,0.0465875402507462,0.0320149531785919,0.0313513136357802,0.0176786703567759,0.0431684289817464,0.0424589397125838
frank,200,203,2.37192951891445,0.25,33.5322585276214,33.5512310251049,23.3155866583124,39.1585163881567,40.3833023939006,17.6807523088832,17.6892154966236,12.5972783791151,20.4786137909869,21.0883367896943,31.9434777889927,34.2742268669469,23.9691343111259,39.3209482825193,40.4568910394063,0.0659939627927151,0.084092249298054,0.059578781287147,0.102762005425005,0.0975924135785265,0.0875237330349451,0.0876755040922909,0.0606206028251725,0.1025664157811,0.105120464892947,0.0806143807558203,0.0818671336510538,0.0567712490411904,0.0973941482411196,0.0979491055582157,0.0820040412277417,0.08381357483134,0.0575329299791574,0.0980326941497467,0.100766222277602,0.0814664850619785,0.0803462448762216,0.0542390661374179,0.0951786981092339,0.0982815534837444,0.088754186613249,0.0885626162590235,0.0630111113472803,0.101127682950087,0.105029696726457,0.0824382215434925,0.0836789217168615,0.0572836476305434,0.0981575449315329,0.100504287245242
frank,200,204,2.37192951891445,0.25,18.1049369287447,15.2170660757116,8.35683979236252,22.5162946267485,20.7628083188547,10.0047142504113,8.56826671675792,5.15575089146929,12.1992984486264,11.3271068251581,17.1779060950835,15.6332143049482,8.69475629081725,22.5908774144502,21.0872824310641,0.0496325796250557,0.0386610415013109,0.0201876733215451,0.0573876168630776,0.0550988684502987,0.039601821840287,0.0238208617332142,0.00598105091887167,0.0413333296917024,0.0393856589489514,0.0470471975105661,0.0351093786524455,0.0162870861641312,0.0557943482499367,0.0507708851547949,0.0455651024129643,0.0373009856185562,0.0186262074349712,0.0566378635856307,0.051866309139108,0.0461257385668713,0.0378699088470318,0.0179023191698701,0.0569102292281595,0.0530903545527579,0.0376993965137274,0.0395630767547799,0.0255547661808696,0.0509610321239326,0.0495831172704824,0.0457192920717356,0.0373120782926199,0.0188846590882338,0.0569187768338685,0.0520105529550937
frank,200,205,2.37192951891445,0.25,20.381829530198,21.8683627996278,13.5092820247722,34.2513942689429,31.2560562285284,11.1372668284636,11.8764869940922,7.71812543026979,18.037153771514,16.5471945339545,18.6390389431091,22.6359479364361,14.5674423428525,34.5689008704673,31.1979327741737,0.0485305453342288,0.0440438453283223,0.0170250279082014,0.0892284705555325,0.0733570696915954,0.0485208165161125,0.0553106942434058,0.0358374600932649,0.0858319284736702,0.0804397229133437,0.0499067945704562,0.054905346786975,0.0336811642621717,0.0859825463213403,0.077050626575922,0.0522810589348909,0.0554850414095972,0.0337308129897263,0.0866780016972058,0.0791710257897839,0.0540539807853838,0.0556721411705289,0.0333830764764789,0.0876811122773433,0.0794083046919052,0.0479286151689138,0.0261338310709594,-0.00362718862438233,0.0802952700797109,0.0543099876265053,0.0508687166793628,0.0554462379251407,0.0341965438457753,0.0861120123619521,0.0783044064900636
frank,200,206,2.37192951891445,0.25,2.48615486952502,3.51395617152416,1.40069325537981,7.24992452091161,4.51263024856276,2.23447243892505,2.7460608016775,1.69507332879189,4.60448415701762,3.24274959827801,2.06757418687908,3.4927554616922,1.44773064032341,7.16071818803726,4.37126949655915,0.0071226529109068,0.0129814384478204,0.00800463143699998,0.0222852841723338,0.0149562002065767,0.00229100864200089,0.00152382133266091,-0.00329337887762333,0.0122581807409784,0.00695619930795337,0.0078705394934926,0.00832594800377922,0.00142458773084304,0.0189587724261265,0.012289432281444,0.00576718196327508,0.00762590775171481,0.00206162496798686,0.0167048652851106,0.0104170701593027,0.0054404684910384,0.0112795687613796,0.00454438829980107,0.0201990365636001,0.0130862086295067,-0.0144242717258272,-0.0476933965660406,-0.0543284145088222,-0.0157790070709224,-0.0333052504676152,0.00659447937374762,0.00796633967116051,0.00154812744479857,0.0181745654315559,0.0111536651992538
frank,200,207,2.37192951891445,0.25,24.302072591627,16.2492335710417,7.73732889414865,24.4243223174076,23.3919115962398,13.0876501399896,9.08174266706811,4.84734979359465,13.1485685495496,12.6355634738724,22.6464819076852,16.621389327915,8.07845710792979,24.452221593604,23.3341673306635,0.0628845868738347,0.0241375616937006,0.00470009589794902,0.0491230384577618,0.0484598792497191,0.0630273470625706,0.0390250578720638,0.0115852406376514,0.0639364865568022,0.0597560271993005,0.0627873990624089,0.0398582698135244,0.0145190340228505,0.060840461111162,0.0590702572099504,0.0613342879001388,0.0386980592227608,0.0170634132287348,0.0608940804157521,0.056094586690058,0.0598134935292242,0.0360437373548274,0.0132236193860137,0.0592614080147167,0.0537949721050369,0.0655992374622443,0.0424663082744971,0.0229076334551074,0.0639855978798868,0.0551492832715079,0.0605566984689594,0.0397217278952945,0.017846318698466,0.060515607214247,0.0569519158118539
frank,200,208,2.37192951891445,0.25,14.2570281163669,21.0477463231634,15.9813542064918,24.6157113481632,20.0386860536313,8.09143380889992,11.4693407025804,8.9491752315891,13.2441288622675,10.9675623094656,11.8383476992118,20.6692557020782,15.9634531230188,24.3760899346687,18.8897122791959,0.0371751525614509,0.0572087377131023,0.0416732952759032,0.0660518401638802,0.0549905645335353,0.0380612965409968,0.0527266075959669,0.0398406490212631,0.0621759522324831,0.0500536316025609,0.0345445350055476,0.0476698610429643,0.0338465444455685,0.0574948435751888,0.0466789526903108,0.029100304139588,0.0489792326429583,0.0362129452755384,0.058176951782762,0.0453616731977719,0.0283379534724373,0.0456287776220828,0.0336695288302195,0.0553791257897145,0.0415127451439903,0.0316065679497382,0.0557612511698666,0.0444950223767492,0.0637531712727848,0.0477191573096169,0.0342586379597633,0.0515126668327648,0.0376735978042447,0.0613844745448713,0.0489465490147905
frank,200,209,2.37192951891445,0.25,22.5661955434579,16.4679224240996,8.35186389289649,24.7192537627409,23.526819069852,12.224297561351,9.19052822128284,5.15314947715422,13.2954177937772,12.7022367214294,20.6680305189328,16.7666236638121,8.7092473121518,24.6795696516968,23.4428199569449,0.0613518218901592,0.0458818658429916,0.0254378442764148,0.0579367919399396,0.0638125890162695,0.056674265850936,0.043577723984698,0.0222027013921585,0.0656897478641501,0.06252066630523,0.0586030648305757,0.0419658997528505,0.0212605112600403,0.0622598520821167,0.0597284239230976,0.0541805146737519,0.0386851204735093,0.0177383826017864,0.060292099460957,0.0567205689953612,0.0547333285105793,0.0417202226183216,0.0209897288420172,0.0621164898621822,0.0586952527112393,0.0494729914435285,0.0460865373326755,0.0257670707397122,0.066600428410673,0.0609523592986089,0.0562288173522252,0.0417113494311252,0.0212291972801995,0.0622469686399899,0.0590609614056443
frank,200,210,2.37192951891445,0.25,18.1031965859638,31.1199845964359,25.4763893349987,34.6715500504179,28.7614106454461,10.0042809470747,16.4801244246372,13.6728419464032,18.2468207935614,15.3075425805164,15.8197083131496,30.9203215771763,25.8319665133329,34.4875275965658,27.2637398160098,0.0458967082708925,0.0623159540552451,0.0436243363987639,0.0769587966105415,0.051263685833353,0.0462743912190571,0.0735690287402034,0.0585040142829711,0.0836256608541542,0.0703123559102831,0.0446716095611432,0.0780325781965632,0.0626547207919885,0.0885594059643313,0.0689953715438714,0.0459172314456212,0.0743439035695559,0.0585189725532087,0.0849681672686503,0.0666409703535389,0.0455610380156245,0.0776285987027436,0.0633039479656771,0.0854861284933651,0.0702704398742557,0.033093144690562,0.0827579511317222,0.0672023126089131,0.0911125296976314,0.0647089074943689,0.0441661822466978,0.0766294570496888,0.0615482221699511,0.0859787254451152,0.0692759916098617
frank,200,211,2.37192951891445,0.25,23.8394436510036,33.9235085074711,27.8222483508709,30.4972464618504,35.2359706137898,12.8574777320584,17.8743748908879,14.839280745988,16.1697801411235,18.5275273864476,22.803477485512,34.339656886085,28.2541867648193,30.5147330714345,35.194617940583,0.0607593496896097,0.0881281185496752,0.0739239348747912,0.0711114889529527,0.0873312166344,0.0613805358016937,0.0870821321307502,0.0727688170591361,0.0777125633448603,0.0899601588670738,0.0593305099227922,0.0865834736652822,0.0714373164308653,0.0761876610785134,0.0890231878983188,0.0590974683719601,0.0856087637644998,0.0699211064575368,0.076911281078023,0.0877900335729282,0.061079102598986,0.0853478093566177,0.06987096698706,0.0767572953510624,0.087737809258081,0.0628364296473313,0.0687037877630083,0.0517233093852373,0.0570640981987985,0.065189092016026,0.0610488474255131,0.0845374056212295,0.068128702045733,0.0770376170402949,0.0878015770133879
frank,200,212,2.37192951891445,0.25,32.5686076074666,29.072779240185,17.2280641274358,40.9175371716431,37.6074907664668,17.2001965354105,15.4613815138583,9.56889536477497,21.3542441004392,19.7074415985273,30.2573401580763,29.512189342739,17.8400472574415,40.7533296712983,37.5417203294499,0.0813873849707599,0.0734618257214461,0.0448678049906424,0.105178006739008,0.0894458907210651,0.0839369238371472,0.0739380161573099,0.0408583391306773,0.104851964088242,0.0960951267255591,0.0842464545073042,0.0733653507243772,0.0419647526306106,0.105176721598053,0.0958961314470963,0.081638465260919,0.0716841523865765,0.0416746509271341,0.1023141120326,0.0934064114266313,0.0809226692221032,0.0701296350684877,0.0406146577619094,0.0977584950313684,0.0919362352445558,0.0831685932741285,0.0678095846449616,0.0358772861318522,0.0971976659325751,0.0839526842512442,0.0814813684929526,0.0718788800792687,0.0418624901950893,0.101054473749298,0.092947864570445
frank,200,213,2.37192951891445,0.25,18.9321475600227,18.9446213893211,12.0096493737584,25.9652482655153,24.9592987980299,10.416423771741,10.422399641989,6.97258278323563,13.9150502531931,13.4147663767546,17.8136558251503,19.4665453846224,12.6227034520853,26.0911047625856,24.9500958674803,0.0521213332821395,0.0493177368154802,0.0292619993349647,0.0680733812450722,0.0668641716379242,0.0494242836908286,0.0504580639696246,0.0325091920663411,0.0674074428401813,0.06429633849492,0.0486956323816424,0.0516395230436238,0.0339553120238802,0.066875633950628,0.0653093556678701,0.0461361665465254,0.0465162659759627,0.0290433727188804,0.0631316457923608,0.0614080463535736,0.0474396467372013,0.0477528575573717,0.0283920529701539,0.0656972740090148,0.0623577930075428,0.04690739081466,0.0320648581415613,-0.00365062233500441,0.0627081578503459,0.0515903180320605,0.0470210094588466,0.0461332699924584,0.0277585553030768,0.0648310029247074,0.0615795605972864
frank,200,214,2.37192951891445,0.25,18.9290178501208,26.9955388346222,20.2890384963632,34.1398199911845,29.6261854875534,10.4154096342619,14.4278565117054,11.0916101129235,17.9823220841345,15.7368305849344,16.5146351679438,27.1199364658667,20.9904167256495,33.9422754331904,28.8298198591873,0.0523163200831768,0.0664172427172488,0.046819540327017,0.0900224319713338,0.0770760635241635,0.0468487388770519,0.0688053635479437,0.0538131127403301,0.0855249306848462,0.0712391301820191,0.0458108673842442,0.0627911211168902,0.0458732361659896,0.0798701823127952,0.0688961949575548,0.046428040512158,0.0679034884866372,0.0505922278753759,0.0847191279736315,0.0738212591595201,0.0493394118781667,0.0681426545881179,0.0493209808433687,0.0875578867814587,0.0758127163997887,0.00277670959799392,0.0429115217558967,0.0369950354547049,0.0460269332411361,0.0355473320631937,0.0453042302860028,0.06624774009283,0.0489376480450119,0.0834003218912686,0.0722003786185092
frank,200,215,2.37192951891445,0.25,15.4283940293629,27.9673509355084,23.2953575556585,31.1474192843684,22.8229557267594,8.67371943297763,14.9122008394147,12.5883399664206,16.4938516315666,12.3538901376274,13.419323557211,27.5673381469871,23.3809841011291,30.7710292434928,21.1799196952378,0.0429853510672975,0.0692835760560335,0.0555725405727119,0.0797476738342688,0.0607120472855817,0.0281656086179374,0.066583786517538,0.0573871823939848,0.0717538805929732,0.0456860101936782,0.0326462416804531,0.0691084406542212,0.0588467134282151,0.0736245440291767,0.0521749046452222,0.0394460890009158,0.0699092928951086,0.0571913465476257,0.0784380072467563,0.0557316201666789,0.0381521062006664,0.0638004986395427,0.0496892016769191,0.0746057874186259,0.0508931295776346,0.0384789162770633,0.0745513891311267,0.0619374627961548,0.0807315456344111,0.0585645962483904,0.0377277404717944,0.068427685703693,0.0560127777498067,0.0769892021167568,0.0534767147981251
frank,200,216,2.37192951891445,0.25,26.1283034147194,9.93077673201806,2.32111141121001,17.4906608830083,20.1981297751727,13.9962268263526,5.93821149709482,2.15251143560806,9.69896044615053,11.0459439879983,26.0450176044936,10.6650477204617,2.68711661078025,17.6042591338649,21.2574361726893,0.0388739872158779,0.0274155153487314,0.0102645613846065,0.042596839409742,0.0431829708816724,0.0569695628707716,0.0234527752413592,0.00614291803047773,0.0405278864219211,0.0450603296778529,0.066867987728515,0.0272469958419454,0.00769681992392499,0.0466340824381825,0.0539752390933423,0.0655796411723762,0.0258120731513547,0.00603924428294388,0.0458884521106408,0.0520807831385006,0.0651551737915406,0.0233250324453225,0.00323881173039087,0.0431718691729243,0.0504851106953782,0.0405276181561544,0.0228536149189062,0.00829740694797767,0.0375404287087941,0.0396857011435469,0.0659586653763518,0.0245982168886306,0.00544896820368987,0.0443285425214151,0.0509570490824414
frank,200,217,2.37192951891445,0.25,35.4800822172892,47.6384005428076,37.2948376352094,51.2216093145357,52.1734093777598,18.6486621209018,24.6976574655146,19.5523831808142,26.4801607674543,26.9536084073975,32.8543930744709,47.904862147268,37.8177941990709,51.2322936627174,51.781664277272,0.0927538630535943,0.115827960424281,0.0862986329290898,0.128681164209804,0.131230588113432,0.0905040036134283,0.12212835413379,0.0924694626829791,0.131647943094076,0.134567552181899,0.0900061798227077,0.121564464958447,0.0949566884299755,0.129868138082396,0.13254042922186,0.0895165851898369,0.118676959500002,0.0917721156896659,0.128689041751708,0.131077377145057,0.0885311460538839,0.117390184413079,0.0908369442947743,0.127484038707392,0.128641209634474,0.0924014247071083,0.11592185235916,0.0838066248971015,0.131634394123173,0.128503836449418,0.0890668203625245,0.119025755863489,0.0916552790217419,0.128343851952703,0.130753207588852
frank,200,218,2.37192951891445,0.25,22.8814170191986,20.3540096104163,12.3676915310619,26.9299106751901,27.9697167792855,12.381317623062,11.1235739403179,7.15076714008971,14.3949587909248,14.9121535185122,20.9490252872116,20.7013131968045,12.7044399956773,27.0690173975836,27.9939907254096,0.0616091618075602,0.0558141225694306,0.0355946134739495,0.072319684247604,0.0748140835353626,0.0529182861304068,0.0509464133959159,0.031367347218877,0.0650141748848327,0.07004810694118,0.0566038902532304,0.0519259502061288,0.0320735811135687,0.068609366884299,0.0715614658201401,0.0543172915157794,0.051263956013067,0.0311379635940858,0.0679727829103406,0.0704522663048426,0.0542741224244394,0.0525353822254216,0.0333647689511547,0.0677576388720695,0.0708761409346163,0.0621335346977439,0.055714984974015,0.0357521901216393,0.0700223608905266,0.0749011610798277,0.0573409871210092,0.0515123235421158,0.0307925789445541,0.0679438092345784,0.0710253932985982
frank,200,219,2.37192951891445,0.25,11.1674963833092,20.7329351721999,17.3358490831209,20.3248329531228,19.3271566983088,6.55419084405747,11.3120981920938,9.62199000421017,11.1093318983694,10.6135454323109,9.29589729304475,20.7964154641106,17.9641132154167,20.1285572799963,18.3215678483447,0.0298342792187652,0.0567687490464871,0.0473491115839708,0.0558092665475769,0.0501775177801559,0.0256774864019727,0.0516486480779944,0.0433695502299061,0.0490979443127816,0.0479267729053195,0.0248601825939344,0.0515967948371159,0.0449047558918468,0.0469302205935291,0.0455558382619502,0.0267976489664059,0.0520297138095066,0.0432500856449368,0.0504052943334257,0.0472537941242897,0.0227777671090001,0.0512296978479665,0.0433466673403887,0.0476925859892046,0.0439923942001303,0.0282253619243457,0.0517164896043828,0.0433245224712239,0.0516935891870296,0.0518393352639231,0.0257167238485575,0.0516000391635005,0.043121782225074,0.0502975434755405,0.0468221577473946
frank,200,220,2.37192951891445,0.25,26.0036724294387,24.68896165479,14.8979069633462,36.061068318398,33.9312999870992,13.9345701328385,13.2800244140108,8.40931253683833,18.9376665716883,17.8781589742764,23.3841866998529,25.1187153733521,15.5172387763305,36.2394797511531,33.5242152733077,0.063156600268208,0.0534081795248168,0.0240785103297275,0.0835612297985351,0.0678572971909569,0.0613017449943904,0.0602954658443554,0.0359042343088419,0.0871962313460382,0.0816639613890295,0.0652091809758522,0.058911368558747,0.0322069463443249,0.0898851412391206,0.0835975305995723,0.0640225519151647,0.0624615597179218,0.0373456709503171,0.0907825263891296,0.0853538208286798,0.0648347376963171,0.0621817754403407,0.0359659481307802,0.0906796545279139,0.0853126054850638,0.0699904659673666,0.0660008327019435,0.041685881866737,0.0902011632764293,0.0895401477650405,0.0647994443185724,0.0622449752412184,0.0372387774624398,0.090239311191289,0.0852293995345542
frank,200,221,2.37192951891445,0.25,12.8863412376126,21.6631140133846,16.8592331449567,27.3524764102136,25.2682611360743,7.40832930950255,11.7745896712554,9.3849666725778,14.6052022284935,13.5682412531347,11.8322633742412,22.1469676528746,17.7076013362637,27.4621325609731,25.2155327729524,0.037210318556544,0.0546525607461441,0.043026954082994,0.0618258534884176,0.0629747877325991,0.0273559978144737,0.0546776466263351,0.0396263813943181,0.0685672734426239,0.0625015019059846,0.0349255066191506,0.0571065366863018,0.044017829074176,0.0717462633980257,0.0662238040507642,0.0340318667462215,0.0559456156488127,0.0433928372289902,0.0703029204186613,0.0650027998249538,0.031058107173974,0.0551273652728006,0.0414622814612972,0.0695187288659724,0.063538924040051,0.0370109677210043,0.0576190900233742,0.0439730319054529,0.0733272036430939,0.0681676788000436,0.032399320623628,0.0544652161097353,0.042064593328597,0.0680880027643416,0.0630543017520776
frank,200,222,2.37192951891445,0.25,6.67805761212262,16.2504647384312,14.1210512571787,15.8915990823206,16.8197931254244,4.32032818033579,9.08160489703955,8.02219078126265,8.90345261510441,9.3653675791229,5.59446544460567,16.6094192500324,14.88952934542,15.973152506088,16.4171974883991,0.0194705317953508,0.0398212736556204,0.0314610413007931,0.0446351956325296,0.0442329198480069,0.0161205744412668,0.0423203597136,0.0358089452227432,0.0395862480837947,0.0417701269720025,0.0193056730913701,0.0392772236833732,0.0321679210197985,0.0388403883344587,0.0419300813038392,0.0168521386579086,0.0408569423590115,0.0351245850808182,0.0400936019418626,0.0421689936565899,0.0155512194078794,0.0429793516547824,0.0373308794695113,0.0406284498251089,0.0443506658265453,0.0210793365349963,0.0456250004667535,0.0402746016270656,0.04465840466362,0.0468875180757828,0.0165141711311982,0.0421887598460216,0.0368985440000319,0.04017226737478,0.0427652851221749
frank,200,223,2.37192951891445,0.25,6.11423790112405,17.3359208700185,15.742654688308,14.4087816967856,15.7486518194152,4.03883598478323,9.62182538785752,8.82938992255672,8.16563228918121,8.83246424405345,5.79487141204009,17.5023122697182,16.0899488168801,14.5643256552018,15.4944863546465,0.0202309050798736,0.0466227866418731,0.0411711508290957,0.0394233260993144,0.0443506876421084,0.01852802638672,0.0444580423969866,0.0391714179149566,0.0387630695123712,0.0391336049910756,0.0160706027882735,0.0456436231548172,0.0391999698460664,0.0394690504432999,0.0421654797019103,0.0158260280881849,0.0433374177550826,0.0386931692271458,0.0362865749094979,0.0388289035569537,0.0184490336635787,0.0452031469596316,0.0388938581029757,0.0395950713019357,0.0420243175620287,0.0170638160070941,0.0469385823686792,0.0407775817497495,0.0402030047215114,0.0443703211419832,0.0172482417570398,0.0449674840402152,0.0402819939551538,0.0377165126067775,0.0405069260298883
frank,200,224,2.37192951891445,0.25,22.8744625835517,26.4836149254779,18.8518571692606,31.6887893503303,32.212004372419,12.3778467771575,14.1730157923782,10.3765540289619,16.7626519324141,17.022790464375,20.7267980991437,26.8207626401969,19.4924693089134,31.6806590031434,31.9814290948887,0.0576346424530922,0.051734468307678,0.029528368143057,0.0518071430513688,0.0693241547541687,0.0558866104812429,0.0673286899184644,0.0489242636742574,0.0812359628443152,0.0823077392502874,0.0600331948258408,0.0671396366662174,0.0478539481011518,0.0783711972285555,0.0814724036090336,0.0565332644575355,0.0669437249793893,0.0467638728734667,0.0801811498304054,0.0815439914928966,0.0598353494349328,0.0685384989970279,0.0482393776775017,0.082070215057339,0.0839901028945634,0.0604511944712684,0.0653291634462228,0.0461132488900638,0.0708835264570619,0.0801294557528121,0.0555975154621852,0.065657343149653,0.0453679102982897,0.0790230217035547,0.0805965322302699
frank,200,225,2.37192951891445,0.25,20.4431057563733,25.215870324735,17.3990453694755,34.4181556771164,30.2846985817555,11.1679530539846,13.5423144301318,9.65374649367072,18.120541690195,16.0645522763836,18.5046376788209,25.5916155570946,18.1628085237166,34.4310428791328,29.6881732066273,0.0450720940611656,0.0491280661206476,0.0316242597508156,0.0672031748089322,0.0615817958201724,0.0532031734325916,0.0636854512192555,0.0446476361437157,0.0847231427278802,0.0746323509984104,0.0508576396541388,0.0627246423734947,0.0420578353304349,0.0858647141010523,0.0747595181223633,0.049296048941145,0.061938891375545,0.0410079669256417,0.085777288336066,0.0729008330819362,0.0512698030394167,0.0638002943979265,0.0434695751061496,0.0862519571344947,0.075570441203521,0.0560094947221348,0.0678366334870198,0.0483767321794141,0.0904127147650586,0.0807023386583632,0.0511828223533223,0.0639002814227106,0.0436342583913842,0.0865960023166854,0.0755467858761459
frank,200,226,2.37192951891445,0.25,16.2807333200875,22.0595553124547,17.3509455221807,20.6117176160425,23.97307423703,9.09693866333202,11.971962517111,9.62969530961732,11.2515457245946,12.9245600349799,15.3139981580932,22.4176600982326,17.7877197544293,20.7412197646834,23.6033682276023,0.043492524599786,0.0557092260268705,0.0418980668820236,0.055367298961245,0.0642102869715516,0.0429623174161911,0.0528964663748181,0.0353934207239216,0.0538976422982475,0.0609768835035007,0.0437206486665329,0.0574379210074547,0.0442547057989855,0.0548400657463836,0.061446531486238,0.0411567589137305,0.0549106053656278,0.0428890200358082,0.051987465685628,0.0569381113486381,0.0380841250542251,0.0493337721302397,0.0366325827406171,0.0478368672692438,0.05236746710009,0.0373652292337808,0.0598820523154355,0.0462832386395833,0.0561395549690108,0.0648053153071964,0.0405020879349313,0.0548380159857726,0.0427216336944394,0.0513919217050746,0.0578475432351019
frank,200,227,2.37192951891445,0.25,11.9097549771048,24.6557983914484,21.2985530179563,24.5828218237261,24.0598803993287,6.92285100723959,13.2634831427845,11.5932067301661,13.2277014373155,12.9676773587727,10.2806084308695,24.7790050541823,22.0763898006901,24.372216002502,23.1253129767423,0.0344941235894534,0.0562986100505084,0.0399989759265829,0.0598165030602045,0.0557043392798251,0.0309779863013515,0.0657089639488291,0.0571760303634468,0.0650445319378433,0.0631502021812013,0.0224147934099249,0.0560876139591508,0.0490710751959504,0.0539038176029316,0.0517534651021327,0.0264411524659567,0.0608483910895281,0.0533825671829572,0.0593738193361307,0.0573206921172716,0.0323591309733109,0.0636539707330412,0.0549064787438281,0.0637059637990018,0.0623555125966767,0.0312966085394556,0.066123474568347,0.0581672183365437,0.0647138791283955,0.0649019420257865,0.0290789899426054,0.0614385582425691,0.052966378015654,0.0600427401632782,0.0590087312990431
frank,200,228,2.37192951891445,0.25,27.4505256584573,32.1555407134011,22.1163431265043,43.0290215966877,37.3993559574413,14.6546836305067,16.9949712969484,12.0007914204996,22.4045688975716,19.6041956180328,24.3591018056136,32.3442465325458,22.8375260740727,42.9566334161911,36.4211109046332,0.0650638873322586,0.0833313826800656,0.0587167541240686,0.112571459618344,0.0943769042821148,0.0714814801093814,0.0839313358594273,0.0571488571692074,0.111395965854184,0.0973077971477584,0.0607220748416324,0.0818153923850722,0.0569480109556115,0.109015297170622,0.092539857394985,0.068434370682981,0.0795917197974308,0.0538208616446871,0.106589222910229,0.0923042618251334,0.0640784633136531,0.0794412409195527,0.0547740171473948,0.105690011534546,0.0903792561821463,0.0698424827892912,0.0833947988059048,0.0601643835516628,0.101958293666156,0.0925611917654282,0.0684406411247244,0.0811577928894867,0.0552127589233903,0.108419897999943,0.0935721950564249
frank,200,229,2.37192951891445,0.25,3.2511269536624,15.6818278693345,15.2064835540828,13.078234679657,14.9048059564668,2.61464789217546,8.79858104025559,8.56219183678227,7.50364314102841,8.41223310706038,2.83492365715888,15.9716794226196,15.9135480860218,13.2531565716988,14.7124592393546,0.00883916781888796,0.0432960944128749,0.0428657608585613,0.0355829143417452,0.0402330441161282,0.00228628476617072,0.0394097972494299,0.0356558677527141,0.0301681984624594,0.0362557952079112,0.00457036454037878,0.0364955690760683,0.0359056408304401,0.0287795353756482,0.0339211777798704,0.0069800375764935,0.0404135979171755,0.0395352915554694,0.032294291453692,0.0375437322950498,0.0109071824182306,0.0422990812485092,0.0414772362280425,0.034907250799179,0.0391060358969408,0.00168424347281438,0.0441073164265114,0.039746270519578,0.0340607030329846,0.0393954482949524,0.00850811401495779,0.0404448800548282,0.0390252176622928,0.0330872237809849,0.038053009386775
frank,200,230,2.37192951891445,0.25,16.3992135456309,26.3119907461488,20.1333212836463,34.94603339878,28.102613870795,9.15698586684336,14.0879261626264,11.0145390387839,18.3832283759094,14.9789034644364,13.7127924466719,26.1940520321092,20.613496505727,34.8889027226937,26.8882698576177,0.0353060411583208,0.0502238965940247,0.0281356019785534,0.086665746877237,0.0581924735457586,0.0418018300542999,0.0685978968708138,0.050293201470252,0.0904610602050441,0.0735226350505801,0.0418184271063291,0.0645286413038884,0.0456622924476921,0.0878089516742009,0.069774103392926,0.0389711137071291,0.0653115390566085,0.0486677596440638,0.0867799666977949,0.0700723428126841,0.0365085750072993,0.0649993246058359,0.0501480123459868,0.0845987901799484,0.0679274978939047,0.0454122793245078,0.0706848856683617,0.0552644408512508,0.0900309188965068,0.073379715738446,0.0395827396062705,0.0649984028659816,0.0483088010782529,0.0871730904678453,0.0696144944156886
frank,200,231,2.37192951891445,0.25,9.53739379681224,12.3733845244887,7.93494172656868,19.0643437598115,15.4899235147787,5.74283354406327,7.15344067276846,4.94582699772271,10.4819526287154,8.70383524673991,8.01768084617089,12.4995546575536,8.33098291055857,19.1233093450694,15.0170078358814,0.00129711142703438,0.0287505147827315,0.0236274994432232,0.0222878914466764,0.0319738225881578,0.0212040268127878,0.0322482824838081,0.0215158884371036,0.0472815599655041,0.0406293624116974,0.0230054363335272,0.0307459680531754,0.0182017877831516,0.0495855981785178,0.0386497931052545,0.0221228338023107,0.0308256168812739,0.0187399440543258,0.0476612920165449,0.0385940675812432,0.021198786378467,0.0254068674081439,0.0134420443068276,0.0436151736864982,0.0341912162990581,0.0234795964485048,0.0267823697891436,0.0194330959988195,0.0378254674348576,0.033448032132917,0.0234517271203331,0.0306562310580695,0.0185575008627039,0.0482305539740678,0.0390037589216259
frank,200,232,2.37192951891445,0.25,17.341483469437,24.0952582307253,17.3509662175887,32.2227257810243,26.3584379798352,9.62491991811896,12.9849007054675,9.62982115981247,17.0283605352097,14.1118584619704,15.4270668258262,24.3075722470374,18.0842123978162,32.1886899429846,25.2194702237256,0.00965259225183644,0.0433817325652825,0.032545745122004,0.0554341411316592,0.0458596256782497,0.0431987486715568,0.0574344239284537,0.0406087005643861,0.0789700741402576,0.0613938595453698,0.0385246155356343,0.0624734531950821,0.0459746860016212,0.0808172813420766,0.0633207025155814,0.0422703919853262,0.0562924105102937,0.0376697546627255,0.077197523425231,0.0583546419824013,0.0466890123818748,0.0615490165407545,0.0438852633644558,0.0812450856464105,0.0669066510666604,0.0480358285607369,0.0498944144900785,0.0265805124435062,0.0828281753138889,0.06342189346497,0.0427097458106952,0.0598981682824855,0.0429443154126874,0.0797847482843741,0.0633746445610914
frank,200,233,2.37192951891445,0.25,7.1526596665162,6.35067806311829,2.66510060348428,12.2967577640666,11.1515177526702,4.55604507901375,4.15667488347214,2.32333667705716,7.11489621535717,6.54533137670364,6.34050130979664,6.826003376586,3.2402892108582,12.4934897308228,11.1377042459835,-0.0083262076839851,0.0134707329572127,0.00772412954589665,0.0230330893203513,0.0228111141851245,0.0182390281117037,0.0157314102831621,0.005884591299184,0.0284794715776953,0.0259086827987836,0.0179604297887377,0.0174722563368556,0.00774498154724477,0.0308254392095067,0.0279320469460124,0.0180465184433551,0.0173228968509803,0.00758096139116037,0.0313968025134794,0.0285745251359612,0.0188627610666257,0.0158998554388273,0.00674145837439517,0.031082457297737,0.0273190236871309,0.0226574042824572,0.0175742299618511,0.00621483982199373,0.0352166539237235,0.0318533817870266,0.0182583051484606,0.0163207030684493,0.00646035809814011,0.0313417208325377,0.0281142790721286
frank,200,234,2.37192951891445,0.25,51.2899757433048,50.9367284868515,34.7044686041335,63.5120238806321,66.2466595583075,26.5139392785135,26.338083471405,18.2628853543552,32.5943356050868,33.9548495656028,48.3675115694235,52.1056829095527,35.8911202736362,63.7593210312323,66.6381314554642,0.125435980811046,0.126259822707876,0.0885731361768093,0.154482527793665,0.161667609931987,0.127428947811167,0.125041273494067,0.083536121939263,0.158564373293052,0.164502669432588,0.130330332542354,0.125255266435805,0.0836676644866432,0.15846705824811,0.163378928204029,0.128571673105791,0.12870917285077,0.0876722152944581,0.159315405584941,0.166207497966307,0.128375402091632,0.12746388797625,0.0867835105180676,0.157465352141968,0.164033669393755,0.114378752944911,0.113499297057973,0.0801979975934547,0.130359041180715,0.15082562743032,0.128957397694638,0.128776179398277,0.0873255736821496,0.160045771609542,0.166720376983135
frank,200,235,2.37192951891445,0.25,17.1524239612335,16.4944046153869,9.52180166189697,26.0819414816237,23.3271127792178,9.53097365572412,9.20333576308509,5.73475846020767,13.9731047650511,12.602799727888,15.8693692366585,17.0645414632744,10.2510571664292,26.22784572115,23.3348050168904,0.0201765416581262,0.0451646266966617,0.0283568505022003,0.0640290439835505,0.0593706732906736,0.0435722923308215,0.0451750704086986,0.0264550092668379,0.0688729714844541,0.0613452632114889,0.0414903633169078,0.0394604600898211,0.0229221996449081,0.0629429554886539,0.0557727451287072,0.0386933918625625,0.0399954373639739,0.0226846354899574,0.0634670061445305,0.0542329354038156,0.0432432076697617,0.0426791742315727,0.0253602824201956,0.0664743318009402,0.0590576035223727,0.0217449010188507,-0.00256513583177797,-0.0129449665638985,0.018792064041869,0.0120049265782739,0.042901858876237,0.0412302270280095,0.0228437431249101,0.065558677791657,0.0581385004563404
frank,200,236,2.37192951891445,0.25,3.50913760541118,2.79501099622279,0.533714557899008,6.70309911312392,6.61426081516093,2.74314608860668,2.38770286690466,1.262954714164,4.33199187798858,4.28767287128746,3.08672494099785,3.1699164907745,0.935278928265039,6.93623965613576,6.82584500445238,-0.00463206207643444,-0.00405620423249592,-0.00811142162560159,0.0137350364860143,0.00643434661732456,0.00661834974011758,0.0100929891920599,0.00485583909893207,0.0170093868906263,0.0179521867592605,0.00707722028281444,0.00646899439624859,0.000811099786651136,0.0161607285341198,0.0154714917394684,0.0111586011396781,0.00791545590984327,0.000695189801050678,0.0180199709419145,0.0182421588688448,0.012262727292915,0.00922448787134448,0.0029399198448234,0.0192912989050931,0.0196345010105583,0.0135710156192571,0.0118141331703292,0.00608100014193487,0.0209791234144409,0.021063609815919,0.00873688045134613,0.00733735281011232,0.00114522929083642,0.0169882923821167,0.017122534232035
frank,200,237,2.37192951891445,0.25,19.1105570705979,15.1699165774775,7.88345955804404,22.2516242430648,20.0515522689069,10.5044179009783,8.54498497866713,4.92042108853788,12.0677520277992,10.9734057748399,18.3432977622524,15.4113264408257,7.9931288989355,22.2197915997349,20.2690069435633,0.0526344649101297,0.0407947565851458,0.0204835907914519,0.060157713797638,0.0533418424639459,0.0479008989819785,0.0400960539461271,0.0230159026335016,0.0589063040316143,0.0514412327209766,0.0471256260496055,0.034571297937846,0.0161320109450448,0.0510166531342271,0.0455982539323442,0.0481267825902309,0.0358728068296969,0.0162982015655306,0.0549358573827775,0.0488459710556813,0.0486354331359436,0.0362432933569628,0.0150888514304443,0.0560379223702542,0.0492663886779917,0.0526960210355753,0.0415363005951568,0.0191378387351724,0.0599953001578219,0.0550165788698614,0.0487835281821892,0.0357875721460374,0.0159590233888969,0.0552486166092674,0.049098214088193
frank,200,238,2.37192951891445,0.25,5.3830956282262,13.1182536983058,11.2333325392988,11.8829389904882,11.0909184603993,3.6755982526596,7.52399802107013,6.58645588113841,6.90942465951849,6.51570140153225,4.71957647291593,13.018258767745,11.3390260826063,11.7651101168612,10.5545651019492,0.00277116483770831,0.0368926851781162,0.0329603608977289,0.0311283778878514,0.0268480109538083,0.00871698010661284,0.0296374111564358,0.0234888835136769,0.027362131394095,0.0240317643324458,0.0156193890686446,0.033165007992605,0.026759151049663,0.0313939419444207,0.0297716869438019,0.0129166682514905,0.0325409503456149,0.0278391491890666,0.0283928675133893,0.0265605791013275,0.0143995076336811,0.0350029612350912,0.0301075864865358,0.031097898023759,0.0278678228076134,0.0155334001777982,0.0366703787905336,0.0329902249564861,0.0331868885244549,0.0319323274141345,0.0138124745761418,0.0314914526264801,0.0259502321280579,0.0292989859040617,0.0264358741175373
frank,200,239,2.37192951891445,0.25,4.18432688038705,10.6537472351941,8.63973945644899,11.8599708215302,11.2730481352977,3.07935537773328,6.29738011058874,5.29550743311436,6.89763610986181,6.60601313172857,3.34897025599294,10.8996447817177,9.2093856456038,12.0092241080732,10.7477435277454,0.0135937869656575,0.0312531634598284,0.0243648827019112,0.0342689207204192,0.0331567235908847,0.0117918289322783,0.0301340280968216,0.0255628095890731,0.0331456458807565,0.0298845099114532,0.0131486450561138,0.0262872486251089,0.0190272719520872,0.0308708003649274,0.0290567280287893,0.0092843331748236,0.0274924584845448,0.0228940660065398,0.029161160664081,0.0268664392718269,0.0131195853844729,0.0289371475315691,0.0236475143738567,0.030814949193154,0.0302141224249888,-2.61898007538164e-05,0.0177921025364779,0.015538723787149,0.025944120006263,0.0183274325257167,0.010186284272827,0.0273132736536008,0.0222926773861388,0.0298355779230189,0.0275688111496428
frank,200,240,2.37192951891445,0.25,17.4660287176868,25.6102542879184,19.4621837873415,31.0122072285172,28.4565995909923,9.68658084057502,13.7386376012408,10.6804358082297,16.4260900767394,15.1546978617063,16.0071576108857,25.8037546632296,20.0164370637873,30.9732678521713,28.1288609834885,0.0382353156814611,0.0688171964755451,0.053441275187345,0.0804924203324147,0.0761411331309076,0.043290585053094,0.05720380311606,0.0433476790655733,0.0657746265099951,0.0618485402906049,0.0445046181627555,0.0651527878965087,0.0490892268602674,0.0789503921294566,0.0725930668779266,0.0440541145908523,0.0636316823177728,0.0468245368350842,0.0780868235471489,0.0704359427758345,0.0442762390216039,0.0642413825941307,0.0478257400110866,0.0777334058211988,0.0714904949174079,0.0452941631871723,0.0684664818069172,0.053654951645719,0.0805606981628342,0.0735448662482385,0.0443231228334882,0.0642575696719503,0.0481099208607821,0.0774767454183031,0.0710931047930765
frank,200,241,2.37192951891445,0.25,14.5873370295457,18.4757079162926,12.0056136759812,27.2727092664116,21.7335550077816,8.25450074578193,10.1894924607359,6.97137872465017,14.5655650772982,11.8099562465297,13.0158658416224,18.4407071528813,12.0665066422218,27.3774050672871,21.3724243137754,0.0158078474821103,0.0335682676343251,0.0213594682013066,0.0498096382446125,0.0437515297809138,0.0371667794513607,0.0447213396384129,0.0246826996724003,0.0691500747160696,0.0558554431486485,0.0374050254310285,0.0435375792355431,0.0250859271084264,0.0681083094634152,0.0536053612957677,0.0357578620991657,0.0453335247870731,0.0276602983173179,0.0671769740017368,0.0536842028605067,0.0354675559964975,0.0471461012940455,0.0290972453466863,0.0689261843493624,0.055324303478922,0.0414051631860838,0.0281734373380599,-0.0197748185020193,0.0531172051056866,0.0398603151184919,0.0373670284824114,0.0462272879183275,0.0285297462598379,0.0690041354309892,0.0548719299745995
frank,200,242,2.37192951891445,0.25,23.5766943563384,27.167683494662,19.0853605661086,32.9133125272146,30.0681616448099,12.7267722924907,14.5136984165859,10.4930474000929,17.3720323861638,15.9570777184909,22.2351788224918,27.4900241563879,19.5941117479147,32.8057906232378,29.6947789513893,0.0637276922085021,0.0701058827922499,0.0493676132044298,0.0865150507683899,0.0800294814924092,0.0601759067051744,0.0705131937333821,0.0490684595399404,0.0838711496657787,0.0751828574466312,0.0623324435017744,0.068522223436253,0.0465230143228043,0.0841477491691676,0.0739855831144507,0.0596990547913534,0.0668756544847982,0.046196137084268,0.0820900984313796,0.07348985682443,0.0588174843001511,0.0641514682654063,0.0426276181766017,0.0822014845566509,0.071808004529018,0.0397269369848129,0.0616842590198602,0.0426785687579512,0.0799839870628611,0.0488201480269528,0.0593548518642773,0.0674431720457464,0.0466095396432866,0.0818560382310287,0.0739291950753427
frank,200,243,2.37192951891445,0.25,15.3852024325192,13.5746242637662,7.64256822717284,19.7566233582471,15.0153920999991,8.65284913018947,7.75154934125604,4.80038933970861,10.8270478413951,8.46864360740713,13.2115782458445,13.4141652909201,7.77285933315552,19.3206479253524,14.120425710427,0.0194509550197847,0.0164307052220043,0.00591182035010658,0.0398904566082123,0.00440289216658806,0.0347447007350695,0.0340150047951948,0.020174684564365,0.0473794575988806,0.0359971236237664,0.03888504596079,0.0343537640355351,0.0190883176147129,0.0507878759654119,0.0383379491997109,0.0356390231079263,0.0332128897188793,0.0186364771100385,0.0479821557050083,0.0354920093005353,0.0307321019206441,0.031646690112342,0.0172707498476318,0.0455084506623618,0.0333938404921133,-0.0228681031679421,0.0312373103335542,0.0240229384135941,0.0251168310286707,0.0152161646858941,0.0333985645608515,0.0315256301733745,0.0172838200084562,0.046950981365456,0.0339399958322445
frank,200,244,2.37192951891445,0.25,21.0902875639923,30.9254103365673,24.7626674632872,32.3414374360722,33.4651265051994,11.4901702647694,16.382803089016,13.3171858944654,17.087296042442,17.6464028256927,18.998364679018,31.1399217423675,25.3012437819867,32.3442128777011,32.9512843556433,0.0557096544473698,0.0823004632441397,0.0667508265049832,0.0850125428086566,0.086529508854703,0.0552769555744926,0.0811808134921283,0.0657255081492306,0.0844908859164759,0.0875106934886512,0.053292998902104,0.0783268754602251,0.0620452105974389,0.0827534107235697,0.0843773464861746,0.0529934801245432,0.0792058008783166,0.0627927956648638,0.082723070022128,0.0853239280155274,0.0529295449711418,0.0796546029968728,0.0642128127843714,0.0826015023773604,0.0844288052357906,0.0548236726908265,0.0760532435516044,0.0597794914628642,0.0816710564209522,0.0834308702569752,0.0523750151288892,0.077680334364632,0.061543838340636,0.0807552342815721,0.0837420500214386
frank,200,245,2.37192951891445,0.25,26.4018554673465,31.4935594744389,22.554313792653,37.9053765691004,35.3875052926461,14.1331277705675,16.6656483935051,12.2185859855583,19.8555820265384,18.6031840667726,23.4861823970247,31.6353077794204,23.1117528289437,37.7893691822637,34.5128989560662,0.0657107771045031,0.0777540174975554,0.0548752133095991,0.0981632802362646,0.0905919850343373,0.0552802006891143,0.0821646536237812,0.0605747960427596,0.0967466336018821,0.0880228297567949,0.0670135484126494,0.0796910890179483,0.0575512569137002,0.0946922712480898,0.0905555723657881,0.0632500261003854,0.0753286600757608,0.052329959871686,0.0913297405631935,0.0847674942969894,0.067589095153607,0.0798909624790687,0.0578556048561473,0.0935631747542605,0.0883917447801566,0.0709947432723317,0.0816829544767094,0.0585123961902609,0.0978597029493156,0.0896046987138616,0.0646562466751801,0.0785780944429037,0.0556887457089759,0.0944174732989875,0.0882084080278297
frank,200,246,2.37192951891445,0.25,5.25743957573845,14.15992260426,11.3398563866612,18.5375180091096,14.8123450827772,3.6128559043711,8.04191851501967,6.63931174730208,10.2198102266547,8.36653517114787,4.53560175211542,14.225554653521,11.6852746103029,18.6057058402767,14.5076023924778,0.013541654982444,0.0345345864625173,0.0281747147972383,0.0445233770588586,0.0360625484813781,0.0161578757677941,0.0399448922963823,0.0320788655556185,0.0506047288602127,0.0415180306402358,0.013549178103702,0.034971799419091,0.0269127570683334,0.0463576134696803,0.0370906453813079,0.0144043014908151,0.0357696317365615,0.0275555373467693,0.0469422148176209,0.0378363466421178,0.00911653208455405,0.0335448378201923,0.0253000064406328,0.0448694037265275,0.0343836460581733,0.0141427403086276,0.0243071276156042,0.015304192861474,0.0348126350800837,0.0329076031986339,0.013670080495835,0.0353486164750637,0.0272594583801027,0.0467272517576844,0.0372563541063745
frank,200,247,2.37192951891445,0.25,30.0061128407901,21.0696994630501,10.2258868525162,35.7523377950888,33.5753664661324,15.9261795863775,11.4794953676799,6.08512588220974,18.783878475571,17.7009876930631,27.3850391496192,21.7521196060537,10.9242587817279,36.0943409652789,33.542429356871,0.0772725826765146,0.0491331147665072,0.00380042111760585,0.0928871436780295,0.0887417322009921,0.077682824507731,0.0522592595676996,0.0200207881299473,0.0915036756983006,0.0859802841720154,0.0752063459335384,0.053541899170192,0.0255642318179042,0.0907290831177867,0.0856693588320662,0.0735602669044932,0.051787807454739,0.0233521477019175,0.0895908883885098,0.0835277107176524,0.0771683009876417,0.0552047483061008,0.0272141742197148,0.0922183216221223,0.0868457385594871,0.0774874316065685,0.0538217538654349,0.0282380448651784,0.0892194204259325,0.085225628494463,0.0717635277285522,0.052561832966655,0.0250512461178532,0.0893403906531235,0.0831594321375044
frank,200,248,2.37192951891445,0.25,16.7360825392335,21.3679940837464,14.62734769258,29.1065601626296,27.0761822870209,9.32367747908346,11.6276172518056,8.27438332716618,15.4776300454763,14.46786741781,14.9182075216273,21.8095780421899,15.3872243160215,29.4127051500415,26.4830807478472,0.0452933985299448,0.0572039187637587,0.0413793491548227,0.0768776523492377,0.0682328373919103,0.0436325518880029,0.0518485875824733,0.0326542992652406,0.0731549512325,0.068959349096836,0.0428983726113683,0.0524529612503168,0.0349371827628404,0.0732772456957867,0.0671250264098258,0.0434866604769311,0.0556694316071374,0.0385925105621618,0.0745732878073945,0.0689933377227275,0.0421893451034399,0.05243973703763,0.0351762250293567,0.0730157082382252,0.0664112916045524,0.0437773272993628,0.0538935917517524,0.0360771998989229,0.0764397935769645,0.069869220596632,0.0420613328533932,0.0535944909701955,0.0362864476011832,0.0734073376961088,0.0676673075006277
frank,200,249,2.37192951891445,0.25,13.1144146941915,10.9977535798445,4.84959443591859,21.8181375714472,15.689855639948,7.52231734165519,6.46927036285304,3.41110830899713,11.852031889776,8.80348192599354,11.4241062559248,11.1582180122405,5.14689826243181,21.8661589125039,15.3967531669053,0.0318018829447378,0.025486890662845,0.0111847689602576,0.0563438457995218,0.0331809551390947,0.0287984116948241,0.0289910608935281,0.0149325809903406,0.0560073528568518,0.0404130314897009,0.0316312878189908,0.0259410833535463,0.00877287782339629,0.0546077715378937,0.0388117963963757,0.031046904884877,0.0274048145076346,0.0105152141300174,0.0547653513635964,0.0392647680051083,0.0356321461323473,0.0267659321846377,0.0103563876620151,0.0544371914220423,0.0407160201051763,0.0359457619339191,0.0259764500937355,0.00875060648879285,0.0503130164070439,0.0375746291454949,0.0309704028041991,0.0261698628179451,0.00977597195895163,0.053866787937816,0.038193036531737
frank,200,250,2.37192951891445,0.25,15.0751364250268,34.1724085662269,30.7015731793748,33.7836559467611,31.1106786285577,8.49815566614202,17.9984873690986,16.2722399665315,17.8050246225636,16.4751164922088,12.6158293084756,33.7745908236885,30.8214603611715,33.6195554873051,30.0864060091232,0.0318593116541817,0.0872891807892013,0.0714966605953366,0.0880482347564428,0.0824941768319647,0.0277007818568157,0.0825226266210953,0.0763259994428183,0.0777394158198614,0.0719838116340279,0.0348743138137569,0.0813894834764282,0.0721585965568342,0.0809522719408533,0.0755400232458329,0.0363983370673757,0.0859387898315068,0.0768036219987883,0.084918949106161,0.0779896819766355,0.0327747716081832,0.0831177163141986,0.0739537446403958,0.0835506254193235,0.0759185359630634,0.0417813583277259,0.0883035857160899,0.080350815231424,0.0802573522506667,0.0815130031186555,0.0350535461558638,0.0846320274254571,0.0748275178853504,0.0844449170805905,0.07736714799215
frank,200,251,2.37192951891445,0.25,17.413386566426,11.4538100081912,5.69530795480316,15.3639860858728,18.1759019690036,9.66060353590976,6.6957549412566,3.83116274458833,8.64093929996949,10.0397661420478,17.0374432739188,12.0004817105854,6.05000273847091,15.4548421195884,18.8456758356934,0.048456105252714,0.0323247154869842,0.018123106266983,0.0426706419351882,0.050439501929693,0.040066179039901,0.0257088978043919,0.0119397811781324,0.0340870552944744,0.0419996164683748,0.0412810605288491,0.0289406591146043,0.0153258300011669,0.0392060873497703,0.0454541161984773,0.0446067622645595,0.0294150997689059,0.0140899028526843,0.039520004153447,0.0468897228428188,0.0427962095265934,0.0286318480242382,0.0154483197091953,0.0371058034240493,0.044724095681609,0.0270664447988777,0.0277378632315957,0.0181355558809351,0.0294924490911658,0.0391436282372439,0.04359479382783,0.0288276238608439,0.013866832293103,0.0387232911926241,0.0459458268012133
frank,200,252,2.37192951891445,0.25,14.9309815583869,15.3595591281864,9.48384249970337,20.8989786316767,15.9849434197109,8.42640469899627,8.63939082994438,5.71624144534384,11.3951432977468,8.95144386664262,12.957153531899,15.2688754358844,9.66400917862728,20.6522083703888,14.7078375166215,0.042262763103352,0.0433690587557524,0.0286380388868513,0.0571077758149603,0.0438596709792685,0.0159457769474418,0.0205329969500207,0.0108423620877915,0.0381075537107385,0.00998821237201958,0.0367616406095452,0.0385356470205489,0.0232185001386524,0.0523458410573381,0.0373335791246418,0.037751140146893,0.0391594814817566,0.0238624061909455,0.05328537483976,0.0391484191570332,0.0374641387305429,0.0387834722782976,0.0233356430604742,0.0534813756539047,0.03996304757428,0.0131057821378713,0.0280331161822883,0.0246670254662528,0.0217113489462768,0.0180992037037517,0.0357722525474601,0.0367601453122398,0.0221844845274899,0.05071823440573,0.0364089195188567
frank,200,253,2.37192951891445,0.25,13.7259514361571,21.2531376173514,15.9828900887482,27.7224055440448,26.0668058481747,7.82596743906727,11.5705786392709,8.94901239600638,14.7891366011899,13.96536231314,12.4876980084326,21.72735239557,16.7523522983697,27.9099988224401,26.0232183620604,0.0375650180491416,0.0552027359427824,0.0412960281464678,0.0723152014020119,0.0673729341242402,0.0341850020824352,0.0559500911810341,0.041822366215896,0.0709578783542309,0.0673996666320493,0.0304571874649553,0.0545803862392902,0.0419360653256661,0.0697300080250683,0.0637011357347601,0.035129910181007,0.0543294236421465,0.0403855644708941,0.0705934921539231,0.066391809779981,0.0346018933329219,0.0518884467048867,0.0373423869553751,0.0687174278362043,0.0649162911666943,0.018549144534786,0.0560927667634147,0.030477555514579,0.0715297223783661,0.0697736620414453,0.0344649478002533,0.0535061166721104,0.0398421238247274,0.0689902050338777,0.0655847365417313
frank,200,254,2.37192951891445,0.25,19.9422334246408,16.3260608420513,8.65389819727683,25.1280584050616,23.8095806360002,10.9185171025539,9.11973551023976,5.30320284053755,13.4986352116287,12.8426240716865,18.4964914445761,16.7468411251225,9.13678330811442,25.1952936552274,23.9628401983518,0.0532739607294129,0.0352904287801628,0.0190575897423614,0.050012147789342,0.0546472201934733,0.0507722274567079,0.0450707267529463,0.0260907159192081,0.0666523388085418,0.0629207429258518,0.0510593658008754,0.042543012870983,0.0225792646465764,0.0646244572657881,0.0619606494623734,0.0506156876249508,0.0387178626969476,0.0185107765688793,0.0618553453626912,0.0586568916869496,0.0498377501038335,0.0430424735472905,0.0242944029742477,0.0636554763936261,0.0604549919885443,0.0441237626409295,0.0454089503499501,0.0203744732427265,0.0635711755957231,0.061288043954262,0.051187180927729,0.0411743675256941,0.0209791995810157,0.0633955844827038,0.060400786206041
frank,200,255,2.37192951891445,0.25,15.816865389648,16.9742346256385,11.4326669374966,19.9144116161863,21.2855583496642,8.86714044686056,9.44205240992347,6.68529440241851,10.9049127384168,11.5868745702046,13.6796767397634,17.1248011042635,11.7335412971151,19.909712393408,21.0023607852355,0.0427353923188672,0.0295390069119243,0.0126217782222869,0.0481128438219355,0.0509445095902438,0.0337568091974601,0.0441859745780322,0.03229831947407,0.04472948788085,0.0515649418371583,0.0401511303397455,0.0431646740918367,0.0292754509582921,0.0480901715105807,0.0538178429612131,0.0370325871119156,0.0431457725030827,0.0299579975973863,0.0490680678003188,0.0529103536585333,0.0390535520209308,0.0433858958075597,0.0286001265461002,0.0517649671860718,0.0549662818336695,0.0418551937051253,0.047406251162956,0.0335816369579062,0.0538685016361971,0.0581057674978443,0.0357874745035146,0.0424111600843818,0.028569689709557,0.0493623590664453,0.0526628335574379
frank,200,256,2.37192951891445,0.25,37.8644915639571,41.5051792849605,29.2922747428455,47.307279584601,46.9316273904813,19.8350441263068,21.6465915540853,15.5711345770495,24.5329938020822,24.3462736245794,35.056117059725,41.7560522120083,29.5833921586755,47.2075849569815,46.5438653753325,0.0995304087918605,0.101670484913647,0.0693123700084898,0.115946875794534,0.111494458216487,0.0928040910958493,0.104398670179282,0.0751677487211353,0.117983500392986,0.114055987932414,0.0946738712632841,0.105066178656684,0.0716695976101947,0.120409365057338,0.119080387428327,0.0947708941574735,0.10459815116128,0.0729645702652302,0.119341365842728,0.117999823499816,0.0963169375843774,0.10088764871385,0.0689617598459493,0.116151095344604,0.11525140055784,0.0604041451818108,0.105720643317546,0.0782107072463673,0.115580646285454,0.110173769611854,0.0952295639617536,0.103692052157042,0.0720360181945446,0.118583454798194,0.117420113335181
frank,200,257,2.37192951891445,0.25,16.9801826961497,17.3972041942826,11.247592177588,21.6588154525445,19.723825626059,9.44535253741258,9.65276333893337,6.59346569543723,11.7727441397728,10.811117895011,15.3588740575131,17.5402026147809,11.5840495740555,21.6808857467522,18.7480067682294,0.044521980489877,0.0484757684575585,0.0330440714973251,0.0581346635858146,0.0540648313194448,0.0310805278989007,0.0374582178557751,0.023168399335745,0.0475463169203818,0.0386216199202765,0.0387774427065137,0.0436821029839062,0.0293329662684339,0.0550194890261653,0.0473329743111819,0.041729872760035,0.0418127462173658,0.0264296494105373,0.0526506266568674,0.0452567687653223,0.0430820598205544,0.0433338812677678,0.0267870360195392,0.0541688279462617,0.0476349152607195,0.0471880694178558,0.0481919568185938,0.0331154206329101,0.0585910175561887,0.0542226283654855,0.0431918227783212,0.0435848666354009,0.0277826145269363,0.0548375852878493,0.0481929784484878
frank,200,258,2.37192951891445,0.25,32.4115600015007,18.331765072019,8.02101846366838,27.570213117959,28.1615053361006,17.12282723407,10.1178555867045,4.98848806422363,14.7136918249758,15.0081798030919,30.4135923048613,18.8498534164058,8.37086400587275,27.590206793792,28.2943440987614,0.0859325912676184,0.0499062430495491,0.0239188323113315,0.0739233345187295,0.0753021763304041,0.0843719479471736,0.047960484019024,0.0219604265606327,0.0721383010060075,0.0729125564158388,0.0782411231410419,0.0426501538464352,0.0164592119653659,0.06730393511156,0.067062178149094,0.0807945826864823,0.0449408919446303,0.0187613676237367,0.0691209552245366,0.0695505259007999,0.0801368317980562,0.0444279708178475,0.0177439264038748,0.0685239218319525,0.0698833036878604,0.0858878929371555,0.050171666371838,0.0246747253643086,0.0737315357246768,0.0749615792448195,0.0790768993121984,0.0449237286406613,0.0185869098215403,0.0687929447029827,0.0697290978068512
frank,200,259,2.37192951891445,0.25,23.4938524243189,25.2142448794119,15.7490668856479,38.9397917083401,35.160641711751,12.6856545667435,13.5413367245238,8.83300721443484,20.3697427441057,18.4892838096307,21.1310943259734,25.6813742659929,16.5182592768905,39.1816523099226,35.1205028294947,0.0634890364570167,0.0588800631693918,0.0288137482286915,0.0978081219472969,0.0851115589481697,0.061973533400593,0.0646257931530533,0.0378399384305472,0.100982349004547,0.0917797668454807,0.0586434126212506,0.0630995932087687,0.0364077639355746,0.0975732898026715,0.0894446540695008,0.0587145549332727,0.0642051726590656,0.039863211821071,0.0980068349978316,0.0894163394223861,0.0624478927845689,0.0626821151645466,0.036415615349473,0.0984773686996979,0.0899642742729286,0.061638651459008,0.0641156909008711,0.0373955746496323,0.0997108659520596,0.0919195849626335,0.058401749553108,0.0628603071367862,0.0378826697504387,0.0973429661815345,0.0886067716269083
frank,200,260,2.37192951891445,0.25,3.92656063788006,13.0659323580189,11.0185004586235,17.666436814031,16.3254781360299,2.95109993396649,7.49716939146375,6.47887751864609,9.78621501603244,9.11877921162442,3.06954998349125,13.516219930487,11.9070977941163,17.9144410120644,16.2455152423067,0.0148111258268255,0.0373688970516038,0.0312605872778124,0.0481897372017127,0.0458135092125084,0.0024132274922958,0.0337083409288724,0.0273699122767241,0.043771216980416,0.0405748982961973,0.0112077045753665,0.0328549591726165,0.0263920181793518,0.0451901086124359,0.0424860559049816,0.00763089251285452,0.0343989493850959,0.0286569996253405,0.0455674733947917,0.0419772112539951,0.009047602877973,0.0327521823444689,0.0269449261503777,0.0439519279569571,0.0409179896565593,0.0115219097424584,0.0376648262260718,0.031606767127489,0.0479295786099803,0.0446483926105955,0.0102476738828412,0.0342837262999932,0.0284321846195888,0.0453144547153046,0.0426455401960289
frank,200,261,2.37192951891445,0.25,21.8718871114344,24.851818530243,17.7421636594113,29.6001182842531,29.6710034575871,11.8790787552459,13.3611598184562,9.8241311922432,15.7236970506039,15.7592077681641,20.3150363883865,25.4983334694578,18.7352169979104,29.4916072927946,29.5248283192694,0.0502013440551101,0.0662950729922277,0.0405751046722375,0.0751298151137747,0.0778381821128237,0.0588082367462209,0.0664163251704694,0.0487618952729778,0.0785479183548961,0.0781679548767434,0.0553670256199978,0.062538366009463,0.0445718930244879,0.0734657187589063,0.0742286773432011,0.0541124888140315,0.0624279369907276,0.0445615209010359,0.0744435720941528,0.0740261158103912,0.0534703806641848,0.0601583365743931,0.0434754767064065,0.0721036109698264,0.0715083631478656,0.047182764851681,0.0671196304435522,0.0479154983886527,0.0753368021709228,0.0753804878346777,0.0540115831457637,0.0621620354358576,0.0442983821226691,0.0732648976512039,0.0728392074421905
frank,200,262,2.37192951891445,0.25,10.8502527601237,12.744105501598,8.91292436981029,13.5825354312709,14.6417989036326,6.39558345086576,7.33779511295592,5.43198859928096,7.75489510712746,8.28191530509113,9.92417161996467,12.9148817014026,9.23697069700603,13.5021519657575,14.5866753059595,0.0310311044621707,0.0230669498309327,0.00870335301187361,0.0299264511379289,0.0390971586886787,0.0235099618298846,0.0249272763461751,0.012595877197402,0.0299811244106304,0.0321766298830316,0.0278721975532323,0.0310402549983385,0.0217667721208644,0.0329218134732103,0.036697953474666,0.0259012971016708,0.0313627245968793,0.021443292545561,0.0331151144561384,0.0354982328847028,0.0219984000477612,0.0325456664999875,0.0222257088227622,0.0344367388356291,0.0365678674296453,0.0320446911658115,0.0280274246697862,0.0150129229721498,0.0333219800532677,0.0379253363180321,0.0274688377349751,0.0318511693089136,0.0216499014234683,0.0343780637420136,0.0366736606066979
frank,200,263,2.37192951891445,0.25,12.4898652024035,15.7766422956164,11.2695548356422,18.1688256231156,17.7435621928635,7.21187616972939,8.84640790192079,6.60431812473489,10.0364451565536,9.82522842107703,10.7650919944248,15.8829684861419,11.6178382580889,18.2001512884686,17.0712323049474,0.0360215002788683,0.042654105759088,0.0313404443566296,0.0478406062043858,0.0480915662923932,0.0247436961828079,0.0292923711140277,0.0187200874960309,0.0368481987135901,0.0356736783910794,0.0295323912929998,0.0378862454733913,0.026354737554506,0.0429601210450102,0.0419749803086438,0.0312331366842,0.0399712289201746,0.0284791437283717,0.0461185588995899,0.0446565117692848,0.0284432402787047,0.0402114123978169,0.0278852334571465,0.0458151374503882,0.0443335038724185,0.00481191796511641,-0.00886617225915115,-0.0117539444985502,-0.00297345046014805,0.00638241157972042,0.0293031033698881,0.0393592479422897,0.0279512841880168,0.0451326477275813,0.0436320786884036
frank,200,264,2.37192951891445,0.25,15.9935465798463,21.9801163358796,15.8684251466347,28.3093216085329,25.2023739904622,8.95436933583194,11.9325145513088,8.89222053485904,15.081372752014,13.5360381515088,14.2172991628726,22.2068065225721,16.4948338173393,28.3241865441765,24.3569425520085,0.014772245549682,0.0587808048842691,0.0443323207000202,0.0713106387443889,0.0599266088329544,0.0404298161247184,0.057023565604494,0.041330549342982,0.0739400700362764,0.0660411458284309,0.0433263368486186,0.0582296448852822,0.0409898766119737,0.0740920620660299,0.0666256979682292,0.0407022214558342,0.0548341436681911,0.0384374168362204,0.0720833043933434,0.0632153812006463,0.0406447267832053,0.0565885228169617,0.0404969050189318,0.0721094461567968,0.0646587178881319,0.0263050752446594,0.00536082269747773,-0.0184514175403866,0.0393350566049886,0.0107613505201838,0.039849525543739,0.0550184816070048,0.0390367974720283,0.0707437080816477,0.06242472103913
frank,200,265,2.37192951891445,0.25,4.33416790163027,14.078352353914,12.4898364347305,14.7166225079472,11.3880395555683,3.1550639937595,8.00162031187081,7.21129959228937,8.3194277170087,6.66399595032095,2.58935870133916,13.9198496257096,12.9220134400925,14.4235533450446,10.059489026963,-0.0470734294129352,-0.0245724414320983,-0.0195788301702412,-0.0282977713353121,-0.0382322616098667,-0.000965861058919026,0.0320883212482124,0.0324289533464465,0.0279554226331304,0.0192532202360501,0.00128462505712165,0.0333014535857675,0.0312970562240276,0.0326622791419978,0.0196072453839722,0.00803878919969772,0.0361005422049304,0.0322022997264191,0.037619889645505,0.0277745246256785,0.0086044207005472,0.0374454222260115,0.0331939899482237,0.0380489209820537,0.0287588481062997,0.000693663447610082,0.0261158737546097,0.0228586356058721,0.0253700822094366,0.0231301690015653,0.00898992194424649,0.0356016859356303,0.0316303326931003,0.036672876619039,0.027247293824642
frank,200,266,2.37192951891445,0.25,22.328258374172,21.40199990508,13.0220097247108,29.7956739012295,28.9605128092037,12.1057637598246,11.6447518681733,7.47592021189276,15.8206930737201,15.405338897067,20.2994191388884,21.8549853673756,13.6931472923703,29.9328047312146,28.7221472212944,0.0592532159081336,0.0523335795674589,0.028006053537593,0.0761218682879935,0.0755247570588376,0.0563467402803121,0.0523469364524029,0.0308713980837546,0.0705161955438267,0.0717066649465704,0.0574397473690606,0.0565191934841459,0.0351017176867411,0.0775695003387551,0.0755129173234377,0.0558353810571581,0.0547657410543802,0.0340703446266289,0.073839571683971,0.0725973902864281,0.0549829566516996,0.0524168907735583,0.0313053110680725,0.0740525252842481,0.0704452950909524,0.0552863221557615,0.0568278179283321,0.0373952092342755,0.0720787795164976,0.0753202524143324,0.0551222840325661,0.0540744834072425,0.0327741395155361,0.0749345583344321,0.0724234236711482
frank,200,267,2.37192951891445,0.25,6.9148661442661,11.1537845534573,7.83219473904441,13.8212292541278,11.3887741460868,4.43780089287086,6.54673232798524,4.89452258922579,7.87370616937175,6.66375420687011,5.94665872958301,11.0689008105609,7.88998751014529,13.7339089711083,10.9640386956379,0.0216588379789417,0.0324840265416335,0.0239370872473567,0.0395084795159266,0.0299780785799528,0.0204604816327833,0.0320254998128471,0.02387528473211,0.0373997733790119,0.0317505099061693,0.00810325493097603,0.0261182742744031,0.0199581272969667,0.0295364026987953,0.0232864842645157,0.0164662100154891,0.0286122112539542,0.0199922121975714,0.0351276579960322,0.027823307699979,0.0198458188024278,0.0293359345773149,0.02014065331164,0.0372503518006168,0.0303752398936757,0.0176514320056943,0.0323804015484784,0.0244691884435512,0.0390952679593673,0.0316214023409791,0.0168449001308823,0.0268167396803969,0.0176131921840932,0.0343105542267274,0.0272996523368408
frank,200,268,2.37192951891445,0.25,26.4940457195644,45.5161445312533,37.9337876933318,50.3325237848928,46.1509207286713,14.1790409287764,23.6416157826415,19.86961721611,26.0379688327735,23.9579809875336,23.3925856515808,45.6033543710838,38.6633055337746,50.2965114746319,44.8392887211179,0.0473089007229498,0.11141590008811,0.0982421250322415,0.0996166901037655,0.0940471486222116,0.0701056089068962,0.116290816816772,0.0955479363408704,0.129108595637913,0.119443202575502,0.0630890808236612,0.115491188651518,0.096839912054987,0.124937403866542,0.114616437954864,0.0645053278543659,0.113858918507388,0.0944109056481338,0.125696706394044,0.114872721827677,0.0649363133241663,0.114248137692438,0.0958379004072606,0.125179414132353,0.113931913551629,0.0712008313118148,0.108617613105915,0.0824293712352627,0.12830641266771,0.117981332616894,0.0635097157227144,0.114326737711469,0.0954286003151492,0.125634357043093,0.113505591286879
frank,200,269,2.37192951891445,0.25,26.3008403432081,21.6230318100879,12.6584398489066,27.7759067462795,27.4531881218195,14.082123129603,11.7552595884457,7.29570008199118,14.8160733655113,14.6559030162863,24.4891743307416,21.9479174481713,12.9963553848504,27.7423223177119,27.3575160631248,0.0681686114723915,0.0357354548892699,-0.00819472218723437,0.0704947044781288,0.0661054184275284,0.0644088023787851,0.0425360417269782,0.0181459766781969,0.0601573498924762,0.059088442332547,0.0675757080064122,0.047983240883506,0.0218841996011909,0.066911563943288,0.0668135982572291,0.0672401807469579,0.0531397237436668,0.029754214720646,0.0697239155649169,0.0682304599091594,0.0629376104228115,0.0511294526136354,0.0279693109829365,0.0666317016516011,0.0640174326874648,0.0703729580190771,0.0536440595677425,0.0291568951181003,0.0698903399905564,0.0673823315621834,0.0659268604936195,0.053476708209867,0.0303097307739531,0.0694151018359111,0.067874350703519
frank,200,270,2.37192951891445,0.25,37.3929465655171,26.4274560901902,14.0399646658375,38.2428059134017,39.2249173214848,19.6004065025629,14.1450814455932,7.98251803883216,20.0231627136776,20.5117491926643,37.4355750040232,27.5595440140039,14.8437453513121,38.3558164861918,40.3428349120349,0.0969468383038417,0.0709059416787626,0.0400048385186708,0.0995561019522413,0.103061323523746,0.0938578558553557,0.0671951721010554,0.03620810593245,0.0988795099891772,0.0988184751379903,0.0907857822738057,0.0628341237484812,0.0305228620403521,0.0915307478203812,0.0942230307174825,0.0939306958730238,0.065498638826176,0.0339414588605534,0.0953795685016447,0.0981433853272243,0.0934496133184755,0.0698075361620926,0.038549264572493,0.0982581503697451,0.101132897886117,0.0960022300968102,0.0690002137693947,0.0384292348092369,0.100369398324535,0.0979098710936461,0.0927411781417116,0.0662608282502592,0.0345827242756213,0.0959645484842516,0.0982801317203061
frank,200,271,2.37192951891445,0.25,19.3687249024661,18.9102654046672,10.5313380669242,33.5091575292062,28.625443270695,10.633700894868,10.4049886146965,6.23696474875219,17.667790965009,15.238441716255,17.0276605201431,19.4458220631269,11.4177457355558,33.9106916337622,27.9530784281067,0.0471520482513979,0.0492480955247882,0.0302713105870305,0.0744963330889299,0.0705495530305498,0.0438290621703004,0.0444645803056785,0.0232303005134407,0.0827132504595667,0.0700689141476304,0.0488784375842687,0.0483251699684888,0.0259171193060902,0.0861432060579615,0.0732986330372129,0.0489447505778037,0.0488352884749484,0.0268681584226611,0.085441147177375,0.0727480271173149,0.0479618417950583,0.0466247612082,0.0230503674577677,0.0852917209569724,0.072314773098332,0.0516747063414226,0.0522712082835537,0.031218543889194,0.0867020114014516,0.0754941856695231,0.0475093619728559,0.0470669583142508,0.0250652782571557,0.0843846596511833,0.0714070460921783
frank,200,272,2.37192951891445,0.25,21.7065055030225,21.6021242598313,14.3089660820229,25.9827333783736,27.2786537896264,11.7969308624457,11.7443276646188,8.11599313183906,13.923919797526,14.5688111480178,19.5591407274148,21.9755854027433,14.9606191186573,25.9416900365045,26.7771026105227,0.0536509610244518,0.0372363093357814,0.0137242597967689,0.0614986032160948,0.0585731028727269,0.0578440165152685,0.0569594335771857,0.0392185122277668,0.0671361589781108,0.0697783852274744,0.0562310719781164,0.0543556848004254,0.035469764446674,0.0657281921410522,0.0685507001919039,0.0541514103213791,0.0548533476582184,0.0363570273493075,0.0653534942517884,0.0685660197926487,0.0537964113672793,0.0562094509193865,0.0374990929772103,0.0665741164557822,0.068932043810147,0.0584519289206386,0.0575852516114306,0.0399459755676794,0.0675675396578733,0.0705766202000721,0.0536421732446569,0.0552354116118321,0.0367691150701167,0.0654867230577952,0.068649455958295
frank,200,273,2.37192951891445,0.25,45.0972069137813,25.8829366918303,11.3662141623743,40.4982221174231,39.1829431969058,23.4333948226257,13.8746581022793,6.65293123387305,21.1453390010319,20.491399286081,43.0856713577193,26.6804283184823,11.7974114188243,40.5852830033823,39.7438039402427,0.100816996867075,0.0697058396125272,0.0329417101623013,0.105626938862237,0.101375126970077,0.116440225109888,0.0669487214692339,0.028117485475253,0.104954253018645,0.101143292338074,0.110784596669785,0.0663148285593447,0.028769417931773,0.103396113919487,0.0985381469569273,0.1106081968265,0.0636417970621278,0.0268001466146576,0.100704655509426,0.0965934121190183,0.114521580737336,0.0654500041581508,0.0276799629544012,0.103315677630721,0.100315692912325,0.112488567752375,0.066371385994976,0.0305755945253364,0.105369495789116,0.10101680576716,0.111971798361619,0.0636922583237958,0.0270226350119269,0.100933280688069,0.0968905265234861
frank,200,274,2.37192951891445,0.25,31.2652263759139,23.3577586199316,11.4384431803044,40.7891685249254,31.8000274116851,16.5526498661199,12.6183924699122,6.68897895320459,21.2900510959057,16.8192465862742,28.0055202597535,23.6582343243914,11.9713632900135,40.8916009469646,30.6789551395044,0.0799733852031061,0.0633890413929648,0.0334834771688249,0.106750442708477,0.0841857567408974,0.0749020610525779,0.0582461578333238,0.0251193045706543,0.102667961644709,0.0722151258242672,0.07741696428674,0.0526540745303876,0.0205163803986162,0.099959806678733,0.0733125104731904,0.0757051260142649,0.0535156517792209,0.0215171179040229,0.100777342963594,0.0735695589843309,0.0780899753497437,0.0570521422586603,0.0254792708496262,0.101307547101063,0.0764253449000141,0.0625608161345124,0.0614621366547492,0.0335798460546636,0.0877642282450257,0.0709258781707241,0.0767566168714353,0.0577990777540997,0.0271001097781008,0.101960426314752,0.0772136913868225
frank,200,275,2.37192951891445,0.25,17.8380141713765,22.280654852621,15.5784635756111,29.8478533894222,23.9290393864029,9.87283782596811,12.0823788038475,8.74826191684586,15.8468814212844,12.9033378760155,15.3786031558512,22.3852820498671,16.1442217141883,29.8073226657906,22.6546097917173,0.0108164432669798,0.0570266025944834,0.0438759461059284,0.0724333164757021,0.0477324665398893,0.0458692999048615,0.0601199562637814,0.0435928367208472,0.0775433951520001,0.0619775580280155,0.0349007409967152,0.0525315691406252,0.0371496023834695,0.0678319167863956,0.0487985909842991,0.0424285927825027,0.0561250302990282,0.0395859941896122,0.0749660690223345,0.0585336040138936,0.0439890949259651,0.0536867586050461,0.0350259536477948,0.073811878048999,0.057063910326673,0.0330056195238169,0.059848728110303,0.0435393240542671,0.0758365881128304,0.0622859480588397,0.0415248920220701,0.0548041746162295,0.0379392806829485,0.0742827588896139,0.0556698691869986
frank,200,276,2.37192951891445,0.25,14.4227114557024,14.4177536834764,8.70825581977579,20.7341074561158,20.8901212102583,8.17284862781539,8.17002537570752,5.3297808062543,11.3125621068938,11.3899683462158,13.0500800586905,14.9008252303695,9.41600945962961,20.8431454038267,20.9834425295502,0.0328278035039865,0.0402488240625358,0.0265363298157373,0.054402355869626,0.0545226153804249,0.0320418879739455,0.0250253978519519,0.00985447023106681,0.0421912561500929,0.0449073585708849,0.0371684191564883,0.0366200637154716,0.0211872853760887,0.051245720309304,0.0530193515146416,0.0353351765711377,0.0368242236426503,0.0223164313249858,0.0522492110401514,0.0531058568635719,0.0385726507591982,0.0385708757408025,0.023863039720832,0.0545480253437252,0.0554066174391548,0.0347841803934221,0.0394352804413541,0.0262013354787403,0.050439702798266,0.0483553766670896,0.0365239449144334,0.0370699186878674,0.0221981034205172,0.0527335603475381,0.0536698498505504
frank,200,277,2.37192951891445,0.25,17.8808758663356,25.8141912259275,19.4035748287232,33.0986285396175,28.617826166526,9.89380841457572,13.8400876473076,10.6512583668673,17.4639117956216,15.2353044177013,15.4075293755352,25.9125287080478,20.033377957921,33.2104318360259,27.504600753666,0.0487798827601734,0.0679866143032722,0.0520685744810023,0.0870290049880349,0.0741749563113877,0.0486407157486053,0.0666655824644747,0.0499523180760758,0.0865642745957368,0.0732378737759891,0.0436868715068318,0.0655312945362432,0.0490334892088133,0.0823590781984127,0.0715172595297966,0.0439461630710891,0.0661656933972407,0.0501566359352862,0.0833980522101344,0.0713741715927366,0.0471131059906936,0.0666413173545612,0.0491931754753225,0.0853366703384291,0.0732392029838656,0.0468058751921724,0.0691276752163741,0.0534210187997228,0.0811528613536092,0.0757249131098711,0.043926056977116,0.0645434361271105,0.0474872854299333,0.0830303893733091,0.0708244762325851
frank,200,278,2.37192951891445,0.25,21.8922067164014,17.8405097839883,10.1440861753181,24.5917552114432,25.8233111934144,11.8885692049947,9.87293641654616,6.04404830767483,13.231852179016,13.8445737736111,21.1319174887225,18.6110292753937,10.9306099196168,24.6317625676856,26.2946475244931,0.0552685180990171,0.0481995691530627,0.0297100151927459,0.0594286688041242,0.0664462903038219,0.0580148456214782,0.0473540421272446,0.0278705835989998,0.0650646076841559,0.0679723738203194,0.0544822337461033,0.0470316223925682,0.0283004599334884,0.0636644968142594,0.0654147896120686,0.0552615930631112,0.0470060684228089,0.0276272085874524,0.0623253156793122,0.0657199185743824,0.0559302910636364,0.0454674391622647,0.0259193326433511,0.0621528975875214,0.0658014151880371,0.0596129544912759,0.0461263793175827,0.0222914540519598,0.0664720851184824,0.0681680274089948,0.0554182444030622,0.0456046764988705,0.0260008401740201,0.0621127911778875,0.0650603083548893
frank,200,279,2.37192951891445,0.25,28.8135854664123,39.3398877074345,29.6260068180478,48.2272436089095,43.7765952459281,15.333191118995,20.5689531169588,15.7365736644871,24.990567002902,22.7765755533635,25.4322052878385,39.5095042849563,30.3791903213042,48.2074299814499,42.7689164227895,0.0424676390286966,0.100652510973269,0.0771471807697465,0.125196607194005,0.105207303903724,0.0560068073563939,0.0942850206875324,0.0739885649150471,0.110558903721183,0.0980761589911925,0.0679086410438001,0.0991371818514311,0.0750582550875327,0.121360798760097,0.109144542009314,0.0704629587228272,0.0995841487592542,0.0752462971377211,0.121429792146778,0.11001537088938,0.0699470883176735,0.0976246090891718,0.0723254471097062,0.119421728860441,0.107850319686055,0.0548215513252999,0.0966127098660518,0.0770547298475614,0.106433565307257,0.0932506257547804,0.0689873488102524,0.0990716876957467,0.0747983072101818,0.120433337975305,0.108648976007683
frank,200,280,2.37192951891445,0.25,24.529490012175,22.6332496480553,14.4957105691204,28.4487949226274,28.1439351119061,13.20127453441,12.2578093104821,8.2098645459698,15.1506455265373,14.9992185729212,23.5105756792103,23.0821700543528,14.8294990500918,28.540669514751,28.3943112248892,0.0642501511541084,0.061376415918712,0.0383292270918154,0.066123030947419,0.0753585170602951,0.0545012974799858,0.0489514741319324,0.0290337332978968,0.0563953489017018,0.0621993679780044,0.0616062330998185,0.0575126546721178,0.0363752278994712,0.0717733780898115,0.0712589389543985,0.0602900807006249,0.0560751162586624,0.035992053976792,0.070925607736079,0.0693798129633754,0.0586530736399337,0.0513251625094709,0.0305051684198342,0.0686151748250077,0.0650808898988335,0.0662813039073295,0.0612119961706989,0.0412298707966487,0.0695565158020802,0.069636787932177,0.0610144681444984,0.0567584796608735,0.0357155964832875,0.0718448818421986,0.0707842343766107
frank,200,281,2.37192951891445,0.25,29.6371730211327,26.3404819158617,15.0846682954183,41.3255352334641,35.1673275006992,15.7425760796577,14.1021451286472,8.50300803179339,21.556874152317,18.4933274788004,26.6860759790513,26.6635188884005,15.5135378086013,41.4369924966701,34.9127604934629,0.0651226359867822,0.0519850975806422,0.0245940649808916,0.0954922105532182,0.0819572648513175,0.0719848094967491,0.0652133360473041,0.0358583386315951,0.104734108766494,0.0868302905745403,0.0746544522997559,0.0691217849719299,0.0404534144345927,0.106447340416385,0.0916149281895853,0.0729159681316048,0.0637941515414543,0.0331260463291593,0.103692779140283,0.0874268148813837,0.0738503474903467,0.0676125409803741,0.0393803619834739,0.105705418270181,0.0891449699723262,0.0722784604516889,0.070400417065,0.0427097929989765,0.107696813028239,0.0917494743280661,0.0723806454205808,0.0657944192893827,0.0362276731940231,0.104351134938772,0.0882053005669988
frank,200,282,2.37192951891445,0.25,10.8507058450252,17.0405246739241,12.6880392445396,19.6560213250638,17.4683788351526,6.3960727680608,9.47519173066552,7.31009392112903,10.7762627865199,9.68848513010098,9.20898610262274,17.0297953420569,12.9271806415308,19.756775548674,16.593935236835,0.0296017116279364,0.0408804402754244,0.028656979306127,0.0510201853847782,0.0410751513069467,0.0196352811090459,0.0444712645564471,0.0345959338286533,0.0495497706095524,0.0411820368046624,0.0245233529626842,0.0412849224812882,0.0278658911048538,0.0497284049816796,0.0419656949496102,0.0263153027335719,0.0420716730971533,0.0311828025378311,0.0483663088271121,0.0423015620540021,0.0227487847924438,0.0409406387517226,0.029401636289868,0.0483304895801623,0.0401933423692566,0.0311841937492279,0.0274710164515433,0.00976111985763266,0.039397588663594,0.029139043021283,0.0259950803774529,0.0416610513366382,0.0299295703006667,0.0491794366998886,0.0423655058433835
frank,200,283,2.37192951891445,0.25,31.7072118292446,25.8591255449108,15.2954233105155,34.4581519137263,34.9075077424116,16.7719620949635,13.86229343019,8.60700045364812,18.140234533867,18.3644913128299,30.5377825465221,26.6733927795956,16.0340209918252,34.5989281864212,34.9728720067184,0.0838465676855644,0.0682151246890715,0.0399464295264016,0.0889801068235161,0.0851826812841504,0.0811129296499827,0.0691075061825544,0.0423925067676865,0.0908543246945211,0.0917475363809593,0.0809044259112762,0.0674066052251761,0.0409050816957979,0.0870467709144714,0.0878994604119671,0.0796353097999037,0.0656106008097936,0.0388077948530746,0.0873944594228931,0.0866493191996769,0.0806107403958867,0.0665984267012789,0.0384342057417447,0.0873834208671128,0.0886554442134859,0.07578019446178,0.069615314088433,0.0432276834533571,0.0863132532629423,0.0920964399593706,0.0779416599925391,0.0646592794370996,0.0382760344267719,0.0860434812011326,0.0854684058968269
frank,200,284,2.37192951891445,0.25,13.37708272777,19.7314702888674,14.2235952960483,26.8260113123684,22.8556275818942,7.65253418850455,10.8139141677948,8.07423750242625,14.3433212502525,12.3681962574374,11.8906056121759,19.8820674851058,14.6192808139642,26.922082241242,22.4996174151724,0.0383652579552791,0.0484457879665296,0.0283049169273348,0.0692099885679451,0.0571530557328959,0.0256791371385007,0.0483498195241231,0.0328663924901936,0.0640335431175016,0.0547250156405071,0.033810916246952,0.0462454886793704,0.0312130830780993,0.0660900579641246,0.0565356034180353,0.0335549280332907,0.0504844890543387,0.0355599004879212,0.0685443440309376,0.0579805104817327,0.0314795043395427,0.048490667670732,0.0327771287386484,0.0665500032650153,0.0558586139144752,0.000655229294181194,0.0458771345560371,0.0379248598367072,0.0597407718715248,0.0397383649291189,0.0331241713878922,0.0489964849137588,0.0345543768668051,0.0666104103350377,0.0565819867331211
frank,200,285,2.37192951891445,0.25,18.6881763171981,14.9677513455178,8.80416478243659,17.4452418098608,21.2068924085597,10.2944364144278,8.44368761876337,5.37734817726352,9.67644496681372,11.5478474960106,17.9546630261393,15.5206382247933,9.31490847057622,17.4841781908185,21.5294870487621,0.0474689234242023,0.034010198909149,0.0184736892892514,0.0412093027554248,0.0508181877200271,0.0481099388646522,0.0342513317110437,0.0191822819471104,0.0396143518609523,0.0487834177295431,0.0494197305266291,0.04005568634015,0.0237857132592221,0.0464137988517334,0.0558785463923065,0.0478457790022654,0.0375388904090161,0.0221301230870569,0.0435282747410655,0.0530227074281567,0.0493698140678958,0.0402580735141085,0.0242685567491961,0.0466167539842713,0.0560772176935172,0.0513519227336253,0.0411055470410456,0.022419336709518,0.0481686448948676,0.0571384465299849,0.0474446891987254,0.0378786162935417,0.022335371942728,0.0434274039594172,0.0530467027483057
frank,200,286,2.37192951891445,0.25,6.4171572568767,7.40627904462619,4.40893395412854,9.94244747597738,9.09820095145844,4.18996346407157,4.68222898110288,3.19119812986908,5.94399417930769,5.5240794184118,5.81971197159162,7.53775142636288,4.68175049601025,9.85880400362248,8.90285881839964,0.0113218328446055,0.0160076484587926,0.0128857437172119,0.0152911068160615,0.0147951713968545,0.0189110980777194,0.0215972505506781,0.0116176999775941,0.0282942764452778,0.0266628530222714,0.0138546505466038,0.0151743096716883,0.00860657355316451,0.0221291176897177,0.020662057672705,0.0180906445375129,0.0179294996188659,0.00929059406171372,0.0248549491326718,0.0225745280345192,0.0188728459417345,0.0208404805697091,0.0124182455712631,0.026547696527103,0.0248912249667727,0.018038806423346,0.0217484327210688,0.011689345663563,0.0297615062508804,0.0277025950849514,0.0168422860944234,0.0185403554194431,0.0105674553958906,0.0249740720677451,0.022811325776194
frank,200,287,2.37192951891445,0.25,14.4729592365505,15.3000680549967,10.8008673974932,14.8618622313053,19.0365600951638,8.19728505113723,8.60914244161398,6.37098189622951,8.39117507362887,10.4679660169192,14.7648643119551,15.8399757610619,11.21691868489,14.9082705827662,19.6164896316662,0.0411120868666507,0.0429308546382707,0.031004128437056,0.0409033412709579,0.052515758545446,0.0381947109909611,0.0314580902746202,0.0177861069920589,0.03647347040042,0.0459989445233876,0.039128224006838,0.0373391277066556,0.0244843919078211,0.0346069035035723,0.0468452729240907,0.0378581387081927,0.0391618676168993,0.0273112497486242,0.0385064018365077,0.049206020892715,0.0341095048144617,0.0361938453307317,0.0255593769156347,0.0355267523014295,0.0448191972291402,0.0390334829304492,0.0357794568262449,0.0268619055476996,0.0271487096015952,0.0450339859384246,0.0367797011087576,0.0377475151677888,0.0259180974276247,0.0368548424876393,0.0476061093314106
frank,200,288,2.37192951891445,0.25,12.5907277382726,22.9485498628627,18.0974913143734,29.0987766769436,22.0648295172332,7.26245434871292,12.4146503697608,10.0012688284528,15.4747526340942,11.975635178471,10.2392274018783,22.8072813239518,18.7019101315236,28.6667000160043,20.797067441814,0.0271591803438512,0.0573299817467782,0.0465185631781133,0.0752588322188302,0.0555921954853281,0.0269983485149052,0.0527773240262029,0.0407341016917644,0.0689922245624682,0.0473892455327952,0.0256020864238805,0.0554788150877146,0.043490378559322,0.0702008975017011,0.0526908656202074,0.0311079746834627,0.0586591019201945,0.046228591241501,0.073351753682033,0.0556866167742706,0.0253514285664828,0.0557136912281677,0.0453429062289522,0.0675965198338869,0.0491187484802957,0.034094884958332,0.0581724823666889,0.0442791777122067,0.0753847960832068,0.059748664271721,0.0299563461284332,0.0575797761517022,0.0452648074864075,0.0718538058412865,0.0538486573795844
frank,200,289,2.37192951891445,0.25,25.872058676983,29.2520795672884,19.6791818846289,40.6612382712334,37.5354800189855,13.8685270640849,15.5502329190771,10.7883409973684,21.2260509846416,19.6712374098287,23.8411709654131,29.739091846551,20.4315169954819,40.9428861032788,37.2809966357518,0.0677806561619213,0.0777305553069345,0.0541630299248078,0.106233066704258,0.0982862279640127,0.0658345993838498,0.0711197607663,0.0471342834119263,0.101275902968542,0.0942971426015101,0.0681585456648631,0.0746097008595283,0.0486107315793842,0.105266612131126,0.0964962057231871,0.0661344642274537,0.0739605223021145,0.0488962959020554,0.102683006469558,0.0944922067643098,0.0675537895371128,0.0719857866009465,0.044920376432401,0.101686800087961,0.0936541683617796,0.063734557735438,0.0592182964780641,0.0367545260404999,0.0806056454720369,0.0870773787785436,0.0654985774047056,0.0742701798799389,0.0491376350324727,0.103020747337216,0.0948436478280257
frank,200,290,2.37192951891445,0.25,12.967843835894,20.39772703135,16.1338260057549,21.0060202227765,20.2002684196579,7.44884720541407,11.1454960747628,9.02443278966758,11.4481422640567,11.0477468902647,11.8688262339718,20.4481673742547,16.4397191110398,20.8875486345177,19.4788513467833,0.027569634137846,0.0494914151952888,0.0416611846460877,0.0352913138758759,0.052261862554147,0.0351550293426188,0.0508538196328234,0.0403318514713591,0.0515788299292082,0.0494347169333628,0.0335222158159391,0.0526603658905865,0.0416359117396749,0.053258413888753,0.0508245136627343,0.032807056916046,0.0517972056583894,0.041312033465702,0.0524610263798878,0.0506929644347482,0.0331017928314625,0.0526857984038632,0.0421141609818704,0.0535644643689245,0.0505767059646993,0.0283119862617787,0.0446397075637085,0.0355967225921521,0.0408674829180498,0.0381511712017295,0.0332962028033016,0.0515034459223912,0.0401352776558442,0.0531635362023528,0.0501361932825906
frank,200,291,2.37192951891445,0.25,26.018816358258,23.9715798105072,14.6716546677933,31.9967321929106,29.1607541268411,13.9427539303687,12.9234353674748,8.29670511710838,16.9160326303322,15.5057179673355,23.1879146625122,24.2456869704278,15.289228127209,31.9228930794514,28.1403610041767,0.0659041305281521,0.0620531069615325,0.0401780151303774,0.0799261662681052,0.0737309725518461,0.0639384545537382,0.0645567573503586,0.0410715848219796,0.0835873557813498,0.0760353492948186,0.0634828275583527,0.0598739687483886,0.0333031110189773,0.0808832219103151,0.0748714142414548,0.063820850349456,0.0611318028384721,0.0378687763655696,0.0804101716440976,0.0724845526541622,0.0659206892144486,0.0599566460284934,0.0366650508484567,0.0810544425714291,0.0723110979926599,0.0668773429739427,0.0627582359931744,0.0405035893627048,0.0789278037114048,0.075576630045173,0.0630011171154257,0.0598269480789855,0.0367977378645013,0.0795653075037561,0.0715124876176385
frank,200,292,2.37192951891445,0.25,39.8473951469701,47.7653672805746,35.4810050286043,53.5778801489432,51.5726696166785,20.8218834957481,24.7608154815118,18.649608673216,27.65245284283,26.6562259692345,36.5616889240615,48.1945339591887,36.2689614415691,53.6011696305864,50.1924994190759,0.104428700829649,0.124391154204957,0.0936310073469443,0.138849762899138,0.131905472135803,0.0873755893512783,0.122322982243312,0.0924528508070392,0.134086051164947,0.128927094358346,0.0985926102712763,0.117643071869616,0.0862536505714412,0.133996453358035,0.119489685259499,0.0989218981625259,0.119898997051947,0.0888789996319745,0.13440138993458,0.126305975856247,0.0995622913666319,0.118865485628593,0.0876780701932071,0.133440043926265,0.125457026047004,0.0945729015108795,0.123230386824679,0.0936326780112715,0.132785244530357,0.121930339323409,0.0989541485980809,0.119197807533818,0.0880632472884709,0.134200563766271,0.126179524739893
frank,200,293,2.37192951891445,0.25,17.4368767691179,9.8391848955241,3.58946280613239,17.3260157478818,15.5146621980935,9.67264319649373,5.89308293435379,2.78436269897254,9.61718401133522,8.71623328758621,17.6800457552308,10.172854605723,3.53373317592551,17.363957281372,16.1026164139613,0.0480010545496028,0.0271959031004323,0.00796190407217133,0.0477910536165954,0.0424570709150981,0.0463756388927207,0.0282779062751408,0.0106086867547342,0.0468801277778475,0.0421839528600462,0.0450771375892975,0.0242111498620111,0.00677059915265612,0.046073775556199,0.0411328726138072,0.0420196360480451,0.0213472791846941,0.00505975708662052,0.0418043365644298,0.0364287426669173,0.0386950946026649,0.0209429505125818,0.00644069886768934,0.0407841104207351,0.0333460002476727,0.0485088133695786,0.0282866472516551,0.011455625843696,0.0480011928178549,0.0423609928165041,0.0432797473540945,0.0227179248521568,0.00595116206245241,0.0429558534994559,0.0380751289762575
frank,200,294,2.37192951891445,0.25,23.7792566364491,29.7277970591387,22.6699755476051,29.6247881693898,30.4299344491543,12.8276575469437,15.7872584179612,12.2759312596021,15.7363355367082,16.1371709133152,22.9641827233903,30.1653811197466,23.2119373821689,29.2530984581633,30.2812287523091,0.064428226290176,0.0724266678938312,0.0515073498678791,0.0773917028973386,0.0765041840732155,0.062693404707206,0.0759875299227415,0.0593808597446859,0.075107993115952,0.0765667650010336,0.0614332423929182,0.0740613060387156,0.0547500116297379,0.0743093946605371,0.0766228989625359,0.05729727398518,0.0730626239519818,0.0556433414494519,0.0717052743698147,0.0731132704655084,0.0600732142336639,0.0713429779540811,0.0523767674656117,0.0712889005383599,0.0734674004429993,0.0487030837465375,0.0692284165668168,0.0543366510843656,0.065140780874229,0.0581448226215905,0.0590844570162135,0.0728321205981382,0.0554805282875829,0.0722347841256104,0.0729309400479376
frank,200,295,2.37192951891445,0.25,41.1061704840225,30.7363138813883,17.4254700489755,41.8744747276783,41.2570765527301,21.448183533562,16.2891506415103,9.66738750735126,21.8300853823391,21.5231999597929,38.6280682743809,31.3441621585621,17.9276341572492,41.8618027186865,41.2390991533805,0.100755718951688,0.0803362562876013,0.0399380796486065,0.109376283122241,0.108097850446252,0.104740559405729,0.0782283696273952,0.0420723796503089,0.107796422447217,0.106053738544916,0.103876865176413,0.0723699445238574,0.0370409237477266,0.102505728191502,0.0998451760789923,0.102871058276377,0.0758061193129251,0.0419710450274358,0.104922593201986,0.101936977560846,0.0994688296413186,0.0764661423347411,0.0428860244937829,0.103459388805364,0.100934635626448,0.0959385966353952,0.0808859488508027,0.0481595768111535,0.106023875722509,0.105056989367314,0.102173853492931,0.0771707401768437,0.0429219065342447,0.105322206036607,0.103450097479429
frank,200,296,2.37192951891445,0.25,8.94322542526705,13.3564322796158,9.41384059060369,18.1009441251599,15.1649789596399,5.44740985966255,7.64215443781575,5.68076060431109,10.0027160133447,8.54272593100549,7.24536510618948,13.5227291406791,9.99988801947334,18.1100536387569,14.1708133173239,-0.0295664448806294,0.00916454198870089,0.0132736299173741,-0.00490607311074296,-0.00456064103158009,0.0219343001854931,0.0325436342968224,0.0220991615356673,0.0437396598258891,0.0355205660890857,0.0223561821021062,0.0332530144677984,0.0228970597184232,0.0466188075794896,0.0385027158533428,0.0237194945362533,0.0353664743676298,0.024652640650274,0.0468560230076189,0.0386694642418576,0.0186694657483324,0.0342025646513812,0.0252926513013762,0.0436743886761591,0.0358684937900024,0.0190952439586888,0.0225487013266599,0.00650729210305116,0.0436209369538696,0.0287468444098844,0.0218117351641453,0.0333435019124565,0.0233348209909763,0.0446999943586814,0.0363431383005334
frank,200,297,2.37192951891445,0.25,13.9637925103724,21.7678571261414,17.3806102260863,22.0522057660671,21.2609194821298,7.9446643042355,11.8271399254319,9.64475296830151,11.9684411933238,11.5755181930568,12.7812303473785,21.8894885877247,17.6375224140473,22.0758914326689,20.6616585365301,0.0399094746349176,0.0588656688307182,0.0473790204741036,0.0601146781011349,0.0572705017440489,0.0340633802625766,0.052830057917167,0.041139376236592,0.051946550357395,0.0481571461583514,0.0336377678131927,0.0523029237863227,0.0408879224154354,0.0540978084268434,0.0491949604977122,0.0349500836884097,0.0526518962975053,0.040718591207238,0.053648566296625,0.0503777767291425,0.0343901412706293,0.0531730097872481,0.0412105825443152,0.0534695204203593,0.0501529351028689,0.0388945632997235,0.0382616095200875,0.0101477863820287,0.0519175490857153,0.0512168550451932,0.0341729835778316,0.0540163237091706,0.0421691523309871,0.0554290152174013,0.0517044744554367
frank,200,298,2.37192951891445,0.25,18.9048168736916,15.4755170273182,7.7357463751831,26.2626138360044,22.9889290567381,10.4026181946492,8.69656154592618,4.84637716187546,14.0630462693786,12.434496310175,17.1889038108107,15.9193228157214,8.30675215212027,26.3728298728121,22.9560087351526,0.0487783575972247,0.0425386231129703,0.023436500218511,0.0631592271579508,0.0594974138443889,0.0323658750825836,0.039647292090221,0.0223131686260775,0.0621523494552521,0.0508240727224428,0.0482475537910241,0.0376501586543368,0.0176813645124553,0.0617828835210224,0.0559494255464978,0.0487409303700595,0.0405480483824756,0.0200511790172423,0.0674225756046446,0.0595557273596881,0.0475909579932002,0.0376373219351954,0.0167777959831423,0.0644179667513619,0.0568224346730955,0.0518208957634204,0.0435159845122953,0.0240958460361176,0.0695238616812251,0.0614153479554859,0.0471077055484758,0.038761024354598,0.0184136853386904,0.0662477921376673,0.05772843816441
frank,200,299,2.37192951891445,0.25,44.0467691330446,39.3355871852675,24.8915885673719,49.2127608987323,51.1424221216457,22.9104454852911,20.5668270633315,13.3812538120463,25.4806457511236,26.4408749780593,41.3425881721819,40.1319079885118,25.6869899973058,49.3567040189691,51.3799911065529,0.108512164024307,0.102013422702266,0.066681780165247,0.127613896793497,0.132087745869339,0.108103274046693,0.0931857290072273,0.0565508573673539,0.118777971210518,0.123093592208406,0.111792638208979,0.0994877409738688,0.0618985913445195,0.124651096663845,0.128840809814376,0.109616381698713,0.0977108678147684,0.0611401905650586,0.122657272691748,0.127770157109959,0.110039768160635,0.0986195822625569,0.0630422190125345,0.121893940201477,0.127438496110843,0.114800863036714,0.0838825753654006,0.0419901260037506,0.118261163930665,0.113083694481107,0.110369074601675,0.099060480938406,0.0625366333751005,0.123668162487665,0.127993168214469
frank,200,300,2.37192951891445,0.25,10.5892223099692,11.6283581286204,6.70721532773556,18.6732935551018,13.4062153624878,6.26659846976599,6.78300478822204,4.33492606664205,10.2877511377284,7.66771439297457,8.48408976950893,11.4955618272366,6.91118182929959,18.5150853931377,12.4756403059746,0.0296792501938493,0.0338260464328712,0.0208939175847364,0.0513404368612941,0.0383184436783673,0.0188663837808847,0.0161744282291572,0.00243773166120292,0.0383807755927452,0.0226037111994714,0.0230243314823876,0.0284366005845702,0.0145942449676415,0.0482464906093456,0.0331395825376485,0.0262801027292007,0.0294604896976252,0.0165718350106151,0.0474538078968821,0.0336891519798559,0.0192455680334723,0.0264654806092837,0.015192975945068,0.0443569717170406,0.0291888063800328,0.00964906254310544,0.0131767032221916,0.00492602109296722,0.0189745816986971,-0.00749920190708064,0.0247725995263679,0.028597672853021,0.0156605102794369,0.0465260658156351,0.0326270298975446
frank,200,301,2.37192951891445,0.25,15.4540876612026,16.625861183897,11.2512498071983,20.4937814445174,19.1399605996885,8.68705010990256,9.26892036522779,6.59495126978084,11.1933436895286,10.5204109101993,13.5960482743394,16.9426201134607,11.9509901074074,20.3312636656836,18.4768593223211,0.0435583133739393,0.0451689947755044,0.0322041308626282,0.0539181917260345,0.052839753763107,0.0386835876578983,0.0435738386688894,0.0311153511720053,0.0534984303088597,0.0471249860472273,0.0401581792434404,0.043921817563803,0.0303675136326633,0.0528226811266386,0.0492013888469357,0.0348628159585927,0.0401636805189631,0.0273764407569677,0.0496256560756695,0.0447734481037968,0.0396816818357857,0.0438797538199068,0.0296283025995517,0.0530181336087193,0.0487334957559944,0.0410762965021139,0.0455370052659605,0.0298537289599706,0.0557738427342221,0.0516378684296906,0.0361365024221261,0.0411459974822752,0.027809202176641,0.0505552534152316,0.0458007358088586
frank,200,302,2.37192951891445,0.25,17.1411203431493,12.1977014700917,5.22040058878114,22.8882262039239,20.912280557133,9.52569260966195,7.06557140411069,3.59461480509824,12.3841135895449,11.4012277071274,15.0300922881818,12.7338016203404,5.97627244956043,23.1130146759229,20.6326293976084,0.0410942539820904,0.0317237671459229,0.0160000602381446,0.0594450744902845,0.053237974654579,0.0418781892995569,0.0334522257398894,0.0158338117581959,0.0584900118984433,0.0540268481256753,0.0419972243161109,0.030442073207992,0.01332166047758,0.0561483223462252,0.0517141792843457,0.0418399221884668,0.0318770907133702,0.0134916063240334,0.0584976908574973,0.0533220736246646,0.0445965849986737,0.0342226213536897,0.0159019017711987,0.0606147899496684,0.0555151988371165,0.0448376869058018,0.022843275994535,0.00511976324576065,0.0538617863904186,0.050281299464097,0.0417406688509145,0.0309971556608555,0.0131258660155993,0.057936898270799,0.052482676929171
frank,200,303,2.37192951891445,0.25,10.907328403294,22.5137041388668,18.6484753483053,26.776331030037,22.8072015949511,6.42402341443413,12.1979136045911,10.2751654528332,14.318774107376,12.3444855948659,9.3864920346494,22.648837192574,19.3855003583246,26.7313210166257,21.9514138939559,0.030602364534925,0.0564828601247454,0.0450133000383972,0.0668040488145932,0.0598448664813405,0.028549707326197,0.0508939870257157,0.037923327595962,0.0633186760988272,0.055378328214621,0.0259286138639458,0.0556811730684214,0.0455841790596472,0.0663882904038803,0.0548161640529999,0.0273569039586148,0.0572220716882746,0.0466526028308934,0.0678520694577567,0.057140123900091,0.0205175925514927,0.0540247557416486,0.0460179352731405,0.0623172110738463,0.0506204405291561,0.0312668136941686,0.0530592425482547,0.0379252302797438,0.0711726776666688,0.0571101696301795,0.0261611198889857,0.0562034020889881,0.0461404339081371,0.0665876557785312,0.0560856859947501
frank,200,304,2.37192951891445,0.25,20.8343602321482,16.2403068384431,8.00752154880328,26.7155104252887,23.6161835574801,11.3625057688422,9.07713771409391,4.98163012720117,14.2884734645063,12.7466237476167,19.1422635605405,16.6096464879841,8.36484714290227,26.7625248947803,23.6202620192951,0.0373305523774181,0.0423222186972495,0.0169180198196942,0.0702700978136817,0.0639632262869929,0.0490551341844592,0.0428505009329356,0.0233980274754829,0.0670309483682089,0.0582998585444297,0.0519427229003519,0.0395986526710402,0.0194320973867058,0.0642738520137184,0.0566403075524605,0.0509724413651484,0.0417674971707886,0.0214597039043874,0.0668935504505069,0.0584376155523256,0.0531865764101836,0.0342986796816073,0.0115713721881163,0.0626954010094894,0.0551881481746757,0.0542944631597023,0.0438705959182967,0.0213901029446851,0.0708575830141979,0.0635999812210528,0.0519443298303005,0.0403556862500765,0.019276349212067,0.0669340900572918,0.0588286594301069
frank,200,305,2.37192951891445,0.25,16.7775348396895,25.7303199648996,20.2591265832522,26.129544547477,23.6769754092885,9.34472590314629,13.7987980794342,11.0770369128161,13.9975025860438,12.7774726959805,14.9363507930606,25.5118971865237,20.4124241286524,25.721656254183,22.954007096065,0.0468661644202959,0.0692479047789148,0.0556127257917688,0.0702817207776871,0.0641879808662068,0.0457129288388761,0.0675949720537369,0.0541687475313364,0.0690040713700284,0.0630610713468956,0.0402249872576858,0.057950240551869,0.0418791696647307,0.0596957420531223,0.0540206558755637,0.0425582515205035,0.0637335222119608,0.0488120487015702,0.0652127038628987,0.0589290033738019,0.0414795925499992,0.0633632443521459,0.0494033737985602,0.0650433399175377,0.0592990953196243,0.0334032584792531,0.0350914192356956,0.0193689541322992,0.0425563854570666,0.0384844851621623,0.0417804443780936,0.0638459474096263,0.0494526406756865,0.0649757784891759,0.0584788664206842
frank,200,306,2.37192951891445,0.25,15.9434290407951,26.6473547954458,20.839965348406,33.5636301841331,27.4973097380027,8.92999168262152,14.2546665236749,11.3658156012457,17.6955553286691,14.6779954736564,13.5527567798232,26.6256693227204,21.4407824052116,33.4549583854593,26.2357551373606,0.0440737344890847,0.071261992509108,0.0568081502744633,0.0869527545180291,0.071874800778272,0.0445792393922223,0.0684937586942361,0.0517008359845965,0.085808065166292,0.0714159448328498,0.0319671907124352,0.06076966845649,0.0473012559045901,0.0764854553168754,0.0624510519816006,0.0402243233480859,0.0667159867601814,0.0510229780448842,0.0843295891708604,0.0686498272239623,0.0367334116460977,0.0650730435003301,0.0503548090040212,0.0830304713979034,0.0664034253706229,0.0345096590255775,0.0562132003970193,0.0442613894717646,0.0714530398046197,0.0489586200209898,0.0385237355173943,0.0664957372768567,0.0510974674700438,0.0836718809010034,0.0679805157596633
frank,200,307,2.37192951891445,0.25,8.52023801370036,25.7477862806712,24.0233715035352,25.4619411629408,23.5792976810531,5.23695387596264,13.8067941066701,12.9489864833746,13.6650645488556,12.7282286181427,6.7553716331914,25.7085176345339,24.7874707419043,25.2360481103693,22.6570728283336,0.0189558571316593,0.0675993744049198,0.0641754162079935,0.0658669216714858,0.0573415084345207,0.0204316504872267,0.0670891400535079,0.0619108103149228,0.0648543466050356,0.0615021314051418,0.0176322349566049,0.063497949549516,0.0581898988804719,0.062262359783828,0.0570992630202799,0.0202991177474646,0.0644610618149748,0.0597428546788658,0.0629674717139159,0.0591425473827142,0.0219373816556113,0.0658799023960118,0.0608374776511508,0.0648135346670075,0.0603466430692944,0.0166293332605222,0.0631227120198229,0.0594413355090423,0.0657058960700785,0.0600180688565692,0.0194922239312098,0.0642768324812123,0.0598961774568225,0.0625447464060555,0.0584160943825817
frank,200,308,2.37192951891445,0.25,11.4856188987332,14.9228468428247,9.81107928624114,22.3453148876317,18.5752702233401,6.71165250243463,8.42155815989304,5.87893231869626,12.1139440025126,10.2391924074096,9.99818051723837,15.1488006011906,10.2663921748619,22.6261386721626,17.7092715158794,0.0334166630871405,0.0387554240824145,0.021177100928581,0.0598779614905019,0.0512098613537346,0.0312352220087178,0.0375783648800218,0.0236744489830491,0.0568457555368061,0.0476027373944827,0.0306811182636361,0.0395317180312583,0.0267360616721182,0.057733437053713,0.0482570212794728,0.0284855868158691,0.0388620759622572,0.024956985540987,0.0579241700741168,0.0465589651512023,0.0272480846908851,0.037859175704324,0.0254301638510471,0.0542752830513101,0.0452772543686067,0.0253904341951259,0.0393884696356004,0.0271358688067716,0.060860545397697,0.0454303298241418,0.0285707143753309,0.0373656161042263,0.0235369224417008,0.0565837695756229,0.0454278824052729
frank,200,309,2.37192951891445,0.25,16.8578511795158,14.806761468614,7.77324787062061,24.7851800509548,19.9345767264697,9.38472734716639,8.36416702447109,4.86529099513995,13.3283702378713,10.9153647434673,14.9448879736691,15.0031625992769,8.23604636473696,24.6483118040029,19.5097282142715,0.0467527908089659,0.0416469217393326,0.0244318750159252,0.0640904618759433,0.054366450750181,0.0454813217563121,0.0349886135586949,0.0144183239029653,0.0619695770557744,0.0505686252801145,0.0414474818982872,0.0346052590811614,0.0148514694614305,0.0614629244698104,0.0475324008988272,0.0436912486347507,0.0367376412793716,0.0175208457361728,0.0626053027039582,0.0500265434322609,0.0405510836163271,0.0367051298650486,0.0176067067703082,0.061901872041229,0.0478235586626865,0.0469086614704474,0.0418154850620582,0.0242389035482315,0.065684005439043,0.0548300594483462,0.0416610856487942,0.0371831191295632,0.0189282739917765,0.062074072973916,0.0494619860777955
frank,200,310,2.37192951891445,0.25,13.6941759829292,26.8195007902006,23.7539707723015,20.976178181776,22.298644129984,7.81027703907981,14.3406008362125,12.8158888191586,11.4333506248644,12.0915844596619,12.5929312990982,26.5603654462213,23.615025979528,20.7711349585494,21.6620552777226,0.0371484783382871,0.0711692979352576,0.062762828970039,0.0574396150691798,0.0598554077854105,0.0320017931344534,0.0634031747045338,0.0559317116702761,0.0474035577223087,0.0515380592591912,0.0350921701739069,0.0666314990300129,0.0589334127361571,0.0515731375492197,0.0547705929002548,0.0345146710872658,0.066493588732394,0.0583570447504269,0.0519571544324428,0.0550211431703352,0.0352551875747044,0.0653280686462085,0.0555519563816282,0.0527200320467924,0.0537127113856798,-0.00024435505411526,0.0263426924717879,0.0195413507950933,0.0281542214242245,0.00957266341619452,0.0344877515651476,0.0655199867942871,0.0565953130133048,0.0519643605315857,0.0540440222166688
frank,200,311,2.37192951891445,0.25,27.1477771182026,19.0292489144718,10.1076488660495,25.655803216289,28.5403773655556,14.5029451992046,10.4645764887017,6.02644220891956,13.7610744585391,15.1960860356835,26.7064489359372,19.8005132008399,10.6191875921637,25.7817481302486,29.414689338928,0.0723505277231102,0.04456333655486,0.0167703403887324,0.0663823567548811,0.0743269808917389,0.0678115003501999,0.0523841223453167,0.0293610321863285,0.0686290689734095,0.0756363575723048,0.0697494809638474,0.0442467216259053,0.0190778143955561,0.0638220333854227,0.0698263133696328,0.0691155605845637,0.046064820788421,0.0227971345600181,0.0631597697491712,0.0704446958578281,0.0679469789980877,0.0461444501035853,0.023399253203243,0.0629013174293005,0.0713313162336335,0.0701380809144036,0.052472069019138,0.0302690422725826,0.0657892591256174,0.0757569300574385,0.0693814917228218,0.0468799259635582,0.0236722670108662,0.0643393376060387,0.0714443621752087
frank,200,312,2.37192951891445,0.25,8.87394683357831,15.2215304113872,11.7358969685218,16.8642721341999,13.8931502364823,5.41361476065772,8.57059289362539,6.83666607239229,9.38774953388317,7.91002376012301,6.7554643820772,14.8975508151983,11.6878798020882,16.6606409266091,12.9376106795639,0.0270391690939566,0.0406871749654016,0.0306721935787615,0.0465510288613713,0.0355242448777957,0.0138780820078141,0.0363736613209435,0.0255884122753966,0.0427693136536416,0.0316607005104283,0.019662748225397,0.0367497886046116,0.0274529046259356,0.0403240806184528,0.032154387963106,0.0198377605721719,0.0375895060493677,0.0283659700101001,0.0420113264631803,0.0331007066057803,0.0216989710391956,0.0385295522575137,0.0295626021026937,0.043438028697747,0.0349581661627374,0.0260125065400321,0.0343122358403744,0.0204446062361016,0.0443293695859257,0.0357314147551903,0.0196152357622716,0.0375964264645395,0.0283561363921813,0.041751220271858,0.0335376092998574
frank,200,313,2.37192951891445,0.25,10.1519208092564,10.4872286093297,6.27853621144877,14.4956088850564,13.6615781646056,6.0489604390102,6.21474161703455,4.12085101944498,8.20914695382869,7.7944079224133,8.3813301288541,10.7061162727919,6.82784080726546,14.4326269268945,13.1484527966071,0.0155133016548623,0.0312065247197787,0.0190404734215156,0.0360290786009587,0.0266156646811374,0.00859703239177217,0.0192215068140713,0.0121335350830621,0.0279235371593507,0.0234369919586837,0.0288679372284888,0.0293335768783939,0.018127492908729,0.0387169151933965,0.0372632605317043,0.0258872033042199,0.0278265513247074,0.0169024759691323,0.0372421693589075,0.0357645407837075,0.0240314602388155,0.0265098071635481,0.0160376015072857,0.0373180242270309,0.0346590893174509,0.0263168829234142,0.025553447860403,0.0103256031470912,0.039508892391679,0.0369387829655867,0.0236531082198444,0.0268494863073425,0.0162931088919705,0.0363972216301565,0.0339363956008023
frank,200,314,2.37192951891445,0.25,15.7614605504407,31.2126821364334,26.5992032394708,30.2662117056593,27.6522557952413,8.83933702218443,16.526021871545,14.231073298031,16.0551742220195,14.7551354777339,13.5593585883632,30.8835753577233,26.6968270609274,30.0999512682849,26.382909809904,0.0388295152045946,0.07722355018483,0.0629213773337484,0.0803819617279861,0.0671091273489922,0.0407219967096308,0.0823474258575658,0.0705500207629687,0.0783405629215077,0.07250026930875,0.0367528496440252,0.0735875825434984,0.0615036700608214,0.0690913926712096,0.063733371140157,0.0364986266911741,0.0782293778620647,0.0668464846153136,0.0751770264175557,0.0684101555019525,0.0365870853706181,0.0761807075002169,0.0622803096015819,0.0752676829279416,0.0664712534053829,0.0401325391468356,0.0821487041902897,0.0711984704679726,0.0791217026641412,0.0714684894836194,0.0386335781130948,0.0781805621925359,0.0661889255274123,0.0760756699160517,0.0683431055330511
frank,200,315,2.37192951891445,0.25,8.47078009058586,19.7297951674566,17.2158391447359,19.2861090733082,16.6140396566763,5.21251357888028,10.8133671123659,9.56287715497398,10.5926240526185,9.26372349308309,6.85151745267772,19.5041866665792,17.455504356579,19.0688452835395,15.6098064342092,0.01866120234298,0.0522019516348736,0.0471379648343264,0.0511673844123892,0.0401509236001438,0.0186150842838305,0.0475162395147038,0.0401497723149515,0.0474109050323798,0.0359163215482531,0.0150632868537507,0.0459682985919124,0.0414957845453258,0.044717584603128,0.0375109722740504,0.0199870957042654,0.0498632567806377,0.0431635695278436,0.048805384406077,0.0412572528267669,0.0198371542431587,0.0506753912671677,0.0450038267119994,0.0489711540119434,0.0409461662782,0.0225143755628964,0.049865595037271,0.0361530703842982,0.0518234445854606,0.0447378434727077,0.0195478616562927,0.0493229062370311,0.0427035040441631,0.0480709191828088,0.0410052691039334
frank,200,316,2.37192951891445,0.25,12.3792455412549,16.1841590045317,10.8640121211473,23.5203623714834,21.4560272683957,7.15579430313361,9.04891408664995,6.40258761930378,12.6986926052302,11.6714821862844,11.2859533558383,16.5840811454286,11.5270560404099,23.6564041215804,21.4863522322131,0.032728587777912,0.0447963587611388,0.0317757819421342,0.0623248810903747,0.0574030237934351,0.0331133351839009,0.0431511005317479,0.0296099711525049,0.0618301916952279,0.0560863923169733,0.0313238528862973,0.0405529237664773,0.0268093829156114,0.0581800886240496,0.0536936279161405,0.0306281993780093,0.04130963481325,0.0274060262763867,0.0585341735856355,0.0541150043622813,0.033940283926577,0.0426181803116276,0.028624701331994,0.0610043406498005,0.0565530394288713,0.0359407793454411,0.0433549389011149,0.0293232575734576,0.0597960301143731,0.057771678894811,0.0320698022856993,0.0409559807533404,0.0269192209274392,0.0594302492318488,0.0546159020170383
frank,200,317,2.37192951891445,0.25,27.7654730565338,33.6696152048669,25.1866332588001,38.1650159456064,34.8723369737473,14.8116252936741,17.7484728550858,13.5282967375786,19.984923040188,18.3475715036383,27.0824192663045,34.1573063230586,25.6470667278946,37.921915934908,34.4963324731879,0.0697185089632689,0.0871178222474791,0.0676664529104318,0.089106080305601,0.0840375947407475,0.0707904433204154,0.0815054841316234,0.0608738800934089,0.0914447535112572,0.0813554823554133,0.065329617848119,0.0837080745163481,0.0631160853514108,0.0930044488678875,0.0809126564093462,0.0679050095228258,0.0834512813555007,0.0618392051529164,0.0947469789375984,0.0850124738862412,0.0698650099358359,0.0855779731569022,0.0640976774528982,0.0963698597011263,0.0875389534787515,0.0742188867378504,0.089087137076836,0.0678453704395653,0.100301323935719,0.089711435233085,0.0681440568776047,0.0836786764193672,0.0614020092256035,0.095368345869864,0.0856390180673189
frank,200,318,2.37192951891445,0.25,26.5722932474341,30.3091619921856,20.5861437988994,41.9281041934841,32.5281941696275,14.218226434494,16.0767699137588,11.2398946334049,21.8568913238949,17.1821647041864,23.467356928143,30.3576618825755,21.087793450586,41.8518414791158,30.6361327435016,0.0665911600412292,0.0799647448171423,0.0545377015344071,0.109769892291045,0.0863169547962812,0.0593312476108905,0.0746203302282506,0.0505771628491778,0.103333288667334,0.0763052170294765,0.0643081292608013,0.0728225684050192,0.0455362478744602,0.106433847451666,0.0762027770811299,0.0653985907687827,0.0767472873438583,0.0517397021370159,0.105473715935758,0.0794292434077869,0.0653138173850703,0.0781742207197655,0.0537048085992121,0.106744345506935,0.0795383817773715,0.0550297292942842,0.0719147767018418,0.0552771769499856,0.077330477318407,0.0755118795354573,0.0644177357274175,0.0745262177568448,0.0494629361746436,0.104360419327591,0.0773147502696296
frank,200,319,2.37192951891445,0.25,12.3601567037179,11.0624678059094,6.23324763952627,15.3316534403626,16.5964936249025,7.14675223630172,6.50087286167273,4.09865355768842,8.62465964951728,9.25382554967175,11.2538422229937,11.4731112507905,6.66550927577243,15.5727901734092,16.8419383889299,0.0309120451658197,0.0298961433961123,0.00790814587196158,0.0432253396456945,0.0462774489877339,0.0299068048766753,0.0294362212066123,0.018413188466523,0.0394400461115983,0.0418086192230225,0.0293909514559059,0.0233433187175547,0.00972756885855799,0.0355504970361927,0.0388318711587661,0.0291956080141413,0.0266847598029294,0.0139122388649956,0.038193782714332,0.0410889999669194,0.0256566295562539,0.0255727701051572,0.0133637611451534,0.0349240561098896,0.0388781841273449,0.0355562325990937,0.0316738480873186,0.0199430320466877,0.0420984696921032,0.0445893626484164,0.0309380390224569,0.0285598798024723,0.0160511501751562,0.0390993630319922,0.0425479840607113
frank,200,320,2.37192951891445,0.25,12.4440343747121,16.1508522532851,10.7463204385548,23.7356473642955,19.1602141362641,7.18871935300415,9.03246418552224,6.34390152419115,12.8059139191943,10.5306343179297,10.7558133879297,16.347676338803,11.3190431322367,23.7811114779021,18.040175002848,0.0330754264473321,0.045171093056393,0.0318596307570338,0.063045557184312,0.0527548870582518,0.0323976893053197,0.0411430652692028,0.0276702191292455,0.0595146245772175,0.0465152031734128,0.03134266419398,0.042773940047938,0.0281257320413853,0.061489753641488,0.0484778425920216,0.0319958953915079,0.0411276954842228,0.0268638959618483,0.0607409225836966,0.0470285429117077,0.0312368401865412,0.0383787328318031,0.0226687429370779,0.0591400509711745,0.0466890312105767,0.0360604392481435,0.0389986589429862,0.0230477766359483,0.0542186515360674,0.0526665056058107,0.0310734281922978,0.0402145963647183,0.0261848513167212,0.0597194247329721,0.0460753117785511
frank,200,321,2.37192951891445,0.25,11.7366333491979,19.2415276220502,14.8902011252738,22.6230722571541,19.9617997296443,6.83742484915887,10.5701149716532,8.40533639760845,12.2527597141885,10.9290138005792,9.6220603012588,19.3034879738043,15.5395014719325,22.4135503113593,18.9556754321226,0.0341870126984483,0.0530536525447542,0.0422254804358785,0.0609038084538659,0.0547450321386363,0.0295715072599309,0.0464427719536459,0.0337707819802581,0.0589435018978369,0.0493167649043747,0.0249088125864155,0.0470104108288238,0.0376491581294454,0.0534262425212237,0.0457602310178852,0.0297932678720832,0.0482454734170083,0.0374305164295407,0.0559657836125029,0.0493666612709856,0.0228302156911207,0.048324031613582,0.0375322542110614,0.0564326934679372,0.0455711137514486,0.0313949104712351,0.0484051580452058,0.0400558941658144,0.0521739520494203,0.0458401992139877,0.0278583786081801,0.0474665816330625,0.0364684921748538,0.0555334331417068,0.0486170629037384
frank,200,322,2.37192951891445,0.25,29.6909419316485,22.5660511942589,12.2207646676574,33.759360450367,33.5345814216634,15.7692353897618,12.223928205523,7.07733462219072,17.7926287158996,17.6808713134986,27.2885098202722,23.2449605768234,13.1009519848356,33.8888407569639,33.4464790265645,0.0791707621962588,0.0614059909578832,0.0344047103908644,0.0887777273185797,0.0888364356900338,0.0730309379748101,0.0572786944612352,0.0321067801815439,0.0847658973701647,0.0819760170768519,0.0749385219310487,0.0529157155661958,0.0238854559550574,0.083762126757568,0.0832126625978139,0.0737717439311884,0.0570779122959748,0.0312328905882775,0.084640060547613,0.084506119430638,0.0679140461745201,0.0584460563255532,0.0322863306086009,0.0846359980418128,0.0840139023123701,0.0786517994056956,0.0606491307583664,0.0341270978564921,0.0883397507680123,0.0888363985479926,0.0728126338227047,0.0571335392727117,0.0307476130953752,0.0847185969361587,0.0839157532772747
frank,200,323,2.37192951891445,0.25,18.3113794499909,20.607979739957,13.2216690060258,30.4328517868502,29.4812226365681,10.1070445887197,11.2494581718009,7.57517825685446,16.1373939664342,15.6637713817421,16.8048918322949,21.2758473945013,14.1385032363558,30.7482102008222,29.6495268148445,0.0382853229098986,0.0292819018173967,0.0110843079296849,0.047617028220269,0.05331799898972,0.0426815823382737,0.0495604871351469,0.0295891091245695,0.0754295037819741,0.071212221496727,0.045818426174982,0.0534015615570653,0.0348634694765534,0.0785645649871981,0.0756834723817636,0.0459683322060101,0.053011487679225,0.0338031636317835,0.0772937122406475,0.0750633177301478,0.0475801106462635,0.0517743895689383,0.0328354432636564,0.0763129177288461,0.0741473482297372,0.0503164195304757,0.0515512954061239,0.0338596056021816,0.0793055259007806,0.0758656911053516,0.0466622110484892,0.0519281162298949,0.0326370089848376,0.0766386688834727,0.0745353065989766
frank,200,324,2.37192951891445,0.25,32.1615038978672,27.5451511836382,16.7555243681035,36.4238363167063,35.9462817507422,16.9981358290787,14.701224639297,9.33365499095933,19.1182071097726,18.8809404927359,30.3756395589893,28.1692964934716,17.3492780798653,36.5646836894125,35.915773190247,0.0827590008685683,0.0641033078049845,0.0393969974533328,0.0900063332945466,0.0849679536942266,0.0802700223491905,0.0613226289617252,0.0332136938305705,0.0872798644367914,0.0820059511975307,0.0820112225112243,0.0693265755185821,0.0427155728386538,0.0921878682959556,0.0912975765400385,0.0796305649972459,0.0698993877067504,0.0427651947698963,0.0924312722801486,0.089800640345127,0.0796356372768226,0.069937842905102,0.0427447706381053,0.0928107350131835,0.0904850439475611,0.0846327569740579,0.0733138824359828,0.0468190268060985,0.0955245827963592,0.0945862052262718,0.079230201317594,0.0690004118817456,0.0420301549747059,0.0907223416011809,0.0891672243096453
frank,200,325,2.37192951891445,0.25,16.3814288314318,12.0760366726177,5.93460490468124,18.3406147767538,17.5507505367474,9.14712926448309,7.00552091751807,3.95052246358286,10.1218105600836,9.72917028266562,15.217670747404,12.3447571052506,6.11801431681065,18.4535037501686,17.5907864424222,0.0450553366735064,0.0318688208118094,0.0123234060454876,0.0507415579065856,0.0449385745609534,0.0408187572915475,0.0253512176252019,0.0101313626777543,0.0410655216310396,0.037622038319674,0.0390259945696032,0.0275837305350639,0.0105431114968977,0.0432619864352375,0.0414713604172255,0.0418615656030041,0.030992356648378,0.0152255767987016,0.0469409982269169,0.0449029975929233,0.0430691340911917,0.0298359872540913,0.013104617650861,0.0467558557977244,0.044015469630729,0.0459458373991137,0.034142961561901,0.0177679992162564,0.0506535681542852,0.0487316410679211,0.0409278757503007,0.0290861621011419,0.012936419921276,0.0456936525224989,0.0428104326309192
frank,200,326,2.37192951891445,0.25,17.829635848016,13.8019766474991,7.68146269637182,17.2076040602464,18.9964824522269,9.866913858585,7.86422009174341,4.81976374102843,9.55816239881745,10.4480683724576,17.3181433898051,14.0466547419461,7.67501864701879,17.3038342529235,19.4532545300002,0.0484108829545564,0.0310632602789927,0.00865577715393471,0.0470809542165868,0.0465481656874715,0.0434741939280448,0.0166946288631299,-0.00724692272477412,0.0362072163022579,0.0360414988716791,0.0475403400572672,0.0328198341971303,0.0158436376336767,0.0421965001586295,0.0471531511015092,0.0458691796869164,0.0357817678082039,0.0191695915389676,0.0447372028380285,0.0493034025221421,0.0468400676239313,0.03171231329127,0.0149828496277392,0.0428514910916021,0.0459448347556,0.0483101529659065,0.0327264765405138,0.0143701034010767,0.047567041609044,0.0474900119758848,0.0460701131971034,0.0332231575262039,0.0170454605337702,0.0423663683106585,0.0470187987485007
frank,200,327,2.37192951891445,0.25,25.4096708020427,38.7141101880747,30.5283292115264,45.3944969654205,42.4807045463657,13.6392165966943,20.2576953073347,16.1858046420672,23.5811705647646,22.1314926188536,22.4336718640254,38.7389959908795,31.0743938930747,45.4447071880742,41.5715898303971,0.0476125637357815,0.0953774316115128,0.0786703047273654,0.110879973826415,0.104807735843231,0.0651090797799436,0.0934854925417064,0.0676064704352122,0.112159758439805,0.10630881077507,0.0636262341515599,0.0960593722801791,0.0754075433510406,0.111268624562005,0.104955630571528,0.0647014756284528,0.0975654609430269,0.0758679692183057,0.113838522632141,0.107384714691555,0.0616274193268557,0.0967247942878372,0.0768226758935151,0.11403948752915,0.105187428972799,0.0626439275227624,0.101098192421017,0.0812215034671106,0.114008649316713,0.103378280190269,0.0604532107099569,0.0969887537098827,0.0758620749006902,0.113353054954838,0.105948625409054
frank,200,328,2.37192951891445,0.25,30.4412894268052,35.326010135896,24.8449800612551,45.4436092445878,44.4963395093543,16.1422981654908,18.5717105946156,13.3576357653232,23.6053613021932,23.1343134208197,27.6226943785039,35.9287309901262,25.8261593755431,45.671496927254,43.788893430248,0.077302180900443,0.09313702230832,0.06518302368342,0.116132955458915,0.116240559997629,0.0791001410451039,0.0904306463571066,0.0640957693972852,0.115872013400651,0.114526240419707,0.0768950511461329,0.0922212494537959,0.0658276241489378,0.115856453741612,0.113348405179217,0.0757371745090934,0.0899930220579872,0.063995031432285,0.114164954538794,0.111337502762211,0.0773724627024652,0.0909892299951015,0.0647887667800213,0.114426117366224,0.112309299940007,0.0768896729875873,0.0792973657505265,0.0516781336784664,0.114021543745576,0.106327041111004,0.0755495560924852,0.08945399307562,0.0627749552668842,0.114480089185753,0.1115994181962
frank,200,329,2.37192951891445,0.25,7.10094282216718,5.45972035446133,1.69692950616288,12.3045146270998,8.03822452734485,4.53051446865743,3.71415122694785,1.84255493298694,7.11897411795884,4.99697589603953,6.05449208467154,5.45531218172317,1.66365404200862,12.3807846966794,7.68658780194577,0.0138861205557473,-0.0215591485539545,-0.0359293367467976,0.0108437780096493,0.00717506539554677,0.00751252443324714,0.0019601704478684,-0.00664506359775534,0.0194024612786429,0.00185059405644755,0.0191648516451041,0.0104185248711032,-0.00548392569480199,0.0298889406080537,0.0182253149299207,0.0165727519199247,0.0109892418381207,0.000578557258848144,0.0300405642390672,0.0183579498223309,0.0190914873799363,0.0133858562086215,0.00224807171223668,0.0325620434914359,0.0203599003565281,0.0105943467788902,0.00962981226261869,-0.00549205533821153,0.0270621899585789,0.0102739186165629,0.0169172875692943,0.0127039395341987,0.00250916148138047,0.0308037843925086,0.0191221342688116
frank,200,330,2.37192951891445,0.25,27.9376227449565,39.6915491333561,31.4309006418979,42.7039731073683,41.6268665621085,14.8971274206773,20.7439473884604,16.6344802599372,22.2426148366812,21.7073876633239,25.272139191714,39.9496844480643,32.1138714713668,42.7554134858208,40.6187793951257,0.0697279470562703,0.0970364368209998,0.0788632371142669,0.106838121525157,0.103543606338316,0.0676121197324125,0.10114019100216,0.0809461226627628,0.10792367504617,0.10407075186603,0.0682318244457714,0.102384154374243,0.081033020064375,0.109340296761315,0.105746264533938,0.0692155535403426,0.0995881518664036,0.0787190788903239,0.107060182810967,0.103600642938071,0.0678323286831122,0.0980688713917311,0.0780801463814027,0.104882909515788,0.100559479703826,0.0610768081928612,0.104212283355806,0.0775346334752492,0.10590185992806,0.101981623784621,0.0686001649148097,0.0997035732878146,0.0788248057321646,0.107327853401439,0.103147977258248
frank,200,331,2.37192951891445,0.25,18.5421513706051,28.9606238254446,22.8629141638729,31.4390442310058,29.7445522074428,10.2228252308992,15.40531409409,12.3718616944529,16.6384385570203,15.7959222423149,16.1343626611537,29.0389060458994,23.4469397701812,31.4229798955224,28.673177453357,0.0282816972292163,0.0758314999382217,0.0621228698968886,0.0813105355155624,0.0745889583927085,0.0322355039651219,0.0657189305338585,0.0500787608982918,0.077123747131885,0.0683060922882003,0.0448660984214438,0.0765063072668289,0.0612828921361332,0.0819090959092357,0.0767632348355239,0.0460321405936895,0.0719883184149245,0.0563546543218351,0.0784468825902691,0.0737621711474695,0.047143546007656,0.072581385213592,0.0572864324228779,0.078050832254409,0.0719956133436205,0.039456777687025,0.0695124015740198,0.0546672226000232,0.0780229106630845,0.0699674236406921,0.0452507694402229,0.0721481365661482,0.0566923270483915,0.0782640600291721,0.0728479066752417
frank,200,332,2.37192951891445,0.25,24.7624115031173,21.5107323975065,11.6355896164409,35.5945418582302,31.2590809580981,13.3169239718892,11.6989569864353,6.78640896251337,18.7056800669163,16.548812872148,22.4620575111978,22.0703695372455,12.4537365435693,35.6998167900868,31.1470518823858,0.0668774469721729,0.058634277438593,0.0340429517059218,0.0931561735356673,0.0821811674735992,0.045356092458331,0.0448334689773306,0.0236349623174954,0.0798351848524319,0.0677974573573356,0.0623769942148855,0.0563965901813548,0.0312611736536433,0.0893979145814364,0.0810460532228729,0.0617864663424964,0.0542641293046222,0.0289855955297005,0.0895049432197057,0.0783622177220591,0.0620568025316295,0.0525609739686844,0.026974512117043,0.0876611652904499,0.0772870272668176,0.0407878498072174,0.0566217470730323,0.0340713233430939,0.0787171162550069,0.0726903766192838,0.0617833070092774,0.0537011431079593,0.0287303446288254,0.08884088980179,0.0778269751437894
frank,200,333,2.37192951891445,0.25,32.3086233545984,42.4523036382442,31.8806995523397,51.4164247589325,43.276595059468,17.0720003615878,22.1178775795071,16.8587720287287,26.5774027690611,22.5291993572268,28.7075544868079,42.4381004441433,32.4710533349156,51.2531339671348,41.4686570191397,0.0792514921716875,0.110207651018008,0.084366705740497,0.131072667679902,0.103027738636129,0.0787949260903093,0.106070436685893,0.0769819441147193,0.131929316620698,0.106795984425427,0.0766941591329931,0.106343352857894,0.0802243067076454,0.128585842549202,0.103920012570845,0.0788012160545954,0.104156460631053,0.0770130928331528,0.127601603698457,0.102849383677725,0.0798844583914767,0.106283802575515,0.0798252877214394,0.127166162123952,0.105914923144842,0.08129703068016,0.111060355171008,0.0844192852493561,0.13334075026591,0.109919459620919,0.0788385901901123,0.105428499836524,0.0782185403233451,0.128007391586827,0.105015406937724
frank,200,334,2.37192951891445,0.25,18.3962497653485,19.7022419006551,12.5461122687416,28.1213535068225,25.4430717721274,10.1498403555205,10.7992140733267,7.23919670076856,14.9879086393906,13.6556014567496,16.5190941496457,20.1282374252948,13.3376021876872,28.1089683688273,24.983608282632,0.0471179381921113,0.0521250874067512,0.034446396911673,0.0731675069250704,0.0669303329180844,0.0425947813906966,0.0490987365230219,0.031830893897761,0.0671720711148915,0.0612675809868019,0.0404722449685435,0.04345355069427,0.027668443050505,0.0637387860260316,0.0548548085831134,0.0434439248890746,0.0502396782042673,0.0321562963773452,0.0700728903009773,0.0633949655664257,0.0458708929410701,0.0506427958497587,0.0329363550422609,0.0715941711755163,0.0620224833086389,0.0507694380279646,0.053950833864774,0.0363533901637337,0.0746860698915295,0.0660336372736701,0.0464102489821231,0.0504611906496073,0.0320999688859108,0.0714207994680695,0.0644375309660884
frank,200,335,2.37192951891445,0.25,14.414182046104,26.7355017694256,22.2850600596154,29.636437320507,24.5653284594487,8.16945865345846,14.2986589053828,12.0845837299081,15.742190613794,13.2199218223972,12.3747724007536,26.6603863964266,22.8660280234318,29.2180952768484,23.140091223554,0.0359550360183001,0.0707397535807812,0.060495939995229,0.0776910273823753,0.0653991221633248,0.0359334936007842,0.0674138051438331,0.0550712613111459,0.0769588660365815,0.0614017922869666,0.0368617532488895,0.0689745830628668,0.0580192655802691,0.0747675052102916,0.0610656502033282,0.0339921593527502,0.066133621297811,0.0549674816065384,0.073310752721397,0.0595678144879092,0.0347505513405904,0.064325880781088,0.0530024620727306,0.0724645853509951,0.0565734830161535,0.0339182150749596,0.0704454912389672,0.0601349926953111,0.0790910635398108,0.0632021592274003,0.0329928210920647,0.0659402337844484,0.0550919770459236,0.072124429855356,0.0580806586693285
frank,200,336,2.37192951891445,0.25,28.5979797151122,28.8815872369117,19.435155195777,34.9047010052373,35.7869866970668,15.2252245056432,15.3660029989465,10.6668014223166,18.3622576219283,18.8015312537466,26.5802766651768,29.3626237255442,19.9330347807389,35.1248516310801,35.6091779808011,0.0764669370959341,0.0748606750587976,0.0493649508964892,0.0890031732480206,0.0928278985716032,0.0711476168632925,0.0737919565256508,0.0498585119091886,0.0898859280107698,0.0906262393070716,0.0733578740820719,0.0721558818439181,0.0475400668529057,0.0879496469239577,0.0897117456990928,0.0698402896081266,0.0741954796676696,0.0504979009741464,0.0886441330796213,0.0903123763738616,0.0711402728747005,0.0723865735254629,0.0491665731681626,0.0881793845103906,0.088985558292694,0.0711970817785498,0.0764216081571173,0.0529894512982682,0.0875168456058488,0.0881490408347257,0.0696516359389608,0.0715787710835339,0.0470179563271457,0.0875908278355271,0.0885651645564526
frank,200,337,2.37192951891445,0.25,14.4175265614124,16.8802870335498,11.2647230204326,22.0056507673275,19.8263418433307,8.17078795695341,9.39526404098872,6.60149002886992,11.9453103323022,10.8620572339272,12.4445934099677,17.11764568,11.8350865592952,22.0129540366889,18.7363765001585,0.0281911245367234,0.0229833793432409,0.0140492725479941,0.0340349982292257,0.0303020136710883,0.0347818964306969,0.0410426335518408,0.027413166220343,0.0521323879857616,0.0440569149771281,0.0344631656046322,0.044163977154032,0.0310212786695709,0.0550407371218297,0.0486185285964885,0.0361421461316051,0.0429037363556114,0.0290094884204873,0.0549451756822655,0.0478418349377759,0.0373062297181662,0.0439001172024459,0.0299819138084808,0.0574624811314184,0.04988202919422,0.036936398239535,0.0471267896883328,0.0324180380807239,0.0593986522119243,0.054545697856303,0.034971306639973,0.0425895864296879,0.0286089495746188,0.0549978381025244,0.0476796035720358
frank,200,338,2.37192951891445,0.25,20.0760817666109,18.151683390566,10.5262124943905,27.0929749045895,26.0760454713797,10.9856074405697,10.0279776914209,6.23488850646163,14.4760273035488,13.9699435907552,18.0262239740313,18.5055506215988,11.0105183380913,27.257415064929,26.105640451491,0.0549877911265474,0.0332438596674837,0.00449776251609265,0.0701693802451354,0.0630869442664599,0.0443003503652229,0.0449109486772624,0.0274132766425647,0.0640296370899669,0.0640002620242204,0.0472244429717862,0.0435273128411046,0.0239391586170172,0.067761535022796,0.0641209517551413,0.0512058034767084,0.0462005039178446,0.0260883388705895,0.069162447825295,0.0670752063259175,0.0531772678571646,0.0475112729508148,0.0277009621558274,0.0694056826153361,0.0681083870306331,0.0347710603326782,0.0248185494731503,0.0122543361054071,0.0512659617877885,0.0516372809297376,0.0500449470781183,0.0462411846959376,0.026130593964146,0.0687202043246085,0.0665785359621057
frank,200,339,2.37192951891445,0.25,19.0887532054126,27.0966512026066,21.1157970489506,28.2507306405762,28.8808351341985,10.4942001878511,14.477988692487,11.5025869489713,15.0523990613521,15.3660233600701,17.6807248695889,27.467570027317,21.7927247030152,28.1112067428988,28.6045472950693,0.048704714573919,0.0674946001180342,0.0527703224663817,0.0718910656219437,0.0749117501979738,0.0504046269084369,0.0698083573992473,0.0550769802632031,0.0724317362906334,0.0730935527502439,0.0473150062423609,0.0663062073704312,0.0509640112404556,0.070413200809797,0.0712355803839603,0.0469068412838838,0.0678691541430693,0.0531067256846393,0.0698998115555898,0.0711770982119492,0.0458146324078088,0.0668958992594313,0.050975162396848,0.0706192162621146,0.0713400097906985,0.0378558360252938,0.0673021175534482,0.0337158850961304,0.0753547621662695,0.0770062661745383,0.0472375573653284,0.0673887629287125,0.0524182670776285,0.0696518554050772,0.0706591052937124
frank,200,340,2.37192951891445,0.25,32.4023040190395,25.8914046526226,15.5615532906296,30.1769229546496,34.5045782818362,17.1172045225044,13.8784664672025,8.73962740937791,16.0103733026279,18.1633987327041,31.1553526147848,26.5793946165697,15.9891483127296,30.2810713213972,35.1409534288812,0.085195595016316,0.0684803395216717,0.0434565629020254,0.0776992875810405,0.0902142159755513,0.0822516128531299,0.0650430458200181,0.0404206329065492,0.0747783922941447,0.086687780782215,0.0837315632659512,0.0636802248838939,0.0357349242775013,0.0755584137605661,0.0876458574180567,0.0824435038223271,0.0657950759692452,0.0393754186387113,0.0759786399689777,0.0874323240032458,0.0831550622282387,0.0652276631409,0.0390910824347733,0.0764504854362642,0.0871707601466812,0.0792676444068117,0.06971657063124,0.0437745308622803,0.0798232339466853,0.0898134071272196,0.0812463559177736,0.0644351935884312,0.0381993392445538,0.0755070824611545,0.0860319238854489
frank,200,341,2.37192951891445,0.25,13.3103544521031,7.70099528093025,2.40024958049505,15.6807089456879,12.8186823710165,7.62030015413137,4.82909216026421,2.19211679102753,8.79903337988751,7.37504075346847,11.6390611200841,7.82906852695715,2.5993445373164,15.4357542552131,12.7041841127725,0.0150741361247448,0.0241829633249404,0.00843254056394165,0.0383995266272468,0.0316008827058757,0.026746704836952,0.0191602010347966,0.00711507332604815,0.0379192772586115,0.0304659737220607,0.0364655201877303,0.0178758285077397,0.000423618581783257,0.040435308923385,0.0338023291405644,0.0332266977607173,0.0180276250559556,0.00366456331851575,0.0391799906766092,0.0325412746133675,0.0353383076478436,0.0207818906320733,0.00716063178338155,0.039855403540069,0.0339483570336974,0.0262122991476341,0.0238708559680941,0.00972647011401895,0.0440705107030283,0.034925426277981,0.0315162551866003,0.0186710663388827,0.0050267789380496,0.0385387343693277,0.0317542744139852
frank,200,342,2.37192951891445,0.25,22.7170814758216,30.5514643582613,22.0687134425517,41.7128945881665,36.594492618713,12.2997101132506,16.1966565643675,11.9771423770505,21.7491018021827,19.2031999861864,20.1547898341807,30.9014705380018,22.7871476931708,42.1247606628152,35.9797091565142,0.0578530427964341,0.0711695256744553,0.0515294399743843,0.0948085721531116,0.083633850384667,0.0548074411778358,0.0773106052816503,0.0548175599771102,0.105609665494692,0.0915967136660126,0.0598679308615645,0.0744411553459299,0.0476063535736684,0.107803508208259,0.0925328944564043,0.053041330220874,0.0751501359111969,0.0536703303613141,0.102710218302787,0.089067736492171,0.0543774383784702,0.0765934033572258,0.053635112062656,0.105850626136619,0.0912621274265243,0.0617849894350397,0.078477892121981,0.0563305535763645,0.104747548131292,0.0933187699738141,0.0557205291828941,0.0769774943509644,0.0544380241404948,0.105222531704304,0.0919139663424859
frank,200,343,2.37192951891445,0.25,11.887560341112,20.3213169854843,16.6769665322904,19.6362082600197,21.3133176375781,6.91126808476389,11.1071587410294,9.2942679664414,10.766514769729,11.6007589163504,11.4621931824361,20.6712215827693,17.2205347370115,19.6190785282404,21.3942093861825,0.0341819275779654,0.0363344446246995,0.0192692840014644,0.0348608392052769,0.0426307669389796,0.0302683270771011,0.046072164180882,0.0332049602387955,0.0491110769785891,0.0528339867577318,0.0284055655813968,0.0506312935289467,0.0405904536315714,0.0485062285876737,0.0522234093593806,0.0306461348040815,0.0517523427573783,0.0424277557092912,0.0492171964266402,0.053993130834212,0.0273281299034141,0.0511523749513533,0.0428233596128076,0.046718470992276,0.0517558270279868,0.0204926565791323,0.00924707946540684,-0.0140015465792711,0.00174156108649185,0.00647963842861214,0.0314392492652446,0.0514471159480231,0.0417807280566208,0.0496495963855052,0.0541048783849686
frank,200,344,2.37192951891445,0.25,24.8271736768422,29.1140787325772,21.4350429800245,31.3788955215115,34.2498046013475,13.3490742913255,15.4816775357342,11.6616056748534,16.6085819548606,18.0366183662237,22.978889922804,29.5562866947872,22.0892698454698,31.2938488717894,34.3232891783293,0.0647559596561398,0.0777595098321763,0.0583432748177774,0.0815822329478115,0.0896531952614315,0.0640169234374583,0.0751111541158072,0.0544063831652202,0.08249634475531,0.0897994296210661,0.0634391860413336,0.0731816959361035,0.0531697587200829,0.0804304933575049,0.0869037229457632,0.0638678595559476,0.0745449203444028,0.0545117283237414,0.0798998967563193,0.0875939677920374,0.0611699843208765,0.0736476499839536,0.0536742282604947,0.0782769315701557,0.0867723357290333,0.0586032686067228,0.0777750882812983,0.0566681581974689,0.0780316946211217,0.0876576111584075,0.0616327577438083,0.0727871757577149,0.0530427981980398,0.0786757824586861,0.0858174815847238
frank,200,345,2.37192951891445,0.25,20.7798871030159,18.8474213562357,10.7435646412735,29.1269031449885,25.1232630365701,11.3361094660949,10.3739819610008,6.342471739177,15.4879731463231,13.4970715265553,18.2384742199199,19.1851007318877,11.4682749851988,29.2660882212426,23.9911466915105,0.0568552946029465,0.0511498159796828,0.0286772416069419,0.0777677952638258,0.0678074924845557,0.054345621875318,0.051531536008489,0.0297925053373302,0.0763414534382252,0.0670188569795999,0.0500248016220522,0.0469922520763364,0.0273962463724496,0.0738784538797503,0.0603021393111578,0.0496419635805811,0.0479255730441434,0.0275726686199629,0.0741905666504512,0.0597895495921522,0.0528020094594307,0.0473989687375459,0.0261646400355174,0.0741357354586996,0.0621462075385358,0.0488948009619695,0.0389873369096542,0.0186387219828704,0.0717152746320646,0.0638749204508029,0.0509766192780775,0.0472896614405344,0.0268900738013937,0.0728633051441334,0.0611539737251522
frank,200,346,2.37192951891445,0.25,53.9863407989271,49.4599608483521,31.6468105836731,66.7092895429569,60.3353119754323,27.8564333865042,25.6042004516597,16.742667456186,34.1853596548951,31.0151844092306,49.8930148996898,50.0211541185504,32.2602642122523,66.7531695233815,59.65525088119,0.139749299319047,0.126180247675272,0.0802573360719577,0.168107136704058,0.154752361318732,0.137102707240032,0.126821802207237,0.0803976289082347,0.170452777897235,0.154577907891137,0.129131742020161,0.11877017890832,0.0730616884538269,0.162837377057573,0.143495798999269,0.135655291242675,0.122026528734228,0.0761559662245467,0.167358023105206,0.148849135508226,0.136556781366823,0.122545040350877,0.0767551501748846,0.168141896368946,0.147944595955672,0.13929026120728,0.128580143612536,0.083746471296653,0.171337896512518,0.154063468586926,0.133379280779904,0.123822763646603,0.0783173188893989,0.167542273286786,0.149647333262447
frank,200,347,2.37192951891445,0.25,17.0626576675027,28.0870172869794,23.4116786765328,24.1233952921612,27.6772288254532,9.48577853293908,14.9705943028583,12.6447699406053,12.9987811088705,14.7670351980841,16.2038379856002,28.3555544257747,23.8196032575934,24.1910633401584,27.4469279116337,0.0436281434316774,0.0450129633533226,0.0277271755017837,0.0382176806513049,0.0499324064861064,0.0453791999673994,0.0733795661846366,0.0610393404065006,0.0635550483910288,0.0714133635021342,0.0446047251973447,0.0713318845497961,0.0590280923860049,0.0618703864653235,0.0711388977415444,0.0428870745266418,0.0705880610895053,0.0586473180285146,0.0601703080301079,0.0691152549650074,0.0433283681592594,0.065665098249503,0.0532640154179078,0.0569806606161208,0.0649246330242769,0.0454542157910819,0.0744711070889485,0.0633739212024662,0.0652643284777632,0.0734092590446937,0.0437147326321738,0.0709135044070927,0.0587472451811971,0.0607133361757789,0.0693474837693538
frank,200,348,2.37192951891445,0.25,32.0646979475436,33.0071146005741,22.2366830465954,41.2527349534649,39.9379826819705,16.9500751561234,17.4187235605682,12.0610338673868,21.5206060556306,20.8666788525825,29.2373904823747,33.2837198449605,22.6675030101275,41.3440582859373,39.6619931890159,0.084518724342249,0.0872993367519317,0.0603772963837356,0.10765403145357,0.104229720293219,0.0767503778349573,0.0808794973888919,0.0531733063360683,0.103527199182157,0.0978280912890918,0.0802382415443744,0.081800460277617,0.0553957339188404,0.100473254256109,0.0980615802441969,0.0798072741137064,0.0820194598810431,0.0529584007792581,0.103684739243214,0.10034298708146,0.0806188131274412,0.0839939182725414,0.055670418516788,0.104752178807772,0.100395978287999,0.0837182213498502,0.0846337851452072,0.0570917162013837,0.106652289437832,0.103092146530113,0.0797991375770169,0.0824391323618702,0.0542889449799288,0.10377028748648,0.0999256607089218
frank,200,349,2.37192951891445,0.25,13.9608951256423,10.8684516669493,5.02166267441589,19.0095307325816,19.3638935053761,7.9426931870485,6.40402889858928,3.4954258979812,10.4543974147516,10.6304701325058,12.8748711669704,11.5375880888052,5.83178416604695,19.2833251018934,19.6488793840452,0.0334101715742451,0.0295476587545723,0.0153751406350607,0.0523497669753439,0.0508015288764237,0.0356517766829886,0.0300851541408437,0.0151571629575715,0.0498788633473442,0.0491054473765847,0.0330440257696347,0.0263581181568232,0.0106108738431659,0.0464252693282572,0.0472573558750516,0.0358888254515686,0.0279980792642268,0.0132603024760288,0.0478471127218298,0.0490500339921287,0.034334785522298,0.0279434703599421,0.0126783545404835,0.0476385258314467,0.0491064392214979,0.0393600761371159,0.0304392347341435,0.0172390788039755,0.050225633370174,0.0523678025199383,0.0357245858881346,0.0287146101659664,0.0137235632573922,0.0487126500364396,0.0498891577350847
frank,200,350,2.37192951891445,0.25,14.9715270105173,12.3660545417757,6.73223958763347,17.7140158217025,16.4686699399156,8.44607763232163,7.14998157110101,4.34757096493839,9.81020798972588,9.19084589062165,14.2527754516786,12.6453771176753,6.93072754492963,17.7244820544225,16.6845801168719,0.042416978775686,0.0255075093635822,0.00845934190007078,0.0398382233516809,0.0401410651158856,0.0345880132513011,0.0327021819245176,0.0194803801942375,0.0475268852824138,0.0426388685019117,0.0401508836368686,0.0345404256173359,0.0196758781204932,0.0482337474979289,0.0452279073237,0.0367734233859516,0.0310636349134666,0.0166442176426828,0.0450296495631511,0.0413696136371896,0.0325829508603469,0.0307764445248133,0.0164325970914003,0.0431226387207325,0.0402775290262673,0.0385997803133361,0.00149244572461131,-0.0485200224108186,0.0403314725055654,0.0390107710806035,0.0360420784536114,0.02928770948896,0.0145743839031548,0.0434991235876855,0.0398802787507181
frank,200,351,2.37192951891445,0.25,29.6626514783717,34.9615717987484,24.599819344523,43.5225097200396,41.6072311407642,15.7546651654628,18.3907854321903,13.2363213600905,22.6496824926913,21.6970625878472,27.0895348437456,35.3024614150443,25.0771887108745,43.7206325294353,41.1756095357804,0.0574203852129671,0.0626611341083346,0.0334519904098602,0.0929403803116668,0.0746742379087759,0.0744682848352859,0.0847402584512847,0.0571252205434688,0.109850469485643,0.10463361280668,0.0740125981769936,0.0908398657450625,0.0642324598758116,0.109831482317903,0.10595576747173,0.0756025375538666,0.0861079850432084,0.0587165640176361,0.108647563720579,0.102903146207497,0.0754633965745854,0.0874769048263045,0.0590325178519043,0.110769939492857,0.105086566880749,0.0788210691996375,0.078275669662456,0.0477853047572293,0.104123414452843,0.0938746805166688,0.0731063365250873,0.0871069210195904,0.0601916742322014,0.108780642271714,0.103590751573231
frank,200,352,2.37192951891445,0.25,12.6112401222749,15.9793838995955,10.6633892911671,23.0125931879333,19.769220645421,7.27223634449665,8.94710774583595,6.30251224099076,12.4463216378128,10.8329805330799,10.7120261118245,16.2427178953017,11.3776913923442,22.9750671731859,19.1139478800596,0.0340100768619008,0.0289724872943653,0.0148096575236929,0.0521157531194538,0.0426091747985578,0.0331086226599313,0.0405627366596762,0.0275284313154085,0.0587308119725572,0.0490374727532142,0.0302522373484245,0.0369106943808679,0.0226727509200399,0.054667107384183,0.0463083499172554,0.0275939083018705,0.0418594996910561,0.0289088657995879,0.0580529173313761,0.0497422679885635,0.0309439981128863,0.0397437153471335,0.0254923291834661,0.0564916107645991,0.0499862953708931,0.0202736079559484,0.0434680960723283,0.0316552285970816,0.0527168915935886,0.0446476069766959,0.0303531835994818,0.0399639392742184,0.0262936900513359,0.0572022733007864,0.0487245291120421
frank,200,353,2.37192951891445,0.25,18.9161885559732,28.0508534315602,22.2630611779083,28.9925367546,28.8409279614667,10.4086962848458,14.9527258977557,12.0734363031933,15.421350604255,15.3466422028939,16.7651563992122,28.1922293528797,22.9680838385462,28.9096836558539,27.5477419679623,0.0490045874276019,0.0740141900183542,0.0588857613785161,0.0752760016756813,0.0770898236239213,0.0499488884919708,0.0692849535562313,0.0537377717058915,0.0716688239610509,0.0731248921205887,0.0460869525084548,0.0702563252812879,0.0549239988389026,0.0734441841110741,0.0695054378394828,0.0477697839553128,0.0713860476646946,0.0569165209900411,0.0729245313161363,0.071298578737309,0.0442426696233132,0.0685417630509029,0.0546506224152296,0.0725107050734167,0.0656544890372092,0.0415775636613617,0.0701053990529494,0.0567754365302849,0.0710340683304969,0.0666077374905895,0.0460957046495985,0.0700315129066753,0.0552519387105127,0.0722053146895031,0.0691320973325814
frank,200,354,2.37192951891445,0.25,17.7834718968961,15.9053808754547,8.47619398451944,26.7986028557891,23.0479320836393,9.84472781800796,8.91061264097602,5.21535420622875,14.3294895641461,12.4636250384346,16.2675244990521,16.2915472295202,8.84144311412231,27.0518718270986,23.2913522739871,0.0489641285401965,0.034017593264606,0.0072528758681989,0.0656304175075355,0.0535688775358885,0.0442649812349979,0.0418938546388296,0.0230434609438395,0.0670770594698249,0.0584575121000367,0.0471315560236823,0.040697159894717,0.0208069186486676,0.0691783772596131,0.0598362331299266,0.044133494459944,0.0381246697928162,0.0182094020220498,0.0668106488471005,0.0566451965811983,0.043766620411504,0.042071617864104,0.0225880894983956,0.069036200664294,0.0597779442435817,0.0472729483664336,0.0444035194908867,0.0260178980534411,0.0710769159244522,0.0618144565647041,0.0442372929665451,0.0382932151530067,0.0176829221473681,0.0670451152593988,0.057426396710182
frank,200,355,2.37192951891445,0.25,21.2970481638707,18.8941343697368,10.2277572136912,31.637744503495,23.8996612380086,11.5934914759673,10.3976945301715,6.08634686981862,16.7376419576874,12.8884938468717,18.8875746103948,19.0806212920868,10.7211258367718,31.4401052187319,22.9895167768227,0.0571064751036525,0.0445154776626665,0.025286424863635,0.0786695766290057,0.0606201329872849,0.0453917839063683,0.0353557197264936,0.00908794906643043,0.0716535579764918,0.0502232090892561,0.0535436883102837,0.0436347452420193,0.0228004121335178,0.0759251417731617,0.058390103842506,0.0512610950272894,0.0456635113303994,0.0237724722217714,0.0773448212670545,0.0565711206867119,0.049828746760456,0.0472469599549492,0.0263906729557319,0.0794295239378531,0.057759751398061,0.0507141420354521,0.0413460817473387,0.00372799561288117,0.0783135759465434,0.0590640179912991,0.0518173716361176,0.0465689891420488,0.0238448482897188,0.0789690729506876,0.058324435662559
frank,200,356,2.37192951891445,0.25,34.7768676649263,54.0814777211701,44.8628954368258,54.1545971483012,53.7522077151228,18.2992233673081,27.9031687493281,23.3173055896135,27.9396820992996,27.7396518565582,31.5989764281013,54.1018116164908,45.3302948771561,53.8786446763477,52.662897802568,0.0914080914041696,0.140178495567264,0.117097360354313,0.140235255795323,0.138572356685042,0.0824226103629394,0.131793575829747,0.109015106561849,0.131097747512449,0.130266207445616,0.0873217272916019,0.134153405447433,0.108791087347587,0.134721241002015,0.134575084629239,0.0866859331544792,0.134062114063814,0.110300563394347,0.13349295712877,0.131886036909072,0.0872457376924601,0.131899653073408,0.107631965645786,0.13297082346805,0.131939774584388,0.0918211313123899,0.140199864938954,0.115940393909535,0.140222306147014,0.139173973310144,0.0874712193583368,0.135409400140813,0.110917557881514,0.135631987487776,0.134437281216679
frank,200,357,2.37192951891445,0.25,12.3572559413517,18.006392973571,13.9013639143535,18.0759840920193,20.1606364038904,7.14497836536153,9.95539646697667,7.9132690409932,9.99016167568845,11.0273937725103,11.527564971535,18.3945014155602,14.5076999706741,18.174304827921,20.0644122480741,-0.0180027445153887,0.0283569231180429,0.0295762650957156,0.0079458689806574,0.0132834378859513,0.0299243845335236,0.0476122734890782,0.0369567430920579,0.04675265523876,0.0527432860623852,0.0293579795704929,0.0463300795232128,0.0352490232670486,0.0449724925289275,0.0503718679388036,0.0316198080880759,0.0452795346846602,0.0347115844999225,0.0448316081326393,0.0505611033083722,0.0337817449638567,0.0459960083541283,0.03452844398446,0.0462906584327145,0.0519332089874932,0.0265692655052713,0.0467289482673658,0.0288123051156896,0.0488278384167215,0.0553918132272076,0.031118820435938,0.0453542576790009,0.0347661271132557,0.0455658381785898,0.0503153537401887
frank,200,358,2.37192951891445,0.25,20.4543716556596,16.4540053743682,7.68481212149215,32.1089220572922,23.0932815253196,11.1742815882561,9.18341886390049,4.82079286945515,16.9717884249884,12.4875893317971,17.9304588371483,16.8430140465911,8.46142597477979,32.1115081013577,21.8730559724389,0.0545577615330062,0.0460996270035486,0.024192664382045,0.0848568941047546,0.0622646491027467,0.0457916141870306,0.033983954590638,0.0127501950394843,0.0754635989881704,0.0482479591761645,0.0485808578489984,0.0410100029201505,0.0189519963057362,0.0785671652584722,0.0524028136513906,0.05116847636059,0.0427524036957059,0.0202625084068983,0.0820032889061361,0.0581082320094546,0.0475983923558766,0.0384680515214922,0.0155162208180072,0.0790003744924742,0.0542497158176848,0.0512558377001426,0.0417109072111581,0.0201010573373746,0.0809383207543795,0.0554191171351483,0.0496841556484268,0.0411000063097903,0.018933176202906,0.07998151539071,0.0550449611541412
frank,200,359,2.37192951891445,0.25,20.1643935870516,22.176960851685,15.2188857107823,26.1309397624813,25.4717392688456,11.0295878999932,12.0306143572304,8.56892874789346,13.9980285766029,13.6701170183503,18.7130011142269,22.5445439831079,15.8532456004944,25.8600180457744,25.2900368656794,0.0509726146103359,0.0420735650488161,0.0231275306963531,0.0591319106102384,0.057330411138208,0.0530234292430547,0.0537149401859357,0.0349360357828691,0.0643493421604486,0.0629965501645092,0.0499471684292121,0.0585895405579227,0.0404044525172517,0.0679343805153702,0.0658614006917446,0.0509148657831174,0.0553782254748944,0.0375464559449446,0.0649199853871072,0.062869524433032,0.0452766265833363,0.0516882566960625,0.036799432839096,0.0567273216286786,0.0577236333434606,0.0551765191499013,0.0602108174017949,0.0429056928863023,0.0690022551084376,0.0686586341598668,0.0501638553097173,0.0551804625136874,0.0377435761460702,0.0640592380388838,0.062708855580349
frank,200,360,2.37192951891445,0.25,25.417111962504,24.2477972591628,15.5346041135398,31.2987009751637,29.5721668499273,13.6425329126392,13.0610921002035,8.72658690658993,16.568768168528,15.7100117706853,24.2589293928247,24.7426244206711,16.0315055380514,31.1691271102999,29.7567010090492,0.0640559765584555,0.0330715081282284,0.00945346346530285,0.069215841846608,0.050602632264628,0.0673077895624638,0.0642339731511292,0.0420208821532894,0.0822171512734885,0.0777428334833615,0.0651330400663258,0.0601352649463053,0.036918510823431,0.0787315625918459,0.0747264687878666,0.0627411495019903,0.05873715821051,0.0362762366063284,0.0775211071531471,0.0727051513601052,0.0647706981335254,0.0622320069323916,0.0392458586774277,0.0801706770794714,0.075724517038775,0.0685088584051782,0.0205336949797799,-0.0285805473665373,0.0635431082088877,0.0612167429504432,0.0630897615096834,0.0587468715830418,0.0361616907856476,0.0774195514300054,0.0725086450238386
frank,200,361,2.37192951891445,0.25,17.0367310186343,10.8579454768887,3.81646572276664,22.6465016575856,18.7641938087312,9.47358316046501,6.39942820607847,2.89684931039879,12.2637735743495,10.332650396268,15.3093685301134,11.2183039990219,4.07571391319262,22.9696268646899,18.7230708022658,0.0468952070109264,0.0311935379156798,0.0113017084175347,0.0597841958129179,0.0497064215707648,0.0399543661775192,0.0259287232901354,0.00556940701447737,0.0581403642113514,0.046274642985828,0.0374971312910424,0.0256319767940582,0.00719890359339804,0.0571916785761466,0.0448172052531419,0.0408782681349058,0.0272158798924627,0.00841366563330715,0.0581792758881743,0.0472046085496557,0.0390004676633586,0.0193274529248022,-0.0021404779888022,0.0537620626596627,0.0399713114888598,0.0400918944778555,0.00963556588258022,-0.010583573045953,0.0459665271275225,0.0328220814326706,0.0420486922208697,0.0271174626337969,0.00852896971572155,0.0570574087371197,0.0469775669723549
frank,200,362,2.37192951891445,0.25,7.20760222086526,9.07462995016484,5.44502106933524,14.1785469835498,11.278763299355,4.5833715375268,5.51232333099866,3.70699760669351,8.0513452575012,6.60894158176762,6.30041824126595,9.12735954066298,5.56799178453801,14.1806850346777,11.0287084855209,0.0161368770052187,0.027661607241543,0.016822630697395,0.0400050195094018,0.033082043557529,0.0146111798847788,0.0259925213931275,0.0177680783542854,0.0376284136688675,0.0293562643374614,0.0189672871005422,0.0214191600864865,0.0115880875012964,0.0345411233624696,0.0260047150850853,0.018068512719974,0.0235233402870113,0.0143542485812064,0.0365593824611527,0.0284955200405048,0.0191490553849546,0.021776367645294,0.0112225953225953,0.0354431926592747,0.027143138885963,0.0187846240192006,0.026990936095055,0.0185921426679264,0.0331418293685613,0.0253302850710778,0.0182717847703895,0.0221568521382917,0.0119943167989257,0.0356435969339969,0.0278877927506165
frank,200,363,2.37192951891445,0.25,21.9708659546527,24.8609770238567,16.3781255552569,35.7572640231572,34.6011235313288,11.9281554271732,13.3652368664,9.1453251892585,18.7862913252261,18.2109598738171,19.5942603386697,25.4916960758241,17.4252764464848,36.0902643583421,34.35936914694,0.0590365818499594,0.0671500625473984,0.0457591701500697,0.094123001660386,0.0907927032616556,0.0533628049888768,0.0604511527966837,0.0387023082399026,0.0864290121247808,0.0840530109297294,0.0525252456521996,0.0626783117383665,0.0429467521389512,0.0875989785427963,0.0860268741408066,0.054686256193819,0.0631008263078361,0.0411031231750038,0.0908422752387795,0.0874851991372774,0.0514982630491775,0.0606626247468659,0.037860500788196,0.0891213199621491,0.0866266428990028,0.0324459782465956,0.064334920756127,0.0453663173492542,0.0881325605658954,0.0846638778479179,0.0541199159783405,0.0630985790802637,0.0411542615649014,0.0898668112295658,0.0873803632949171
frank,200,364,2.37192951891445,0.25,14.8009480996324,22.3252842656507,16.2804660751187,30.9455361759078,26.3945635888518,8.36137141452045,12.1041325368207,9.09728883084991,16.3925972521739,14.1287785711227,12.6139433072001,22.5035991204407,16.8714083607814,31.1787131106436,25.5928286072619,0.038551100548966,0.0604447621678176,0.0448470520585546,0.0812487999047505,0.0709292796045464,0.0238881383478069,0.0589717655185228,0.0451987224065885,0.0736748646288107,0.0629555412455185,0.0362986762299991,0.0575786197874018,0.0417758099293909,0.0792160634392563,0.0672996586527128,0.0367531471303713,0.055738408237547,0.0391570263593515,0.077653321032525,0.0661715418934755,0.0396793416705371,0.0580559850049188,0.0411867990247488,0.0796512900757483,0.0693289545704902,0.0188110110978368,0.0365097659832248,0.0250411412202424,0.0575145633898464,0.0394127435801961,0.03609942631255,0.0558464726052253,0.0396712546987764,0.0778030593100205,0.0658759854239104
frank,200,365,2.37192951891445,0.25,29.6375369270326,16.2418931255817,5.53042632695324,31.7745866657635,25.2189894875032,15.742954740556,9.07850001354172,3.74990500509073,16.8056451361809,13.5445646518323,26.9183569369155,16.5417459558996,5.81725044034671,31.6429564152573,25.0561979194612,0.0652499830608992,0.0398228191269213,0.0173144293783284,0.0684572672698952,0.0541360287950145,0.0735658800237962,0.0333042666394334,0.00631002506291261,0.0762834085607131,0.0566438145755478,0.0667467674981612,0.0398307719842396,0.0137148752703611,0.078446692128112,0.0605864041363658,0.0720847942560257,0.040327239996777,0.0127030753860976,0.0793359538251741,0.0628341307683768,0.0713801880729636,0.0367804736733758,0.00884281949538125,0.0777845723608782,0.0608461208461131,0.0698803893264417,0.0451969489660677,0.0162717924875169,0.0838528897132678,0.0680279591115069,0.07312658533399,0.0385495337070258,0.0105938612955842,0.0790355731257661,0.0617880676831596
frank,200,366,2.37192951891445,0.25,19.4188710635875,18.9994776441186,11.4063275192302,27.0919674943151,22.1675963300708,10.6585792401208,10.450244787746,6.67303542261886,14.4760166904166,12.0265698062535,17.5720981992557,19.0057367125481,11.5736402543788,26.9452262059052,21.5817953397468,0.0451879637520432,0.0314803115215416,0.0180061774800452,0.0448309357642297,0.0324264960660274,0.0470375139725983,0.045176803393406,0.0241403717258522,0.0685693054568643,0.0475120854412543,0.0451399287089022,0.0436320714392978,0.0264216749588761,0.0611292714796675,0.0492636256258333,0.048569116301324,0.0486852312234372,0.0288427871913715,0.0691675022712495,0.0553916421272169,0.0469479507338598,0.0457688513735508,0.0238235198542575,0.0684433396648456,0.0542721358188659,0.0530044058314895,0.0523773081359678,0.0335103209778432,0.0726505707905202,0.0604188676168976,0.0478660325139955,0.046631794338653,0.0270597033817411,0.0669185114435429,0.0540921922893981
frank,200,367,2.37192951891445,0.25,25.4373167441997,19.1226593463273,10.1322749287284,28.1443523517804,25.8611154975658,13.653130222843,10.5114616600013,6.03914968924501,14.9994651591887,13.8636957813667,22.9635338808242,19.3092505399357,10.3832824756417,28.0566159685217,25.6215732810033,0.0494625015662505,0.0520930946332853,0.0213411659817914,0.0676278600306363,0.0686624459868007,0.0657826438436677,0.0500079557715618,0.0257652357681931,0.0719182020654348,0.068669704937,0.0601180380956892,0.0458057076497662,0.0236973210575023,0.0688345144295799,0.0641920074368509,0.0629179695795677,0.0449522050859049,0.022057277982478,0.0690355005992488,0.0634031203059957,0.065083084296084,0.0447901425116931,0.0209157975893107,0.0700934862356202,0.0630664222832192,-0.0210663035307941,0.0385186374703782,0.0242119807449592,0.045533357462055,0.0352524457162043,0.0628284632401486,0.0464735305833539,0.0227251121884321,0.0701003975875304,0.0641762774780095
frank,200,368,2.37192951891445,0.25,13.462072280448,10.3984613258431,4.88354151237386,17.8997646998231,15.1453434412463,7.69576120786354,6.17083223115908,3.4273297687086,9.90262746513193,8.53257670631691,11.2923371471326,10.5135326726096,5.16246205332168,17.938162037502,14.5677831010028,0.0282459636302833,0.0290876146738698,0.0168658840079922,0.0353263763374766,0.0393869798422518,0.0294232778040263,0.0279290141607392,0.0160224768556261,0.0439003136559214,0.0380945172170519,0.0322077361280606,0.0265526800948141,0.0127556288588919,0.0453003079756945,0.0372820644614601,0.032662620502505,0.0266041913193784,0.0131805812164787,0.0449530362337477,0.0376513328629127,0.0322146292380228,0.0233231418932268,0.00702936647319856,0.0428220696857421,0.0347914462677293,-0.0349027873332549,0.000560235268073952,0.00560151710158674,-0.0069940635204559,-0.0104927824419919,0.0313131371837102,0.0250306739268046,0.0102950850104222,0.0442052792173032,0.0368748930511943
frank,200,369,2.37192951891445,0.25,4.49762861505021,7.39079204086122,5.31636344833406,8.38006805491918,7.67742797685,3.23489104592413,4.67480524560186,3.6432619781217,5.16668777650124,4.81704692892662,4.11171503415674,7.27388075135431,5.20111545446547,8.29447094470675,7.67185493081431,-0.00360976192377038,-0.0454817700704259,-0.0507682514244196,-0.0238039622964751,-0.0306191146989975,0.011716378182874,0.021471710509946,0.0150615548274012,0.0241622706879937,0.0220066323417825,0.0122553916933734,0.0191523168953952,0.0146662139141874,0.0209997312875551,0.0201821110188403,0.0093152028970217,0.0181562412224525,0.0133572948913632,0.0193832377231801,0.0184148605486112,0.0127275572692443,0.0180390647114734,0.0121797209165129,0.0215759460186486,0.0201180676037749,0.00845265201823036,-0.0182050507398186,-0.0375084759138336,0.0070525841593676,0.00715988237318486,0.0123343424574311,0.0179819767041205,0.0114839789047639,0.0211947323020355,0.0196325816923226
frank,200,370,2.37192951891445,0.25,27.6328201509737,47.6827112527564,41.35440521093,45.7002836816931,47.9100920600813,14.7452447295473,24.7193933796762,21.5713588657101,23.7332469157857,24.8326961147954,26.0297326539616,48.0747448690485,42.0138802890354,45.7338155284779,47.6180984502841,0.073259023027885,0.121516799842898,0.0951982391672813,0.116875964914338,0.124733736470444,0.0677509023443684,0.121434719933516,0.10611798572938,0.113433106317776,0.120864925989598,0.0714548882771602,0.120262176216265,0.103263672903653,0.11571442884959,0.121313346052836,0.0696143030944678,0.120202103988099,0.104149476447204,0.115531662542195,0.120504770403938,0.0677038044789549,0.119754889641011,0.101595893008593,0.115648080247035,0.120328289218748,0.0698301099267625,0.123474582494456,0.108013491542036,0.118831189789748,0.124442720654048,0.0686738267654596,0.120172022604137,0.103709790289996,0.114957933325396,0.120470802400453
frank,200,371,2.37192951891445,0.25,39.7727820517505,52.5518488719398,39.8800046238743,62.0328454537475,58.1454926852176,20.7849832208987,27.1418630872403,20.8379116755296,31.8588119853707,29.9253810299692,35.9123637759213,52.8896848471102,40.7748852547474,62.0398799325886,56.7910846132068,0.104152576166975,0.131748259244642,0.0969830072065119,0.159857910147502,0.14505599301248,0.102554985882925,0.134228962535641,0.100528147745786,0.159368971200385,0.149802781158208,0.100532905528205,0.13377743806251,0.100985492930263,0.158123311048265,0.147922222618532,0.100374250162998,0.132848596550671,0.100884474529543,0.156711927031392,0.145961947100605,0.0908878611713498,0.1292773557759,0.0963949366751091,0.151649767591945,0.139161285642269,0.0784081275150595,0.118370807351988,0.0933964260547354,0.133488846171632,0.109339702581118,0.0989300783618726,0.131395224610503,0.0987091319992932,0.15545921853785,0.144557501610579
frank,200,372,2.37192951891445,0.25,12.6370572460806,19.6496962589265,16.3623697639736,16.0241046039759,19.0006512159616,7.28478281574167,10.7733475410826,9.13816225045807,8.96951719698287,10.4505045250634,11.6328211468064,19.7301914267445,16.4839870509384,15.9623409056279,18.847458228027,0.0210366939840882,0.0513833535158832,0.0455307388822277,0.0406237589885162,0.0461660301222818,0.0339209471725009,0.0448515431651974,0.0355955621100734,0.0400949475839497,0.043831648850288,0.032631957271876,0.0512579126326066,0.0411768046004505,0.0424971704705558,0.0499359538411839,0.0312941244275034,0.049601883125844,0.0412141892569242,0.039930756166942,0.0476071468170269,0.0314995920200051,0.0467748841251436,0.0367247059557497,0.0400351838200565,0.0459774159763751,0.0358169539486118,0.0523079575942445,0.0431343631822467,0.0412711427560848,0.0505348141063067,0.0312264508757236,0.049112135973093,0.0402812170462229,0.0401912904040466,0.0474048272621739
frank,200,373,2.37192951891445,0.25,15.6619585666609,16.5811028553662,10.3820032804949,22.9616151285866,19.4142864869727,8.78915138442695,9.24679552064032,6.1629366989433,12.4210359911413,10.6570640727447,14.3987117665444,16.8543513559627,10.9248967237815,22.8609917449887,18.822594273858,0.0202167088583435,0.032690190733896,0.0250981772321377,0.0336945851700557,0.0111521638489084,0.0393216685753904,0.0400463063842142,0.0246351142538792,0.0570372920576691,0.0454025367000223,0.0385436020230474,0.0349904748754866,0.0189013553859389,0.0521324691549766,0.0365574068131899,0.0405913088017732,0.042968214880635,0.0274292997839989,0.0584099855074825,0.0478762941399684,0.0408488434577737,0.0437582458357199,0.0284394640837179,0.0592134706455105,0.0494292869010143,0.0386828429870802,0.0464502153153036,0.0285705003898007,0.0583639957799816,0.0487221447281992,0.0395109754652892,0.0410835741665026,0.0252497303762088,0.0572100155373984,0.0467802740091708
frank,200,374,2.37192951891445,0.25,17.8511457916272,9.79566862080924,3.61455735611456,16.3286913947575,16.4647810891951,9.87859288082709,5.8711009925418,2.79623310648387,9.12107863098291,9.18870678619717,17.3580503840832,10.2178674269965,3.85483129888417,16.3134096254097,16.9826529642849,0.0409247726661579,0.0249749063729742,0.0116509386701948,0.041625257470191,0.0406474051441042,0.0404562877286896,0.0200514911760443,0.00658048633834734,0.0351679823418432,0.0376230076689619,0.0406700907768149,0.0201031024722164,0.00653834391356387,0.036797191017636,0.0376301619613633,0.0439416602768597,0.0243418514383334,0.00818710655836993,0.0410063235431192,0.0411431115555562,0.0461539544027821,0.0224239799783154,0.00537035380071527,0.041689170934659,0.0413318936497828,0.0447438553427999,0.0288629811443975,0.0103855921877451,0.0448451004829191,0.0461267591499634,0.0453500554778189,0.024911979495758,0.00856767952134267,0.0418771543327396,0.042209429708407
frank,200,375,2.37192951891445,0.25,23.5545675012943,33.7172824807323,26.2205664717346,38.5576187578941,36.812873330065,12.7170872031921,17.7717218115586,14.0424316052951,20.1797584631761,19.3119671751178,20.3882271790561,33.8425026318274,26.8303285492002,38.6605671570227,35.9292951797364,0.0638484355276471,0.0832796777242283,0.0616255888877686,0.0985176248134208,0.0925667117343317,0.0532425402719023,0.085747425567187,0.0656970999537518,0.0991233147917221,0.0938881115175096,0.0608461222295505,0.0834605282321744,0.0628261264857908,0.0966860195506907,0.0920758645497198,0.0577485062676113,0.0863603430447258,0.0668347246800081,0.0976804318101757,0.0932379856432413,0.0609711070357972,0.0876431811032906,0.0680547779485826,0.0995540188324587,0.0955614028129786,0.0494183388715059,0.0760717872054059,0.0609392422119522,0.0910956901918787,0.0846963098726323,0.0569901372654968,0.0847468639493689,0.0654930739426995,0.0966739718670117,0.0920976658591283
frank,200,376,2.37192951891445,0.25,8.35019892677221,17.6606666283135,15.0152259175144,16.3073943951105,15.5778562232273,5.15246058365772,9.78372176435795,8.46755865886851,9.11076193480683,8.74806721373405,6.74925648181912,17.5726725633217,15.4211240378703,16.0461418223328,14.674770749824,0.0249566467447811,0.0491356980852594,0.0422219647122803,0.0448945997189063,0.043760062668942,0.0122369391359939,0.0341354654419023,0.0310786697593595,0.031189661506935,0.0271888658324972,0.0161265584813874,0.0456283608528191,0.0399887845345642,0.0398635337142921,0.0374168282235248,0.0201268533870234,0.0441775808100004,0.0380056230404865,0.0395050702239714,0.0369070006423808,0.0199983867430298,0.0456196892031752,0.0382623092964813,0.0413116496638782,0.0398462733409953,0.0258364092668429,0.047603197802702,0.0408613158583546,0.0428712995455337,0.0423768812792127,0.0198783078550508,0.0432869864068582,0.0366687362053148,0.0392361748546036,0.0376042783477307
frank,200,377,2.37192951891445,0.25,33.3706087607288,26.7038026658028,15.5029864758695,38.0395472054249,35.8031444339673,17.6006199935946,14.2826474293152,8.71032315528666,19.9221414921655,18.8101446451082,30.6166220912029,27.3654894393823,16.3405802813767,38.0789013189307,35.4061652262702,0.0750306396243571,0.0522284575703064,0.0293021234227304,0.0882534571031723,0.085746237905473,0.0852228260388269,0.0693587404787243,0.039584109690985,0.098244124140617,0.0927529535911359,0.0711834512203482,0.0658305648701692,0.0408935381537735,0.0880898386662708,0.0814980555173394,0.0820466411667439,0.0676126564459082,0.0393855768500071,0.0955111559777428,0.088654131309621,0.0764962483169135,0.0684789291186262,0.0408869821821495,0.0951181829410624,0.0876549436820537,0.0843129483074652,0.0715744770318152,0.0422224746846526,0.0983451423312402,0.0920888666889101,0.0816853310175192,0.0668169976262924,0.0386688137324786,0.0949076242043595,0.0884279289467159
frank,200,378,2.37192951891445,0.25,10.2558850470877,14.1576219234554,9.85949103394578,18.8918134506108,19.4571550512401,6.0998637050918,8.04040954661162,5.90226567811453,10.3959313330086,10.6769270642625,9.07284691528366,14.6630581242362,10.6818913591068,19.0588872003493,19.4858254997304,-0.00282968095074686,0.010652287427697,-0.000763524684213899,0.0337566702633955,0.0127913192222774,0.0269543119306296,0.0355915045489744,0.025358525890899,0.0470572484874093,0.0505793953740686,0.026546554326475,0.0369005141385308,0.0270770437746277,0.0481232040561229,0.0503606425555295,0.0241409182392181,0.0367878496329539,0.0260502087591048,0.047584573101198,0.0492564583346111,0.0248071819880665,0.0332595831019543,0.0222728248504209,0.0465753237930764,0.0481251909465396,0.0260172237411613,0.0402638326833389,0.0286607477559409,0.0521744558966801,0.0528472805696106,0.0258233390326522,0.0367057626997611,0.0254990916326711,0.0484874949477887,0.0500859411242721
frank,200,379,2.37192951891445,0.25,41.8793785169349,48.9200238328795,34.8586884980261,64.9599152584962,61.4595023672021,21.8332346883446,25.3347766249773,18.3396641137512,33.3147857113342,31.5732045766572,37.5397768404683,49.4574195760391,36.0021995470379,65.1461745238819,60.5163227798706,0.109422004626455,0.122890882335973,0.0832548525066298,0.166089574126007,0.157695070158783,0.101894345566127,0.122368186623108,0.0877624455074415,0.163101521340132,0.152318769029128,0.106773935253741,0.12557166831259,0.0906260935204822,0.163742170855923,0.156326010701199,0.101868256970325,0.123283286538254,0.0881221313658165,0.162502627225831,0.153737277994042,0.104578016840698,0.121124192370225,0.0846044649786319,0.161678411777655,0.15313658344038,0.106267460338924,0.121693086250212,0.0841091080984084,0.165836515167471,0.157919537879565,0.103819478928259,0.122922220949004,0.0868573264711048,0.162837490071737,0.154401732711783
frank,200,380,2.37192951891445,0.25,16.9050156816031,24.7322227652343,19.5881785079625,25.1975523749729,26.8443180699255,9.40750276341588,13.3016735152754,10.7427876032008,13.5332301696614,14.3525267244876,16.0536243680386,25.0845842177582,19.9815896489097,25.1951413354827,26.8867967988093,0.0454863413695581,0.0619897200124957,0.0444982801727724,0.0670608661194932,0.0704950366953235,0.0467935978338984,0.0656592215996716,0.0531169039401853,0.0651688896031444,0.0711614443265896,0.0398148564063403,0.059637015040726,0.0474656295666839,0.061022107277081,0.0654997302781133,0.0408464805722718,0.0599389249600399,0.0466578335811775,0.0610660214418735,0.0648539270279246,0.0395877538534112,0.0606431742076838,0.0489007621688936,0.0608805788160211,0.06412227109915,0.0469141833460409,0.0665142202473539,0.0529954784118367,0.0679719516543914,0.0721102360816894,0.0430982557142962,0.0623131798796849,0.0492127953538795,0.0629188126013411,0.0672330783385681
frank,200,381,2.37192951891445,0.25,16.4532632574859,21.8747168181456,15.5537392876186,28.9946918152038,25.3926236282565,9.18347147145391,11.8801650735517,8.73573785328844,15.4224256039541,13.6305451081467,14.4635236572325,22.0782821332097,16.1459844579766,28.9487417801296,24.881664877034,0.0457536138996163,0.054580100169661,0.0330173024407908,0.0772806111473998,0.0681961794710676,0.0452798522821592,0.0592896405424827,0.043312624404424,0.0768596741298895,0.0682132055754406,0.0383573909736568,0.0535702521866126,0.0392778547132612,0.0687686502039078,0.0604887396203775,0.0420258103963678,0.0564321198143113,0.0398150870033236,0.0733824275786854,0.0649850234970487,0.0386798222139005,0.054142239368491,0.0386429872524558,0.072168659950641,0.0620232540240026,0.0451562991026466,0.0563046878768909,0.0355828793875417,0.0774388498530005,0.0684815490698493,0.0402328243273081,0.053985877755964,0.0374803055167101,0.0718363233843689,0.0626979197122384
frank,200,382,2.37192951891445,0.25,10.5325995367244,14.2244814954935,10.4571351879428,16.1245581961212,17.7837883155226,6.23789559414304,8.07375541289932,6.19959041133967,9.01925294264056,9.84487290749422,9.13479222189766,14.6489461519404,11.1918228205053,16.2475651816111,17.5002482999214,0.029547279466618,0.0332400555345107,0.020440383397402,0.0451472226211107,0.0446527232392292,0.0271862915345056,0.0380613657087009,0.0275032489097126,0.0433628299255463,0.0467249659025526,0.0234689984813079,0.0366147595854056,0.0280572793762054,0.0405244809537406,0.044294230445221,0.025440169703539,0.036389615728088,0.0261551892704789,0.0411314811621085,0.0449756694407965,0.0281604627059838,0.0353432758123814,0.0243870459156404,0.0409986761299842,0.0451468850994795,0.0145968030982239,-0.000733463917912833,-0.0144995717081742,0.0148907812224496,0.00403499078633672,0.0256366018460416,0.0360076958038091,0.0264044498566588,0.0406078510087958,0.0444012367599978
frank,200,383,2.37192951891445,0.25,43.8757413165387,51.1249271698883,37.8963475357619,58.2173373846553,55.2078672144763,22.8275175210963,26.4323248951114,19.8512416715896,29.9608714649955,28.4643171683235,39.1358634569594,51.2774106094363,38.5236397887167,58.0398892586154,53.6512477559338,0.0656963807580078,0.122792670299883,0.09599779749808,0.124503928647839,0.110721171573957,0.102122459304786,0.109744798114231,0.0746111866112325,0.133191140412792,0.114516160810933,0.103841780324612,0.124450664656861,0.0905260285844132,0.14468277612511,0.134761099119862,0.10406970788188,0.126689938001728,0.0941738843200135,0.143795704330371,0.134939169181717,0.10711953426314,0.130347212298158,0.097523728965322,0.147204415334231,0.138960822465159,0.11390496324672,0.131191096616288,0.0991914822414801,0.142661257297875,0.137622205300037,0.105806566191549,0.127187200506308,0.0936101114168561,0.144920525745658,0.136341202273795
frank,200,384,2.37192951891445,0.25,4.65742966524819,5.51854986333472,2.75837866418359,9.55330380579435,6.69793072567254,3.31465268515905,3.74343321970295,2.37068757840101,5.7504343492046,4.32997451680862,3.97344449439341,5.42837453877048,2.70020068506338,9.45523480707309,6.48748969922758,0.0150891814162078,0.0187951996801735,0.0108636205351317,0.0282889225442686,0.0216500239558064,0.0142830843925352,0.0136516307142108,0.00426786992210105,0.0254272783030097,0.0173845428176963,0.0117800878331389,0.0153013828647678,0.00868122159213944,0.0248508788947896,0.0173454479194766,0.0128733313051402,0.0136933518663536,0.00501709121154407,0.0250160560567742,0.0177537789268581,0.013716735475391,0.015125274569572,0.006894599261535,0.0251919022125082,0.0186049449237441,0.0151855665853477,0.00308216372137512,-0.0212060570175099,0.0255190747376469,0.0182957943298218,0.0119841538212009,0.0135950244666308,0.00561935700515988,0.0242361900828166,0.0170533417108106
frank,200,385,2.37192951891445,0.25,25.2067866419064,17.8752309309893,8.37916004565946,31.664797785971,24.1433950921844,13.5393100939056,9.89086621160351,5.16690506267734,16.7507005836691,13.0102554208844,21.7122127217128,17.9600260923191,8.70222993120292,31.7534052743183,22.7024717375272,0.0490120987726804,0.0195706108907842,-0.00773317216657156,0.0405895952985348,0.0300830294473321,0.0568888517303976,0.0386042560644929,0.0102250627235553,0.0758009503004254,0.0558647177901894,0.0626557205390479,0.0478221394533412,0.0250249344364096,0.0816552944156184,0.0598227056573163,0.0601095282096988,0.0451650411743684,0.0217348752180632,0.0793069172866136,0.0579307984254542,0.0553380978847855,0.0429292970353493,0.0187289676283939,0.078965027667393,0.0526794991991913,0.0635441508457033,0.0489094299084239,0.0229215706136619,0.0838722515988354,0.0651200385086763,0.0604329980163282,0.0434209413975313,0.0186869927110549,0.0790870238621859,0.0571923462509049
frank,200,386,2.37192951891445,0.25,9.13184283040059,16.4595171919402,13.3308340893561,17.7679465048675,17.6554662581609,5.54032047682723,9.18599571556795,7.62977511812629,9.83700008657317,9.7810757659047,8.35294645939924,16.6576384526096,13.8511382029735,17.7622102023581,17.4741900496673,0.0255891258843136,0.0394959040196725,0.0322255367491401,0.0437873271981077,0.0395946342625997,0.0251756952356893,0.0404568202037123,0.0323538216489321,0.0438398526529486,0.0443335505074672,0.0114246001590203,0.0382082098692971,0.0315164575169516,0.0400026072752096,0.0349464642672482,0.0249014767580956,0.0421269339615069,0.0331659987821738,0.0459565906945417,0.0452705997091302,0.0246101256280329,0.0439629262335475,0.0352428018785881,0.0470653097981574,0.0465357118186408,0.00566372025886443,0.00716758295856215,0.00223543861912078,0.0188203924452049,0.00946659514966852,0.0239719566946715,0.0412091657839179,0.0328441713863656,0.0444684516248395,0.0441675419301249
frank,200,387,2.37192951891445,0.25,12.5824499865106,22.4205208100614,18.0699542773673,26.4389303198526,23.9404927348286,7.25746429709222,12.1516322703677,9.98765099924935,14.1507108234976,12.9078937390816,11.1616482916957,22.5800970944736,18.5822385630171,26.5351061881815,23.4858471469099,0.0323855548299576,0.0610250835929296,0.049178347872744,0.0704755550816958,0.0644542430657079,0.0286946886244873,0.0561353855439351,0.0429414227602254,0.0677497784805435,0.0603290154609738,0.0262527203156184,0.0568744684405217,0.0481070847951767,0.0617188502020749,0.0571595296122654,0.0312291092905733,0.0573478372981221,0.0452328560235471,0.0677039870097794,0.0611996166917368,0.0334870723505227,0.0582701687808089,0.0468112127255491,0.0676829944173527,0.061627680781428,0.0358556538836533,0.0524138437527206,0.0407269124311206,0.0645489779372599,0.0579051049159559,0.0316238916807207,0.0557325160591523,0.0437891631359398,0.0661830202449066,0.0593084282235683
frank,200,388,2.37192951891445,0.25,28.3056175738062,13.7275790925036,4.63656217844626,23.48970566154,23.9838852038758,15.0799089444991,7.82728605615744,3.30485763387584,12.683682788224,12.929358885958,26.2674798333639,14.1496888639536,4.83476292790085,23.496326058828,24.4118263124335,0.0685665404654525,0.0283822925540499,-0.00530740743975707,0.0506405962158449,0.0574799855748491,0.0676932858682748,0.0302552640018847,0.00576054296060581,0.0563495653251789,0.0587001486331323,0.0715573972531482,0.0350933019606094,0.0107330939125948,0.0601289078202356,0.0621768454605187,0.0686586652512948,0.0313615666288567,0.00820635766735511,0.0569143811938624,0.057900834809383,0.0645232231353195,0.0348455781156801,0.00978726381581043,0.0590421904364257,0.0609346435548531,0.075674422601001,0.039308103618646,0.0165492015274635,0.0616696947393085,0.064953189118786,0.0700151078709941,0.0332814665529265,0.00971926973776277,0.0583596946667987,0.0596494750966993
frank,200,389,2.37192951891445,0.25,22.7744195209744,16.5496216640731,7.93692215368809,27.4239848537289,24.7008617203864,12.327824662504,9.23115327042934,4.94692965513784,14.6406992990766,13.2862261454505,21.2328208923725,17.0036131870213,8.236963115353,27.6440369927567,24.9326486266802,0.0552244508446306,0.0294698831160021,0.00503044790334644,0.0651520965372299,0.0521571111670308,0.0510378148052305,0.0433973614520524,0.0232731829286894,0.0664315589083079,0.0600565365132895,0.0607732996871785,0.0397534688330423,0.0137561701893301,0.0708793982869921,0.0646863969332038,0.0567157305860184,0.0404166712554927,0.0179267721103098,0.0675119367727178,0.0611316992467697,0.0558810604200545,0.0380055111449977,0.0134806814311818,0.0678602895356153,0.0584638581930512,0.0561711219676563,0.0320029106062468,0.0135005982709702,0.0663850641654837,0.0527814526638322,0.0565399878993541,0.0418518741805348,0.018764542716157,0.0697106243762198,0.0622971130236266
frank,200,390,2.37192951891445,0.25,16.6757991032799,12.7649800182692,6.63972515882672,18.4100028111017,18.3643653819088,9.29379570062971,7.34820537413957,4.30107494637828,10.1566260973664,10.1338560954411,15.6747040621583,13.1706074987865,7.0738351985119,18.31747555231,18.581922447804,0.0441923555063049,0.0367749288653915,0.0215543692242161,0.0502248554179268,0.0499592907525517,0.0329127883431844,0.0322381652447365,0.017114227829123,0.0434834118169654,0.043747668951494,0.0425292453206033,0.0318383192241596,0.0164404412734428,0.0433174718702367,0.0454463530121563,0.0408877655879261,0.0323075595004951,0.0172462150788277,0.0462996905273727,0.0460777318854115,0.0398232379896082,0.0345827275207992,0.0187124065539606,0.046992203905769,0.0472577202528179,0.0446167971585409,0.0321430702916427,0.0137535028116149,0.0486147095376694,0.0448993506880691,0.0415316104374469,0.0318147052222785,0.0163127196936198,0.0456729168618728,0.0455383859522867
frank,200,391,2.37192951891445,0.25,29.1095899957702,22.1307222628319,12.1367298035184,31.6953031143523,30.1037164716145,15.4799347262663,12.0078355877763,7.03615141625052,16.7659808145534,15.9743794061596,27.0762624911475,22.5756928562191,12.6499535008928,31.6476769322334,30.1076498134307,0.0774592828021886,0.0509017626317022,0.0273356905632251,0.0770469892546686,0.0724533670023677,0.0766958433927364,0.0529358064703952,0.0230590941392653,0.0814308234785264,0.0769914221422636,0.0700299869157361,0.0521982764428417,0.0274262943313709,0.0770860364759752,0.073346766184549,0.0719765131515518,0.0553670089019583,0.0300923349223018,0.0785689658822473,0.0747850381719812,0.0744983788570669,0.0586369045629995,0.0329334230776554,0.0825658168561239,0.0786266417219761,0.0740534670059884,0.0596583050244168,0.0300306922092029,0.083518476932763,0.0802368456837608,0.0714920845166942,0.053841455627714,0.0284734577080337,0.0781734308424798,0.0739045113168574
frank,200,392,2.37192951891445,0.25,15.0890512867041,18.7451595682074,12.6916236040235,25.8819719848133,22.886442489195,8.50456459626128,10.3233528402138,7.31228549214889,13.8736824851728,12.38329725598,13.1690065804603,18.8000072255497,12.9672556934844,25.9730524221733,22.5379233091934,0.0419383244931945,0.0452730146847906,0.0309197090592882,0.0593897118417797,0.0591195934704861,0.0351193071968018,0.0464456159109324,0.0307083756193863,0.0642795483583886,0.05640906307377,0.0348789495657096,0.0415415482008035,0.0255744554104278,0.0600132273064771,0.053190411249627,0.0367165514485172,0.0465390444919461,0.030491534488727,0.0646764071386997,0.0575321601855723,0.0341134391391416,0.0470289902323253,0.0312557793481427,0.0654596803024185,0.057872019555,0.020923587742289,0.0424789634068018,0.0312768340839802,0.0663847817016457,0.0482847227042184,0.0363143083571294,0.0461984959100036,0.0301829421405627,0.0640203858222035,0.0570599181965499
frank,200,393,2.37192951891445,0.25,29.1125821976972,16.7657280182898,5.84662387902367,33.6102375434264,27.334118714996,15.4813705137859,9.33891005958062,3.90738181291209,17.7184294751876,14.5964385084968,26.6689864116303,17.1543160222389,6.01557632302754,33.8255524471311,27.3940944141355,0.076386921154979,0.0449552800091901,0.0168097921092079,0.0887914659539641,0.0729710501312699,0.0735427753757744,0.0444769066087601,0.0111555236096615,0.0889205165826299,0.0722467776375124,0.0691058931570465,0.0378234805812529,0.0105428888808152,0.0805726916905056,0.0648140780253809,0.0709659580900494,0.0402123388044553,0.012461539221643,0.0826451634795589,0.0669584211986839,0.0668377607710456,0.0401997534065163,0.0121017998750472,0.0823501984798568,0.0647217397970052,0.0758710018918918,0.0406016079436762,0.00147428294753082,0.0859864180785036,0.0705084870134777,0.071343004613098,0.0411645547592555,0.0122386139097473,0.0841336701429632,0.0678086868057628
frank,200,394,2.37192951891445,0.25,23.6959708881842,44.922668031444,39.5197620107492,42.4327876856768,43.1962764905108,12.7866343777614,23.3463799310263,20.6587827414762,22.1077397260674,22.4879670008624,20.9842025065989,44.8712484077169,40.0098606095473,42.4249149529059,41.8931520009412,0.061333592804831,0.0902934870015994,0.0465745614956416,0.101430888618955,0.106075305989044,0.0633429520939413,0.113105755216071,0.0964377650927587,0.107647198186551,0.110452161204525,0.0628120365293968,0.112823937810273,0.0968846052064944,0.108924662116679,0.109139636333299,0.0603784002794144,0.112978815253414,0.097339078412703,0.107107361353009,0.109476688905327,0.0588243525769202,0.110605409527681,0.0963116855589414,0.104687953356221,0.105552940922376,0.0603236715903326,0.117199200809657,0.103208507758519,0.109639777145426,0.10796568880212,0.0587612372235165,0.112365186589399,0.0976103738017342,0.10661895432337,0.10768306999686
frank,200,395,2.37192951891445,0.25,15.7731074627781,24.0899861561729,19.0220274787421,26.8643390268706,23.2408719637339,8.8454702847028,12.9826551643739,10.4616211693544,14.3627284127165,12.5607329181188,13.9520742178258,24.0551720551352,19.2115198713681,26.7037936509689,22.2946596238326,0.0413871150730834,0.0567023399597311,0.0450834994164768,0.0671261734833512,0.0515454662168446,0.0323215859799787,0.0587666684497795,0.0484431874410411,0.0637478191330466,0.0521655742002319,0.0382498923556463,0.0580146771551087,0.0427155195954321,0.0661457075110201,0.0575140963056457,0.0410879735351791,0.0608833444526378,0.0469787544742317,0.0685329417339101,0.0595140027872625,0.0353594999182034,0.0532835551596219,0.0399042282160223,0.0621401787856507,0.0511375920830865,0.028944855627319,0.0619622580166623,0.0523943942237177,0.0661030433838093,0.0571244783857341,0.0379425264988512,0.0590304364822471,0.0453451505267073,0.066650011089399,0.0552905652762465
frank,200,396,2.37192951891445,0.25,17.7545791174205,20.6948816370893,12.8720685961833,34.1130651555908,26.962537856539,9.83051263488701,11.2932972723832,7.40205027081941,17.9687138663225,14.4113103749805,15.7383316478354,20.9716315075747,13.4834351484085,34.1761915877213,26.6937274327854,0.0489708969836917,0.0508884169586729,0.0339664634893569,0.0748172263305843,0.0688200762798681,0.0445801810564341,0.0531105230061377,0.0333563912392236,0.0868351184653003,0.0703422095739659,0.0453172782059379,0.0527563298465869,0.0320891051450246,0.0867201216349166,0.0698342331129802,0.0449561713691847,0.0510346201552529,0.0299499350208916,0.0851188478291481,0.0679466282483241,0.0424127936687569,0.0501392217522251,0.0293375352132105,0.08504655535926,0.0663180134831095,0.0453110205092504,0.0567233516387546,0.0351633583135603,0.0845212059910108,0.0708684819466155,0.0431295822396111,0.0507569338303595,0.0300941766887622,0.0842728787182688,0.0664824208335452
frank,200,397,2.37192951891445,0.25,7.02086584951797,16.9076621859509,14.047239337206,18.3803231251675,15.2740848832992,4.49103223791383,9.40918154641687,7.98631229346405,10.1418937477659,8.59673223601308,5.64951112030379,16.8103842920081,14.2996721881583,18.2687780681342,14.6206589116424,0.0221523442055356,0.0278056349763507,0.00634672478584601,0.0456779768312122,0.0360702709949981,0.0172359656673782,0.0451351122157592,0.0377238330118401,0.0480166364058,0.0395444507957345,0.0181524329769507,0.0422826175359314,0.0343655063812857,0.0465583251623101,0.0397430195473075,0.0172414828687816,0.0416615684030779,0.0336148887407324,0.0458302804364236,0.037867102491121,0.0156630458267927,0.0438795063554734,0.0355336761128313,0.0480576526877728,0.0382518405696613,0.00930054227723371,0.0440107948360333,0.0400694136701993,0.0368982131483301,0.025246812098587,0.0160292636023449,0.0425135901004261,0.0349949758387521,0.0462589008921264,0.0378518376459256
frank,200,398,2.37192951891445,0.25,12.6477571081963,26.2896895932148,22.4822805712853,28.4836055553534,25.9841299907713,7.29017902828244,14.0765750396084,12.1828167038211,15.1680206538305,13.9246832804064,10.6953089533033,26.2074920948418,22.7991723136276,28.5003411387861,25.1807663223469,0.0365150716305169,0.0573520580818503,0.0283379387499405,0.0743754735365691,0.069003090767858,0.0313101593744356,0.0607769058631221,0.0486184163683348,0.0701901711439922,0.0625910942296551,0.0308296312964858,0.067271671169249,0.0581715288890828,0.0704042359549482,0.0649671419475115,0.0294497657964868,0.0652213523957235,0.055041228691724,0.0709224727340396,0.0638096780904296,0.0319441134252555,0.0665813967796353,0.0553194093206011,0.0733561387130423,0.0665797943667791,0.0352321824479728,0.0696699588704504,0.0575936572627656,0.0760575980337723,0.0692879717406623,0.0295394103325811,0.0656538063104043,0.0558208978612569,0.0710672977749346,0.0638869671582702
frank,200,399,2.37192951891445,0.25,11.6633307677683,17.2366421201719,13.0613534856618,19.9230062459522,21.5923232859908,6.79977387206779,9.57230284028341,7.49544184581378,10.9088356189874,11.7392191025599,10.6020633392202,17.6817379176863,13.7558788231495,20.1571976261555,21.5515233373536,0.0310470888155095,0.0469955779719181,0.0368421240006517,0.0547954157000251,0.0577298772849184,0.0311074750203945,0.0417025335817986,0.0281067158325738,0.0508273534616575,0.0554261319901592,0.0305443202428229,0.0450050703850106,0.0344875355774622,0.0503141209238643,0.0554610153338115,0.0302983388950638,0.0425263481701002,0.0303914003457032,0.050660868352206,0.0543934810397376,0.0280093613597178,0.0451585975485699,0.0343516815321045,0.0510414270896267,0.0552624660534412,0.0147903844882317,0.0394667045974099,0.0306783444755351,0.0503178740506433,0.0456814064965164,0.0291815749490779,0.0442550496245746,0.0335085862553914,0.0501030105955453,0.0548021487878118
frank,200,400,2.37192951891445,0.25,33.573411012464,38.231509099914,27.4528602761318,45.0001617768862,42.3652342331204,17.7006157250854,20.0179089788833,14.6559498490843,23.3850588864264,22.0752217436743,30.8075569364303,38.5378260809537,27.9569601582157,44.9923940067917,41.3910456882957,0.0888406473749115,0.0994696134994634,0.0636664163068764,0.112573754272422,0.109833811347654,0.0879234282337324,0.0934424954515061,0.0601488467724146,0.115633601972141,0.105958502211246,0.0800964426802132,0.0945576192365823,0.0692463141881185,0.109507771589866,0.104050304137658,0.0799583867588656,0.0952557374296778,0.0683977504133243,0.111146326353942,0.10234597684239,0.0833704887160024,0.0965886315289247,0.0684630891387589,0.113566004995551,0.105865976555394,0.0889083954144432,0.0941262375435745,0.0620300390462884,0.117377538891565,0.107711125401982,0.0834637570166296,0.0951884452960398,0.0672701445448829,0.112618808335105,0.104089329759053
frank,200,401,2.37192951891445,0.25,20.7136428185626,14.3687546141464,7.18886299802973,21.0202836956134,23.6528432797239,11.3023458061569,8.14565906853902,4.57394403677378,11.4547260953492,12.7642935718413,19.5730368421885,15.0326191003672,7.76488812995291,21.2957173775205,24.1797167883412,0.0519862891036812,0.039906456479747,0.0212082633099798,0.0571373124707119,0.0637859051143161,0.0464747380433996,0.0354177037028529,0.019525686091762,0.0489329473393062,0.0556476935325556,0.0512488474257842,0.0346045938217814,0.0156535681193502,0.0535103215125618,0.0591463542713221,0.0532768317686734,0.0354378552391604,0.0162460182143759,0.052422035148501,0.0598818031008477,0.0510959699667941,0.0344194408006845,0.0156632275192364,0.0530072496583141,0.0591263627231939,0.038439050436014,0.0340173114769559,0.0205795595425495,0.0448604462124516,0.0513457786352457,0.0527530355783178,0.0363410726696112,0.0176617749838509,0.0534388292182041,0.0601770482681626
frank,200,402,2.37192951891445,0.25,13.8117583069108,18.1262941585407,13.4056377976201,18.644831494294,17.7347349875881,7.86973064676889,10.015636026714,7.66712754817774,10.2737151156751,9.82113102505821,11.955336643901,18.056701069544,13.5978957103487,18.3554708766325,17.1133506005561,0.0394213650158193,0.0308859494565742,0.0140041213330136,0.0311426501105738,0.0310211753004419,0.0219393468162133,0.0467454675929846,0.0373419799606216,0.0429459031656042,0.0406585796383626,0.0332159482186893,0.0430530306001034,0.0297897871681497,0.0469140826589202,0.0432427325781375,0.0356177369849116,0.0443016568495401,0.0316013588260137,0.0463012422946602,0.0437242585042769,0.0343704355215815,0.0481442050316553,0.0356288427614541,0.048920556305985,0.0471463337840324,0.0393141911832714,0.0476759507656062,0.0334593324897167,0.0505118491382868,0.0470886533494281,0.031951013969762,0.0437295816570345,0.0319445616783915,0.0450951674470308,0.0416267868075576
frank,200,403,2.37192951891445,0.25,30.0182510730096,23.0361126159315,11.7900684626103,36.8795189528323,32.7273799751622,15.9314390869664,12.4581375748921,6.86367948806022,19.3450140544247,17.2796277135812,27.6602728563877,23.4514361887083,12.2142497164662,36.9927283963778,32.5164748805326,0.0740671451776735,0.060825173860958,0.0312634366212813,0.0954133285573573,0.0822465019038021,0.0704323320717309,0.048749034938827,0.0192901564957325,0.0823282101445698,0.0729487606041892,0.0765537323609832,0.0570790592388575,0.0277493865409396,0.0916958726958377,0.0808665841395603,0.0748714889741174,0.0584038647350174,0.0293204853933009,0.0936139866917658,0.0821380862731949,0.0729370889502902,0.057680129693863,0.0288833521377993,0.0933542233147801,0.0815449921454042,0.069559419749522,0.0487328028387093,0.0235942854383346,0.0827367824239316,0.0566669993244506,0.0751848276384454,0.0573768388954475,0.0284972381555983,0.0924338461819539,0.0813425941166639
frank,200,404,2.37192951891445,0.25,17.2855656654208,20.6224586457893,15.2612219696176,20.7924878609214,23.9313605149271,9.59693133648888,11.2570870799909,8.59010841164161,11.3416638554676,12.9033234718286,16.3580589023204,21.0013447091992,15.7482501011535,20.8237339702242,23.8636523017574,0.0392641355404378,0.0557610261731564,0.043142871437112,0.0551979263550648,0.0598775174134354,0.0450281428481598,0.0530797637612039,0.0391598400886026,0.0537180832615072,0.0613614248935059,0.0387226598912501,0.0529525676512562,0.0388005721684422,0.0527535428422326,0.0595246447042963,0.0422365543532647,0.0506872423082939,0.0374950391140836,0.0512838332641973,0.0588178051865619,0.0410789509067921,0.048921367582058,0.0363644951651646,0.049491981188791,0.0573202822972719,0.0326974094661938,0.0438216536351085,0.0316401792912819,0.0450430707422303,0.051335536129548,0.0431729824249811,0.0520166797148275,0.0382575242178228,0.0520419153340032,0.0599351292610346
frank,200,405,2.37192951891445,0.25,22.7192675240419,23.0119328480105,14.8921917990963,29.6678193376461,23.8535081453308,12.3009500424421,12.4469324895623,8.40786982613712,15.7577445570987,12.8657368735118,20.2281623543168,22.6701174400878,14.747862940391,29.3382212388169,22.7952542354131,0.0357621058692332,0.0219704657599488,0.00384790239516202,0.0349746969408574,0.0136042818289867,0.0442642394239975,0.0374172969542037,0.0204990861987951,0.0564108183623509,0.0383694907912653,0.0579250551158409,0.0563668438848729,0.0330886442379865,0.076161789871533,0.0597032231169612,0.0566540126329575,0.0564363911943053,0.035024435255899,0.0743738629198128,0.0578521088514218,0.0535561223077167,0.0562947975910287,0.0353671915990794,0.07381500730246,0.0559018833106453,0.0491547967793301,0.0550613444360611,0.0349932365296078,0.0725858128523054,0.0554870344972007,0.0536148660387139,0.0554222427699304,0.0345127785206186,0.0724564693183841,0.0554804386597421
frank,200,406,2.37192951891445,0.25,19.8221310072986,25.2307350125154,17.9169993946364,32.9350105039045,30.3605609624589,10.8591744181927,13.5496311031938,9.91140066740283,17.3825115108171,16.101962545716,17.9505025417629,25.5996061012549,18.5647363660468,33.0452285055357,29.8900401243462,0.0527245241776452,0.0680111157623011,0.0497904983869706,0.0869412388204279,0.0805396140939403,0.048914613021142,0.0647787044149575,0.0455789316498774,0.0839625479688983,0.0765393586820555,0.0490223161700847,0.0614314751228741,0.0431668110861778,0.0808041178621157,0.0745742034499041,0.048399638941305,0.0628912915809678,0.0449617163043341,0.0815030130918971,0.0739232444513571,0.0450890869384404,0.0600886782181331,0.040906858847067,0.0800986717393959,0.0712344786793286,0.0518799058062472,0.0661597202196204,0.0438214514251894,0.0870221980161557,0.080507595241138,0.0484108692049488,0.0639267856159138,0.0450254889819788,0.0827480847621056,0.0759802956403532
frank,200,407,2.37192951891445,0.25,27.6640830934154,28.8718719885341,19.103139685427,38.8497405909276,35.5574916890481,14.7608667166777,15.3615225951022,10.5020905236861,20.3254071664188,18.6873299988199,25.0336604971384,29.0818458890896,19.5995218483308,38.7014954311109,35.3085500223287,0.0685465825368326,0.0718258391364816,0.0498315928320392,0.0944796999572217,0.0815220046960271,0.0631264521365519,0.0691389916546877,0.0447812665138294,0.091620528612289,0.0838412120575381,0.0696679491276085,0.0723206336507021,0.0467696215560954,0.0980784218780696,0.0900420254981492,0.0696764858083829,0.0716387711750583,0.0446902846319544,0.0982807340989645,0.0905243640122766,0.0670886117941421,0.071231446168199,0.0456669586978287,0.0950223724084356,0.0886052873479333,0.0736985879277153,0.0594343273415873,0.0282241129490149,0.0861709825067078,0.0832850996638279,0.0678913161345915,0.0713331581372678,0.0458039343181349,0.0966013855318272,0.0887795201994933
frank,200,408,2.37192951891445,0.25,16.326520920725,25.7623622172014,20.7304572989136,27.4498619027898,23.5180793082197,9.12070472446147,13.8149342005564,11.3119426112674,14.6542586957214,12.6986552877987,14.1913488788715,25.4601760401887,20.8809360867115,27.0788826409315,22.5356010447309,0.0456785217987278,0.0693406979155453,0.0564465434388466,0.0735824482241656,0.0636584455240313,0.0426679288164556,0.0573042803214169,0.038481198340065,0.0675184732427581,0.0552009103878517,0.0385275314218322,0.0621170457446167,0.0485948999793833,0.0655516621419694,0.0566303375040722,0.0386383273393581,0.0642201354338378,0.050585694164147,0.0685133057177949,0.0586579425986347,0.0427179676492716,0.0654721572522137,0.0507577256991986,0.0705951071579471,0.0611753461394844,0.0343961429409767,0.0611371389225229,0.0467080721970964,0.0655596351639752,0.0469511948293249,0.0402838250406872,0.0645219781838302,0.0510453330575408,0.0693808932242847,0.0586307844003428
frank,200,409,2.37192951891445,0.25,12.5421696018836,17.8418735727083,12.5290865759163,24.8921976750626,20.6701683333734,7.23703092193661,9.87393308345899,7.23142255401476,13.3811304776207,11.2810341304133,11.3177568178793,18.0228477705725,12.9634035075622,25.0788414540103,20.3448583393212,0.0362864711097663,0.0472222783925221,0.032568616631927,0.0655365405239552,0.0558293270633158,0.0325312503792587,0.0383889097953139,0.0217205788611108,0.0623191894158067,0.049818422434469,0.0305564731725506,0.0447908698818534,0.0313407590880799,0.062023502825004,0.0498461711038088,0.0320080978414232,0.0440342097162231,0.0296246329704816,0.0626739629116246,0.0513301654536876,0.0312528678118385,0.0443997940619364,0.0306665794272396,0.0627717554493145,0.0511207910752304,0.0257642630273494,0.0484180176408945,0.0271723999653981,0.0652780984249601,0.0566702314077478,0.0321693313040393,0.0443177676438719,0.0299310053394164,0.0625974640384372,0.0514186130198185
frank,200,410,2.37192951891445,0.25,27.6648801633298,38.3286065657136,29.3681035372488,44.9796294822539,42.5314058969463,14.7614707551988,20.0659372683253,15.608522787861,23.3748452527115,22.1568330152849,24.447548050818,38.4079662916668,29.9210236753806,44.9863032394224,41.5683608022037,0.070534550048942,0.100821483936796,0.0778769456151196,0.116187313031318,0.110531260732597,0.0736734544886441,0.097188065192816,0.0721344106961416,0.115475098972231,0.109670258549908,0.0707332065509238,0.0984167367332498,0.075117366584688,0.1148012679493,0.109206722457615,0.0672490281617429,0.0964660128217125,0.0732679528153198,0.112670624704959,0.106485293175097,0.0643581193035752,0.0968276467407293,0.0734523269194103,0.112882391447099,0.107145790706139,0.0699028465323768,0.100810603425556,0.0773611823424572,0.116975923809858,0.110832862815822,0.0674983668037958,0.0945676322078451,0.0711424362602496,0.111666985235773,0.105511767373568
frank,200,411,2.37192951891445,0.25,19.1359521527978,10.0187030482434,2.65213905320315,21.3884053120621,18.5720455410914,10.5172488163509,5.98206749795515,2.31784070038488,11.6379501059251,10.2368811620278,17.7101069627166,10.3157884777266,2.69772875018766,21.6436706195595,18.8401025344849,0.0357078723328263,0.0292043849457612,0.00909902253582081,0.0507810658702802,0.047577531212235,0.0439730366100758,0.0208813716966619,0.00111284978099513,0.0501921057714091,0.0374127262681358,0.0480882919175528,0.0238316122251269,0.00535329497579855,0.0528102480965126,0.0459307149257845,0.0488921098520593,0.0238907725279241,0.0033554940792349,0.0531764380612926,0.0466542207200996,0.0462416934582003,0.0257871283963806,0.00715201280942153,0.053541663877089,0.0468936026600862,0.0526049646386249,0.0264331982014889,0.00747270677367793,0.0568482477464899,0.0502223940507226,0.0485514524761226,0.0229106993159035,0.00327032473505375,0.0530897434179805,0.0458521758033584
frank,200,412,2.37192951891445,0.25,35.1433893391545,22.8502509362946,12.1666717619323,28.8614521124666,34.3674808230729,18.4807254812214,12.365452874202,7.05062772133353,15.3558017566072,18.0950883067803,35.6593420423681,23.9353385680422,12.7372074805242,29.049093435251,35.7440265981022,0.0914826292275079,0.0489094728501214,0.021855379958176,0.0706178879678199,0.0818918571516295,0.0905329181407765,0.0608350652344393,0.0306753963929881,0.0761664879108894,0.0893420536714114,0.0887270972513007,0.0565013685033448,0.0310535996951499,0.0697983688969843,0.0848842243254508,0.0885900258461955,0.056459983831897,0.0297628900791659,0.0722424311002101,0.085329347128339,0.0892647533253342,0.0581289196501053,0.0310942663709392,0.0735349802824962,0.0872081044888107,0.0921448442231333,0.060702315197232,0.0331306705476742,0.0768559590178103,0.0903461154490611,0.0885228065472241,0.056876371405266,0.0297564382781514,0.0721273330807757,0.0860670968578696
frank,200,413,2.37192951891445,0.25,19.9578520073364,22.854334753065,14.6379309744501,34.7805628659824,25.4062951885309,10.9270136433612,12.3683206100312,8.28142794577395,18.3010693485062,13.6378592721512,17.3994122962092,22.5870499628739,14.6810398204054,34.6392027643429,24.299972249773,0.0477129637598754,0.0431194320996081,0.0183639825295476,0.0782937744323276,0.053254194047085,0.0343927227693461,0.0387769485119662,0.0199749811273343,0.0755900871722083,0.0430262645765647,0.0497334327346031,0.0505055843864364,0.0254458055944791,0.0849561338725214,0.059091174051329,0.0486376451298159,0.0560040932597319,0.034129281869418,0.086287330956184,0.0620083537593656,0.0455915267652489,0.0557361554036297,0.0320467977160377,0.0871077335312198,0.0618281363525525,0.0522815514428275,0.0321857201449574,-0.00313639990796365,0.0802231913847063,0.0557119492305752,0.0489875080362476,0.0560224430245211,0.0342946049240858,0.0866071668666069,0.0622967057394168
frank,200,414,2.37192951891445,0.25,28.1731213102734,31.3885052291431,21.4934078100522,41.105300472339,34.9476228295682,15.0147054152901,16.6138126151242,11.6915746210232,21.4475292816319,18.3846451249198,24.7700948703023,31.2762242000188,21.6984453313102,41.0186836560063,33.8827074698479,0.0730718395930057,0.0681840109821276,0.0280313669275866,0.101768175245481,0.0884643455070589,0.0688739575730699,0.0735998989433416,0.0462883997499769,0.101107614799376,0.0840353359302297,0.070002246090707,0.0763726983854297,0.0517249904689248,0.101662402633522,0.0846108699482382,0.0697130932099183,0.0758138686603319,0.0495594512983466,0.10174578226531,0.0846542358278707,0.0662518133885251,0.0736847992087456,0.0488385828677682,0.0995539280057275,0.0813059107087073,0.0744234624720154,0.0834700292875682,0.0587322063956092,0.107194475606662,0.0921267450165722,0.0680997870574901,0.0781808545619573,0.0526673642552124,0.102789624407851,0.0861700566234556
frank,200,415,2.37192951891445,0.25,8.33247126751753,10.3986808044412,5.75821897217378,19.9258400350218,13.9258844947646,5.1436371208717,6.17100556959045,3.86284531032682,10.9105150855376,7.92580677655063,6.7429716753815,10.5536450879825,6.12862221004177,20.0550794809473,13.5024816830552,0.0257898649054931,0.0307783607692049,0.0193163659507334,0.0508412584947037,0.0392529205256625,0.0238336559835469,0.0291564066404768,0.01696559416834,0.0531967986007178,0.038354823690804,0.0187937767946659,0.0241688780366885,0.0115428760577405,0.0481446011592088,0.032397545155661,0.0171351250789686,0.0248922023496991,0.0123229863143712,0.0496078178902638,0.0333987614262397,0.0198448745965631,0.0271148549867579,0.0146113341080143,0.0510395960026489,0.0356257439689518,0.0258072914501498,0.0309866403723525,0.019209749484265,0.0547337958990353,0.0395793111147019,0.0190607379304676,0.0253705690188925,0.0129208214485648,0.0494923183118822,0.0339909006354427
frank,200,416,2.37192951891445,0.25,18.24649086466,17.7528059033456,11.3935524463677,21.9523214132152,22.3246742378591,10.0762023858498,9.82942525355328,6.66563654500006,11.9189722535923,12.1042053498151,16.0641439859558,18.0852252919474,11.9753352913786,21.8153547818228,22.0260607808057,0.0397021098805613,0.0487863271191404,0.0330459665413817,0.0468875100004858,0.0576665515587665,0.048072071732344,0.0491545236626463,0.0328311800671336,0.0588462201035174,0.0606355926654553,0.0481438823377974,0.0453247252855279,0.0294734118388162,0.0567851322904138,0.0577550000235581,0.0414750017804421,0.0444927432762452,0.0283403432322489,0.0537278109649723,0.0545776911424539,0.0451066147720414,0.0444507057933345,0.0282249824360765,0.0563993760887141,0.0570463325562535,0.0490173341386838,0.0493654465945335,0.0330516100891394,0.0592013892671315,0.0589229007077839,0.0442089040170151,0.0439003781756636,0.0277630303004835,0.0545052058196421,0.0553084817640738
frank,200,417,2.37192951891445,0.25,11.1433881633428,17.4318773216126,13.5392774918557,18.9399033859332,18.8213501882259,6.54126042413076,9.66983114899998,7.73358418301922,10.4200407368511,10.3611461105586,9.94756890583858,17.5583602169362,13.9303884513888,18.9615386025872,18.4747038760309,0.032853354305094,0.0484007967342073,0.0384652400943303,0.0523460587726361,0.0505277557651646,0.0254324901171226,0.0423968299712089,0.0332027245431045,0.0472923515909523,0.0449813945854982,0.028785487818899,0.0459543915737147,0.0359116317548661,0.050330606358107,0.0490082498042827,0.0291774985056187,0.0431709088310459,0.0320837015077943,0.0485610039602059,0.0471747919342903,0.0293355110034758,0.0428577943027159,0.0315419712493572,0.0466157673714249,0.0465878594402131,0.00859781368729532,0.0135993400953166,0.00459871070808048,0.0237020071606502,0.0183816160703404,0.0280810305573894,0.0438282209459741,0.0337123399533236,0.0477061885564764,0.0466442872151191
frank,200,418,2.37192951891445,0.25,20.5705626611193,16.0775067710116,8.81225778157556,21.8651383273552,23.0637333487122,11.2309604061588,8.99601460214676,5.38163775137643,11.8754998922315,12.4715963983474,20.1241056545967,16.6807737740902,9.3907849151867,21.8112627853687,23.6145001228101,0.0495330432715192,0.0451937651699225,0.0233628954562379,0.0588358470195289,0.0626506360594342,0.0548076070405597,0.0405357524324647,0.0225006985260878,0.0562823962236989,0.0598184977775756,0.0529661752826586,0.0376601857570787,0.0162322527627146,0.0533793389492122,0.0575316407829695,0.0520839172094406,0.0403159709988815,0.0224370940620868,0.0543040285520547,0.0574540351034504,0.0514754150446088,0.0419654811970948,0.0236634451139181,0.0554201346767765,0.0586926922420374,0.0560443059569408,0.0429021614802069,0.0178732566183972,0.0595060028758734,0.0622433272491676,0.0522645599122288,0.0402650005178784,0.0223674152745853,0.0547836971368075,0.0580294609739324
frank,200,419,2.37192951891445,0.25,24.9850559084497,28.2448676760781,19.5024542180331,36.3797506900082,36.0449829646822,13.4275064031903,15.0490622637314,10.7000918870768,19.0961522805231,18.9296120459639,23.0734912165184,28.8636804937321,20.3063090777182,36.5772604144796,36.135361416686,0.0636351520001855,0.0741200299812197,0.053593464114179,0.088696864114037,0.0897670670312974,0.0634494422227954,0.0729410410069261,0.0514680349047174,0.0929759105875309,0.0915732945736435,0.0612491807891872,0.0717837805105437,0.0505668958320105,0.0909032584044961,0.0898657114198393,0.0619280872723934,0.0699786157308843,0.0467199664161671,0.0909550040225696,0.0899646007105944,0.061234159080802,0.0721264242334923,0.0501744994926991,0.0914148702874617,0.0900037411912946,0.0512281236219578,0.0705655569908536,0.0518700680897586,0.0902963808023598,0.0889314400531609,0.0635538320568263,0.0717062304819352,0.0486688727487594,0.0925186251412771,0.0915219127491268
frank,200,420,2.37192951891445,0.25,18.3311260680673,12.6038469132809,5.49394666755211,21.7025132638871,18.5588181889962,10.1175745270699,7.26817950640523,3.73129315357316,11.7945514263814,10.2308795144995,16.437487166495,12.7779788382996,5.68315494223605,21.6873091379362,18.3121698337171,0.0432774553573062,0.0238767040779404,0.0095874638350409,0.0395153151307524,0.0329329934445097,0.0449985643189661,0.0229489460986408,0.00397424277657745,0.0432503808792784,0.0416032162744325,0.047359131690655,0.0344428827365082,0.0159288722478452,0.0570954529062931,0.0486442024753248,0.042033829803481,0.0310279050929953,0.013791445766633,0.0529589205708212,0.044385508972447,0.0465128925934073,0.0307072553369241,0.0112534593457301,0.0543235324434958,0.0463786937183025,0.0490592806154718,0.0328492775503433,0.00972261883956827,0.0591385525221309,0.0513144001865816,0.0448634268647687,0.0315262055884496,0.0131880148710622,0.0546224611460106,0.045988975153461
frank,200,421,2.37192951891445,0.25,6.8322575357035,25.9721866794212,26.3242572972817,17.2093881641609,15.5078029752946,4.39712349882664,13.9193677184944,14.0947692819769,9.55967419817671,8.71437227831788,5.44999992217372,25.2304781601585,26.0755782270943,16.8015702525415,13.5423645259734,0.0188583027916827,0.0483370331700022,0.0482833001411803,0.0169779671208139,0.0326810166052137,0.021693955553122,0.0690739049086702,0.0697997267767577,0.0462884734617351,0.0435027238439079,0.00826654688084603,0.0611184644264189,0.0631505560787669,0.0399775614259177,0.0276935118459145,0.0141292044376512,0.0627693372981313,0.0640330604704018,0.0401781076516144,0.0329851230325989,0.012239764767486,0.0627464829700514,0.0650362679503047,0.0391436924713919,0.0325474024005286,0.014071439217148,0.0671400342295149,0.0698245592268406,0.0416814035285568,0.0422436515809111,0.0157326136712085,0.0638402476650028,0.0643988601054549,0.0422635861984228,0.0350379019310889
frank,200,422,2.37192951891445,0.25,32.3295079958106,24.0696050992144,12.5689342524863,36.290655774993,35.2180097405861,17.0812280339776,12.9722637791691,7.25135208493674,19.0518103557769,18.5181973027537,30.1545079285815,24.6401070069247,12.9885056159715,36.5440051698452,35.6006590770726,0.0837378663769181,0.0650559107595162,0.0351070865912977,0.0920969563451405,0.0917719613645496,0.0716142122209528,0.0587670714419675,0.0318904517404786,0.0867836193243742,0.0824570954470219,0.0841103112538494,0.0590260283192708,0.0288281946781883,0.0908599896462738,0.0878538932764016,0.0817215750306165,0.0591711880392135,0.0282697359462212,0.0912662880665472,0.0882228968361054,0.0830625939346786,0.0624080455583455,0.0310572901125709,0.0947293544908532,0.0917837627996301,0.0857363996822017,0.0650663125085102,0.03639987695957,0.095232301413653,0.0930410083095561,0.0808877778526215,0.0602121363969507,0.0304002143139322,0.0916198942766171,0.0887359527812623
frank,200,423,2.37192951891445,0.25,23.6680015914213,22.393829610494,14.0976390770156,29.5873539998904,30.136870145876,12.7725603175216,12.138245015913,8.01104511726947,15.7172117360112,15.9905270497898,21.6303328296563,22.948490365433,14.9484104767346,29.5899894041062,30.0162581002655,0.0588008524653258,0.0608034449129106,0.0401667783909689,0.0784802585532952,0.0785091699799454,0.05784862575922,0.0584100764910206,0.0385549582593904,0.0731060954644747,0.0764669763874615,0.0550679602692397,0.0584321410314164,0.0367599993853834,0.0765125008044995,0.0762371829930749,0.0591745981473392,0.0558779484558117,0.0345430679245045,0.0737108756393396,0.0752115155738027,0.0537827608288453,0.0535337480324831,0.0333079492963222,0.0724649035399035,0.0733145756693266,0.0617989408469281,0.0415247822825587,0.0180141892522888,0.0684713159228047,0.0700908861952618,0.0590908524190579,0.0564663931200263,0.035369282641003,0.0742138265175888,0.0758739944711938
frank,200,424,2.37192951891445,0.25,11.8069717630504,12.4954405529668,7.63328764803511,17.2824312635958,14.8558298606463,6.87141220353198,7.21441847036137,4.79583792993072,9.59586693518358,8.38857860003314,10.7100362074222,12.4841042300272,7.80601941427781,17.0259978685985,14.6807555945048,0.019494802099373,0.0041198556445435,-0.00501640180246314,0.0214052108819818,0.00241563337996809,0.0303194803644208,0.0340393733782299,0.0208557280563673,0.0458431016127787,0.037739101598361,0.0267385989604823,0.0276568586981158,0.0158305570304471,0.0387427646438847,0.0331257686365079,0.0304437223724134,0.0312250829081547,0.018005309950276,0.0441324865188086,0.0377299481049,0.0258856342278591,0.0289460845208606,0.0157485812357985,0.0413319746654958,0.0349413006907512,0.0339755448133276,0.0135858579240998,-0.0105290238309767,0.0406970891634878,0.0365921067439244,0.029945609925732,0.0309889970973953,0.0181364958221494,0.0428963678808065,0.0369220247016586
frank,200,425,2.37192951891445,0.25,28.2786138255798,25.4511977568055,16.6597934861943,29.3016635369997,32.3696631312967,15.0664853407373,13.6594965590154,9.28605448296233,15.5749639616274,17.1012685809468,27.524690579039,26.066305920533,17.0583721442637,29.3682844524071,32.8136934383923,0.0572350052154636,0.0676606821628185,0.04593183209433,0.066175845002239,0.0784530593601549,0.0640703256731258,0.0599483534909154,0.0386014332994993,0.0736784257984712,0.0769147702048558,0.0682107275011514,0.0627146740569494,0.0407545937004043,0.0739879476495482,0.0806781416088163,0.0711619950070823,0.0642779136928634,0.0410717189347748,0.0746770618577586,0.0824492489680967,0.0701604361504415,0.0650763421839654,0.0417448535391934,0.0740321407090944,0.0825846145839495,0.074381185736968,0.0686099350387933,0.0466490632832289,0.0782491692954085,0.0858208142166641,0.0703092008913961,0.0634395934375354,0.0409819508160961,0.0733314487459274,0.0812022818286311
frank,200,426,2.37192951891445,0.25,9.23306720678009,12.3965065219432,8.64679349517892,15.523840883544,12.8199111618215,5.59187915212783,7.16522084182246,5.30006576506546,8.720839221767,7.37595186269576,7.58484154147727,12.264003106745,8.74545254257028,15.3613022062389,12.2298720052482,0.0155192854440857,0.00897843984257676,-0.00784992626138546,0.0178983402232507,0.0146697300852165,0.0209655834183138,0.0298846219404198,0.0199098425157108,0.0376074880046606,0.0294307305413928,0.024474902671193,0.0338538201212597,0.0220466845536498,0.0409596428305452,0.0344322243904072,0.020761504924015,0.0289016838941448,0.0195247509718163,0.037067700307012,0.0292404464783827,0.0217469338408255,0.0317480968365219,0.0225620781593301,0.0387037197055791,0.0323581623383626,0.024239973626977,0.0356264347636863,0.0248965948919849,0.043693919607688,0.0369091217698389,0.0209632944528474,0.0297856841629763,0.0200436539832694,0.0378979459811037,0.0304579471099471
frank,200,427,2.37192951891445,0.25,15.2141143029695,14.2402669222682,8.64743136136474,18.508474658743,19.0069570738067,8.56632821442541,8.08183112937836,5.29944794352907,10.2053637059859,10.4539037614439,14.2363731128356,14.7233518597026,9.33273528677304,18.5756631880931,18.7482265094321,0.0429205949166835,0.0378382059627719,0.0222077262878918,0.050357351949558,0.0520609404235681,0.0386284752739627,0.0313601539767892,0.0184573894849942,0.0431450651620663,0.0427895005676687,0.0362795294427797,0.0366991808050181,0.0236768936854157,0.0467916209484756,0.0457460093258792,0.0370104936849287,0.0340432054510337,0.02065960298655,0.0440165410677009,0.0443768768459629,0.0374398332765747,0.0368710397240746,0.0228463001107904,0.0462761973342795,0.0448364003114668,0.0384029182060444,0.0402201693230767,0.0266178434427057,0.0484342293057254,0.0511747837464427,0.0384832421576913,0.0358387603748622,0.0217590469328454,0.0463015309582215,0.0465186835721251
frank,200,428,2.37192951891445,0.25,14.0646540664763,15.7272494777106,9.60990590939708,23.9534326727196,17.9355283997732,7.99504540602312,8.82204226135731,5.77892346732479,12.9143384008114,9.92137820750957,12.1411477034677,15.7735873995093,9.91595664827933,23.9906021792705,16.9650572823191,0.0155040000300284,-0.00329159383255664,-0.0335261339023977,0.0338531913418217,-0.00718104737070388,0.0366248577317116,0.0414642463880419,0.0253612247275695,0.0614766219302802,0.0465466654032595,0.0312718227270033,0.0379740206841511,0.0230285921135956,0.0602854623672932,0.041073743697476,0.0348777422576721,0.0385290953684461,0.0226865527208748,0.0590995326433007,0.0424879122180335,0.0370792453069495,0.0413846840098017,0.0244574663145152,0.0619324184046127,0.0456538711680781,0.0276214925251118,0.0388237288422007,0.0248867459419601,0.0597544329080444,0.043000699582853,0.0328357126324867,0.0379964704808588,0.0226091012218528,0.0581975365135195,0.0415355487587276
frank,200,429,2.37192951891445,0.25,28.4387655246291,30.8692716190318,20.4233809891487,40.3963003417888,32.1850207605259,15.1465527762546,16.3555558326122,11.1589001706343,21.0951506261528,17.011167741677,25.2454956418408,30.7711033759183,20.6344621507876,40.0805828520633,30.7920228704183,0.0469928987345322,0.0738621256795766,0.0526953204387948,0.0886823038142544,0.0720750571795712,0.0723306364851801,0.0819771846449812,0.055226624940548,0.105057601104928,0.0835777077233352,0.0708544445146576,0.0786408634819995,0.0514801772581655,0.103180505704676,0.079662412244415,0.0695992545765267,0.074670669639461,0.0483626982455799,0.098989609049117,0.0762616537991926,0.0719360671250576,0.0799509137798875,0.0535964267862934,0.104212150579045,0.0814492742410668,0.0617113159823367,0.0592595900229112,0.0256133589038936,0.0967626423602502,0.0465911577832918,0.069154019948351,0.0752963999854634,0.0487557903796544,0.0992594794653691,0.0766037700779878
frank,200,430,2.37192951891445,0.25,23.4602822899741,33.5468576208613,26.7235920125011,36.4261992261516,31.2405966248582,12.6707546687461,17.6877998770775,14.2933039342966,19.1203555405133,16.5408584814606,20.4742361645377,33.284083922603,26.9469967709461,35.8142726048052,29.9399551386836,0.063562152750056,0.0879548139115826,0.06991511035453,0.09603622186583,0.0830429539259045,0.0497944412232142,0.072960689875914,0.0548205261288629,0.0822923722070781,0.0646583366287713,0.0468394563132685,0.0754586156433785,0.059437219749196,0.0855866806247953,0.066793555996691,0.056087566614008,0.0835270031771789,0.0659195312201999,0.0908376612747434,0.0767081723682517,0.0573232484123548,0.0832747778732905,0.0656313146196807,0.09133888762785,0.0773997471903156,0.0507339079697315,0.0765895129246769,0.0599668216759881,0.0873261443366675,0.0605268782637989,0.0557870337239955,0.0827273030240964,0.0654766264348967,0.0895550710974803,0.0763275828311244
frank,200,431,2.37192951891445,0.25,17.7167316029223,26.3754320073711,20.1782104373796,32.9621152871303,29.9543355137061,9.8120100275092,14.119306558656,11.0368441493613,17.3959226900805,15.8996433562959,15.3797231853737,26.4294277631986,20.6131999009319,33.1032703035715,29.3173422881488,0.0236708150267716,0.00888545564929448,-0.0189887409264751,0.0507802983166346,0.0307437742062123,0.0430800530761419,0.0684188431382186,0.0531724942026458,0.0838241691166134,0.0777381610625263,0.041242422839718,0.0672476024294869,0.0520292498502465,0.0834543842985729,0.0744724718584812,0.0455509208828221,0.0680345745203681,0.05150146585012,0.0847494963203878,0.0774867479733723,0.041829047202865,0.0660523106273207,0.0487847428025389,0.083469691032738,0.0751166888069093,0.0491915886339256,0.070314844988185,0.0531457264672783,0.0871148556896976,0.0792367213214071,0.043496669503103,0.065353148992072,0.0481732613411658,0.0826629884298828,0.07491439248123
frank,200,432,2.37192951891445,0.25,23.8501506166854,25.8451783976352,17.9135628189086,29.0377749607342,26.8548090316173,12.8630253611249,13.8560917954481,9.91035186019711,15.4442987445034,14.3586817321466,22.1239231658893,25.8848451471564,18.0695782254688,28.6673512508237,26.3770751558974,0.0591948487416274,0.0607586187295523,0.0350460550556333,0.0775835284418583,0.0625925877153244,0.0496409500802157,0.0623147712397635,0.0432968871257774,0.0702430700062047,0.0649786969874665,0.0585074206040804,0.0667998357846991,0.047838423320199,0.0729493864343272,0.0668285314951177,0.0590549828237491,0.0643206070784044,0.043945377569965,0.0723787546156135,0.0657322654757953,0.0590369109912266,0.0603410109974139,0.0382548556525571,0.072377977719923,0.0608103816444553,0.046903923072484,0.0691700764276397,0.04977153164329,0.0763857372598656,0.0672860494953615,0.0591916694745898,0.0643153771340735,0.0440866119236532,0.0722028126926414,0.0659560011858609
frank,200,433,2.37192951891445,0.25,22.2387238777115,19.950295494253,12.1688339037425,24.9237405518422,21.6118856011443,12.0615198109216,10.9234434612174,7.0523743490656,13.3974299911118,11.7509049886927,20.3724105455254,19.9239581478488,12.2386773462941,24.6732773556423,20.5764079641689,0.0585924447423793,0.0547909953078183,0.0332515425539931,0.0639867306803922,0.0589290651885312,0.059125675742407,0.0493165041804056,0.0277959717228554,0.0633384710019735,0.0558618705096555,0.0565744861712529,0.0440162143035759,0.0226424965971573,0.0585003194541172,0.0462446680276742,0.0541154518814793,0.0471390984905852,0.0270104471802614,0.0608878273686581,0.0495531906411219,0.0555614370674981,0.0466189240329137,0.0256586312170741,0.059838655999289,0.0499882038358125,0.0207046038733741,0.0229586151011279,0.00846376139821747,0.0334855544114768,0.0020866616574236,0.0553338881145112,0.0487971050754182,0.0287999410415831,0.0621274139076815,0.0513507918319832
frank,200,434,2.37192951891445,0.25,11.7235842485949,20.7568495137994,16.7542566296715,22.9965928520188,21.0781606528073,6.82929511448638,11.3242428552182,9.33348095982176,12.4384662846094,11.4839025460401,11.0841477503474,20.7900959345045,16.9814194663002,22.8642188626955,20.9790786752168,0.0052640916249669,0.030872059971163,0.0221992536050046,0.0425883943866918,0.0295519644891563,0.0327580306864892,0.0546637059339863,0.0438549200970241,0.0601109730071158,0.0566054266665177,0.0321097502315636,0.0527386052493342,0.0415872679503353,0.0587601061659752,0.0539534001166243,0.0298110904774027,0.050491304908855,0.0394358118954228,0.0559460708525477,0.0517579758710695,0.0293147360463767,0.0470346571380406,0.0356890714288636,0.0541966971765319,0.0492099385449627,0.0281009751772043,0.0548794805968794,0.0461274513806374,0.0600405304689404,0.053865164520909,0.030639852625865,0.0516052072000208,0.0404548227975245,0.057185809628697,0.0527777208203502
frank,200,435,2.37192951891445,0.25,12.9031700119761,16.7429606832034,12.017292855176,19.0614527042,17.7766845324576,7.41672220942323,9.32754380297848,6.97689070158739,10.480933438426,9.84160218434939,11.9437694098397,16.7076543902151,12.102382911317,18.783828890198,17.6930324726505,0.0205256943945494,0.0312738532794082,0.0229913519073566,0.0190686666767138,0.025871330627232,0.0313357878020889,0.0450485686616122,0.0327063117237474,0.0495751862261376,0.0467345033018671,0.0324438503215564,0.0432067665855017,0.0292031998969042,0.0507045771735512,0.0474879255440198,0.031560239140063,0.0399330958967163,0.0282553339803841,0.0447902166266562,0.0428205644139393,0.0287983609155798,0.0378748784807686,0.0255343805949581,0.0436452216464807,0.0403667800317738,0.0363469971735409,0.0460859186010047,0.033570009752284,0.047590679112046,0.0493674004098995,0.0332229464217842,0.0417485234903594,0.028846083617341,0.0480774397646894,0.0449265589581517
frank,200,436,2.37192951891445,0.25,12.6984724433339,17.3336589465048,12.3011808696811,22.7581009379844,20.4765431673442,7.31524952044509,9.62097767772328,7.11779759066534,12.3194087014788,11.1845739066536,11.1183753709184,17.5428497972725,12.7593987271843,22.9421760044051,20.1407649667105,0.0347980703266798,0.047328099614811,0.0337677525474183,0.0606601204963018,0.0545084810104372,0.0344235699259548,0.0475158828930314,0.0350062657862898,0.0606280215764938,0.0540149527990813,0.0327853000611302,0.0443716502139273,0.0300707412690587,0.0589908291985846,0.0525559620130928,0.0317453817057586,0.0440325876668886,0.0311627247202286,0.0573479265504652,0.0517123602132946,0.0290245270970603,0.0420855916094493,0.028915216316176,0.0549263246869586,0.0489975229605542,0.0352714452911873,0.0323292065711406,0.0198589839443503,0.0450858262094247,0.0428281202562376,0.0312451924211168,0.0427083506245855,0.0293059300656017,0.0568491239314844,0.0506658793508712
frank,200,437,2.37192951891445,0.25,13.0260423665846,19.5782636529894,14.7027525765521,25.1681875981787,24.5214897824169,7.47818370568848,10.7372369227287,8.3119714456179,13.518265458517,13.1967170526254,11.5319392051617,20.1027016222426,15.598964223949,25.4282415866027,24.3439947615197,0.033136154986707,0.0504587864208834,0.0382960869853819,0.0645729018191112,0.0648871887926907,0.0356025243816412,0.0495821453320324,0.0351776945412056,0.0644238056784549,0.0629588638488756,0.0320435425360083,0.0420866373187598,0.0243824769389457,0.0602477010624349,0.0583859104589206,0.0324660043031961,0.0494524709474958,0.0364822604044579,0.0639095499322908,0.0615666633373695,0.0323231316838032,0.0509554567916996,0.0375648534529404,0.06464479244323,0.0632244137168863,0.0341045287160444,0.0539196257240771,0.0417299952022858,0.067696861860284,0.0658107467068061,0.032668951274331,0.0501201864583437,0.0372448831048635,0.0639561136731237,0.0622180101874665
frank,200,438,2.37192951891445,0.25,14.5243400258091,14.4401046129317,9.53055586823436,15.8295358254784,14.3776014971964,8.22372601928751,8.18214230911749,5.7396355475755,8.87335063758538,8.15133061616308,13.7533126680958,14.3660517416779,9.62651504651792,15.3179193928569,13.8381401150121,0.0216615989500651,0.0196282797546556,0.0118436056631722,0.026850624370681,0.0218773020060317,0.0400380663701619,0.0389832913129725,0.0263505075776407,0.0425891785262901,0.0392545880794047,0.0362165260715412,0.0376594415308042,0.0261186726890165,0.038334969211683,0.0366177183553313,0.0360058152116258,0.033630032404301,0.0210729246905514,0.0383742636251234,0.0332850309157956,0.0373191104837389,0.0346451730770141,0.0213172353979993,0.0402139940882159,0.035280529977519,0.0337389960168767,0.0410990934941408,0.0280014730213587,0.0442848017522779,0.0409414411405952,0.0355388958783922,0.0345433999857594,0.0223883839673174,0.0380195719148818,0.0340336406120405
frank,200,439,2.37192951891445,0.25,19.2008792972098,44.0163255837515,40.7032179762187,40.7054573744434,37.4657551594445,10.5498663017572,22.8959992324971,21.2482704843485,21.2488105609818,19.6374313697813,17.2428370027211,43.6713892897317,40.9848213805453,40.3850669152798,36.2888129117842,0.0529917446683767,0.112879263462674,0.101461622034063,0.106595555514154,0.0955031990928602,0.0475479427562781,0.109630010692845,0.0980267035644865,0.103735270135149,0.0937356488121487,0.0510071207544209,0.113722266578942,0.103694227233785,0.10562143445493,0.0969553712887696,0.048613012016118,0.110518661687292,0.101239441226765,0.101719460444372,0.0931636114325292,0.049461841162346,0.111437998892844,0.103968317441672,0.100233458975217,0.0936580938816479,0.0529826936780244,0.075680523207219,0.0387012308301627,0.0814714514063585,0.0657566418863951,0.0474836515682158,0.108972899804448,0.0995411259852752,0.100705089247699,0.0914974246233419
frank,200,440,2.37192951891445,0.25,12.7482117011613,17.9594067217344,12.8991785364284,23.25643348259,22.8979964122631,7.33961093112325,9.93172787484585,7.41434930609153,12.5672855941178,12.3891650222257,11.4227527236051,18.4809085014285,13.8290685009721,23.4575024860006,22.5018339863815,0.0243559958650855,0.048008608713777,0.0369470184917795,0.0581390137379197,0.0606775220632731,0.0303350135038673,0.0471699021028618,0.0349417461614122,0.0568852277461577,0.0580881467784696,0.0325821040910104,0.047187938638575,0.0337639360899588,0.0603922021286113,0.0583481838874146,0.0314988471556965,0.0456909334878982,0.0326335838314969,0.057946496350302,0.056998747517565,0.0325280329540216,0.0460391768671716,0.0335733946477203,0.0588983214493242,0.0577228525547279,0.0367120297600325,0.0480152991419892,0.0341957116998825,0.062701522312307,0.0594065276180684,0.0321873774187701,0.04571239960048,0.0328084567489614,0.0586795500922659,0.0574491008996841
frank,200,441,2.37192951891445,0.25,14.3032868235375,20.3504511991656,14.6210942308286,28.0467838851178,20.4863435267672,8.1154183374363,11.1220525706664,8.27164173620528,14.9510496193936,11.1908806878673,10.9850149304294,20.2422299883437,15.1961802940413,27.8702857492272,18.6542089631071,0.0341139680498568,0.0189478016652144,-0.00858026398927874,0.0494965635969073,0.0124904715412104,0.0198862824162183,0.054446808222262,0.0409048110488641,0.0688121674172336,0.0488309950725284,0.033387017685598,0.0492992517580679,0.0341695685568801,0.0703584599375329,0.049788695807373,0.0300551337060582,0.0517075450706855,0.0377332417446014,0.0698021507632956,0.0489486565367616,0.0237982277158514,0.0489554676291307,0.0360293384948,0.0654812648943821,0.0440442399507902,0.0407259548620256,0.0552691805734077,0.0404009467479729,0.0748552569629581,0.0533631897428665,0.0325744664728682,0.0510375484030621,0.03659239334504,0.0703319794998688,0.0491730945517007
frank,200,442,2.37192951891445,0.25,21.4351382756435,17.2313708168306,9.01103139470169,27.2562038840557,24.1397475073853,11.6616915074799,9.57029657120368,5.48110504215802,14.5573798418804,13.0071445830767,19.6271103079566,17.5934356367656,9.39168482952905,27.3632809470552,24.0671422683762,0.0518879919815688,0.0435510886451536,0.0264753733643991,0.0668389642109541,0.0579714005993766,0.050825822874884,0.0445696223597122,0.024336376007466,0.0688025033354904,0.0620004106654782,0.0534279455839927,0.0446495281105746,0.0229805213118073,0.0697549270059177,0.0620206443301874,0.052784364025981,0.0434032963016288,0.0221779724113999,0.0681687627018346,0.0600499567494376,0.051445574764184,0.0403602192345512,0.0186364580960043,0.0675607664711227,0.0593440464122883,0.0565630686284107,0.0463903522539846,0.024622502724783,0.0719851951796257,0.0646442490946424,0.0530260967914779,0.0432328280453714,0.0218363058706143,0.0682378908214371,0.0604590968364962
frank,200,443,2.37192951891445,0.25,11.4107253817056,13.4923661952049,8.28157316604832,20.9852489499257,16.3684246604922,6.67470510804983,7.71025761714271,5.11830613989796,11.4378220889723,9.14102520278694,9.85904020218677,13.5348845890158,8.56229986072404,20.8759335348433,16.0552592127601,0.0329610299508033,0.0335346256915061,0.0200305430789181,0.0504433861218226,0.0403497879204102,0.0283817696943545,0.0335485974691449,0.0195211996168995,0.0534762743088706,0.040024205154894,0.0296436408473771,0.03205094758412,0.0170289210238324,0.052645185362722,0.0409153359897478,0.0267530382228418,0.0319102578703367,0.0177686229646921,0.0517463451676578,0.0397046361362072,0.0294375252821135,0.0267173126995293,0.0101280311126187,0.0491810789981659,0.0357872627453388,0.0313448883968738,0.0381304231063108,0.0252384095348322,0.0561223672005957,0.0457537509488602,0.0283370905259572,0.0327668995352026,0.0188158677730582,0.0518934674110342,0.0401855981476299
frank,200,444,2.37192951891445,0.25,21.1506477394236,20.0051769296418,13.7305469874919,19.4428764842334,21.0881058596289,11.520443920251,10.9505022351104,7.82873189704949,10.6709269629273,11.4896955358186,20.6672477076214,20.2924264223212,13.9339153714835,19.009541019474,21.0726223102384,0.0408179269312384,0.018494348023606,0.00958436729410182,0.0188607064894963,0.0185997245881051,0.045257973908396,0.0468752486648217,0.0340354701131363,0.0414557560380381,0.0439149390018872,0.0490615244510289,0.047517652596018,0.0341385371252679,0.0450633289702584,0.0495974245021113,0.0513301600003517,0.0484903447830133,0.0332883348087113,0.0469084056469137,0.0504256401224394,0.0494464055551266,0.0428518289037932,0.0297511385589716,0.0418905625241452,0.0446068506134705,0.0117744795224677,0.0298146488853548,0.0293758307735405,0.0192779531555973,0.00807899164566386,0.0513194975824016,0.0487928471234356,0.0335587240425602,0.0467334256625074,0.0503358783333707
frank,200,445,2.37192951891445,0.25,22.0790235157715,31.0503296605595,23.9202365441771,34.0522455541772,34.7493673475357,11.9816898491002,16.4447196241777,12.8976114380939,17.9385459573201,18.2852639109436,20.2246569772705,31.4501233618044,24.764117052348,33.9669164434171,34.3502093161347,0.0599627842569542,0.0823177572326113,0.0630991257474777,0.0855329423045098,0.0917587380535108,0.0579258480618113,0.0798055969699131,0.06059957172762,0.085583564937502,0.0887851021985258,0.0558319425339366,0.0787947768656572,0.0591057572352523,0.0878453186134581,0.08866253928622,0.0548711364035591,0.0772336286454672,0.0597094210514028,0.0837355009853916,0.0857864954797359,0.0554282185661638,0.0747202064418701,0.056713303818848,0.082942309208611,0.0838395109090984,0.0553223989242304,0.0811786055025693,0.0643349313681818,0.0878647619756769,0.088406113284013,0.055058214914025,0.0786309773498925,0.0608521861076175,0.0850394259342204,0.0869383854070927
frank,200,446,2.37192951891445,0.25,46.5281627574894,42.1452436095272,26.0601002545809,56.6425683992763,54.6846222348371,24.1453899473166,21.9646980427582,13.9627981992246,29.1769619591898,28.2031813304591,42.8182995290085,42.6940626807034,26.6725675767065,56.8612080400022,54.1826780753087,0.118569244023462,0.109080129196586,0.0688453338979427,0.142067983718685,0.136695698489099,0.113512005574994,0.102814759964067,0.0635649251977962,0.136742004166313,0.129130802340057,0.118167734768719,0.107921725316214,0.0677583507065914,0.142433745502904,0.139536502782866,0.11598528682901,0.105518488265705,0.0645206966821139,0.140690615015244,0.136203562798279,0.113978648920499,0.101841940336432,0.0605723842064621,0.137879961602585,0.132110564687513,0.121312339085563,0.103358138146331,0.062192077086814,0.140464871986127,0.132008120260059,0.116438904566351,0.105962825194485,0.0646912891038653,0.142219399828179,0.136939302227268
frank,200,447,2.37192951891445,0.25,6.92218308069303,16.1550096043456,13.512056497379,18.3377124835885,14.8745690361433,4.44217648567613,9.0348067814236,7.72018481045236,10.1207091602089,8.39815524724473,5.18114700671142,15.9967627144732,13.8604500428163,18.1881740267496,13.8939671986894,0.0192257644662725,0.0413661424439319,0.0337089389455346,0.0494956477166253,0.0354429395457767,0.0191931887673525,0.0434320299206339,0.0336800157771288,0.0496840239111726,0.0415149258215365,0.0174833223205164,0.0412425999346468,0.0340342224578082,0.0447614252554999,0.0372540872519087,0.0150852569259292,0.0387359833381321,0.0314701457962245,0.0450992217861441,0.0344843983321414,0.0145777358621192,0.0400394109496054,0.0322455258963158,0.0469954632698492,0.0372846341926737,0.00424002590956004,0.0365208009016633,0.0326156815860672,0.0371601916379792,0.0301506046451473,0.0143827635634556,0.0395885373532175,0.0325510045080357,0.0451216164487541,0.0343153838029573
frank,200,448,2.37192951891445,0.25,27.448462247547,27.2784059531803,17.7096901848232,35.4808548396686,30.3971130906081,14.6535621900456,14.5690717497864,9.80903539960014,18.649391269059,16.12131766541,25.1172446329727,27.3258421272842,17.9192805633746,35.3448187301655,29.5742894218475,0.0725167046406132,0.0703804481219153,0.0462762541253662,0.0936539825281712,0.0723701432475755,0.0607010224815875,0.0639192050459777,0.0401690252379788,0.0880907770846019,0.0719989426759722,0.0709767678192256,0.0707583175815297,0.04603631110697,0.0913406771609299,0.0780068861465748,0.0663100796034459,0.0667415248317821,0.0428925823992935,0.0873326945678947,0.0723499189457409,0.0642220300604275,0.0665433182494137,0.0416023518872512,0.0882288328145643,0.0733526946623323,0.0734337074560092,0.0652202149989548,0.0400131939062052,0.0887734456255642,0.0665641125761652,0.0685107498947201,0.0681371234892311,0.0435069230977763,0.0894497569070908,0.0745184570104146
frank,200,449,2.37192951891445,0.25,25.5157302288425,23.1943375343583,14.5666316310503,30.615273396435,29.2977174433993,13.6925191717926,12.536688728868,8.24448410800387,16.2286017838311,15.5737344190899,22.9967989054865,23.6013687749051,15.3058556252953,30.6153905603786,28.4022847869924,0.0665140242911187,0.0335274119251916,0.00375141061908854,0.0574321334560191,0.0676825057706781,0.0604868021329001,0.0546699654690062,0.0308464400973169,0.0749104757250952,0.0727118438795034,0.0658956360945709,0.0612946820311903,0.0389341098592425,0.0798227447158978,0.0764396593193912,0.060920134801421,0.0576681851099669,0.0367886337184256,0.0744390359539346,0.0704474956175961,0.0638855547403887,0.0591260994855377,0.0360757838148192,0.0783324042242195,0.0741718337944419,0.0671428484846595,0.059847452021292,0.0394467318019029,0.0778786028841776,0.0699138564517716,0.0619122980055552,0.0579087429875686,0.0364942988013736,0.0760077464996844,0.071717853163305
frank,200,450,2.37192951891445,0.25,37.3842877956045,40.9834456509937,27.7060256571765,57.5802190158962,49.0887510432792,19.5971368422535,21.3869726951321,14.7820460704648,29.6435738128646,25.4195966805454,33.178010333634,41.1167619593113,28.3120355040118,57.6643489842423,47.7279492237605,0.0607399108034159,0.106545403113213,0.0664370594612932,0.148917923164294,0.126046377186194,0.0889007394508023,0.0966910243780461,0.0624716643042576,0.139463916504772,0.115172190919172,0.0862940387926931,0.103691462177443,0.0702128780337145,0.143558408141579,0.119990223450468,0.0876917063982756,0.100241597200866,0.0664540987446925,0.141647254216346,0.119404637464861,0.0961728538832691,0.105112409506102,0.0715683385940593,0.145528811088126,0.124391119292808,0.0976533579292325,0.104413564009523,0.0707497234139993,0.14785245147234,0.126037348243898,0.0914262218715418,0.101926196152586,0.0672557177160244,0.143910556489221,0.121817173118012
frank,200,451,2.37192951891445,0.25,45.7211882985558,37.1081169882647,21.8889447502909,51.3414813570075,46.2076857730092,23.7448326518793,19.4592503327349,11.8881455746805,26.5398833735802,23.9868506251884,41.6405726829545,37.4484675151994,22.2725815611693,51.4121972155225,45.3112221062135,0.106140095996489,0.0426613207750517,-0.00835652581972282,0.0975925633986623,0.064606379543959,0.116070619505977,0.0909833295807907,0.0492779207653252,0.12852627519339,0.114148264876607,0.108578065648905,0.0921006776264369,0.0553922369793302,0.127703448177958,0.108634484129348,0.112076546441285,0.0917309513459021,0.0526659077359524,0.128939170148305,0.113552428439387,0.117496685410358,0.0963818167374536,0.0579128375811525,0.131481742718793,0.118512021412952,0.118511094544019,0.097731729219168,0.0594063557436604,0.13153164417507,0.120491223596805,0.112242077113868,0.0921202149981698,0.0530530265272552,0.128729818774477,0.113904116924053
frank,200,452,2.37192951891445,0.25,6.93816517389704,9.84311982936025,5.52122920969747,19.5394035075719,12.0623517966123,4.45044927637218,5.89488807699417,3.74530910686754,10.7184497430886,6.99884231891659,4.86037269623193,9.71120336884572,5.69431798854507,19.5188217877125,11.3288565583117,0.0143497015097327,0.0245313973742863,0.0148100422389329,0.048553209362773,0.0277627420395092,0.0141507439792186,0.0262298427065654,0.0169143864613685,0.0464720547056453,0.0273983245072321,0.0161319437064667,0.0237999863591322,0.0100937347958873,0.0499378199248781,0.0305280019255192,0.0140936108937868,0.0231761439515081,0.0118956000944257,0.0480932765628488,0.0284986724153773,0.014358588504933,0.0194387865743502,0.00714485220414442,0.046263811787816,0.0265979027827319,0.019537209344712,0.0218014695128829,0.00903879293155976,0.0432183781474625,0.0298670420084766,0.0153112162131715,0.0239428095160748,0.0118631257013048,0.0491010963784907,0.0298064524591568
frank,200,453,2.37192951891445,0.25,11.2524756970345,25.7710410133269,23.8546806097584,18.4901252396307,21.4747028990266,6.59659626386393,13.8186070986182,12.8652714144134,10.1965253427091,11.6814860642295,9.20198668735474,25.5676382307721,24.1423968711026,18.3042624157197,20.5193950308721,0.0316297753092162,0.0604066767279446,0.0513724632001939,0.0479647639797777,0.0525308864411364,0.0268908699970503,0.0659466359060139,0.0595899962353211,0.0482002540805181,0.0546998405590571,0.0289113090104363,0.0626635666048302,0.0574507798254133,0.0438190573267652,0.0532822860642246,0.0241418451229185,0.0626703275820214,0.058138144251111,0.0439865739722536,0.0511036000238145,0.0277409759049369,0.064314506946531,0.0590915462254361,0.0476475886539206,0.0534964038299172,0.0290793009630936,0.0693213857329603,0.0644192809408914,0.049210303352747,0.0586734060188968,0.0260711749446785,0.0642881864273607,0.0594767840128178,0.0458838915995085,0.0527368825853533
frank,200,454,2.37192951891445,0.25,23.5605886017071,21.3685944680448,12.522011034306,31.2406726794769,24.2066046652944,12.7194589328594,11.6290660181356,7.22803140001452,16.5403427691796,13.0417003269432,21.5764262744476,21.5264193103115,12.933523158768,30.8447806288681,23.3711879156426,0.0549877567916489,0.0569281632094757,0.0324377802103167,0.0821733795452825,0.0641224151187913,0.0633278191091594,0.0569305468255871,0.034448243261727,0.0818108484447615,0.0638302943537922,0.055694001131464,0.0477053727074263,0.0255323079444546,0.0727445198907495,0.051768167832205,0.0567124332007134,0.0538666112559719,0.0324528080743202,0.0779351776239444,0.0583162658919757,0.0597346479265144,0.051487050588774,0.0284491603267315,0.0774901348148764,0.0577418049485115,0.063481588880181,0.0556432010253429,0.0322715511830165,0.0819954739964251,0.0598686098955571,0.0571191236316349,0.0509518841991649,0.0289080939556131,0.0755714933256179,0.05614079592514
frank,200,455,2.37192951891445,0.25,9.71650325482177,15.7098268820822,12.6524703208384,13.8172308900046,14.9010249439149,5.83228170910253,8.81306425653206,7.29166573012603,7.87214301966872,8.41131041598074,8.61623487590034,15.888501368053,13.2187713983414,13.3834819877697,14.4578552196854,0.0266071899526324,0.0391228903094696,0.0302252868737865,0.0395402443056986,0.0404392099309727,0.0268599436381513,0.0427174973942908,0.0348875059348486,0.0367154738656043,0.0401176783118458,0.0161517907435115,0.0366931355895283,0.0303628556767134,0.0283688431759463,0.0322414016325978,0.0240072771724457,0.0403079732171797,0.0330598728955569,0.0341410895804121,0.0368319272756066,0.0242838454916454,0.0403532894990403,0.0330035370756976,0.0357513104447368,0.0379197475973138,0.0291388656321378,0.0420693645323387,0.0335875708386632,0.0392154276961602,0.0418952542959475,0.0213920656742051,0.038526062949641,0.0316461577216877,0.0324608171368262,0.0350320200157791
frank,200,456,2.37192951891445,0.25,14.6251849358596,19.5338153830136,14.4605261442171,21.824629765013,17.978969612981,8.27423010379153,10.7162773149955,8.19279253348757,11.8553665634236,9.94344528585141,12.6746226066308,19.1709736348142,14.1630628199452,21.7385150982118,16.7647725397858,0.0389113395480997,0.0515119471180083,0.0389017920384672,0.0595375033535983,0.0471133401721195,0.0397574767192294,0.0526340651075604,0.0392579711623776,0.058679776744824,0.0456688574257566,0.0360159794838564,0.0480438793329284,0.0346641714539155,0.0553443607373389,0.0435187280540461,0.0343705367714009,0.0447589698135917,0.0298818560035021,0.0531842065994512,0.0394667243457239,0.0376364290124853,0.0483202956655483,0.0337483465664793,0.0561865214428505,0.0451474524857752,-0.00270220310163183,0.0183190834764149,0.0116296145870888,0.026596559373903,-0.0105330635318581,0.035025195275644,0.047532631668399,0.0333849505569059,0.0548920399524386,0.0422342081163785
frank,200,457,2.37192951891445,0.25,18.2914882097451,18.367640256485,12.4049223285611,20.1681654786095,21.4942239515867,10.0975469552001,10.1356363295283,7.16954428613692,11.0311464743719,11.6911087631612,17.0975517012022,18.5743225395769,12.5822508443919,20.1689784374271,21.4342316607883,0.0507141407393009,0.0508767083634079,0.0360046212783958,0.0552728758955093,0.0586147741004707,0.0396806743096357,0.0490367359701226,0.0330885160989337,0.053551117435757,0.0552893208352258,0.0462548182249962,0.0475940713584225,0.0317768638861735,0.0530863311949038,0.0538965720883877,0.0461901746226013,0.0456711966606589,0.0295152512649148,0.0515901796962831,0.0536466711959916,0.0404973947664466,0.0395681652670347,0.0258148435710053,0.04588062734426,0.046459809123662,0.0456021035188404,0.0492163690005329,0.0350932817067182,0.0461610608926852,0.0548605866734876,0.0450751445121748,0.0450593928628627,0.0294802744246844,0.049916007948508,0.0526427067078484
frank,200,458,2.37192951891445,0.25,19.4570746043328,17.0507143032555,10.0954343095537,22.8714385980199,19.7759725136186,10.6782521343244,9.4804848799611,6.02017857638448,12.3762793474704,10.8374398427735,17.1074623205088,17.151366287933,10.5620843541377,22.7096652404464,18.2467820527822,0.0531896283848204,0.0470748009014102,0.0298667040638238,0.0619164332142455,0.053687854460754,0.0493627214415202,0.0406475554466695,0.0225710382726665,0.0565555721037129,0.0421187776487562,0.0502965945455258,0.0443559376919522,0.0253237951901847,0.0594148266767294,0.0510611191040256,0.0477226547802789,0.042540393185053,0.0251207175283664,0.0563593542875029,0.0472728079071889,0.0482161925975781,0.0443581309894042,0.0274523503684932,0.0585495768955591,0.0489116514818722,0.0535825431007902,0.042939532083743,0.0241947868733363,0.0542073496475062,0.0535838027089361,0.0464778420216504,0.0415018729032111,0.0243531625345691,0.0558780992413182,0.0458861107521043
frank,200,459,2.37192951891445,0.25,25.6326043225725,34.9895795642485,26.6695848464741,42.2499375613643,38.7894348335118,13.7504970409541,18.4048622460028,14.2662374931809,22.0165801584616,20.2954613698343,22.5460018024259,35.0637032655723,27.1862323627617,42.423688569874,37.6080106328095,0.0688356374528313,0.0786736359926346,0.0529785130785552,0.102957521000619,0.0906952257106496,0.0593926154074987,0.0885819363710619,0.0655083816514536,0.103354663911032,0.0949024799383533,0.0651356514427286,0.0873661389684536,0.0647360660711357,0.106117896872846,0.0974817238096066,0.0626090466352899,0.0881637486752334,0.0656564237417606,0.107437412388575,0.0975906265210914,0.0666369099137978,0.0879656537292545,0.0644480425079323,0.108168106651078,0.099390477319495,0.0481996167403213,0.0823213382545752,0.0650714728695407,0.100340300847782,0.088081083673943,0.0619692166410789,0.087195401901011,0.0652846750873684,0.105562253796413,0.0962768034543299
frank,200,460,2.37192951891445,0.25,23.3861805754129,38.5402831940463,32.1345747814713,39.2246714160466,36.8317988179896,12.6329459329637,20.1714692796303,16.9846598296764,20.5123701122209,19.3221608672042,20.5740617328458,38.4997565468914,32.823600457173,38.7741157504557,35.4980057297847,0.0630578428871611,0.0956622499300759,0.0776865047335077,0.100748611321243,0.0928566200793387,0.0607087603009356,0.100142501855383,0.084236048453541,0.100006589528689,0.095180583066178,0.0545935774158327,0.0950879985143328,0.0802448349037288,0.0969245420125427,0.0871679827316355,0.0557467072415004,0.0969079123920984,0.0818068931736782,0.0959847620046152,0.0903919218653343,0.0557451639212611,0.0923670871819111,0.0760273466529024,0.093279735310205,0.0839251947509842,0.061433051772369,0.100260479389542,0.084045968788336,0.101355301771307,0.0961093404902612,0.0571078341714629,0.0961416558099806,0.0802315298535887,0.0973217063361447,0.0903486543430164
frank,200,461,2.37192951891445,0.25,36.3097813438589,31.8329119716761,19.1489489658144,44.9470651281866,43.9424857561926,19.0617120646289,16.8342714917163,10.5244878062566,23.3583789490137,22.8586298936202,33.3879227208931,32.4516285197619,19.9504316309107,45.1491027931653,43.8631610826701,0.0828261215120593,0.0845737313613565,0.0500860347210306,0.116503738385992,0.113688982822707,0.0847429976373119,0.0703384924617657,0.0352562004049249,0.109116563716677,0.0989286449350902,0.0901985846111093,0.078975778933065,0.0463892097681506,0.113491782740678,0.110156021873952,0.0910456885569241,0.0788977219692413,0.0460450169707883,0.112245388421588,0.109935990269889,0.0915294272643273,0.0804427723427099,0.0481579237171166,0.112720718162098,0.111036266268736,0.0957696007855596,0.0833299126346881,0.0516027684849978,0.116511581139693,0.114769724593425,0.0898183799016978,0.0787571026451137,0.0460014235795967,0.112124042435341,0.109032386657802
frank,200,462,2.37192951891445,0.25,10.4370005551106,9.55925964779475,4.93655483420648,15.3553181275054,13.5584504196773,6.19001518050642,5.75330931566137,3.45375239234748,8.63683220747287,7.74276217665063,9.22022661638863,9.7374302369704,5.27271225491924,15.329430443985,13.4679465639517,0.0263194865375031,0.0241472650332632,0.00520003502077286,0.0433410851989244,0.036691094876509,0.0222863828309288,0.0194221098545314,0.0086186663566993,0.0311795096819424,0.0285991271446874,0.0299396716599659,0.0231306300517221,0.00890028385358548,0.0402265382809191,0.0357973613676877,0.0240502515487388,0.0231654883857263,0.0109934724648994,0.0371173326999794,0.0328896148600131,0.0266327020210182,0.0248821311120959,0.0134314739021219,0.0387218626740951,0.0353539665463319,0.0308570918960078,0.0278801225590773,0.0160634110703292,0.0420087442649907,0.0378805802136446,0.0259973161624299,0.0233665749957981,0.0112858002296366,0.0381488686210844,0.033131641644412
frank,200,463,2.37192951891445,0.25,32.3852144917904,37.5590437093444,26.6416333880766,47.5354142199935,38.8647928069824,17.1101772603475,19.6838063506573,14.2528564199718,24.6465555117508,20.3343386734665,28.6841502127259,37.4664780274222,27.0735573623842,47.3682894628264,37.3172063071396,0.0589345348021462,0.0852224768463702,0.0659481423011368,0.111750999715033,0.0838250847600508,0.0733524842459376,0.0893385927204612,0.0605588272428124,0.120076565116738,0.091651177066462,0.0753778049522148,0.0900693402099931,0.0629846538026362,0.116519841873989,0.0894036191947649,0.0783419854036625,0.0915877209052124,0.0640926327813801,0.117481608453621,0.0934547823985852,0.0815117400994876,0.0908158446978828,0.0597745818565169,0.119122462191026,0.0953794594204339,0.0859606851988659,0.0988715683657584,0.0715948143098853,0.123790552335815,0.101162875061722,0.0787514584217112,0.0927423345948202,0.0646671687791179,0.118678579180644,0.0940569374392716
frank,200,464,2.37192951891445,0.25,7.67906855634403,9.99841251029745,7.04490376116959,11.3861828129979,11.6134016825987,4.81801793873153,5.97179927008152,4.50271332001881,6.66203210738275,6.77524579549929,7.5099106780171,10.2260577972983,7.26936967109933,11.4456569847939,11.6453121704885,0.0232858456607202,0.0227732895713272,0.0110572475262279,0.0334240615284213,0.0297107239846882,0.0133505259577687,0.0219282053763448,0.0139272424903691,0.0218376042057231,0.024810057061483,0.0180609855182514,0.0251090760003327,0.0195756873117796,0.0264734474928894,0.0283581651379937,0.0194084686627152,0.0240461291094895,0.0158021025756643,0.0285985643742527,0.0281029690229077,0.0205913791578231,0.025651318740035,0.0169663193247687,0.0296828227374286,0.0305042540758377,-0.0333633752581787,-0.0310745100674923,-0.025310481113831,-0.024791388989773,-0.0374624755234001,0.0177621614590389,0.0243943521658571,0.016484252842754,0.0280752570545814,0.0282747080880209
frank,200,465,2.37192951891445,0.25,16.0838466787853,18.2642909062408,12.2956801920257,23.6754304886961,21.5111203996641,8.99933468923295,10.0842483039135,7.11534898927482,12.7759714897611,11.6995665527229,14.8021016466589,18.5174134924478,12.6703346772231,23.7183362417554,21.3729764978921,0.0381406422394475,0.00104748897917095,-0.0166838015785439,0.0175193652541494,0.0193959818157716,0.0383309313857989,0.0464393251535689,0.0314786183028611,0.0591481240590415,0.0526253569825164,0.0418076431323188,0.0467246809901702,0.0300593428646188,0.061416568380454,0.0554255480584047,0.0418872055777555,0.045193981274686,0.0280826468885921,0.0605888474037211,0.0545921646786195,0.0395314090381427,0.0448714281089779,0.028937940799402,0.0588684833764658,0.0536860012031774,0.0364170636631067,0.0452650189315595,0.0284155693257046,0.0621665511427805,0.0541939922221476,0.0400387717265212,0.0444198382614329,0.0288356734592064,0.0588953296076637,0.0528334618705689
frank,200,466,2.37192951891445,0.25,12.4064973966261,18.658915690904,14.0415094992566,22.2363247815859,22.2927566003744,7.16978420990543,10.2799522186848,7.9828867679485,12.060113764765,12.0879378178468,10.9879053509561,18.9935006141593,14.8145891296117,22.1870473849394,22.047996510506,0.025597974086577,0.0515564169009746,0.0399733370551482,0.0577624395426366,0.0596397920287725,0.0302404992210379,0.0477761603075326,0.0376499876939558,0.0538687686207681,0.0559436655285466,0.030481307973728,0.0487839267300125,0.0376637958913068,0.0546507351113249,0.055914523397967,0.0295944793034356,0.0481243016484144,0.0365089423983982,0.0563027920447191,0.0562609112132492,0.0330493118682433,0.0472883852524078,0.0354904699203603,0.0559429565303164,0.0561729269715226,0.0206965107140528,0.0516255964409078,0.0392131829712482,0.0592032208360996,0.0571359332559339,0.0309110878757964,0.0475662074467846,0.0357657207257513,0.0558087105080246,0.0563018229301783
frank,200,467,2.37192951891445,0.25,4.17545785370653,16.085588614568,15.2463333386724,15.3000361649882,14.8350659622057,3.07482983923909,8.99988749960826,8.58276648832454,8.60898260371667,8.37785979214938,3.4407335703912,16.1670566797111,15.6802674270553,15.4813643133268,14.4557859728758,0.0106882325682191,0.0426978895540921,0.0403195318394177,0.0423928656735948,0.0377883253227777,0.0135127774832341,0.043942522994263,0.0391413893924679,0.0429719199956309,0.0416919396973609,0.0106808826321969,0.0426569546946045,0.0395894733958998,0.0395163690734,0.0392923277868611,0.0106991313360409,0.0417094091914142,0.0384201213488852,0.039946721297128,0.0385187286470174,0.0108062251866162,0.0415353755653191,0.0382670764375507,0.0390422199255738,0.0382782700601505,0.0144713478896424,0.0446564438398051,0.0410709040898456,0.0432244320527032,0.0414206843728019,0.0104578351317154,0.0411159966760052,0.0381906667138459,0.0392547113842033,0.0375886870946523
frank,200,468,2.37192951891445,0.25,46.1699151937253,53.6510088198758,38.1742016291471,68.4058729204659,60.2327457612634,23.9676101161537,27.6891506135707,19.9901080537381,35.0292969524776,30.9641389454075,41.6100573562986,53.7922142422169,38.6759308392575,68.5049945318023,58.8004564106515,0.111552154814379,0.139028872553407,0.098312485296865,0.170329320911647,0.155060904922698,0.115737264816689,0.132693169738704,0.0891351942139424,0.172974769690091,0.150635958121461,0.117304060635362,0.132547117096342,0.0912193435845535,0.169212954986556,0.149738698469966,0.113124440565671,0.132868594731409,0.0927171707243027,0.171196263270418,0.147632486563269,0.115404858659237,0.133890619686735,0.0916238118561938,0.171532844614572,0.149379630789834,0.12040630570633,0.120176116530862,0.0689704390825148,0.164125130940541,0.134336142831149,0.114673037133585,0.132983063435685,0.0928495269097224,0.170956541986064,0.148225311361415
frank,200,469,2.37192951891445,0.25,16.0959466768652,13.6341583780405,7.03155183922658,22.2717635514705,19.6170476332055,9.00554614786579,7.78055350815096,4.49595282584215,12.0777944018648,10.7570698425871,14.4795788492427,13.9446770130644,7.50113225704424,22.240009219046,19.5049051889566,0.0335887888283953,0.0381477929767456,0.0225092006908215,0.0606129086975229,0.0527027958737275,0.0353861336192427,0.0303991743451996,0.0127111456606093,0.0512900362278685,0.0456365331937125,0.0367219636434756,0.0326467995862049,0.0144570448497496,0.0555735623060766,0.0479386676118695,0.0405159892670119,0.0348661171233367,0.0170025136497746,0.0573476022495769,0.0503560984630773,0.038565291794118,0.0363035328937039,0.0202929149437768,0.0572803508286236,0.0499142452122679,0.0448602538174847,0.0387838384778642,0.0225405471172663,0.0605444458667895,0.0539695308104479,0.0385383576068999,0.0334168365112181,0.0165572054882668,0.0548022713388852,0.0478364277160794
frank,200,470,2.37192951891445,0.25,7.83692707062723,10.25056069041,7.57795571783185,9.69325794196345,11.7819998400017,4.89716713802797,6.09691017744516,4.76712026609131,5.81994565307658,6.85920800639089,6.87875862772646,10.564259125576,8.17420731790872,9.64131338564359,11.5288968962617,0.0120964512841926,0.0299676657950069,0.0237366812340715,0.0283482769276901,0.0307639573818095,0.0217570025760643,0.0282112844792173,0.0217551897260382,0.0262940319073117,0.0314058312361352,0.018883545386556,0.0266553241022197,0.0211953363156424,0.0248812415288114,0.0291162037707838,0.0181715245089577,0.0273352367472337,0.0210292888455774,0.0244428947818688,0.0300596371442679,0.0180335426800393,0.0253712534864359,0.0179052249115922,0.025273330887679,0.0292573418120668,0.00426936387263611,0.0297695861153534,0.0230604690681402,0.0184761442145826,0.0277298456745808,0.0177770206721063,0.025496223137716,0.0193263018885658,0.0236449624765667,0.0284576918829929
frank,200,471,2.37192951891445,0.25,25.9407355596671,31.8726344270079,23.5145289311294,36.7526357557993,34.9005665216849,13.9035527415984,16.8542363579073,12.6962621816386,19.2820585143275,18.3610641795023,23.5851708285266,32.1456941531195,24.1333585482047,36.6525597889883,34.1658799197014,0.0639076112981973,0.0720739081375391,0.0491435913364658,0.0816924356743499,0.083373070428389,0.0646667615766983,0.0827468455130693,0.0619314349775427,0.0945988740479305,0.0885180450182889,0.0660189181885839,0.0811863766734932,0.0602726254460169,0.0928825126239387,0.0893883780654778,0.0633260560690319,0.0797145296541773,0.0589957668843139,0.0904958090118271,0.0856542000640055,0.0649510049832825,0.0801888347517787,0.0587509339157124,0.0919795212872278,0.0872560737356969,0.0620087332324597,0.0791341434800902,0.0573802434036947,0.0939902381515989,0.0832344166067071,0.0634381134435024,0.0791906731124039,0.0580979797301245,0.0911326921318268,0.0856824688262874
frank,200,472,2.37192951891445,0.25,-0.137198998724758,5.90711953801436,5.72563368179313,5.52165535128331,4.45211008078251,0.928768486353365,3.93622186319303,3.84609974100087,3.74457184718965,3.21285579402283,0.135891846496793,6.02041598998624,6.05850735482141,5.47995915717901,4.11300893802787,0.00402120768375606,0.0196017444470345,0.0192894486985952,0.0176212453411586,0.016107673499619,0.00145709377402082,0.0173822087897208,0.0161448924097139,0.0139152426255178,0.0141252571116857,0.00223032252640478,0.014893466044977,0.0143721377315822,0.0117951228740185,0.0115553197429598,0.00184816252064257,0.0155605422968259,0.0147653214472136,0.0142423577125174,0.0109308466437551,0.00300534256293751,0.0160572052848725,0.0143976186962705,0.015659821070932,0.0126715126227471,0.00436848464534989,0.0164203873196302,0.0127320362302659,0.0188030886594201,0.0147070461135747,0.000302971739992276,0.0150522853917633,0.0142943782758759,0.0135769815091196,0.0101501768447609
frank,200,473,2.37192951891445,0.25,17.2951663390643,28.9088534635015,24.8015699124786,25.9977361715746,27.9473626606589,9.60297338352223,15.3795829838778,13.3362765961247,13.9314062848669,14.9017990537193,15.3570199018666,29.1076293990384,25.3875558925902,25.9342574960116,27.1670786634823,0.0437659793626692,0.0771630148218738,0.0666575158232078,0.0698868535492362,0.0747464643531129,0.044161941569678,0.0751553824752887,0.0641142554397817,0.0641671203941327,0.0712480445859825,0.0458144449270892,0.0746533351057891,0.0633734121902287,0.0665798076354483,0.0724623665116289,0.0391596575852396,0.0736928611316444,0.063217808269122,0.0654443125675084,0.0685989636047423,0.0410226046895281,0.0691438238478282,0.0586792050670927,0.0625729100497951,0.0664986355278064,0.0356441696755027,0.0508418422715115,0.0365533833339973,0.0516399474009855,0.0440469153464584,0.040194376146939,0.0719282687398212,0.0615066974156228,0.0648624528313815,0.0689035734625865
frank,200,474,2.37192951891445,0.25,21.9078652147813,18.5569219084332,10.449416970384,27.1944385195672,26.4024559665965,11.8967304289528,10.2296080540601,6.19655885997851,14.5266100856386,14.1325273757479,19.9043478798066,18.9231637952625,10.9099636673463,27.2974386015567,26.4363157002621,0.0256127888126599,-0.00296487645999902,-0.0217597176843698,0.0355599501104475,0.0189956961585953,0.0509770952723139,0.0482424444473162,0.0293722150882811,0.0682582386025716,0.0642451781482502,0.0542329666385332,0.0475491866835851,0.0229598429612987,0.0711506743496105,0.0689278836811723,0.0556714576437114,0.0481667674315482,0.0272609684977496,0.0701185813173258,0.0680634471397479,0.0545918057426843,0.0464662154724424,0.0252575565570574,0.0676209770042606,0.0663107412022286,0.0597282599430729,0.0500185725249046,0.0298529173967477,0.0696811530792642,0.0707005859521347,0.053941484431693,0.0461692295416484,0.0252482720669279,0.0681311190820286,0.0660803211836694
frank,200,475,2.37192951891445,0.25,25.8128443132051,25.82454806949,16.8905029946815,32.0570050490888,31.1009542629828,13.8393013302317,13.845338795675,9.40090379578155,16.9459712866846,16.4707194258531,23.925906304684,26.2130764832477,17.4890547662025,31.9747860426542,30.7778910416697,0.0651133704288508,0.0596716784493746,0.0272841990491448,0.0850080281849923,0.0795935244455456,0.0662365221648514,0.0687114409852668,0.046769647522906,0.0840198330126089,0.0812024161635668,0.066364690731752,0.0656859200747776,0.0425568672818878,0.0804937693226528,0.0772220005690273,0.0655833515277993,0.0636669717277418,0.0400739122321245,0.0801864459992886,0.0769621983252619,0.0664003479772553,0.0643262164956641,0.0404443131860381,0.0808771206290722,0.0778259527759608,0.0210833457649109,0.0463596038208056,0.035141713846458,0.0504788688998649,0.0271500447093864,0.0644767104885642,0.0635760274184988,0.0405859243842841,0.0794752663832648,0.0757763417403264
frank,200,476,2.37192951891445,0.25,12.4283632025747,19.5789005007443,15.644638714193,19.1414833045251,19.6668765721,7.18042878739595,10.7382252347734,8.78128424295241,10.520669463658,10.7818883723463,11.3804155516173,19.540440436275,15.7815977451357,18.9192117833087,19.4301006114215,0.0350038521818933,0.0538278859515798,0.0440657007316185,0.0528516561681412,0.0541302420848762,0.0182132127860201,0.041623943830497,0.0343919335895355,0.0388158680067996,0.040390009254042,0.0316611275605897,0.0495881840389623,0.0401972184155902,0.047239837436502,0.0493645256295471,0.0312679362172986,0.0485620637961299,0.0376478094499402,0.0476614746236095,0.0490175604221322,0.03343477786929,0.051219224831213,0.0405666342693361,0.0491069543326723,0.0516199284453239,0.0327755428375461,0.0478859529053201,0.031935295310351,0.0509540185483212,0.0532212767298681,0.0314105739991429,0.0487829381893235,0.0380561625565696,0.0478853869952247,0.0487254649536647
frank,200,477,2.37192951891445,0.25,20.0373127565022,22.7524444729128,15.647325962833,26.8777348099564,22.5920182844519,10.9675369328791,12.3175026092766,8.78296553253283,14.3695304200129,12.2381588533497,16.8649406401933,22.3712483367206,15.5523841258873,26.6474386603169,21.1077656691076,0.0523463955495262,0.0612758209805799,0.0402928285637009,0.0721506813454442,0.0611946145583911,0.0490268144353666,0.0559547999509848,0.0380746298399143,0.0664661041420166,0.0514111110513739,0.0509742431006385,0.0575914749322117,0.0388029640313176,0.0684054212354168,0.0575459378907374,0.0469987241661549,0.054210134182527,0.0356145371586815,0.065942005526606,0.0539690668426216,0.0447975815670929,0.0512662910181408,0.0339328800781544,0.0628660773714871,0.0505655832149653,0.0460683079674365,0.0391392787333215,0.0223782291235251,0.0595163742717727,0.0473915602658,0.0465117092599067,0.0553794182137027,0.0374318218644077,0.0663778961776686,0.0537128320893621
frank,200,478,2.37192951891445,0.25,17.8551689860197,21.1435581288933,14.3520959518441,27.6848581521949,25.6589612482346,9.88084045192075,11.5162701558797,8.13772917294663,14.7706048476975,13.7630737376538,15.7447303117226,21.4455885154011,14.9964163531405,27.7763641015027,24.9546233752423,0.049227392112501,0.0573935697589427,0.0401669882333584,0.0734481508855589,0.0689780602030176,0.0397462907543542,0.0515561325360934,0.0355848316316812,0.0669895625786474,0.0605363502044516,0.0448058261596613,0.051900162373239,0.033969244925486,0.0682709445064416,0.0626198722734291,0.0442009743274385,0.052863423217269,0.0353706927649067,0.0694981131748067,0.0630896147588636,0.0452893390156647,0.0533588921811641,0.0350652727039583,0.070855706716203,0.0660744564810311,-0.00161586309253445,0.0241081929525818,0.0199534794332432,0.0252855287121905,0.00741609750354456,0.0428055824076036,0.0525088703471563,0.0349777237088834,0.0688212076056855,0.062940312515788
frank,200,479,2.37192951891445,0.25,18.2086521755437,17.9494334157155,10.7611105144623,26.6313276258242,24.5187481442708,10.0564436904451,9.92719936205859,6.35123780658571,14.2465206062719,13.1956050706492,16.3630678491879,18.3738448974734,11.4507758371534,26.6696594772273,24.2283605306235,0.0385265553219489,0.0477393614346704,0.0309434042577843,0.0704403579196274,0.0580002949069881,0.0467820814737509,0.0427767643454287,0.0221120459297862,0.0676781143352865,0.0629508359376789,0.0317798114325946,0.0433231143751311,0.0261492680809089,0.0617918799048143,0.0520802256083466,0.0465701009333562,0.0463620865017862,0.0280095527517566,0.0677687532481182,0.0624121303522356,0.0426491677558792,0.043025325362869,0.0251699085430872,0.06527814285469,0.057611210490688,-0.00259243349299187,0.0154020813033795,0.00711495681562576,0.0266419012312578,0.0287002894537924,0.0458665625264299,0.0457591951277812,0.0268548716411628,0.0674982322415396,0.0623001775253288
frank,200,480,2.37192951891445,0.25,14.4307126825169,33.4594390657572,30.0981889236742,34.5096797966821,32.2010108652782,8.1771058222975,17.6433237476978,15.9711907026968,18.1663305610079,17.0176815017724,12.6079481468834,33.5571643266298,30.8168387085574,34.2664829255711,31.3500852037097,0.0143303558039528,0.0655181299562472,0.0636506179174063,0.0757765126646407,0.0557862154667384,0.0406402476177437,0.0865243778868706,0.0747324018060687,0.0899511474692867,0.084807538644637,0.0368357148532274,0.0834630033192161,0.0713852961131075,0.0887699288026762,0.0817483534378251,0.0364205608069667,0.0847529658421718,0.075826228298945,0.0871649915189082,0.0814630196807982,0.0331773861790526,0.0861406438544071,0.0773684457336391,0.0873227595791715,0.0815726096998104,0.0409128384545615,0.0843214813959267,0.0736977236614738,0.0912708706609678,0.0840110856365372,0.0356851526548964,0.0837601270514602,0.0748554913945368,0.085787746019142,0.0801152660742915
frank,200,481,2.37192951891445,0.25,41.4177507940167,24.9704363511884,11.047916572302,41.3752850898349,40.1275482019057,21.6034593774231,13.4202005722396,6.4938784920766,21.581681798699,20.9608930195826,38.0176220816436,25.7193236213659,11.8786633892676,41.4620777808718,40.124246690021,0.105278364667925,0.0647247821700779,0.0295592578853498,0.108062328753296,0.103591037566382,0.105481785013109,0.0582937558457503,0.021852088119151,0.102121043554606,0.0996397995353406,0.103679707224849,0.0621536071013472,0.0268252169063381,0.102758594362309,0.0998063020395118,0.0996906498254568,0.0618466066511111,0.0275863035056983,0.102198532331639,0.0982682822741184,0.105688358773737,0.0652197986000185,0.0302644434689516,0.104869673750277,0.103259852223272,0.108131805733997,0.0660231365821401,0.0310407335998118,0.106697576947611,0.104207320226644,0.101800036504336,0.0621322846977326,0.0269511999524935,0.103190374255513,0.100145201748713
frank,200,482,2.37192951891445,0.25,18.8227416057975,14.7840357155025,7.79821696592191,21.5433685846536,21.961947339399,10.3614650227556,8.35257693364866,4.87770674139242,11.7150049780358,11.9231695845148,17.4959297226641,15.1246723056107,7.99169143465605,21.8016278380493,22.2474573545519,0.0386763898172713,0.0319292810597416,0.010401471228485,0.0386953206679275,0.0435721776847939,0.048965437691738,0.038703550680503,0.0200074688631369,0.055417783671672,0.0569467041155082,0.0499005113396898,0.0386352300469634,0.0204919755881592,0.0554033695598921,0.0582019091941666,0.0475718767058569,0.0366647113551648,0.0178796138312112,0.0545010111282775,0.0555581223576958,0.0460930216206051,0.0333784660817988,0.0161941152005915,0.0507882213495935,0.051303804575186,0.0484940537563134,0.0293601155477532,0.0161249498639616,0.0485431097738748,0.0410263611051883,0.0479759216664841,0.0367695992618498,0.0178503706093456,0.0544550378970098,0.0557509603895813
frank,200,483,2.37192951891445,0.25,10.7695216947154,6.89927788165225,2.66141488685361,12.1167726424424,9.44331074751437,6.35627136326101,4.43040450440466,2.32219341917107,7.02586414211954,5.6961446420577,8.97934199241736,6.70718035135199,2.54041335667812,11.9266207052133,8.86102016112634,-0.0138608211051427,0.00128963586513657,0.00267631876716947,0.0051201858699231,-0.0015276769958793,0.0261071649524231,0.0207839114206578,0.00858013309023812,0.0345822220887032,0.0269898287767716,0.0281753884394371,0.012586031819506,0.000223058899486368,0.0289445431580335,0.02279335064017,0.0206647934612482,0.0160824092433429,0.00580139837429082,0.0284512803946096,0.0201479701745446,0.0249488291263994,0.0161809731176672,0.0034331570117852,0.0304562456437452,0.0233777389313622,0.00149609070109278,0.00552540350973148,-0.00298456880761954,0.0289046172183695,0.00393539404242564,0.0256339334622604,0.0156582698731018,0.00430804423028512,0.029485702214595,0.02224153492696
frank,200,484,2.37192951891445,0.25,16.6501115088886,11.2958999107595,4.72698576216282,20.3159657124576,19.4709675087906,9.28084700142167,6.61695291551438,3.34909389822593,11.1044937208704,10.6842482457681,15.3532845093899,11.9149906268776,5.44299725634697,20.4826574497398,19.6019237297526,0.00935630906223558,0.031380710739583,0.0165865391762166,0.047882007527063,0.0400279745427826,0.0433513842087532,0.0328082617213636,0.015057348955166,0.0550538291043791,0.0525907343467083,0.0422525948524983,0.0254419374537543,0.00843444078513766,0.0506406255029004,0.0467512350316045,0.0413010985003,0.027809343218126,0.011620332225898,0.0501179490869974,0.0474882274726232,0.0430307896379107,0.0291486247617586,0.0127410425704825,0.0510605019004502,0.0488390809213501,0.0342634454932301,0.0285665245267327,0.0147254524159814,0.0506421491539298,0.047207486248406,0.041981549413247,0.0287075953569198,0.0121026780094973,0.0513524494957395,0.0484709630730994
frank,200,485,2.37192951891445,0.25,27.463857191045,37.1647295649945,29.1677544475017,37.9280490363015,40.3381666414495,14.6614468975267,19.4868348218645,15.5085780354427,19.8667370590545,21.0658127639487,24.5651407865222,37.3921224719151,29.7594774426067,37.8617755468878,39.7318493734785,0.0727931445806098,0.0952431532521348,0.0734335616629629,0.0996162897577385,0.103484448572637,0.0706439251408201,0.0931948876441094,0.0712970683673354,0.0971779897083643,0.103665146214941,0.0691553924651725,0.0943702920044634,0.0729717693529525,0.0956817512805738,0.10192232403812,0.0675450668676341,0.0925682228886802,0.0719049632155765,0.0947616949541113,0.100024706405922,0.0680551730056158,0.0939381128677711,0.0724406944886248,0.0950102023827008,0.10180220282328,0.0657007280789511,0.0882917280723357,0.0720714765542474,0.0856989930398685,0.0990541398374946,0.0676669453011193,0.0930286522169508,0.072479130556882,0.094752468932364,0.100697734386996
frank,200,486,2.37192951891445,0.25,20.6783294125755,22.711233406145,15.7961990843167,26.1098736489146,27.5509997684352,11.284928901833,12.296286416554,8.85627463020268,13.9872396714976,14.7039768740773,19.4027057699326,23.163347370615,16.3950593669833,26.0511415317192,27.7529574147866,0.0566836417580527,0.058434850979476,0.036273366855896,0.0701194925279794,0.0736763995973634,0.0495604079517446,0.0531502958217954,0.0336965155565499,0.0637267464326568,0.0658069238772786,0.0514329113251083,0.0583171662897751,0.0397958049824624,0.065897736261788,0.0698353075207691,0.0526350854156914,0.0582448804724035,0.040533787969356,0.0667830797610035,0.0705469260931196,0.0519539663690237,0.0577859694200855,0.0406329000385711,0.0642902495307625,0.0695945016559257,0.0566786299920612,0.0589799455202568,0.0417836115287951,0.0679811975222751,0.0727603761566554,0.0517407804609249,0.0565484046458001,0.0387707754204374,0.0650990845647597,0.0690496259183669
frank,200,487,2.37192951891445,0.25,18.6994579208931,26.6779052132886,20.1790455414659,32.3629004633239,31.1786358015776,10.3007590647007,14.2694681692774,11.0365946569005,17.0978840241271,16.5086649261578,16.5060827271187,26.9684867262527,20.9073822710733,32.4680568261539,30.6341591989762,0.0139226376731391,0.0646226671953984,0.0546586542391087,0.0613089582045137,0.0693762221033229,0.0494058460249934,0.0693415184642094,0.0520078262494039,0.0841159448397582,0.0805956242446556,0.0463273339377229,0.0660877473602342,0.0498801568517396,0.0793916434646042,0.078472523506333,0.0464992552906137,0.0656110153638442,0.0477599479403197,0.0805845156838638,0.0775165710256193,0.0457848484808685,0.0681724905064061,0.0513673308081464,0.0818905605982628,0.0796497446161922,0.0513075080459989,0.0702380676464355,0.0535672538217611,0.085812461258496,0.082923567915028,0.0456146762945979,0.0669271458767992,0.0504374584650592,0.0802878143935404,0.0776598043747621
frank,200,488,2.37192951891445,0.25,10.3840795234451,14.7490056366123,10.3183463666611,19.7358829331304,17.7691444654608,6.16338403123582,8.33513878173156,6.13133029411083,10.8160258614373,9.83744613853633,9.38206352661467,14.9362011444156,10.7084228360944,19.7793950156049,17.6995951557958,0.0309513232444165,0.041844266942595,0.030772913217699,0.0543394315912559,0.0474051000119342,0.0291749858339322,0.0374905842988521,0.0243757743530066,0.0519924916817256,0.0458527702857909,0.0258191140537002,0.0357354631762325,0.0242018271475571,0.0465506855438136,0.0437875577902289,0.0267401978399264,0.0358026642456385,0.0229144285141185,0.0493975248615784,0.0440993871134106,0.0241819101434412,0.0348363864331971,0.0239931434821673,0.0464433716085377,0.0422820864435137,0.0309102611353766,0.0366827977430214,0.0236962545007533,0.0500299648559992,0.0439864752372789,0.0271435574835572,0.037930525912672,0.0259415263491452,0.0507225092805284,0.0456573420943344
frank,200,489,2.37192951891445,0.25,30.3940482985578,24.7120587196016,14.9265154619998,30.6236451860575,33.5787126101056,16.118192324144,13.2917810612782,8.42380628041522,16.2326394453932,17.7027408010972,29.6134796350268,25.4530542355559,15.4510962597947,30.6759680505642,34.3150025756314,0.0779130148800719,0.0543876704913874,0.0348473219606761,0.0655151129702717,0.0802978506774117,0.0759645394137478,0.0643679484739532,0.0393315399254887,0.0799002674457796,0.0859175766708116,0.0740147638814591,0.0633029999218406,0.039313626792535,0.0769543138523018,0.0850136128226976,0.0751013607227712,0.0595623122316753,0.0346436119122628,0.0749356794667341,0.081651352248675,0.0783822390554076,0.063914628858883,0.0378887613508664,0.0775723679846462,0.0865460184172126,0.0703528372199319,0.0599245452139649,0.0381878261042533,0.0738298488817646,0.0835380621425429,0.07705639539859,0.0624866229711884,0.0373956445992709,0.0773215629317108,0.0847737651597945
frank,200,490,2.37192951891445,0.25,21.3384006466384,27.8926223784706,21.9604993430891,25.6796560666078,28.180025582223,11.6137603669214,14.8743491881712,11.9232666228091,13.7735393839039,15.0174530873901,19.4747638801895,27.9532922265721,22.31210477456,25.3484713140325,27.6949250091604,0.0510526911853298,0.065145089651849,0.051439996093175,0.0581603551972101,0.0602820321810196,0.0494814496751959,0.0704818189871608,0.056477481971416,0.0626637018687901,0.0687354485059271,0.0420771859461753,0.0683917858709514,0.0552425866481119,0.0586446772154569,0.0646738392007926,0.0522804154526501,0.0712379263076061,0.0559448673210612,0.0653852834423987,0.0716430099183779,0.0505781396162297,0.0667983906294833,0.0530834359202181,0.0606744327002662,0.0661867527256604,0.0567376697732076,0.0742248787783697,0.0591166027620095,0.0691990873008515,0.0747833485921208,0.0527165839411631,0.0688343235603988,0.0530967796112822,0.0636056355783393,0.0697142391615522
frank,200,491,2.37192951891445,0.25,12.0024025251271,25.5364028460969,22.3662763065994,26.553211054225,21.8216307900852,6.96965681750341,13.7020228552336,12.1250680424932,14.2076824917539,11.8557851916009,9.92260414742298,25.4655439286036,22.990493292282,26.5511640335969,19.6556069400424,0.0118256172544827,0.0414526198248558,0.0334890724612108,0.0533478057624347,0.0272999375373815,0.0307675199199508,0.0663044093769803,0.0581771115878361,0.0688831860994471,0.0524836092855045,0.029459976114912,0.0630259472934802,0.0543685885158519,0.0682625911500595,0.0478609099422408,0.0289136439950874,0.063338908505685,0.0537687371616286,0.0667041782622306,0.0500371102941741,0.0330106525038312,0.064520491002989,0.0552513073921446,0.0681341142208056,0.0544357280515118,0.0334750941823112,0.0649592004975142,0.0564415801422236,0.0676989593657911,0.0595528414819633,0.0278794681551918,0.0625062053844163,0.0544030392313604,0.0660500052346996,0.0496661893974102
frank,200,492,2.37192951891445,0.25,31.1274538748853,31.8416832237134,21.7772764995165,39.1915831770909,38.8096122560796,16.4839087303728,16.8387271533045,11.8319823936767,20.4951709210166,20.3054275394176,29.4281064075918,32.3944604818697,22.4430005508721,39.2985255989999,38.6009912105709,0.08268779136807,0.0721736296592046,0.0402834857107476,0.101442257198673,0.0956897752349944,0.0801781870656922,0.0828192299415384,0.0562047083636348,0.102230375224417,0.100248056299601,0.0745797064122258,0.0765065395380919,0.048711146599691,0.0981855323141577,0.0942404877578753,0.0768407217884855,0.0801321946670914,0.0538464152653236,0.0980336244430782,0.0973206679010727,0.0771579336607714,0.0792538713067236,0.0516245844635285,0.0988471339969584,0.0974152643691417,0.0786044493532434,0.0506720519081543,0.015222029079231,0.0801722017667796,0.0864892344579114,0.0765073732807229,0.0789198446891338,0.0532907192373848,0.0976194214736745,0.0958102154446425
frank,200,493,2.37192951891445,0.25,33.7468235325665,40.3151391447177,29.951679003076,43.5797711152597,46.4271345710142,17.7861296945123,21.0541249678776,15.8986665898052,22.6782933714489,24.0948949246167,32.2300627891484,40.9634410476668,30.6807823399523,43.6661523283607,46.5689602077802,0.0832558676044266,0.0953810891327414,0.0749712827425194,0.0985030981436291,0.106100797839028,0.0880154456711152,0.0992592675029675,0.0697360184828536,0.108106027251945,0.117266092724934,0.0840532370306777,0.102976110815095,0.0769201062235684,0.111883892969801,0.116215038214399,0.0839406437766242,0.101123057250286,0.0748693069659595,0.108961271450751,0.115871009293814,0.0857384010743021,0.102104824147804,0.0761655133338678,0.109758402675621,0.117307617817758,0.0752573221615458,0.030139650969041,0.00304929794531147,0.0403160899534171,0.050418440025421,0.0849340633300702,0.100979525528514,0.0743952873842599,0.109303432286249,0.11572473267949
frank,200,494,2.37192951891445,0.25,18.1197095757245,27.04869360042,20.2718573774139,35.9350678093165,33.697395698641,10.0118346190049,14.4537596726527,11.0827217841477,18.8748467420325,17.7614601812629,16.2895666070427,27.5111709488852,21.2084286090505,36.1571543300483,33.4579478351782,0.0501117453986873,0.0707480030287843,0.0530291358189892,0.0944038991313773,0.0892341958456707,0.0428061519227231,0.0616817469292547,0.0434060427079795,0.0857340209959451,0.082313575010163,0.0442643191878948,0.0662948806265697,0.0480929068613167,0.0885715573563027,0.0829938478228709,0.045801425665327,0.0687094870272711,0.0511904937141865,0.0907094321589246,0.085196597041044,0.0453711126899225,0.0696181332499703,0.051598984090999,0.0926029236161641,0.0862225033854937,0.0483356765511556,0.0685821138099742,0.0540306314951706,0.0912207444728657,0.0833156583595044,0.045975170330376,0.0686881534104157,0.0508663988382505,0.0906484324030485,0.085299529487309
frank,200,495,2.37192951891445,0.25,10.093401310376,22.4590586768512,19.0331239044984,26.3239680346034,20.013913081325,6.01932048303032,12.1711823817018,10.4673123760712,14.0935385592977,10.9555195901255,8.40917143914751,22.2881944458086,19.3539903667228,26.4135320075931,18.6428693863726,0.00912138256496591,0.0594238489167662,0.0525823368087088,0.061100265006707,0.0395538626789148,0.0199731637887121,0.0541212628630271,0.0442572307016627,0.0638712879800312,0.0481888149667903,0.0241434654781271,0.0588927024991876,0.0504562232925926,0.0667860210521042,0.0497367189918277,0.0239615163743825,0.0554908505299628,0.0462388255895917,0.0652870555944133,0.0479733150801099,0.022268145638812,0.0496130942192157,0.0387922168147246,0.0632134537741746,0.0410659930956044,0.0241096510230213,0.0590567449510875,0.0495749004452947,0.0708076812211545,0.0468277049427138,0.0245290329774448,0.0562871152659058,0.0469987951481556,0.0662370098060694,0.0482510458406348
frank,200,496,2.37192951891445,0.25,31.0906445140349,30.2248157773133,19.0572158979805,42.493838262659,38.173656521725,16.4655203782975,16.034309549102,10.4787654157394,22.1379813772693,19.9896061789839,28.1369864185652,30.6671189883544,19.7176992364131,42.6598414995782,37.2811464801879,0.0798049289952946,0.0792424330724996,0.0514007310702204,0.111053018138536,0.0929033297982567,0.0801035007902675,0.079070010095666,0.051981093978982,0.108664957849078,0.0953840174094601,0.0801371399204631,0.0772016407697279,0.0486016882425653,0.108872290208325,0.0957368891990453,0.0747391960951957,0.0761796563478152,0.0483468462245288,0.106836487481042,0.0933041600518836,0.0747280353382152,0.0735314599954371,0.0446085662440681,0.104545711662553,0.0911638791557184,0.0750302737171425,0.0654915574892862,0.0403866288452948,0.0971301579979329,0.0768504019386462,0.0762523784264359,0.0758679028397242,0.0472100248691111,0.106806457108284,0.0941255516880722
frank,200,497,2.37192951891445,0.25,14.5535718033194,21.6496233036903,15.5480875791561,31.2717071619739,24.5221441098426,8.23810704822677,11.7685194976427,8.73383227786996,16.5550957261372,13.1972907238514,12.6384119035767,21.6273155043656,15.8054818888663,31.3573164175233,24.0639726560141,0.0376948309896917,0.0588129037673747,0.0435825642871905,0.0831402653100571,0.0657360564111484,0.0386082140584139,0.0485776971715772,0.0274799313047844,0.0794191726781293,0.0589889792691648,0.0352778650116823,0.0509255380175673,0.0342847561322109,0.0769297370454357,0.0581232064595064,0.0354150725625696,0.0546537288625695,0.0378679227712426,0.0794956054039804,0.0623581149657736,0.0353495064738231,0.0523954539274102,0.0333834594256876,0.0791992549031357,0.0619822289017704,0.0410730157004418,0.0584418802159731,0.0413330360365724,0.0831508355330137,0.0650363556116767,0.0358688206875173,0.0531804030416996,0.0360641066703006,0.077980573234609,0.0611548541951812
frank,200,498,2.37192951891445,0.25,12.9280602687252,30.6642554354689,26.8973609853854,34.2352621961195,31.3792303577866,7.42877885253742,16.2526384305378,14.3792468026351,18.0290945549031,16.6083573196115,11.5833700165295,30.7799820074579,27.4267930056065,34.5194308120532,30.8196935820727,0.031740132271248,0.072585115711637,0.0658835607718402,0.0726072146482497,0.0730454381791402,0.0352365274959831,0.0777008660538417,0.0647446273010824,0.0878101982352073,0.080172644373847,0.0302046498615533,0.0798285656686249,0.069535004911308,0.0878161235400085,0.0799352218622744,0.0319570992776858,0.0775158181295486,0.06674788484182,0.0866242075042708,0.0795835410722518,0.0314304236737056,0.0757791337670366,0.0661906074356807,0.0843667233450081,0.07678852243872,0.0207620366292282,0.0689387506680645,0.0630994882847775,0.0775418809546007,0.0673264849121355,0.0328188101961046,0.0778525452234798,0.0673221201716997,0.0866689766565299,0.0793269365556312
frank,200,499,2.37192951891445,0.25,21.267370504565,26.0412400006082,18.7303180696785,29.8247814121019,29.9646813794766,11.5779365981274,13.9529204041901,10.3161843859203,15.8350478189945,15.9049682121172,19.3735430944993,26.2540603302206,19.0500709963568,30.0280160981494,29.4292798719752,0.0577788865478581,0.0692052417017551,0.0510515080523796,0.0762343702216934,0.0785369036790885,0.0568374864190273,0.0656875696272704,0.0441770057061311,0.0772848402182144,0.0771590862301399,0.0557146294158206,0.0660876618391939,0.0458942314401346,0.0760968822186724,0.0771427593784962,0.0528527711255567,0.0660575016131104,0.0471765230733609,0.0749492890597825,0.0750344136901421,0.0537172510225051,0.0648928796239784,0.04512553866074,0.0756798338376588,0.0748498082393399,0.0538946152659609,0.0640042838852776,0.0436955972207839,0.0693971248152064,0.0787803306505932,0.0537183180809262,0.0651901629514183,0.0461743540807644,0.0749238803261925,0.0746970159423157
frank,200,500,2.37192951891445,0.25,25.0074609386434,29.630429596977,21.992869725497,31.8418278054694,30.5918234202505,13.4401095585248,15.7389652998866,11.9393202868955,16.8391843993451,16.2178829947145,22.1097111283035,29.7003370009579,22.4843650681909,31.5554697183705,29.4860660578964,0.0591692628116999,0.075787352131031,0.0586484230451216,0.0823264147824859,0.0809574243702335,0.054751928839833,0.0713758382057574,0.0523753251741919,0.0786330109602097,0.0748062795155471,0.062920790668776,0.0717537913535248,0.0500759890923682,0.0805476232825129,0.0733140466968319,0.0599313076159262,0.0726742111634482,0.0531224007210262,0.0785746915271947,0.074056560701389,0.0588507410021583,0.0727885828104863,0.053363572239459,0.0782171106077515,0.0743734176596656,0.0544760543537334,0.0702941534501263,0.0504442162149773,0.0830002633935737,0.0725678319176494,0.0572753098046157,0.0731495526728268,0.0541016662369734,0.078797438719238,0.0741424408273269
frank,200,501,2.37192951891445,0.25,14.5699644938628,15.7374926130597,10.1617878543878,20.5124432179746,17.5605129271985,8.24661356888693,8.82736311518286,6.05362926525013,11.2029003761054,9.73437454707234,12.7725039054385,15.6610361825203,10.3826929304516,20.1388797697464,17.1166042825012,0.0406780244171551,0.0443437235329965,0.0293036550144684,0.0522578509409139,0.048760215279034,0.0320732830773357,0.0365196896617664,0.0239911644496738,0.0448324786400185,0.0383134079054152,0.0335097810656589,0.039596803784449,0.0267027849297222,0.0509298197284141,0.0431382241293401,0.0376475219073584,0.0398389463638977,0.0257310021219997,0.0521878471577518,0.044102774809396,0.0346401316103064,0.0341328873270786,0.0211126514374219,0.0466491172866895,0.0398064461070535,0.0285465800324747,0.0307882320323121,0.0183811162705756,0.0464460084901824,0.0328719492634157,0.0339975627099414,0.037868620267087,0.0234633486183921,0.0497775684385607,0.0422962431669948
frank,200,502,2.37192951891445,0.25,19.7397617610869,28.5034549082942,22.8233054855242,27.8431209531941,29.5103913269297,10.818755775268,15.1780622721064,12.3525382041258,14.8493915485788,15.6789633565896,17.7098970063777,28.5968293400107,23.1151298741654,27.8426390585549,29.1071145043314,0.0510258351365237,0.0762579522707385,0.0615932199693046,0.0746075169004776,0.0774548564007792,0.0435295528561114,0.0671125163429916,0.0529498361018375,0.0668744951202461,0.0690297953501212,0.0434991032289472,0.0711896380695754,0.058094523480546,0.0691073772646375,0.0720309882974113,0.0486634880355968,0.0721558247131239,0.0575521187737118,0.0709733689401258,0.0743047008715443,0.0456241695233016,0.0669788160977092,0.0537861988931717,0.06602368037515,0.0689523303147233,0.0528324177774392,0.0708476571233196,0.0477679635871779,0.0742727272243407,0.0784095301063591,0.0478277805160222,0.070599333011154,0.0556910500915503,0.0693436840548823,0.0734403662895199
frank,200,503,2.37192951891445,0.25,22.3997583599912,27.2328642884258,19.7692391759175,31.4949849965992,30.553692388643,12.1420088338749,14.5460392946185,10.8334157804125,16.6661331632505,16.198009296522,19.7961729425192,27.244156126246,20.004174268618,31.5528840979532,30.0112883527159,0.0608266731815984,0.0713783053002819,0.0523403689500938,0.0824585366524218,0.0802201224466334,0.059066700617416,0.0715214421801014,0.0507743620533552,0.0831156110492335,0.0808790749977344,0.0531390653666858,0.0690880189584425,0.0479709732080034,0.0804640726925869,0.0781445183268361,0.0555431794124189,0.0678071377274938,0.0479464810052225,0.0791630430953864,0.0764710862489662,0.0528887739250196,0.0696573560986234,0.0514101491095387,0.0796237000314942,0.0768813163412924,0.0279587596495611,0.0542176837509847,0.0444542137315527,0.0617357076036406,0.0633793746255522,0.0543701992440739,0.0675333799770095,0.0477972474387659,0.0789341403619518,0.076259282668786
frank,200,504,2.37192951891445,0.25,26.9687863888438,13.8654574004732,6.06373499707348,17.4718470717636,19.2337115093926,14.4150633727913,7.89635517146916,4.01513272873417,9.69013771483421,10.5668868809709,26.6229943794838,14.1653926290126,6.03428126269895,17.1842728598947,19.7139152037666,0.0687597416221876,0.0364335985494835,0.0180463698109562,0.0421128027582391,0.049599619515624,0.0707045310000169,0.0359554831563441,0.0149248833403126,0.0457063344255783,0.049743447262425,0.0629337913187856,0.032992426523757,0.0126948899231889,0.0443128527150713,0.0470700385183906,0.0657908743671296,0.034409544866296,0.0145791852890728,0.0422922808706206,0.0471820722280771,0.0690385258882119,0.033023143578897,0.0139562604314748,0.0447352329931433,0.047206200989548,0.0723839499080396,0.0359971391152416,0.0128622447971621,0.0480878020770383,0.0512308899420366,0.0664683604826131,0.0332319464864474,0.0137151466384767,0.0432457056626566,0.0470640452498166
frank,200,505,2.37192951891445,0.25,12.8142855089483,15.7931494600847,11.1469878523584,17.463550781505,15.4901705801537,7.37294858422608,8.85517145881763,6.54398499201259,9.68606413383812,8.70439343301626,11.2934522639708,15.536797363571,11.0706850881401,17.1484677719394,14.9028511116073,-0.0391900687576323,-0.00645191439422494,0.00302435462124597,-0.0237781356032831,-0.00357000055811282,0.0334877652922754,0.0380153182574975,0.0262266238393312,0.0430524956213475,0.037035261761907,0.0313859091177203,0.0374172486300239,0.0260601857219004,0.0405716370783538,0.036188554851463,0.0305419051325525,0.038389455756041,0.0263184715359769,0.0428072524708231,0.0379068769807801,0.0278204519973777,0.0338346249510943,0.0218851762948905,0.038674674276042,0.0347205618729493,0.0310099207289459,0.0237609261237573,0.0102510891721333,0.0359914537292644,0.0242041484053644,0.0325116115310955,0.0388153293445091,0.0259932994896497,0.0438682142254192,0.0388126853481596
frank,200,506,2.37192951891445,0.25,29.635942484717,24.210968208078,14.6164629471255,29.1345735122959,29.7960663028988,15.7414645644659,13.0428691659829,8.2699492404615,15.492030978162,15.8213592959829,28.2175682087255,24.4828878583751,14.6338771308779,29.0977462516412,29.830936426471,0.0774234922299618,0.017293657157115,-0.0349802955027319,0.0458704664900674,0.0495426481721844,0.0724435082472479,0.0508940643758579,0.0211927843723146,0.0698145349367394,0.0718363489498905,0.0667428634453449,0.0579342594069784,0.0354111866577193,0.0694599849713539,0.0678505870900999,0.0764012408357212,0.0614254389898526,0.036547125220335,0.074214688255381,0.0760637560162292,0.0722996648657007,0.0619997764266022,0.0374682479507898,0.0740207606879955,0.0758753053228019,0.0790820470957341,0.062876175684274,0.0399763247284234,0.0725064703340393,0.0781645343740514,0.0740879252285921,0.0593888101802626,0.0341977758893216,0.072356627633352,0.0738026426862135
frank,200,507,2.37192951891445,0.25,22.5234837270051,31.1082590583645,23.1046822435702,40.5572098184009,37.5620846491629,12.2037931632641,16.4733955172175,12.4919006788384,21.1743370920227,19.6845241630817,19.3790974543203,31.4652676795215,24.0914532861177,40.7925205872674,36.5231423745315,0.0486839676099409,0.0771142555773841,0.0599011761337274,0.0989165510802869,0.0899974523529741,0.0521411926205846,0.077286102616145,0.0561438943177897,0.101523821218282,0.092409179095485,0.0550389591182525,0.080100758532079,0.0594245751538367,0.102054200138679,0.0954540885656536,0.0508546156707978,0.0777060422434934,0.0573438099778268,0.10105347000281,0.0926327037623394,0.0551664637495875,0.0790179307768731,0.0588179845182392,0.101267132057004,0.09481194926271,0.0566886235306802,0.0734316137533612,0.0520591832521467,0.0985632289482142,0.0870709486684337,0.0554255846400538,0.0783521708268224,0.0577741960182888,0.102180382098421,0.0940475066835365
frank,200,508,2.37192951891445,0.25,20.6418297976646,25.0803202352911,18.3534032066608,28.5485520479655,30.873363195016,11.2670464766664,13.4745783740387,10.1280104034533,15.2003737171999,16.3567461499698,18.8064038083587,25.6135082099719,19.2465873983606,28.5289727859316,30.8039421792924,0.0434543571280308,0.060788216887943,0.048483935893228,0.0629901700592736,0.0693754887747487,0.0546112414261004,0.0653993676634626,0.0482852977100457,0.072313189179022,0.0803706149419982,0.0517366741644082,0.0620626354510413,0.0453454077188819,0.0695367393225815,0.0769098767321954,0.0495800998991656,0.06401000980674,0.0472423209586119,0.0723985726219431,0.0781232474070029,0.0418903813428249,0.0615917297892399,0.046098199809048,0.0685317314567737,0.0730266104066267,0.0318488138398451,0.0673069999331775,0.0505739662238901,0.0751278624751977,0.0778496836437866,0.0511753372696267,0.0639793015607256,0.0470226466642576,0.072108415864082,0.0781426914357922
frank,200,509,2.37192951891445,0.25,15.8945897766144,27.4118527352645,22.6565622507011,31.7923138329701,26.6703025134848,8.90637198298465,14.6349264543623,12.2690665772391,16.8145085709664,14.2671664048902,13.918499433452,27.7462802863899,23.6594479604756,31.5365613460174,25.4755907838731,0.0447361309274662,0.0715974784123214,0.0599283588833941,0.0844535934452873,0.0716284530037966,0.0360184994635624,0.0645537445269399,0.0506059527344317,0.0779792627939279,0.0612166388072047,0.0385584815378801,0.069463147792164,0.0573717582545932,0.078775751414882,0.0640825579949416,0.0358431296814832,0.0674533515894447,0.0561395926307312,0.0776814627136554,0.0609523512845653,0.0360469797280301,0.0690340321176277,0.05754853913275,0.0780477491506453,0.0634009377841732,0.0445644462601861,0.0725241082389442,0.0613465165764677,0.0820391002841999,0.0676289757332288,0.0371089789443159,0.0678901385259117,0.0559263140852446,0.0788170153900945,0.0644047679259058
frank,200,510,2.37192951891445,0.25,35.9164257696712,34.2589706900127,21.8693153526414,46.0030436164859,45.8892864409955,18.8660181949619,18.0409964565262,11.8775590284692,23.8835086949792,23.8271777593538,32.999853246079,34.9654991561055,22.6615799081397,46.3771982674609,45.7406196395391,0.0943150218825652,0.0824194967439514,0.0509748532112359,0.110113898714007,0.117592859474298,0.0918428482431893,0.0842952667375368,0.0516347566267464,0.115083264210946,0.114198057182961,0.0868521285605157,0.0821486165800067,0.0521220323296303,0.109696010345477,0.109190269311934,0.0906377585006651,0.0859695380946947,0.0535877086635036,0.115961480142279,0.115504161575615,0.0911267262618666,0.0881540820235211,0.0564334402358876,0.117634960959812,0.117016014427977,0.093155913914659,0.0847725568604835,0.0564357967885307,0.113682008265484,0.110481768392746,0.0891710302034242,0.086577427092532,0.0548012898846348,0.116049870913429,0.11522083495934
frank,200,511,2.37192951891445,0.25,19.2269783336326,39.2774071863266,35.1971373757761,36.4724523457492,32.1535473475569,10.563362520912,20.5387333423143,18.5094339038509,19.1428275101345,16.9950132752218,16.999757836506,38.6432220440868,34.8315771044833,36.2261213273039,30.6364819404931,0.0530661544582643,0.103030531101121,0.0923209502083366,0.09611506764193,0.0839603541563187,0.0487506131174416,0.102157752751247,0.0895072300847805,0.0947308007205281,0.0846798585684086,0.0459910650669611,0.0977959112645887,0.0881886418121972,0.0893963280985718,0.0765228536613113,0.0453495204483807,0.0948616268473817,0.0830112235654231,0.088842969218651,0.0764322422715341,0.0495383343322078,0.100458954077255,0.0887579321050859,0.0940252964107071,0.0828280566426156,0.0432155557981389,0.0911160559665862,0.0818270627267306,0.0810985080582974,0.0774100339771134,0.0478386219984619,0.0974874073281645,0.0859347216321682,0.0912653203417339,0.0789520710168358
frank,200,512,2.37192951891445,0.25,8.12458577976934,11.3451999352329,8.6425454276117,10.4300769163347,12.1172001230652,5.04049726158333,6.64157033832155,5.29683968384427,6.18659445576395,7.02612795816551,6.90120655905921,11.6228444874881,9.24455450048411,10.3310652446012,11.7816310113281,0.0204567922531321,0.0308317500821416,0.026259384546799,0.0239901483979393,0.0265360711634333,0.0226826878265655,0.0304848526597537,0.0231063424021002,0.0294054710820964,0.0332020536217021,0.0165547883179436,0.0265120187002681,0.0195499994850927,0.023577294713544,0.0256612903746235,0.0192307459886184,0.0287065014565314,0.0221634315810667,0.0250563587660177,0.0294231742179542,0.0178645526782915,0.0289427846598643,0.0229058199023916,0.0263870866263806,0.0291319437269828,0.0203685605528149,-0.000126263143050709,-0.0146050292202311,0.0023634807598806,0.0152159345117359,0.0190440859092174,0.0294878820143374,0.0230070177272413,0.0267539412497252,0.030553260633226
frank,200,513,2.37192951891445,0.25,22.4228115044342,23.4944392941108,16.0229571195481,25.640177670845,26.3804277962745,12.1531668197177,12.6861568640887,8.96909056959974,13.7538797172328,14.1221308684371,20.5051766195566,23.6642941616639,16.4038467532067,25.372865652419,26.0567447411027,0.0537835799976528,0.0636992264569363,0.0444163520083039,0.0681626715187433,0.0652836592565932,0.0585298531468132,0.0573429427692004,0.0367894410506941,0.0645036545103215,0.0670445932781862,0.0550086247388123,0.0583634677708392,0.0396744899113388,0.0634948257500405,0.0647660047787331,0.0547511980766489,0.0589425678926323,0.0411191310316437,0.063445867224104,0.0651921098137807,0.0531178285455504,0.0547327516478186,0.0369424641908154,0.0579113395962023,0.0604936424231607,0.0503799009349312,0.0514400845131334,0.0341009669075249,0.0620650484977612,0.0693740518240579,0.0561744133860665,0.0586134400850004,0.0396866991497721,0.063875130033547,0.0657079811647936
frank,200,514,2.37192951891445,0.25,17.3092689977641,22.5634436385508,17.4655044806025,21.5655725996424,22.3004084865868,9.60920368967518,12.2232576422625,9.68737096261434,11.7266640104423,12.092377054681,15.7670890170702,22.5167941771667,17.6067462074214,21.3157858116524,21.8995947798097,0.0207080662279349,0.0193322167775267,0.0074511312942874,0.0127394032927952,0.0150122856455328,0.0349849512359936,0.0564992828522698,0.0450197220595233,0.0527968481745341,0.052677699440744,0.0400863196223367,0.0527847554832045,0.0397179796353723,0.0515396261046787,0.0514929793739582,0.0435285404752762,0.0565342850448304,0.0436641552037449,0.0545129347534463,0.0549909905375035,0.0444722616283197,0.0568227871333265,0.0431000716777267,0.055531137159731,0.0576542272594427,0.0473664045100974,0.0606362347643907,0.0458221924781957,0.0589103550573994,0.0605570385561389,0.0421500419449177,0.0557809226437663,0.0425285252444143,0.0534712212976146,0.0549261202171652
frank,200,515,2.37192951891445,0.25,27.7010277045259,19.5449878454633,9.48534903078774,31.0991354457531,30.0484521486581,14.7788021672553,10.7209851655413,5.71647757030754,16.469171211751,15.9466941175675,25.5155460435134,20.1634846736234,10.2166494468264,31.2275073802313,30.025945626191,0.0715125885826669,0.0533794124261776,0.0274059210491663,0.0827454786172892,0.0801118338533498,0.0656213474112807,0.0433624151472274,0.0198195438718103,0.0723712136884592,0.0667698990975202,0.0648254884594934,0.050836857479983,0.0246827179339495,0.0797734597491637,0.0758113905624797,0.0693014269577887,0.0500843098366584,0.0242243741604605,0.0793936149724224,0.076060819696478,0.0697212495207223,0.0488049658209152,0.024738290018117,0.0755748645126366,0.0744057055825962,0.0742414722548807,0.0538306269008849,0.0286735750946469,0.0822079191094019,0.0799816819254864,0.069343593460056,0.0482770099085175,0.0227596637416128,0.0775222249405277,0.0745432376975292
frank,200,516,2.37192951891445,0.25,40.237655025641,26.4178256407852,13.1039922811836,40.7295684248717,38.5212215358811,21.0164229194329,14.1405980405836,7.51707664110781,21.2607398731735,20.1620102397981,38.6402103010661,27.2099060391051,13.7318485374847,40.5852503386504,39.0006839351338,0.097772067190426,0.0678374910265859,0.036136132718108,0.0966891905092824,0.0951509462290512,0.0958425202846025,0.0670221297686593,0.0334917951724067,0.101582595642595,0.0961639400664988,0.0992934753592012,0.0689221873027599,0.0357481804292329,0.105351455078827,0.0986620591893728,0.10114293374233,0.0658398595052562,0.0316363332516765,0.102169244423954,0.096534444275972,0.100238197118795,0.0651337759611563,0.0338129460372313,0.0981542191398447,0.094509976301785,0.105594071084985,0.066580446790152,0.0309873989825167,0.104664105953752,0.0969253876540048,0.0992361001772828,0.0653065850350449,0.0320452923088689,0.100621801459004,0.095416550663957
frank,200,517,2.37192951891445,0.25,20.2611940184828,19.5503131168435,12.4332441166806,25.4924637254228,21.542824590115,11.0782543746174,10.724395903782,7.18396700107753,13.6801916760013,11.7163120032847,18.3997423038778,19.5785148820826,12.6068184377925,25.3552699010545,20.5285135498591,0.0377408554992501,0.042002798265077,0.0281402228794104,0.0549078655786333,0.0350330944731943,0.047396437831485,0.0488300229681819,0.0324272108397517,0.0637289327320036,0.0507479755209236,0.0488687313770256,0.0440384230896993,0.0241259962589919,0.0612394988870701,0.0500640873249918,0.0488914784377473,0.0452616259270728,0.0269640386901554,0.0623781562669846,0.0489474318411898,0.049162009359015,0.0482910047617665,0.0304385590210467,0.0646174352037584,0.0511635999707227,0.0552800635795666,0.0447799305593762,0.0203340564550058,0.0617534311449937,0.057995700012127,0.0500490460310762,0.0487375026435469,0.0300167391627248,0.0640004550653598,0.052668658668508
frank,200,518,2.37192951891445,0.25,11.1823244155656,18.9521630345665,15.3812683867801,19.3863159588603,18.9039984919276,6.56118416431575,10.4262031597739,8.64966965927626,10.6425247950826,10.4026287185638,10.2224200595083,19.1850927220784,15.9160373100413,19.1143060439736,18.6264583830742,0.0314271902400783,0.044577835933672,0.0336930554315593,0.0456797224557347,0.0495399411504384,0.0319690181779377,0.0475259818888743,0.036602571562503,0.049738051343526,0.049794987003442,0.0274196739515739,0.0474357130050104,0.0378390657560812,0.0492930935040316,0.0476762283914616,0.0278931411929107,0.0481663434571911,0.0396680154885906,0.047887502415171,0.0468257056340306,0.0246946917594401,0.045190091397825,0.0375175049064911,0.0445823662651742,0.0443939408623967,0.0326740029418576,0.0436141117387233,0.0300839091505211,0.0513015420612996,0.0499144645368704,0.0267589400194279,0.0476745670231827,0.0388003252377162,0.0477501523478545,0.0464572275996226
frank,200,519,2.37192951891445,0.25,18.3292151139934,28.9984933703439,23.9931940770826,28.2093022402647,30.0255682158774,10.1170779752389,15.4240007760175,12.9337702580318,15.0318888938211,15.9354620213506,16.1310484873714,29.2796674225722,24.8504710866066,27.9874874442901,29.2871991487229,0.0505671808972814,0.0763664554206046,0.0632852263327442,0.0734993838471692,0.078516282583006,0.0465807175741206,0.0732740655637666,0.0595569447982304,0.0707200987876378,0.0770219163558145,0.0415917941967684,0.0717942832882017,0.0605501159892378,0.0685268782911682,0.0719718114220083,0.0455410223704269,0.0730974198830429,0.0606413118749167,0.0698351936563042,0.075345913084099,0.0432041671458046,0.0742288172130525,0.0623637114247676,0.07219328482137,0.0750299457148579,0.0506625322035746,0.0774499153513581,0.0648921074361907,0.075522997378412,0.0799522579489625,0.0438482120933799,0.0730830275972152,0.0607661391832036,0.0698077250143805,0.0744750540084792
frank,200,520,2.37192951891445,0.25,18.1896998884433,13.5310430358647,6.1160184894558,24.3587713301892,15.2597809523885,10.0480779971228,7.73012910723976,4.04125032784374,13.116589050433,8.5909924570478,15.4799390780859,13.2563950153527,6.1051091102562,24.0052173022437,13.7460079062191,0.0379760008536178,0.0364649656850569,0.020104105751623,0.0624032871356845,0.0357994039651314,0.0345898890827318,0.0252199893998778,0.00927338413281716,0.0502284851774297,0.0220738185486264,0.0407409488505731,0.0311050276259636,0.0131310240349106,0.0590686013804473,0.0341384861371637,0.0435573701626548,0.0313586986645554,0.0125882340088593,0.059134799380927,0.0336612541194016,0.0426385914830009,0.0330788949285194,0.0136675341274859,0.0609464145171963,0.0352433091766436,0.0475381895815177,-0.0223768129395881,-0.0677141530074751,0.0402812484073825,0.0192702369390423,0.0433726592141966,0.0325016398334935,0.0136766034813004,0.0597005726068786,0.0350361357594636
frank,200,521,2.37192951891445,0.25,11.4624191714863,17.0690647812637,12.4247823197649,21.5138386797492,19.1965343245219,6.69940434553305,9.48942424049111,7.1794043144705,11.7005044005183,10.5479221961274,10.8022073182307,17.2736917600779,12.7937565857044,21.6097119119995,19.0643272951676,0.0334906367825015,0.0467021786653374,0.0349425176889459,0.0570044624313749,0.0529835499219425,0.0284785985772308,0.0431380417829061,0.0317327744685733,0.0504543722994971,0.047129048094873,0.0242284940307129,0.0449695569248716,0.0322071508979918,0.0548972259591978,0.0491362922354229,0.0298252195912502,0.0428311027570284,0.0307673214145232,0.0530968931885265,0.0476472065844116,0.0296940917534534,0.041666757665938,0.0297681439956299,0.0531644235989257,0.0470258233017988,-0.00370877604235789,0.023053621126994,0.0194702960799845,0.0353516038071598,0.0191723885818568,0.0309944503052548,0.0430434852943343,0.0302298485514537,0.054566892191492,0.0483915590776597
frank,200,522,2.37192951891445,0.25,10.9401185950276,14.9350761939016,10.3188521371371,18.6978298757962,15.5110160067121,6.43992612821924,8.42809170710517,6.13208777926742,10.2996320972588,8.71469596274372,9.97706798401036,14.8556738165603,10.228328212367,18.7637528672184,15.082760924982,0.0321250002148854,0.0410723118754627,0.026856849808466,0.0512415716896766,0.0425293116097061,0.0284070545079342,0.040480476771375,0.0289486693511622,0.0497158461914583,0.0411184664826853,0.0281200969436782,0.0358583289903641,0.0236798942172309,0.0446517553402515,0.0370146107706756,0.0263806460197714,0.0348631610423945,0.021781648671708,0.0453684033190833,0.0362094038532574,0.0298763288260556,0.0359467381584319,0.0210672317823693,0.0480504562023539,0.0378600943975409,0.0237257392693754,0.0327945056301579,0.0226685350304392,0.0464184555816473,0.0328358195489097,0.0276676835604579,0.0359806844479981,0.0233810711280712,0.0462767253779632,0.0373127732907333
frank,200,523,2.37192951891445,0.25,16.8102826297494,17.1119052300816,10.7164915777912,22.3993992215392,22.4190406728894,9.36031099551133,9.5105040581102,6.32914251274291,12.1408543324747,12.1509726515728,15.5737823771354,17.4812316364916,11.0900071522774,22.6808758533553,22.1548320799607,0.0357082697706924,0.0470546184579845,0.0316234313222778,0.0600580751044117,0.0558007859614847,0.0438089949810099,0.0434591813004134,0.0268698109221564,0.0581226241394636,0.056046035199628,0.0419883076443645,0.0431654740650338,0.0279960584289923,0.0548846899679945,0.0550743830833626,0.0437959413193922,0.0440657539825566,0.0267627223356051,0.0577113495103771,0.0572698335675826,0.0419903613394026,0.0414792475727639,0.0244332363446509,0.0558718046724074,0.054983186127568,0.034549085892012,0.0450994090004115,0.0314879674723688,0.0566332079766317,0.050550295043579,0.0430294043640012,0.0431850385364539,0.0264893047532717,0.0568482350278164,0.0562445161420298
frank,200,524,2.37192951891445,0.25,32.0308529321558,31.3213209682774,20.9750324106828,39.2297820667072,38.1362610720675,16.9336272467504,16.5799243001906,11.4327667655112,20.5144798971048,19.9705927495681,30.9126686833647,32.0847431317642,21.722171267539,39.1186489220867,38.415711466364,0.0735145244614934,0.0562826899359013,0.0353402824367694,0.0852461836092193,0.0754356786966218,0.0685275284903985,0.0808157217279699,0.0564660593297126,0.0988556199705763,0.0962438562088663,0.0779899700753717,0.0781368155634709,0.052411715313406,0.0986748888151802,0.0951555477002809,0.0763251728530226,0.0770862583678321,0.0517842425071015,0.0957297747174552,0.0924286185225645,0.0811158312269975,0.0773425714591073,0.0484985542995002,0.0995237947844598,0.0967170884655131,0.0827186029336747,0.0793158938682919,0.0404471192862855,0.103074429215298,0.100280983545612,0.0783912549583599,0.0772358557960212,0.0513369930115537,0.0967776614062004,0.0937256801495465
frank,200,525,2.37192951891445,0.25,3.85195307677521,17.3067724723208,16.6967633441371,16.8033624858174,12.4656870255937,2.91395374226718,9.60819293422358,9.30510785023188,9.35780740623196,7.19971296719084,3.21250595762013,16.9115942755496,16.7161574340267,16.3314119462729,11.8322033709427,0.00367195131453442,0.0480944589702675,0.0460010569014416,0.0442333708817192,0.029453192598138,0.0137337034030749,0.0409325187362426,0.033411004252562,0.0440804183777109,0.0331715686580528,0.00670940399965362,0.0409261365353526,0.0392645724547739,0.0408018359595185,0.0291349719123394,0.00855510857050492,0.0427708304219844,0.0409249553436919,0.0409191070093691,0.0295634196605189,0.0120713350775548,0.0446309333637177,0.0408130774316531,0.0449875846368313,0.0332519360577355,0.0132128035736051,0.0480964398916748,0.045072588526562,0.045528519907966,0.0361389096163071,0.00895660444781468,0.0419566651870214,0.0396782508288906,0.0404901494862092,0.0303008744160305
frank,200,526,2.37192951891445,0.25,10.7670762306401,11.9998177797363,7.92062232117532,14.3656094853299,15.2129181751351,6.3539363222868,6.96744697269164,4.93843346671027,8.14423017065207,8.56568661735346,10.1176220897667,12.223457752774,8.09504650341037,14.4858725935684,15.4527678399501,0.0248504872375967,0.0349494573379076,0.0207683568169002,0.0311161056772742,0.0370865435093259,0.0294563666313222,0.0310066272437326,0.0207396168538347,0.035873189123311,0.0397542395224418,0.0294075315667616,0.0290574322684243,0.0182648937608098,0.0348816766995964,0.0384343818262286,0.0281568028955227,0.0302712781371747,0.0190950728565446,0.0362871170423802,0.0389971687279111,0.0229593483832446,0.0304796430454174,0.0200911761387335,0.0349956278797989,0.0371656990555653,0.0263448128359342,0.0348148863035654,0.024801193650734,0.0409048396318808,0.0425854170886325,0.0273211934280004,0.0300483028772796,0.0194335729928692,0.0360370917325606,0.0386262083290865
frank,200,527,2.37192951891445,0.25,12.2097472461922,4.01230960070493,-0.246784755080559,10.9642717032094,10.7611816102202,7.07154675206674,2.99354121206115,0.874712723235132,6.4521392775214,6.35109539158456,11.6906021609494,4.49385905542435,0.150118008598334,11.0668208518565,11.1475655838873,0.0279903480082628,-0.00916800450604508,-0.0165511347207672,0.0130053343978757,0.0101843714079898,0.0251245961536888,0.00837190649738024,-0.00133820600399851,0.0242686158218133,0.0245018254368527,0.0298931279521943,0.00804006782488073,-0.00182856911618397,0.0267455228322705,0.0245074505716001,0.0313428713786092,0.0105274279632598,-0.000354989628136511,0.0281943053016466,0.0274825603913317,0.0307950583756252,0.0121437379970934,0.00148057608705384,0.0289931333910469,0.0280852055137356,0.0205396760301696,-0.000184623321937455,-0.00840271737912787,0.0225325295293583,0.014181252970682,0.031424100965077,0.0100008642786654,-0.000375120581328093,0.0272854795095843,0.0267779140754628
frank,200,528,2.37192951891445,0.25,35.556284894212,34.8114579668584,23.3710354269159,44.6054775122642,40.8834045509923,18.6878112679588,18.316521958617,12.6250879837816,23.1890714340544,21.3377023184458,34.4926447099865,35.4773062039197,24.0363257616531,44.3500790291371,40.7787862534042,0.0880246347114734,0.0878636550573645,0.0602198648301154,0.106120689010532,0.105524534829615,0.0906045985627741,0.0888697172418516,0.0559703168958208,0.114916089231209,0.106820220629567,0.0863197871059041,0.0823392006558617,0.0515953092294233,0.105922348053028,0.0979841781488399,0.087660401624606,0.0859663179627017,0.0573431713535624,0.109759763961688,0.100604873311854,0.0818878308617958,0.0835089628564902,0.0559505997602474,0.107990234860064,0.0974740555138927,0.0742882325751008,0.0083219020178045,-0.028641852992042,0.029954984863993,0.0386738389786469,0.0874642491087189,0.0863738310271593,0.0574650856478929,0.111190552244469,0.100845807975944
frank,200,529,2.37192951891445,0.25,22.5918153784234,12.3954808225453,4.06919994444613,24.0541934378987,22.104864645228,12.2367444008511,7.16433642721653,3.02249532680095,12.9641798832956,11.9945974411824,21.2717022081749,12.9680608580603,4.45367343355925,24.3056270946764,22.4771248859659,0.0567180781077175,0.035175131126493,0.0151729652107308,0.064873262774647,0.060009899730562,0.0591598733254702,0.0330726330076494,0.0115949446205114,0.0629212029787589,0.0581664346063544,0.0570191261401008,0.0313809789460149,0.00999030172787062,0.0611599075337613,0.0547973228610281,0.0556273910000992,0.0312783368227314,0.0104555217687098,0.0603275906966418,0.0554478493565171,0.0556361745438047,0.0308664257137821,0.00896127151364113,0.0591287876244586,0.0538890345020288,0.0489782115246113,0.034188025934594,0.0151129850200919,0.0605528425013475,0.0539198624327459,0.0569006127132613,0.0300714093289281,0.00799572713498026,0.0601782413822569,0.0549848847356359
frank,200,530,2.37192951891445,0.25,13.6502305322805,12.7142642683408,7.64283570790777,16.4633723022727,16.309802399771,7.78874701574601,7.32308127952874,4.80046476352111,9.18790782371824,9.1116347068274,12.9265737213437,12.9819458662367,7.80226785432096,16.5638235531057,16.5227833368304,0.0382094026910258,0.0365686151552228,0.0240778352956736,0.0457653891500536,0.0457595595386637,0.0365851772735243,0.0205177051581823,0.00225378308897015,0.0391291309580695,0.0348635732125099,0.0333276130778641,0.0335419736760456,0.0205762093625502,0.0437224373401492,0.0424847159478637,0.0285679726146862,0.029105335667813,0.0163790339453353,0.0387006313511101,0.0377824999892798,0.0374295163936648,0.0319983068607739,0.0175255797086913,0.0424026358695524,0.0425932427893727,0.0387355949694394,0.0353509858837129,0.0205447419480415,0.046018083396887,0.0457242616521732,0.0339467531629555,0.0320071102379803,0.0183215934267241,0.0418170518153021,0.0411323840244279
frank,200,531,2.37192951891445,0.25,9.19612122786532,17.1752319266724,13.2194721814789,23.4605862372354,17.920011910796,5.57366840631371,9.54220797705952,7.57444245720248,12.6691426031964,9.91350605332057,6.96855948915659,17.170043791089,13.8268383580405,23.4275525828791,16.5342226144632,0.0275901382686133,0.0379564785710853,0.0203417833890224,0.0615450220321025,0.0412842562985031,0.0226724527838886,0.0448695376148735,0.0341897586164402,0.0623260630952339,0.0457790019277708,0.0147577607918298,0.0401423165629812,0.0317231239777353,0.054142614033137,0.0382794946236379,0.0191366252381202,0.0403325054942099,0.0306294188003462,0.0566886834779421,0.040392777984168,0.0179209742722242,0.0412947071190771,0.0324311073989389,0.0555435404004193,0.0424384303812522,0.0274504167980381,0.0433577364731455,0.0254451973004249,0.0635092728503,0.0456068443193672,0.0214150098052849,0.0428701245363378,0.0322314399728522,0.0593589172267385,0.0437399405293156
frank,200,532,2.37192951891445,0.25,37.8265795613969,24.6381408865296,12.4874884004171,36.1167455669513,35.024896575419,19.8168944782166,13.2552878298784,7.21043468436764,18.9658017963112,18.4229061812761,36.292317288581,25.4175828979723,13.1936229785197,35.9941650067926,35.343766711993,0.0452793608306796,0.0202123319695374,0.00221134170864105,0.0568139592755806,0.0329095159467732,0.0895304909493428,0.0591951904363857,0.0311459671536929,0.0880402040821594,0.0850918795104978,0.0927388127387438,0.0571542713081493,0.027734991969302,0.086334612383201,0.0815166419943361,0.0931241948526838,0.0602238097596328,0.030050061867133,0.0900066180658357,0.0849821649221168,0.0935686879382721,0.0625272479852599,0.0310486053798296,0.0927237239174241,0.0881318104919524,0.0932542234211075,0.0661890876268005,0.0362107038480599,0.0935121114393151,0.0915055571628548,0.0921533397412294,0.0601793049403032,0.0299947614542969,0.088757401014955,0.0856849112313185
frank,200,533,2.37192951891445,0.25,3.29474656442934,12.5386105751146,12.4089292213734,8.28228730027882,12.1889021838896,2.63629101253897,7.23497355440512,7.17064667817032,5.11764277944006,7.06102190161289,3.43660663830289,12.958543533412,12.9741329969985,8.46704001226082,12.5160813795631,0.010508437540046,0.0318616053078324,0.0291997342179981,0.0244255332825224,0.0345676843385803,0.00899111876797785,0.0268916756559318,0.0247352182141548,0.019464718374701,0.0291111352153413,0.00267442280120185,0.0282941166011107,0.0290202318365506,0.0176348273918499,0.0265626354182201,0.00879995481338817,0.0331912140019191,0.0325261501795737,0.022045478577727,0.0321403141340993,0.00657475107285382,0.0315452268791097,0.0313377708006007,0.0213059729256165,0.0299340290033196,0.0132220466387509,0.0345622137638902,0.0325160840455054,0.024754737372831,0.0344502635301871,0.00919866092386295,0.0321360565793617,0.0311149657327801,0.0212313829002334,0.0312896249744114
frank,200,534,2.37192951891445,0.25,10.1157238239538,11.3029967103589,7.27180181653598,14.3368473545797,14.5634913273537,6.03009830678593,6.62074221668502,4.61550323111822,8.13002598787717,8.24266154918408,9.12834125452014,11.5055738495231,7.58788011368331,14.391434528235,14.5812706392917,0.026336120249712,0.0216818175998453,0.010963500728611,0.0207357769501831,0.0318492029311138,0.0244594968402697,0.0291653620686324,0.018566000708201,0.0375113474565783,0.0361729488452818,0.0235279243080303,0.0297015554603824,0.0197014981080916,0.035974645152852,0.0362552071381294,0.0245702031293346,0.0288644347387989,0.0191165743538597,0.0355549864686935,0.0363860103007844,0.0267363898222809,0.031358702529344,0.020060142178803,0.0388093826876329,0.0388423222060119,0.0295410329171344,0.0328437398307061,0.0221413072433372,0.0407997144316696,0.0405115081699448,0.0262767911067533,0.0281594999565095,0.017195041755862,0.0361384405368598,0.0370964013153522
frank,200,535,2.37192951891445,0.25,8.10564737385806,11.8743581215233,7.83936977657948,18.4929081409425,15.582434470288,5.03002917482407,6.90501429071905,4.89818994308755,10.1975880992492,8.74943001570752,7.04303918392539,12.0587394193841,8.2081066420625,18.6070378894307,15.5362552678365,0.0210208428954348,0.0320373690741885,0.0229446599068703,0.0476126477741103,0.0421398265882461,0.0213039490752885,0.034382952440856,0.0228957197726207,0.0497752130562473,0.0434277970519722,0.023467915238147,0.0331788020486763,0.0228010850431189,0.0500657691116245,0.0421932032511192,0.0212976137575279,0.0290939630895253,0.017616465248076,0.0465464156783543,0.0399917508645589,0.0195527618238591,0.0306996228721874,0.0191345238917844,0.0479965687742088,0.0406212886863199,0.0104327361127633,0.0167853144996086,0.0143175719396318,0.00889765277904557,0.0209892119894251,0.0202862957947449,0.0294147768616514,0.0180140176895366,0.0464145596359224,0.0394939311967846
frank,200,536,2.37192951891445,0.25,1.57231414874926,11.4369942388048,10.9932776424291,10.7686515919307,10.3941660379964,1.77980944045607,6.68717132253663,6.46671107272695,6.35478943082111,6.16833906020018,1.08256432171298,11.5088262333061,11.3721575062001,10.8488102791797,10.1953030802436,-0.00210671225499714,0.0335918963731117,0.031825706701215,0.0318378163022735,0.0294021005985533,0.000461071215382284,0.0285364644477563,0.0231505822621103,0.0272640051141069,0.0263785589818764,0.000344679315821704,0.0251614355498256,0.0233244297048815,0.024279850714884,0.0233961299678332,0.00313435168890693,0.0295717822702472,0.0284356260457789,0.0271440181424077,0.0260127131969442,0.00313248044625381,0.0304144489795444,0.0284111369909742,0.0272981913776525,0.027137230913714,0.00657631885127941,0.0290250824863099,0.0276075055520671,0.0305469494438776,0.0282713164706951,0.0032885613552057,0.0282241859633772,0.0265874960717341,0.0263734431460961,0.0256946413863944
frank,200,537,2.37192951891445,0.25,2.80655421409165,4.57417666684689,3.48237284507847,3.19848283811113,4.79262595987804,2.39367101409226,3.27316922795805,2.73009306328054,2.58880976934196,3.38197700069621,3.13703673718056,4.74715585606957,3.65489377483486,3.14402423826911,4.95081053449224,0.0103873565505552,0.0139239427991857,0.0120286634411487,0.00812878971977835,0.0147522537965623,0.00590644016808834,0.0136873823041972,0.0119080429436841,0.0101354913680212,0.0105104071981986,0.00905099191343627,0.0135560857317198,0.00991657287046173,0.0103721277971212,0.0149798901471391,0.00504659909390806,0.0111346803708681,0.00772858375956585,0.00793613241756143,0.0118825590992787,0.006432974116545,0.00939974364478366,0.00568254605797944,0.00553495199820424,0.00981531171256985,-0.003862125637437,0.0031894338470452,0.00525798851636459,-0.0024806749520769,0.000627832227819898,0.00703965886145463,0.0114220957011753,0.00895969052439394,0.0073562034988517,0.0116616159202817
frank,200,538,2.37192951891445,0.25,5.86689366033279,15.0513014264033,13.7506863754676,12.7563537205238,12.9891005622945,3.91654962002273,8.48566719857459,7.83883972430951,7.34398282952204,7.45985562508519,5.12402819084117,15.0225211798797,14.0159562246059,12.5761391712723,12.6591500627896,0.00709810564041414,0.0421184047599869,0.0384936114965279,0.0338198082215581,0.0318319039074087,0.0120283987806387,0.0389313720722514,0.0363792667839111,0.0319462001158165,0.0329102731012464,0.0169282180697792,0.0385836895425635,0.0346504117515362,0.0330376680864215,0.0333392589118203,0.010802797509201,0.0347795606904116,0.0311834654266015,0.0288370881809636,0.0288635880398825,0.0121293014161486,0.0394422319085716,0.0367053749606774,0.032044653963672,0.0320764540829579,0.0077554396857815,0.00840906748396839,0.00485519570011819,0.00353157919482007,-0.00408523367849165,0.0143238249884895,0.0376835357081197,0.0340430799102586,0.0318433141460548,0.0321486242399688
frank,200,539,2.37192951891445,0.25,21.7727796213523,22.4227164941677,13.3363446787058,37.0703174185162,27.2383535554344,11.8302356342456,12.1530640153754,7.6328110514567,19.4401828672236,14.549704445168,19.0426698623164,22.6616145251446,14.0690979943507,36.9872517454781,25.9591685165917,0.0591250341576964,0.0610462229541896,0.0383254463213956,0.0975000143514874,0.0726220687554243,0.0519558734211624,0.0519346028411607,0.0318644961100185,0.082297149081327,0.0634551788157608,0.0567723663976167,0.0587420376451305,0.0348119739183293,0.0952949114885882,0.0705363350121414,0.0525730084938087,0.0549558862964499,0.031100280938145,0.0925287125946515,0.0659201120881763,0.0532658911077719,0.0514380515670752,0.0282821278721888,0.0885053780043277,0.0626360507598847,0.0329804621210545,0.0565494465663,0.0379900171822057,0.074457773048037,0.0501702612877354,0.0530739487731748,0.055260222584924,0.0323251622509006,0.0923543685455851,0.0658628160004205
frank,200,540,2.37192951891445,0.25,15.8676218439543,18.7934802239085,12.9264815476555,22.9840966270971,16.3524801487192,8.89245164445161,10.3484169139481,7.42991835424096,12.4327052490235,9.13436222125031,13.9135793914705,18.3520504782458,12.7037880754712,22.5670938347801,15.2411543071761,0.0312140818157413,0.0465698076574449,0.0364122403303777,0.0528093054315152,0.0334852286261958,0.0434167246921683,0.0466815373963729,0.0301829910330165,0.0593236672896165,0.0422063793727822,0.0410859120939544,0.0481904774584144,0.0336246294312936,0.0587912400458339,0.0408834202618821,0.036471833892551,0.043623311640462,0.0289967206113177,0.0552998016414457,0.0368405939394065,0.0356549004626163,0.0429140214308132,0.0279773425788187,0.0536596625523102,0.0342946992549357,0.0446572231917974,0.0322655487732773,0.0080910385718306,0.0579421781294256,0.031022028151597,0.0383320756915622,0.0432286882986515,0.0272011886612827,0.0562589725974751,0.0368637693816865
frank,200,541,2.37192951891445,0.25,11.3290462979513,12.2173362244221,7.11184241317986,18.7401362308274,15.2320397491171,6.634009577502,7.07581855343098,4.53607688654142,10.3209314854891,8.57564919828995,9.73498120293954,12.2344412260081,7.31764598981627,18.614903035507,14.8004846578588,0.0306232007712153,0.0342578551598962,0.0202353776101093,0.0516699564708333,0.0420672099243792,0.0307801803517646,0.0294578326122438,0.0174545508819871,0.0449543796154324,0.0381173498044494,0.0268262486947388,0.0288064574255449,0.0143476355411897,0.0474647148187672,0.038007075886059,0.0284173554183329,0.0308660310071201,0.0177667392910799,0.046927183829431,0.0379283896990162,0.023877348167604,0.0313344047265959,0.018913933953036,0.0461308686119662,0.0362293565881618,0.027719397353348,0.0231953470047717,0.00985815166308903,0.0409432643417613,0.0276747916827597,0.027077155950571,0.0293059299554293,0.0160881907311853,0.0457304423684941,0.0365239053093869
frank,200,542,2.37192951891445,0.25,17.3254525988898,20.6026491596333,13.7103083442655,28.7293196509631,21.9476535236815,9.61746031495746,11.2479841361517,7.81962581974066,15.2905265851838,11.9171624046693,15.2452540758537,20.4389092956121,13.7480243706659,28.6289484826573,21.2622428707633,0.0470446299555818,0.0548382292243324,0.0389195850923846,0.0733562160922575,0.0555748883690944,0.0475860118355905,0.0494173203315679,0.0256255353733745,0.0744155218664144,0.056661233450828,0.0450888342254794,0.0478604414028114,0.0258037372968248,0.0712804176739859,0.0538157502549029,0.0415621103943796,0.0495475855590772,0.0308194861341074,0.0713690762005212,0.0538620609360782,0.0382300127145133,0.0513667101441715,0.0334704983568629,0.071536995674538,0.0536432843645778,0.0440922174914951,0.0547841177828015,0.0385255969194992,0.0749049565773363,0.0571519456867579,0.0421882551662389,0.05047428346297,0.0320541487009164,0.0718045444289768,0.0535477022266404
frank,200,543,2.37192951891445,0.25,9.96276217588495,13.2149037737344,9.27846528141441,15.0485309087641,14.1013211437347,5.95412909478088,7.57206242272791,5.61385561289814,8.48425429281468,8.01332599626153,8.85752375005675,13.2708577371724,9.5426329501878,14.9723937417897,13.6757847908632,0.0292587239831109,0.0350900429086222,0.0259340315627397,0.0342570057825496,0.0374310037855225,0.0261887015418993,0.0347069069083577,0.0246713871806002,0.0393888880228385,0.0364042870207888,0.0167753446968751,0.0286707526253098,0.0203950160233625,0.033858797041025,0.0247746543074734,0.025121890439956,0.0339903993179225,0.0233403204306958,0.0387709580519179,0.0360501751748452,0.0225653716464441,0.0335841281693899,0.0244331913741171,0.0377145567477726,0.0338826198123781,0.0243348042709335,0.0283502284290508,0.0169729429407692,0.0383191688293657,0.0286231174395484,0.0239625526860387,0.0322087234719786,0.021902179786105,0.0368644041660987,0.0339047016353924
frank,200,544,2.37192951891445,0.25,28.2669612820318,25.6157020193069,15.6264534356853,34.5104616919026,33.3741415001476,15.0601585998822,13.7414741065436,8.77237243294274,18.1663174863521,17.601104142413,26.5822726477319,26.0580317659145,15.9976159205557,34.6334270316372,33.6061744018596,0.0629634235782692,0.0688134284784293,0.0385731058887083,0.0910976024533813,0.087668417146655,0.0705885176311513,0.065454284088001,0.0417457088291687,0.0858993349849576,0.0833422419616446,0.0717226990073211,0.0659548315733802,0.0402233463898346,0.0880340644918222,0.085286386821428,0.0712526160025713,0.0644605281966653,0.038200094953195,0.087295736261361,0.0844484995935877,0.0720507480950767,0.0643820344434755,0.0383612640906315,0.0867551154279511,0.0837599644058849,0.0408273179359346,0.0530541986760188,0.036786772185553,0.0575717834744461,0.0698694444781163,0.0711254852369966,0.063124496661629,0.0371341885088216,0.0861044596450777,0.0832265389074082
frank,200,545,2.37192951891445,0.25,21.0377940277498,27.7173372816236,21.195357366129,26.339656589213,31.3542033511688,11.4627812083023,14.78659082389,11.5422665527591,14.1011957021379,16.595816422626,20.5143360483847,28.1986141597384,21.5152343548738,26.5371775599376,31.7709656649276,0.0575500911730536,0.0539297689923717,0.0270260969793772,0.0615940434287332,0.0731406894717217,0.0564794964909479,0.0691301599044178,0.0503160855180526,0.0686523793560526,0.0805951055843464,0.0526420598980664,0.0661990115997057,0.0497747753558096,0.0636182494186298,0.0756316145871656,0.055024092924732,0.0692632729290873,0.0516750463927333,0.0660021123783688,0.0791269500259241,0.0532062982578914,0.0697892607661444,0.0534352505017441,0.0659129691098431,0.0779795455827098,0.0575775133950547,0.0730259334045009,0.0549794030337333,0.0703589465318315,0.0822597474332541,0.054582212252702,0.0706714965251942,0.0538968020035535,0.0668668778325609,0.0796546784470625
frank,200,546,2.37192951891445,0.25,7.4672597245839,14.1518835745424,10.9704083264192,15.6032865246388,15.0110867658863,4.71257827767147,8.03782631607262,6.45523838023061,8.75993772198267,8.46558323419883,6.41314191656508,14.3233543568178,11.3496347751396,15.7644178076762,14.6138629714998,0.0134980410923978,0.0101433763706527,-0.0020303472767284,0.0172574036474005,0.00254614984840966,0.0220721721464489,0.0357683832047717,0.0256896132776704,0.0414170960245384,0.0413397751433841,0.0194479252140533,0.033503755218649,0.0241383769808872,0.0383083675600457,0.0357024829148364,0.0153804711081442,0.0350884296115815,0.0278190008718536,0.0375999566642032,0.0355520903329794,0.019669980908743,0.037859287015847,0.0300367912242708,0.0408107068952737,0.0391223076292565,0.0118286021710195,0.0402853237616316,0.0311223585914703,0.043856629123977,0.0423085312733719,0.0182559433837608,0.0361568309051438,0.027936069588683,0.0396456835188172,0.0374349111554263
frank,200,547,2.37192951891445,0.25,34.633622921721,35.4035077862153,22.7036860721951,48.253187910218,41.6667593915077,18.2286750213168,18.6110997426639,12.2932160965027,25.0040227067719,21.7271362183385,30.7107245107437,35.4108178552924,23.019355344269,47.9123601789317,40.8212424199774,0.0677007570447165,0.083716155438283,0.0555206979600592,0.116199257854165,0.101616240769532,0.0885155575268343,0.0847179433506976,0.0506276266306122,0.120582454595339,0.100138243221895,0.0828085616125857,0.0872599629534676,0.0562122686476398,0.118398206817351,0.101666526162048,0.0865557701754864,0.0895955872001608,0.0572132275237078,0.122289783197049,0.105323721036587,0.0852100089606246,0.088390331262245,0.0558090419569196,0.119365548131025,0.103404249138166,0.0905800135991792,0.0690751274872423,0.0168061006575515,0.119757350502472,0.101133668032938,0.0849661362887906,0.0878107010764086,0.0556628680448439,0.11940396002502,0.103347129552544
frank,200,548,2.37192951891445,0.25,10.5189233223665,22.5568324662733,18.580266600648,29.9092556222157,23.9900982841873,6.23099528293938,12.2194009064732,10.2415043046285,15.8771821683444,12.9328312641496,8.85594972239752,22.7746784581789,19.3751475973343,30.0449485328325,23.2545371458413,-0.000647603770648744,-0.00401449731760037,-0.0166316091925503,0.0374359001389138,0.0108652549425114,0.0270840514479634,0.0587793223060207,0.0480727371440537,0.0774976183776802,0.0621831598319904,0.0175384793020348,0.0555321435621287,0.0452714283557413,0.0718902344624012,0.0567525828901935,0.0261410519062167,0.0574528125989415,0.0460815785578129,0.0760089956937095,0.0608641919810933,0.0241463574439249,0.054157114520382,0.0434794050398251,0.073426077514334,0.0581163933141825,0.0309060521248451,0.0608365607533663,0.0514000476989368,0.0786865257636633,0.0639196278672222,0.0259809005860424,0.0570414348698339,0.0459998956979372,0.0751952424384429,0.0598804900663583
frank,200,549,2.37192951891445,0.25,15.8548271929792,17.1921546715993,11.194314513056,23.0873544015857,18.4611936731683,8.88619359577617,9.5510721087694,6.56720254191954,12.4839014229921,10.1830577332594,13.8854633751265,17.1607750860175,11.5819875458833,22.7763501616506,17.3222528781368,0.0439811628687084,0.0445875169461009,0.0266991018083424,0.0622138979160017,0.0446816073961498,0.0313370210046211,0.0218275697611142,0.00382935399810382,0.0462482445790232,0.0306216444855604,0.0360003256350231,0.0411843723623422,0.0272497619663925,0.0570623690266388,0.0401417768553811,0.0363520466230993,0.0407002431515892,0.0261532808661053,0.0554793588543531,0.0418009169449041,0.038367174917968,0.0393852923147918,0.0229563692187078,0.0569169768104338,0.0444828127078157,0.0439799520462314,0.039084098558937,0.0186611527230673,0.0573726393792431,0.047912962833324,0.0386732873750488,0.0432444509875197,0.028261895048031,0.0581507370829272,0.0452031966667911
frank,200,550,2.37192951891445,0.25,21.4795401720964,22.7310215522438,14.6358869272577,31.3274858186291,27.9706503202241,11.6835447318125,12.3063299711996,8.27946565417529,16.5828395720431,14.9130885709599,19.7265850876948,23.0925171579509,15.1750966655566,31.406101865275,27.8014649769248,0.0466208784968827,0.0368228982469288,-0.0137058698463517,0.0799456682629856,0.0703675906248778,0.0513369460118729,0.0553799100157734,0.0341430208387212,0.0764866098710445,0.0675162025102828,0.0547658081170162,0.0553097951746822,0.0320721030211263,0.0788491842155341,0.0687246409008318,0.055575230424931,0.057767979619989,0.035612461178302,0.079822300536607,0.0704920979638534,0.0541833079134661,0.0590771514494446,0.037986972193172,0.0809573780773527,0.0719893000796534,0.0460391694843696,0.0610258431255362,0.0401593822103552,0.0687592956165229,0.0733603923875752,0.0536194262090055,0.0569801503681658,0.0358850601491879,0.0786493776775312,0.0696216016626817
frank,200,551,2.37192951891445,0.25,25.3861565901693,43.9786403055587,37.485682712626,43.3335121696583,41.4653680075672,13.627379117505,22.8770461511815,19.6470408293088,22.5562959480464,21.6271684229817,23.1253411923621,43.9616013017865,38.0039987513942,43.0048273001373,40.4319716913239,0.0680712073648393,0.0998391340731514,0.0618786728124872,0.112275592132124,0.10457248814548,0.0484694759109963,0.0953780600875672,0.0832343303291728,0.0892497685738366,0.0824962443857663,0.0649576326672855,0.111078190057851,0.0942743959704874,0.108461429484518,0.10211164923571,0.0631625626005687,0.110085912865243,0.0933312898604176,0.108846957489355,0.103010196300255,0.0614470546668613,0.102099031472356,0.0813484266916087,0.104432891876328,0.0978751082123118,0.0486921909948972,0.0944587107377363,0.0838697280050902,0.0803892086413424,0.0755431950350438,0.0625368900571057,0.109848916431606,0.0929452276448729,0.107895226052751,0.102670451476158
frank,200,552,2.37192951891445,0.25,11.3746306131323,17.8763097577415,13.9195342683596,19.41396900589,18.6302785289122,6.65644552510926,9.8911592396504,7.92309406080345,10.6559577411702,10.2661617645567,10.3968501293612,17.9355570806926,14.092171936673,19.3861319353282,18.5186954062754,0.0128071666506541,0.0130146048900647,0.00374178228270121,0.026269660564206,0.0254918907263342,0.0306163904552635,0.0422239602878139,0.0323311706241817,0.0493386236355477,0.0458279770936452,0.0283233958909967,0.0448664786151942,0.0332225312931803,0.0493383406202392,0.0474048927258268,0.0274470512279308,0.0448379878790201,0.0339299276206069,0.0492396356369556,0.0467386753753657,0.0265868391413736,0.043980703655673,0.032080359630863,0.0483175336045897,0.0465378524600594,-0.00394343733003575,0.0490900875646303,0.0387264043673982,0.0479867999135989,0.0451056984532972,0.0277282370003897,0.0441164601224928,0.0331580850456993,0.0483482294106415,0.0460179088232407
frank,200,553,2.37192951891445,0.25,22.8742416472441,30.8696291004928,23.8666249507908,32.6726369330103,35.4005771241288,12.3774328332654,16.3549490062717,12.8714739256624,17.2518067323907,18.6088971130488,20.8758696866086,31.1812266387909,24.30826527459,32.883745691428,35.2846793030215,0.0348788711740611,0.0816218614265876,0.0643009242394857,0.0865498515871398,0.0922936170962512,0.0604113181126322,0.0796942853110335,0.0577982551253714,0.0865803493691162,0.0931211852117127,0.0593352663443258,0.0804721464782011,0.0615635596117261,0.0851429673023563,0.0925437816525764,0.0567443151255294,0.0785055735245416,0.0602007700805818,0.0831514656656206,0.090125336641082,0.0585984442920578,0.0765081313755286,0.0571045637055108,0.0820140328363792,0.089507814927086,0.0570166062707907,0.0810137998181942,0.0643146549030414,0.0852324476053946,0.0896113645818042,0.0558035542476295,0.0769826635413302,0.0582676091526552,0.0819414985345031,0.0886346465928268
frank,200,554,2.37192951891445,0.25,12.4471224307798,22.1399104733551,18.3871974651307,23.4976002079129,23.2480875449134,7.19080909582726,12.0119726136833,10.1452568367897,12.6874826396229,12.563493810291,10.3863195764334,22.2757132176439,19.0325237994178,23.5054787582751,22.5123846322332,0.0346289989824836,0.0570658641471005,0.0491721554282254,0.05824115137721,0.0604643833149232,0.0336502494717424,0.0577953442837354,0.0470047215316679,0.0610023752220032,0.0607964763258134,0.0273968751065642,0.0539182116599623,0.0462144265791436,0.0558661848260486,0.0542458248091754,0.0290356839113821,0.0567980724180213,0.0475956693776544,0.0592788311759698,0.0586409983924294,0.0305664061842188,0.0564198759436504,0.0451827079556224,0.0597404049246777,0.059596760701178,-0.0134761240551591,0.0477043467799256,0.0476604754334983,0.0381757827866248,0.036620366222239,0.0306885303586241,0.0561789649950457,0.0458084151592269,0.0597217738671346,0.0589623968000511
frank,200,555,2.37192951891445,0.25,19.569832355564,24.7847275549503,19.0686412362115,22.4836492738028,27.5464984451054,10.7337162215872,13.3275456015409,10.4837470157684,12.1830504221489,14.7018317000484,18.4800694867808,25.2854745107058,19.6600637226174,22.4939109513511,27.6575882048103,0.0492955294931024,0.0649874411348361,0.0515804490409143,0.0573304888295448,0.0695164998380904,0.053090047926957,0.0658758574504062,0.0509614768530377,0.0604182331504826,0.0725482239107267,0.0500133512100976,0.0623928314440128,0.0475029106864858,0.0579305034483657,0.0699758531388254,0.0482962614789622,0.0627920609253983,0.0485855487582843,0.0558244023467729,0.0687063554906919,0.0493023840728058,0.0630750304682936,0.0493346303980508,0.0565852990991188,0.0690676616502248,0.0505749436146451,0.0401172510487201,0.0169729886605228,0.0508136497531643,0.0595464884874091,0.0475334353534258,0.0621470074392145,0.0481078906566838,0.0555026433871062,0.0682082419063012
frank,200,556,2.37192951891445,0.25,8.42802264550137,19.1003990641288,15.6483313854617,24.2265600362967,17.2701073110239,5.1917860441964,10.5001517884406,8.78286912234037,13.050460299374,9.59049876433057,6.11978747169371,18.9448677749293,16.2150118258935,24.0651957460287,15.7439851052178,-0.00506210641567459,0.0380937604468775,0.0392265495725941,0.0437590213159224,0.00406079803118007,0.0111225879721722,0.0460195522730772,0.0385155062975914,0.0591424657973923,0.0370319287936047,0.0153689650331956,0.0441085865661055,0.0342753593572101,0.0584164006788408,0.0373165881821759,0.0183251970672397,0.0463430354193388,0.0373962919182566,0.0596521800472262,0.0399272686493459,0.0136621172795498,0.0473993974859035,0.040004242253497,0.0591575479553373,0.038474212794351,0.00387070987607388,0.0388672380801401,0.036446347104048,0.0405253723155572,0.0292276065333196,0.0184629002761903,0.047227340015094,0.0386807349888633,0.0597457940858239,0.0408169851016874
frank,200,557,2.37192951891445,0.25,15.1864850519283,17.6323928208592,11.1745602479259,26.2342900495225,21.454165460993,8.55268412145907,9.76987431632391,6.55785519507368,14.0487633565921,11.6711390748457,13.5782638433864,17.7284137784477,11.4110766048881,26.472781872931,20.899992552797,0.0420776749486991,0.0419929757678846,0.0248772508010916,0.0629280229189905,0.0517529515653282,0.03952893853413,0.0462498651262139,0.0289291280930544,0.0693489567543433,0.0555103247291961,0.0402389743742525,0.0441888222689872,0.0253300148727093,0.0679594159973029,0.0542974553138179,0.0384671463309747,0.0445137699725541,0.0270305702207147,0.0672851446121661,0.054245555189686,0.0357213993902975,0.0423500243384935,0.0241175757696447,0.0635553325644479,0.0508896179797661,0.0382279283437131,0.0449024059149354,0.0213167444926498,0.0695860665334612,0.0581080729474425,0.0379600028637766,0.0427713294700777,0.0244570279760429,0.0661543295587831,0.0528302424107919
frank,200,558,2.37192951891445,0.25,26.1592603907193,34.958671858006,27.0524517780713,38.1763745172572,38.0736339445356,14.0114446495561,18.3896926660858,14.4571319662312,19.9900816500573,19.9390395035644,24.7842743561977,35.2256409839536,27.2517940092397,38.2467349182439,38.1940275929974,0.0378061045085971,0.0862008433348607,0.071021166396616,0.0941849535145768,0.0944690769766239,0.0640989342306161,0.0881128665821308,0.0670088772596431,0.0939626853596249,0.0957795827048649,0.0639502015773257,0.0842357534507122,0.0572314228927427,0.0954056164290248,0.0953388343179808,0.0673177166279895,0.0881376239560132,0.0670461701413703,0.0965273984175706,0.0964311357318149,0.0653335072186859,0.0881529923675848,0.0681922561930358,0.0968144660483729,0.096473983732871,0.0703908836277573,0.0837139513789538,0.0606632990008139,0.0957926521825859,0.0917733286779391,0.0651084164742734,0.0861510866816881,0.0650971358031265,0.0948066569132575,0.0944796797357175
frank,200,559,2.37192951891445,0.25,15.2631989333168,21.3014084080633,16.0734919739387,23.9361449822567,22.9096024519651,8.59098539604165,11.5950940846329,8.99469088396389,12.9055649411591,12.3952115968223,14.2315597243445,21.499814437742,16.3155421334036,24.0413079273588,22.7278606344888,0.0213529531527907,0.0477893351480935,0.0404324100225746,0.0523277067074258,0.0470985700344093,0.0407535189112856,0.0551682234869031,0.0387011199533151,0.0624560091297709,0.0603443137366622,0.0342724795686578,0.0519333720524951,0.0390382577413655,0.0603675872223943,0.0555459964381749,0.0393084635875301,0.0541313664550873,0.0405280167582862,0.0607772378136433,0.0578411724772541,0.0370881440078232,0.0551997866031441,0.0413768135619608,0.0599501123892443,0.0584467420505277,0.042576504887054,0.0553260610035432,0.0417312361944144,0.0638371847586523,0.0595359038423125,0.0376797525713003,0.0538323437711202,0.0402346298685122,0.0604396419740704,0.0574825456254089
frank,200,560,2.37192951891445,0.25,8.19593606751936,24.6920381651994,23.2315011057024,19.877546772735,18.706001999571,5.07576826810856,13.2819388202425,12.5553536315655,10.8869047999423,10.3045079424715,6.44978489831968,24.3608100775872,23.4590238720102,19.6345579510338,17.3784200864129,0.0253304922625698,0.0659198547065662,0.0617845691011148,0.0507811070937123,0.0515023981435513,0.0204889155201877,0.0587973147072696,0.055705938410105,0.0440881020892196,0.0446574222964756,0.0162642486940339,0.0595518378294939,0.0569095289300658,0.0468121939275885,0.0422024246225818,0.0186685109226871,0.0602076114399956,0.0566338683786549,0.0474687609789463,0.044745670766909,0.015452721197205,0.0546856391323956,0.0500569078266973,0.0438371888161434,0.0376764431887046,0.0254769851243768,0.0653468811380476,0.0615584524629144,0.0518693720911571,0.0479101884305731,0.0187591847965399,0.061270253554774,0.0577103927436177,0.0484756844948527,0.0449689567144866
frank,200,561,2.37192951891445,0.25,17.4317212732183,13.8830045946058,6.93710739664749,22.2818349333827,20.0159637238601,9.66961924908707,7.90449940908452,4.4495410698017,12.0824139369432,10.9553707836699,15.8592597958579,14.0817299364532,7.00921418547594,22.5420588347889,19.9826917674664,0.0459937457263236,0.039160308071177,0.0219279433160114,0.0606280481164913,0.0547102394001494,0.0405719214046288,0.0268144453841799,0.00890238196636347,0.0500573238864245,0.041118396391545,0.0413779785984216,0.0382743383584407,0.0212160892999578,0.0579786958623891,0.0527771748596129,0.044411195053244,0.0348364347529721,0.0152852415857013,0.0573184978996183,0.0512779418356092,0.0439420510604106,0.0369909251455205,0.0195779170114075,0.0581656534908675,0.0519179748781912,0.0334085253959006,0.0373958281795695,0.0145438415018767,0.0606964944907235,0.0550190911047349,0.0447933801391498,0.0348002595962418,0.0166371091655303,0.0563837998584813,0.0504915155675009
frank,200,562,2.37192951891445,0.25,11.6827858591136,15.2112734615241,10.7895366040468,18.2901990589184,15.3344273706795,6.81038015121426,8.56532934901509,6.36551092025515,10.0970084536135,8.62740996049573,11.7014913479617,15.5762844821402,11.1719966300479,18.2229041725193,15.0043294247879,-0.0036026108501432,0.0384032073660368,0.0315106856935771,0.038930724066463,0.0291277375337441,0.0313140275208549,0.0410805489501798,0.0294782230437067,0.0482186015835191,0.0401822677630067,0.0196269609073779,0.0319713724193657,0.0234538895706629,0.0393088355971141,0.025497661936424,0.0276020059948787,0.037561146278965,0.0259617898538065,0.0454475662931054,0.0359959931800371,0.0278028471163833,0.0372185598507374,0.026791599237342,0.0446505576057085,0.0348520255660569,0.0336270104777424,0.0370590324322317,0.0238526877078684,0.0485514821530574,0.0303805095905565,0.0275578303998808,0.0375212058134937,0.0265890620897044,0.0450057236542695,0.0359132550125286
frank,200,563,2.37192951891445,0.25,21.681603033723,26.990096235965,18.897712814775,37.038787752842,34.4951902130944,11.7844114255993,14.4246306270667,10.3989953798484,19.4239090868684,18.1586920081626,19.1022073305084,27.4413163481755,19.8731136690282,37.2947788661829,33.7409473380349,0.0580652690335268,0.0721818449077673,0.052183645704553,0.0975904260654164,0.0909513717438169,0.0518014380062296,0.0675643765166459,0.0447050532933699,0.095468054574986,0.0860078709105748,0.0558759317064389,0.0672587008366534,0.0463174107220315,0.0925319998408938,0.0866021726488233,0.0540806050069155,0.0681451939652874,0.0469200073657332,0.0939028796961295,0.0869831465620272,0.0527506238725149,0.0683982629024404,0.0464275471334755,0.0940166504262165,0.0874628694384006,0.0590958606230654,0.062838027716471,0.0375584574324959,0.0910032506881852,0.0894457686991011,0.0512569447661711,0.0684702574845523,0.0475525952805813,0.0935487598777365,0.086268856123636
frank,200,564,2.37192951891445,0.25,19.554945608573,31.6563270601726,25.0504175370013,37.6340202722147,34.0496686232666,10.7264971277481,16.7461824090125,13.4600339613821,19.720019435322,17.9377081711168,17.1795686902639,31.969596162122,25.927141420669,37.9108435124137,32.7210555247286,0.0505045483344971,0.0814217652405235,0.0650499416144358,0.09373789149488,0.0874141513677466,0.0463304216340907,0.0769188704557166,0.0603883833566605,0.0941599264354686,0.0806285028950534,0.0473975103678935,0.0797664588174343,0.0634048798941029,0.0955665565556754,0.0823521742835521,0.047944091543164,0.0795312671650284,0.062841012462252,0.0951702890732758,0.0838987830378895,0.0482723995672152,0.0792829104791028,0.0629766827165124,0.093320748201729,0.0843921197317982,0.0532314068412813,0.0826904337869619,0.0671787012822145,0.0973610053045688,0.0900904857660682,0.0473946226797937,0.0786993305097056,0.0614796025632043,0.0938898843407126,0.0830940329038488
frank,200,565,2.37192951891445,0.25,19.6613910283467,24.8564556324417,17.022014395859,35.8645350699638,33.3215415172432,10.7789568226822,13.3629027532764,9.4654331901246,18.8397225579551,17.5747550235091,17.6704170478682,25.5575720995286,18.2967257180285,36.1527902646014,32.7751785410695,0.0537522773758517,0.0634824457868525,0.0441537013193482,0.0916819972426417,0.084296679050326,0.0460773855044786,0.0586343847442803,0.0408127859392723,0.0830253188830238,0.0798597211401256,0.0509541142047768,0.0634536510516523,0.043244953494557,0.0912121416459785,0.0830569088812022,0.0476900302199786,0.0630395824180206,0.0433268062432725,0.0900563636731196,0.0830158830913583,0.049476087442717,0.062758216098467,0.0426859651119037,0.0901466629672214,0.0843445516023418,0.0507270586112011,0.0576744770702255,0.0397810445810746,0.0853543006309248,0.0788003414541079,0.0493408660009572,0.063131657884367,0.042964504464349,0.0902360274557978,0.0835238227445891
frank,200,566,2.37192951891445,0.25,7.59689780598619,28.0311881882096,28.1195892314568,23.6015452887217,21.7847533219368,4.77657763251389,14.9432115812528,14.9878244897963,12.7392107711521,11.8359096495778,6.76930382051917,27.7384735939306,28.2445105553674,23.5959551652527,20.8414360797448,0.0213995333533523,0.0749265349608968,0.0744871946754664,0.0579507414103207,0.0580439468789061,0.0218179639577992,0.0684323121805393,0.062311701450246,0.0627706745706916,0.0551256173165061,0.0204042536596302,0.0690842810867296,0.066361666084173,0.0592680763541053,0.0534347917395926,0.0205088392585185,0.0697011268659716,0.0676367135621996,0.0596291478253268,0.0537384964234905,0.0189251526271032,0.0712521275681142,0.0694444292024259,0.0604424155434092,0.0550977021698403,0.0239541829139821,0.05903245478532,0.0452459806046358,0.0586561302718786,0.052208461586568,0.0190496254477502,0.0680998412611553,0.0660152189833066,0.0586338245579023,0.051522845009198
frank,200,567,2.37192951891445,0.25,19.3451614336823,15.7340204073496,8.13070191311991,25.6532463212167,21.3912926195338,10.6222733865603,8.82547246195676,5.04303606266699,13.7602651766261,11.6400368647843,17.2445659724797,15.9104583227223,8.47769475423991,25.4969394674534,20.9585716209345,0.0349521421814471,0.0220535717324646,0.0118916315093297,0.0479100754918939,0.0354252432809654,0.0415976085156984,0.0365775753193957,0.0184848182427087,0.0571388604012524,0.0474928772471934,0.0467127728777881,0.0361099691470959,0.0176673312137929,0.0605550576369821,0.0492689172238331,0.0462286110962733,0.0398302183777449,0.0208585889767197,0.0640363041351591,0.0530198435595705,0.0498892173692061,0.0386561042926788,0.0181636054756584,0.0649704077294516,0.0541050774935967,0.0366072428259054,0.0353053130541131,0.0221170053376427,0.0576058911214164,0.0423377482980663,0.0478866134915227,0.0395241750637905,0.0199943299494449,0.0644483718240392,0.0535311834229717
frank,200,568,2.37192951891445,0.25,16.5490148554971,26.2986151802864,19.9933974789263,35.0474261934436,28.0861423532893,9.23095471792261,14.0812350084114,10.9450664863799,18.4333325980871,14.970900972273,14.3169626548684,26.3016737143172,20.4656327381526,35.2420766591332,26.9819459252732,0.0461251051363726,0.0702252037420653,0.0542206436365364,0.0926087471143551,0.074005115683934,0.040578285079709,0.0676925118925245,0.0500265838685646,0.0893612598701288,0.0721151923166311,0.0419141231733869,0.0621197779412528,0.0435008930714787,0.0875765008655626,0.0679081894838724,0.0412677878152606,0.067784810076133,0.0510407958590631,0.0901265291363597,0.0711384393688032,0.040743176881762,0.066846132081867,0.0506172076661532,0.0882346682743834,0.0691895771631521,0.0463205932906215,0.0707211939611294,0.0548934571098158,0.0925745548094793,0.0751662655458534,0.040821140172093,0.0656607235907361,0.0487163980140881,0.0881970643561855,0.0692273747151721
frank,200,569,2.37192951891445,0.25,20.2946350961146,17.6918645684058,9.88866608472575,26.7614162661142,25.8796366269654,11.0941781085123,9.79903166929452,5.91743800675958,14.3108955264649,13.8722496114479,18.3750427201596,18.1006774323294,10.2402075251261,27.0799314367148,25.953219085452,0.0541686945851726,0.0492187398749867,0.0296299524691696,0.0717655088990164,0.0695730629786578,0.0512262383109656,0.0455702965721277,0.0217521273958767,0.0693889853269836,0.0664222717601646,0.0517663827827474,0.0476198361551798,0.0260119187832663,0.0710447973053215,0.0686619448369698,0.0512480302949135,0.0457550872461406,0.0250911403591197,0.0681366187914645,0.0660557358228421,0.0525442786447633,0.04704692516609,0.0272356067986537,0.0695293063509247,0.0673028215055897,0.0540553693389905,0.0484826773434854,0.0278105640188288,0.0715488697627086,0.0680980075761564,0.0501338088278421,0.0451439142064782,0.0250249534058918,0.0679286491398623,0.0657621324663403
frank,200,570,2.37192951891445,0.25,18.6177589065736,18.3814868527183,11.7953208883125,22.9056285183849,22.4641725934147,10.2602758943565,10.1423320192373,6.86572981330274,12.3932485826523,12.1738503333142,17.0136956977701,18.7360973350264,12.3684458565433,22.7557430552965,22.1785008316578,0.0501237922588277,0.0503016817977545,0.031766216843759,0.060412737563079,0.0586559498112649,0.0506428766468291,0.0502150972430517,0.0337041771309666,0.0617038484945328,0.060300071709456,0.0479198075570237,0.0454333958045804,0.0272125416893132,0.0567693795181127,0.055804883331525,0.0485578579863177,0.0475416372138043,0.0305368961229563,0.0581718146758926,0.0574827110639773,0.0428033441719469,0.044247385191995,0.0280743791873847,0.0566691454145828,0.0533912840171465,0.0511532424158639,0.0483448598185629,0.0327329526688565,0.0565179859401781,0.0553451348333026,0.0456156072199953,0.0459433191581523,0.029587105581588,0.0568172283914937,0.0553379595609638
frank,200,571,2.37192951891445,0.25,12.864098859993,18.0569016396896,13.9329867254176,17.983935996233,16.7296430980057,7.39750168609556,9.98136505919461,7.93000941998435,9.94487565869393,9.32131418315115,11.8037560924669,17.9095665586318,13.9882940908001,17.6779598496143,16.1338209559737,0.0170757800437166,0.0390120897359122,0.0332491962337275,0.0380376511841262,0.0268092691310078,0.0330243358892226,0.0415228470774443,0.0262777627844433,0.045575933552422,0.0402422667272954,0.0339279735902809,0.0458162559529273,0.0331887483920132,0.0472146915914804,0.0436907246867891,0.0320481743895738,0.0451457445197223,0.0343880671989092,0.0445844698217536,0.0407710904598342,0.0306112229356976,0.0435143662718125,0.0336862594636094,0.043370187312264,0.0380636802372047,0.0304429307927739,0.0492787937397761,0.0349337525208753,0.0499149456718485,0.0453736278958598,0.031531806570634,0.0447823359664945,0.0342590246893489,0.0444706054431832,0.0404940722090186
frank,200,572,2.37192951891445,0.25,22.0204418228345,21.3485859154183,14.3883615173866,23.2465309038885,25.9981856864819,11.9526182723426,11.6183499940714,8.15563914160478,12.5627150849384,13.931900130327,21.743318064699,22.0213387665223,15.0067629042913,23.1869916974787,26.3322982419479,0.0479899801278644,0.0457230244347327,0.0306368138816476,0.0524052474328794,0.0514640401553708,0.0577634236791151,0.0556864457492371,0.0367597783485579,0.0600634379890949,0.0666805571998727,0.0571512994973046,0.0546162867403053,0.0363282188373919,0.0597121007577833,0.0658452831194014,0.0535195806226677,0.0536141547956301,0.0363582758741902,0.0571574898825611,0.0633757681020203,0.0533288683903472,0.0495345307963114,0.0339124410079924,0.0530267600660436,0.0572124994838685,0.0595991613586673,0.0566678772131179,0.0355981189689278,0.0628706540778675,0.0699906590195867,0.0554129585488298,0.0539154302189111,0.0366086961584612,0.0588045289634282,0.064991155672822
frank,200,573,2.37192951891445,0.25,13.7261387646365,14.5200208045099,9.17075740460162,20.1831592389445,20.0472903237713,7.82621069417859,8.22106645256375,5.56022372636632,11.0383138797176,10.9708111411265,12.7596873293349,14.9778055466516,9.73367601971644,20.3986936065363,20.1724461084125,0.0247083972279613,0.0411661530527418,0.0270271705157872,0.0543216184149889,0.0516435221686242,0.0385382501564865,0.0346606086550072,0.0170682049842191,0.0516729276032186,0.0508523055307405,0.0367910768227262,0.0360488767533693,0.0214407789967923,0.0518379805650945,0.0511620377105598,0.0341965278810388,0.0349671567392719,0.0212258022549691,0.0496526655325458,0.0492108792513716,0.0364873772168077,0.0377610969547577,0.0224022927881484,0.0532728579481073,0.0526478387656259,0.0380264403446942,0.0368256328472481,0.0191424713223922,0.0547121430634107,0.0536725600991155,0.0344511654334156,0.0363157948328717,0.0218169040984325,0.051150657051529,0.05056147928016
frank,200,574,2.37192951891445,0.25,21.5586979044388,16.7847681309425,9.49199792032664,21.7311952378669,24.080521747832,11.7229143851113,9.34789992929568,5.72017570145517,11.8084719920476,12.9772023341252,20.0423207386653,17.1725022401351,9.76292699477556,21.9427451449906,24.3712258526125,0.0558077837505224,0.0449892880030964,0.02424508739468,0.0589160202877987,0.06519359474329,0.0551523647741125,0.0347693113966834,0.00896910873296178,0.0536325748778073,0.0593241799921693,0.0526177686299021,0.0394778783576036,0.0198886665225921,0.0521883683046215,0.0587051965500547,0.0538901370159191,0.0435346215470351,0.0247434695516647,0.0555518762618235,0.0614922914831727,0.0546983656173261,0.0410484156504477,0.0222987518256721,0.053947137056094,0.0606066821502005,0.0579829584635572,0.046557963473769,0.02750943106001,0.0585270456760932,0.0651767615341489,0.0537132927046601,0.041858595384162,0.0230207328715001,0.0544033622056785,0.0606205195709287
frank,200,575,2.37192951891445,0.25,11.7382710517825,14.0389544138591,8.75133093334549,21.2120755234497,16.970659284178,6.83749687288645,7.98200820685975,5.35163695324677,11.5506275062526,9.44073084511786,10.2868494358583,14.1264016469853,9.11609579463078,21.1561041373561,16.5244066492498,0.0336222271470029,0.039270392644931,0.0253577718902309,0.0579299287333582,0.0472291148498139,0.0316780755054079,0.0368234253280347,0.0219256373416053,0.0543640249411101,0.0456691116759517,0.0275203166145184,0.0390221495766239,0.025498610309443,0.0558151568061067,0.0439870078252192,0.0274423713997386,0.0329195753691274,0.0194790743527881,0.0505274984957315,0.039610931456973,0.0242379086860242,0.030415439396168,0.0176874118593865,0.0493629420864624,0.0354524334584928,0.0336901774092734,0.0398344911560032,0.0268220214797165,0.0570883715038411,0.0468950729948236,0.0290662447710389,0.0355302593839653,0.0217734937554211,0.0536411938142935,0.0422008493421495
frank,200,576,2.37192951891445,0.25,31.5195308759864,33.2328179162536,22.7200394367176,41.0068292498707,37.7471944557368,16.6790636734223,17.5313030605561,12.3016633267166,21.3986730762584,19.7771599583605,28.9559713802106,33.3674040488395,23.015602464912,40.8193912583696,37.2758051199604,0.0835233166564616,0.0676673271987857,0.0349307806207306,0.0951829190426911,0.086669404826504,0.0734460235994201,0.0840009700234606,0.0594989186071246,0.104398774118892,0.0900019722704023,0.0704071887254368,0.081027457416067,0.0556539433798978,0.099457268188924,0.0916358651843296,0.0772379735730875,0.0814168872326262,0.0544624756078527,0.101538378427158,0.0923103631896618,0.0790988653788768,0.0855218008559536,0.05884488023691,0.105406130161965,0.0961514466605098,0.0830058770093177,0.0812499086107168,0.0351906716447125,0.105479604899625,0.0983346609031339,0.0767698706879717,0.0826870292075394,0.0558212493672665,0.102136981048044,0.0936164050111956
frank,200,577,2.37192951891445,0.25,43.5952923175931,31.2782277903982,17.4582992400216,41.3780680141391,39.8583102584298,22.6869413116855,16.5589689014677,9.68395007033655,21.5831824212012,20.8279173530959,40.4428858883311,31.6764163448849,17.7188360060793,41.346764281585,39.4991679534283,0.0871611428938115,0.0567918855430756,0.0227560626189488,0.0877630691588489,0.0654535764804162,0.0980990195112244,0.0784330913550963,0.0441574757079066,0.104095782468578,0.0981814358373051,0.108940136433382,0.0755925703561348,0.0387605348561211,0.103339010735788,0.0980208645801567,0.10837936153816,0.0767745551973063,0.0415545338486462,0.102542053794471,0.0980062331069667,0.110768420206614,0.0781852763430284,0.0424959167478542,0.104182614766461,0.100249653170555,0.113890064366056,0.0827337885094375,0.04859150558381,0.104578867817651,0.103485196087826,0.106995694316191,0.0766559454855967,0.0412415084865702,0.102939715621565,0.0972112391972919
frank,200,578,2.37192951891445,0.25,27.917523095141,18.8806387607439,9.60255335706345,27.4967889257049,27.6660179000008,14.8870476023532,10.3906631906074,5.77501040277885,14.6769900040268,14.7616230073031,25.9089735607725,19.5005676476007,10.2251438662315,27.610682387266,27.6464562310924,0.0565725827034302,0.0409474266618418,0.0191177173404717,0.0604261277919016,0.0618989778609007,0.0716457831499386,0.0497827398961542,0.0246150536954055,0.0721822165657099,0.0717882146125463,0.06696511113904,0.0487176480462037,0.0249790199683423,0.0696036968210311,0.0698039867662683,0.0648174079585695,0.0440040061257772,0.0216645270529279,0.0666448089484011,0.0638716675541474,0.0710648812915362,0.0456489821159275,0.0213920508680244,0.068644660165387,0.0668578644147236,0.0724250711832955,0.0446831331956362,0.0220950140306184,0.0717079539519867,0.0686381726125369,0.0686280192981097,0.0470477914544154,0.0235339773223447,0.069094189231984,0.0686169640975449
frank,200,579,2.37192951891445,0.25,11.0611725082713,11.0272774513949,6.10510189192696,17.4341330027389,13.0897432967215,6.50059300726463,6.48415160899723,4.03595014025457,9.67101393273964,7.51021973520194,9.83058307701826,10.9781053764285,6.06144412227412,17.4391391006123,12.720107427192,0.000745758498363245,0.0319387789705684,0.0191438558612169,0.0451328272505324,0.0263556911954292,0.0259585767647054,0.0289368784888565,0.0169906948516043,0.0439582406661852,0.0334742409193658,0.0287111651342719,0.0266502258633844,0.0133041616194872,0.0439811588260542,0.0320264306601585,0.0268907099317693,0.0250526174796174,0.011881111590556,0.04227052708521,0.0290336394523294,0.0255210200215594,0.0249471509550374,0.00966944233509447,0.0421954651924155,0.0303657718778008,-0.00105719166128729,-0.000705709509246204,-0.00596427031869268,0.0180881255444692,0.00835306358669572,0.0269543484207099,0.0271014369122255,0.0141901147428992,0.0436559157044327,0.0318750008184986
frank,200,580,2.37192951891445,0.25,22.9817245637587,22.0875593731177,12.7744792078812,36.2701708232644,30.0085795199344,12.4313055957425,11.9860302937621,7.35322382909975,19.0416481936684,15.9269789321791,20.5847805478573,22.5071657361451,13.4568501744833,36.4952854789883,29.443538302769,0.0497909470806516,0.0581459117885242,0.0349436168008785,0.0920708913621266,0.0749777306515421,0.0572251030311459,0.0538152450985684,0.0256415602164424,0.0931308466825121,0.0735666157807239,0.057477162240916,0.0565752310659235,0.0340982604777672,0.0915594626128342,0.0739050440060469,0.0572333772566203,0.0548598753808873,0.0300833244699894,0.0900086569818392,0.0747565584920655,0.0578586367292821,0.0528794908026421,0.0268702985592013,0.0924705545210585,0.0726344367871176,0.057196352860735,0.0599882622629332,0.0362763637461995,0.0946519891515584,0.0793960335734539,0.0565337214029002,0.0555855690470062,0.0313582619180437,0.0916586130290774,0.0749344580767361
frank,200,581,2.37192951891445,0.25,17.3506122235304,25.5727810060383,19.2224407078003,30.4530390795331,25.6128064452127,9.62959087768447,13.7203666069524,10.561566323963,16.1480516019099,13.7405242678697,15.33704721264,25.3392064766646,19.2934154258607,30.342254548627,24.5591631506834,0.0339301672376817,0.0582771932624237,0.0412416244481793,0.0744229810782371,0.057226383931627,0.0434432400268982,0.0640601372446283,0.0453061062477972,0.0764292426546699,0.0640478902805173,0.0454785338787635,0.0645147998331744,0.0484613124973665,0.0772603911818776,0.064142090934306,0.0434968102155308,0.0640297737151344,0.0467933243601419,0.0772162669510488,0.0645706962686573,0.0442078595764384,0.0642119539852295,0.0468188036663678,0.0781753049211773,0.0644076905493104,0.0295496474099776,0.0594841182121407,0.0448721761959897,0.0716123007972276,0.058276382759737,0.0429309932811284,0.0637504042414066,0.047273578926311,0.0758318924884856,0.0628705344077892
frank,200,582,2.37192951891445,0.25,12.5792411722571,11.4356352800783,6.17042617457416,18.0850593420778,15.7880290558049,7.25628475389224,6.68670810103647,4.06727515668823,9.99503805381479,8.85239673014539,11.1460067250891,11.7827125264728,6.79554402442466,17.9467965661293,15.4306681081854,0.0363565345064989,0.0285508789221627,0.0144121419067825,0.0488599384767416,0.0425913017896491,0.0199148100645657,0.0246664776509046,0.0132498535219337,0.0382320860423232,0.0303194447323414,0.0327694325708639,0.0303836521060551,0.0169081199051117,0.0471655134963742,0.0399276248508502,0.0304818602887973,0.0272132057192391,0.0139451841343856,0.0436778814260549,0.037453843644972,0.0287973563897663,0.0303161111907603,0.0183552495622692,0.0452781785379865,0.0392265791625619,-0.0255433388353901,-0.00394541724505889,0.00172394075620691,-0.0263449080228662,-0.0036944137029542,0.0298587025127178,0.0284767373804057,0.0153931899267157,0.0448171767306505,0.0386125508373026
frank,200,583,2.37192951891445,0.25,17.4874126592271,17.9621799277195,10.9987690246296,26.1981539486778,23.4926480652241,9.69741333996042,9.93366036846164,6.46966973503601,14.0310473112925,12.685207191191,15.8943508680874,18.3010822771082,11.5905510318542,26.233326594974,23.200979971736,0.038245971712782,0.0499017014623814,0.0313639715955542,0.0704121804260167,0.0622517456356344,0.0431507992496076,0.0451061612900911,0.027646322366162,0.0657374217712305,0.0582193275784762,0.0396167765395626,0.0407120840588764,0.0248045616264828,0.0605588944588451,0.0507590942380332,0.0433815262899209,0.0442434240414075,0.0264080346580514,0.064174545826391,0.0571797281779627,0.0431769494324034,0.0446968027936633,0.0260656580246295,0.0647968318990922,0.0590791525507758,0.0413707341444839,0.0496385645250909,0.0324841430532089,0.0704909320928136,0.0633675320956898,0.0441714001573742,0.0449955678948561,0.0270355389945211,0.0654591422165616,0.0586212262509115
frank,200,584,2.37192951891445,0.25,8.31776354704516,8.72696963187408,5.36566912440087,11.0297634808943,8.83626890044914,5.13643788001121,5.33961112880347,3.66740516079311,6.48512837844276,5.39474898717141,6.82886402681329,8.61925058283531,5.53340401039595,10.7948944523967,7.72758987273098,-0.000727017321983094,0.0129795569635874,0.0109400119354893,0.0162464536681966,0.00016898843971018,0.0136700194472192,0.0235127527934776,0.0124141929444709,0.0280826561749004,0.0207952899198445,0.0181076339900669,0.0190974186129306,0.0101293617756369,0.0261837612886739,0.0194754520798178,0.0194040789639983,0.0216273966726322,0.0132537880085315,0.027181820929759,0.0208364522065456,0.0169604613309006,0.0162522666934171,0.00744802693744036,0.0237443817777351,0.016028700208669,0.0134560344040601,-7.27001713076936e-06,-0.00693913224552971,0.00532986123378953,-0.00299635992792589,0.0192184012349808,0.0214658433091308,0.0129297554749439,0.0274718660866333,0.0196286180306856
frank,200,585,2.37192951891445,0.25,21.4456860529058,34.9258347413052,27.8226206292376,41.8754597277503,38.4290451263511,11.6670345700036,18.3728381728864,14.8393301851722,21.8304894282423,20.1159179440366,18.8561473809922,35.100169180787,28.6512274750348,41.8961954437781,37.4754657718969,0.0538029363391432,0.0923035702334423,0.072594471999313,0.107186747836336,0.0998517932215911,0.050337420252431,0.0809456597309492,0.0589709137619977,0.0981826148916092,0.0940208328607881,0.0561034266337779,0.0885648612568467,0.069420876758574,0.106094499028258,0.0975713909341714,0.0527979981222117,0.0883699148246269,0.0697952277185944,0.105428195041224,0.0964597109489778,0.0516560142239785,0.0881655731575347,0.0707639457281231,0.104070014611221,0.0943448674919527,0.0572574179503031,0.0922020003249008,0.0745517792589385,0.109560549430751,0.0987085189497153,0.0527945615635958,0.0875087218860839,0.0686932767121242,0.104674514117062,0.0960615831253047
frank,200,586,2.37192951891445,0.25,23.6973963955662,11.2903910564513,4.07103026672259,16.8850579543635,20.0051289182246,12.7864451785666,6.61463246800629,3.02340763243396,9.39743964368683,10.9500167209172,23.1730542889004,11.8426006111626,4.20801029921278,17.164845283099,20.6667599659386,0.0468750822358389,0.0331594460580473,0.0108762717025118,0.0448768931387392,0.052782711428315,0.054807651304343,0.0230877590232532,0.00706430736996773,0.0394034081652582,0.0413532639074799,0.060481980861039,0.0273569765581156,0.0083526984803527,0.0423021912837339,0.05067663719759,0.0607179319784527,0.0277985832887507,0.00801803182474408,0.043129142680438,0.0504485099717474,0.0592141089467798,0.0263007272867118,0.00882495971687981,0.0408572772119187,0.0475861169802355,0.041040133464198,-0.0306744625755077,-0.0277695449303667,-0.0124067247169392,-0.0144325224333438,0.0593761427107792,0.0283135880370319,0.00999411691174562,0.0427943583423001,0.0498126428619155
frank,200,587,2.37192951891445,0.25,21.2419490139518,13.386278056652,6.44039500031505,17.5342785542273,17.0581603699137,11.5652059627999,7.65798476369946,4.20268300529641,9.72118079104305,9.48451982174956,20.5227302341181,13.4069167079136,6.17528811481055,17.2669428522324,17.2468795877663,0.0577877965384501,0.0326099771637666,0.0142347693698217,0.0461132573903538,0.0419253676098729,0.0440774720643706,0.0369487481641815,0.0195893857995579,0.0415092889538012,0.0415353587480826,0.0549413398294729,0.0328409259097548,0.0123309764869269,0.0462902285379902,0.0437071463464304,0.0536607619228725,0.031922489697076,0.0141140630573978,0.0436231729744252,0.041505511425002,0.050092852653344,0.0307830648294448,0.0143392606730232,0.0406493760043015,0.0382721536629663,0.0575145119729526,0.0232356823067484,0.00653330920430931,0.0414305290767435,0.0324755973325159,0.0528283101079491,0.0317227812596363,0.0136784521025518,0.042927937417828,0.0408733711793302
frank,200,588,2.37192951891445,0.25,11.8059147853344,24.493986396978,21.4250460710786,25.8154577405193,20.5992815282224,6.87198055009544,13.183736245108,11.6570962631262,13.8411089531056,11.2468416962315,11.4617948054178,24.6907541258722,21.8345794353659,25.523285026082,19.9846419168935,0.0235368466482398,0.0656296420171181,0.0581940539310908,0.0666318127078072,0.0506765531641199,0.0335027483855713,0.06431359420771,0.0552009328291335,0.0685970796733611,0.0533219653840355,0.0234893068706111,0.056823739126293,0.0489380279503286,0.0591765133332148,0.0419843110751655,0.0289646769687584,0.0622073183866426,0.054055612734629,0.0655738817042274,0.051587833915572,0.0286675156150238,0.0636640699155329,0.0565615647685009,0.0647165447737241,0.0515677184697629,0.00840249130186509,0.0463940746708211,0.047654551290752,0.0430400283863849,0.0133930403311416,0.0280714098675294,0.0607901211385811,0.052531117374092,0.0646051504698348,0.0497123174469799
frank,200,589,2.37192951891445,0.25,16.0095632980382,20.8558745015547,16.0207601417544,20.0316482707638,23.2223807045623,8.96165976959177,11.3730612543985,8.96763830918374,10.9632479223798,12.5509099012672,15.6857696738385,21.4384594880865,16.7231566798513,19.9896625488423,23.3213922798086,0.0373285923700844,0.0564230508380287,0.0450517177280804,0.046012145863284,0.0622914626460582,0.0424019147208635,0.0507604881444239,0.0370750543096794,0.0498372755909412,0.0558578010638634,0.033674929691673,0.0494308180504726,0.0398938753743967,0.0431582615464085,0.0513228512410995,0.0418745629920815,0.0522063911532803,0.038817652281259,0.0503973823895811,0.0571636201431398,0.0398611649351071,0.0520863241294711,0.0403527259966746,0.0473476731887495,0.0571709949535921,0.0450111894576984,0.0570919691153355,0.044925301834689,0.0548832593904629,0.0628572360397721,0.0415020093032407,0.0528004744395301,0.0404548909210563,0.0503988337128379,0.0579046489986025
frank,200,590,2.37192951891445,0.25,13.1931983537808,9.91442499054278,3.83027149545,20.8410449929153,16.6956236063277,7.56115595709698,5.92976372442048,2.90310369652869,11.3658253641354,9.30382224791619,11.7597792754761,10.3864888948355,4.50396074087156,20.9485504103221,16.4383073250634,0.0374086414324456,0.0243359186622732,0.00914586063149513,0.0542088698380708,0.0416939052446868,0.0271507482868107,0.0166732261998305,0.00526504842262098,0.0408656601963865,0.0320696106606117,0.0312946880086234,0.024939068903541,0.00999298591456744,0.0516234008907061,0.0386326945890782,0.0336643733760274,0.0256861486356778,0.00978903606500663,0.0533599295858242,0.041247512739946,0.0346545746911517,0.0282870149771855,0.0126334590184157,0.0554818968536635,0.0434772879906873,0.034014537806316,0.0184017027189958,-0.00016722987327021,0.054048538346472,0.0395916314609304,0.0328902688133462,0.0249959685097079,0.00930311909101624,0.0521894702618725,0.0411164459828674
frank,200,591,2.37192951891445,0.25,16.5115772616379,17.5384142395269,10.5693612626244,27.648329226063,17.900305815903,9.2135090652369,9.72377423456138,6.25683689102391,14.753327348397,9.90433977220143,13.5324064453489,17.2165331504801,10.8336630066595,27.1053638657468,16.5712436370789,0.0289991482710156,0.0169702727136501,-0.00134030834154322,0.0585734779390641,0.0162591673906025,0.0329563001743019,0.0440829339143433,0.0270490448590714,0.0693723944439493,0.040428823743605,0.0337147778352022,0.0360196546181728,0.0186441585671363,0.0630917312372218,0.0324993945010928,0.0370983787357766,0.0417342446493714,0.0238932915064447,0.0673864389211409,0.0414522634376119,0.0393223243098118,0.0399181121912755,0.0210892648788369,0.0664354258460003,0.0390950964549727,-0.0362977087209491,0.0207542510317441,0.01723595832439,0.0377312187314232,0.00311167667321155,0.0392394808201754,0.0424864977509947,0.0246467169266174,0.0681558712343628,0.0425906510360203
frank,200,592,2.37192951891445,0.25,21.4274672824637,18.8227469570273,11.0303501796264,26.031031993431,25.5583902147348,11.6576284466382,10.3616409287072,6.4850357299046,13.9478217784164,13.7131528405921,19.7508505246553,19.3167099250164,11.6243654750873,26.1210440111185,25.288430661583,0.0571936467004189,0.0517509812598924,0.0323014173355158,0.0700659133396153,0.067844016544244,0.0514987889051466,0.0363138549954288,0.0117293867292017,0.0586617644484522,0.0569995496963348,0.0533233555012641,0.0404222281173186,0.0196079157538202,0.061086242124854,0.0583345784735182,0.0545966840322128,0.0477292877809106,0.0279628224779064,0.0650797506702694,0.0634218869599973,0.0525169155578569,0.0467875690534975,0.0272422055053846,0.0649961854415362,0.0613844415868962,0.0566838282374746,0.0513037573075746,0.0276459303524834,0.0694024398387342,0.0687902724993803,0.0538441846616164,0.0471285384659743,0.0276053895581645,0.0648891755567546,0.0629092771837076
frank,200,593,2.37192951891445,0.25,22.1196666762566,19.8047715525037,11.013479059877,32.2118243281981,26.5742367583098,12.0025718489177,10.8503000357178,6.47677003775455,17.022817030871,14.2194360375703,19.5437943967882,20.1569143156629,11.7460746685286,32.2891044624917,25.1242322812804,0.0479956861894428,0.0489875157690433,0.0292162739927982,0.0774085623410846,0.053270928140944,0.0521893535467765,0.044743343802886,0.0228291217746047,0.0762964225374013,0.059576707011425,0.0555990990681326,0.0485992121564017,0.0263951971251568,0.0803559916813786,0.0648178050245085,0.053680012948467,0.0476026415933508,0.0255205631540197,0.0783176791249097,0.0622813592338419,0.0566802055793775,0.051092221830079,0.0287936601294722,0.0818782309427948,0.0644656281562544,0.0366975512465195,0.0380772174705597,0.0173848705498723,0.0781294589719887,0.0523535275349805,0.0538169027852683,0.0493500030240935,0.027151123333759,0.0802039526810717,0.0634218527048509
frank,200,594,2.37192951891445,0.25,15.8743722187556,30.8834678577958,26.7216438311231,30.7058516871012,24.6098615916551,8.89532517124767,16.3629377772987,14.2929725120544,16.2741227401999,13.2423488541392,14.0207480502461,30.3659876102838,26.6378975197866,30.3430785186751,23.2559764334371,0.0432599726149602,0.0822086431312395,0.0717818663552143,0.0817392064884344,0.0594942552671449,0.0422560321399367,0.0773422841853946,0.0641380996990682,0.078259971973483,0.0619129500206918,0.0334094544158003,0.0764532947958332,0.0658709500868462,0.0751431052377344,0.0579435527244005,0.0358635496132592,0.0743528528611338,0.0634597856129017,0.0745803219986137,0.0569435307481709,0.0405980304695432,0.0740017809026586,0.0611590891953132,0.0750239401813753,0.0579243271738152,0.0402467535903233,0.0788605623872982,0.0592340401595846,0.0817615578003121,0.0624414067465777,0.0394869944920737,0.0756201101137161,0.0638412353070239,0.0760329031241623,0.0590560227582821
frank,200,595,2.37192951891445,0.25,21.9822806724425,15.6238517357533,6.70661842592694,29.698972946814,22.1478139836569,11.9347492269194,8.77098826823238,4.3350427588039,15.7732332595804,12.0164712197827,19.1311122363209,15.6420630365185,6.91965529375052,29.4019050753483,21.6538813485664,0.0554017005095768,0.0297348584303891,0.00498028427392998,0.0731258685000367,0.0534409487132435,0.0554660402858069,0.0391966681158659,0.0165101920843188,0.0756297577066115,0.0565090472458289,0.0547576192687907,0.0369913516029794,0.0132762828870748,0.0726182523777929,0.0553794883623633,0.052885288854592,0.0384626518807859,0.0151319561486663,0.0742201163336376,0.0551710573262653,0.0470543041872955,0.0319536087049416,0.0102759763057492,0.0670561356853029,0.0484327815930327,0.0297513241098046,-0.0338104483125501,-0.0600554317377433,0.000112267350189059,-0.00220486299305379,0.0522400980730421,0.0385695904239966,0.0152293558511332,0.074597614253547,0.0547991184924722
frank,200,596,2.37192951891445,0.25,41.0257177231763,37.6721122103929,23.355317307789,52.8411764598358,44.4429412921545,21.409339564764,19.7398007823062,12.6173439717126,27.2864088003692,23.1089778144499,36.4075593322861,37.8501431098176,23.9427187972627,52.5856866434133,43.1026210507092,0.106678616202958,0.0947479756388619,0.0545373158490517,0.133300294175966,0.115706768080175,0.10512898001854,0.0972040893840515,0.0582615056727136,0.135562415078648,0.114403807092281,0.101688847152635,0.0944390944742705,0.0574535360911311,0.133077033520945,0.111191658092983,0.100637669635839,0.0938905192167546,0.0577038341609414,0.131194273745897,0.108810164152224,0.0985641356883182,0.0916710892046331,0.0562676423803708,0.128135954389886,0.104674845341353,0.101883139258558,0.0990401775508745,0.0605216019859292,0.133149131870877,0.115942676033972,0.0999314924952317,0.0939465631920456,0.0578251929618339,0.131881303487839,0.109390183176758
frank,200,597,2.37192951891445,0.25,20.5705532713176,23.8611840101628,17.5382276705024,25.2896167812506,25.6086561838694,11.2319347319292,12.8685985309703,9.72276232645889,13.5796650094442,13.738557401772,19.7625800844557,24.338157010574,18.2189251086097,24.8663717683735,25.4483571543408,0.0563203040852352,0.0602111007271017,0.0390896143899982,0.0659242370177294,0.0679526351314124,0.0532950279341403,0.0625301758321976,0.0448016610560376,0.066964583452991,0.0671320095988437,0.0422448853937216,0.0557183154799624,0.0432127786807633,0.0565590004721278,0.0571248672311115,0.0505469053628606,0.060305770100588,0.0443661531817664,0.0626915845696671,0.063811571373066,0.0502963754101508,0.0606269241177624,0.0462838922921078,0.0636237245484272,0.0631182458378586,0.0510650224723288,0.0622110226099327,0.0405717106027714,0.0658667186913548,0.0689795268541447,0.0501079185543291,0.0599492086804678,0.0446630722026573,0.0624849078723696,0.0628207625093541
frank,200,598,2.37192951891445,0.25,9.43243597328694,10.416344747122,6.74537186119753,12.5454081661385,15.6438646912486,5.6896932198474,6.17904674534824,4.3529288690745,7.23834233826668,8.779676531594,8.83865257302953,10.9610171228988,7.36420394634629,12.9023784418861,15.9292101792653,0.0219620549747734,0.0261830696248331,0.0192733655535974,0.0335128811195757,0.035715497164669,0.0278704991692928,0.0293383238102925,0.0190747591855087,0.0352113262124313,0.0429608081603424,0.0222624293897781,0.0237348924556087,0.0155709124541321,0.0274330076634883,0.0354064295426405,0.0243761497991446,0.0267789902113973,0.0172134419168102,0.0312516341776563,0.0399335394368352,0.0266353722551568,0.0273213292983758,0.0167948268378842,0.0328043005225372,0.0417448933911444,0.00633615462476607,0.0040647929363319,-0.00362816825230343,0.0199521504902732,0.0170863590201454,0.0238307142219627,0.0269938789435204,0.0173503344588966,0.0323156044282066,0.0401333402618193
frank,200,599,2.37192951891445,0.25,6.90175937910581,11.1709822141513,7.63266712406974,16.6614767309094,13.0261421196765,4.43121349566294,6.55524937077277,4.79539474232734,9.28664538968513,7.47798368672265,5.87616080097395,11.2113810885371,7.91512361694178,16.6340280881857,12.8160040333059,0.0189922443967396,0.0273348105403328,0.0070406115219042,0.0465530507991665,0.0362994355411877,0.0189587030459195,0.0297852034078367,0.0200020011496014,0.0427057490552813,0.0347088222451104,0.0189478570735631,0.0301777205743535,0.0206228953638138,0.0439703730786509,0.034931935148084,0.0176180379699802,0.027355182815111,0.017376103873424,0.0406905769915843,0.0323498749828321,0.017070127910004,0.0271659851084998,0.0171586312258128,0.0425258184048175,0.0321342786503023,0.0197781425038924,-0.00229793967248465,-0.024624046676323,0.0271143105979767,0.014399510830306,0.0170318599058568,0.0283242599142042,0.0189001933867099,0.0418762570709343,0.0329108863424207
frank,200,600,2.37192951891445,0.25,20.6947744562992,20.3974706684356,13.2940371494711,24.8872365191798,22.9153360611977,11.2933782935559,11.1456899214839,7.61199460491723,13.3790642958505,12.3987808652934,19.5571001155055,20.6463546993982,13.5263156383089,24.771605197943,22.5960787043721,0.0545694260324746,0.0506670106296014,0.0309413520909689,0.0660063334295177,0.0581637259010671,0.0541195343190038,0.0505139416116697,0.0313967807840832,0.0634240281400311,0.0561781034991847,0.05067768268552,0.0481316102777697,0.0300335194352711,0.0591434120828117,0.0542643650271823,0.0505985792760814,0.0492443333528588,0.0309632476192052,0.0621529233087408,0.0548108971778082,0.0531748699430006,0.0511989126417284,0.032519339835063,0.0624293451786107,0.0562104626204802,0.0512653953462135,0.0536027863547921,0.0299505655203368,0.0670808619012779,0.062121921444553,0.0515796537020108,0.050718432283758,0.0323635791091383,0.0625917225600012,0.0561167929651212
frank,200,601,2.37192951891445,0.25,8.82106203930215,21.45208146789,18.6211586665324,21.9789383315142,18.8259874307155,5.386323524398,11.6700778398919,10.2618984218242,11.9323780575188,10.363825031598,7.36681294888142,21.2900239552133,18.9946139952599,21.7192461929399,18.0336351503406,0.0269676098080226,0.0543442856522107,0.0471332465997534,0.0519943378939835,0.0487848034560754,0.0228572047447226,0.0525569094649021,0.0444019829716928,0.0557983877983137,0.0469838415199167,0.0205948202440779,0.0505053683154127,0.0428173868612607,0.0538765551099358,0.0418380277633008,0.0225353265274415,0.0516059723784054,0.0427064135857127,0.0543063659650301,0.0458318597408124,0.0237876171951385,0.0526973654290249,0.0428659009393523,0.0560386858117244,0.0479227713012552,0.0247562259903135,0.0580836475114942,0.0514657642933742,0.0588775612497755,0.0502891984296377,0.0207817905368392,0.0534315089071852,0.0463942363098984,0.054057494822614,0.0458878204472623
frank,200,602,2.37192951891445,0.25,16.5846684817434,9.70549425905799,2.46097092035829,23.9276629683208,16.4288434444473,9.24880263715977,5.82642785304117,2.22286733634495,12.9014345440331,9.17127694329029,14.5575007517819,9.90370629784118,2.62978578964741,24.0739677998776,16.0415695374181,0.0454397959020259,-0.0229778641574041,-0.0466860905104326,0.0225300400553896,0.0279307333525264,0.0451390776181628,0.0267742162713744,0.0067009544388947,0.0647083838493641,0.0443939223885622,0.0326186831104245,0.022704144003864,0.00394147583341258,0.0579612370054488,0.0345839498159682,0.0406737092333865,0.0233704951414472,0.00470334688951959,0.0602629109382056,0.0394074012759679,0.0410357324477715,0.0240825837412585,0.00595614319368817,0.0615812230110806,0.0408124889577097,0.040380317905938,0.0277819037133377,0.0108254323811304,0.0585290735613551,0.0398747824688369,0.0400909409284919,0.0241562178047441,0.00476027188533461,0.0605524040949572,0.0408333058895938
frank,200,603,2.37192951891445,0.25,15.236347398231,18.8993597867109,14.0028430521085,18.5056755966414,18.555615771736,8.57754222455849,10.400473688656,7.96483890515211,10.2043321119631,10.2294712136904,14.1470869136402,18.7715702076339,13.922086744011,18.3036148836359,18.0533875443998,0.0429426949823316,0.0336013566693214,0.0091997288889983,0.0415562457404646,0.0480087153632786,0.0418253253408586,0.0509867372902561,0.0384002172463663,0.0505539849020775,0.0509384984056174,0.0365202349997794,0.0418035332886296,0.0292737615998022,0.04041394698008,0.0423229032977457,0.038128639632696,0.0452065948104722,0.0317832926184855,0.0452434267305846,0.0449851760755057,0.0379950626433424,0.0435496537748738,0.029690283836462,0.0458981596991244,0.0442246073243398,0.0383787303812589,0.022689077953584,-0.000128891455174183,0.0301216309258934,0.0179083648478079,0.0378951957098037,0.0460726819568933,0.0328387707186442,0.0460992437111448,0.0451499837294957
frank,200,604,2.37192951891445,0.25,13.6821628625692,25.3698111809304,21.2125067049432,26.1097193070254,25.7874419922175,7.80405934707732,13.6188556264423,11.5507671035734,13.9873694580164,13.8267432363228,12.555026393186,25.5435452924856,21.8047318413804,25.8610901960347,25.4804581807255,0.0186743702371545,0.0661860744958448,0.0580213907604934,0.0651821066323885,0.0648239807050748,0.0373607887559284,0.067687760931366,0.0572353633299786,0.0682995053465213,0.0687072477047549,0.0295504176223255,0.0656760165391265,0.055122299702139,0.0648519175830454,0.0643427920414117,0.0342900775534027,0.06259396555366,0.0522750995695989,0.0631165192702301,0.0634723172252592,0.0362067519191804,0.066517683047218,0.0548127312727415,0.0686552417042157,0.0677907295911324,0.0376714121414365,0.06831414718495,0.0575762032586103,0.069803872872106,0.0689279989947871,0.0350563467484326,0.0632462181508422,0.0524107100944999,0.0644915664254431,0.0643557589823876
frank,200,605,2.37192951891445,0.25,19.875793912764,17.3749561332972,10.8371774003209,20.5738402092973,21.243086636955,10.8868420573119,9.64167525229641,6.38898125803959,11.2334637954013,11.5664208329048,17.5456450462275,17.5810236998757,11.3719672753699,20.2104003357334,20.7653274872163,0.0380370370391678,0.0392720318891686,0.0286691162392336,0.0467806045575278,0.0479377849128289,0.0480615708873404,0.0372445706614584,0.0223595150995614,0.0467968742026375,0.0478559026152899,0.0474578743901694,0.0438912960807977,0.0273854227752786,0.0499747448162068,0.0516553250681457,0.0478213268444756,0.04371625370257,0.0275037788298547,0.0503583643475279,0.0528715543039568,0.0506288352587271,0.0430396193305348,0.0263004252611198,0.0497853779147274,0.0522306291122884,0.0496661680681908,0.035446195293796,0.0149810983557121,0.051108214796537,0.048549322010704,0.047459165410896,0.0443307918659463,0.0282890848168972,0.0513075968684754,0.05311270281641
frank,200,606,2.37192951891445,0.25,26.6033936265697,14.2856385855106,4.82923647364578,27.8522889054665,24.7913226567224,14.2333049369434,8.1046626850101,3.4003417773213,14.8539120442656,13.331435763874,23.8319532988308,14.6984677096906,5.35260483338451,27.9822746877841,24.1911207524706,0.0411130737831733,0.0335142287365366,0.015257756108527,0.06685017861169,0.0417327041061355,0.0559664768674159,0.0356505845356313,0.0108665232264301,0.0683534939585361,0.057303376229323,0.0644847964244549,0.0373869964056643,0.0138846965208417,0.0699237214424437,0.0618772960833289,0.0631516515676514,0.0352172507918682,0.0120067642215358,0.0683405958807973,0.0607059975542605,0.0645237761377332,0.0330443806611127,0.00833701332244966,0.0680619553504129,0.0594772783298299,0.0710445853660983,0.0381279772358444,0.0149944349439315,0.0725977722302,0.0645100328995767,0.0652557101189547,0.0354105433843113,0.0113226200980673,0.0694337286164174,0.0611298752217973
frank,200,607,2.37192951891445,0.25,33.9726858508877,38.2870029982761,26.6622822693869,47.261932068064,47.2362054378478,17.8984731215784,20.0450399554484,14.262298215967,24.5098421921467,24.4972440202656,31.604819124122,38.9025287472164,27.4176545791855,47.5987401410856,47.1950326660064,0.0845788666339876,0.100697700738417,0.0714929783973183,0.12315482471848,0.121335544598444,0.0888731332340407,0.0902149553812669,0.0601546944082233,0.111334791376892,0.112996784276329,0.0847209347501925,0.0991628705402831,0.0702236550473503,0.120482843848671,0.119880097453445,0.085838499076472,0.0956197448355643,0.0648668346613711,0.119787200467658,0.118400123939108,0.0855372827534474,0.0945496772300789,0.0641811298186758,0.118383848418313,0.117497443961636,0.0899102191700099,0.0994427786237339,0.0700341690492879,0.121323451172717,0.119564247456564,0.0859271043930708,0.0960487493380325,0.0655841800358511,0.119247468462006,0.118802657419201
frank,200,608,2.37192951891445,0.25,12.1283064903032,28.5291488503699,24.9733330963794,31.0851154743963,24.7666590554886,7.0327360874602,15.1909449129772,13.4219068070331,16.4629323605556,13.3199084007112,9.48114166426945,28.2677259072691,25.5763136083964,30.6539947141875,23.0825984456552,-0.0267956890647713,0.0534690174886002,0.0595155526697766,0.0433113569654982,0.0197950798374209,0.0333894575942902,0.0724687945043688,0.0621780522623832,0.0783110563413077,0.0632906669447836,0.0321393476500591,0.0735221146346046,0.0636472648699249,0.0800262982519456,0.0641484331184747,0.0246522812795392,0.0708537834453848,0.0620320161053641,0.0760936592088129,0.0588287842237548,0.025950280061229,0.0674273621215555,0.0589110228193962,0.0751834866386206,0.0575743849027805,0.0267983768482442,0.0753392793047331,0.0638527077928295,0.082710783127841,0.0669150202107285,0.0283402236045753,0.0711355542062703,0.0624006571661093,0.0769576418820764,0.0601696304432199
frank,200,609,2.37192951891445,0.25,29.3274056472697,22.6236358613143,11.161293292752,39.7816083666834,31.7650284154703,15.5880919365359,12.2530143000774,6.55080403707328,20.7889862688637,16.8014171033119,27.2376761263984,23.1968176900699,11.8330394212465,39.7616918368387,31.4652419014531,0.0760565379389321,0.0612943907643289,0.0328317881118701,0.104047944948322,0.0841740684122771,0.0755391888329547,0.0575681996853253,0.0295000188986474,0.0985130329111893,0.0802180138642743,0.0689486997656005,0.0575421151348992,0.0276418704231079,0.099241102657305,0.0792921877899321,0.0739880743080216,0.0562003242291735,0.0257847667253511,0.100842254435916,0.0791022950048623,0.0694115519421542,0.0553514053326979,0.0261474272959235,0.0957829935283682,0.0751586758666867,0.0725351115486259,0.0508550993014847,0.0127449158429563,0.103768869794927,0.0806577505677992,0.0735595953210212,0.0568560584285954,0.0272519291089693,0.100185430956762,0.0786223992670148
frank,200,610,2.37192951891445,0.25,17.7805068545907,16.5075180287031,9.25940999656665,25.9273575378079,22.7438604470894,9.84304837465069,9.21031486693714,5.60534146665319,13.8959859809233,12.3122696363534,16.3694034914185,16.6950736774601,9.28488265018806,26.2279856131463,22.8986314853787,0.0443282807815202,0.0453429945853133,0.0274281897467203,0.0682957430947569,0.0616532069264629,0.042277632481871,0.0435900760439291,0.0262951721778658,0.0676226549972665,0.0582710715506419,0.0458859555068305,0.043990623323587,0.0263207102129462,0.0661724786872888,0.059878964333811,0.0458036777950397,0.0406584193118043,0.0201728563021997,0.0663498924641673,0.0578652826061488,0.0435790227324449,0.042217242748867,0.0218545333614565,0.0668213733247509,0.058525588503947,0.0428832707528747,0.0332341401038702,0.0170489475588014,0.0539886877521909,0.0514841750423727,0.0443792075678905,0.0399735894257636,0.020221360804531,0.0647410265734916,0.0565775636594033
frank,200,611,2.37192951891445,0.25,49.4850831274913,45.4195635321533,29.7931740985787,52.7490602460502,48.9694979816202,25.6172233466015,23.5946684919647,15.8209703029854,27.2406594427766,25.361363236073,45.3529172152648,45.3305152305691,29.6689267062137,52.4056039528562,47.8787050456649,0.117125557015758,0.116374842990577,0.0661426504973805,0.136802266607397,0.127392894098909,0.126929419961215,0.11675330334581,0.0774368347171986,0.133422947374918,0.12393518012276,0.120771479405238,0.109795201601839,0.0697657168430564,0.128120741633001,0.119385190353305,0.122976300261595,0.112831496624719,0.0725148011247345,0.131496877176697,0.120656232860882,0.125353638741044,0.112829202690686,0.0718363068857684,0.132566330932147,0.121430239429859,0.126656936915761,0.0799735189562464,0.0286773176993815,0.11734436427655,0.0898342544833304,0.120682307347975,0.109837621947888,0.0698104075474736,0.129078991708733,0.115422674338586
frank,200,612,2.37192951891445,0.25,30.7834959589168,31.9337471064665,21.9721125540009,40.0534199814364,38.4884787109224,16.313056299038,16.8847379150069,11.9294002491568,20.9238386509499,20.1456577262012,28.2567689509275,32.3912132671168,22.452544383893,40.2007534070876,38.3994525082062,0.0763244626618248,0.0586196193979642,0.0258787135149765,0.089110254319124,0.0857682372888612,0.0782750373633096,0.0816673537272945,0.053725319798045,0.102075322178646,0.0988543472433438,0.0802379579859436,0.0814376698627305,0.0549944397959077,0.102856922114534,0.0996928163973548,0.0736700958932164,0.0780392226595454,0.0521614003024831,0.0993814384495913,0.0945891050386397,0.0780339896649368,0.0818566174803722,0.0553863323554775,0.103214258177,0.0990424464514406,0.0815630000857668,0.0843720312934405,0.0580209260686158,0.104829411271314,0.101215854517725,0.0756109129047694,0.0793877410897961,0.0533866448440731,0.100687479741329,0.0960524825736093
frank,200,613,2.37192951891445,0.25,31.1751597619644,37.6869222520838,26.3441268033827,50.2394050426412,39.1828727508455,16.5081852559824,19.7474960571349,14.1048949787485,25.9921875599266,20.4921779554342,27.4054839960362,37.4957075329215,26.70037684198,49.8648493690863,37.8754508126578,0.080967180244591,0.0954470401763241,0.0696622951633311,0.121290011692461,0.0965830681446172,0.0751977363464837,0.0939015145212642,0.0672171046427451,0.121878142144066,0.0943359375477365,0.0792167964056722,0.0918737226036173,0.062094020998199,0.124469795483908,0.0970612893840803,0.0767791419888418,0.0957934261721386,0.0664537393394804,0.126887426243599,0.0981389609329185,0.0747910341512899,0.0943713228901957,0.066005937731122,0.125144709484855,0.0983141454569276,0.0824618478747922,0.0991952254382479,0.0707386735267542,0.130590102676944,0.102951514891966,0.0753350109316459,0.0920182895199156,0.0625566187876695,0.123964237104287,0.0949751914726678
frank,200,614,2.37192951891445,0.25,35.0653997135147,66.3425852190859,61.34386843215,56.641114576707,61.452782628259,18.4430115625951,34.0029883298077,31.5165063404354,29.1765705299389,31.5704240699222,32.3730307147453,66.4758508702781,61.6689133106904,56.4589544229126,60.751609175129,0.0480609903144352,0.14869548953341,0.148122837538278,0.0913892169480922,0.124171107281011,0.0872741876151881,0.166025729810028,0.154227405795631,0.139754373097791,0.151660049145718,0.079785452026865,0.167078081266303,0.153645437565068,0.140956380714508,0.15189769370845,0.0868949613398643,0.165551365112822,0.152270114769655,0.141671968204899,0.153707672822941,0.0841957946176131,0.15960046680799,0.14456449322113,0.13801804340989,0.148555781368736,0.0802929286269365,0.157970208247831,0.123436222403412,0.14470143040598,0.158631191011103,0.0872881536875184,0.165317835402374,0.151832776782864,0.141217857716743,0.153102164250977
frank,200,615,2.37192951891445,0.25,14.2921765950402,4.97490997127702,-0.129261551227535,13.461561101377,10.3207198439805,8.10840593655182,3.47316886902052,0.934145607620838,7.69486809779078,6.13240533967975,12.7241597546387,5.00212857161574,-0.228465811975197,13.3318572352845,10.2505965119771,0.0149674034622439,0.014938208103529,0.0042425243249318,0.0271111046837091,0.0235445425560157,0.035705830061671,0.00518074753417943,-0.00982236441375153,0.0326863342607416,0.0232734398185707,0.0324791936203297,0.0125986851391548,0.00176103877797398,0.0329975538857937,0.0247311355777415,0.0328701694501041,0.0118127415053447,-0.00154193147616786,0.032810907063437,0.0255787234263174,0.0312268587634629,0.0116841988342071,-0.00339054497085206,0.0343812077531011,0.0253619139884645,0.0339072948601229,0.0168153054823582,0.00459358597839819,0.0383504671154162,0.0307971640721508,0.0341104076568472,0.0114124142481872,-0.00152986628606175,0.03324244025825,0.0250051601642932
frank,200,616,2.37192951891445,0.25,28.8885123562584,33.9527199039564,24.5132618888533,40.2124718988851,35.1381828321225,15.3699266068934,17.889552319736,13.1939124402336,21.0033032972296,18.4802999616972,26.4523148271753,34.0154922831566,24.8256201270223,40.1312139301554,33.9133778880558,0.0771991463203358,0.0896988760302929,0.0662167618811942,0.105456761989014,0.0924754533509779,0.0642222516834734,0.0765926328629395,0.0486725548113569,0.0972811028534645,0.0748654327875283,0.0705363699142876,0.0833960191278806,0.060543023982044,0.0990402778837812,0.084056038573184,0.0700262467832387,0.0832835661020584,0.0595065307953523,0.0993057258633477,0.0837564005047325,0.073873517873292,0.0848227950608063,0.0601568843030111,0.101001992147384,0.0864579291377571,0.0772158507405944,0.0799396769741445,0.0523374694251367,0.0987044252947199,0.0843879217061355,0.070241569635697,0.0838705771381225,0.0596196494083861,0.100273720251163,0.0843013677192088
frank,200,617,2.37192951891445,0.25,17.685848279433,29.1355856395779,24.5670045506284,26.060365090814,26.7350371638426,9.79668114423668,15.4925701470385,13.2197766813461,13.962746850271,14.2991836843981,15.9832706702007,29.2453534951516,25.0829042576077,25.877431122184,25.7690621140925,0.0490171321161433,0.0748038945929276,0.0581055652314472,0.0694574880057808,0.0686788304297719,0.042117457267305,0.0662996317002265,0.0538934024489343,0.0597579413286387,0.0638050699564643,0.0390724417123317,0.0707268791214689,0.0599444084346736,0.0622634415972015,0.0619998066634082,0.0408248464466222,0.0724180132349684,0.0619683074023536,0.0632573200594464,0.0645482635875899,0.0410315777515863,0.07053787828004,0.0594860977737414,0.061869214689965,0.0618285823914253,0.0244478739734913,0.0716114887172581,0.0626347828824545,0.0676718428711155,0.0531686325115114,0.043114883788154,0.0720768308852102,0.0601489978462426,0.0642167470001395,0.0647105881257207
frank,200,618,2.37192951891445,0.25,18.1294622571495,23.2690840110893,16.4969442511966,30.3876439272414,28.7161969298972,10.0173296761911,12.5736643531157,9.20498973728161,16.1149648765663,15.2835490581601,15.8988774665487,23.5592599739874,17.1051059922259,30.6149053680435,28.3560824220708,0.0472366973755358,0.0598759644158793,0.043094335509197,0.0736838395522161,0.0713586861876566,0.0294068306769712,0.0499708684744911,0.0342082037819783,0.0649667861748838,0.0626518904287108,0.0475304131193468,0.0571276399366872,0.0390545698116572,0.0770867127651436,0.072282208557715,0.0449252964061606,0.056859342912266,0.038615112719598,0.0762254983824522,0.0714567772614397,0.04417205564839,0.0577131668351456,0.0407240921625699,0.0766188568129132,0.0711236171621149,0.0407221870791695,0.0612561913681957,0.0436757407160887,0.0808469858328263,0.0728351514149097,0.0452704526314584,0.0586258254898833,0.0403619820684106,0.0772290069733899,0.0727922860718799
frank,200,619,2.37192951891445,0.25,23.5505408726855,24.6651142761611,16.1500125377605,31.9723556520646,30.0976442323083,12.7134066658239,13.2686453950834,9.03286216406206,16.9038970787474,15.9710887009273,22.0312010169461,24.938351781637,16.5811632492855,31.8441696906171,30.1409296180539,0.0581526302884218,0.0603022474209669,0.0384907272143726,0.0798355286281407,0.0753544143816254,0.0611627451053723,0.0631629496709998,0.0419819651436035,0.0781593211224443,0.0767212939473566,0.060881203466989,0.0608740014822695,0.0383618987756563,0.0791855141768459,0.0753080166690293,0.0593925854833707,0.0616036926730207,0.0393001096553079,0.0802379270115031,0.0756852321495372,0.0602651375421002,0.0644285061930095,0.0428044854198514,0.0808263898149965,0.0775010335092969,0.0635386777136103,0.0372288611281647,0.0101748894555362,0.0610037348873559,0.0574000771862429,0.0598413443173084,0.0615355399114851,0.0395453542100673,0.0796059948232981,0.0750662328744722
frank,200,620,2.37192951891445,0.25,11.4711209395279,17.1370583717148,12.0483490951457,25.0596237926231,20.2836462907278,6.7046447444312,9.5230701161534,6.99172410419505,13.4645692968546,11.0890254214945,9.81283779428331,17.3691617168142,12.7349520952464,25.1270177319926,19.4976166379897,0.0321926800183693,0.0345800443702425,0.0067992525292384,0.0641534006434892,0.0521572099998097,0.0239990447612304,0.0451457167776247,0.0311699361944846,0.0658388775138393,0.0511885203222823,0.0286401040200614,0.0456997361491269,0.0328582045685926,0.0638751643636561,0.0532117184679589,0.026698644137335,0.0434609934798219,0.0305530166083832,0.0623964599924447,0.0496744907307151,0.02693879737282,0.044013120068505,0.0310528758895331,0.0639454102645621,0.0507097694432651,0.0147705718705272,0.0357482338555707,0.027603660779746,0.0495794449282094,0.0430220832833068,0.0285228991346553,0.0422739484566472,0.0286480682852756,0.0629132064978903,0.0497962953297493
frank,200,621,2.37192951891445,0.25,15.2396621909309,21.5731524390916,16.182658819483,25.1226757877135,24.3297005764979,8.57890650730538,11.7301239140335,9.04879860365229,13.495943027419,13.1015301973758,13.8930958378502,21.7187609382769,16.6170272502383,25.1595857427496,23.9907334197965,0.0229293454028871,0.0589222807240901,0.042041564578759,0.0636248842711882,0.0634858480566896,0.039179016522832,0.0545207446423011,0.0400362609618706,0.0657062586996831,0.0630550975102728,0.0373137520852408,0.0515892733674724,0.0385729336717254,0.0573853863033073,0.0592314377945484,0.0386317077894485,0.05538915760488,0.0405951181026806,0.0649720881885359,0.0627474898912392,0.0406126182083697,0.0548410002590404,0.0413997157647798,0.063410701153259,0.0621640775100635,0.0334128169137955,0.0589326982971894,0.0443146203280046,0.0671872261422592,0.0656090410400401,0.0391153245593769,0.0541588091975697,0.0396091559416586,0.0634024668473794,0.0609410021936812
frank,200,622,2.37192951891445,0.25,7.87358982609684,19.329787641995,16.6882389694386,22.146823901338,18.7390898333442,4.91449930791743,10.6140549693648,9.30033393882462,12.0154324487546,10.3206421379303,6.90444143903932,19.4270454077793,17.2075251349669,22.2145338636211,17.8818456403586,0.0243316374467215,0.04961088388864,0.0431661606461865,0.0546535630059743,0.0509912043720501,0.0232437507788308,0.0459490594012293,0.0352122579949844,0.0558100100212624,0.0465871740763589,0.0131233558169751,0.0403503905264702,0.0349540647889259,0.0466531153460505,0.0377910355943933,0.0197188743738493,0.0484273621956674,0.0412135943314564,0.0559786173158811,0.0451079601202046,0.020758771902699,0.0482743726404336,0.0413182878434738,0.0553693080771766,0.0458442984111078,-0.0150169660305682,0.0508295766337338,0.0465408677331013,0.0404569761301695,0.0266653101390972,0.0199938230576053,0.0485002712547601,0.0410096103862845,0.0556052781960642,0.0460144400293271
frank,200,623,2.37192951891445,0.25,5.88096009996072,5.30594860383709,2.01086209716325,11.1960608027428,10.2442177518103,3.92391502886139,3.63685796077716,1.99770583173462,6.56740792308083,6.09366730605523,4.54317143062056,5.69390404903409,2.62952447253324,11.2958262224017,10.1912908211116,0.0197003878584241,0.00116926689738262,-0.0147804095832723,0.0254521734019313,0.0251582537457472,0.0102490831299149,0.00904847256888641,0.00133999181436405,0.0225797499277341,0.0223428018489939,0.0152320396375762,0.0158382740886678,0.00783323222747658,0.0307205690307538,0.0278298920642099,0.0117543517287323,0.0139612114724756,0.00538669088245323,0.0280160889668356,0.0255308206360442,0.0136730280699417,0.0143100575372981,0.00568055000927022,0.0292479455421365,0.0268421507882004,0.00870806788883915,0.0141843196988283,0.00755030260067295,0.0224402804826853,0.0212243135044738,0.0138307628529013,0.0145377309485225,0.00590484343161918,0.0287566403374283,0.0267367071050043
frank,200,624,2.37192951891445,0.25,19.5531178014934,15.3471584211861,8.57082825892149,20.5071137289795,20.4328759389775,10.7253479911657,8.6330180323104,5.26224801265015,11.1996155164748,11.1631434553193,18.117774618932,15.5685035575118,8.72396948822438,20.6199180619535,20.3313785805292,0.0493327807076624,0.0347142771782512,0.0167276756599271,0.0536355512040422,0.046312728394862,0.0485208594231235,0.042207645462064,0.0249234502601532,0.0554231589648565,0.0539841699383301,0.0509013982747903,0.0370386985059725,0.0179580027741439,0.0527744000956813,0.0505568391311633,0.050271212591362,0.0367132455751506,0.0180128291673123,0.0516754104152439,0.0505640549319969,0.048947286341479,0.0371646262657606,0.0199370795022159,0.0510115792674662,0.0497587851581853,0.0538691069602999,0.041681259956698,0.0226191344464949,0.0554883595210813,0.0538188481530409,0.0483924523802807,0.0372952365635395,0.0193621586257115,0.0515454777917935,0.0498879284677794
frank,200,625,2.37192951891445,0.25,36.8157968822092,32.1746479358397,20.450526790011,39.803960007967,40.8066662557916,19.3139985663465,17.0045681366974,11.1719999659778,20.80022924574,21.2989986808163,34.2800303344795,32.7112950072157,21.1371314896782,39.6141659424937,40.8805292139766,0.0674700186682021,0.0658738744424042,0.0488094712112771,0.0765786343748975,0.0899126036977701,0.0882301800229592,0.0797968884191799,0.0510715952463669,0.0968619018429739,0.0986048496568728,0.0915178805618638,0.0799570286289185,0.0491679363128128,0.0989591971159616,0.101214941656212,0.0912590565501118,0.0812547406220302,0.0514919294409936,0.100612011825887,0.103077321836011,0.0882209412418432,0.0765726244656346,0.046906856034719,0.0967603891601696,0.0986671358193663,0.0970344450355798,0.0850379199098976,0.0560781157923268,0.1040257760452,0.105887577192723,0.0917338464013749,0.0807322769612752,0.0506150820331224,0.100061783929896,0.102576514596244
frank,200,626,2.37192951891445,0.25,11.6538271867763,4.87621209528715,0.596602549547382,10.584721868439,11.2999936101296,6.79521587621509,3.42345108388012,1.29469272500018,6.26314083426096,6.61890112845444,11.1689416447916,5.30172170189585,0.830775354248751,10.7899488815649,11.8707845264153,0.0238876150426694,0.00702608589762698,-0.00500300742413412,0.0187061263395144,0.0254868886938469,0.0296056309633662,0.008075266602468,-0.00497391256911283,0.0241043969663302,0.0265236203706882,0.0297950468181868,0.0131305153732698,0.00242996113121625,0.0273358987922973,0.02982082534985,0.0302417947798257,0.010295804701401,-0.00120362100352309,0.0258069660409453,0.0280696324872234,0.0321968330171092,0.01514273832931,0.00316249169220157,0.0299627522796252,0.0318996862894878,0.0335232032599637,0.0171746846918293,0.00638839823077325,0.0314443022896356,0.0332487665264084,0.0299012835037326,0.0124916338067939,0.00109108015701614,0.027615843244481,0.0295624249833538
frank,200,627,2.37192951891445,0.25,28.1944245662158,34.0640473335085,24.6173392586199,41.2959196732139,37.5349840099731,15.0252182308907,17.9444793209346,13.2448300217949,21.5425473528203,19.6718008860291,25.0766000895337,34.2121329540299,25.1938726460302,41.0710247985604,36.4859991668641,0.0658776974270788,0.0898989910243381,0.0643864383751111,0.108205835993121,0.0971059889238545,0.0715154157008112,0.0838417179470036,0.0587835350524453,0.10337620220695,0.0904689493797657,0.0667011904030246,0.0807538060196381,0.0556428974833293,0.102145558003221,0.090441748299639,0.0699634537232538,0.0851874787728268,0.0609064014194895,0.103958419386919,0.0937646232770397,0.0605151993290237,0.0838481887604668,0.0594924809391879,0.101800949193993,0.0920812270611868,0.0432058525919028,0.0618662347936368,0.04486559493997,0.0879813950738201,0.0708296530598423,0.0685984832079557,0.0845745232857601,0.0605821862596194,0.102353362166432,0.0925632947503976
frank,200,628,2.37192951891445,0.25,11.1862543625633,21.0222322939883,17.5321322985025,22.3415873125861,22.4068628859828,6.56246053401786,11.455969702376,9.72014776677706,12.1122974041206,12.1446257252031,10.1906060100141,21.1942056167385,17.9267140462269,22.4058387011905,22.311731992177,0.0302934278229158,0.0551997926200621,0.0472686432474565,0.0584594191365138,0.0582591732672605,0.0272009051554869,0.0516435523129909,0.04189742563479,0.0574862089442189,0.0558482734842086,0.0258408179573354,0.0510891988057359,0.0400814456744866,0.0556564787691489,0.0562200800705878,0.0267875692070137,0.0520737635574122,0.0423213972988584,0.054697340225233,0.055658638733401,0.0284023810267095,0.0530825025576516,0.0428255474198046,0.055732269895544,0.0563476184278344,0.0329326062662481,0.0564043470446446,0.0465543598655754,0.0602287070361628,0.0602334509582515,0.0280509059432206,0.0524311158601066,0.042915791640382,0.0556974980350595,0.0561942941451787
frank,200,629,2.37192951891445,0.25,14.2739556147427,21.7727081660751,16.3002490906838,28.4939954196819,22.8536894580786,8.09883712569902,11.8298920251138,9.10805827465208,15.1733093020931,12.3675519208761,12.7807229655529,21.7622976312309,16.5558385787545,28.4652500280863,22.4749094773546,0.0222957049718501,0.0510699341533128,0.0399838920016055,0.0689454285002617,0.0541410361400694,0.0369089659465007,0.0537979618396225,0.0400175779474304,0.07079162890726,0.0540020653533741,0.0380318577050734,0.0548067229205196,0.0393069965836369,0.0724075189968541,0.0592606490589047,0.0357996611480518,0.0555231917244245,0.040077916452009,0.0732721607350561,0.0582297845531002,0.0329311539505627,0.0506851501335399,0.0368831457120935,0.0688647956358088,0.0530613030066865,0.0403944703088962,0.0588991572864409,0.0439948435879644,0.076213275830073,0.0612885212842659,0.0353962226711351,0.0544720597678143,0.0395000285985555,0.071754059980872,0.0570182781458246
frank,200,630,2.37192951891445,0.25,19.2962251584799,29.8575975453021,24.7797797101909,27.2393351023229,29.9441811571214,10.5976552914415,15.8516455031265,13.3257801832295,14.5489537941651,15.894908797294,17.4770022949448,29.9039643377488,25.0653926166027,27.2538529531127,29.1873443399072,0.0494264745741823,0.0752512259729995,0.0638286769868265,0.0694115182351906,0.0752922972310402,0.0489843515731094,0.0744593628546473,0.0621567244538766,0.0685375727415335,0.0739461945316568,0.0491731095345844,0.0767746870580131,0.0625646700676619,0.069574100546624,0.0760875383315932,0.0484165442083439,0.0741377858817273,0.0612510361799198,0.06721546155888,0.0742776910947136,0.0491336547849643,0.0747648818461474,0.0602138596235066,0.0702610500520529,0.0753748562083271,0.04795897719773,0.065955200333518,0.0339824292040734,0.0707531003124899,0.0777189859501377,0.0469413584738599,0.074130259926713,0.0606313458783138,0.0678744761311041,0.0739638960397368
frank,200,631,2.37192951891445,0.25,17.7310484271305,24.7522759988473,18.5136608706745,28.3879883460532,24.1461790399352,9.81911523354203,13.3122159861216,10.2089921940246,15.120572912709,13.0112969729855,15.5900123918862,24.5809878419273,18.5725064203448,28.3586688505492,22.9662451745734,0.0127741690329072,0.0580362846591638,0.0469443226272707,0.0678388761327534,0.0383133197192573,0.0439423944850041,0.0596277016194683,0.040791154220847,0.0701841927704701,0.0610028383799973,0.0449179858680223,0.0609871218646572,0.0448689956135906,0.0697142348773245,0.0582562960902277,0.0444149407877846,0.0607396115459995,0.0430838653098394,0.0715923217681725,0.0591709039954384,0.0413451982324429,0.057873714410063,0.0410514369481246,0.0684065317232013,0.0568896749463364,0.0486217916173223,0.0649783486850152,0.0432576506422145,0.0757153641436181,0.0646107874846581,0.0429010812274194,0.0608390348942175,0.0442773007472682,0.0706138229025093,0.0572656659735076
frank,200,632,2.37192951891445,0.25,11.1688696660908,28.2058500943891,26.808368680787,21.8788962607084,25.6146010860309,6.55482374802735,15.0294388736611,14.3340827576194,11.8822908971189,13.7409681848683,9.33534296418997,28.3982496068644,27.6879748284823,21.782215529647,24.5759985395495,0.0207862619972856,0.0686025828173856,0.0691485684064144,0.041527871004851,0.0564163423581825,0.0220080229602526,0.0645355132070455,0.0630699856383859,0.0476039970837882,0.058771099079941,0.022190681493797,0.068847940253353,0.0672875114032332,0.0487756928918629,0.0605528283710794,0.0263518229635456,0.0711238606406796,0.0677334524555278,0.054583654151155,0.063296724069743,0.019317821613679,0.0708006040856896,0.0694855742276465,0.05262864326906,0.0602151347803546,0.00128035411132879,0.0391465650884232,0.0444401825253265,0.00234997458557563,0.0265528206418064,0.0256120801024133,0.0711798130458837,0.0678678341674827,0.0545190063920815,0.0632937531626641
frank,200,633,2.37192951891445,0.25,16.4745557901767,19.5269349418498,13.4965060286982,23.884811799092,24.0978181104788,9.19373470367201,10.7119844774334,7.71210400792606,12.8801258792166,12.986092682416,14.668195233743,19.7832325478937,14.0472426312791,23.9302640886318,23.6425734824052,0.0445017007205188,0.052586674695313,0.0371721062942731,0.0645422891635289,0.0648708117422107,0.0440488655903611,0.0520610424749025,0.0350211030640985,0.0637451095417949,0.0649964456529387,0.042322867827259,0.0515600325213334,0.0364483237464994,0.0610363402515387,0.0633752485250817,0.0414206410119193,0.0477912723008444,0.0323250461078395,0.0584722485204342,0.0591349517243845,0.0398644177038059,0.0511263416166585,0.0360898181103757,0.0603417975904134,0.0610258671733993,0.00221977732767266,0.0120975325053504,0.0138349560947964,0.00577148494169182,3.31833305683382e-05,0.0408193948408867,0.049412043025183,0.0339997249672852,0.0597996236594848,0.0602612357313714
frank,200,634,2.37192951891445,0.25,31.757182325363,37.1043202414965,26.7810296809536,43.6176571305716,44.8897945287361,16.7965759349799,19.4565668202332,14.3211915628449,22.6968029362445,23.3299118867661,29.9485994880676,37.7741685011519,27.4911289727159,43.9549881217998,44.8431626900828,0.0562612776648788,0.0939051527801296,0.0709818105041505,0.106259555250374,0.105635937252971,0.0726970197209035,0.0922523410838428,0.0663808034551566,0.110590418789998,0.109778341685658,0.0817256945742164,0.0936712332783284,0.066326656150004,0.110675149588537,0.11310801597976,0.0805543140775087,0.0941325107845933,0.067436558313421,0.110387412624757,0.11331434156988,0.0789144700345136,0.0934830019486197,0.066625335344332,0.110419142343231,0.112709416144385,0.0773937705684619,0.0925587314959611,0.0580416630515816,0.112589746016053,0.115160476166026,0.0793706062046903,0.0925958308605203,0.0660863161193301,0.109150526640441,0.111601599585213
frank,200,635,2.37192951891445,0.25,27.7558043631947,21.9411007353027,11.061336684962,36.8732803361036,30.0940596060202,14.8059176325701,11.9136417483086,6.50148115761895,19.3420539510787,15.9700585908569,25.7309343596554,22.3617350050914,11.5963700732755,36.8201223134192,29.8470824939802,0.06710675060922,0.0571807966963049,0.0291051350575914,0.0959804081124694,0.0799632853817009,0.0702393118283102,0.0554232223662369,0.0240929822967353,0.0957933688397261,0.0746949143459423,0.0706187993543651,0.0543216665436938,0.0274396844244444,0.0910827535514871,0.0741968142442393,0.071483089331118,0.0567416725517445,0.028378875724151,0.0940070681105906,0.0765786669884825,0.068952464085386,0.0527182727365508,0.0252610130641416,0.0899721067170814,0.0704701681601734,0.0728884439914156,0.0587763007893113,0.0311421170510494,0.0971401043599858,0.0776568189219301,0.069267108123675,0.0533655505099187,0.0251814389313517,0.0914720379659071,0.0733629447863625
frank,200,636,2.37192951891445,0.25,20.9154750096986,27.1635697752124,20.1299331099742,33.1061921152628,33.0141256360707,11.4035421015942,14.5109936796066,11.0120634292315,17.4674238938895,17.4219175740522,18.3310297235081,27.5453956478315,20.9890050411042,33.359758997813,32.2364093598376,0.0535008049530996,0.0657854928777124,0.048178624352055,0.081919841985587,0.0821151689384514,0.050855160740605,0.0660548060623779,0.0466065112029051,0.0813258370489806,0.0815713932751147,0.0518854236311509,0.0660067971369109,0.0466229274450903,0.0814413404542931,0.0825805167650576,0.0522479549893855,0.0685591910096836,0.0499497176804007,0.0840439475504441,0.0832026661836214,0.0512545231239726,0.069984870458311,0.0511370835612992,0.0856262277505338,0.0844189385540414,0.0572634429227679,0.072158164543761,0.0543506402740727,0.086760013244464,0.0871728556503012,0.0499278150291588,0.0685551452971221,0.0505801403297077,0.0832087610470064,0.0822586400975976
frank,200,637,2.37192951891445,0.25,26.5273796188144,17.9083312846787,8.4590998995103,26.857293736722,22.8509192792398,14.1948166664985,9.90786000420833,5.20713320771953,14.3597770138906,12.366535752378,24.7861392952883,17.8444923494555,8.29896959369331,26.3713114290238,22.7629454080242,0.0703307066489268,0.0479038480842044,0.0208062402451079,0.0721352084602249,0.0621193032816278,0.0680284138042821,0.0424506099264149,0.0183998142761201,0.066248209406157,0.0558380717760628,0.0664763404257519,0.0415364677699197,0.016643482190581,0.0636624212323234,0.054015567342196,0.0666059196746481,0.0427686374832033,0.0182062841336901,0.0655889440331541,0.055703590885739,0.068438696934312,0.0437001442613304,0.0182255703066383,0.0672630353165965,0.0580507792571266,0.0672125591891932,0.0433106067428764,0.0173115464248705,0.0675150711919275,0.0536866617467175,0.0666201340756269,0.0416706685500089,0.0173036034245909,0.0648624798342287,0.0548169369807726
frank,200,638,2.37192951891445,0.25,27.2764576009606,37.4527840177612,28.711138838491,40.0592803081317,39.9550668753885,14.5674770167114,19.6301914347135,15.2814539654051,20.9270923196727,20.8753528686624,25.0378211109344,37.7100395221022,29.2108165772411,39.9949119047518,39.449900806522,0.0460412102005376,0.0983953153815956,0.0763563851732875,0.104389232863575,0.0996367724043927,0.0670904635735852,0.0885448446496465,0.0658091662923362,0.0953386457100454,0.0936257851295252,0.068590155227839,0.0862631012185297,0.0635438188341569,0.0945645826316597,0.0948383503094344,0.0685063688039926,0.0939238148102081,0.0716577273451784,0.100224784542923,0.0993929642557453,0.0677371370142409,0.0963370312834771,0.073771471182119,0.101341902383613,0.10160719048267,0.069088952213837,0.0967390044259879,0.0760892204560364,0.0951426563374724,0.0989888639409468,0.0686867498523809,0.0932037985832259,0.0709031414089655,0.0995810867693444,0.0992414684543575
frank,200,639,2.37192951891445,0.25,10.394237936125,20.8997655437228,17.4121061052941,23.3808684959185,22.9890239909739,6.1688405740619,11.3947589037646,9.65990289512747,12.6293016308987,12.4343172166285,8.95850313041406,21.1517515418669,18.1850521720674,23.4752708024457,22.4380347547775,0.0226283613437457,0.0543546889930714,0.0465976667067245,0.0603523043684314,0.0563848383055426,0.0209928517703545,0.0439531599907344,0.0366802277046106,0.0502696170300845,0.0500652231740748,0.0224785174558161,0.0511367380819503,0.0425193860635156,0.057653835995593,0.0556218583877123,0.0258509389880183,0.052684082210725,0.0439703903487942,0.0582824705180434,0.0577269284763283,0.0212745262360309,0.0516391825349378,0.0443447077756371,0.0555371997304459,0.0553214347995157,0.0189660951195939,0.0456079842358,0.0415096811293794,0.0450897568769043,0.0459344409544207,0.0252782958097687,0.0530273176451025,0.044014473353959,0.0586073483243914,0.0577832976378882
frank,200,640,2.37192951891445,0.25,16.7701250984345,19.7147364692102,13.862570784835,23.1229837262121,23.6086418678017,9.34105158815821,10.8055527698139,7.89451109769385,12.5009721550629,12.7426506551946,14.8461110146043,19.9038122927645,14.1806822183836,23.2482205526457,23.4262114186599,0.0465033461196989,0.0492915908926328,0.0330642936911865,0.0583806089352486,0.0588367372527798,0.0453047282762416,0.0535066052052029,0.0375880933238657,0.0622579971308756,0.0633489093396278,0.043547978687358,0.0492460055950552,0.0331004478460508,0.0585405256068837,0.0596353478487405,0.0409195178160232,0.0492503251668616,0.034145368267243,0.0575708767972621,0.0589738108689797,0.0390300907163363,0.047945618793424,0.0334184669786601,0.0553460485420145,0.0566285585975394,-0.0378298240880529,-0.000165383244463735,-0.00954775814297498,-0.00564717333321813,-0.0143047311899992,0.0414536862490488,0.0502427083235298,0.0348930598523625,0.0588622811367399,0.060083015037893
frank,200,641,2.37192951891445,0.25,13.5946852548418,18.7779923309116,14.3525532004654,20.6595143839221,20.1113901233519,7.7612260348843,10.3395153744218,8.13793633460459,11.2755900540835,11.0035710783476,12.7209334268727,19.2092563892801,15.0673249834518,20.6504282809873,19.7024233441318,0.026318051915045,0.0516497686351956,0.0399962790690385,0.0505784551964007,0.0433712760139913,0.022568360077184,0.0374709828326573,0.0313152729406208,0.042629773499176,0.0328742010109696,0.0345743259748618,0.046050375462239,0.0351267224420076,0.0515058950771329,0.0473773401023163,0.0333078208563704,0.0466190582214336,0.0357129520614556,0.0513420769402374,0.0482516257398989,0.0337530657536933,0.0444426324111356,0.0325300295776807,0.051226926233529,0.0487726993896654,0.0382649945234577,0.0516145632018575,0.037900499424978,0.0561481502613532,0.0552280429720623,0.0334321491273799,0.0476985299976254,0.036105783718848,0.0524164489405943,0.0498590629264946
frank,200,642,2.37192951891445,0.25,17.5212993022298,25.5017867467722,19.937774652094,26.6573237468892,26.8812906700767,9.71500166066005,13.684355314462,10.9160912581654,14.2597330868915,14.3714713889713,15.5789946494916,25.830299815437,20.7029252035178,26.4939524863525,26.0989786277575,0.0488031069782318,0.0687001906395444,0.0541374372601397,0.0714687507754169,0.07202828131834,0.043162862129069,0.0612618811894066,0.0473059908571432,0.0648546665088881,0.065390210253077,0.0415474985273279,0.0581814296391409,0.045183572813826,0.0624819059316583,0.060683667608854,0.0430170758682849,0.0654560933855724,0.0518250007814238,0.0673804911957469,0.0672265395608514,0.0465346929933157,0.0666924151250544,0.0521432185760941,0.0692985317238597,0.0699240701751378,0.0190477802564302,0.0627122472859805,0.053503766957476,0.0639902851176207,0.0511035910332435,0.0424731058853847,0.0640915351948809,0.0508018895569924,0.0653896417996136,0.0658088739172662
frank,200,643,2.37192951891445,0.25,29.0181633054329,24.9544698735781,14.7828289024587,34.9257383184747,33.6283344304861,15.4339189032761,13.4122275418766,8.35192136927624,18.3730450739996,17.7280258273793,27.6127658272512,25.73158367265,15.5874341971978,34.9330924177566,33.6676013913774,0.0772859417619655,0.0591824404158812,0.0315973190223796,0.0898687915273157,0.0802658305768817,0.0682956370538221,0.0506367083369384,0.0250874856464141,0.0779234299133805,0.069964209634918,0.0705973758006573,0.064551434086972,0.0377449262559171,0.0880311095582012,0.0848146688370945,0.0738967965576198,0.0629960667140107,0.037742811408045,0.0879081241901303,0.0834820480993387,0.071023623531169,0.0633633967737688,0.0382747290175571,0.0869848975175381,0.0812307328638393,0.0710917861665467,0.0617877934388808,0.0398005872365543,0.0815922652209711,0.0837220556818389,0.0730052747564397,0.0624963755508881,0.0368869792175854,0.0877536960052604,0.0835701823182254
frank,200,644,2.37192951891445,0.25,20.8913921682578,32.0733444578377,26.11564836105,32.0534133332977,34.9515162851735,11.3907648813912,16.9537897887688,13.9903045310596,16.9438537050723,18.3855389241759,19.2057767049287,32.3667198881704,26.6628469800033,32.1677530734708,34.7745778432897,0.0504154596216285,0.0624676971627556,0.0468339511911976,0.047361122841443,0.0678074525862414,0.0542566200611088,0.0772335959093203,0.0591511951727519,0.0791091136088707,0.0864194719154035,0.0494132403881801,0.0815954643072258,0.066424926325816,0.0808887253004994,0.088048738297169,0.0504824184496467,0.0794050756965852,0.0633345085330359,0.0800494327852989,0.0869986527109488,0.0531602617170435,0.0798655647191501,0.0639539785826568,0.0788073944668588,0.0878320611314087,0.057010406085394,0.0845970336111318,0.0690273677445075,0.085086251010796,0.0918120996331753,0.0521736842350574,0.0800013463530919,0.0647599444466324,0.0795336939518159,0.0871457027266638
frank,200,645,2.37192951891445,0.25,25.8134926084524,21.4663288305422,11.8029691573116,31.6352814738343,27.2334126428527,13.8395073407901,11.6775849703693,6.8707841347014,16.7360031958653,14.5466474503762,23.8721569651913,21.606416010142,11.8587317841788,31.690486554542,26.99350658067,0.0674475864895758,0.0586188886221267,0.0344222250396737,0.0840863939003192,0.071631660197556,0.0640482351464426,0.0538203929889463,0.0297281730915435,0.0811969969222198,0.0668975047551128,0.0659229376381431,0.0488996571445598,0.0229402632485452,0.0774893900430869,0.0649427991771553,0.0663741449908201,0.0527123985129907,0.0260490043112234,0.079795522918599,0.0682344642898713,0.0650171767628131,0.0528549152496279,0.0265879436772674,0.0800564467200421,0.068308315735035,0.0693526851570243,0.0543092896567522,0.0288166637001751,0.0829626241499627,0.0692829757758282,0.0648279309513109,0.0518322519644949,0.0261726849158642,0.0786224449572085,0.066175589197311
frank,200,646,2.37192951891445,0.25,21.8948889719261,25.790629086144,17.9873121558617,31.3688179579764,30.7970735637483,11.8902210336682,13.8282072316789,9.94647798020094,16.6031868437891,16.3190412445385,19.9024567335498,26.0729221849457,18.3820028478593,31.5961742833994,30.3236578275593,0.0566127336560686,0.0665435821395686,0.0485751980949365,0.0797526260282311,0.0745612653069369,0.0556649329157511,0.0610737895580723,0.0399804341634875,0.0778676395571972,0.0730135433219161,0.0541975797736393,0.0616796558265393,0.0420331989696054,0.0769008707044103,0.074222735116778,0.0538263184040036,0.0652015978372277,0.04519267658771,0.0787564036267709,0.077010233992297,0.0557442711333754,0.0668383887223013,0.0469575786418668,0.0800977092163401,0.0786297717256135,0.0594808726023411,0.0674663934006263,0.0470292879676877,0.0830437715442223,0.0813164637875317,0.0546582423500526,0.0639103740055929,0.0435396719686119,0.0784266552921613,0.0765318105505162
frank,200,647,2.37192951891445,0.25,36.0916647965645,36.236570845102,24.4905511594704,42.9245520716923,40.029174295798,18.9536036438545,19.0258354519659,13.182700820438,22.3526821978426,20.9127372378448,33.4517228921924,36.3498240745833,24.5218907747213,42.7720705473278,39.5353414351311,0.0947686550386874,0.0954685376059541,0.0658150772811305,0.111628944407934,0.105056466125896,0.0815050800797807,0.0851207669148339,0.05899713386685,0.103464251597858,0.0890525567700452,0.090919796445371,0.0885399539581103,0.0570348358143027,0.106379295871207,0.0994513879162629,0.0910713602127761,0.0911597426730895,0.0606143475844972,0.10884139012355,0.10070723169261,0.091817678763237,0.090585180792351,0.0603495268137385,0.108159539612745,0.100263384041826,0.0849269754882006,0.091524837852298,0.0631724939113737,0.106463008577273,0.104446936857579,0.0889839893726068,0.0890747718672811,0.0589152656042593,0.106164531221236,0.0980521435740552
frank,200,648,2.37192951891445,0.25,10.9767411173815,19.2733817052686,14.8875894638589,24.6308392362718,21.0562011021868,6.45884419942804,10.5858861323292,8.40415466883696,13.251431792259,11.4731574106754,9.288253923957,19.4327872686432,15.5362448770884,24.5531736767466,20.4654524417186,0.0317980431688654,0.0385692775937937,0.022757438153991,0.0607384903457645,0.0478209712214649,0.0243267078286481,0.0481069489182826,0.0362814420287845,0.0597342981919657,0.0516308843233309,0.0269972209521476,0.0483111484791405,0.0372777385314096,0.0617841189380427,0.0523584323401186,0.0263974705167431,0.0500754194620242,0.0389305016022428,0.0630769039018789,0.0536566615226344,0.0240200616005656,0.0448589994779054,0.0328560904645211,0.0586294920994456,0.0479617039276483,0.0315460847352966,0.0516200855469442,0.0357681900583719,0.0663983555412982,0.0576379101590348,0.0264735904897557,0.0482832859269991,0.0370876079748263,0.0608707844036868,0.0519662191478418
frank,200,649,2.37192951891445,0.25,13.7521558631181,19.1079467056301,14.302985839004,22.4798721016251,22.4223573778897,7.83951636270594,10.5033837631713,8.11299711696641,12.181144001457,12.1529735138764,12.1138508930721,19.534461240195,15.1906032493795,22.5279274564715,21.6999878897575,0.03799728430367,0.0523044552664712,0.0399818460730974,0.0603776436629574,0.0610261875080957,0.0322504759595536,0.0488520639017226,0.0365287079264255,0.057551852673525,0.0578682171082609,0.0298453678042415,0.0504035686543151,0.0380552141085367,0.056514822853524,0.0559790017221349,0.0332166987079587,0.0485882301366365,0.0369180594457877,0.0561063762260182,0.0548329755959459,0.0323417187508011,0.048880213339739,0.0375683865481278,0.0555137634683903,0.0554133389540729,0.0392396726823972,0.0513610327416863,0.0381568183127722,0.0611227389062769,0.058672797001084,0.0338328442038054,0.0484888683183319,0.0363399171728303,0.0563420954167237,0.0553768907351534
frank,200,650,2.37192951891445,0.25,18.6658587272577,32.4997233665334,27.6407460479409,31.4078922559831,30.1504381038318,10.2839853581713,17.1663488580434,14.7493122332761,16.623092422595,15.99801080675,17.5844373821759,32.6144863452843,27.9127302127847,31.2536117031043,29.6228057258341,0.0510098704515964,0.0832919826687383,0.0699373063583566,0.0783489580982496,0.0781908484385057,0.0419269239455017,0.0858315365746497,0.0714779113874355,0.0807198694331746,0.0785613531550867,0.0440524942033339,0.078203244451945,0.0667489410903823,0.0760775406189866,0.0711866251183699,0.046076254954621,0.080490306464521,0.0682622604344303,0.0775473112784915,0.0740209088637505,0.0474929497189509,0.0801809082846363,0.0671878694557639,0.0776377840371238,0.072229826715246,0.0514429916654534,0.0838827844565999,0.071135575661157,0.0799972136111146,0.0767212118386401,0.0461342869248548,0.0809293427051049,0.0684028528622653,0.0780250725580512,0.0741661309308245
frank,200,651,2.37192951891445,0.25,26.6659089998725,24.1920381482869,14.124683647503,36.5295718256117,30.9996793429185,14.2644864901387,13.0333445549448,8.02520745046656,19.1711248002312,16.4202898532727,23.6307767960793,24.3233805717533,14.5353988430657,36.4206260336856,30.3501001334643,0.033930995672278,0.0628337719049556,0.0393263404653996,0.0749011399014357,0.0647749674727977,0.0633646345043536,0.0621123127291712,0.0337434924702614,0.0940154078761642,0.0786255151096337,0.0613401870355048,0.058882954753546,0.035760105323919,0.0881727242307872,0.0740862259753646,0.066784082391106,0.0582168144088854,0.0305681937790376,0.091628975602844,0.0770563410899642,0.0608588823681387,0.0574880004276552,0.0334078546859195,0.0853410307493579,0.0728895706610504,0.0532820701152568,0.0654668081325987,0.0379123131692729,0.095246782028654,0.0811468942023014,0.0651553025566636,0.0602436566682997,0.0345578364603715,0.0912704246801899,0.0769867511251466
frank,200,652,2.37192951891445,0.25,29.9964185534207,30.7335310210204,22.0110575727164,31.4790143881638,36.2599265383591,15.9210064189392,16.2873416699602,11.9479986372226,16.6583559319852,19.0369383298821,28.3599457571221,31.3611388457735,22.6951727373607,31.4043164082351,36.3976724998616,0.0758875804829952,0.0255161618476423,-0.0102299558367712,0.0497417975146944,0.064744431023741,0.0676872384466814,0.075400982907276,0.0564215476536113,0.0730551916407702,0.0829134909486136,0.0755611929580241,0.0794832268024465,0.0583118656825889,0.0806024818440927,0.0931152655601808,0.0745064977182007,0.0770163610378865,0.0553534381887406,0.0779507830189842,0.0897973704840876,0.066200315154779,0.0772483515972865,0.0557229539890883,0.0773823167306859,0.0876667025123508,0.059671452668611,0.0765179675651555,0.0592810129102688,0.0734988669363008,0.086043945590224,0.074507981761107,0.0778236073201028,0.0559113799943161,0.0789179443723809,0.0912211062375052
frank,200,653,2.37192951891445,0.25,14.7326413386231,19.462019820169,14.0254414538658,23.1513350805203,17.8760613911169,8.32808002735624,10.6806590728159,7.97619427580141,12.5158948894032,9.89213753443508,12.3746148269597,19.0651750208022,14.0459980779948,22.7186700312433,16.434075803823,0.0124223762266745,0.0358857608415258,0.0289160040781329,0.0405861920693436,0.0126014810435155,0.0229384567993576,0.0417971746009904,0.0289516578585688,0.0520509228829804,0.034076647679802,0.0356505225257564,0.0437205785332458,0.0290138735878536,0.0537663017545716,0.0407336528252598,0.0340411882725533,0.0466226131331884,0.0334925522072969,0.0555127954817131,0.0406653189206045,0.033253545427084,0.0476083559583764,0.0338717597267722,0.0582427013429325,0.0405571948907538,0.039234337242389,0.0490359681513233,0.0357708443840452,0.0549001605134449,0.0460933284367487,0.0347669634722115,0.0471084978679949,0.0332763829671819,0.0569356697154073,0.0420695711563875
frank,200,654,2.37192951891445,0.25,34.887965037586,36.6709066744292,25.812764312002,41.4417972294963,43.8324525876455,18.3539481630849,19.2414467028692,13.8403126607466,21.6144280607611,22.8040116363406,32.55614148038,37.005255159355,26.0699822118028,41.6815313361571,43.7211725657453,0.0804674872252168,0.0556166223639,0.0239988551106618,0.0607132964054652,0.0796477587453446,0.0909435934716513,0.0945921180786515,0.0667865782720329,0.106384053094129,0.113238370044462,0.0892355691904488,0.0909467238082747,0.0610827597187289,0.104823473008298,0.109804959929261,0.0889158165073633,0.0934994113346418,0.0647175620532476,0.105687343543804,0.112159585786032,0.0888274440707388,0.0889497711980232,0.0583545588720079,0.103632729882944,0.108928017678698,0.0825842577151552,0.0812530737490504,0.057875891009234,0.0981019669907354,0.0957173478131196,0.0875288421028971,0.0913026648186149,0.0631063928767587,0.104490499803878,0.109398292800904
frank,200,655,2.37192951891445,0.25,28.0159221320082,32.5226809775547,22.7501329908229,41.1497602036666,34.8119213864009,14.935481113723,17.1782907017294,12.3172482992465,21.4697292431929,18.3171296491404,25.491992770784,32.4182864989279,22.8761584307628,40.9951758326918,34.1411405014379,0.0569553362816699,0.0792873202869223,0.0596131870921939,0.0858092078125637,0.0834021051269497,0.0668858324263601,0.0777033673455003,0.0559306805262254,0.0980600612492367,0.0806112373251906,0.0728080253622702,0.0839907345945993,0.0585021612141372,0.105648291070103,0.0891329161769252,0.0689299220968808,0.0807530196964097,0.0545184725278443,0.103144638545016,0.0867112131927867,0.0706022846452719,0.0794995561265229,0.0507481118674003,0.103205784981998,0.0856977985818373,0.0703523491226556,0.0826672812757133,0.049845049733761,0.10755961480673,0.0899749446064804,0.0692088673200532,0.0787404465677332,0.0530927755100391,0.101596234430871,0.0844823364921163
frank,200,656,2.37192951891445,0.25,19.8007924579731,10.7740086123666,3.25705562806276,21.6310992242439,17.8474515705371,10.8483368549514,6.3580324329115,2.61879592615454,11.7590093707493,9.87689564130755,18.2159868112947,10.9700992361575,3.34060479176625,21.6695448984835,17.7342166574378,0.0436163674234375,0.0134594735352462,0.00145383147051419,0.037356302554333,0.0189106811930084,0.0475471424932239,0.0263287933162586,0.00438203886710813,0.0543820443102425,0.0412230400803686,0.0469704969024789,0.0265308374830003,0.00691472985174858,0.05443044538951,0.0437797330525016,0.0479745274534865,0.0253570239563589,0.0061451124506891,0.0526244286634276,0.0436854909076277,0.0506041553016599,0.0276682436789551,0.0078100712762542,0.0565519356023656,0.0455492798663159,0.0474726882409484,0.0294713669976529,0.00947010655822323,0.0590173643287579,0.0452691069241486,0.0493730748066611,0.025762633416111,0.00574102138783825,0.0543892964165133,0.0439998879834654
frank,200,657,2.37192951891445,0.25,27.608026836381,25.2549597155352,15.5781499383528,32.4237139026671,31.2019152685135,14.7327222400429,13.5620010732594,8.74811601923251,17.1282645039618,16.5207809303079,25.2393422654243,25.5375118084578,15.8611336162553,32.4687217747233,30.8531682363865,0.0573619195793268,0.0681274463268423,0.0436712040028065,0.0850016837937665,0.0813966080623798,0.0617680287209813,0.0607234002211344,0.0375677927947589,0.0735534885801734,0.0749194768015324,0.0677090736058342,0.0630197110272059,0.0384068407487322,0.0823461580433334,0.0766549531346275,0.0679622647809737,0.0639189642401478,0.0392304932790624,0.0817672276360157,0.0781738057271391,0.063634304564281,0.0543253285738332,0.0301962490050124,0.074022364132439,0.0673948171657021,0.0726948446655195,0.0664009686098425,0.0417272936354713,0.0850539207577154,0.0804016250643876,0.0685604314780268,0.0627989387755306,0.0378028937811466,0.0813270456731571,0.0773764409947486
frank,200,658,2.37192951891445,0.25,30.6651670463468,25.5914114507508,14.4673257518574,37.4404340662209,36.5095053714763,16.2531059121088,13.7289849925531,8.19490635499291,19.6240517581617,19.1609321282375,28.7713206606566,26.3722627070898,15.2974489190184,37.516832293899,36.7864599303242,0.0689226811226499,0.0680442762484666,0.0411169520627803,0.0929804860406719,0.0926413167824924,0.0811500676763827,0.0659160576694695,0.0371346580499766,0.0967254453244859,0.0953061363266497,0.0795424601397698,0.0659442199862681,0.0381233680266826,0.0940164405020446,0.0921747846168721,0.0777643302577325,0.0632977098489128,0.0353057591833262,0.0933866518551023,0.0904673134551671,0.0764694324502906,0.0662456808469556,0.0387153719098957,0.0945838282545477,0.0926488116375938,0.0811604640005284,0.0650728784283221,0.0331860399877069,0.0982231177344958,0.0939357428767319,0.0770765020607716,0.0635871818454233,0.0356709724785231,0.0928875282311158,0.0905629692711406
frank,200,659,2.37192951891445,0.25,33.6536926347482,44.1337320298551,34.882072404877,44.7872238793992,49.6392109372846,17.74024830029,22.9536869090352,18.3513607057706,23.278744433614,25.6928288679066,31.2392201755574,44.705544885556,35.608082863817,45.0030994480412,49.4102386814111,0.0840755130349355,0.10949232663288,0.0886635273148607,0.109883936467323,0.126005708940424,0.0846153731926024,0.113924561208872,0.0910642904392795,0.115133907230649,0.126153682174126,0.0873019023193972,0.113170678218954,0.088389125438887,0.11490420483529,0.1276523115303,0.0842449112309127,0.110207793859532,0.0852878067277859,0.112252808653019,0.124556759519929,0.0851620091588857,0.113088562657234,0.0893752217479188,0.115629842362931,0.126839698927903,0.0854069919205896,0.115157034755906,0.087701687829587,0.114323917966317,0.129009861392404,0.0844435582471621,0.111944011775983,0.0882834180199547,0.113587728235741,0.125256944500869
frank,200,660,2.37192951891445,0.25,25.530975567249,26.7238430088771,16.9614659431064,37.6353098013503,32.7522811971889,13.6986948127178,14.2929254546811,9.43675467420605,19.7211056466064,17.292037579621,23.7134611664712,26.9988186195841,17.3998023281569,37.6324502976355,32.5638213329894,0.0639087768260117,0.0426868391071277,0.00357754469928075,0.0831754253274415,0.0722602609242257,0.0595106386475119,0.0664932153634269,0.0422147510809716,0.0936504202854592,0.0798918364941308,0.0628918011185577,0.0619752006475454,0.0360606047865931,0.0893295374155086,0.0755531870419267,0.0642762660903406,0.0661777700164038,0.0402394391644908,0.0943823927369883,0.0810090345873414,0.0625978949474731,0.0656912928952446,0.0392997833056901,0.0937209901166522,0.0808131656531794,0.0656819764974616,0.0618513279804599,0.0275344243154924,0.0941280135659547,0.0812700703906321,0.0647770439952446,0.0660900471542618,0.0401886339599427,0.0941826965237785,0.0814867900080622
frank,200,661,2.37192951891445,0.25,18.3389375693567,19.3559294321526,12.4504517950752,25.9515782291027,24.8998057441832,10.1210005952165,10.6269388816891,7.19175466518061,13.9082672646506,13.3853687365843,16.7413518579019,19.750687479964,13.0932429562313,26.0529769798926,24.472013826993,0.0224326394415609,0.0413268239372729,0.0338774600561273,0.016339042269661,0.0487084844515987,0.0409658854947978,0.0482238680333895,0.0330022946198314,0.0613366692557198,0.0599378138117618,0.0449634142534563,0.0423449807966838,0.0208833048894474,0.0592632846660118,0.055901135304134,0.0460202355129867,0.0470690024505304,0.0287082526743626,0.0648060026112531,0.0603989082411215,0.0445567610396839,0.0499292762142779,0.0323886645725779,0.0651109294333247,0.0623824301756613,0.0384641122626263,0.0533571400302418,0.032339935636015,0.0688188073500894,0.0637249203550935,0.0459952421480713,0.0484268356429281,0.0306699088155119,0.0649438634232117,0.0615115287026521
frank,200,662,2.37192951891445,0.25,19.9130572564165,15.7311015912928,8.93801896262607,19.9485855353217,18.9181142473519,10.9045248292786,8.82422704352712,5.4447335727625,10.922306060524,10.4101573037908,18.7558831526553,15.9611442719551,9.22181109611402,19.6824901455615,18.6956858558349,0.0507098771104419,0.0407018234762351,0.0237170099293534,0.0420966721639598,0.0488810112757209,0.0529893811461044,0.043377136464987,0.0268202418440858,0.0541994316482317,0.0512120475831262,0.0469956902022884,0.0413688516706664,0.0256299418573318,0.0502303693811658,0.045345428377838,0.049382769774231,0.040298912656626,0.023879556785832,0.0495917761967869,0.0467340772390298,0.0504444452702184,0.0370457841968579,0.0196212922744059,0.0508298038074293,0.0466195375086403,0.0540582531395415,0.043250827482874,0.0267635085158204,0.0548153242177078,0.0493521104306351,0.0487074032976732,0.0383421583469124,0.0213617628978819,0.0487635328309929,0.0453104635522174
frank,200,663,2.37192951891445,0.25,20.2248358405731,7.50098988196895,0.58405359518273,19.20594204298,15.4916577348523,11.060182190511,4.72977110524395,1.28881156949282,10.552749274027,8.70497654962102,18.1943682076753,7.66478061280438,0.692690039146133,19.0387502873322,15.2805096529567,0.0528872065260056,0.0191614855683518,0.00494306387876814,0.0498416566636207,0.0404935243683691,0.0500483304447513,0.01079043846616,-0.0104842956221858,0.0458343072741801,0.0381016085897555,0.0493326810466748,0.0195433307585354,0.00266136643769045,0.0473754373858857,0.0365538236186201,0.048916893395705,0.0135376947149082,-0.00546606874065099,0.0458558490481142,0.0367910465714324,0.0525433546865829,0.0199380295204821,0.000951178024017937,0.0494797697007453,0.0405038764128483,0.0533599361439581,0.0217529441691434,0.00511545752746662,0.0467185776079933,0.0415374355033968,0.0472231634972254,0.0161393357594423,-0.00151498154028315,0.0465432001638342,0.0366884202508342
frank,200,664,2.37192951891445,0.25,18.7477326359637,21.8967387225977,14.9606387659444,29.336880539714,25.3399954465484,10.3252693088988,11.8915041142084,8.44126411057798,15.5927221197003,13.6045239420843,16.4677620608419,21.9173893933899,15.2789559030077,29.2701896301156,24.5920700978748,0.0436313780993813,0.0469773506664094,0.0276923153359863,0.075786104142321,0.0637610986056694,0.0479427066033458,0.0571054442531766,0.0398838820434683,0.076706049785597,0.0653965734942346,0.0480476646343684,0.0535079427961869,0.0335047179564709,0.0733467556256492,0.0638993854872668,0.0463318652276171,0.0540261255977338,0.0363450575945955,0.0732091099451977,0.0625267003266834,0.0471963110496217,0.0564432843707262,0.0388960728405673,0.0741569121967377,0.0650029228382413,0.0420555978268514,0.0587458383480171,0.0423693028279257,0.077442264685307,0.0660910378916489,0.0450539048569717,0.0538397513620449,0.0354269988066621,0.0728629400097496,0.0620670111798315
frank,200,665,2.37192951891445,0.25,19.8674470758001,29.6724116167345,23.3591071342324,31.7041992386157,31.4069714271149,10.8815020091831,15.7595802765287,12.6191247333513,16.7704381913731,16.6224980541549,18.0688110459071,29.745674888855,23.5928372095492,31.6063939225999,31.087289099205,0.0540223385059245,0.0747057763182005,0.0584009854375015,0.0807579804958562,0.0798735875931605,0.0465974677248117,0.0738086983673954,0.060412707992884,0.0777482032337048,0.074010529426771,0.0442370430792386,0.0694528160948408,0.0535485823411027,0.0758756859374604,0.0739948479745196,0.0510480353141739,0.0747604178496973,0.0582250877946735,0.0797888539901949,0.0791223441152593,0.0453076191360031,0.0725044159650836,0.0571045065762566,0.076496332287348,0.0760117741186838,0.0504972252885165,0.0785313942643006,0.0588945644367752,0.0842402010417717,0.0835031922380236,0.0497873362202868,0.0741229565799824,0.0580663202375917,0.0787930827116708,0.0781998448433234
frank,200,666,2.37192951891445,0.25,17.3435973079787,9.18809966210873,2.44629366950972,20.1083193328938,18.0956375287002,9.62638474854684,5.56848504979407,2.21464641041142,11.0012308821719,9.99999449708045,15.6300797775443,9.71986380017311,2.98837977922959,20.2428589331036,18.268773541318,0.0394190286120621,0.0261315295686075,0.0110913961181214,0.0522736260727722,0.0476774002886592,0.043159800367833,0.0153196490222033,-0.00262175741145216,0.0446246326407804,0.0412776207901056,0.0375610669822825,0.0216498056666119,0.00508477341727309,0.0471037532263422,0.0423551131024437,0.0439361475136134,0.0234308377004917,0.00572773699319311,0.0517616706931578,0.0468010657468808,0.0380195320868869,0.0212272178896152,0.00562055574663031,0.0480636545178091,0.0417910768779408,0.0345222432410823,0.0278173377842179,0.00934386935446167,0.0527724012880267,0.0456954856143606,0.0423918149202093,0.0230821263423236,0.00503183509585059,0.0506917467881526,0.0456675981382879
frank,200,667,2.37192951891445,0.25,17.6584035350049,30.5576738297874,25.03003922918,33.5995267530695,32.5709476284439,9.78277309009899,16.1997499879099,13.4502923607459,17.7129223707395,17.2013090506519,15.5415858936461,30.6511734692348,25.4321746642284,33.8267425995028,32.0209496612758,0.0376948010524262,0.0305985305583119,0.00176756337422731,0.0533203728049407,0.0459420955531157,0.0423712535384841,0.0713655578786197,0.0543229625272258,0.0823357311819202,0.0788135814734032,0.0453023515066331,0.0785199596276186,0.0638519109985212,0.0844877136791847,0.0838531279800267,0.0461992838011329,0.0784381879509745,0.0631874404493336,0.0865912579225701,0.0841547113468307,0.0404494044612843,0.0756434249741884,0.0608036303957599,0.0841399222151651,0.0796838456239378,0.0462401296631202,0.0739943799769074,0.0459768842869931,0.088956052847332,0.0863508499692114,0.0429704518850076,0.0759702300236156,0.060605574016569,0.0847492410102262,0.0813282193924723
frank,200,668,2.37192951891445,0.25,11.1528864726583,15.9470137249488,12.2757682135074,16.1906797668875,16.5992765250378,6.54572296400698,8.93122097348801,7.10516116308272,9.05213436477812,9.25631644223392,10.5322461949146,16.1420021316376,12.5451301609267,16.3123811106913,16.174602833675,0.0228151358091725,0.00309897518954958,-0.0265914278540375,0.0165772159322744,-0.00034261526114268,0.0274610045778395,0.0431545003620818,0.0331181829089929,0.043703652112722,0.0421261912713134,0.0275633961306429,0.04202207711096,0.0328144552644009,0.0435112146719349,0.0401657228525028,0.0278243423219043,0.0406023312823113,0.0312494086025282,0.0403225330264385,0.040805572193981,0.0287392513440885,0.0394685920899017,0.0290656417914511,0.0406386981844789,0.0399657696228302,0.0286322187173408,0.0442428829971158,0.0336072428213919,0.0454626019797707,0.0437067849308511,0.0279823985763367,0.0403927395287341,0.0304290153262284,0.0413920139279784,0.0404612359526162
frank,200,669,2.37192951891445,0.25,20.314188212028,26.7341385288778,19.1550110885401,33.7553827339622,28.4716946487757,11.1049043686588,14.2979720306048,10.5277012962446,17.7908866705784,15.1627354761673,17.2636039290217,26.5994389617135,19.3716361212376,33.7179928223347,27.4263328129541,0.0328705838157947,0.07172980130391,0.0477761618252055,0.0848446435895949,0.0740404728021434,0.0537558713307524,0.0653882210145789,0.0451831463653435,0.0824322298357437,0.0691655636169606,0.0516474889515669,0.0701125061742378,0.0507760601690383,0.0868455627588428,0.0734465050709469,0.0501727529687881,0.0675224861866338,0.0476646368416538,0.0847005499920677,0.0711508417309322,0.0490298904758711,0.0687038257424765,0.0494464248419592,0.0858567275347815,0.0711635475483391,0.043610431994504,0.0636075327800852,0.0336794818738991,0.0850047143859713,0.0753741335909026,0.0496473732118775,0.0669258214189381,0.0474562433115701,0.0842063180476921,0.0705260320117322
frank,200,670,2.37192951891445,0.25,5.84888638052591,3.30573960960148,-0.16193511308199,11.948576983199,10.358621162998,3.90727745835557,2.64157692304664,0.916826717271103,6.94136579535469,6.15014822470529,4.95728708106083,3.90534637287077,0.393893742152813,12.3977434291956,10.6751914208116,0.0154627343810235,0.0113324664351601,0.00343477183055367,0.0333829252441223,0.0280831528746053,0.0125591904331176,0.0106681560128493,0.000407241122974399,0.0322527473398112,0.0280030103105873,0.0118122889528698,0.00671775501432234,-0.00434534333761676,0.0297652001759296,0.0256248016464356,0.0138595682122323,0.00922395379102799,-0.000944039445070758,0.0319774480028023,0.0276570826528442,0.0169331638465568,0.00967944674746729,-0.000262706152943739,0.0314384135682922,0.0281009257061721,0.00663877746289314,0.0129951389881421,0.00117817468232203,0.0348648681260599,0.0298590815353507,0.0140830593382899,0.00881249368692148,-0.000339758895227654,0.0302109414763374,0.0267928355410847
frank,200,671,2.37192951891445,0.25,10.7350248825014,9.42114478043156,4.27010244078122,17.6914280597563,12.984193462425,6.33781065037236,5.68483821334249,3.1226059908497,9.79902915494732,7.45766009918311,10.0239430983234,9.60344602240794,4.49641446675868,17.6968727635814,12.7391643234737,0.0308020727193119,0.0167294842567749,-0.010848384997867,0.0487163460703877,0.03512649229977,0.0244936597921453,0.0259252338382203,0.0116797921241434,0.0455683153222401,0.0316198820447399,0.0309828941113978,0.0260890157278271,0.0115443541053403,0.048096322279129,0.0358525515187781,0.0262054439659738,0.0225754189538658,0.00984233575835788,0.0434864131792774,0.0293426957308569,0.022182181439835,0.0180954321189019,0.0063729710689497,0.0395903270844027,0.0193516557769114,0.0317806642594907,0.0246604566636296,0.00890774077252493,0.048628523708523,0.0364100737606784,0.0274905188995765,0.02314249294096,0.00942311468135771,0.0443585687260367,0.0315144925502697
frank,200,672,2.37192951891445,0.25,28.5970914959041,25.2498734758475,14.9207019424754,37.1904611204211,32.8838270197647,15.2260533985117,13.5594068961053,8.42089000785868,19.4997958476873,17.3575522844271,25.0437345935224,25.4935270283577,15.5049756731826,37.1915298687321,31.9857411591226,0.0736790611945084,0.0469453580283773,0.0145842373763167,0.0905032297384601,0.0731854941679929,0.0610087713573248,0.0585778794960499,0.0342709645094294,0.0874220797380478,0.0756684478430473,0.0665139703453187,0.0606503988778834,0.0352933701301319,0.0900990353506393,0.0805402592034895,0.0700147956618323,0.0635597517353239,0.0365994549666842,0.0940960276508461,0.0827664418566919,0.0673886246910611,0.0630628784226099,0.0374202698576617,0.0929424553244425,0.0796387879438712,0.0701275369436325,0.0617024179050983,0.0365112309824316,0.0928715553183414,0.0846690634551524,0.0686467150318004,0.0629337747029565,0.0365464779631431,0.0932620608992817,0.0816085746590329
frank,200,673,2.37192951891445,0.25,24.5365635342903,9.6604127178799,1.29358412377577,22.5210159611458,21.1813831112874,13.2040348967335,5.80368501699436,1.64162928379113,12.2015242340123,11.5349847753184,23.0052059694292,10.2124538994523,1.60995268142975,22.7131396206009,21.6655942895544,0.0653443095825923,0.026904152501404,0.00561837521815385,0.0606183969977009,0.0565793916390363,0.0616831757566681,0.019214776559659,-0.00446934755803241,0.0537851183217452,0.0511025194828206,0.0613207952104714,0.0245087651535925,0.00480147956806955,0.0541744224017571,0.0533565088839087,0.0633475468186862,0.0249030462664603,0.00192324930478547,0.0591336169978506,0.055400315814053,0.0618675750580571,0.023921496908981,0.00256825042818264,0.0556602660540092,0.0527583667921548,0.0663061399054799,0.0286337827636917,0.00750772096173789,0.0612995314664855,0.0572808808231932,0.0621791220125918,0.0231145573625594,0.0013534922600342,0.055952593095965,0.0526754723797982
frank,200,674,2.37192951891445,0.25,14.7036126491384,11.408632787634,6.04983784799692,15.8486731284987,15.1575915170399,8.31310197348231,6.67357942995949,4.00774717525605,8.88244008915618,8.53885529369302,13.2973494422076,11.6549490642615,6.47049897844773,15.6874068776872,14.9625925345354,0.0226546442551706,0.018875109769824,0.00970164851310023,0.0331040863974708,0.0233061739039577,0.039510485776559,0.0313690282645375,0.0176150088475513,0.0424675827573072,0.0404328690404942,0.031836785744106,0.0204857179428359,0.00784012903742828,0.0340336840504962,0.0290347939627736,0.0345298122899049,0.0275328958561278,0.0141243615976992,0.0388097921781716,0.0359846174925372,0.0386065635480248,0.0295832034940203,0.0137501296469084,0.0408020064982058,0.0395545779036168,0.0409924150762009,0.0321525859288468,0.0138617647602359,0.0439215337132439,0.0424715908617875,0.0356193148374912,0.0281024221986161,0.0144822784608162,0.0391330122908525,0.0369621122655183
frank,200,675,2.37192951891445,0.25,12.3898985695572,6.93308780593725,2.00393489574329,13.7043405271646,11.9386948377117,7.16139082423388,4.44679313924433,1.99446178710974,7.81568398617831,6.93725091899569,11.4104780484969,7.20538056375312,2.39564751472555,13.5458881304892,11.8726744735216,0.0354226306650069,0.00608094504970478,-0.00993157166701307,0.0329105935573393,0.0237589900953495,0.0268033672589325,0.0179044453925694,0.00665116131283582,0.0339449003354937,0.027777459395573,0.0308289215659266,0.0174420948113341,0.00508619432861346,0.0357520432729428,0.0316132351385613,0.0302547182670442,0.0172378229045377,0.00563478469023723,0.0329881846229941,0.0290612851743228,0.0323011782606638,0.0176927565713229,0.00464651779490758,0.0356061884721496,0.0304370226690562,-0.00121582733803109,0.00773778546112054,0.00472243970476716,0.00950161912419881,0.0163605825222083,0.0309487409742447,0.0169565225536393,0.00489418466626046,0.0332395300930516,0.0291911448838284
frank,200,676,2.37192951891445,0.25,12.1117480208303,13.1647745879401,7.64844789118275,21.3925696902384,16.814900609219,7.02292305043314,7.54724832592495,4.80350581685855,11.6401365502815,9.36315005867811,10.8953217393869,13.2989267484342,7.89072796515324,21.5349335190255,16.5781675500119,0.0301175237022947,0.0235206157778827,0.00104139292243872,0.0536508392959415,0.0377546203485268,0.0313600042262301,0.034039897228402,0.0170181021883591,0.0560249935926528,0.0424310146106692,0.0256179116244994,0.0316433025746847,0.0186809900913699,0.05013324855179,0.0381933179251834,0.0286190468394766,0.0318700632756019,0.016888230637125,0.0530937055050521,0.0413282110257568,0.0270734329484299,0.0280157285167431,0.0126014198779497,0.0495401295435363,0.0355208149969812,-0.0202405483668263,-0.0212441759008324,-0.0320881462633842,0.00124999490218483,-0.019680837068711,0.0304158592748688,0.0328591784043432,0.0177979430277014,0.0543478600406328,0.041903377587543
frank,200,677,2.37192951891445,0.25,19.2960218139501,16.5670004948419,10.0977035884362,19.1946535341715,23.7037848367124,10.5965953936905,9.23929115029174,6.02109833596067,10.5464945678159,12.7896395668581,18.7290975325536,17.1647340898168,10.5471417782755,19.4078578806189,24.3141816303762,0.0524592332177639,0.0359792621889917,0.0183724682793293,0.0365440057949554,0.0557136945623791,0.0462161785259456,0.0407681221335032,0.0256669169555776,0.0433129458106413,0.056794699947466,0.0491460560703226,0.0400511435671526,0.0226308396522745,0.0477124106557068,0.0595704703926054,0.0486163299677105,0.04265678364774,0.0265628578242838,0.048513792358235,0.0599494339603195,0.0494806127752752,0.0447010488622503,0.0278857189693789,0.0507271500184422,0.0622601645661857,0.0527939758084386,0.0421512470542376,0.021777636182496,0.0529342429731974,0.0622294581459733,0.0501815513155638,0.0420540108308929,0.0251435589667317,0.0491082738347649,0.0605705052912532
frank,200,678,2.37192951891445,0.25,30.0446791752479,33.6892923478312,22.888465492548,47.9522093969492,39.375931331205,15.9465357017241,17.7579811361194,12.3848826086442,24.8535697288301,20.5881573635219,25.5427575782781,33.7724059221453,23.5879807442757,48.0449996730125,37.5298228922032,0.0533930158038115,0.0883008534646695,0.0622211474102377,0.118957954231898,0.0922600998655844,0.0743820654109804,0.0780317002782994,0.0452747314884402,0.11809461857551,0.0957732226421746,0.0628829162772519,0.0806224464388009,0.0554298192075317,0.11480464971003,0.0895940785281566,0.0740782766327427,0.0838743869536916,0.0548313254646979,0.121185330099358,0.0974829092749585,0.0701583258255354,0.0824108692182923,0.0558909604824568,0.117184025864278,0.0941012393626943,0.0665585504920745,0.0790910984197496,0.055417817519524,0.109594477054563,0.0745435173776089,0.0714380648346323,0.083743396166812,0.0564467380277408,0.11977065784454,0.0957741826678116
frank,200,679,2.37192951891445,0.25,37.9483328141981,34.6244225587713,22.0407295872991,45.1923255945514,48.8467151795831,19.8765059571183,18.2225759850416,11.9624971232529,23.4801064112046,25.2980283696839,36.7367000847709,35.8050395436784,23.1278136927926,45.6078492068334,49.7125681591026,0.0995963683975798,0.0891967650721089,0.0537767052318506,0.11725964830509,0.125890630929571,0.0887386114631329,0.085421030053465,0.0560910883136045,0.110370032368106,0.118420238306355,0.0960807103958407,0.0866919381442865,0.0534269286285661,0.113201245974789,0.123885764638642,0.095404625561675,0.0875092063955698,0.0553625439038737,0.114200824920326,0.123387981104138,0.0982060798475047,0.0893319930738389,0.0569106551395277,0.115929677225405,0.125083254779469,0.0944886848947996,0.0915608581315623,0.0598842508236899,0.117434867035791,0.126491719216767,0.0951963581549147,0.0878335648611034,0.0559384253392756,0.113972671675253,0.123393273876872
frank,200,680,2.37192951891445,0.25,24.6663830256149,25.827596922856,17.1048862183129,33.8895888798632,29.1868442406456,13.2700928333302,13.8469613436266,9.50755904984493,17.8577528106996,15.5191421329772,21.4867155275449,25.8406815772939,17.5641873947565,33.7712903646528,27.4030169712949,0.0555484639335502,0.034673392447618,-0.00498387992004464,0.0661320036934765,0.0569735611017303,0.0590156235627773,0.0579829490446968,0.0370672806660972,0.0777368456762215,0.061813771579255,0.05464138022995,0.063336780963672,0.0439191603505454,0.0776578156448093,0.0658834587279992,0.0599855238397695,0.0646157054309934,0.0423482925124558,0.0846434574315208,0.0703589109270183,0.05888257414829,0.0638213120253973,0.0411496581215831,0.0848760565186982,0.0706245065578171,0.061474834974798,0.0690597415531589,0.0477377237870712,0.0896711137629394,0.0722722268386757,0.0602928102878092,0.0644166966176912,0.0418157904899214,0.0850848603965676,0.071089313463541
frank,200,681,2.37192951891445,0.25,24.787695479479,14.5425645698974,5.20438220605756,28.632154463754,26.9115571404275,13.3296065598109,8.23221209873103,3.58677962521233,15.2418291784986,14.3855471767665,22.7885115149024,15.2948038614942,5.97435662903933,28.7916827307747,27.3953069061498,0.0587880536358427,0.0400339147769409,0.016834259930173,0.0747077473963581,0.0691206924113881,0.0626968543451359,0.0384235664425614,0.014148819143741,0.0749212078266721,0.0696707934714915,0.0642823286753563,0.0380931469236311,0.0130728268260121,0.0748367037240266,0.0703606627046369,0.0596469485010603,0.0355440329378116,0.0122122912147645,0.0705424430452362,0.0669558424853842,0.0644218131735663,0.038657874266419,0.0147897423797435,0.0737199798292353,0.069983844662953,0.0651391230230782,0.038718493446896,0.0111700188664616,0.0744141017465998,0.0710553312703566,0.0615252927059707,0.036984033283489,0.0131124891998484,0.0719322439863041,0.0682116163109154
frank,200,682,2.37192951891445,0.25,8.56889852743481,15.387571587135,11.8696671569771,19.4731357979178,17.1029033974935,5.26117980967821,8.65275207206811,6.90280228137871,10.6854603995339,9.5063363724058,7.20412043434,15.5929137766862,12.4237364250188,19.4097727210007,16.744989462205,0.0234363685527928,0.043455507508842,0.033327073978754,0.0511685789255969,0.0440443682161859,0.019770338321474,0.042186031760632,0.0312213079935515,0.0533389246353409,0.0462725092945564,0.0193656568212313,0.0395305319838105,0.0295711127834081,0.0497841631049359,0.0431875172403916,0.0172593879119769,0.0381191352248336,0.0297164707594515,0.0467244115250313,0.040526772713238,0.0196252401347817,0.0359436431232511,0.025400529860146,0.0485127535948283,0.0429600613374587,0.0234494599622836,0.0317248499599888,0.0226055924371142,0.0420440030031495,0.0391257474571312,0.0204783567601324,0.0390014374940373,0.0295237641186314,0.048920136829861,0.0428372491862667
frank,200,683,2.37192951891445,0.25,31.6425439526922,44.5161303456106,34.8377817836361,51.8138597139394,51.247033162639,16.7399734520771,23.143950052484,18.3295548790532,26.7744701702844,26.4924821892552,28.6047166610302,44.9210432996811,35.6495509156598,52.0799455214744,50.6900298025976,0.0838837839888517,0.115115656695098,0.0914508893375276,0.13159279740634,0.130454888857897,0.080756741146445,0.113164602648715,0.0873830241030696,0.130293796974011,0.130625254536425,0.080300094234082,0.113700860896581,0.0880969362797267,0.13065884208191,0.129743818686133,0.0783174998475057,0.111920175133527,0.0865575132260852,0.129227650493378,0.128804515464419,0.0766832018711991,0.109377851014009,0.0839173535231757,0.125380506519866,0.125546378691248,0.0802286190231322,0.112225862930094,0.0817644044084053,0.133565054773175,0.131010571359667,0.0792679620472649,0.112559806908035,0.087090573878317,0.130612632491736,0.129656686892061
frank,200,684,2.37192951891445,0.25,11.8011208781592,22.6913774848711,18.4437585337971,27.5287270921249,23.9891696433121,6.86889894703447,12.2863166677505,10.1734843235117,14.6929072109738,12.9323219579883,10.0486836650678,22.8500277628838,19.129997232251,27.6288633132086,23.1139163702324,0.0344887650852743,0.0600937903603401,0.0493780382011696,0.0709603719814647,0.0610241301529601,0.033684954691314,0.0566893639120914,0.0429619525283087,0.0709357906263886,0.0623790880603417,0.0299113343867256,0.0593006028458108,0.0493163703994071,0.0693768854004687,0.0616244509007797,0.0275561250970341,0.0566001492179631,0.0451151860359536,0.0689737162049057,0.0585867252369928,0.025735803915341,0.0587201507415369,0.0480250881746294,0.0709433323738511,0.0606918912447265,-0.00304010890829919,0.0611024179996714,0.0498232535768974,0.0695609913313325,0.055545118565521,0.0289969159706024,0.0566327192219821,0.044750303773141,0.0692734189830754,0.0595289926986488
frank,200,685,2.37192951891445,0.25,10.60322138324,26.5336315168663,23.490954540907,27.4953462557568,23.5307277164768,6.2727674938231,14.1981468727471,12.6849233665413,14.6764122178931,12.7043666904791,9.10117424598931,26.3313492703593,23.6239510960172,27.5037768624658,22.7215895324574,0.0241505915297826,0.0669593231459732,0.0625862642506541,0.061188734064999,0.0528470009148503,0.0248963841091144,0.0623614586422226,0.0531709226860079,0.0672979755628764,0.0537113254116759,0.023281570785944,0.0583810874365881,0.0467194483738653,0.0648529054275758,0.0536117310365401,0.0250617742684358,0.064973859905409,0.0564947478183537,0.0675279455038225,0.056285855044692,0.0291773429245363,0.0669477337502472,0.0579688094649172,0.0714989799563305,0.059927458185383,0.0218747842513033,0.0576587705129397,0.0497034002807424,0.0660857429065692,0.0377397036879373,0.0251038921363718,0.0651448672924537,0.0564980591962794,0.0680725671235637,0.0570432803790332
frank,200,686,2.37192951891445,0.25,18.2695428186891,14.0384544196611,6.6770951873265,24.777850095191,25.142259875741,10.0864440340771,7.98093280384218,4.31879408147655,13.3240297537566,13.5050707765628,16.7260654694313,14.8421169910441,7.64289073986642,25.1142019816673,25.4817598993017,0.0488394373460887,0.0361348667228221,0.0126260490506248,0.066190723365436,0.067669863385461,0.0461022735072383,0.0375658746975057,0.0188561575216195,0.0644103018206659,0.065922184858187,0.0445234500705737,0.0360281067955594,0.0182793063996124,0.0614598529369243,0.0630604061611531,0.0442689834860823,0.0368702944893973,0.018693132875074,0.0627744603547221,0.064145538148805,0.0437544363528134,0.0357629248334523,0.0181416466390422,0.061311771508554,0.062276012243141,0.0237178793597808,0.0364281193076995,0.0200569962113463,0.0627716415551573,0.0590790905528774,0.0460384569419783,0.0366849737397791,0.0178813562300403,0.0632181947106899,0.0645441156304098
frank,200,687,2.37192951891445,0.25,30.7401697753047,34.2209463290064,24.5658575151698,41.8717966835131,39.4647668537754,16.291748466226,18.0225057157126,13.2191793474089,21.828909243206,20.6317992831263,29.1613782552599,34.9179223020537,25.3550730519165,41.7308484475949,39.3475902599203,0.0817805387645892,0.0844017817389232,0.0533977962608078,0.109608217164356,0.102107134854992,0.0801171862514197,0.0883377834259667,0.0642212979181074,0.107834551994931,0.101517588064072,0.0708154156661853,0.0846117347771576,0.0613354913588776,0.102921791572774,0.0958322791429931,0.0773660506971944,0.0864397542019401,0.0618832816125361,0.10517617673182,0.0992268416812212,0.0730131185001741,0.082858993017638,0.0589111017818274,0.102933574671822,0.0948443606641219,0.0781210477140523,0.084272272018521,0.0584876899435881,0.0952695733485576,0.0959839986489058,0.0746430032950264,0.0853750860145383,0.0610406450348789,0.104170376754498,0.0974165679773902
frank,200,688,2.37192951891445,0.25,37.1260682167519,29.3389940961783,16.7364640227141,41.802560269537,41.9639783911017,19.4677633876111,15.5933823754025,9.32386515758906,21.7938805643959,21.8747693117254,34.7974615154295,30.2741487421202,17.6911761425436,42.094169905098,41.9624396706399,0.0958905450729372,0.0777462801643746,0.046794905539066,0.108206415769976,0.109797392947795,0.0937212697650236,0.0772067740115399,0.0462202792685411,0.108713338356421,0.106372964719797,0.0948692680578209,0.0762089745782406,0.0432969564860622,0.107514831488033,0.106523291815838,0.0935148387428275,0.0748549845978184,0.0432103041099271,0.105646204809376,0.104916992008889,0.0931683727723858,0.074005580417868,0.0416129913144544,0.106265700062463,0.105282414951266,0.0958003372838693,0.0774070514497564,0.0459914504393286,0.109462205508291,0.107764320827868,0.0925006466914268,0.0732574218007913,0.0409853886040867,0.105273218743982,0.1043310258648
frank,200,689,2.37192951891445,0.25,18.4359203964754,18.3920376396996,11.0289128416668,27.2446089133073,21.8259921900042,10.1700222539816,10.1482354256659,6.48585380441284,14.5517719987475,11.8563538047156,16.10495983651,18.2540475109535,10.9740903718634,27.208137219739,21.2963144522484,0.0331627827729752,0.0382426615123347,0.0184848970687297,0.0670435067341298,0.0468344202767899,0.0435114843457218,0.0443452045863227,0.0260823202468291,0.067745221090335,0.0533560366207446,0.043431112155289,0.0458519527234248,0.0264424282709995,0.0681105083961981,0.0543395506013034,0.0456142704589456,0.0466798345668814,0.0280663105717255,0.0689444947773094,0.0548304652072479,0.0459167105487099,0.0448913752559482,0.0248643553537754,0.0680832329730927,0.0535927660359202,0.0398694713885992,0.0509575559732937,0.0305433507884591,0.0718301802526752,0.057761859780965,0.0447918866662081,0.0441604397278904,0.0236667146117801,0.0678997994293335,0.0536696037382678
frank,200,690,2.37192951891445,0.25,20.0709654857278,19.3981597109225,12.2850906304282,25.1047130281379,25.6879698542927,10.983009507157,10.6479771896026,7.10933327776342,13.4872706857874,13.7772067138207,18.4512627915452,19.811148433117,12.9041625184877,24.9737247266271,25.6246401451414,0.0529888415963813,0.0534863095116412,0.0356987779057942,0.0677594103230483,0.0691323015139131,0.042013956620025,0.0513286668581166,0.035013251165705,0.0584625962970134,0.0607862122934213,0.0460601522186138,0.0487609424064678,0.0300925084487719,0.0614739668602238,0.0636626998835987,0.0496108949142606,0.0486632875449877,0.030775839718422,0.0621289627818579,0.0639011756266799,0.0453266848577841,0.044004521991448,0.0281244483169059,0.0562004041730546,0.0587646516947003,0.0525877577330714,0.0512376582684169,0.0335506193612082,0.0643437406083376,0.0659401642445952,0.0491999315302751,0.0483791730562905,0.0306333900060833,0.062147259594264,0.0638365441713898
frank,200,691,2.37192951891445,0.25,53.087933912761,37.5496647261819,21.2207341572022,48.6710041414514,47.0138650344721,27.4095930610188,19.6791983417408,11.5558216757682,25.2116803061793,24.3879634541738,49.5920518873955,38.0371911555183,21.6297153920499,48.4748843378854,46.7005098092968,0.135496839434073,0.0977993706304504,0.0577706970014642,0.123831846394348,0.121556540951996,0.122229479796434,0.0865177497686928,0.0450335031715085,0.116448779961569,0.104631822206137,0.132123355028612,0.0932395906619339,0.0525473907678256,0.123574252088351,0.116050100428685,0.130720895904653,0.0938838006155363,0.0533332953438971,0.120697004110365,0.116055855459086,0.128071348864085,0.0910783645838862,0.0518057481655518,0.118684270788275,0.114387445349682,0.137529317763758,0.0979094339922084,0.0575964858998548,0.126354326238497,0.122469249733166,0.130608945286444,0.0931207450143319,0.0519652600347697,0.121473979465299,0.116077788257699
frank,200,692,2.37192951891445,0.25,35.2858341247424,30.0914523479567,19.0456226790355,36.0411726190033,38.3348148365753,18.5522155275861,15.968227341418,10.4733539596168,18.9278908069321,20.0691878977009,33.7012821652753,30.7236619178157,19.4549445183302,36.0949611079841,38.7833394261786,0.0926524388771252,0.0799729320193548,0.0520169559198579,0.0945969233733504,0.100310207670954,0.0876335500918507,0.0778763045302246,0.0509723467167387,0.0915521786235308,0.0991184085734322,0.089482412522367,0.0739125866716728,0.0459533990168049,0.0878541406851141,0.094150265675073,0.0874584695512812,0.075325260653182,0.0472103047494832,0.0908673850342592,0.095326678181632,0.0852968619512903,0.0709157630544114,0.0427102017795483,0.0873168715566603,0.0909011015894518,0.093127243905758,0.0572090219428729,0.0136183628662355,0.0892349455401011,0.091472712099594,0.0873893937750135,0.0751770548916239,0.0469212122369679,0.0899114156810666,0.0955286569009714
frank,200,693,2.37192951891445,0.25,32.0579925428006,32.431960836048,22.2209149714691,35.8198303016765,37.3026875323838,16.9462538726205,17.1326816670127,12.0530594126876,18.8179932264515,19.555905820281,30.1881871469236,32.7545587845413,22.374944118056,35.7315302675884,37.320194333035,0.0803438567495805,0.0847139831704467,0.056109676351962,0.0945015669988957,0.0982293985511402,0.0740368311301932,0.0852820724439187,0.0588945564156518,0.0927774544893054,0.0947841134828515,0.0783411971415822,0.0795452661156314,0.0537674481343944,0.0849696889414066,0.0917523864714306,0.0802010169141162,0.0808019142544685,0.0541959207362021,0.0896970219931694,0.0933772922197667,0.081786282376221,0.0822102784795049,0.054260415634744,0.0926136733536106,0.0953946866554428,0.0648289750540084,0.0742955893724273,0.057994604922875,0.0760158686473994,0.0877284129805893,0.0799505733937985,0.0785265489186737,0.0519123614253389,0.0886296557755261,0.0900964169687494
frank,200,694,2.37192951891445,0.25,4.01395659385985,11.7276941966663,10.0262383941611,11.0071116998082,11.6180913339019,2.99444874037104,6.83182872087667,5.98562203755094,6.47338404500485,6.77722203730756,3.37378540024051,11.8030630031198,10.2680701357509,11.1218895082807,11.4944641627176,0.000934769708295494,0.0249043344981241,0.0243095181060394,0.0108421634724331,0.0188345717243142,0.0087712405812507,0.0288063252116488,0.026140689257504,0.0261038554414703,0.027855296912817,0.0121900697218001,0.0305866378625398,0.024314422102716,0.0294626056644305,0.0321781550869512,0.0099262471080259,0.0282338324029113,0.0235244263500822,0.0269637888007709,0.0287779522999498,0.00993874453204286,0.0310602746211942,0.025940652202271,0.0297629710885666,0.0308677500397797,0.0109104322026624,0.0316268290885512,0.0278657020825831,0.0293175013921341,0.0321314366054187,0.00932864891821097,0.0300436352498584,0.0255502712884043,0.0277590403356825,0.0294788289199479
frank,200,695,2.37192951891445,0.25,3.35094893322836,17.9134365696872,16.907874593478,21.9370882691733,16.6090300932549,2.66497465224035,9.90921287580487,9.40933781994406,11.911011019972,9.26059307325976,2.28631980930208,17.9898032385304,17.6147819784821,22.0852905334395,15.8590892608152,0.00431548677341874,0.0422015912538321,0.0399106614221158,0.0542618342736337,0.0401759574308292,0.0114207899229145,0.0460625080886626,0.0420145910329346,0.0560419026595992,0.044029091460118,0.00563304965401861,0.0469152046735601,0.0418908508138212,0.0564332616840957,0.0421157788323346,0.00748234771927016,0.0461661077718484,0.0425246070076345,0.0553836383708566,0.0418186677050877,0.0118738871692995,0.0458850701147207,0.0405387583659394,0.0576381845757128,0.0441777142862471,0.00063418146344618,0.0491739041108365,0.044246495350053,0.0592876048247532,0.0449991393455682,0.00837508436464842,0.0463465978482192,0.043125042442523,0.0563858790966278,0.0423152808551285
frank,200,696,2.37192951891445,0.25,33.2178327779127,27.620025841078,15.9411093632173,39.0049489228714,35.567878713407,17.5233595303767,14.7389023486718,8.92917440943646,20.4025093918421,18.6928923523915,31.2448868519916,28.0617781525345,16.1804666455162,39.0307513495577,35.7218409327959,0.0876774295795491,0.0588103057338307,0.02438038640025,0.0899219249255403,0.0916634376180003,0.085577250421687,0.065512748930637,0.0337253752395348,0.0953310968866781,0.0868465510723404,0.0852973517876293,0.0673778828472942,0.036267001039633,0.0994271223409068,0.0884723000625469,0.0833906333442468,0.068777239259349,0.0387147339860375,0.0980660095385392,0.0884268011600697,0.081278858580475,0.0663838846489389,0.0360583471628672,0.097309813617935,0.0865261854575735,0.0877282905916602,0.0736124089270227,0.0445362003136476,0.102032936247507,0.0918782583875008,0.0821659329363903,0.0686116353766634,0.038202048671394,0.0974715511072698,0.088178506820848
frank,200,697,2.37192951891445,0.25,23.7135704356093,11.3275181687388,4.05351440329168,17.068467499796,17.9168458165411,12.7951283893959,6.63351245022352,3.01491463614421,9.48931962582865,9.91134827350037,22.6279189864568,11.5619492763629,4.03155766487069,16.8952914427997,18.3049069340806,0.0642684641841869,0.0301509359025825,0.0104248582764371,0.0456199946797176,0.0459995196374714,0.0607376186133039,0.0250756848282554,0.0052672084977713,0.0415514361961057,0.0426841545268915,0.0623236640533608,0.028763469629131,0.00875886917932998,0.0441551531149996,0.0459143249085342,0.0584143190180479,0.0255573900376296,0.0066101504602129,0.0410202619243736,0.0433957541385051,0.0547287429972112,0.0231132636334008,0.00487385905111426,0.0386139679085015,0.0393793089719244,0.0258012777571611,0.0294125767269762,0.0149864434265771,0.0391788271721682,0.0420286791227495,0.0586130599964966,0.0263578791581303,0.0079817247376191,0.0413167459321613,0.0438017703894936
frank,200,698,2.37192951891445,0.25,12.9779899515227,19.9359421951802,15.6138833209612,22.1365565568814,21.9399569410306,7.45427978162253,10.9154291235248,8.76526206109423,12.01048071597,11.9128568197068,12.0187657320305,20.3462712355785,16.3078836894954,22.100597401016,21.7311324465735,0.0357328917661081,0.0547705466181233,0.0439203687709016,0.0553751449049522,0.0592889622426804,0.0282563180782144,0.0479942680607259,0.0368590049459009,0.0533669583252666,0.0518267273937918,0.0330925038658136,0.0431693195087615,0.0315445033344083,0.0520979511046362,0.0505077233533961,0.0317395163788261,0.0500479971264338,0.0390893141096301,0.0560692761612501,0.0538956493766045,0.0334218463325218,0.0520243515849909,0.0403248632620435,0.0571900786709193,0.0566527132278973,0.0331228322103366,0.0483656718450054,0.0390391563674093,0.0544754368765359,0.0546625735473075,0.0322949809674815,0.0510207743821218,0.0396018378798379,0.0563457470618152,0.05529268550025
frank,200,699,2.37192951891445,0.25,37.187796331374,45.604698857517,34.2472434141462,48.4650193314616,54.2510211334216,19.4975609291339,23.685421720644,18.0357746420337,25.1080980268634,27.9866817040839,35.4668243935027,46.2794916729416,34.7622945843655,48.9622575592612,54.6413365682455,0.0874760752503292,0.116947855964638,0.0819083327657754,0.125970449464172,0.140535704723885,0.0939544263784663,0.11714044625427,0.0882012322323061,0.124095890189433,0.138700152039072,0.09358593072109,0.115131636795216,0.085341868027614,0.123663405477665,0.137694372828278,0.0947457549841377,0.116009467793534,0.0872650757399198,0.122977339150569,0.137466802864303,0.0962195302317761,0.116922782064693,0.0877265308993127,0.124980966081393,0.138482395923396,0.0949804133602439,0.119010036771375,0.0897901957260098,0.124558888894348,0.139665402700581,0.0940250072950062,0.114499780714193,0.0847822488708316,0.122198584191015,0.136387887921745
frank,200,700,2.37192951891445,0.25,11.0687268998642,31.6572402830442,29.7316093583313,29.8459977783772,28.3071909005916,6.50459330216226,16.7467026162838,15.7888233264282,15.8459863739118,15.0805680833556,9.25776105898668,31.6001848169268,30.4607481309856,29.7259974297743,27.1530566235345,0.0326533899536563,0.0840570924417429,0.079284376041786,0.0784333497317012,0.0753365436115002,0.021286580308689,0.0792557978657197,0.0763881645406709,0.0708621365816901,0.062862187698621,0.0289853494134363,0.0807031811937154,0.0761292292953375,0.0743635547997291,0.0708530615733388,0.0287278384405871,0.0806422251210786,0.0753694824991068,0.0753939031636824,0.0717764543446402,0.0255873548191372,0.0793164591587819,0.0740886889383862,0.0740104200806904,0.0688537398409939,0.0193980599354852,0.0775528117363394,0.0762885564462155,0.0675767970957444,0.0682925090798639,0.0268935613758598,0.0799297186632889,0.0749890496035632,0.0744061897218359,0.0704857154392651
frank,200,701,2.37192951891445,0.25,21.6398465119282,30.4509148437296,24.0302033085552,33.3630117543122,35.5254090033759,11.7634997947543,16.1463727186742,12.9521464325128,17.595542044187,18.6712446498966,19.8954487795685,31.1241593224762,25.1177613321102,33.3427797958092,35.4200727453018,0.0554159984686924,0.0729515054599115,0.059537850004734,0.0818403724847209,0.0847780424495746,0.0565220669776879,0.080583664581541,0.0638640428139011,0.0870792654748059,0.0934821832445261,0.0507741266231534,0.0768491700295751,0.0603941596366026,0.0816615498536189,0.0879153704947137,0.0533573822013615,0.0769807643929293,0.0612478485335539,0.0836073008653319,0.0888586414817907,0.0548978721070629,0.0787861636779287,0.0629487703102225,0.084714031625532,0.0899807890609457,0.0429804496674756,0.0700399006103041,0.0609232238248855,0.0697324704576815,0.0789176268078644,0.0536207973823908,0.0771877865607723,0.0610835683608566,0.0834980554536307,0.0892094614776836
frank,200,702,2.37192951891445,0.25,32.069569584749,46.8132398420937,36.4513174677218,57.8822913145294,51.5443069788517,16.9526389047257,24.2870031108509,19.1324614899625,29.7938347676659,26.6409696965479,28.6049192852878,47.0154725414905,37.2263535727412,57.9307456130249,50.4614862417918,0.0791723645663843,0.120583627928639,0.0959535703637961,0.143038804100133,0.130654285252994,0.0744757689822311,0.114631730390204,0.0868880801075063,0.139479596760033,0.122003267019688,0.0787048358938771,0.118921929060174,0.093627571454761,0.144305904893512,0.128371789993612,0.0777988904790036,0.116716665209727,0.0885640114280179,0.144586609798025,0.128552399332716,0.0772394530554411,0.116829723321026,0.0901887463809548,0.143952671756465,0.126854886243405,0.0829952780060026,0.0983454274714465,0.0681971120201353,0.129031483297662,0.109846477963515,0.0792840515281496,0.117262508663705,0.0903107306917137,0.144966821574721,0.128616735089942
frank,200,703,2.37192951891445,0.25,25.6253240989832,33.3599064246613,25.6249096493102,35.2058483441613,36.6976960005041,13.7460862074229,17.5941000596886,13.7462491142957,18.5125998466814,19.2546570309822,23.4744160061986,33.5632075820094,26.1884560115769,35.0364023883945,36.2328192473975,0.0690604169238988,0.0883342028873723,0.0679589800134669,0.0911662812495466,0.0967434103611833,0.0643439056146008,0.0860108442166399,0.0642960376340048,0.0904681444431387,0.0957275454956006,0.0592993063767783,0.0856265397463756,0.0676370787473665,0.0884158761755898,0.0904555104079648,0.0642134980718556,0.0817215988365368,0.0619111424101625,0.085570807782896,0.0905246417873616,0.0643527985113376,0.0860361056590201,0.0656368008349394,0.0908509233528373,0.0942559391178303,0.0668870007920852,0.0854110419541892,0.0642820349191116,0.0902964167259549,0.0967291902142502,0.0641949309301442,0.0830580017656172,0.0631166483790498,0.087647812747809,0.0914813989519253
frank,200,704,2.37192951891445,0.25,25.7456578605513,17.0319235802579,7.62039994562566,29.413994687813,24.7801059833719,13.8068044484101,9.47125239619402,4.78930680503757,15.6310216651132,13.3260737015304,23.2075780713976,17.3614939412019,7.98149223914767,29.4328296876296,24.506858033588,0.0693428719162011,0.0385065618621406,0.0118229357901409,0.0763166533079513,0.0648655552224085,0.0680950979081712,0.0421235216344658,0.0172813005330494,0.0744100097130212,0.0631744034491849,0.0637040021444022,0.0420775757085211,0.017434633559863,0.0744800590903239,0.0619416813558824,0.0635723838555662,0.0409146770458404,0.0170018377645588,0.0721266037651108,0.0606605086009525,0.0654223408221365,0.0442910676875829,0.0193183600992521,0.0763539228255569,0.0636608129598437,0.0507418219023895,0.0400591215661296,0.0195398633650302,0.0703090226400742,0.0465547698766107,0.0628240450345729,0.0413320910787934,0.0173456456113899,0.0729656781444502,0.0602916243127052
frank,200,705,2.37192951891445,0.25,33.5111585910375,26.532836203027,15.6974027610322,33.8988438949108,32.4484529417702,17.669795756412,14.1979860796862,8.8074183765493,17.8624706055261,17.1418070999669,31.6757644908708,27.0276177299364,16.2030624766281,33.6881981013302,32.1944247576465,0.0884459296936629,0.0613638333642218,0.0291562070294701,0.0886076296620483,0.0760522088605185,0.0803048120887381,0.052637825416624,0.0278654770384908,0.0716765874761596,0.0617616887982046,0.0821069549669595,0.0644419854999519,0.0382593134722848,0.0825067133340335,0.0779029294074731,0.0827687887316518,0.064581152684811,0.037531270498618,0.0833066568389474,0.0768642933646299,0.0808351439059817,0.0664350419084531,0.0408939921982675,0.0834319055191245,0.0749129839122582,0.0801810987889933,0.0712486735300417,0.0442285429308889,0.0884974090941163,0.0861203905117731,0.0820036327863563,0.0644589205900341,0.0374447833881983,0.0828250646364766,0.0775982298876392
frank,200,706,2.37192951891445,0.25,22.2547726815731,32.4042592664136,24.8079855591845,40.6730530341736,36.9477012786122,12.0698172143586,17.1185260345201,13.3398968350058,21.2321811794451,19.3788462895714,19.4459089478629,32.5587018337524,25.5272319159462,40.7593361286651,36.1367347429962,0.0571581301778526,0.0568777593468945,0.034797366549986,0.0852374551041809,0.0782074314154149,0.0505905830084078,0.0847663519364126,0.0651152343023355,0.101810227200889,0.0929434959450131,0.03781605378919,0.0800435321631851,0.062076016590355,0.100691898149316,0.0877252757738332,0.0546129352650244,0.080717560033171,0.0604889769819748,0.102319924138907,0.0918406914836641,0.0567912239599442,0.0840237276624334,0.0635562527749347,0.104528491506697,0.0954610923338482,0.0484318056812946,0.0818496358875637,0.0652818406748527,0.0983776419675407,0.0928801542358383,0.0551804189236236,0.080818064114006,0.05998776532887,0.102179906720629,0.0929064230666964
frank,200,707,2.37192951891445,0.25,18.3333763021855,20.0217101131157,13.0884246675211,26.9303472683243,22.9961858309237,10.1183342664052,10.9587244657371,7.50992595814262,14.3954238835633,12.4386485061576,16.7533242552266,20.1205912828747,13.361583736179,26.8801805905181,22.5814391988604,0.0500959183421143,0.0505212172922085,0.0319247767992501,0.0690506940306548,0.0613239792526781,0.0436819687208055,0.0446663324758503,0.0273326813660671,0.0613286709040683,0.0520212529104935,0.0378833809558146,0.0458799997821052,0.0262314913914701,0.0650539393212951,0.0542424802972385,0.0469934809402339,0.0522724270935672,0.0337879658111374,0.069502090351534,0.0589468602326352,0.0457797205201695,0.0408913709085042,0.0197181138116161,0.0621210053619025,0.0503112963901676,0.0482067625420174,0.0518543288963159,0.0361765208842994,0.064996637008329,0.0586678714589377,0.0457475737318092,0.0499902493386914,0.0316594551097454,0.0677208512520793,0.056921056863607
frank,200,708,2.37192951891445,0.25,8.92923962466018,11.3698802189345,7.32133503236502,16.0186785996267,12.4227882414013,5.44037508644909,6.6544482557671,4.64064805257496,8.96700290528306,7.17818766431285,7.4808255948422,11.2307208122451,7.35922511892276,15.874191453825,11.962946856451,0.0264214748043653,0.0328505460086413,0.0229127360387733,0.0444391337182744,0.0345761937165704,0.0193740215565584,0.0238114065303977,0.0130971613766192,0.0381208657240727,0.028468438157315,0.0170845286217073,0.0246298918497829,0.0147811202273493,0.0363053310968295,0.0273747797482233,0.0229005207478118,0.0281629689723416,0.0169178224741506,0.0400052420535691,0.0313222117299487,0.0235703630111692,0.0313766276823777,0.0202828555046565,0.0428440966842195,0.0335892638516778,0.0191806531405914,0.0330411611245954,0.0232014620565914,0.0418585637690104,0.0328484407574007,0.0217628043887011,0.0272914044291247,0.0159530426125136,0.0401458052181268,0.030594879913167
frank,200,709,2.37192951891445,0.25,13.0739473035469,18.600339674633,13.201282548172,25.4905578906199,21.8408414257783,7.50200655233393,10.2510766820877,7.56547632606192,13.6787679203389,11.8635612316279,11.3104520239874,18.8099490464049,13.7508736522512,25.7155828859073,21.1014096666518,0.0254423195204634,0.04620660449282,0.0338550161659786,0.0676882710113111,0.0488320863916479,0.0311815854616338,0.0415060764475635,0.0236337316138861,0.0591141469306498,0.0495501356384776,0.0329837151124199,0.0446155533880056,0.0290571161709151,0.0632113149427222,0.0539099275171377,0.0314853852392645,0.0462886638593746,0.0324395337416104,0.0642989901626211,0.0534779060920853,0.0325628429843455,0.0498718443630315,0.0363405568047373,0.0653138294713236,0.0562102392711701,0.0316612334508396,0.0437598323444719,0.0303608367521157,0.0613730666923856,0.0465077477629611,0.0317889799587428,0.0458757282855824,0.0316075324828688,0.0635811269479174,0.0526459311526129
frank,200,710,2.37192951891445,0.25,15.0273275469452,25.3791815491536,20.0125986335691,31.9311324574436,26.9436140373192,8.47444051913545,13.6237848553304,10.9544484822778,16.8832023215531,14.4020138409905,12.603254982002,25.3439447470373,20.491926396139,31.9467031514276,26.135482000272,0.0420482907831174,0.0680962509507026,0.0547559545220567,0.0809594170196927,0.0715259970369095,0.0326132852806437,0.0590104411265574,0.0469480648032191,0.0745353233940292,0.0596869097561442,0.0309634060008625,0.0629228958486579,0.048791091689497,0.0786178721036062,0.0663155691021052,0.0351190528625792,0.0626513015303294,0.0483999146444018,0.0793209357885814,0.0667046520622014,0.0372058828964202,0.0615077854493629,0.0469915393269008,0.0786979196240987,0.0658436545317029,0.0418284575826138,0.0614325002031028,0.0439798676608414,0.0778102341542119,0.069176840008488,0.0360147919340488,0.0630223148672828,0.0481879490321471,0.0800032108807089,0.0672293908273979
frank,200,711,2.37192951891445,0.25,13.1227400302184,23.8876164238522,20.4428323020835,20.2927630693968,22.4955995331292,7.52612754049996,12.8814353314255,11.1677969437915,11.0930030152476,12.1895627450993,11.9345338262755,24.0516984248359,20.8323065169418,20.3722958160261,21.799451997167,0.033805578549151,0.0646018946174854,0.056083728365561,0.0555634140249831,0.0608619818904576,0.0365962753967016,0.0630582576527266,0.0546925034895849,0.0536112576737759,0.06007543854021,0.0350268456742284,0.0629654381626316,0.0535386535641585,0.0541866135311636,0.0596112980932106,0.0328862620507664,0.0602742061637016,0.051471903077233,0.0515783968012071,0.055641714698053,0.034391605199482,0.0594275845340523,0.0494741198831837,0.0506984132119499,0.0552836686213224,0.0373805870001227,0.0576840261009817,0.0435124388641667,0.04945958247628,0.0566718795630835,0.0326035077263573,0.0596739616320328,0.0509283661737503,0.0505957149551789,0.0547966697204748
frank,200,712,2.37192951891445,0.25,23.4799247023024,37.6384593473591,30.6461506097141,41.3187606516751,39.6128526818161,12.6790491893074,19.7225385655828,16.2443670321727,21.5533592591665,20.704978200618,21.0552305793039,37.7379998511822,31.135982805958,41.4215094541892,38.7725157188095,0.0580868138112694,0.0990917128197762,0.0805070385262239,0.106215656368672,0.103685671008952,0.0619049564250647,0.0864306987536989,0.0615186625272834,0.1028604088884,0.0944747796358764,0.0565861403089518,0.0969188916057825,0.0787531595958991,0.1054837099291,0.100396678864259,0.0566781090326864,0.0939652805215666,0.0764276188106432,0.103437101908311,0.0972869294404692,0.0584530838159621,0.0939419848855214,0.0757207540729853,0.102908805656505,0.0987838304696294,0.063586978049208,0.0975799557928135,0.080848516733842,0.0977603335201379,0.099456984902398,0.0581882367500489,0.0943245992217351,0.0759886484088649,0.103700231403457,0.0988795321454843
frank,200,713,2.37192951891445,0.25,26.4425918325167,21.7345774557122,11.9592739524858,34.3394175242615,30.500832402702,14.153611043985,11.8104809536687,6.94760169149121,18.0812289405733,16.1718342296137,23.4914762556052,22.0809375623602,12.5267631307293,34.465630931348,29.8453088358972,0.051523824621691,0.0587713859625899,0.0233937127565644,0.0887487894922399,0.0777371086576314,0.0690363295089419,0.0528288108383442,0.0283917139941341,0.0857589786382154,0.0761565135032251,0.0653375658113552,0.0543245394381119,0.0295495160854015,0.0856781002863124,0.0751392279669626,0.0664287416298656,0.0541431120257397,0.0291882574099513,0.086376578779616,0.0769260907913206,0.0602452390805571,0.0565400348302224,0.032575071672899,0.0876901533227638,0.0772083490105587,0.059857558204046,0.0258356340026317,-0.00475560589852289,0.0689981712732483,0.0525081213479913,0.0640477613823322,0.0542608090242219,0.0292181831454776,0.085892222866413,0.0757756633571033
frank,200,714,2.37192951891445,0.25,8.60488139051036,14.4276392522573,11.1146077284546,15.6497471781479,16.2274118898237,5.27821439227955,8.17503478747666,6.5271724046579,8.78288982630058,9.07053885136474,7.78098343451306,14.6264382631238,11.4172378141393,15.9086906653267,15.9615398082367,0.00403872409249695,0.0222502069363983,0.015972005684105,0.0260634293738922,0.0175349330228877,0.0153032161790996,0.0380446052012821,0.0317548147579918,0.0351964635642492,0.0384250273362364,0.0198596083040048,0.0357817820564864,0.0283375296819335,0.0383912268727113,0.0394015354996026,0.023241791312866,0.0368473984480305,0.0270159522838733,0.0405224905456599,0.0420645179381072,0.0215267315509537,0.0368499375213231,0.0278328958514236,0.0401928198394522,0.0410813440145739,0.0264753331923471,0.0380968575410755,0.0281813363828713,0.0426239629534913,0.0448897485891905,0.0226554929542708,0.0364282722191784,0.0268211677314087,0.0400866052481361,0.0412958908936351
frank,200,715,2.37192951891445,0.25,37.3716857458551,28.2039992775208,15.5800653349501,39.0356650302305,39.8808348406772,19.5895743599975,15.0289911004655,8.74870287697486,20.4178833972434,20.8382165320566,35.6927458461346,29.0058874641822,16.3279453158712,38.9514639977954,40.4049383498728,0.0937551453294877,0.0749797759280863,0.0437906837078262,0.101222832180967,0.104311216479132,0.0925194192761618,0.0726802205420356,0.04074748868217,0.0981708430137113,0.0988976515958061,0.095853264275825,0.0691557564285541,0.0367059013501376,0.0985552026067118,0.0989384056453319,0.0952006979684488,0.0716927335746797,0.0397495254150823,0.0982021383871744,0.100863494068256,0.0921476331692682,0.0727506362176236,0.0413821325050697,0.0973264985930632,0.100045173392606,0.0969313573545057,0.0649902478021539,0.0340511954336945,0.0950930555357281,0.0979837525802838,0.093948565263555,0.0695246322378515,0.0376022271401158,0.0967729041091249,0.0987204812748148
frank,200,716,2.37192951891445,0.25,18.5344105557428,26.807949335891,20.2153050899711,32.6723138630107,29.641311941982,10.2185865870686,14.3344648561384,11.0550827530813,17.2518971254791,15.7442707745379,16.3644782067351,26.8947356424314,20.6764927488172,32.72540247102,28.8761477863011,0.0295024489765369,0.0561943673077091,0.0396799445611697,0.0722859741571593,0.0557648511662141,0.0462846365593923,0.0672252406192243,0.0487375151278357,0.0818090027099291,0.0754713832189512,0.0457068965332539,0.0686399164812195,0.051382678261877,0.0828995618925214,0.0745165085678129,0.0475605258981684,0.0678027758525647,0.0504311047734117,0.0826290102228059,0.075073722291377,0.0483604651496785,0.0681119179603235,0.0511447780553353,0.0815070571535027,0.0759816682145699,0.0511355112781354,0.0683541970537062,0.051037090212068,0.0827133213218264,0.0790650406559283,0.0457355068606362,0.0663494930250959,0.049175236655136,0.0809971581602902,0.0728677112337512
frank,200,717,2.37192951891445,0.25,28.4203479548663,27.5738692182458,17.8462663623976,34.6132354610189,32.4168749896817,15.1371410148056,14.715859280759,9.8767869644916,18.2176742060173,17.1253303529226,26.126205524243,27.7498981418592,18.1013350485218,34.5830310727437,32.011558688507,0.0564227260724039,0.0482905239438779,0.0168482786454247,0.0729973726714097,0.064549403669424,0.0732424705088204,0.0731885508447933,0.0476785614297752,0.0906435215464584,0.0852420011395671,0.072754458923372,0.0668346351610833,0.0409543103033565,0.0857652605589788,0.0802578051515068,0.0690276406523639,0.0682474059666189,0.0430264462523301,0.0868912309306722,0.0792987881074033,0.0721526671972588,0.0687713483524812,0.0434785670301144,0.0866619226284904,0.0806995016794859,0.0754628431454091,0.073442816795072,0.049378629354768,0.0874749819330434,0.0837055302730617,0.0705978711831392,0.0683748264434251,0.0432325831126585,0.0865164670534826,0.080540921787627
frank,200,718,2.37192951891445,0.25,24.1847492807139,22.3984312432744,14.0637590334535,29.5367564631976,30.3992237235126,13.0293172404691,12.1405124082697,7.99428224360836,15.6917184002298,16.1209274427143,24.3657973198167,23.2905216920807,14.7957644784125,29.7592308003669,31.0895841991534,0.0394191708269397,0.0447156721867038,0.0304802627501454,0.0591355478850773,0.0558040952084323,0.0584714481249469,0.0589209982250788,0.0385651095001932,0.0763334349969624,0.0784285262485483,0.0557983914296913,0.0481810018171158,0.0266491966329731,0.066985706128292,0.0671010446304516,0.0591778001566516,0.0547805926977215,0.0339994950759365,0.0735866074961479,0.0741809953439796,0.0608796645715464,0.0576663380488394,0.0365148415458028,0.0738682964001719,0.0767036834566271,0.0652624612728217,0.0607262999648015,0.0396450001777267,0.0787922447415958,0.0802094946762069,0.0604091802759113,0.0568709290230365,0.0354328400549055,0.0749990785224211,0.0767445689830173
frank,200,719,2.37192951891445,0.25,8.24879121614272,11.921070852006,8.49696674294065,13.7753356928777,11.7439183470126,5.1012983049262,6.92851241819863,5.22526800860928,7.85082152319727,6.84078866744991,7.21161023721153,11.8060929271221,8.58929986572559,13.6935139893054,10.9658167136871,0.0168087143631684,0.0330736054983975,0.0254969008460445,0.0382149047129257,0.0332049759879343,0.0219358359709736,0.028805227939887,0.0194240494111629,0.0355662251036203,0.0316382327077983,0.0143126645012137,0.0271652714332173,0.0205470885319327,0.0312391227494733,0.0201317551240152,0.0188940559900557,0.0313270701536442,0.0227081903372388,0.0351855196033687,0.0289525986571607,0.0227734833925718,0.0297588878379686,0.0193548160552839,0.035574151323878,0.0298555735128247,0.0252107525682179,0.0309311366711434,0.0224393549142963,0.030862259204637,0.0339573169599755,0.020663955940776,0.0294915974137977,0.0202501426374611,0.0344252163545303,0.0280753659412148
frank,200,720,2.37192951891445,0.25,14.8896860240284,22.7137384898724,17.6236941433293,25.8765279132547,23.9934179385466,8.40520039301543,12.297718972713,9.76573339037709,13.8713182375715,12.934335989666,13.3241658809061,22.8184571408108,18.1451136680297,25.6798487384362,23.6217526703456,0.0421911751279026,0.0606912860419224,0.0481677400624406,0.064322078008459,0.0627185916354129,0.0416060603635831,0.0613488015614028,0.048467013432971,0.0690859377074296,0.0641999367095923,0.037880475489597,0.0497392912245822,0.0351576814629527,0.0597328737518335,0.0554263057010019,0.0380952530784402,0.0552634584987182,0.0404252441212175,0.0638146741101378,0.0586664229408961,0.034414912743897,0.0534834760713501,0.0404325926147537,0.0623720585744474,0.0574176113812693,0.0416510586267261,0.0616052499883897,0.0480704947215975,0.0694537157927495,0.0648695654024595,0.036504936186227,0.0569411037553728,0.0437048565485759,0.0648309323651295,0.0600512653278727
frank,200,721,2.37192951891445,0.25,20.6882554528248,23.0718304760845,15.5696382390743,29.2117361754272,26.4732426407984,11.2898669185878,12.4758555513828,8.74375750844411,15.5303582900863,14.1687208612166,18.9332041058405,23.3254232765167,16.0456129037911,29.1801181652832,25.7587530053672,0.0512998065786743,0.0607473283001823,0.0431467607709406,0.0681886837518166,0.0662204503298388,0.0501234918380884,0.0585448801304254,0.0388705509360545,0.0731229581669213,0.0626991098283103,0.0525487960368557,0.0606085153608496,0.0412888983040265,0.0756653311691743,0.0674789272731141,0.0528283950723946,0.0589472362993792,0.0395869915062027,0.0741221158095233,0.0661946468031411,0.0535844428275347,0.0583439711357207,0.039216585465582,0.0741947958357169,0.0666958609355683,0.0553107996028095,0.0626178561790829,0.0430497606068505,0.0777809208010499,0.0707280404101052,0.0515262763575205,0.0575170281908629,0.0383145365130434,0.072806871148738,0.0645452282380967
frank,200,722,2.37192951891445,0.25,20.0167816353176,26.0197824269276,17.8477883076497,39.2950560957633,31.0497117979357,10.956977094281,13.9423792197698,9.87701173901314,20.5471585035006,16.4450124065418,16.9354672148539,26.1571079258479,18.6548157851354,39.0516676313222,30.081782564446,0.0550395207380877,0.0694172501469618,0.0495809139674004,0.0970085366790792,0.0799346513489941,0.0429927641976404,0.060025632641409,0.0391192603639389,0.0964138716071921,0.0735079850086496,0.0509701856933703,0.0669647534273791,0.0458083903795226,0.100048801702326,0.0799154225170874,0.0464441663738392,0.0644350987979584,0.0443351856254873,0.0951753547406693,0.075137810489982,0.0476851786006693,0.0675051270704122,0.0462765311619569,0.0998769227365316,0.0792943289089403,0.0272709565029326,0.0653904112198922,0.0476846105591121,0.0968552177436248,0.0645263665248288,0.0485771420803718,0.0648053683507154,0.0437023456345745,0.0970158540682488,0.0769493463827669
frank,200,723,2.37192951891445,0.25,24.1293994608023,27.8825599413297,18.8896428129196,38.8221419090243,37.1562786058367,13.0021894956835,14.8685376462249,10.3946945717062,20.3113859306806,19.4823617155735,21.6672113350983,28.5566602803945,20.0224617841453,38.8930949647483,36.9970955695645,0.0634788202708038,0.0746538315625897,0.051707757374811,0.10093590290555,0.0977968175401483,0.0529499397884924,0.072494765269752,0.0508105481030867,0.0964943327339182,0.0918040039197562,0.0565933359454627,0.0677802281036976,0.0455219556397681,0.0929581444091552,0.0900280067191157,0.0583056292147959,0.0704493173225852,0.0476710638028971,0.0969801177670473,0.0931809255809543,0.0608585583098553,0.0729430083670828,0.04933078887095,0.100254774923831,0.0959476487551328,0.0593917157410095,0.070973098391736,0.0481808178287136,0.100768820677279,0.0978082110706363,0.0600442602326162,0.0711325526217306,0.0483503608531241,0.0975316479594791,0.0938917003201956
frank,200,724,2.37192951891445,0.25,29.9837808086434,23.9818857423486,13.5248760220932,33.9269046816695,31.5916063629752,15.914590157914,12.9286488399041,7.72642608377146,17.8762073324183,16.7149183051115,28.7593027065155,24.5583749013546,14.0916895889591,33.9080676384349,31.4570021005692,0.055612736262782,0.0494378306591035,0.0265603553618205,0.0756070707744594,0.066172630024744,0.0744913430572286,0.0622032631696934,0.0373748570420181,0.0883168559109527,0.0817965727894588,0.0763201061711747,0.0584951590162636,0.0320763081898684,0.0825253069259397,0.0779927304535745,0.0726054431688002,0.0590755321659826,0.0334018588998779,0.0836440572852742,0.0751070991622263,0.0741002417561587,0.0592910762663919,0.0321774498882361,0.0859669772103313,0.0784998291351052,0.0799094010213215,0.0645327370561822,0.0370757805748343,0.0889066693080659,0.0839595876898421,0.0755743299569502,0.0601586392783954,0.0337594024972353,0.0850301361067872,0.0782931778012401
frank,200,725,2.37192951891445,0.25,34.1031798074803,52.7587969854154,43.6736659799752,53.4360558660192,51.0865929535422,17.9640838294848,27.2454382110872,22.7261617157224,27.5822362218784,26.4137058966879,31.1915677391582,52.6627978044319,43.8254604168201,53.1819287029987,50.0960944299086,0.0885394054911718,0.102472987595813,0.0722159138968393,0.117281945136835,0.119425621529191,0.0844544589335626,0.134647450221156,0.111223810355961,0.135866018291794,0.130168061698395,0.0865513795087803,0.131961733542658,0.107040947972515,0.135895280003624,0.130213977602522,0.0845372560931148,0.12994289703636,0.10596376738155,0.132675786155633,0.12573588527193,0.0863209089544393,0.131489412213254,0.107426279296284,0.135352545897983,0.128214139123972,0.0821139900877506,0.131210219198133,0.0986164564072428,0.137337017684792,0.132600227628989,0.0850804440831861,0.131055506459207,0.107041189245049,0.133164792595149,0.126798207016997
frank,200,726,2.37192951891445,0.25,17.1649352797634,17.8840465839517,10.800190399196,27.8915214190069,24.3607369005014,9.53745833857304,9.89462391362525,6.3706328684932,14.8734201491087,13.1170165174915,15.0111626070348,18.2440459442169,11.5558559589287,27.9879669528154,23.7641638468417,0.0383499272052088,0.0365425661965183,0.019412312058533,0.0554924026581756,0.0509981915710896,0.0450887344407831,0.0481919020517016,0.0280228239660152,0.0744824234223918,0.064985899558343,0.0341694017396784,0.0464157488517287,0.0295442601560705,0.0674032516801009,0.0574921600136697,0.0432637563357835,0.0464866839751963,0.0284827309732753,0.0713574248198205,0.0620349620789401,0.0393167891619494,0.0452959435937125,0.0280157570895938,0.0687027473885539,0.0605649302559555,0.035962763770466,0.0332237013176658,0.0149566142115963,0.0685159368407273,0.0526047833983504,0.0426034974347224,0.0447693829635745,0.0265689109982944,0.0698291961595665,0.0607023654629169
frank,200,727,2.37192951891445,0.25,23.588819644101,29.9258320440865,22.4112585885572,33.3461575102051,34.3584179458134,12.7333551396611,15.8853414673654,12.1469509402149,17.5871993582292,18.0910148046926,21.2682589547592,30.3354094084813,23.2345636761002,33.3199896101569,33.7679744290325,0.0633861975312803,0.0783005703773433,0.0598297790724896,0.0875264744690301,0.0886649486051688,0.0624601675410479,0.0781224102794199,0.0580466454520637,0.0870897322312649,0.088779571854426,0.0562926279633327,0.0742033671908273,0.0555220727043572,0.0793433783310655,0.083368305656486,0.0560760520357373,0.0769954770322848,0.0579863889484316,0.0841403546809469,0.0862822316917976,0.0511065676440739,0.0743421839359167,0.0563394205752362,0.0809287868480443,0.0830198514470978,0.0538857531600717,0.0670248891862639,0.052119209960583,0.0777881296668806,0.081579363324535,0.0574621463581547,0.0751102097311824,0.0564265929707879,0.0826861992400191,0.08480992903532
frank,200,728,2.37192951891445,0.25,10.4876953154849,19.6722069109683,16.4803027311653,18.9151873271026,15.9402168817631,6.21631586208184,10.7849446693642,9.1971607981309,10.4080678939276,8.92913727046354,8.36265514444733,19.285218178139,16.4603041546864,18.7104450487835,14.4556764648333,0.0309591119599261,0.0457157870971317,0.033294100225105,0.0475969025181662,0.0398920711261627,0.0237177900880848,0.0445927503999157,0.034817289428038,0.0446223050448995,0.0333698555190969,0.0265376836975171,0.0466500564984375,0.0376570975191036,0.0474584401325853,0.0364048191529284,0.0254851347385712,0.0512087260211378,0.0428533480414697,0.0486915391790179,0.0395952429658751,0.0259571365850849,0.0474903435450673,0.0390375516634474,0.0458339387569923,0.0363186690619073,0.0137340410499644,0.0539753537204717,0.0460885906886645,0.052021765217321,0.0381575938128938,0.0232644861864714,0.0478257422263536,0.0398797179410907,0.046051469122191,0.0366151315888494
frank,200,729,2.37192951891445,0.25,25.2955386245045,21.7036259795262,12.0309980978458,34.3647775006765,32.9526192004684,13.5819651158373,11.7945924363754,6.98270646267723,18.0935867421496,17.3910421590434,23.4478558244031,22.4973056211568,12.9565197139023,34.6816503536745,33.163410731915,0.0655631172080942,0.0592539151752805,0.034735192151534,0.0908825642822968,0.0861883506213928,0.0654515163187384,0.0557601905586423,0.0323297631521858,0.0871900952894975,0.0829633202786503,0.0643548688706897,0.0530096480876337,0.0284310067280903,0.0852119722982303,0.0822872268007093,0.0638158575672172,0.0553637247985795,0.0303461229919376,0.0869419229550809,0.083696064020844,0.0623831774257405,0.0557706418327876,0.0320640074553783,0.0871508643360377,0.0840680042636052,0.0580353861088845,0.0463001412356814,0.0187198960011626,0.0814827909000606,0.0668535535536368,0.0634278785285352,0.0550667313465214,0.0303279468298967,0.0865977895302869,0.0832255351632615
frank,200,730,2.37192951891445,0.25,28.510128185087,22.1919641788154,10.8490249213069,39.9327244654799,32.598840728615,15.1819403836233,12.0381224476504,6.39535937736113,20.864135900132,17.2155813256854,25.2719107833251,22.5586849952933,11.5154267194887,39.9012799866688,32.1034710862769,0.0748805037794654,0.0584525018170036,0.0318985647357582,0.101291246688732,0.0819227251852042,0.0673147309108825,0.0560342066968556,0.027981683785818,0.101505208441574,0.080280786816211,0.0682482107945352,0.057306297511319,0.0264809153927659,0.103044041356009,0.0849258721634199,0.0709688690437333,0.0552531707534296,0.0250031220625128,0.100798254888272,0.0822425529136274,0.0692951864964755,0.0588936844674826,0.0302908567714596,0.100599564859127,0.0824258015804896,0.0754663018052587,0.054806822710195,0.0215264520797006,0.100558822644041,0.0863969567839977,0.0686172940302786,0.0556288871669726,0.0266155322780212,0.099889207829806,0.0810575148623463
frank,200,731,2.37192951891445,0.25,12.2305748652989,23.643221499337,19.8567832351622,26.210098680369,23.6317235395064,7.08304182522361,12.7601250684551,10.8767957911489,14.0370905024564,12.7543583227123,10.2257606729216,23.6129670353798,20.3201522324781,26.1423260138459,23.0128025892107,0.0355377721481695,0.0589637493389755,0.0443083304749009,0.0697886934442123,0.0633582167597127,0.0153299257934008,0.0602365399665711,0.053312002193123,0.0601241693416568,0.0567644119025586,0.0256917176244491,0.0577967820237182,0.0468232494507296,0.0628576030135638,0.0570436916282778,0.0256630305783989,0.0584766021286982,0.0490419474783725,0.0646507489239752,0.0570928621026356,0.0231496516971326,0.0588045013701604,0.049084627152915,0.065418479129361,0.0566884262155209,0.00299132840413869,0.0576111767614425,0.0529760586895863,0.0621684604751889,0.0467979383970342,0.0295461573189539,0.0583887314853723,0.0477148964140172,0.0652085643351866,0.0589220439313631
frank,200,732,2.37192951891445,0.25,23.5941122433392,35.1212506175491,27.5016276045781,40.5000893640656,36.8933513586365,12.7355451354124,18.4705514676711,14.6804472225306,21.1462575997397,19.3521321862293,21.5500277782901,35.214126805836,27.8590539564507,40.5137252648631,36.424575286757,0.0619377910883699,0.0924490869408427,0.0727871863589272,0.105793223389817,0.0972324896529572,0.0568564234117064,0.0924798721096095,0.0733711132224965,0.104065617254431,0.0951307775457028,0.0591112231433216,0.0870229497356321,0.066500580195572,0.10125534761381,0.0923362904052196,0.0578103736884133,0.0863086914217899,0.0661646335044719,0.100545321447389,0.0916899680308375,0.0583602306025332,0.0866389228607872,0.0661196213579657,0.100955716734609,0.0911037253256331,0.0636260207934281,0.0898038752681825,0.06664627197506,0.10558579005088,0.0947291731202237,0.0589934948477856,0.0858077660014304,0.0649207681466412,0.100618446880547,0.0909204266545289
frank,200,733,2.37192951891445,0.25,24.3975116759696,15.2519759346346,7.49326187976756,20.3984596837236,22.153901102116,13.1350806290956,8.58580580003666,4.72626615489898,11.1457142542608,12.0192311066942,25.3825289396045,15.9263058726443,7.68355116181767,20.3928239942717,23.1994055320523,0.0470127431265004,0.0300097566995468,0.0205369316673712,0.0409894723466697,0.0459641181314203,0.0614240685147395,0.0309554365601166,0.0123584928407399,0.0496782058696713,0.0515387333610512,0.0612324948296601,0.0352211730902898,0.0153044838371408,0.0496847032120938,0.0539020002454218,0.0620272485080571,0.0390639416375951,0.0197091504890906,0.0528218445379649,0.0566790377742115,0.0632183398692536,0.0368168273298645,0.0144761959391655,0.0521712131673359,0.0554583364519266,0.0634844108202153,0.0379251016476618,0.022329034139286,0.0487781678882253,0.0527460469115282,0.0615655309363539,0.03734358398102,0.0168911219408337,0.0511817529506652,0.0553026844524127
frank,200,734,2.37192951891445,0.25,19.4507808042315,36.7095826953855,30.740214278499,41.3531662695776,32.4574113986552,10.6747455682481,19.261161837629,16.2920078231717,21.5710566481797,17.146191176037,16.8312587719071,36.2260370389443,30.8992165691473,41.0974127102928,30.8045975633754,0.0490123117941072,0.0954082981198585,0.0814433145001507,0.105044995060501,0.0833033463396849,0.0511933380691958,0.0852998533445661,0.065865916049349,0.102077198625225,0.0796229255752823,0.0457662797502363,0.08261645410164,0.0658308615690945,0.0972377835770333,0.0724190461644078,0.0469827416704065,0.0895636730648067,0.0730898802113525,0.102238409954436,0.077986032210777,0.0464446551617887,0.0923946539031123,0.0763703497646056,0.104750147103145,0.080589783732965,0.0233091213262346,0.0852279365839303,0.075898686208937,0.0996481952822816,0.0714253236587623,0.04826062767499,0.0911479820581494,0.0749500200744172,0.103563239628196,0.0795736572800261
frank,200,735,2.37192951891445,0.25,17.6850616768898,23.6126660308496,17.0046093396701,30.7646692972314,28.0819738572535,9.79550835357541,12.7448082007202,9.45798728203533,16.3026470285294,14.9681037287068,16.0244811091459,23.8405206520235,17.4914894978098,30.9553357181393,27.8425619896681,0.0461000787474579,0.0586672560083726,0.0358860310520417,0.081386427573664,0.0734817900664592,0.0475218861953403,0.05662594476211,0.0382071422762185,0.0779204768892041,0.0685477405619705,0.0425450831542271,0.0592462772880632,0.0405774318251185,0.0777738138399218,0.070007984349716,0.0442125542584642,0.0579044582336633,0.0390181642270748,0.0772492441065687,0.0701798071468328,0.0444542893677227,0.0547492043625533,0.033717756891581,0.0764557625978883,0.0684882172709675,0.0101359792990183,0.0435041989507135,0.0317287254630865,0.0693901596114051,0.0520708994077912,0.045205986420115,0.0587734508405618,0.0407185782225793,0.0773453720465794,0.0706395491262444
frank,200,736,2.37192951891445,0.25,14.5304644295052,18.6251057120921,12.2111978971215,27.7553069037313,24.1493907351749,8.22627428606086,10.2632304378735,7.07277191432232,14.8054020196824,13.0115798995503,12.9234715945336,18.9482665414334,12.7421878111072,28.0618507263626,23.885247963078,0.0405947364974407,0.0475349789687791,0.0312989484377576,0.0706538195951369,0.0638129977610673,0.0355378227163755,0.0465547354346771,0.028842690169385,0.0715760627446503,0.0608746677259523,0.0383907243176592,0.0462620581354046,0.027711227126081,0.0712659445189879,0.0616786139852157,0.036458827475709,0.0471220349354558,0.0296363626611879,0.0707242416065748,0.0614029512735538,0.0365103348903119,0.0453638851921476,0.0283504098257205,0.0685501728252168,0.0576575763665207,0.0125220055918496,0.0365529658092627,0.0287103775782602,0.0551554660892863,0.0365401982158632,0.0361158196150367,0.0465774439024378,0.0294239901540419,0.070138431764508,0.0604283560779054
frank,200,737,2.37192951891445,0.25,17.6606155476471,16.9997991999729,9.67829181367363,27.2082057944757,22.2625186677012,9.78459841423744,9.45508465206558,5.81293228216683,14.5337656858972,12.0732517668831,15.1267492803041,17.1112797594633,10.0761108369409,27.1087224350666,21.7097471239321,0.042919290711097,0.0474652096777816,0.0286527584868363,0.0684886916921783,0.0572816131059386,0.0413623155378984,0.0436329768533889,0.0262581815702029,0.068362269314829,0.0568116681120795,0.0470503002202905,0.0450894665727016,0.0251188644916502,0.0711680305841019,0.0588813058486213,0.0428209497452868,0.0425451727044384,0.0234999630025272,0.0681809744431596,0.0560007180353788,0.0430494091474539,0.040918833193219,0.0231181574128027,0.0655548269888375,0.0544418930164708,0.0268730349638954,0.0456530835185844,0.0217977140089148,0.0706029765110762,0.0597791543468203,0.0411215994807061,0.0412986965080046,0.0226186572466885,0.0666102594046793,0.054473579158112
frank,200,738,2.37192951891445,0.25,32.5602256992729,29.7056776713485,17.2161428562651,48.0643700760996,39.3062753883384,17.1970363989857,15.7763058464844,9.563292650735,24.9095213852694,20.5526911916859,28.8269873106611,29.9474269769633,17.8758028792759,48.1175791852472,38.3907611455909,0.0863814377053199,0.0758691815131668,0.0416476148800722,0.12461847653203,0.103082787355877,0.0694815092386743,0.077031151607436,0.0454574562814599,0.122485675067205,0.099213761745074,0.0683066969077934,0.0734516219882113,0.0441359845060841,0.114170505369744,0.0921555759105834,0.0800630530057429,0.0742043789577625,0.0408268037769215,0.121467373982859,0.0992820869252965,0.0803592323291305,0.0702023912784948,0.037554856592888,0.119131437264534,0.0953751660035771,0.0835015376649775,0.0163039417894131,-0.0456128611693704,0.0987298660307161,0.0657874692697326,0.0800091980439503,0.0745229910891951,0.042454198609864,0.121220272639708,0.0980654836722857
frank,200,739,2.37192951891445,0.25,16.1035785764372,13.8544116478866,6.92437848462853,23.8804198147144,20.6375935258768,9.00866328822111,7.89007948619862,4.44281292876659,12.8779231967364,11.264577939376,14.7631589464219,14.2067900015912,7.38575615420522,23.969167012276,20.5973597480455,0.0375904445618463,0.0396323694168805,0.0222853528608528,0.0639835000757259,0.0564402377715381,0.0393688385486254,0.0368701503480898,0.0207054477341255,0.0607797757030515,0.0505308242410189,0.0406182132995079,0.0357038566693203,0.0166254429360727,0.0619387919592322,0.0537327338958504,0.0426541200093473,0.0351976654132253,0.017122809531284,0.0606823221546823,0.0527657763648023,0.0420256771162864,0.034353746939187,0.01372970866665,0.0617940958094981,0.0534467841782368,0.0450720173592518,0.0370438797810325,0.0151452595710969,0.064656778825431,0.0564963840723018,0.04129709145172,0.0351701749485328,0.0165194613226358,0.0604009647437741,0.0525916626320167
frank,200,740,2.37192951891445,0.25,21.1870455675789,24.7415767050827,17.304586087589,30.4105370845235,29.8720136751957,11.5385476531949,13.3062117322944,9.60644447376124,16.1267252313262,15.8588765975531,18.867158051452,25.0872154135975,17.9803473224679,30.4058400101098,29.4413760596469,0.0560974189907547,0.0663961111008739,0.0475600095761327,0.0809035115009545,0.0796767829899252,0.0564005907731189,0.0605941702677729,0.0406668880619133,0.0756277558921762,0.07541671018687,0.0475859355066538,0.062839223171414,0.0460888585215081,0.0752112572612904,0.0734302826308846,0.0521568524088451,0.0626734105002974,0.0435540772272517,0.0762398809787163,0.0751946811752328,0.0542294334196827,0.0601477070522124,0.0409887758829893,0.0758133614887202,0.0734877725495452,0.0216076348837466,0.0239580258486868,0.0209380315962268,0.0195587421738242,0.0411462242576232,0.0517335204529051,0.0624743824212474,0.0438931802745002,0.0758465087671181,0.0745273591646252
frank,200,741,2.37192951891445,0.25,18.9958123560895,21.8836350823226,15.5289713889233,26.1524070417919,22.9721071067342,10.4484408534543,11.885097430622,8.72388586815588,14.0086208623385,12.4271750669291,17.8936400443169,22.0950240234271,15.850009754715,25.9314855634368,22.4897602948651,0.0493933217307458,0.0591446468027551,0.0438223402284627,0.0630898229926605,0.059001181526877,0.0446935952006638,0.0570512371289724,0.0411568493962406,0.0656681223166642,0.0597087749321355,0.0441276570963242,0.0504157268676144,0.0346066307062898,0.0639809866163925,0.0531236301871139,0.0467066450280327,0.0536501761610004,0.0363620990931896,0.0647131190709759,0.0558245628873635,0.0468438830529488,0.0537366607197233,0.0361711810952627,0.0661955654111302,0.0543193695069402,0.0446045091490454,0.0492945423562992,0.0311447168574818,0.0678032072525098,0.049357055972442,0.0455604318190664,0.053986807145323,0.0380843195419468,0.064494904556288,0.0547158885990684
frank,200,742,2.37192951891445,0.25,38.3044645148844,27.8739315676634,14.9138254039769,41.9718677490279,42.9674849805861,20.054477178861,14.8643949215573,8.41702669303634,21.8780417215525,22.3733987208345,35.1915072718271,28.6650295917787,15.8643055176686,42.3205015854848,42.8088293103755,0.0961879159462181,0.0739555302168556,0.0413319771308506,0.109927163070873,0.111443166641916,0.0965859424182846,0.0719329742465086,0.0393652725313092,0.1076466012897,0.110624061065347,0.0954360696180389,0.0716137379176817,0.0378142799337125,0.107297026431736,0.109727047879622,0.0943623045308283,0.0699042058572685,0.0374751505891143,0.10483454552813,0.107888941060502,0.0951792913094901,0.0705169835828965,0.0374564180110329,0.105049706169001,0.107990685939565,0.0860012646091559,0.0675704988609312,0.0404732285270823,0.0989764854800652,0.107457773680909,0.0931977303853697,0.0689077043253848,0.036098917658313,0.10464313988908,0.10665246228612
frank,200,743,2.37192951891445,0.25,21.1267767549678,21.3223495817203,13.6995082300963,27.3704988791605,27.0904890496011,11.5082530710256,11.6052676401902,7.81320724403015,14.6140923918419,14.4750250381623,19.5387266097474,21.8077015404187,14.2662775779031,27.5454611747238,27.0969027511014,0.0570388462655816,0.0580511639599471,0.0392436768721842,0.0702247612176491,0.0695969789931341,0.0527738281979766,0.0563535840091702,0.0377732636287741,0.0705923752184304,0.0691171621213317,0.0557325618075849,0.0552092245653743,0.0342180593548929,0.0712417292607098,0.0710353774413989,0.052307874105141,0.0541985821431493,0.0348837008719202,0.0694926220542035,0.0677563860918358,0.053508222601821,0.0522364699810366,0.0326548930982647,0.0677846912568163,0.0666721162766309,0.0544080541536488,0.0563210005513006,0.0363780391023183,0.0731127144134386,0.0711459993134078,0.0528572044871285,0.0535164803830278,0.033868211655405,0.0689760241422761,0.0678787647810635
frank,200,744,2.37192951891445,0.25,17.3542256235511,24.9815106069316,20.4041353975134,22.2856728938251,23.233794505323,9.63193248769981,13.4263056818907,11.1492781742493,12.0850634569696,12.5569411238356,15.9374138683331,24.8941850663175,20.5008305253292,21.9278674114731,22.7275215482725,0.0253454336696443,0.0674432325792684,0.0501163201270663,0.0509033070119587,0.0567744977717659,0.0429218445692168,0.0627498767021012,0.0494558528145764,0.0581690878046108,0.0604091356935841,0.0439584041945907,0.0588365175100048,0.0450197973455528,0.0537023708303373,0.0547290913665677,0.0391952132169616,0.0593589247321342,0.0481363169877508,0.0532784664766482,0.0541651533127097,0.0397541947670613,0.0599733218230128,0.0488013909129686,0.0506189452243973,0.0543578555376677,-0.0272407913494407,-0.0119355611169931,-0.00832792360803278,-0.0125544791495763,-0.0278953313207742,0.0415239397241022,0.0604119790079237,0.0484952150706356,0.0538526366640995,0.0560670059448972
frank,200,745,2.37192951891445,0.25,16.3346380108494,21.2016001441202,16.2796370234915,19.3100843857788,21.6850685822973,9.12439273094208,11.5453930573956,9.09674204619616,10.6045223752923,11.7860651208745,15.1645557503656,21.3582010218885,16.5265607900975,19.1095080768247,21.5637485020817,0.0405924526155173,0.0491430473945315,0.0400585113840596,0.040286245677249,0.0430026243592369,0.0401363365741926,0.0548195063510845,0.0435877399797958,0.0473658360517683,0.0545760416200353,0.0413572759806724,0.0543000825685643,0.040176575085648,0.0482657647994302,0.0546928741711141,0.0403349217422583,0.0515290943492171,0.0392003230531154,0.0467194854609906,0.052560675788873,0.0424017689891039,0.0535815260365165,0.0399314525207596,0.0502822399731979,0.0552553259653774,0.0452038466117367,0.0482963602546911,0.0294501707528683,0.0493901803842314,0.0564735491789567,0.0400227019266329,0.0523646824139005,0.0399326941215111,0.047784762093931,0.0536252522893904
frank,200,746,2.37192951891445,0.25,9.32715797257578,7.397253968201,2.62700992901592,16.6838282330871,9.78995030747641,5.63829885264149,4.67818169673345,2.30546432346864,9.29757278062073,5.86941210495855,7.7023823006496,7.33072501332207,2.58161239176772,16.8578132060051,8.52636656104658,0.0026489783126532,0.0096697444514882,0.00351048776952155,0.0344676681560887,0.00144613824170436,0.0261575948296089,0.0218085355988989,0.00993926997139257,0.0433502454999351,0.0280866168373771,0.0230302223098144,0.0194994681117882,0.0083831540567728,0.0427066938096461,0.0236820606883136,0.0217886625302797,0.012520839248972,-0.00152386978121881,0.0397333144149438,0.0167889754908748,0.020999474069438,0.0134917336133948,0.00194226005347505,0.0387855272445905,0.0174867517926096,0.0257255373618743,0.013369163305877,-0.00770475891375085,0.0432918339564952,0.0290856135536928,0.0229668532828697,0.0181196788414587,0.00509040700023914,0.0428035173369692,0.0222282635649653
frank,200,747,2.37192951891445,0.25,14.3886338847727,19.655311180131,14.6092472283378,22.1324021067779,22.6077952941244,8.15619592437761,10.7758687060971,8.26556074185059,12.0085097764703,12.2448186221695,12.8451200084609,19.9563856845024,15.2566235541924,22.0251058577735,22.4569343843699,0.0405357538396938,0.0509210573819541,0.0348763368947639,0.058345261172875,0.0615053284920498,0.0384766580037861,0.0474980480488923,0.0328377488565799,0.0535457123848637,0.057156912616694,0.0353092524641464,0.0496985995282826,0.0359902796051699,0.0562012546854334,0.0568833112463766,0.0347658626873641,0.0499305026127857,0.0373347596851238,0.0548340418002731,0.0566317468789417,0.0359933359725593,0.0503080792303601,0.0371636213364696,0.0562536877859293,0.0574621857540414,0.0385097339255973,0.0527112023652632,0.0407490300917898,0.0598276795713437,0.0609173946612862,0.035999841557436,0.0492760675508582,0.0362780988574736,0.0550945814767148,0.056805725509173
frank,200,748,2.37192951891445,0.25,11.0813540768617,26.1811167720822,22.8756258488257,26.8711270160323,24.3884717478324,6.51044402074051,14.0224985407809,12.3781808944685,14.3661354786211,13.1310082212823,9.7172110364881,26.1857295090113,23.4639604375795,26.6545919733738,23.6562049150385,0.0322691046586625,0.0695611147668034,0.0613995199486047,0.0709627230299134,0.0612431295860851,0.0321013603695793,0.0679708861814032,0.0587978712106719,0.070407373910088,0.0640900976146335,0.0227526320639548,0.062059077801206,0.0555679079523229,0.0605474169880553,0.0516383252535694,0.0269052622345932,0.0646177070125007,0.0555769505790616,0.0661449393119607,0.0597065258769986,0.0271990233957913,0.0637994899053306,0.0555335474595611,0.066450882606226,0.0580613702012067,0.0152382174664161,0.0352486449614135,0.0283946882283704,0.035221690680885,0.0340580308603879,0.0278705938372728,0.0648343486882592,0.0554874852704387,0.0665916542663937,0.0600783076603888
frank,200,749,2.37192951891445,0.25,29.9020254774369,22.7208611222891,12.401700829494,33.1009809141343,32.4335112662533,15.8739712524663,12.3012018294784,7.16776346405179,17.4650953087836,17.1331977482121,28.3075700308296,23.3450884539448,13.0127357981945,33.2283558373239,32.571272788335,0.0701289147568107,0.0616385859653417,0.0330814589153534,0.0817625425661774,0.0838679851031525,0.0780821079996909,0.0595218666785338,0.0321976084856178,0.08704082301914,0.0854393976006236,0.0749690154614991,0.0590119889590487,0.0330245135648747,0.0851315266987532,0.082964530035407,0.0745671708740757,0.0579929094665082,0.0315802568967317,0.0837651747342652,0.0821767235033298,0.0736320241986574,0.0527998600893607,0.026203031572148,0.0810680985033474,0.0777230391010988,0.0562150402266065,0.0610301077190724,0.034179850136265,0.0801379347990264,0.079595061789825,0.0735286720523928,0.0555105761529082,0.0284642346102313,0.0827147844746475,0.0800983981144609
frank,200,750,2.37192951891445,0.25,6.73717817838421,5.18536608493627,2.07138432047624,9.36242094191381,8.99847118324898,4.34957804611452,3.57727323350486,2.02852140247873,5.65501474499945,5.47388895288266,5.68126928769697,5.34367193269753,2.16186026041327,9.59243757453265,9.14937649561324,0.0214809795671354,0.00167516529674358,-0.0161081431577823,0.0244545256372716,0.023865303824812,0.0154343550627882,0.0157777922144311,0.00844274411672452,0.0238946976907986,0.0253527267548935,0.0164986887230666,0.0154808525684514,0.00753878723521307,0.0246871086209,0.0240042516146529,0.0127285412461498,0.0109719124932927,0.00248222518335369,0.021986617532063,0.0209262976437194,0.0186256593353654,0.0114565487406288,0.00146492426706693,0.024051532913309,0.0232592610640971,0.0183062562538548,0.00702187900271668,0.00136005362256944,0.0150654938714867,0.0195918980339172,0.0157153156145266,0.0121020553798302,0.00355826471549147,0.0232696679578442,0.0225518464458404
frank,200,751,2.37192951891445,0.25,33.7871156506144,32.8181308115958,22.1787714622632,38.7059136914911,41.4426895560529,17.8063955929209,17.3243735675137,12.0315579336216,20.2535213688181,21.6151001345395,33.1321910107502,33.7251003722601,22.9827856828449,38.7993987989273,42.1844686944432,0.0877646939397356,0.0748138783487376,0.0501638725063277,0.0875385655232061,0.0968242718275577,0.0859175371700708,0.0813537209762066,0.0560117449444811,0.0944010065611294,0.102924053040679,0.0807716051512297,0.0804509559931516,0.0504495205519816,0.0959896089134537,0.101804750472059,0.0841745396009703,0.0815176732587958,0.0547987670087363,0.0954810686604112,0.102584640466712,0.0872842123103215,0.084464785921891,0.0575495011687573,0.0986777609251829,0.105438542114647,0.0783346289865801,0.0870440660527669,0.0583758439906157,0.100246202770426,0.107677900717199,0.0851699039327207,0.0824098189695469,0.0551951068722439,0.0969952344208225,0.103963540910766
frank,200,752,2.37192951891445,0.25,8.06136549895514,3.54801487699147,0.678094119169867,6.28650801639818,7.27043471916251,5.00782840308395,2.76259151859884,1.33488272644473,4.12501735351837,4.61452606003331,7.57845973502274,3.80056152584633,0.922573866922669,6.31354481586741,7.38670856774631,0.0236125761237474,0.00803863082254585,-0.00670544574957241,0.019997144201416,0.0193814997645996,0.0232896134206845,0.0116632997317987,0.003909945115256,0.0189542630545509,0.0213670813255661,0.0227104339724818,0.0113802694913612,0.00101418637891775,0.0194321258647955,0.0218515199489465,0.0214876674398422,0.0106846393648972,0.00316730683988921,0.0174847849186233,0.0199773194002977,0.0229230348786284,0.00899663824194965,0.00056300540791855,0.0168878609671826,0.0198964127073887,0.0132739523313343,0.0124433045743147,0.00579871434373257,0.0183623981514527,0.01733212371735,0.0200866706425383,0.00907611319458604,0.00209485938164435,0.0153220593767444,0.0178267740012049
frank,200,753,2.37192951891445,0.25,24.6815928834209,21.2910828858815,12.2440564200876,32.0209388892537,30.3579667309152,13.2770310101483,11.5896849175322,7.089056082781,16.9278052265974,16.1004966797188,22.6384148057012,21.8849224959569,12.9826907680005,32.1231736346298,30.3341024772826,0.0518081840753603,0.0516387639244638,0.0329482299722063,0.0691721214337684,0.0711315397544957,0.05559111936753,0.0549153997189366,0.034086743754179,0.0745471321337151,0.0719725902712856,0.060597655794923,0.0538705250843836,0.0310332357437937,0.0793823192892529,0.0761292954790405,0.0608453200687371,0.0513289825105823,0.0275905995449284,0.078945442810096,0.074450328968337,0.0630837413387426,0.0543864925123113,0.0322993087508013,0.0810942532854386,0.0763439358091533,0.0246864484430671,0.0230447053646929,0.00347759434803653,0.0652193260449292,0.0497640391510997,0.0598066208470287,0.0528729466503461,0.0302042025794198,0.0793303050489719,0.0749078015016548
frank,200,754,2.37192951891445,0.25,23.2265118909481,23.4634633914113,16.187154262389,24.0686388800412,27.1135006132218,12.5523579466176,12.6704807271993,9.05051140707625,12.9716668079655,14.4870299951627,22.2418326356396,24.0017617368416,16.7866413644035,24.032364681931,26.9677231740866,0.0622960740049198,0.0624642878673959,0.0451828755369065,0.0603540060503196,0.0710381136223811,0.061034040871874,0.0616882985638592,0.0423593752457507,0.0639738972559453,0.0699033535718807,0.0595981052176341,0.0598289871680925,0.0416942546016842,0.0591760707221773,0.0677150786819094,0.0580982999604861,0.059081215825482,0.0414010778180451,0.0596673952316359,0.066150806482447,0.0583413621163412,0.0609454949773693,0.0420090592230241,0.0618280598380035,0.0694168330567202,0.0630483745723551,0.0628974709449949,0.0447158287981142,0.0648448912289613,0.0726490770375172,0.0591177017184509,0.0584557962973309,0.040135169802887,0.059985562432103,0.0667801818061205
frank,200,755,2.37192951891445,0.25,31.5121535344832,22.845967558253,11.5954792261178,35.3159667278486,32.0111228257644,16.6752398764905,12.3638579225754,6.76736278972441,18.5672504266176,16.9230955339387,28.935580379131,23.1253110889777,11.7570139402915,35.3191962904181,32.1182512334942,0.0501216056732867,0.0304522075515551,0.000791958245308493,0.0807760029901929,0.0688634710465301,0.0795926615229265,0.0576789729939034,0.029135115001409,0.0881733611263167,0.0804761992295352,0.0684500365975973,0.0529438105105766,0.0254142988667325,0.0834548376458518,0.0772751119585592,0.0771562021065629,0.0570312250458949,0.0278825856530356,0.0886434549505405,0.0801753916968011,0.0803404843978522,0.0597909937756321,0.0304420398775392,0.0919482015153314,0.0830324963270345,0.0815523677878289,0.0615758098652137,0.0338784171422315,0.0924903315824248,0.083571901059293,0.0780098386879781,0.0558210443286612,0.0263542182111101,0.0880607960299453,0.0797872177496649
frank,200,756,2.37192951891445,0.25,24.4460014079142,16.2291995320758,7.11332083394639,28.9121872085463,28.6942672728488,13.1591498929357,9.0711346795853,4.53633208879176,15.3808397464121,15.2723901543844,23.1105769253429,17.142160412275,7.94772151981769,29.274277913018,29.3289807895219,0.0649098780055564,0.0421586716013527,0.0187708478938217,0.0768306920962632,0.0730008695919913,0.063642547143108,0.0349771252420749,0.0107772420341801,0.0681615623194985,0.0689983873104926,0.0617212940775998,0.0369208242100673,0.0135544898235518,0.0691354923678531,0.0697411259222607,0.0601881548528509,0.0406054748466269,0.0176846269578073,0.072554954260928,0.0717329861861475,0.0608603384930671,0.0437630581804086,0.0204506705097613,0.0755212212437495,0.0745036332574749,0.0661108585737509,0.0408240401989232,0.0182928783939184,0.0763365305831151,0.0748217038679603,0.0621403443721884,0.0415006365329397,0.0180892407127043,0.0734691067987114,0.0730279213805519
frank,200,757,2.37192951891445,0.25,3.48084865430355,4.42387245762901,2.9973964629683,3.41752632607068,1.64056129440053,2.73011826183265,3.19972945022334,2.49035006297831,2.69842654928796,1.81514429844659,2.40860610563354,3.59982095783389,2.23909215301404,2.87654600178776,0.494600718504005,0.0107298808400909,0.0039863927702956,-0.00546213333897344,0.0101746914143176,-0.0067461461053175,0.00111097282635452,0.00396095556742769,0.000808986290799815,0.00076348319024804,-0.00764332295495455,0.0060854567934617,0.0106512431361539,0.00620867884409758,0.00915529959650755,0.00330684817782631,0.00477475555689276,0.00454094128909654,3.70754240356841e-05,0.00398694857513525,-0.00186694839036217,0.0104325646825773,0.0141930422137946,0.00939323766967859,0.0118416247127519,0.00664103163986708,0.0120900776841508,-0.013104623469502,-0.0264671267839727,0.00688056219466962,-0.000576341536607919,0.0065136050724397,0.00641738011664939,0.00233661719792779,0.00537440373691755,-0.000154455387261706
frank,200,758,2.37192951891445,0.25,14.6619607251952,10.9328602940465,5.2070180586317,17.1730904683052,15.0847969366133,8.29181696644368,6.43696383509301,3.58866221701393,9.54119654489536,8.50245097484216,13.4853574458627,11.0588785781477,5.33768845276813,17.1405439063009,14.9708932735889,0.0408151235469804,0.00748369948370627,-0.0285898710545988,0.0301209777031877,0.0348720343710847,0.0386605280365484,0.0308953695793318,0.015129688263307,0.0465778173414861,0.0419123082398982,0.0374306811225118,0.0272008945674036,0.0112495903221482,0.0431578036268779,0.0379411329858879,0.0359440411958449,0.0267541610670961,0.0122783540687027,0.042670459078402,0.0365652754161885,0.0378830460045596,0.0270138259012033,0.0110988567549527,0.0423886608820399,0.0380291400685815,0.0395063555816831,0.030915156223701,0.0157310986329124,0.0475948768496587,0.0426243948039073,0.0365132578739924,0.0274962396106008,0.0125270617292214,0.0435150701488711,0.0376978099203127
frank,200,759,2.37192951891445,0.25,11.5340851488129,17.0940259417295,13.1165833215703,16.8441253261535,18.9702934727108,6.73566989556236,9.50152560150165,7.52304868954577,9.37708242341353,10.4351272651822,10.32820537301,17.2925691204613,13.4081368991438,17.1058931711615,18.6173042791607,0.0269887919085669,0.0471757011716848,0.0355908522403067,0.0464260354518153,0.0510787014284747,0.0275559845033767,0.0395003505965797,0.0271741227530006,0.0404786375242717,0.04441555712659,0.0319543212027017,0.0440309054143756,0.0320154246989908,0.044888303455337,0.0504629508597261,0.0294993997725742,0.043984212737163,0.0338163343404262,0.0435460344907608,0.0480818498835983,0.0321292510156818,0.0445975891852224,0.0338680494002296,0.0449318580361103,0.0496089227085906,0.0315094894523814,0.043418553281675,0.0284172999417781,0.0460805292452312,0.0524240420340845,0.0288156119911666,0.0430957362858543,0.0324669850165799,0.0428750421013072,0.0475615427777437
frank,200,760,2.37192951891445,0.25,6.56062597125899,13.8755426677445,11.6064910133795,12.345943484673,11.5194982103132,4.26077276433418,7.90098338067918,6.77258136086371,7.13971522825325,6.72893026788859,6.3243994521107,13.6761875577446,11.4302428982536,12.2715207856207,11.1420018412433,0.00998234380236773,0.0196224207172139,0.015101127702156,0.0204345251204945,0.0187630855630997,0.0159323537122692,0.0357857081011421,0.029518559496223,0.031178373414744,0.0290453784000491,0.015823115591691,0.0345767296161901,0.0296366517514515,0.0296252954474351,0.0269852859048098,0.0172620093954244,0.0312291309852004,0.0241653766213279,0.028569432863993,0.0260602796744562,0.0177218587640582,0.0344204317034581,0.0277992492613375,0.0318948641422778,0.0278720420957543,0.0113032555139977,0.0393179117562223,0.0295792538411294,0.0354186702732418,0.0337730074377324,0.0178608531287751,0.0350072105595054,0.0288268380914822,0.0309886385535406,0.0288468315508748
frank,200,761,2.37192951891445,0.25,25.5507289726844,30.0864473366637,21.5450346176449,37.006191313334,32.8333059015671,13.710159369889,15.9658938998873,11.7167621078758,19.4085165378913,17.3326993479102,22.3882602955743,30.1602959339621,22.0699050828629,36.6911519642712,32.0410718451985,0.0672118128015569,0.0800642804853338,0.0587983548832051,0.0971977065448186,0.0859038468868574,0.0650606737979921,0.0755888025978972,0.0536913138349053,0.0932639449116179,0.0825237376505532,0.0655235012173481,0.0769552524337414,0.0539163089658769,0.094991335145788,0.0844195314053318,0.0623995866353635,0.0758606894169574,0.0534745982404324,0.0935428561842575,0.0820054496912887,0.0618380174398048,0.0769932266036695,0.054557869427486,0.0918666792750577,0.0817057949452103,0.066183686749946,0.078655930410523,0.0546495440316819,0.0958468563752031,0.086942604556042,0.060573581242035,0.0735326754249828,0.0520535731638848,0.0900419527811707,0.0787742492239593
frank,200,762,2.37192951891445,0.25,13.2271385551648,13.264758434984,8.34384912179975,16.0551782917636,15.1222717283458,7.57832761878469,7.59700823166824,5.14894449086656,8.98521363167046,8.52142282843149,12.1731930693118,13.3996528997099,8.60564441936671,15.8769031071531,14.8026559464458,0.0380563537598056,0.0232547723719928,0.00736565178970301,0.0328780099209705,0.0355579291251996,0.0345332393666772,0.0363854216867597,0.023892385428877,0.0433338834356913,0.0396101969063786,0.033255424151807,0.0360472400002273,0.0228362761940526,0.0433485810600133,0.0401633717313446,0.032723743127126,0.0337910295678453,0.0213296870698376,0.0402602693950719,0.0374184974952666,0.0333071821811161,0.0299348847428442,0.0173740624139413,0.0380593276173351,0.0355336066643993,0.0377460989607654,0.0374413684645382,0.0245896223313269,0.0445131687500115,0.0427850712158034,0.032313106245958,0.0324949776701207,0.019913476891739,0.0391621857136132,0.0364675337699333
frank,200,763,2.37192951891445,0.25,18.0499815969054,17.0149280919949,10.6431914516527,21.9838548882573,20.1904751194374,9.97827197141708,9.46306252103062,6.29368406332505,11.9346288377797,11.0424866697722,16.1140661398596,16.9720485550244,10.6676093862174,21.8584872608505,20.0029228245877,0.0499582313450911,0.0452465596686509,0.0267444261970575,0.0581156727973138,0.054930803321252,0.0458041527507032,0.0420295579769523,0.0231006478794583,0.056874144934137,0.0504967194758328,0.0444074468896582,0.039159910598388,0.0218819713738024,0.0534466427018629,0.0489363126605903,0.040828402968558,0.0402900494489953,0.0232346046832282,0.054095119190232,0.048764129100721,0.0399660307986255,0.0386435887427443,0.0223483052222297,0.0508836857757588,0.0468052725920441,0.0131780740525758,-0.04563015041497,-0.0729916237098917,-0.00834946149776444,-0.039103430515434,0.042570392232269,0.0400861746184314,0.022799572170101,0.053816657502337,0.0486971904811076
frank,200,764,2.37192951891445,0.25,16.4781061818993,21.0206317348916,15.5924437633651,22.5744315892912,22.3720015806595,9.19588338443278,11.4554507276334,8.75512404683265,12.2284790666105,12.1279099337055,14.920333077959,21.1512135700663,15.9722734561884,22.4251701994697,21.950846102398,0.0459076188181385,0.055567571635479,0.0416236722120441,0.0596822918447778,0.0571969685133897,0.0421906551779913,0.0544884638735863,0.0386204175481959,0.0599860717883938,0.058010812211489,0.0401371727005586,0.0524536427234127,0.0389846106937254,0.0559568828752237,0.0552305158072029,0.0373607635267299,0.0521810072410491,0.0390922564688736,0.055583785783781,0.0540569287355758,0.0416729724209882,0.0547337338955255,0.0405850832261219,0.0591267117504876,0.0579017175440009,0.0374976588705017,0.0391637116540748,0.0201692260396832,0.0585605354318662,0.0475882414736226,0.0390964072096709,0.0515820435028885,0.0379839005306907,0.0551801065418392,0.0544481873364653
frank,200,765,2.37192951891445,0.25,6.53421511213619,13.2860956841991,10.4742869790636,15.1513255706452,12.2101301820145,4.24921241749827,7.6076186275872,6.20898099265639,8.53550161902669,7.07250761719682,4.79845817710437,13.0423313218092,10.5773528738727,15.008703409133,11.2716637038095,0.0211241596665414,0.0349153039665064,0.0222549181810264,0.0427376876230448,0.0338497080957638,0.0191248649989513,0.0367897174634693,0.028768537865293,0.041393760738634,0.0345391849388799,0.0120875320931176,0.0325803944196248,0.0262286684946307,0.0372601936497946,0.0287198775584596,0.0133626797413239,0.0340274303160249,0.0266645730046175,0.0381396449431075,0.0294247812223017,0.0171740291808568,0.0343274981930316,0.02599895298479,0.0401268928337937,0.0329616507999356,0.0210776239010249,0.0382149183037551,0.0308664841498985,0.0428553964172423,0.0351493699777962,0.0160664341781769,0.0330935397587905,0.0251994575999662,0.0378232267519879,0.0305383694393926
frank,200,766,2.37192951891445,0.25,40.2887737412725,30.8855747072863,16.7662812239566,46.9414498015564,40.0156078342671,21.0416286056277,16.3636595688492,9.33973853048537,24.3510301487077,20.9061574679709,37.6511269925971,31.4626302672503,17.3662235658549,46.8848258517244,39.8984271714846,0.101717090132319,0.0818956062866921,0.0460067810043867,0.122264988747102,0.104777564639423,0.0930470344960734,0.0764534338692037,0.0407009709106883,0.115137667237833,0.097680686751641,0.101583611397722,0.0798064551878209,0.0439880563033908,0.118617943889455,0.10173234702709,0.101085245743192,0.0775030462024711,0.0410296549560287,0.118025047721932,0.099503874557211,0.10204573708246,0.0735444164741977,0.0348362818663322,0.116091985377412,0.0980487159174014,0.0880987966599822,0.0816557565621062,0.0463870158396076,0.110207712638842,0.0981535243031134,0.0997217032112343,0.0754113172575872,0.039169118780166,0.116313862713854,0.0975613157434044
frank,200,767,2.37192951891445,0.25,18.2349898694877,35.9349955694701,31.0919038042313,36.1610332487513,37.9386508609852,10.0689141852529,18.8745990175488,16.465339127779,18.9875542139071,19.871534398588,16.75493154849,36.2906428031633,31.9388077260885,36.14851245897,37.615613756512,0.0225027357984603,0.0938176168586315,0.0718419136545602,0.0939833253429429,0.0974286662966219,0.0499488507327112,0.089303147698565,0.0751745139659796,0.0887851927546789,0.0961324560720573,0.0481554533925183,0.0892998130976043,0.0755320192234213,0.0901531214211146,0.0950952400992065,0.0459915004826392,0.0900434763917593,0.0776022602700519,0.0885927572261724,0.0945853168542283,0.047193767797863,0.0910713167244753,0.0777038497195928,0.0906647587198498,0.0965330598468765,0.0472699898896388,0.0861060061274485,0.0593673797074929,0.0947808343384606,0.0983267540862384,0.0464471414309674,0.090885072901773,0.0784934988780072,0.0901892494176449,0.095576510600031
frank,200,768,2.37192951891445,0.25,24.6469365771858,28.084489674857,20.496982712858,29.6310481194583,33.4661607090195,13.2589706834056,14.9694854607502,11.1951012560613,15.7388765380589,17.6465951165145,23.4006276634272,28.5441724591558,20.9155877483798,29.6484457884913,33.8174285036082,0.0620875492640861,0.0622350385219114,0.0467243454684374,0.0609475789180923,0.0780948398997305,0.0496639427323039,0.0619042414563565,0.0465635609085801,0.0620157193274211,0.0715379418962237,0.0637404256663921,0.0700342407779099,0.0500135090843839,0.0755134183688021,0.0852707007590643,0.062221000090431,0.0704103834962647,0.0505065954984804,0.0744968136151236,0.0841612493802851,0.0616985946775586,0.0682706154651972,0.0492822603377896,0.0715993420604523,0.0819278514102502,0.0653956190989425,0.0677292212140424,0.0497057944289853,0.07432864120965,0.0842082320040217,0.0630133267426662,0.0714740676286538,0.0517154569242177,0.0755117916252995,0.085343194266536
frank,200,769,2.37192951891445,0.25,22.2968426187427,30.8834768706802,23.7789321685177,32.6884973121526,33.0470393353397,12.0905787872579,16.361987484572,12.8278193574307,17.2598656494073,17.4384781010568,20.1173342032814,31.0821236886195,24.1783544618847,32.7936233561653,32.5722413518579,0.0434315291013702,0.074237259421824,0.0614406646106593,0.0747571965857492,0.0791696545496353,0.0565495265910728,0.0785121010275656,0.0590156006201485,0.0832308551789104,0.0846651273567006,0.0527135091494776,0.0771114195516266,0.0555880397469313,0.0835951027523322,0.0826937066771802,0.0558981567399869,0.0767146920911635,0.0580562221865186,0.0817953524409333,0.0824974971493048,0.0567550835359032,0.0785589212267318,0.060183412843665,0.0829176122840759,0.0837471184107856,0.060145881102152,0.0796669283301198,0.0615060286520698,0.0821395945627081,0.084434691431109,0.0546519942040235,0.0776208034318644,0.0595686931655034,0.0821116567629712,0.0823969600685477
frank,200,770,2.37192951891445,0.25,9.47555215689378,17.9403813920168,14.9927693334935,18.4311936084144,19.9356959076589,5.71206174607971,9.92237093021061,8.45591770006563,10.166963607417,10.9153885270308,8.3833812663222,18.3953769840876,15.8563843234011,18.4460162156078,19.7217379518343,0.0286102265133831,0.0495394345948012,0.0419319346520531,0.0508676500808132,0.05477794896282,0.0277201029993787,0.048154385820256,0.0403727774916679,0.0483231281074423,0.0535554588140336,0.0244833306556141,0.0434079032048346,0.0351331794133166,0.0448469240673527,0.04867840733112,0.0219833990430052,0.0454981073099051,0.0379697871814986,0.0461067889770449,0.0499557087730888,0.0232711129563282,0.0454678153630194,0.0370187430839866,0.04698082194177,0.0510025160909215,0.0254542252819124,0.0119051422496417,-0.00369513910990912,0.0317207782446857,0.0332098358012653,0.0234451914680672,0.0458207244472095,0.0383492921340199,0.0463181680953937,0.0502358627205935
frank,200,771,2.37192951891445,0.25,11.2680884543016,17.1219763991856,12.9150267797855,19.3000798076718,14.5093143583846,6.60409260452717,9.51650525767418,7.42378984879158,10.5999144495047,8.21693811064303,9.63266067332495,16.7016024193862,12.7801775127427,18.8520907973368,13.631424058273,0.00825915645998488,0.0369291269819857,0.0251021363321211,0.0464472708173543,0.0374670138510382,0.026709658940962,0.0408647605715537,0.0301912818245749,0.0468705663798145,0.0358276714169514,0.0298989511580561,0.0432282262853281,0.0326408158227492,0.0487371568079431,0.0345273678325964,0.0271487708054057,0.0394442390843786,0.0286225126182454,0.0455407785749681,0.0324439100721071,0.027844123604628,0.0446988079726726,0.0337263726114167,0.0507745839936077,0.0377096548831165,0.0276731672222215,0.0355643431243738,0.0193490264479451,0.0515678205132536,0.0343791867832848,0.0260920112134381,0.0404061408038423,0.0297996583992117,0.046081071058936,0.0334432754214169
frank,200,772,2.37192951891445,0.25,23.2013264185035,23.2182052779269,15.6398470050491,27.2566964612923,28.5174383488026,12.5402395836133,12.5485203564132,8.77837457644485,14.5577888061842,15.1851791001984,22.297927952071,23.8404322235361,16.3154426799785,27.1889292615423,28.6905359263287,0.049285837580138,0.042359380615878,0.0205155268429762,0.0571410362505071,0.0573824563469196,0.0616362576269886,0.0600663107487627,0.0389293380846745,0.0711578548419268,0.0750121414981402,0.0571843189938333,0.0588325952644687,0.0399032648786224,0.0677637986396773,0.0691211517005513,0.0591582750584684,0.0606939077253967,0.0414493863770127,0.0701239907009377,0.0731259667358425,0.0586811448767184,0.0589265637201331,0.0401172536782683,0.0659669445217118,0.0704842073881275,0.0551207289153108,0.0547998163519905,0.0359295781586656,0.0605946785429977,0.0579400009423237,0.0567594037279009,0.0576418090004367,0.0383471151478365,0.0675742867707779,0.0703355290816522
frank,200,773,2.37192951891445,0.25,41.1351929788838,39.4740321575634,24.2113309074098,58.2638030662818,48.5784416865827,21.4620501452464,20.6361623466667,13.0433734196206,29.9839611580183,25.1662384757168,38.0322659551868,39.9636407686989,24.8984563444708,58.1506021450723,47.9993333316081,0.106276042132439,0.100946192779895,0.0654783572534249,0.141188713848166,0.122305884602668,0.104495347794355,0.0970717587917226,0.0606986856861352,0.139588166367038,0.112719484526895,0.103629447725488,0.100632071673707,0.0618001763904434,0.145607984092243,0.121424052518419,0.103560128496268,0.0967318223191957,0.0571056876574632,0.143766187290766,0.118419986857713,0.104351248975982,0.0987345248289525,0.0585943967836277,0.147155861287616,0.120377209463446,0.105247650035743,0.103462213900426,0.0650255007911514,0.150171939463104,0.122838872935524,0.104095008636235,0.0987187323017884,0.0597306964455309,0.146031267066381,0.12024249625589
frank,200,774,2.37192951891445,0.25,13.0671919074608,20.7189584989527,14.7135879351907,31.9075533631001,23.218106049568,7.49872871899418,11.3052378527572,8.31798366902879,16.8714605720899,12.5492292606452,11.1469045187839,20.8562082695823,15.3899724617569,31.9635409022068,22.1786036610792,0.0124653791174896,0.0499563941873203,0.0403668065316267,0.0730359590817773,0.0470854134972919,0.0366521304022429,0.0519756547599471,0.0355574238964555,0.0786350818380336,0.0571180838915385,0.0326484653051466,0.053619167989286,0.0373807783137731,0.0810493951137415,0.059207644594011,0.0337730193841426,0.0523380020601713,0.0362611586598771,0.0810416483766316,0.0577936387336646,0.0296380865534503,0.0435462182715209,0.0251769173587305,0.0743006791990534,0.0515741791971687,0.0357984349469767,0.0300723950880429,0.00614250877278885,0.0698077414972751,0.0380763255822812,0.0321186253630853,0.0517024861789152,0.0359799225300974,0.079582439047408,0.0564856253351126
frank,200,775,2.37192951891445,0.25,17.9238682910604,20.6472284630097,14.3496448057503,25.5229191988565,24.8316414467479,9.91500344418492,11.269548722812,8.13690437276892,13.6950036692725,13.3512299686669,16.013148920652,20.8726661083898,14.8631606164316,25.6000010760665,24.4789031645185,0.0418437713862479,0.0487384876661327,0.0215450098485011,0.0658089982623204,0.0615607688747886,0.0492040556032214,0.0461214997452755,0.0261218768691712,0.057483174038283,0.0624918577038453,0.0405674608939044,0.0487332865232261,0.0327466130847974,0.0627097010110646,0.059448401611442,0.0456336500452557,0.0530042557812374,0.0362599998163045,0.0645790291328835,0.063791837794786,0.0448294125271931,0.0511601639676305,0.0348664701037879,0.0640257591835976,0.0621270446108558,0.0474930619103194,0.050111317443064,0.0372147681434105,0.0525756895983584,0.0586555149568716,0.0441513379823735,0.052737119255002,0.0361657736016466,0.0647498622029133,0.0629824961854634
frank,200,776,2.37192951891445,0.25,21.6814817885302,25.5092497795631,18.1938718893703,28.9890922097256,28.6190508305507,11.7839309085904,13.6884955299755,10.0494046652292,15.4196971010701,15.2357773240899,19.879519914964,25.7151543282413,18.6873888524124,28.8664781884126,28.2144942106436,0.0506096126882807,0.0687221884680935,0.0502808350969975,0.0773804803447311,0.0765083084701084,0.0542159845128303,0.0667139480138404,0.0476092610446998,0.0752520720557472,0.0736308722929257,0.0528489752515694,0.0660852991366057,0.0474749715945395,0.0738407322888951,0.0727612370150496,0.0544641862884635,0.0642967118905958,0.0452883621312886,0.0737222563294034,0.0707811574090076,0.0552280953834267,0.0625499586237506,0.043304457107916,0.0715114758400116,0.0711497802735448,0.0583315969880183,0.0678616286769579,0.0480491590350765,0.0772730486496669,0.0765439388518009,0.0541527548290021,0.0639245831235964,0.0451428910653628,0.0722372331730019,0.0714028505508972
frank,200,777,2.37192951891445,0.25,33.3451967909385,25.0264881314231,13.6774614819868,34.2631260255668,30.3048620549448,17.5865893398191,13.4489448139572,7.80316608077816,18.0436616295779,16.0757525800323,31.6067270096207,25.3457776819267,13.8911553748864,34.1198055314866,29.7792021629168,0.084011471546255,0.0466846688373257,0.00416382613007811,0.0837150897971381,0.0564542087216256,0.0764772680409817,0.0610115493676493,0.0356554564475649,0.0783976574672955,0.0699790875492572,0.0754800477178024,0.0610203703635188,0.0342995396712115,0.0807589061931849,0.0693983992642612,0.0837284277821455,0.06075228147048,0.0318243504549575,0.0844635025295868,0.0723808224221344,0.0856588340212466,0.064563657365875,0.035406028248572,0.0881997418155152,0.0760076186656379,0.0870723885407332,0.0465933220919583,0.0153635607655148,0.0820863929823817,0.0610919619919258,0.0835692807456118,0.0613607718391524,0.0323688474497034,0.0850232621944021,0.0723450826772488
frank,200,778,2.37192951891445,0.25,24.5818166293743,27.4693798644765,18.4264293590738,36.8372303532542,33.5042653066449,13.227985903446,14.6634798984567,10.1649888498159,19.3238974813974,17.6658953124728,21.3266852116559,27.629078945437,18.9505474663944,36.9468489759128,32.7363472745453,0.0661241120703695,0.0710902958128989,0.0464699044135697,0.0961431838466848,0.0872359909352542,0.0543174804343851,0.0714480622322704,0.048961336957761,0.0934757568145412,0.0843079111371264,0.0596464420679977,0.0651411426768777,0.0401212926714049,0.0903053973255269,0.082376923117965,0.059968279852892,0.0688009615236447,0.0456694478632325,0.0926027615131444,0.0838111404817495,0.0557643670229971,0.064762035389985,0.0417785993797479,0.0868644312953855,0.078654312208871,0.0637258254606207,0.0514936449590954,0.022073545681183,0.0885062810681846,0.0759115540393369,0.0597658892531431,0.0685185644056796,0.0449475151901808,0.0923441087824304,0.0837569072641759
frank,200,779,2.37192951891445,0.25,9.90682436317901,29.1971330986419,28.4255749233797,21.7863293164815,22.5984220169009,5.92664806258606,15.5231414591928,15.1393845459458,11.8364497968057,12.2409674098382,8.4562089566448,28.9912280505757,28.7503162995147,21.5596383666931,21.4843573934669,0.0271482215230095,0.0776688054669505,0.075989423821601,0.0585130274139614,0.0569974928757775,0.0262183149901951,0.0751965492840717,0.0737885633057082,0.0545776477000461,0.0577814166587936,0.0195685281333168,0.0729889679155832,0.070979153157865,0.0544832092278848,0.054820228238627,0.0213626242557312,0.0726802595513161,0.0710537639460985,0.0543479302528211,0.0547302129868393,0.0193867631492418,0.0711161242851506,0.0699531337180477,0.0496793817421986,0.0512643581087518,0.0293325842673645,0.0779468463231259,0.0759761325587827,0.058714647921118,0.0612498502550712,0.0240609552965716,0.0729475302005692,0.0709896232999154,0.0536629460202705,0.0552295763504905
frank,200,780,2.37192951891445,0.25,11.6490862970576,18.8269827983232,14.2626474546769,23.2602903355377,22.0803242776608,6.79264078819976,10.3638097809077,8.09373559937607,12.5690752323942,11.981996575906,10.5248861181701,19.0353946720191,14.6164842941819,23.5577392211652,22.060466084235,0.0227376985770284,0.0520658329531549,0.0368670154962803,0.0602880022761901,0.0596952473810626,0.0291075023559091,0.0488142255261982,0.0376455818504641,0.0601226852971803,0.0571905804112987,0.0298849784923359,0.0442350702173582,0.0290512278176987,0.0579803482141374,0.054197861348654,0.029416300400651,0.0463449436263248,0.0334960878169588,0.0575422928884892,0.0551701783988504,0.0308866117503808,0.0476873085115839,0.0347876877368479,0.0584036954513222,0.0562801274542984,0.033637218621246,0.0518751524481806,0.0402716633029703,0.0629513786320183,0.0599043736420579,0.0293398259087407,0.0471144092458756,0.0345394526919168,0.0583803885671294,0.0559541596032873
frank,200,781,2.37192951891445,0.25,11.0129036029237,32.8431577162126,31.953076766869,28.1565390127803,27.7328751111697,6.47636616281421,17.3369710295691,16.8946198362407,15.0053304498075,14.7948636659573,9.75606126701955,32.7024240484623,32.2402969696155,28.1286781954211,26.9122877180242,0.00699977655648161,0.0834254783401621,0.0838475128064635,0.0749706420982787,0.0652628283915979,0.0274240400547891,0.0811791785504378,0.0797623450841078,0.0689673301683877,0.0661580499695013,0.029522029193626,0.0821429597868508,0.0771688723782403,0.0716693717551315,0.0690599936808215,0.0269275035877254,0.0819558082679444,0.0788292695907876,0.0701595188612617,0.0690190990555224,0.0302580970119815,0.0832938990849776,0.0790852120810386,0.0735215310743681,0.0714407995100877,0.0315843764972084,0.0804662573643264,0.0738095274792812,0.0742912541419519,0.0741705966806106,0.0285620254210822,0.0828497393004899,0.0796460459100231,0.0712608244704529,0.0697286332958811
frank,200,782,2.37192951891445,0.25,12.1863067578132,20.0324097697645,15.1192140740347,27.2150095780016,20.5644705118099,7.06029721276985,10.9641999518773,8.52084687908163,14.5368030823086,11.2286621919699,10.5897309186622,19.8298727596756,15.1329402233128,27.3430040069503,19.9468087085054,0.032842938528514,0.0550718857428705,0.0419846833637802,0.0709542494186864,0.0527513899299981,0.034779149094185,0.0506645689431165,0.0368024066580097,0.0707517627779597,0.0502669542553687,0.031700622392943,0.0512382337738125,0.0379919475056279,0.0707016692650816,0.0528027693159351,0.0305203772732429,0.0481284391554349,0.0334750795292193,0.0680980294675931,0.0503716128579655,0.0264669779644777,0.0471462658093263,0.0344865448596409,0.0660791206012186,0.0488005820693379,0.0352837202239399,0.0547118153740922,0.0415899262495794,0.072994728277914,0.0558135931758639,0.0297318379870263,0.0479725914178412,0.0334994833107692,0.0675042586273449,0.0500317455098647
frank,200,783,2.37192951891445,0.25,10.6795096298869,19.0916632330159,15.3797562442811,21.7397956368392,20.1952564392233,6.31083297712745,10.4956368064438,8.64939968101754,11.8129979552855,11.0447763076715,9.22922074160097,19.1478609649172,15.7349583930774,21.7608333261376,19.5566421707926,0.0224917084498983,0.037102170946116,0.0215048475153013,0.0542068621714277,0.0421077007645682,0.0244693455670034,0.0454299095080031,0.035709308792144,0.0547392388429005,0.0476819184081508,0.0253187856948924,0.0490716686849076,0.0399998692227636,0.0538738156124469,0.0503761738249952,0.0252972671328868,0.0479496153660702,0.0376144716543801,0.0553370302868118,0.0509404504251601,0.027422792554878,0.0466204479063452,0.0357687635282419,0.0555850598879976,0.050433616704942,0.030952624531289,0.0527098620775138,0.0429901895691935,0.0577255552178703,0.0541587528685393,0.0256718647969638,0.0476480713950192,0.0374893461507162,0.0543767283206119,0.0500730858333855
frank,200,784,2.37192951891445,0.25,5.19703102542039,7.77225319223744,4.59237507725788,12.9728976544474,10.6060572449533,3.58320174279956,4.86396738510669,3.28224515569108,7.45127379844946,6.27394780317489,4.22706467827464,8.02351859232964,5.02257467330887,13.1801456840987,10.3410243307162,0.0179236298615507,0.0243295743916393,0.0164502277481179,0.0371815332980483,0.0310625828613998,0.0107897774521773,0.0118845479687545,0.00226718782894208,0.0286108614089129,0.0220011582371726,0.0135824348491898,0.0206619732740795,0.012582281859357,0.033275015315518,0.0275213306290246,0.0113258226621342,0.0185487669258213,0.00966111092105635,0.0317488981939958,0.0255715652159192,0.0116383549357983,0.0161863358264476,0.0073873926489996,0.0313229028629139,0.0212730645837578,0.0153941734533323,0.015513587774172,0.00479077711397727,0.0297337142003814,0.0236561995557342,0.0123442072387221,0.0196703298164736,0.0107125137235946,0.0329596757363121,0.026594056385289
frank,200,785,2.37192951891445,0.25,10.2582074089292,20.5493167690887,17.0864800479615,23.424515688663,21.085965213548,6.10113635466618,11.2206743889839,9.49801578409616,12.6515110454123,11.4879610072526,8.89554600605011,20.6858039599831,17.835833303247,23.1660599267632,20.4484539202814,0.0276120668350743,0.0561600221247903,0.0463619013527461,0.0625916656484264,0.0576829245556424,0.0219693937152697,0.0511925371214051,0.0440222256611678,0.0568193891263642,0.0491911459175829,0.0290179725257005,0.0497111803264068,0.0367751288325312,0.0598079365456246,0.0539120560796735,0.0250065573936484,0.0529856109645184,0.044048440228995,0.0597526446980331,0.0535141757710707,0.0239917867449634,0.0482058228933452,0.0392455437544402,0.0543328131940196,0.0479967058237098,0.0233092022567194,0.0520434435903271,0.0435039653380372,0.0631185139453342,0.0511377855149962,0.0264622381285364,0.0526113292140683,0.0434303648078602,0.0591514488409626,0.0534000877731827
frank,200,786,2.37192951891445,0.25,19.0474622425658,28.5726431518055,22.9289989021586,29.2129589550576,31.3220730671851,10.4735643257308,15.2121208578063,12.4045492966056,15.5309673617964,16.5801443047104,17.5717699408278,29.0146954378078,23.7033570842176,29.1575957178389,31.1928277942016,0.0399405234110473,0.0763395594878991,0.0611974734772916,0.0779643108639361,0.0803119910450054,0.0449383396771216,0.0740845875394599,0.0599340741813881,0.0750371225493039,0.0789855349393749,0.0447138342849503,0.0733605834120838,0.0591225437039535,0.0736734275756594,0.0788298754721906,0.0455127616827258,0.0731690265849487,0.0591196004713296,0.0730160966228449,0.07842632439523,0.0406222389413668,0.068994185130437,0.0561124850696125,0.0689950582292147,0.0744063141630846,0.0439014914335128,0.0736834827522125,0.0609091461428619,0.0774333346461953,0.0785562134509749,0.0464010449953462,0.0710505504277455,0.0570675204282882,0.0716496097245834,0.0765260037690025
frank,200,787,2.37192951891445,0.25,20.5951290963691,13.9089748753206,5.63243600823578,26.4731014223191,23.3019782785514,11.2433708098553,7.9171510947534,3.80001454024207,14.1675951356148,12.5900046852748,18.81393346736,14.3918640224295,6.08645447533507,26.7296845989184,23.427851428694,0.0520873072236629,0.0397258272228458,0.0185110898846343,0.0706109164220381,0.0631020443161756,0.0516429528484819,0.0321161952581507,0.00842442102702129,0.0646264535253953,0.0567941425775399,0.0535356667864732,0.0383975160764715,0.0179142492378844,0.0689616957935569,0.061303856020284,0.051966318583909,0.0356932829744334,0.0146220503169185,0.0667435159649949,0.0589407498526491,0.0520592626949947,0.0353968754586804,0.0141634920773246,0.0675847747755289,0.0599993695380456,0.048401314419895,0.00575414169672855,-0.0208348125157346,0.0530358689779389,0.0370855914313493,0.0508191651926336,0.0341454796365286,0.0123975812416642,0.0660427361888703,0.0581742204519945
frank,200,788,2.37192951891445,0.25,8.66798888554758,12.1568754652356,7.89016946337327,18.8387408491466,14.733300401563,5.30956744493883,7.04582324324671,4.92382001907073,10.3696827452317,8.32727426996577,7.82795353362075,12.2118196538477,7.9873432341279,18.9320565767688,14.6959183934981,0.0265177656182385,0.0338904628775143,0.0212075140825647,0.0514187147535527,0.0389896695346483,0.0207023788511841,0.0274504657225106,0.0191963991965205,0.0363335764448281,0.0333206278131353,0.0201438829884744,0.0269870101347435,0.0165667862386551,0.0409929441741505,0.0337925299372975,0.0205687719774465,0.0279242769893582,0.0157530591125371,0.045285912219065,0.0354972903758992,0.0215120773322942,0.0285768744309643,0.0164490989116934,0.0474368602571123,0.0365740251981566,0.0162245967249345,0.0230794210706938,0.0134151628192168,0.0407870553492754,0.0277346756779245,0.0215625177924154,0.0290515426119316,0.0172849521075566,0.0464177202978761,0.035875676458505
frank,200,789,2.37192951891445,0.25,20.3004912998252,20.4890546446152,12.9820168940156,28.6226776508257,23.8761522746998,11.0983571183989,11.1910720291862,7.45653583069331,15.2373457140891,12.8769723679456,17.3209863781336,20.5170034388998,13.3347903654551,28.5879986137627,22.488615392717,0.0534706006008766,0.0495602816073498,0.0318633157219353,0.0660902379177429,0.0632647690495768,0.0528366039774289,0.0489029958470335,0.0249824705320721,0.071262623285091,0.0596739595570045,0.0501278302647868,0.0530982392979994,0.0335794442796334,0.072251402438001,0.0605144333535566,0.0498454248781873,0.0532413436919932,0.0340091696286489,0.0728573975351275,0.0598258311379675,0.0494587429690984,0.0507325605225767,0.0312959970759238,0.0726888749171347,0.0570466476655851,0.0370637924744879,0.0417600461071556,0.0245052076338874,0.0684574321930131,0.0372239667935254,0.0487877642052153,0.0511942774008454,0.0315300404652415,0.0719182885644039,0.0585445046775528
frank,200,790,2.37192951891445,0.25,7.63185469011587,14.788181021155,11.5465768571673,18.3241478363336,16.351040366267,4.79513419642333,8.3544380699679,6.74201975599437,10.1135549268494,9.1322684142464,5.86831867593321,14.8780214523666,12.0217433484479,18.4775148154394,15.5175867708655,0.0219105713399535,0.0419623205393618,0.0329100281504374,0.0456708525386886,0.0452291756866526,0.0209872892677182,0.0407678421159786,0.0327911899214146,0.0461262084285323,0.0422806485457974,0.0165680270282492,0.0359858195667898,0.0276674496932264,0.0453866582419965,0.040672899168378,0.0199529477093431,0.0384613355735403,0.0292724320784634,0.0474741643624799,0.0425720373654694,0.0162598750726719,0.0389293399751685,0.0305788455828762,0.0470190037087131,0.0412819857084406,0.0101782856287601,0.0372202620472198,0.0323338623184994,0.0401418322524362,0.0292601470746873,0.0160865237569403,0.0364087633451089,0.0279265068249146,0.0453224124851231,0.0395573578690896
frank,200,791,2.37192951891445,0.25,26.2100700518843,33.9881237126584,25.6172317337737,39.1282970875315,39.6961519757667,14.0372018742679,17.9062859959902,13.7420974477245,20.4635658147522,20.7462285849631,23.7992572832633,34.4175817759139,26.4003115716351,39.2739090930147,39.191926012143,0.070249448587029,0.0870301106154572,0.0662626489976979,0.10024224670789,0.102853106174592,0.0674825631445647,0.0867222331221038,0.0650965902627772,0.100281248993747,0.100305515332098,0.0667957102567135,0.086643076075034,0.0657112352575121,0.0969889322023831,0.0997050576635003,0.0660371920278414,0.0867663506208806,0.0654867110267448,0.0992113157744634,0.100279833609174,0.0658848474330374,0.0862118029188067,0.065018365401008,0.098705514721179,0.100347521829488,0.0700311402880491,0.0899676169866775,0.06844831844781,0.102776669613886,0.103187026235324,0.0647445752084233,0.0855037775748576,0.0640716573597506,0.098125783232005,0.0993209678596592
frank,200,792,2.37192951891445,0.25,10.3674374399433,18.6225832797337,14.7475195308032,21.5220105864077,17.4095686483795,6.15549856306707,10.2626941996332,8.33544643059994,11.704739075301,9.65928618465565,8.95818478509124,18.3927913767669,14.7427526230501,21.4994191085662,16.7221980377081,0.0308372947703402,0.0489646220593851,0.0364829270710632,0.0587194180435121,0.0470380180851647,0.0247730972230472,0.0420022855913747,0.0311490083018204,0.0519602626142994,0.0380025454971506,0.0281722228968463,0.047491234477539,0.0354067775454455,0.0546334342650761,0.0449077287893147,0.0245860555852167,0.0451337848805114,0.0344892150852647,0.0524661464068788,0.0422453735572871,0.0229683396529508,0.0430236943686388,0.0327026393844333,0.0511578385245606,0.0397340906957263,0.0307634676155881,0.0471638215694657,0.0357365403103017,0.0545129781420569,0.0418589298399013,0.0260851718153458,0.0462580056379758,0.035358670576943,0.0542184922093743,0.042973388306721
frank,200,793,2.37192951891445,0.25,25.4558234932548,33.3930033538613,25.513485916439,37.6587820158843,38.7534137598406,13.6617000106327,17.6102728895761,13.690481376026,19.7326004378079,20.2772177619629,24.194576275067,34.0636873182307,26.3181949874193,37.7481754001112,38.8448646239998,0.0666422146796584,0.0801958580850136,0.0569940876430786,0.0965165136112764,0.0962961638782623,0.061591710549117,0.0802780231218246,0.0598535440076189,0.0926042329540227,0.0954736692837064,0.0637250590083071,0.0842999182584349,0.0631246455726176,0.0966978161693055,0.0977089946045181,0.0616310011759825,0.0819457567497786,0.0622868053338516,0.0916285868759389,0.0939138348041298,0.06257354527069,0.0840405717533501,0.0640052624834877,0.0938160917770655,0.0964806122975637,0.0686120150917273,0.0788926726664135,0.059734141758979,0.0902565951503567,0.0976782804727435,0.0630716221620222,0.0834736950298789,0.0634823811475585,0.0936174523275259,0.0963989245966507
frank,200,794,2.37192951891445,0.25,8.89457589209186,10.2113205469348,5.72824367877259,17.483021406995,14.7434795265042,5.42251985854053,6.07755955678266,3.84773499175988,9.69504128174761,8.33206433757194,7.7510648789119,10.4640913632415,6.08381198629167,17.7025594004873,14.7066620079543,0.0189868475020007,0.0250527616202683,0.0137780489899766,0.0465824455085628,0.0356132128325909,0.0264702541760531,0.0281995826960609,0.0155649936496379,0.0476320277893772,0.0406276369281496,0.0252703699019186,0.0270492882881331,0.0138989762034736,0.0461188688279811,0.0396918762209699,0.0216035001142708,0.0252616114701338,0.0133536427976943,0.0438298166770587,0.0368342443070634,0.0225466425126926,0.0256331335221983,0.0122998852623559,0.0444308902769974,0.0384169880825367,0.00957069939679055,0.0180772551692857,0.0086013694465032,0.043647964638666,0.0366582521349203,0.0225426116164714,0.0258965761704335,0.0137271408060435,0.0442616676349415,0.0376171885739236
frank,200,795,2.37192951891445,0.25,2.89347845659924,2.22541397600393,0.285789483972577,5.02131285704565,4.07650529676383,2.4364234564052,2.10489766034583,1.14035319972076,3.49557071472116,3.02543568406116,2.99126564778976,2.28056526735069,0.231438704181993,5.06653822689117,4.2971874994789,0.00525849348284959,0.00940433910659075,-0.00237219568668706,0.0166287221064407,0.0151557343730244,-0.000858188436468118,-0.0058946015881628,-0.0132635085996091,0.00797283097291938,0.00349249723324452,0.0108102660781741,0.00453957905190546,-0.00332274778500103,0.0134852422049707,0.0104243771868131,0.00891077678417529,0.00679877272296672,0.000892040351771145,0.0143706993881831,0.012256846177747,0.0101773086437718,0.00679514574042081,0.000978246790846202,0.0146567697370496,0.0126874341266427,0.00579747416718424,-0.0111278202611515,-0.0155788041236005,0.0022168214910336,0.00409111894718965,0.00855746879933332,0.00483727564294301,-0.000885970878047059,0.0122088742000566,0.0103030088714765
frank,200,796,2.37192951891445,0.25,2.52514734605989,10.8931106715106,9.94522148545015,8.28190765549202,6.3095115593684,2.25498704869781,6.41734773733438,5.945774870304,5.11824890386473,4.13739603044575,1.23869517233289,10.4457624256378,9.83281116003867,7.9291802875001,5.35688343824894,0.00459338016227393,0.0313961570300301,0.0295597424057432,0.0254355806876535,0.0177592491395921,-0.000648883434482999,0.0235001013152037,0.0220440866825046,0.01597928553179,0.0110985797134558,0.00512400814802013,0.026838570378402,0.0241390219338471,0.0214026751609865,0.014147586791081,0.00290461953356634,0.0264372630719758,0.0243670457650759,0.0196597452340656,0.0141729397142537,-0.00234501619378546,0.0230212141507234,0.022255320985054,0.0172592256558631,0.0113599360349436,0.0091810389909335,0.0220451817640044,0.0158059422588308,0.0171499620804287,0.0112399635982729,0.0036175140928904,0.0261348532827167,0.0235371113633314,0.019891952668219,0.0140728573561876
frank,200,797,2.37192951891445,0.25,19.7205319915013,18.7282364718723,10.9456487383876,28.6671313400076,24.6876146944471,10.8087723548772,10.3149691027975,6.44351906703465,15.2594071206408,13.2797710606378,17.8187215285774,19.0582410345142,11.438824412069,28.6844879734742,24.5507336822653,0.0527637725113903,0.0370231406848878,0.00716209748380877,0.0759420881136286,0.0616789199722281,0.0495260347822002,0.0467844972748163,0.0268361298019684,0.0734102993787869,0.0650646660530143,0.0490720953494281,0.0460076194542761,0.0268135512650286,0.071163362117205,0.0604867000137241,0.0512901901076973,0.0483034920576044,0.0271791446511059,0.0736721124192232,0.063412499027217,0.0494974411347352,0.0453353702914086,0.0255410037338454,0.0702974282423119,0.0604898228708539,0.054071078095896,0.0507256865070714,0.0311708989191482,0.0743635789349694,0.064860960380252,0.0496971874351505,0.0469389185131361,0.0266843496075279,0.0720548933213625,0.0619331893018867
frank,200,798,2.37192951891445,0.25,12.3750820969016,13.7999280238454,8.14863037355604,22.4204561894675,19.2881787959058,7.15412963562384,7.86274610436475,5.05153449755298,12.1514873607843,10.593288194005,10.9565118921138,14.236165660805,8.89684089348621,22.5812103218886,19.0361718915543,0.0268027141661696,0.0325234269883442,0.016422608199051,0.0594660162188755,0.0482982602230498,0.0303822314553121,0.032562115425744,0.0184134236972325,0.0546240721689219,0.0467155032243386,0.0315502208963094,0.0333828076093082,0.0175488373423538,0.0562936123233563,0.0477793480393889,0.0314493427117487,0.035697528464439,0.0207078678316317,0.0572153576253596,0.0495357815605893,0.0324055581108854,0.0345666564589647,0.0186491539687501,0.0569165514193285,0.0488301268930654,0.0320716002620472,0.0386385005796091,0.0246971508598081,0.0607207328613928,0.0487311588018512,0.030990990925893,0.0352171256572004,0.0206064695179679,0.0564086982707284,0.048470069073388
frank,200,799,2.37192951891445,0.25,15.6019517144054,42.4826283094681,41.083037468337,33.6686464433287,36.1430869649453,8.75996915327387,22.1322916319405,21.4361298731021,17.7475717585835,18.9789170140928,13.351395439865,42.3309713227461,41.7006015357056,33.6514052926461,34.7969626051516,0.0434113373437716,0.10969266924523,0.104909022569373,0.0878555068007249,0.0935923683889187,0.0370697967992619,0.106336901751467,0.103923457318693,0.0833934352393761,0.0874740263456798,0.0368132525198721,0.105530352592106,0.102625585926716,0.0811911798023179,0.0883319995122393,0.0380622755918056,0.107327618924287,0.102745165798253,0.0857326044084694,0.091228591426356,0.0367591780749533,0.106449266658144,0.102305193184077,0.0835147939346798,0.0897025195551723,0.0280212361863537,0.0910334273204678,0.0885879981603348,0.0723168796749549,0.0711973398025417,0.0375676840500868,0.106190812751369,0.10245610833224,0.0838406636201425,0.0893620111611196
frank,200,800,2.37192951891445,0.25,14.1743136792667,18.9746076160229,14.0898840116768,19.6505705972699,21.0993109710897,8.04870419107167,10.4374323949987,8.00781358600205,10.7735141352198,11.4941693018929,13.2253509227363,19.0886448183316,14.2286095135854,19.7548117421234,21.138015372682,0.0379104732970355,0.0474422685592117,0.0359814912776259,0.0478802304165704,0.0542560309450076,0.0348310469576304,0.0520851158860619,0.0394639901220895,0.0531036326267297,0.0571678728717243,0.0356167304832694,0.0498433767484914,0.0374685027689909,0.051328029582617,0.0553241722884614,0.0369442016054992,0.0480828606880708,0.0348806676753302,0.0504048568719782,0.0538931229307627,0.037034272400116,0.0456120604900901,0.0313303193940652,0.0480529269974944,0.0526216274239032,0.0366777607537867,0.00569005996413578,-0.0108888662941997,0.00769754789433299,0.0287320068101833,0.0355411443992276,0.0460074574243493,0.0333003136644019,0.047512452078,0.0513642579509725
frank,200,801,2.37192951891445,0.25,13.2051021278999,30.8099346480213,27.0469108718775,36.5655198178532,31.4202366673226,7.56704565675184,16.3252805251897,14.4538967694569,19.1884668423681,16.6289400483173,11.3616601625303,30.8296744164355,27.6709855089466,36.817673350453,30.5056297779542,0.034627750930804,0.0643976566118296,0.0431922028743229,0.0938036569763701,0.0742807167250209,0.0351979727091624,0.0779728802621778,0.0653618903294798,0.09547461575469,0.0814979202566151,0.0325299344446622,0.07766641585722,0.0666973105818559,0.0926228075747757,0.0789776211154301,0.0313970425742141,0.0776469759635576,0.0675953062706635,0.0920625306615095,0.0785964725597531,0.0297237174383468,0.0758671919699927,0.0659998309249973,0.0908572189838942,0.0759173329912528,0.0375065254247085,0.0757928271313611,0.0611117825299492,0.0879734030319562,0.081495588057095,0.0328218471045563,0.0774108838527039,0.0670741068188886,0.0917846569314336,0.078271870952148
frank,200,802,2.37192951891445,0.25,29.3024572121925,26.2644240034528,16.0441347094259,35.5528095366733,35.5341172262148,15.5755632867995,14.063905386356,8.97942193237063,18.6850431303211,18.6757288774254,27.1343731520385,26.8766091075497,16.7964626887576,35.5410206574735,35.5370545703843,0.0779518605698716,0.0666424448075206,0.0399647852263973,0.0938448446954694,0.0906300723395516,0.0667069238296649,0.0604012259057703,0.0342689080734371,0.0798767681265904,0.0821731118025201,0.0751482395945425,0.0665912261212553,0.0398657992739656,0.0907408400321318,0.0899633891234836,0.0721839250226699,0.0671552282868467,0.0415844567453087,0.0901514009521034,0.0898995698652664,0.0750100611621194,0.0662697609765425,0.0411292156868015,0.0907672299291695,0.0902311291238436,0.0776990035801413,0.0693840370596784,0.0446013079159863,0.0938684011554886,0.0937952555719184,0.0724996070600698,0.0657519765294072,0.0399607063722023,0.0887812494014302,0.0884946111228723
frank,200,803,2.37192951891445,0.25,10.9024829572771,5.21815266403352,0.589869878545045,13.3470664515936,10.5206296825944,6.42180669045113,3.59386405373096,1.29178664587117,7.63749639986206,6.23161072128235,9.7024031626777,5.41027012548514,0.633906213492471,13.5149026676241,10.560877780335,0.031714522931123,0.00898591776133882,-0.00753353392938698,0.0359900226328991,0.0280768687094589,0.0288439288497634,0.0126980663798107,-0.000404823938764659,0.034222618417457,0.0256036626073444,0.0261146170611322,0.0119259065389954,-0.000383866538582326,0.0315194544912558,0.025485684231119,0.0268300659721899,0.0119058534999574,-0.00066131468925272,0.0328131835759651,0.0255444710130241,0.0275344998577935,0.0137798523561323,-0.000622249574017296,0.0357333456619076,0.028618044301904,0.0299210614530896,0.0175583243796518,0.00460420610015272,0.0372327810794238,0.0292957314129404,0.0257754290509026,0.0118196121229692,-0.0010241576605316,0.0333219461516508,0.0257280200365491
frank,200,804,2.37192951891445,0.25,17.4257860355181,9.4752876275435,3.38774575597663,16.7302547673672,16.2773875732455,9.66728289497787,5.71146109174811,2.68294047242286,9.32070994212971,9.09577536972623,16.1751704648847,9.93472813591837,3.8497189281481,16.8174958873888,16.3079818590575,0.0261288555169324,0.0286110250301933,0.0134017297223438,0.0423938035760319,0.0443508309649346,0.0457738955905227,0.0272383240890243,0.0115349767678361,0.045310937406839,0.0451761970355472,0.0411880867404445,0.0223287328918414,0.00757196629838735,0.0405605110226584,0.0383527311023311,0.0414244129250926,0.0237563413547439,0.00887223845130893,0.0415594508379838,0.0398288923437847,0.0441016986954396,0.0216779061829251,0.00672201178518056,0.0402636959036352,0.040044749183263,0.048244224540445,0.0284874701803686,0.0132809765223482,0.0443836909684146,0.0447001460536849,0.0431091120719093,0.0228357681080496,0.00743484726553906,0.0415996419533674,0.0396860074783468
frank,200,805,2.37192951891445,0.25,16.3730652060432,9.46256161080206,2.60180746088685,20.5459936532825,17.271090034362,9.14292785365928,5.70536759456458,2.29289377361864,11.2188425792395,9.58972085099346,15.1319176007073,9.90947091394118,2.93170896599105,20.8019817586799,17.5634818849843,0.0454720505382769,0.0225861645810308,0.00483896099385767,0.0509837230644813,0.0453467279928848,0.0315782389280905,0.015016511504235,-1.87553462682438e-05,0.0399047609946889,0.0310051301815596,0.0429924136254435,0.0231653749944779,0.00434644239966996,0.0530286892669895,0.0444878315999032,0.0432050011219798,0.0244957841392508,0.00480954643935925,0.0535988584876204,0.0455738422171369,0.0396147132397686,0.0231618837709758,0.00505403847594211,0.0517452074013421,0.043061862812171,0.0443930645658774,0.021883521927824,0.00744437048691704,0.0456143200056837,0.0330384507939299,0.041605699778425,0.0226568894307441,0.00364951748715145,0.0517705965547136,0.0431892700258983
frank,200,806,2.37192951891445,0.25,26.3939297225831,25.2330942327291,16.9269679332302,27.5941928658229,26.7835666240598,14.1287559474311,13.5515915305095,9.41936893054936,14.7261844088242,14.3233731578267,25.1187213178672,25.3449694679693,17.0998038969713,27.1785106454065,26.3398634820894,0.0695530563753084,0.0433172070258593,0.00473099924349698,0.0619228490590002,0.0613057890349282,0.0695212063907662,0.065633729890838,0.0448831983617945,0.0715392299728179,0.0696033760607519,0.0670336839733377,0.0647857585417935,0.042980420281127,0.0713575679912143,0.0685181502382316,0.0655073914461198,0.0631184296625149,0.0426584822569649,0.0682661358228048,0.0653002797646234,0.0661994574545933,0.0621578659901246,0.0413444640511806,0.0687776275839846,0.0657941695737762,0.0694664443436382,0.0641696014565974,0.0421132844003223,0.0718011121393831,0.0693273150570534,0.0652147661187196,0.0621076648910849,0.0410662558170144,0.0680970132121633,0.0651464184105513
frank,200,807,2.37192951891445,0.25,14.3003533184254,7.96603815156621,2.24996689368128,16.5135995012712,15.9324277959078,8.11171521430793,4.96044070691787,2.11695646863001,9.21280837784584,8.92359000368302,13.6761544549794,8.61042534838788,2.83756081910435,16.6962425330177,16.4735130387329,0.0258827514131201,0.0166307539019611,0.00507858346475955,0.0422068197926164,0.0365053169584063,0.03476032450571,0.0191695897566003,0.00544523237030723,0.0425106687740539,0.0394152906556358,0.0369208745681548,0.0175634528508086,0.000640446713003362,0.040002328243849,0.03963570572767,0.0358999063457359,0.0194890074255613,0.00535804422627332,0.0406925485675879,0.0396874783157883,0.0316106196537395,0.0185368915546456,0.00515503742287764,0.0382876346266517,0.0373091407827197,0.040709126533144,0.0196820342498405,0.00223676518606393,0.0445171768045915,0.0424396857070964,0.0370328911471878,0.0204604928461855,0.00556423766525849,0.0422574111643934,0.0407999207899373
frank,200,808,2.37192951891445,0.25,13.8237631206187,23.175191802721,18.2833020249907,28.6678747506031,26.922419570647,7.87485834450446,12.5268423247381,10.0934558830747,15.2596075283877,14.3911454660724,12.3217246578005,23.5750918725303,19.1722811525244,28.7614666627568,26.6507976922993,0.0369117082557832,0.0565064437590429,0.0433377510212593,0.0749048723291021,0.0683369638381843,0.0376704741500771,0.0615172475890058,0.0492522602194963,0.0741963594409718,0.0706442504183782,0.0331171843748694,0.0582726839985211,0.0468295480084815,0.0685181581023935,0.067085958556495,0.0335375541740987,0.0585825622509193,0.046278999000656,0.0716307902779615,0.0674450478937793,0.0342671794552471,0.0577054163130976,0.0447077698715235,0.0712358315634598,0.0676807693243166,0.0378931765689159,0.0608240186571741,0.0473913789252487,0.0760063732865132,0.0703396212685219,0.035156580762271,0.0582894244089742,0.0446578166671732,0.0722605989843158,0.068278452623107
frank,200,809,2.37192951891445,0.25,12.4025845738622,19.8936378289338,15.9840837861156,20.4129756800637,21.2596670101326,7.16785223861469,10.8942822749508,8.94923649116216,11.1530234866688,11.5745441409251,11.4042950664403,20.3146782669471,16.8012968571153,20.3291116303514,20.8835588644548,0.0356048718068831,0.0531239951035102,0.0437755017808743,0.0532373097194177,0.0553707864494828,0.0318110602855938,0.0494803674961724,0.0386395458750294,0.0518818560411565,0.0512340358045084,0.0277292263748892,0.0504502948605617,0.0421133760218753,0.0504099392113329,0.0504455757723406,0.0288321094241676,0.0505694463698083,0.0411914979130582,0.0507366983787076,0.051206979609598,0.0297242450482095,0.0500299171958828,0.0411908080464443,0.0501298015326927,0.0509625017339343,0.0200642788835289,0.0527620754629658,0.0447310710078611,0.0469863044618092,0.0474707536698279,0.0318324642847332,0.0504995496224391,0.0405354306799326,0.0511643127119163,0.0532243431151474
frank,200,810,2.37192951891445,0.25,16.2150792808834,24.986669280803,19.3766775617048,29.223752234555,29.3910318142645,9.06432206190652,13.4278867130839,10.6370362514311,15.5362802469599,15.6193112353364,14.6757631745017,25.4325843604569,20.2756709334923,29.226171435284,29.0286372993097,0.0166805228911941,0.0654555945335143,0.0533330067332652,0.0719618679496998,0.0723582977698098,0.0442184496789072,0.0645433679547477,0.0504233882868187,0.074625356663365,0.0765156414233667,0.0409419330524238,0.0602499270336531,0.0462532407943317,0.0703754867730729,0.0716339932239131,0.0383597483070087,0.0636599133900934,0.0498954925555456,0.073161548012494,0.0733002120656221,0.0407482188825357,0.0624616462606853,0.0486162412877383,0.0712099491290559,0.0717179998246088,0.0220145497265259,0.0638946229565463,0.0533820830629703,0.0645461312808711,0.065685585972726,0.0412974008990873,0.0640365353911913,0.0497901931217413,0.0736393724425833,0.0744958174890479
frank,200,811,2.37192951891445,0.25,31.2612910041709,25.2861831566801,13.332913998351,40.6864768298652,35.948030060776,16.5495123116733,13.5775195888016,7.63127388489692,21.2390107023625,18.8816751659194,29.139300840434,25.8128687166384,13.9371200348763,40.7445634009655,36.0449472415074,0.0783623827235998,0.0676510140887117,0.0348011654226886,0.103351804056173,0.0937487273605699,0.0804985355943375,0.0597300101589406,0.0297672931135691,0.101496017051944,0.0863971719168549,0.0797573715579756,0.0656206608775859,0.0351869851215294,0.103421370498173,0.0915380121186837,0.0794531210272547,0.063463576110159,0.0329758234697752,0.102296419855966,0.0900603456647425,0.0785077167380592,0.0625915952355153,0.0314112833597153,0.100431068813295,0.0895612437038781,0.0831529550280666,0.065645851795861,0.0375249954668024,0.100875269975897,0.0930451641936909,0.0786297940504929,0.0623555238336871,0.0314511268507608,0.101300798929821,0.0895270850075244
frank,200,812,2.37192951891445,0.25,19.9193465551036,29.5156868012953,24.0227923048041,28.6408555688188,28.866551605556,10.9076178547652,15.6818831085352,12.9496291333961,15.2463610783525,15.3590319371561,18.3636688169838,29.5747830100345,24.2716063613478,28.5724058238829,28.4329624197198,0.0518072329731926,0.0770364664812179,0.0597366153956175,0.076484048924231,0.07570423548227,0.0358931463142891,0.0763911937688881,0.064186254639941,0.072243430177622,0.0703131888594509,0.0501512463903325,0.0722379518644832,0.0572300127949247,0.0720012267958285,0.0716398236687385,0.050447322033777,0.0734597766906615,0.0576947877821945,0.0725147662294517,0.0728796753742102,0.050654632857129,0.074563728249339,0.0605573291916331,0.0722189608622439,0.0720003301515302,0.0513433488091721,0.0733145203756787,0.0554905903241474,0.0745955383235192,0.0666655116758331,0.0489860085283815,0.0730850718821813,0.0584320341425029,0.0713793971342435,0.0711304896280026
frank,200,813,2.37192951891445,0.25,15.9628372688787,21.7813175014253,15.9022181362238,26.9404135636667,24.4189491355493,8.93920362825186,11.833765978027,8.90923449272512,14.4004110690247,13.1462652743346,14.2489519059027,21.9038636154425,16.3485349937986,26.8896239871762,23.6496844971668,0.0448971112187008,0.0575196588160397,0.04157873662511,0.0708889469031271,0.0631219541574835,0.0336564747713601,0.0475928292998732,0.0311363996035366,0.0624972382085656,0.0539360391063783,0.034654110704807,0.0494358056950395,0.033454407749019,0.0653727268845793,0.0566815416987319,0.038470233561745,0.0540350212622178,0.0390424496534957,0.0675456230633316,0.0586102520564593,0.0373643956185114,0.0548056040295219,0.0399521371384692,0.0651604019879733,0.0592509113604345,0.0192723774458546,0.0523387762243286,0.0435732535381384,0.0576031759296214,0.0540461804001711,0.0397849844779662,0.0550987679001455,0.0399427480459676,0.067486313496167,0.060985463408707
frank,200,814,2.37192951891445,0.25,15.7865418225209,20.3482618255404,14.6209865928073,25.3285238016641,22.4726835758743,8.85193986335333,11.1208678619133,8.27164247389124,13.5987303872183,12.1783307718147,13.7151066290459,20.4657248603425,15.1919166685275,25.1158876939584,21.6311199051015,0.0443118605451195,0.0532579633969803,0.039046506136856,0.0681987498291679,0.060275133074136,0.037016638345909,0.0469381958628067,0.031651657487299,0.0612937268372909,0.0541432491357622,0.0357099583523058,0.0511898600819941,0.0377674442611763,0.0616713909719095,0.052934768191841,0.0358640863501613,0.0489984939037355,0.0359076780621265,0.0598378394826783,0.0510478328980097,0.0406145878693216,0.0507897625980591,0.0346127093283938,0.0648320316397836,0.0561028516191206,0.0406338885035517,0.0518650857287558,0.039357977685495,0.0657714023169779,0.0562047548417262,0.0368104971790392,0.0504810554401813,0.036144752301671,0.062653990116779,0.0545459397795427
frank,200,815,2.37192951891445,0.25,9.85738875083418,4.46819499937391,0.214630562164209,12.4300933878269,11.8647590804545,5.9015930285814,3.22024260115283,1.10458133626179,7.18105566203799,6.89961738162482,8.73242023887265,4.88725140805563,0.517098643743946,12.7549444517042,12.1472906241404,0.0288760975044325,0.0112164853705259,-0.00567027020958891,0.0355504446420939,0.0344842872629622,0.0231527482839482,0.0133880435617612,0.00223314283074883,0.0300514029357747,0.0303994021175914,0.0253027735905863,0.0101572432215315,-0.00153853265496304,0.0316475161396371,0.0296848388758213,0.0231710048791389,0.0109110843482842,-0.000490561068746416,0.0310956195674824,0.029814936812012,0.0230296120665739,0.0108791104294685,-0.00261991117507958,0.0309457354395352,0.0307719305161877,0.0191896231934372,0.00411125645277472,-0.00753630782774846,0.0258452060624861,0.0227285480596108,0.0246898495630759,0.0107825284694629,-0.000714468921411835,0.0312191579955958,0.030397997544723
frank,200,816,2.37192951891445,0.25,32.1599540616766,27.6045812170078,16.6520565144009,35.1053149874175,33.4362177520864,16.9967507661826,14.7312470400757,9.28290241871708,18.462337195771,17.6328425651778,30.4002435727495,27.9838531749808,16.8810242166799,35.1805987388976,33.3014999938836,0.0727930041056058,0.0644976336382942,0.0401863904369075,0.0766263988308358,0.0733857705048383,0.0783046675778028,0.065338768649312,0.0388353255674451,0.0813935470381353,0.0772744473359962,0.0811120766839921,0.0698213954646253,0.0405154535461123,0.0886251420288382,0.0857790103953414,0.0817082567128393,0.0686227052156838,0.0395307256936845,0.0884797445452213,0.0829787540609564,0.0775215941317882,0.0627737302713949,0.034309231880843,0.0848783688578855,0.0764781108137417,0.0831819555305553,0.0740043990629558,0.0457864705563994,0.0907821449828258,0.0883785910970472,0.0817215787123909,0.068291381639808,0.0396383802966285,0.0884749937113494,0.0821284780303045
frank,200,817,2.37192951891445,0.25,31.0667915334843,33.2868947976805,23.0368257329082,38.4447081739414,40.6457075521666,16.4531104841424,17.557530876068,12.458354256323,20.1237195867208,21.2185164038862,28.9688625336016,33.8107910825627,23.5959688655233,38.4689551663297,40.7202335813216,0.0806159915738145,0.0744844026559209,0.0449635481615054,0.0988338481981121,0.100882368367181,0.0779383031517048,0.0784300266092001,0.0499845254753098,0.0961980158070918,0.100382344506545,0.0776339549688693,0.0837608393804108,0.0589490561240195,0.0964435279291217,0.101637634166357,0.0791089771357748,0.0829268309387222,0.0562039904154044,0.0956038941786121,0.102073793853753,0.0737304654285575,0.0836916110427198,0.0589652499318563,0.0936579770556634,0.0994371540727078,0.0736660369776801,0.0719337440554073,0.0382779999809255,0.0968679784242772,0.0935410077799366,0.0773854587225413,0.0838461314802632,0.0579819740571321,0.0961351925397015,0.101857100831948
frank,200,818,2.37192951891445,0.25,34.9659991422784,39.8303223663647,28.998501792733,47.5780609320272,45.4423152218046,18.3935093587825,20.8133130678254,15.4249099136035,24.6676212825562,23.6053195602513,33.4629841417318,40.4925335088606,29.625418560144,47.5400417756755,45.6273799926233,0.0922479417624092,0.0930997436740353,0.0559001240832385,0.120188643254283,0.11454721458009,0.0769463468127673,0.0935657411392802,0.069256344620048,0.112265725361723,0.105869034142197,0.084926084221773,0.0970296197685037,0.070459724467814,0.117845615700645,0.110438109698869,0.0873403335658865,0.0995593198177155,0.0707312370909722,0.119604155226395,0.113695169737931,0.0827529096721505,0.0968186528872228,0.0691950924738397,0.116407146983488,0.109862866398754,0.0863717508096268,0.0993993041379106,0.0764163153442482,0.105448875779153,0.111997352220065,0.0861805465673769,0.0990672934504087,0.0711322700976,0.118852161796498,0.113085287236989
frank,200,819,2.37192951891445,0.25,5.53533851947476,19.6757244620431,19.0355688658113,16.1142060952036,16.7686572447054,3.75165138804494,10.7860090697746,10.4677171561968,9.0143875340626,9.33995164404883,4.37793413702653,19.5919667523025,19.4666746306034,16.0270140741286,16.0752117790134,0.018249428669206,0.0535667236412905,0.05197386350958,0.0421362222016962,0.0466715001466754,0.0101210850487206,0.0448704361391397,0.043600360391695,0.0352479016461518,0.0364488114311409,0.00877673700814869,0.0516071654483474,0.0502944881940554,0.0417209349343358,0.042562802948017,0.0133454334367686,0.0505177293640242,0.0488593284632052,0.0410218062699372,0.042856426131111,0.00821410797912087,0.0461398243586722,0.0456685556290367,0.0349084835535802,0.0363477357027684,0.0167245189095594,0.0531793552599754,0.0517016741159785,0.0451272870409116,0.0447243738178656,0.0130602508079314,0.0492806801698858,0.0475195403807967,0.0403483286060527,0.0414379531033584
frank,200,820,2.37192951891445,0.25,29.2053714595537,40.6852188414778,32.8197610312291,40.2765953394723,43.1004176171996,15.5272327683097,21.2383555006657,17.3256471837944,21.0350622040555,22.4401195564856,27.2103992161866,41.0758400360177,33.4966904961805,40.2446728069984,42.7279783269365,0.0780132648139517,0.091775723392381,0.0538128578027961,0.103809933528744,0.103095950204938,0.0689134366930511,0.105679306901821,0.086023500107738,0.102599042067059,0.109854808381612,0.0715905729901378,0.0991811499650328,0.0792224743192527,0.098855573684052,0.10568430692856,0.0703132924670774,0.0998157782604743,0.0794744267016457,0.100029259447534,0.105994394430282,0.0734112177989453,0.100801843297534,0.0788537942473891,0.101245571889951,0.107315796929402,0.0716767054052593,0.105992632369472,0.0868672167222721,0.105651477343868,0.112737437844143,0.0721802815047923,0.101764026502696,0.0815253146139346,0.10041526108231,0.107147857751382
frank,200,821,2.37192951891445,0.25,24.4716689245812,24.7892313239633,16.6730200505624,28.5482962041261,31.8083358101334,13.1719850660941,13.3299482847979,9.29244633948317,15.2001432837106,16.8217953670806,22.7057803721296,25.2241108073302,17.2491279755351,28.6230722890609,31.9635665328223,0.062148230905918,0.0669196544256642,0.0466674299523164,0.0757113914450355,0.0845033890039938,0.0608951987886495,0.0637123473137331,0.0439125744744493,0.071331374984671,0.0794155256156977,0.0634377272265676,0.0640025910636316,0.0432288662579017,0.0733127098481295,0.081915266542865,0.0615941732719512,0.0610896396473839,0.0402614064262477,0.0708402636440667,0.0796745091628411,0.0589567860351504,0.0589857561547364,0.0387687398496998,0.0692575271978162,0.0756620579980709,0.0643675978658734,0.0592334000765776,0.0408397735759295,0.0625753324139554,0.0796873815912546,0.0623655870122346,0.0628035296526167,0.0418399636478123,0.0719640155322745,0.080748606808309
frank,200,822,2.37192951891445,0.25,23.0167900636615,20.5814270372072,12.8177401733801,24.7531711620699,21.9769518158343,12.4489271386286,11.2376492627182,7.37538087713701,13.312875039708,11.9320740878779,21.2457540376931,20.4481862313838,12.7534179673249,24.2852941206908,21.3882624306732,0.0602282508972935,0.0513061173694506,0.0229141605864967,0.0668469899206168,0.0580002528702292,0.0549868378358866,0.0442775334978378,0.0177807201150952,0.0587104349884223,0.0472601886712443,0.0582335021743681,0.0539707923355434,0.0349479321781734,0.0633346424751213,0.056518094216384,0.0543345066402996,0.0478261220279195,0.0285154712741787,0.0587321597112181,0.0497600059232799,0.055976740197678,0.0470017070073244,0.0275617904438476,0.0564574178215556,0.0499692802202801,0.0610025029415868,0.044717388754696,0.0232458765016786,0.057963429450508,0.0524824746812059,0.0563385382281816,0.0491796993214019,0.0292026252026755,0.0601543001032673,0.052743652072635
frank,200,823,2.37192951891445,0.25,26.5832103035763,24.990256899469,15.1774466293941,35.1325657506766,27.7735473332344,14.2236513054172,13.4307555708166,8.54893096404808,18.4765799599804,14.8163324684855,23.5802155029909,24.9638867566681,15.5136022671533,34.7428207993044,26.5405675932461,0.0641481282943191,0.0616518515817993,0.0400042679467463,0.08705085934156,0.0607906929226754,0.0638637922389012,0.0516121828828938,0.0257808407791368,0.0793381747446008,0.055975927618488,0.0454575277655735,0.0583020383502572,0.0354141164289603,0.0814198170248836,0.0571166866551653,0.0653127358004917,0.0609594752780828,0.0358991985011724,0.0867026269196842,0.0667364698252149,0.0601148495563674,0.0561867812589033,0.0315598555970918,0.0813969300763174,0.0588746329083854,0.0676893795891239,0.055024125145297,0.0275796266252764,0.0865825718642176,0.059484553073679,0.0636111360056866,0.0614591619160906,0.0371622112595852,0.085850897344989,0.0659897888651241
frank,200,824,2.37192951891445,0.25,20.5617280281436,27.601120236527,20.7404042053369,31.8390267480781,28.0125915847687,11.2270042462667,14.7294243085032,11.3165303573065,16.837654044374,14.9346668824585,19.0373000139407,27.7457730194562,21.191350510434,31.6663306168015,27.3593693593443,0.0562472646400104,0.0724989473967671,0.0552489541385396,0.0791233483213814,0.0745262578898413,0.0539969276313644,0.0717693885611853,0.0540948668833476,0.0813816703879095,0.0712080256184671,0.0535895171179874,0.0693288928592318,0.0502392524856412,0.0812241353351305,0.0703504109563533,0.0499534905698601,0.0661428777040482,0.0489911237591481,0.0773935723609362,0.0653916147409188,0.0525585904033929,0.0716853991174431,0.0543316834120249,0.0810483674391294,0.070895617185217,0.0562644064510533,0.0688268109499634,0.0476944259701858,0.0815984870108968,0.0745494581129886,0.052110317296961,0.0688931783925057,0.0508377979617472,0.0798342892913813,0.068889728233376
frank,200,825,2.37192951891445,0.25,22.9967386070804,39.168853689874,33.194346701637,33.9308252308534,36.4638606814809,12.4387717169869,20.4839985642341,17.5116995395928,17.8784570353133,19.1385828756835,20.681690829762,39.1404637647595,33.5744078529618,33.6498678356189,35.6360427665741,0.0618276781006348,0.10157824101922,0.0877990542733568,0.0854407296977938,0.0953314751166929,0.0583888819639933,0.0992786388321392,0.0840383376296491,0.0870495189615392,0.091186498303164,0.0605198706538632,0.100098557781728,0.0847222937999684,0.0855804789447351,0.0933561701902365,0.0565730915902314,0.0964261485802339,0.0816888975084389,0.081784115836087,0.0892861231740298,0.0584303027468946,0.099870771003537,0.0856282576249053,0.0850695353281335,0.0923816797247161,0.0616559480944674,0.0953233268000543,0.0830606073939504,0.077959664585946,0.0856505541774907,0.0553406442675745,0.0974766680723789,0.0828991281459833,0.0831829261511639,0.0898175739243223
frank,200,826,2.37192951891445,0.25,21.6629366752284,14.187015225984,5.72040415848051,27.4707154793545,19.2775852963886,11.7758176786487,8.05611588939426,3.84422916989767,14.6643006539864,10.5897777597194,18.9623892891136,14.3084638868653,5.98675746277706,27.4425397436094,17.8900695816594,0.050008756180167,0.0300609219024062,0.0104209865821796,0.0678721421160217,0.042218988066157,0.0540881496043646,0.0200474385737253,-0.00408628713342618,0.0611075804253701,0.0370280407115657,0.0557861141343426,0.0330144907523212,0.00951353504105638,0.0682605044554673,0.0472459696844937,0.0508362694053832,0.0331072624875481,0.0114254701927109,0.0678799701337189,0.042075116929702,0.0489345740098998,0.0335307969798557,0.0126351335793315,0.0658656190080903,0.041898185827391,0.0574484937202804,0.0136348479684995,-0.0093418672152882,0.055460536094815,0.0243626229509895,0.0517325957553182,0.0339475475128206,0.0120365472023571,0.0683969768948268,0.0445405615657756
frank,200,827,2.37192951891445,0.25,13.3760704707251,9.83483924803346,4.59288234934269,16.040327063879,14.3629182477741,7.652539052704,5.89043398936689,3.28273029640218,8.9774459043391,8.14339700016724,11.8574061998917,10.0442124922018,4.88903252270184,16.1401196214018,14.0889795474938,-0.0118028082809263,-0.0270058158263524,-0.0282704953801842,-0.0128731682962751,-0.0392890049546851,0.0328755103288336,0.0265247065647403,0.0141846590578933,0.0401354956268183,0.0344103236914456,0.0343068462576304,0.0263936764137084,0.0132458494446052,0.0408559216198428,0.0378597497281843,0.0330074377177217,0.0236165020270681,0.010043548323151,0.0394382746844301,0.0348602149835985,0.0327735151219585,0.023032617901557,0.00887411956990629,0.0401208625294014,0.0348562115667284,0.0345590335547322,0.0281966325690969,0.0164816557081929,0.0395778381036301,0.0399985723718701,0.0322161804687783,0.0232992133356026,0.0100353084477299,0.0393801592015523,0.0340945267896107
frank,200,828,2.37192951891445,0.25,35.9128899491435,44.2679661002179,33.219381632823,51.3538005616555,47.7386415699095,18.8642743163764,23.0212958650031,17.5255349304048,26.5458311742854,24.7480590970125,33.1588757084281,44.3795629922794,33.520607998595,51.445932476643,46.9926419260433,0.0810344487790848,0.0985579112487415,0.0653370768639732,0.132722965856633,0.115048530483112,0.0933646416118733,0.105235470947661,0.0715236506764514,0.124737017581943,0.115972805318045,0.0920628218179533,0.112511732201273,0.0848542557676511,0.129290767047476,0.120785055893566,0.0900961025784058,0.11092149988558,0.0821834624587037,0.128817038213935,0.118548833448016,0.0902221462518066,0.107945884720031,0.0799832286364819,0.125508543294339,0.115529889700683,0.0889978329720574,0.105770095760943,0.0727170827298492,0.129975207336051,0.112159537064216,0.0894040521796564,0.109449309206689,0.0797343237087143,0.128627595422578,0.117990615904084
frank,200,829,2.37192951891445,0.25,40.1841605732117,27.8926213797909,15.1745412921565,37.3786730443904,36.3846112698707,20.9890767782905,14.8747298967402,8.54803460044599,19.5933286676497,19.0995969384893,40.5133811615529,28.6994579525338,15.3639771483054,37.4610142541636,37.1534545318227,0.103623883442135,0.0747114904616663,0.0426980229377142,0.0950935290200347,0.0929538568930407,0.0969298978440311,0.0725385992365314,0.041545961843774,0.0947599763062815,0.0924665385085111,0.0961273972132826,0.0633402545965964,0.0306397054252282,0.0894753997589691,0.0830373479610651,0.100004875985649,0.0685078459033731,0.0361975856915646,0.0931178136172167,0.08905778374208,0.10161212818298,0.0687555994486154,0.035598616711673,0.0938838072948378,0.0901982851263159,0.0895408166044007,0.040417393537026,0.00699178668494104,0.0612108503636616,0.0544280885566197,0.0993944553045867,0.0677202630905346,0.0349327086081173,0.0931979743455598,0.0886246431855904
frank,200,830,2.37192951891445,0.25,12.4025612423758,19.0993362563711,14.4550370784213,23.3873786365548,20.1956759138342,7.1687196589848,10.499432509393,8.18888801223513,12.6331004823231,11.0454264146187,10.1633751054457,19.1098004746741,15.0769568321781,23.1105668569686,19.0808776222061,0.034639322672378,0.0483775668632076,0.0357443824801144,0.0610996228265216,0.0551323335649918,0.0213009975868599,0.0420732191956739,0.0334498717573901,0.0494410186053184,0.0405225709109702,0.0311796606948972,0.0502889467513357,0.038208377724254,0.0590732915031113,0.0521302499426467,0.0293870560650405,0.0475804602955526,0.0356339977025524,0.0576598817369297,0.0491098686414587,0.0268761869583387,0.0475962236599922,0.0359741357658238,0.0577487806429401,0.048259753776818,0.00965187176033298,0.0402151306100961,0.0363197018521011,0.0380570539311763,0.0164484782824276,0.0286782188874994,0.0471963758121933,0.0355261923778257,0.0569649682215405,0.0489681385851834
frank,200,831,2.37192951891445,0.25,4.93718251924722,5.10158351429896,3.29809547504563,4.16450620164424,5.79245996115359,3.45370187004775,3.53560162127518,2.63838126253431,3.06948488312172,3.87960327342172,4.84179554855193,5.23997953067354,3.49256564409672,4.05254786802652,5.69231463042589,0.0162637588031304,0.00401109908092062,-0.00903200810056257,0.0140040894271517,0.0104986213138445,0.0139914495956972,0.014304790916963,0.00880578762027453,0.0131367968488191,0.0167605741631359,0.0058953207794255,0.0140663746050479,0.0103052778158756,0.0100956372585311,0.0117890820457174,0.0135048782663381,0.0134670488894084,0.00860328620058144,0.0109685500401193,0.0149970379543876,0.015062435102648,0.0134699813245772,0.00807800449962823,0.0115863438470221,0.0168076717548511,-0.00605150932465896,-0.00796936941196301,-0.00561744435616927,-0.0173631804369386,-0.0190367685173431,0.013134273520209,0.0124422574213712,0.00734626630625201,0.0102346946319418,0.0144504891039402
frank,200,832,2.37192951891445,0.25,15.203867119314,22.7228717312827,17.8961336634695,24.9904801143134,25.2176080916539,8.56181248973485,12.3017752365476,9.90045952620461,13.4301728605,13.5435770245712,14.0106072350854,23.230716234356,18.7344024906728,25.0218902919653,24.7922025923296,0.0410166568286587,0.0473893934154204,0.026605074671892,0.0637775162851065,0.0574850916240938,0.0304881038708971,0.0478988232036634,0.0374805247742262,0.0556193332023504,0.0495177935088655,0.0393675828735499,0.0580506690490432,0.0448565980167208,0.06489421790667,0.0640225200163999,0.0379201608408181,0.0591724477647804,0.0466204224032611,0.0644592403703867,0.0645024654528006,0.0398198050901392,0.0579909921537083,0.0456309092771946,0.0633036535273387,0.0642685859210991,0.0290350767110408,0.0504163459995797,0.0374769286894207,0.0560292574182203,0.0541516926958359,0.0375764250447604,0.0573230544586861,0.0450884727325602,0.0627748001940579,0.0625930279223462
frank,200,833,2.37192951891445,0.25,24.0318682799099,30.9823681721842,23.207020927181,35.0271079998526,35.6564700932055,12.9538151283761,16.4108958324015,12.5427414821929,18.423454414921,18.7368471431986,21.3840128160803,31.323569426061,24.0536461085815,35.0238033713354,34.7103438438943,0.0577513848111194,0.0822834976767317,0.0630154786010257,0.0921407048619926,0.0937540762681513,0.0578549988075013,0.0809913553992371,0.0596142816224504,0.0880634968607137,0.0904350482417071,0.0631123479492696,0.0797124270321354,0.0589854817278669,0.090427291818758,0.0926393370411201,0.0573022136673877,0.0786924831932527,0.0598055313146997,0.0878171306321603,0.0883919689640355,0.0589907511103912,0.0784132182059352,0.059167518089912,0.0871241295339741,0.0877022054244948,0.0632926913246885,0.0797726817158007,0.0591879507925158,0.0894671466751462,0.0865570097105839,0.0598388277290798,0.0787663034937507,0.058977447318282,0.0882129080683067,0.0892865918512534
frank,200,834,2.37192951891445,0.25,18.5519543730206,27.0733370734441,21.0522669575598,29.7529910109162,28.4794904811083,10.2279661791053,14.4664934788898,11.4712487248453,15.7996331515881,15.1663246615992,16.1116704077445,27.1717737757734,21.5677987958593,29.7319356204468,27.649980118618,0.0508224792606001,0.0725683918333554,0.0574707130239576,0.0793712454742809,0.0746275169722153,0.0469548513545933,0.0710019381735169,0.0551803310564974,0.0769455719363802,0.0745762490701587,0.0439402606416648,0.0695197107310217,0.0539074887959298,0.0759635964969071,0.0722683133583192,0.0440563104763949,0.0661071304119338,0.0509370603327612,0.0724541473450969,0.0691619558285904,0.0487425111275055,0.0709162683499229,0.0546610575880768,0.0772278343856325,0.0744474926807674,0.0170398687500114,0.0610107636195784,0.0527028218779183,0.071430335165296,0.0603228482565079,0.0439404303103862,0.0675696357359174,0.0524021536894687,0.0737626338171543,0.0700706386987725
frank,200,835,2.37192951891445,0.25,27.0324983136041,24.93086995211,15.3580447683297,35.1043011163296,32.6142264766243,14.4468348007669,13.4006821845394,8.63861883502449,18.4616966515054,17.2231786404825,24.7747649748467,25.4319741445876,15.9033747307138,35.265384523948,32.5314937709256,0.0555151617160793,0.0631859183905999,0.0404893276607057,0.0889201157782249,0.0774669870291064,0.0579604886194314,0.0581293751057639,0.0336253987639217,0.0853137952298483,0.078181919102286,0.066322240836162,0.0578486306932457,0.0325687407200963,0.0848269246584386,0.0793821096922996,0.0635426762655128,0.0616577001836955,0.0365190695217924,0.0866599858897138,0.0799076690606522,0.0617614226006923,0.0609243447825905,0.0343105231079133,0.0874223766608859,0.0794445537726195,0.0707090877748005,0.0632269985374676,0.0395865200202274,0.0873444699539326,0.0812399742278582,0.0653169202779709,0.0618736199994638,0.0368988047116185,0.0880388819077532,0.0809687917079445
frank,200,836,2.37192951891445,0.25,12.1683404192605,20.1225443143202,15.825057258267,21.5337071367843,20.6220407199657,7.05133812880682,11.0084943355863,8.87069584914117,11.7106996777878,11.2570768190316,10.9920169543079,20.240547397626,16.2195301616066,21.4098596324329,20.3462180875267,0.0354057927754889,0.0553039106801302,0.0443858890291348,0.0577413281537269,0.0564033401141309,0.029296442408866,0.0505227483469997,0.0377595664339531,0.0549753731858487,0.0507934208849328,0.0253109020413368,0.0492235929588192,0.0401091761734124,0.0506875581434981,0.0470687067243611,0.0305910900283217,0.0505885266818117,0.0386635365764698,0.0536981785871472,0.0522234791632503,0.0321259460109667,0.0494851719269313,0.0370641662503944,0.0552192243010339,0.051994710574423,0.0322999482287618,0.0503542727411625,0.0402148894881705,0.0490297187847304,0.0500565304170263,0.0292562820537433,0.0493834594978236,0.0384957828684161,0.0520667465362544,0.0502606454664558
frank,200,837,2.37192951891445,0.25,17.4140046003968,26.521666324399,20.0117287650644,34.3568135997861,30.2404916087177,9.66102368907135,14.1919808828908,10.9538254480197,18.0898939277794,16.0420548507236,15.4844711064863,26.6975255591627,20.5650797730368,34.4378066043179,29.7102098513237,0.0482181541501489,0.0712754610621256,0.0548213722055381,0.0887943442993017,0.0780787381326182,0.0412252553400315,0.0658130478605042,0.0495932501688635,0.0842256121898922,0.0741534912585498,0.0451873883192058,0.0663964922959674,0.0481297431047638,0.0876425233708665,0.075803546753201,0.0440105422228894,0.0649086149250164,0.046785703525521,0.0852102003937481,0.0749021902315364,0.041323914509336,0.0630305049570077,0.0462275251387578,0.0831785415768579,0.0721528639738086,0.0470066048210806,0.0489622405086452,0.0136262040813122,0.0866046027696118,0.0671406458921562,0.0433845877177009,0.0664819908102404,0.0493013877764365,0.0859066839861965,0.075702448034995
frank,200,838,2.37192951891445,0.25,10.0606196708182,16.4144908479371,11.9523065430366,23.3984511817015,18.4173120144393,6.00271156268099,9.16385519210142,6.94443467462505,12.6381567618553,10.1604603688885,8.8015822527755,16.5484378894403,12.4401201154347,23.4484603388411,17.8958997747838,0.0293005485363541,0.045577594160907,0.034048272226402,0.0634960898336907,0.0487083446017347,0.0259044453493548,0.0355932840476021,0.0220119720600731,0.0549947950406491,0.0396846560205141,0.0208406123871854,0.0370539007692301,0.025099287051402,0.0571890934930336,0.0411721097239174,0.0233479737508086,0.0408780211300042,0.029462051924325,0.0586859602770477,0.0443652106866671,0.0266334321349129,0.0432765106984025,0.0314201699825588,0.0602560483808545,0.0477804560456305,0.0301107731709591,0.0452427330715207,0.031304495114196,0.0633818092368642,0.0464590841887192,0.024511923623261,0.0399655228014064,0.0276836397552901,0.0578770101087179,0.0445899620348432
frank,200,839,2.37192951891445,0.25,15.1273909611636,23.4265843453004,18.209546892483,26.9191803637877,26.6940904262882,8.52302025876793,12.6520373910591,10.0570133172852,14.389609296296,14.2775048222002,13.9974082142916,23.7573715095502,18.769694401104,27.0457618561153,26.655076503088,0.0408570799106562,0.0602983160192086,0.046555231066674,0.0719718993050116,0.0676588155580507,0.0326769547726801,0.0585981847707263,0.0478606047184497,0.0612845652410899,0.0633952673853502,0.0407089284429792,0.0623143822000054,0.0473985143349917,0.0701958300176884,0.0704562829483281,0.0372804581133889,0.0585240981138769,0.0453336083944497,0.0665473312451063,0.0665097250310391,0.0383042070771783,0.0605640402806962,0.0472501202733602,0.068200033817595,0.0682454045663367,0.0393673939235341,0.0635482122945926,0.0489474895250422,0.0667121221050399,0.0685329456912398,0.038519888076484,0.0583259755707471,0.0440592883708539,0.0674698135071105,0.0671678600317067
frank,200,840,2.37192951891445,0.25,8.03592966115825,15.4843429453235,12.5292908482363,15.4884877809048,13.6479742610205,4.99605755835312,8.70124609872249,7.2312258655967,8.70334841614579,7.78796295491653,6.61874241781834,15.3459587501779,12.7068547483535,15.2418031128105,12.973688543757,0.0245063911307305,0.0437055545741015,0.0357004275020328,0.0430508780058633,0.0380851570062813,0.0155746868442279,0.0368457126845704,0.0248735912965979,0.0397665491656496,0.0340676220276058,0.0156993787845119,0.0321657278626134,0.0254209737502521,0.0342979661443329,0.02800852190198,0.0181538412349985,0.0368740757281074,0.0290024304096748,0.0363697106558995,0.03101313573578,0.0204411759480939,0.0378464860196749,0.0278793339932077,0.0384721163137648,0.0344578507268313,0.00243701995304595,0.0384769354102473,0.0344583212983422,0.0381826020606351,0.0238308183528277,0.0181522524717214,0.0375777568337936,0.0303589535301353,0.0376663998389791,0.0322105652095325
frank,200,841,2.37192951891445,0.25,15.9488412174308,8.72718245822729,2.72769453829717,16.9505294430142,13.913753559131,8.93249705790207,5.33979080599147,2.35546104959622,9.43044950750896,7.91998218851818,14.3267768888346,8.83360378228113,2.71324023620448,16.9443102215133,13.7919628052564,0.0419948551278043,0.026616400825274,0.0091426545876714,0.0466786282731268,0.0397275664979411,0.0412479041727781,0.0237722321094289,0.00947823405151707,0.0438116290973895,0.0375671729930994,0.0404523575430637,0.0222189440384022,0.00704420580377173,0.0440214636503835,0.0353597913368418,0.0388953968889541,0.0195181074682904,0.00372030730768336,0.041728994828013,0.0330220390003984,0.0394616482394408,0.0188319108521535,0.00211735380341483,0.0415719709186637,0.0336760972923925,0.0448206181480441,0.0267633134212202,0.0116380653927997,0.0472707699485357,0.0397843039221564,0.0381681245372148,0.0211723761621514,0.00568904845248747,0.0422194880826319,0.0340045172894196
frank,200,842,2.37192951891445,0.25,8.31655345578787,16.3060719306394,12.7702146446238,20.1893573056176,16.1788121743891,5.13580330530741,9.10964574633861,7.35064072113364,11.0415963510846,9.04746401439952,6.39248735803588,16.3390246332855,13.325045114038,20.2496329543684,14.7001702573991,0.0184911395965482,0.0457409599715369,0.0368621382817054,0.0548895024620959,0.0423696023797281,0.0240953842857214,0.0422799598569222,0.0324250617604012,0.0536283203382242,0.0430223547052534,0.0215336268573294,0.041017479601649,0.0307485027567844,0.0532148155707422,0.039287310283862,0.0208875089046764,0.0426684278918168,0.033694602046145,0.0520991289341371,0.0406610006395757,0.0185464725299771,0.0403338640162382,0.0312988676820028,0.0513183207384183,0.0392471382346641,0.0225799174919587,0.0438140649975518,0.0358835807522943,0.0471098134246463,0.0434984499004979,0.0186752521510889,0.0412025860740541,0.0323362053216181,0.0507040104738144,0.0382031981348254
frank,200,843,2.37192951891445,0.25,11.3376876839778,12.4168444318098,7.70675468351929,17.7186563615449,14.9011616004478,6.63852482056224,7.17516140790388,4.83214601737072,9.81266739247781,8.41143954727719,9.99045072852861,12.5865336169041,8.13367698811042,17.6313150195811,14.3726890181067,0.0333314426131707,0.0341413266738724,0.0215889312955124,0.0484250645275571,0.039639597526435,0.0261241124481983,0.0252650069662441,0.0130396144633823,0.0427414671842444,0.0315329325095032,0.0253618947196375,0.0289422037648731,0.0168583959603286,0.043188605818424,0.0332202757374024,0.0274288265116671,0.0308359016469015,0.0187638807451034,0.0440650391112449,0.0360480407898478,0.0288198172021937,0.0309194632902107,0.0186178716204693,0.0446733331068025,0.0361856540269066,0.0328091987096822,0.0355413486330211,0.0215595672847891,0.0452247572039313,0.0420607260952572,0.0274286816138079,0.0309428700436315,0.0186531999571819,0.0443499454714657,0.0362641446131699
frank,200,844,2.37192951891445,0.25,13.3508500369883,15.4614778491996,10.923991550615,16.5691764128714,16.9900909626209,7.63978985100206,8.68990203614917,6.43277994929641,9.24092030987386,9.45018952735048,12.2089702265474,15.460921435806,10.985859766824,16.3933034733533,16.9072802682418,0.036727240784993,0.0340350764216092,0.0220482877367418,0.0389837622356143,0.0389064973705444,0.0265514506390674,0.035041269595684,0.0253527515355826,0.0388914209400532,0.0369484702650181,0.0338423707326872,0.0386585077937824,0.0255430098395755,0.0424069174817568,0.0432924018765338,0.032384009680737,0.0367830119866818,0.0251254834104903,0.0398464375023949,0.0411288773804864,0.0328425843817762,0.0327519664604431,0.0190478005123612,0.0397759601677597,0.039443701298438,0.028543465314001,0.043393590634643,0.0319914160772274,0.0447799838866001,0.0455477402892904,0.0335771287344927,0.0385615134199422,0.0261853069861537,0.0418188062715872,0.0429085090799569
frank,200,845,2.37192951891445,0.25,9.02614203840738,24.9141980734739,23.2064821024965,24.4906534654242,24.6163198750662,5.48767538829131,13.3919530014023,12.5428128844821,13.1812803391513,13.2438165907638,8.05326914215477,25.1192496611929,23.8991631732921,24.6696032024516,24.2170848672198,0.0242422631249276,0.0432138877608156,0.0388120004210321,0.0349748027742307,0.0439861289466049,0.0267900734736261,0.0647626191287039,0.0600527773942789,0.0634487844347315,0.0644384046379058,0.0251540338898645,0.0638871793742469,0.0575452148767695,0.0639722715878334,0.064028468142048,0.0229134044740845,0.0635016762012492,0.0583724293386592,0.0623349012330801,0.0626504952665481,0.0231487612819499,0.0616881627210541,0.0567798608754083,0.0609668515038005,0.0599534633744666,0.0272932887973663,0.0633186645807662,0.0551024200182357,0.0660055025348269,0.0651217714996133,0.0226616971940301,0.0626939869387806,0.0578508642947596,0.0610701454291306,0.0615566929048441
frank,200,846,2.37192951891445,0.25,12.7144467413647,13.6132179115295,9.25368005605241,13.1810865098103,16.0665539885523,7.32258188198944,7.77011109374863,5.6015178075867,7.55505325275226,8.99040974522995,12.0677738750058,13.7631552370311,9.28083378304993,13.2123760751286,16.3020960534137,0.0352325429336282,0.0329870605328576,0.0169297077853637,0.0353663428832969,0.0426618489588675,0.0313463697155544,0.035942218627623,0.0266009294114336,0.0325069733759254,0.041390431074955,0.0333607572457429,0.0324134649647218,0.0208494215830713,0.0335084569190145,0.0391824186172926,0.0311840573684714,0.0328872778057431,0.0216164871827471,0.0320495426921422,0.0388354001869239,0.0265009748681829,0.0337489797441458,0.0229489762672825,0.0304957330834053,0.0393768076793669,0.0356642638231523,0.0361784028594876,0.0257379789780483,0.0343398477832793,0.0421587811996027,0.0325264158931387,0.0329202801301087,0.02147838069733,0.0320898722621123,0.0399141826353728
frank,200,847,2.37192951891445,0.25,3.496975905383,22.6214286421099,24.0700541278163,14.2956643154857,15.6728193600638,2.73843555235583,12.2514719554414,12.9720308923089,8.10982593243343,8.79516434163937,2.02558037415188,22.4440381705913,24.5583793176348,14.0788693210655,14.6426247295223,0.000478653589801855,0.0409453586762766,0.0465623738384627,0.0241813209096825,0.0264685199044032,0.0121345664077627,0.0569500255897806,0.0603641034413196,0.0350542738141913,0.0381533402515278,0.006514490399968,0.0583578284855636,0.062361773949512,0.0361827941248426,0.0402985261997654,0.00889999928571671,0.0584315682168758,0.0617614235063823,0.0371212937039866,0.0405294550132191,0.00835654259756536,0.0598328235966112,0.0637241274019336,0.0384094442618332,0.0418069804744714,-0.0056028380063438,0.0565453444031183,0.0645056413826193,0.0285218321961974,0.0260575612611973,0.00738212264392359,0.0574874123022122,0.0608873968850445,0.0361554480704509,0.0391587632055813
frank,200,848,2.37192951891445,0.25,32.4564898651389,26.1752888633627,16.6112488203244,29.1073356961882,34.2533438425537,17.1447295392437,14.0195410686218,9.26136431542681,15.4783736859656,18.0388486927849,31.5718273939106,27.1082645430044,17.3949461868182,29.0910211403333,34.6932945848221,0.0836046792482125,0.0661933768254456,0.0440582396436355,0.0763700017151418,0.0875488149571244,0.0840040919904247,0.0672895274979995,0.0434966057055421,0.0746338515476831,0.0877272436397667,0.0815830087045017,0.0674427130340605,0.0435222793788462,0.0746334772666509,0.0865191611725566,0.0790037853016732,0.0635371160190994,0.0406014361800475,0.0700259851296504,0.0824416948522598,0.0799581246989433,0.0632424168379992,0.0395206599874807,0.0705921778282637,0.0823563156804031,0.0641565188954551,0.0695359404904333,0.0465264368901376,0.0759960268954599,0.0882282036427861,0.0804825497051862,0.0656965171391857,0.041849286692365,0.0728768838775029,0.0848843670319562
frank,200,849,2.37192951891445,0.25,16.8586387092985,17.1446839501607,10.9497389654605,21.9991106505715,19.7245042359455,9.38474562466617,9.5274806236791,6.44595758267003,11.9422667770314,10.810849379546,15.3972737667441,17.2185691795214,11.1868160141514,21.8414755643435,19.4724225907185,0.0468306121681681,0.0373250517951176,0.0167712963544872,0.0546527151126695,0.0479360193944477,0.0403425864472483,0.0410878854658645,0.0239058183410345,0.0558996578101376,0.0460099580665867,0.0420253886548269,0.0421397091742454,0.0254801887525127,0.0559096257409375,0.0475327190871793,0.0437528232261649,0.0396828202917332,0.0225209186002781,0.0539338778052056,0.047111439743998,0.037974959353209,0.0455154881568731,0.0294222230905733,0.0573845512328024,0.0506285191672016,0.0463648418836191,0.038916347356447,0.0201916820142317,0.0568539549102319,0.0466813142886616,0.0419592647499861,0.0421928737448433,0.0259760806591381,0.0546086970557912,0.0487395323952992
frank,200,850,2.37192951891445,0.25,8.8143532753087,15.5219963221111,12.2360342594936,17.9602697490796,16.249988442546,5.38334599774127,8.71961036170314,7.08503553754754,9.93257217718056,9.08234217118553,7.46668476697806,15.718682521211,12.7716946888327,18.0724021949231,15.5652542888212,0.0270001868543101,0.0381290704657223,0.0277186997256579,0.048456299437497,0.0412101048763988,0.0237870956355144,0.0401236853909333,0.0329394545840622,0.0436352402873693,0.0394539930783337,0.00973473774766039,0.0303901063780536,0.0245174515897134,0.0383888110022017,0.0288605988726412,0.0190194307916952,0.0379659262864594,0.0292203234141811,0.0452734678066567,0.0390567274748481,0.0198983863109972,0.0379549132515297,0.0288599988630166,0.0445704360979625,0.0393452354227625,0.0215656377981641,0.041700615493643,0.0293452794455113,0.0498988992698991,0.0435404138662321,0.0219077802959338,0.0396578003089536,0.0310541226065147,0.045634648771365,0.0405238560516604
frank,200,851,2.37192951891445,0.25,10.1784947933774,16.2081351186495,11.95902651171,20.8005485906988,18.0084707224304,6.06079501566087,9.06111958565129,6.94776342006696,11.3455609440482,9.9568856335321,9.34608142830266,16.3389002464993,12.2234816335482,20.9672306852804,17.7056708249002,0.0301091675501613,0.0454428655689575,0.0347744304107853,0.0570003781314044,0.0493341485217372,0.0288948864991753,0.0427889044828081,0.0313780486149841,0.0542472393182278,0.045667086782537,0.0272765237102997,0.0364519102097677,0.0219509318817036,0.0516743933099248,0.0421246551390415,0.0272409288802846,0.0402782380243423,0.0284021776963757,0.0521694375955829,0.0449385753883545,0.0280698475309713,0.0399803281207393,0.026892787810994,0.0536030811215248,0.0457808738702908,0.0145718659320027,0.0381796443307536,0.0300145951280638,0.0514364578176725,0.040461305337252,0.0265078278582616,0.0405230510393361,0.0288874926492757,0.0527483549077772,0.0449686607219952
frank,200,852,2.37192951891445,0.25,23.0330261056539,19.0767905950533,10.1083117483352,30.5967584578229,25.6184914780044,12.4568472630487,10.4884432082112,6.02680173717725,16.2196879798811,13.7431045296368,20.7315813262694,19.3231710214723,10.5403388897628,30.4317877651553,25.2334774808418,0.0625799491162602,0.0507189432499996,0.0290760565360109,0.0773887437817792,0.0644004408378926,0.0571744899336348,0.0451484904740196,0.0248457551831712,0.0721804990908493,0.0585548811063293,0.0568652498869291,0.0494349917563713,0.0274659110294534,0.0764205343551363,0.0644599691158094,0.0568833905568871,0.0479306064482049,0.0256166746918362,0.0767250185849876,0.0638371605208365,0.0581711538448576,0.0449353977306821,0.0210567777512614,0.0752091363864227,0.0621409890151701,0.0593875106795721,0.0333530275080539,0.0104474249363115,0.0603805465437815,0.0541063125680784,0.0553762351245912,0.0468802355678711,0.0241396961431913,0.0753094213279688,0.0627054624473141
frank,200,853,2.37192951891445,0.25,21.8434907188541,32.2752850116605,24.9636988393289,37.4885862837514,30.7100650350698,11.8643564563409,17.0548891668619,13.4178231222827,19.6481407760922,16.2777667129153,19.982952877676,32.2974031151582,25.3903598676149,37.4378214340953,28.9976490628486,0.0553146491074119,0.028457110469514,-0.0166373092660025,0.0728708496405027,0.0303073823029078,0.0593282745113107,0.0813386454514802,0.0590447714955552,0.0978202327433055,0.0776583092705873,0.054854405707207,0.0787445497779474,0.059657046239128,0.0911957334905055,0.0724139165641568,0.0554038246806486,0.0791019266394424,0.0599033447213365,0.0921351974168644,0.0725111130753419,0.0555758163082902,0.0771669642893063,0.0574206924869645,0.0921625841461595,0.0703991071348455,0.0594708527679475,0.0814775338827408,0.0597703038963765,0.0980592566080568,0.0795477823744102,0.055409959474992,0.0797751391780086,0.0605612253373015,0.0935581834268107,0.072569930206483
frank,200,854,2.37192951891445,0.25,13.6472236494365,14.3323851984705,8.64831200434694,20.7057262616969,18.7134839123113,7.78695657821965,8.12789936225533,5.30043029095899,11.2985350050381,10.3074018789233,12.2303594934904,14.507494632955,8.99474845312767,20.7610595499053,18.5725629061261,-0.0457526659245775,0.019315180958628,0.0191205260564796,0.0163409778147479,0.0116360495147058,0.0340327249111055,0.0182359431247769,-0.00178237481496194,0.0425344477423526,0.0346561638315625,0.0352331937988041,0.0363088862231947,0.0214634079558365,0.0513604488928606,0.0468884142769683,0.0344960950328651,0.0370837744783535,0.022525952317129,0.0527829051705784,0.0480408683734906,0.0350712848235951,0.0371503251056705,0.0235046585023533,0.0536107219732724,0.0474197335864745,0.0391178650727316,0.0407138964646356,0.0252530004697153,0.0535737405292006,0.0504016260988361,0.0339421643953079,0.0357378411757758,0.0211628970507105,0.0517157837943858,0.0468125742797653
frank,200,855,2.37192951891445,0.25,21.1066136150208,17.6440611698047,10.2442082608976,23.134254499865,24.4274166920859,11.4975468435341,9.77540793181276,6.09425559423384,12.5066931048455,13.1500554214146,20.0942494704475,18.1155759619555,10.6615086971677,23.1762953780429,24.7698429834197,0.0561289529248058,0.0490224475611359,0.030580753416255,0.0628263716367032,0.0639963273189209,0.0479153708192665,0.0452971665902382,0.0256104153884876,0.0547141832038879,0.0603785409456314,0.0461285185120641,0.0388371260457291,0.0216696510081586,0.0522116491448372,0.0528015724528666,0.0536416340513869,0.0461549668745828,0.0276289245275342,0.059222442284072,0.0628454028423758,0.0519065556699688,0.0442114987085444,0.0251933582559744,0.0572360884599077,0.0600954472420884,0.052802163229928,0.0490996857554138,0.0303985304941472,0.0624216728231978,0.0657984145402072,0.0532676745279242,0.0437684673461159,0.0247246806786612,0.0574290100197734,0.0608326401421127
frank,200,856,2.37192951891445,0.25,19.0878656102558,16.3068335840826,8.90856335035467,25.623307434298,24.378994883295,10.494247897322,9.10997052505731,5.42966406006544,13.7448127699653,13.1258328061083,17.0583981368429,16.8174748398679,9.62313501868623,25.8422856526578,24.2483637147962,0.0509272920083659,0.0416053675666008,0.0209159019794141,0.0626487420976745,0.0623460283069353,0.0442158790410119,0.0400024428808227,0.022509533187476,0.0643030249645375,0.06009203443043,0.0499405592301076,0.0435359895844079,0.0247110808964849,0.0669661347571721,0.0626992703402256,0.0449249711113677,0.0403189473612769,0.0218531446758914,0.0628835057547621,0.0589426268191757,0.0502867955468842,0.0428261682700751,0.0236043969484038,0.0663425015190017,0.0627497334463333,0.0360041020748786,0.0417201612461411,0.0256556230548131,0.065130391019494,0.0626243902636574,0.046583824373491,0.0402039630046788,0.0207879711372022,0.0640466088455634,0.0606198791187737
frank,200,857,2.37192951891445,0.25,12.1752169056924,19.0730327407989,15.723425250617,16.1453943268852,15.4609125570841,7.05526924002453,10.4871862337202,8.82112405342531,9.030281310255,8.69017460152735,11.0404797566387,18.7263798797477,15.427363154721,15.7950187706782,14.9035098443537,0.0145870826221965,0.0260668631957903,0.0219798521536222,0.00496952171995928,0.0146952986911646,0.0203362036070426,0.039024411861272,0.0337876004713106,0.0293791013078206,0.0277581068381446,0.0249711843732409,0.0477518448259476,0.0416177347616134,0.0389950712262283,0.0361882433894485,0.030825744271341,0.0488717557539365,0.0394860055522385,0.0417880105842061,0.03958413056249,0.0271854789320254,0.044976332921196,0.0371077512021863,0.0391480952538087,0.0357536184049668,0.0221053473021402,0.0506788560423753,0.0442808108935039,0.0377872733818754,0.0399216344126212,0.0292280281894303,0.0456702182903944,0.036287083260491,0.0395844978838756,0.0369106011250421
frank,200,858,2.37192951891445,0.25,18.1475204882545,15.5483370014317,8.33346790205533,25.1803885534174,21.8429313689095,10.0263328803275,8.73283923783483,5.14392195355374,13.5243429551998,11.8647993201037,16.2331952905279,15.9405399136718,8.81936583886469,25.4826871614119,21.3811131100839,0.0353177186706021,0.0423363088021418,0.0253461853003597,0.0654819843054447,0.0524116415134328,0.048416678413507,0.0390606129984968,0.0191037148512276,0.0645379989151304,0.0567440395650448,0.0480069340401823,0.0413538561692283,0.0204842045623918,0.0665467391851456,0.0565207248622138,0.0426970301176178,0.0397234088385003,0.0214446932188114,0.0635217029092257,0.0536451249725553,0.0423619385421872,0.0375455418821937,0.0176418715375058,0.0636268012218884,0.0527438670170238,0.033994324915605,0.0364687105925019,0.0221928462573653,0.0477446125973702,0.0517070539146133,0.0436210185282294,0.0388237348942253,0.019963297455907,0.0636672689261526,0.0537472171823429
frank,200,859,2.37192951891445,0.25,23.2709492937194,32.1429237187192,24.4733368004527,38.482975921528,36.7059107435042,12.5752485612716,16.9884068596404,13.1731096768668,20.1426768330274,19.2586810352645,20.7157235588143,32.4424510088896,25.1763245938936,38.527991110098,36.1307107521192,0.00725384292492723,0.076929019194559,0.0633748101576523,0.0851217065591606,0.0723737933179857,0.0469361172000594,0.0795929634572441,0.0601706701132631,0.0953888001477336,0.0899525834432231,0.0547648052157496,0.0785294210920101,0.0592844916025052,0.0926715593964076,0.0874718974873099,0.0573266826840379,0.0799332011627801,0.0607393481286674,0.0951461246656965,0.0905501867601916,0.060868044735383,0.0833175850064746,0.062974639561429,0.0983787169506442,0.0949503885780922,0.0425048262699598,0.0752846739170625,0.0587258877534059,0.0887939125678662,0.0862447672274885,0.0567279430909391,0.0800184254375568,0.0606076508872165,0.0954572375149549,0.090743505990625
frank,200,860,2.37192951891445,0.25,18.9081281119878,20.6650674656015,14.0053394034136,24.7224654027607,23.9014220600698,10.4044192724424,11.2785683482313,7.96554988723466,13.2971706787351,12.8886592421655,18.3539294136786,21.0515871860449,14.3838328448493,24.5551584370352,24.0988914223799,0.0503910732124309,0.0562167622729555,0.0400082896383621,0.0637224884036077,0.0604855945291486,0.0400701434537399,0.0511795947823536,0.0336740344127633,0.0600229083373687,0.0602392377175843,0.0480581879804086,0.0539484737516804,0.0371146116573124,0.0636319959310526,0.0618641422687446,0.0458080788037767,0.0506240115410742,0.0336874528496784,0.0613764858460957,0.0587662139671347,0.0445575830407096,0.0506682398410423,0.0340248772151746,0.0601113795916327,0.0582534658681214,0.0494532510062299,0.0566516949853012,0.0397825978960009,0.0667549222903283,0.0646913646733228,0.0468914034996895,0.0507905680064334,0.0338767090365761,0.0610389013755995,0.0589125364581616
frank,200,861,2.37192951891445,0.25,21.3176208968671,16.6407326081997,8.58113753809689,26.1081400071137,25.1798015454552,11.6026327940269,9.27614222875644,5.2667950471566,13.9860861778707,13.5243213527165,20.6848408279878,17.3629946581981,9.17328281676372,26.2702551728705,25.739221310114,0.0502373307580371,0.0439621058849745,0.0257481965925405,0.0698055246015549,0.0642990363172563,0.0530221294615369,0.0447800337571616,0.0249508095474075,0.0674641763712839,0.0650358796270647,0.0548605692882282,0.0401615385687516,0.0195297718084192,0.0631118503936437,0.0632731681015332,0.0555916092892471,0.0423653691733752,0.0216053400250163,0.0661372676867055,0.0638727976045413,0.0541520368231973,0.0415595187460921,0.0208948287296101,0.0634080951421613,0.0605356412663613,0.0444870590406469,0.0340933640483898,0.0101171482476788,0.0602660580821895,0.054639447851214,0.0542373099290382,0.0409628180631681,0.0201855539246001,0.0650773451612836,0.0624713765341612
frank,200,862,2.37192951891445,0.25,17.1482666465586,26.6953096382707,21.6695624621868,28.0564336817299,26.8197258008589,9.52900945744597,14.2785090100497,11.7785594570109,14.9554621562248,14.3409762345864,15.5810140913214,26.9087957573907,22.1878432913986,28.0965705778758,26.1225947209366,0.0360476025112364,0.0684307787531757,0.0586632962167022,0.0625683500479369,0.0575383749753336,0.0392162671742366,0.0621178420786613,0.0484818323304769,0.0706343692953888,0.0604074181632155,0.0414551467278969,0.0685208235572912,0.0551958800318169,0.0721454006875075,0.0659062111264074,0.0424700642910344,0.0674511002749765,0.0543339600678743,0.0708919147323959,0.0660679607471574,0.043208770238573,0.0669895447014036,0.0533687549353789,0.0719623744128866,0.0672136675165061,0.045066676407086,0.0549058947571509,0.0448707126148452,0.0439405711460014,0.0492459617819948,0.042663562418401,0.0664317288190819,0.052848237901226,0.070575113877705,0.065823184425335
frank,200,863,2.37192951891445,0.25,13.4508329262479,18.222010016326,12.948801762988,23.5355645353746,19.4453541394921,7.69003707759792,10.0632747766268,7.44012966227026,12.7067200092715,10.6721397947372,11.4340479126618,18.1847920695546,13.2903491405553,23.3436387820874,18.694976213829,-0.052308901532527,-0.0185303300552123,-0.0120932287321634,-0.000590256265120686,-0.0407650350405179,0.0360296849553468,0.0461715322804309,0.0304015191599604,0.0596874168367376,0.0511361871675579,0.0306417633944053,0.0462995289749111,0.0314451258674096,0.0594047574872953,0.049218523700419,0.0334775951674347,0.0458628707506405,0.0324481732992076,0.0586890600411641,0.0485635655795146,0.031670506500634,0.0435553166580289,0.0291004407793107,0.0563899868887944,0.0462703398837976,0.0357724241116557,0.0439444964357056,0.025504147206228,0.0587032738076864,0.0514913019086956,0.0326484027392045,0.0453513540420295,0.0317616150199327,0.0588040170299577,0.047851945483632
frank,200,864,2.37192951891445,0.25,26.0541887383814,18.8426367935674,9.53107502253605,28.6163859052148,28.401239619059,13.9591777812391,10.3718183368779,5.73967610528316,15.2341456482543,15.1269009500769,24.952766653649,19.4954275627621,10.0843236304165,28.6434785160603,29.018015112751,0.058265013247279,0.0464323491465208,0.0206652985729624,0.0694362060440959,0.0687442200200258,0.0612007107568427,0.0428753830750039,0.0168246897911229,0.0682383824236245,0.0672519013007983,0.0666478272900872,0.0461297076631263,0.0221806615473771,0.0697713838292511,0.0714451224385877,0.0654440678877835,0.0453714989853598,0.0215953050597772,0.0699461400555656,0.069439020828146,0.0648636455114867,0.0479828767905237,0.0237891683917241,0.0725461469747219,0.0719249051378179,0.0691301613148057,0.0475773124387373,0.0218514781502053,0.072355756167309,0.0722667138934583,0.0666117977267178,0.0477166007464515,0.0234802765853598,0.0723181699199335,0.072007228754947
frank,200,865,2.37192951891445,0.25,11.1653497089353,14.2283655087929,8.29739212825047,26.9555233319941,19.7556457319017,6.55292699820465,8.07611471418604,5.12607828001977,14.4076695038304,10.8257166090138,9.09481581348832,14.4422753604456,8.82065403039837,27.1326726485482,19.4130229407593,0.0262773372547611,0.0405333506595679,0.0252930215733578,0.0687663224017896,0.0528331053154887,0.0308029994907417,0.0392303260721971,0.0237027982145533,0.0720074869002148,0.0530726713551104,0.0288142090862432,0.033249922491519,0.0141469576605089,0.0683287374968767,0.0501764148271486,0.0266193616613211,0.03665743684891,0.0194871096045188,0.0691311963659796,0.0511792757907213,0.0291787712107761,0.0358773138922348,0.0184305559169394,0.0673875867247451,0.0510392300679327,0.027019800967533,0.0405706649907619,0.0254522059044167,0.0721820277969432,0.0543811856069089,0.0260878777888788,0.0356613769891122,0.0191616509615455,0.0682042166512567,0.0501921962617899
frank,200,866,2.37192951891445,0.25,9.53854518443544,8.50897058212203,4.96123021557103,10.4587878132892,11.8329291691161,5.74308902523823,5.23073296214403,3.46584156985629,6.20087924185507,6.88429215554786,9.15022668060295,8.83496217381077,5.32660266026371,10.3474041952669,12.167373973751,0.00683925098003686,0.0121692163704451,0.00701837304949847,0.0164023033004648,0.0129771219262566,0.026508257710356,0.0231900782045495,0.0133171885477907,0.0287347630951366,0.0334489179660527,0.0179477517380311,0.0188764992633979,0.0111319063974808,0.0218966279608479,0.025328158559032,0.0204402601952814,0.0221311547535329,0.0127511067634824,0.0258767872630072,0.0294989216891817,0.0252582725204733,0.0196981264350193,0.0105595360196749,0.0249792190513179,0.0299526690001843,0.0244728422390472,0.0229451056953836,0.0152225247960184,0.0242036464591769,0.0277986079726886,0.0219114211899159,0.0204155978899968,0.0116183185273177,0.0247571995850301,0.0285434181848006
frank,200,867,2.37192951891445,0.25,13.3580975191232,24.5955525534969,20.0743912763564,27.9602177379139,25.0677933630759,7.64294191000139,13.2338036762296,10.9850332969672,14.9075648750396,13.4689849806399,12.3335919484715,24.7523840141605,20.4406653535491,28.0665528698275,24.6819981284623,-0.020966748180715,0.0470972740045137,0.0441413260088901,0.0497916883847635,0.0170854345294521,0.0373805809600759,0.0582094968963761,0.0414478050247881,0.0710096498206983,0.0604583539914659,0.0320836080664575,0.0582770875302461,0.0465740084444737,0.0655108677276418,0.0583097259824659,0.0352009165933767,0.0624108565191791,0.0488168312910904,0.0717918428689764,0.0641380852556379,0.0337527900087073,0.0632479862472841,0.0506233498479061,0.0721096209160116,0.0643286306096636,0.0346971751830766,0.0469512658368893,0.0306134162908684,0.0669120152029202,0.0538274697513788,0.0344165745473269,0.0621198000360061,0.049969677349354,0.0705179619950786,0.0628128647622011
frank,200,868,2.37192951891445,0.25,22.9304044476814,22.6391872433923,14.5089106450108,28.4457407006371,28.0891054399343,12.4053931859707,12.2604791249854,8.21586515747938,15.1492145060761,14.9720644766754,21.2748835477728,23.0208263008258,14.9613454188083,28.501159791079,27.8961138853358,0.034636755968141,0.0576864637911575,0.0410721063979983,0.0706667420128188,0.0593334560359621,0.0567978544730069,0.0598346299726652,0.0400060585742457,0.0739159022512811,0.0699139673245825,0.0590706555000552,0.0571632923940723,0.0369144742930644,0.0717284695990144,0.0700019528026014,0.0583379726667101,0.0576812869431958,0.036845284738354,0.0722148017975602,0.0707422094574878,0.0563231702891452,0.0581175798260425,0.037754583026229,0.0717063871272092,0.0704762582113523,0.0540148364681689,0.0615912698787937,0.0398742014903644,0.075485199902425,0.0747992135826071,0.05669924972207,0.0568774035954011,0.0361826218895543,0.0713513202986616,0.0697184298256222
frank,200,869,2.37192951891445,0.25,33.673185096543,26.5605034883949,16.4838291853078,31.239691567764,32.8887221920504,17.7505959376592,14.2116380348718,9.19857771187093,16.5393598385277,17.3602907341857,32.7606288589394,27.2565693199443,17.1261327998791,31.1349311885811,33.1339606580622,0.0771569527261042,0.0643122744584913,0.0427878377247111,0.0677500913821718,0.0755076654440507,0.082181021514362,0.0677308197083202,0.0429938999184474,0.0802593245304587,0.0826079246630709,0.0855145409859419,0.0706042730972167,0.0447826234809588,0.0815566354894344,0.0856875268912704,0.0827672690805293,0.0672292309008684,0.0419304798664369,0.0792156511245103,0.0823504616373573,0.0815944965542634,0.0685198970638317,0.0428521306029866,0.080248313730209,0.0826873349622106,0.0890820560176923,0.0665577750646548,0.0386255315176337,0.0811063338193634,0.079304602269892,0.0836783936232034,0.0658754324687521,0.04021539930754,0.0778148635423417,0.0810303237659852
frank,200,870,2.37192951891445,0.25,19.9398237975542,20.0486375901233,12.8471811187745,26.6847317655119,24.9903108928224,10.9175458966971,10.9718827230221,7.3896309170521,14.2730042193978,13.4304740613629,18.4925334845916,20.4328873868909,13.3564219550193,26.7847739453163,24.8812505458161,0.0544831547513854,0.0550208491153677,0.03625283731772,0.0716706289571479,0.0665347997228562,0.0409268682059075,0.0426010352219639,0.0236420870125362,0.0619403537338237,0.0539326096424201,0.0486506689996462,0.047429345296728,0.0283089635432965,0.0665144555734674,0.0587165241072119,0.0487236375238357,0.0498456305819918,0.0308412633953217,0.0671866300696452,0.0614227335942127,0.0501332983933578,0.046910368496455,0.0266140253792431,0.0648320844548971,0.0604060416268447,0.0465105566261409,0.0483505580356599,0.0280166361582856,0.0696083903604258,0.0600255290393231,0.0497506976511789,0.048997195971411,0.0299730405135261,0.0664736511637646,0.0615402701330929
frank,200,871,2.37192951891445,0.25,21.8774156745196,28.664415294603,21.4710466164667,29.9898892794617,32.6242897149707,11.8809222239847,15.2576424822629,11.679004944217,15.9174260772484,17.22814402136,20.4154570339694,29.129868683316,22.2220957967224,30.0115676782858,32.3138400824065,0.0589390062232621,0.0765663090881851,0.0586131659035854,0.0789711134339721,0.0852948714647633,0.0541687867236239,0.0746992026557015,0.0576702915471262,0.0735126358170049,0.0821322668039466,0.05472300059419,0.0725947755280873,0.0548534325019776,0.0739945631675744,0.0812210230936632,0.0549943552440648,0.0713858246469627,0.0530678798931039,0.0742247230002068,0.0805800468333071,0.0560078164348189,0.0737399296322058,0.0560513781697924,0.0759775312033241,0.0818996869982466,0.0578277705824179,0.071311873648345,0.0538819847649214,0.0784350540538369,0.0836485704110374,0.0559177553887169,0.0730015628895881,0.0548949592353784,0.0752980737142351,0.0818746028834219
frank,200,872,2.37192951891445,0.25,18.439356392685,14.5419876310328,7.79225370523691,20.9750682712337,19.2609531392147,10.1717214144599,8.23249725434925,4.87455434054744,11.4330805587765,10.5802043981809,16.7054403847543,14.7384896497779,8.20136416520875,20.6327958838439,19.1073678556107,0.0494324327386978,0.041332502883421,0.0243955476680964,0.0548270018549776,0.0499827820404171,0.0413202462122155,0.0368844528051931,0.0222794130684919,0.0493316837368806,0.046190170431299,0.0402202130706756,0.0333302438667056,0.0163500778878346,0.0485926789228199,0.0446731957821135,0.0431207116953241,0.0345615537988332,0.0180790545551721,0.0496753669951317,0.0452330323402414,0.0448671399522857,0.0376197689869586,0.0212279272128934,0.0527948782154677,0.0486387168943605,0.0474009425068388,0.0286008003060703,0.0164225271017905,0.033810305031155,0.0341096087682012,0.044918004919318,0.0352546355213749,0.0181690941993837,0.0514292751911835,0.0472869364165197
frank,200,873,2.37192951891445,0.25,18.214329503851,20.7670939399092,13.8145824692434,28.0140528159106,22.696217173258,10.0600242023292,11.3296482839958,7.87101845344277,14.9350457329596,12.2896054724004,15.7805862027414,20.6546561952479,14.0256169338301,27.6193343968921,21.7906442990441,0.0469561525808015,0.0569170823357154,0.0377364045992699,0.0718463128111092,0.0596924541861904,0.0399651411726726,0.0491836900432402,0.0297782543820267,0.0690095946927707,0.0506234546995092,0.0455212319609411,0.0504207928049652,0.0332780209259868,0.0668762190077285,0.0555476131875237,0.043992992470341,0.0508405115665031,0.0332770609078312,0.0681034463401546,0.0554350918768166,0.0471014610897009,0.052454054748017,0.0341961320019693,0.0713978098931241,0.0584482137477119,0.0164159969695913,0.0515540016412378,0.0373452983027842,0.0645571616052808,0.037838911261335,0.0440673307891808,0.0511275534574598,0.0329047284078355,0.0693035726018425,0.0557720729063322
frank,200,874,2.37192951891445,0.25,31.1375544218796,24.090175762054,12.9191670691656,36.6074639423416,33.7735068881759,16.4889088853039,12.9825355179412,7.42533190376151,19.2097251420649,17.7998822917573,28.5246583421278,24.5622069157339,13.4822772965022,36.6180714964765,33.7835651132578,0.0825068279696444,0.0546123591267799,0.0277862317812889,0.0716611670767998,0.0802557759696724,0.0764220170639188,0.0563125255718628,0.0266409933847552,0.0881095035816563,0.0789916462890135,0.0756189567873692,0.059511730762141,0.0285111612792896,0.0933751179609003,0.0845639355692963,0.0748334930480694,0.0613976968233528,0.0330499650964721,0.0918316285831463,0.0854437678115885,0.0744037935786605,0.0600839116605313,0.0320057075614209,0.0903942923990949,0.0846038297767123,0.0726827801903026,0.0617646683538295,0.0274408816457242,0.0961305871523036,0.088342349198195,0.0770051164589482,0.0593996716599334,0.0304254812451775,0.0911723286127952,0.0841221522140957
frank,200,875,2.37192951891445,0.25,16.222955680868,21.1557583321385,15.7584246248957,22.4671848957295,22.3671954470187,9.06892695987236,11.5226266452556,8.83750622582247,12.1753254903464,12.1256047780106,14.264952567884,21.1539751491223,16.0931834451341,22.170646968826,21.7096460504136,0.0422500571376353,0.0279007552128623,0.00242748023007686,0.0305152990117881,0.0277777632748384,0.0433566582073286,0.0526821529663178,0.0383275012558344,0.0582655994385914,0.0572188351192489,0.0385387312774926,0.0549751287373109,0.041815641637865,0.0577504546215727,0.0566979995024291,0.0421497535670392,0.0540424913577828,0.0404699353112045,0.0567428230831055,0.0563662581178705,0.0426974228499736,0.0520272951603286,0.0377959301369495,0.0554221090214888,0.0561530763609446,0.0336564902887319,0.0254843704286844,0.01642269365825,0.0252605257282259,0.0416468801775032,0.0396236578890774,0.0526685592768522,0.0390278099335284,0.0550745969845254,0.0551618685053701
frank,200,876,2.37192951891445,0.25,19.2570829272256,33.5660488575182,27.2905332822997,39.9894232989922,36.7899006207833,10.5785306037578,17.6961450868001,14.5742654793945,20.8920723741488,19.3006099156796,16.51629603297,33.8126761452617,28.285114093894,40.080142238582,35.4473016157245,0.0521329600519443,0.0768447070600592,0.0557848806702658,0.0992276943677887,0.0846744524993748,0.0388408205319068,0.0824304923509,0.0681609831793631,0.0981392650252871,0.0878832106412893,0.0501533962204633,0.0860626977363219,0.0699274718744347,0.102253884203876,0.0940211135382053,0.0446984221424426,0.0836357697222645,0.0679057275188909,0.0981830200317971,0.09062678723654,0.0444952163560317,0.0839257167488515,0.0687562686197634,0.0989676814094133,0.0888270282746801,0.0427043596068761,0.0875322802190029,0.07321006356055,0.101921518414962,0.0913298424554189,0.0464015369110075,0.0843415359925856,0.067751946341602,0.100556411051413,0.0915951801842859
frank,200,877,2.37192951891445,0.25,18.4000137316733,32.0621405311997,26.4063873699601,34.8600567212939,29.1949372827426,10.1515263307628,16.9490929123497,14.1361081320708,18.3406184703543,15.5227890718174,16.4016364221921,31.6318619612338,26.2372605213742,34.6789252319474,28.1417548643809,0.0494094881868474,0.0850593132917502,0.0709556504926704,0.0921471928620707,0.0760789283253999,0.0498837775769668,0.0757566488414686,0.0562889263090043,0.0875124600212508,0.0702399440569887,0.0465550295198517,0.073878547233197,0.0555204023552451,0.0838640158073533,0.067383777923257,0.047036323544157,0.0797567771484772,0.0647872787330123,0.087539763348698,0.0716375137747862,0.0485162649177212,0.0815302215289062,0.0653854035830302,0.0891536711309046,0.0754705190157941,0.0509686190911712,0.0850194265509103,0.0706489428142486,0.0912893822289201,0.0778878008690245,0.046249141758155,0.0780568806875444,0.0619073336253144,0.0862521504480216,0.0708121685102613
frank,200,878,2.37192951891445,0.25,9.36656212461375,18.8719812910896,15.7478206340349,20.9678369541971,17.7198569564232,5.65777979682037,10.3865532618456,8.83244231313732,11.4294327769761,9.81374770295382,8.24039153441027,18.9385592065006,16.2519277788717,20.6538132255857,17.1717033278105,0.0195516231964801,0.0499667625900522,0.0441365858196971,0.0517687812209707,0.0434247010882158,0.0192753525694686,0.0390429693774121,0.0336600486401077,0.0368719657916597,0.0263376982647988,0.0239489027331684,0.0490253650490547,0.041510787552506,0.0535106561208983,0.0458360386725415,0.0243955583599281,0.0477202684197195,0.0393158190433925,0.0536752700531895,0.0449357511474053,0.0250806577887149,0.0460657880214949,0.037196385711825,0.0521977162116407,0.0430827063602905,0.024161268044419,0.0454304411125416,0.040580632835963,0.0446273913139225,0.0428676020152159,0.021941641914495,0.0464031710568226,0.0384924840511161,0.0508603773482218,0.0425443752128789
frank,200,879,2.37192951891445,0.25,9.06461942294104,8.74887398201408,4.39024893980017,14.9491707294767,12.0576892511138,5.50703401289752,5.35039679359032,3.18245835180811,8.43478542943635,6.99619617669125,8.23118033523602,8.82273768391958,4.47389434853623,14.9232327523514,12.0869095719742,0.0107751562845058,0.0181378717407239,0.00954343979989037,0.0347949885473728,0.0229188431456741,0.0274840407252423,0.021627535135167,0.00610024584772524,0.0407438458373506,0.0340226094989115,0.0259554012367038,0.0241646121540599,0.0128272964751964,0.039755280837146,0.0328290240970683,0.0212483178595676,0.0208720249017389,0.00902542821476291,0.0369433447729436,0.0292765023732855,0.0226573573582065,0.0174309473302151,0.00448149291527548,0.0339112205015437,0.0273604580961717,0.0271686770891128,0.0229799752559172,0.00561972571729196,0.0423388885653732,0.0341204140435502,0.0228597378767862,0.0210997420313132,0.00895916792786458,0.0370824414313518,0.030250771018916
frank,200,880,2.37192951891445,0.25,20.3268378971729,36.7525875055935,31.1265114499077,39.4254427227937,38.8519796606394,11.1106932538133,19.2814355112627,16.4826739574547,20.6113735212068,20.3264350994717,17.6449221641599,37.0176053380633,32.161898674808,39.5684041080915,37.6491721025914,0.0539765104795833,0.0952595639420171,0.0796945772727725,0.101730395829091,0.100912213009014,0.0515927000410863,0.0933724448052902,0.0747269479431229,0.102136161213463,0.100568798420198,0.0495907452403015,0.0955585603569663,0.0817780250146656,0.100299202850224,0.0978937873682252,0.0503560643402802,0.0925146833264877,0.0780702643097664,0.0985463695945828,0.0964755354871211,0.0504945561847028,0.0924413818363364,0.0783245671597457,0.0986465269035749,0.0967317724851985,0.0557021724967764,0.0966615010303314,0.0827302109872569,0.103076548426866,0.101717794439872,0.0494758938058436,0.0926037953472682,0.0780443011914058,0.0988494994575312,0.0969818154979577
frank,200,881,2.37192951891445,0.25,18.5010214613482,7.84253592583277,1.45505912868021,17.1343065969895,15.4667782284461,10.2022433979048,4.8993858967448,1.72183107809479,9.52174843955972,8.69246636098487,17.0446626628577,8.2222575363845,1.77006116154256,17.2363274749423,15.4029454210631,0.0247340524926703,0.0218368676650083,0.00846805605157377,0.0392326514863387,0.0367918632115629,0.044704077030086,0.0221239630713292,0.00435681629179375,0.0450196540834148,0.0401064240318261,0.0469516292130936,0.0171935996531236,-0.00146304633099818,0.0424689449067396,0.0385747138710332,0.0465373756100305,0.0196799116032284,0.00318139698524207,0.0438632029703281,0.0387010824273566,0.0488993323196223,0.0188233657636903,0.000991633778784057,0.0451293549879113,0.0403893774957493,0.0294788448819273,0.00811229635150563,-0.00581148535692958,0.0352176934679393,0.0199129946586517,0.0452533820119396,0.0190141215181392,0.00281442576585745,0.0430714248178904,0.0379714701115164
frank,200,882,2.37192951891445,0.25,15.6607617632757,14.1769693629926,8.74304573870871,17.1796663039714,14.8519755143582,8.78997060714304,8.05131381809256,5.3479140143696,9.54520095025942,8.38750628635124,13.5315667498546,13.9748194268125,8.93019139684903,16.5756584361527,13.8977582349306,0.0360582471585114,0.0235396504366088,0.0166658385473842,0.0224564719667395,0.0270029320902694,0.0247102459714597,0.0329636982638934,0.0225900930609949,0.0369619016767567,0.0324092679548365,0.0400447896056852,0.0359934010354209,0.0223786239456072,0.0433989346783147,0.0379198968330815,0.0361948191959001,0.0344966819942341,0.0206949541214621,0.041882991268717,0.0351046927977587,0.0317251148980161,0.0351843295821962,0.0230957512820985,0.0408293696143468,0.0327723188747884,0.0380113298804146,0.0208614358938217,0.00252044090971314,0.037600786218379,0.0124557551678176,0.0359989924332943,0.0335477845598818,0.0203159959930835,0.0406456946699968,0.034436968972686
frank,200,883,2.37192951891445,0.25,37.4384324827381,26.9174682806901,13.8949699041022,40.534440413665,38.0928933660615,19.6233333427577,14.3890068213636,7.91054425670306,21.1632997099873,19.9492144739069,34.5080140205348,27.5548410735659,14.5811921576886,40.6123067872276,37.9334230908822,0.0949418675402933,0.0674152621068589,0.0273392965502417,0.103719772365302,0.0999095031792717,0.0962123562816096,0.0673224954953703,0.0328044573275793,0.101989051098165,0.0947281921185721,0.0916636811986283,0.0699738469370796,0.0365917906636566,0.105402203846648,0.0987429680961689,0.0921486736690789,0.0663705067977065,0.0336792848734766,0.100097188066803,0.0932757017734878,0.0897925334169392,0.0626285497450152,0.0309906119357136,0.0964993918098358,0.0883645757579518,0.0788145759329462,0.0635407853887659,0.0315925382320299,0.0940495291300604,0.0833025651651957,0.0933586257661682,0.0681478259175684,0.0351797334506834,0.102263359258056,0.0951576208493335
frank,200,884,2.37192951891445,0.25,25.889794214729,21.8792936827803,12.9030383904065,28.2703735160189,28.9732370553292,13.877428003223,11.8824755981313,7.41692005966266,15.0621387297452,15.411760962979,24.5549763818443,22.3995460306236,13.4683758559538,28.1939265192727,29.1678881478613,0.0673819969937627,0.0402369850386208,0.0211887806843454,0.0563338634652215,0.0687611068812216,0.0636212262548296,0.0585899940155966,0.0357875010502674,0.0734105114538317,0.0760059684597353,0.0652064227024583,0.0482070894839757,0.0271255998662313,0.0632507149926398,0.0674127465550208,0.0647804715058065,0.0512217331268579,0.0279895423346023,0.0674696868756697,0.0688817183644085,0.0668334868093992,0.054200493802927,0.031464262651318,0.0696281898787209,0.0718314106058978,0.0496628467369611,0.0300669623130038,0.0099398819913885,0.0496149395432344,0.0453496010394244,0.0647691793175155,0.0541803720061904,0.0314870675727565,0.06990757708179,0.0718653967538937
frank,200,885,2.37192951891445,0.25,23.7066896901944,21.3431865001096,12.8886781168083,27.9072990461159,28.4810868900831,12.7911191755427,11.6156868510988,7.40994669011873,14.8811885155404,15.1667349251985,22.1989985710471,21.7919240670006,13.345619130228,28.068431687065,28.5917743017102,0.0613766408425217,0.0543971110626694,0.0348007551975285,0.0719974013500513,0.0735521347886004,0.0532807857887102,0.0478483548599621,0.0265687617202483,0.0664943972273287,0.0650128698736459,0.0602883923859627,0.0568465856948892,0.034532576265148,0.0726238295494679,0.0745598060207395,0.0604584889767757,0.0536103200436016,0.0312690466464619,0.0708373540269026,0.0718635761860327,0.0622638076595148,0.0542947407666562,0.0323958410404565,0.0716306320456674,0.073161632938093,0.0624708500529393,0.0568506945799428,0.0357757351658671,0.0745478711901435,0.0747229414136106,0.0593716332212953,0.0527957773728877,0.0307168331935612,0.0693853971422551,0.070708313319465
frank,200,886,2.37192951891445,0.25,46.5286818699315,44.4982243850135,30.6501375427762,49.4447128333332,55.1135776003967,24.1457438386528,23.1349780000242,16.2456241205633,25.5959822422588,28.4167190997913,44.6680485049585,45.5707074862353,31.616350444967,49.6075195746849,55.3312910187061,0.097357150315401,0.114860441039156,0.0731221728351843,0.128567536221451,0.142257527694041,0.112679346275275,0.112147563903047,0.076991485499737,0.122560365527204,0.137258016217011,0.118986476185749,0.113727785613891,0.0781515724891687,0.124728428896587,0.139179521430944,0.115672777184081,0.110986849746116,0.0764006235863758,0.123095465567706,0.136643254016836,0.115455750464153,0.112897129905847,0.0784821656373696,0.125065826176055,0.138130255054376,0.119612874874926,0.115120691954344,0.0795525607186018,0.127938725914454,0.139983506741224,0.116057076699407,0.112074901428655,0.0772854847440937,0.124132472385431,0.137405441604349
frank,200,887,2.37192951891445,0.25,19.5095302117326,13.647386279909,6.4465192735753,20.920679678862,20.8828624256328,10.7029958106289,7.78719110336442,4.20510095699819,11.4055883753423,11.3865135850042,18.4372358660925,14.0055052899803,6.70659594714566,20.9171718189616,21.2596958192989,0.053306148498793,0.0373907737078871,0.0186501127979565,0.0570539264568447,0.0560678164649589,0.047136420437029,0.0354908595749401,0.0174948678267351,0.0545677290177231,0.0535605951367353,0.0491283824240908,0.0335934840536513,0.0149978927009503,0.0520374970794276,0.0528001162558464,0.0492307865947566,0.0352827406748402,0.0170138223391147,0.0520967235165215,0.0530075838627218,0.0484700072004305,0.0311321013934316,0.0114085935663672,0.0510604952711428,0.0514693739182355,0.0492400031619908,0.0385439074141244,0.0210024316558509,0.0531651356941492,0.0534965504244836,0.049516284488179,0.0339943662004374,0.0150646079896101,0.0521639109209577,0.0525370547657808
frank,200,888,2.37192951891445,0.25,11.657089430227,9.94477595339056,4.43516579742051,19.3903285481954,15.3552700915235,6.79737459684201,5.94505350271308,3.20429926331251,10.6442553508727,8.63684481192346,9.94573534292856,10.2007861510744,4.93351116520257,19.3644039941073,14.9956887920627,0.0257174644478806,0.0291470680485274,0.0115839263193801,0.0474121488199606,0.0411336912700085,0.0280606068702482,0.0226693047206026,0.00704823348508929,0.0506051229219941,0.0366825017318991,0.0262654844968774,0.0235418081894278,0.0102241625355868,0.0458409328160347,0.0366125333115281,0.0266916493140036,0.0246197371885786,0.0107578177380038,0.0487352754818613,0.0377886110149505,0.0297323349277698,0.0259809717400891,0.0120219422105254,0.0497686922388117,0.0400169959220036,0.0230643253684134,0.00373821688178838,-0.0139429784876601,0.0312401646257833,0.0200571291441536,0.0281380244380966,0.0246089240519823,0.0102467137082776,0.0484626482247603,0.0379625431074873
frank,200,889,2.37192951891445,0.25,30.1430112098374,29.6370324602377,18.3476748181904,44.1563882734482,37.5924250058446,15.9942911642179,15.7419173263889,10.1257397912092,22.9652679346509,19.7005072390147,26.8530325309968,30.0125381878602,19.0873823571796,44.1876580187346,36.5543094514209,0.0715439538001849,0.0757485503640717,0.0496866457012583,0.106531955006978,0.0978399869811009,0.067006715025489,0.0759231398108059,0.0462936636241651,0.108772894201032,0.0915007315383849,0.0770467548819633,0.0744801564956006,0.0416946213941897,0.113094027559089,0.0968221826278998,0.0748237257267735,0.0730185243341153,0.0440569903351285,0.109743152153889,0.0910995660238038,0.0751797172761736,0.0736882496402723,0.0440307022584458,0.112489986147841,0.0940536738257745,0.0746157574098612,0.0789443943526737,0.0495345317431549,0.111483093512617,0.0989365457774301,0.0748672554058407,0.0738253797187118,0.044703546270536,0.11058889750543,0.0926414999963086
frank,200,890,2.37192951891445,0.25,12.7052579069194,24.3294436412065,20.4693903670982,24.1162021424813,25.2065711130929,7.31826405102898,13.101104281766,11.1809932051808,12.9952023760966,13.5375576221656,11.3686145413226,24.4784593275288,20.9607917538041,24.1554091866878,24.8486503899118,0.0349356395935202,0.0643868245620742,0.0520101937008997,0.0651932610000824,0.0678374309307505,0.0288909791980813,0.0640583165071505,0.0555182294033238,0.0620270038454966,0.0639006023654062,0.0345849321839318,0.0631076393277663,0.0535022435214142,0.0615817326804384,0.0652187455108121,0.0305993173974355,0.0593527538089306,0.0494963454809023,0.0582195783048196,0.0612063111814629,0.0341221032001351,0.0624904782237022,0.0519252359415022,0.0629578063435489,0.0652029099010826,0.0358251942280002,0.0632538361442375,0.0522937024111306,0.0624372456383646,0.06712107476152,0.0310146234098339,0.0609216753274219,0.0509742983764664,0.0600204354205831,0.0627156393731842
frank,200,891,2.37192951891445,0.25,30.3634272392611,24.8904257958162,15.0808611632285,30.7154330508504,32.2601457026447,16.1036357318844,13.3805321408836,8.50038888800327,16.2784179057391,17.0472731112042,28.3622242760395,25.439556844029,15.6507058922618,30.7285368315452,32.2523972552735,0.0781931721986837,0.0662907340642265,0.0420023343191038,0.0817702082595555,0.0848792341305775,0.0797155566772766,0.0633161780199865,0.0388484911354287,0.0781802186708104,0.0813092724543729,0.0774171521621121,0.0622531205613527,0.0367509212528089,0.0765309111670515,0.0804111903367019,0.0736599059530364,0.0610533460534125,0.0366332480016386,0.075003286354863,0.0773356838907094,0.0744174590111941,0.0613031326371844,0.036649834970599,0.0761620803317009,0.0793491481954035,0.0772637245946698,0.0672007307635143,0.0413092328483322,0.0817248075904076,0.0852335627318151,0.0762814791506542,0.0623244134175921,0.0373306614164814,0.0775685878730079,0.0807060059033692
frank,200,892,2.37192951891445,0.25,11.7157932392707,17.3168951399082,13.8026244936193,16.0934754678924,18.7513272840322,6.82661187818369,9.61243489867623,7.864072953862,9.00403507713098,10.3263142182337,10.5687747307372,17.6398621617478,14.3940051698851,16.0420600472095,18.5545021770999,0.00134651115109975,0.0322680289493164,0.0292630721245123,0.0286476959927947,0.0269874529086283,0.0268030646848453,0.0425224766333547,0.034257842750747,0.0380437355753497,0.0455413276073987,0.0258142223046099,0.0438161101644895,0.0349934813865963,0.0388687266966159,0.0454975107455829,0.028819720679442,0.0448292091253322,0.0350596285671582,0.0416854779122382,0.0482638357209041,0.0257558413757856,0.0418951513394372,0.0346734105851617,0.0370442577637427,0.0430066174467067,-7.90923090428275e-05,0.0121904854539961,0.0095050419422144,-0.0136141494334905,0.00496940986097425,0.0288449744833123,0.0440723967262417,0.0352966850342163,0.0404660167082363,0.0472592825881178
frank,200,893,2.37192951891445,0.25,20.554163950193,12.827409787442,6.39774758398382,16.1299272057938,18.9739641417935,11.2232122542029,7.37918458240361,4.18039583639192,9.02226888088767,10.4371243143065,20.1647460594905,13.340146143552,6.76941364537222,16.0404888218609,19.4787571032963,0.0541053731580456,0.0289390916962923,0.00569551529337418,0.0339992966533384,0.0490667721069185,0.0486304583764526,0.0221612379909328,0.00463397645885881,0.0372893953083088,0.041225011955524,0.0533078198841758,0.0340978470399758,0.0175108784596829,0.0423038320517772,0.049586527518209,0.0521230799942142,0.0323271102392,0.0160348624424615,0.0401036658416447,0.0480222275886117,0.0419271286635268,0.0294209837593949,0.0141289046905699,0.0358886397785906,0.0405773382020099,0.0542650497706474,0.0341413108302908,0.020984065582159,0.0378419744447046,0.0505934194037176,0.0512641963972397,0.0320200491668776,0.0159250179367343,0.0403255645683706,0.0473752681999541
frank,200,894,2.37192951891445,0.25,14.3537700195301,12.8103135497131,6.97480855732445,19.2718048017009,20.9411922267926,8.13756961343619,7.37010736097222,4.46733351257273,10.5846814348441,11.4149652214943,13.7411584961243,13.4616534856189,7.55712394009429,19.6814030078887,21.4753006191527,0.0395796031459157,0.028752783858013,0.0134486887516975,0.0417126049269831,0.0494663339118314,0.0362131027387463,0.0345648491962358,0.0205500795857868,0.0477968293717565,0.0544440118428572,0.0379511661515224,0.0244372874101288,0.00724210915995162,0.0438520485150957,0.0493311999959598,0.0375774850441599,0.0340184924794425,0.0189368032173774,0.0498979721852162,0.0543082483275313,0.0368900499574635,0.0279503899180368,0.0114241735593984,0.0446606394453429,0.0496779127557211,0.0284162205937386,0.0327544777808767,0.0215205492884856,0.0450960179690341,0.0498200177250177,0.0379016593614338,0.0334329519759616,0.0180815375594822,0.0492167448361904,0.0541207670441669
frank,200,895,2.37192951891445,0.25,32.7335794567873,32.5675165525198,21.9654125659602,38.303426891354,40.1686155294145,17.2820734289826,17.1999990173624,11.9260961029091,20.0532623346857,20.9811363704652,31.0497421258118,33.0523182927875,22.3264644705135,38.4132010916733,40.5759913814593,0.0859154745077406,0.081686039294906,0.0561115500820674,0.0994672469215656,0.102118056585073,0.0810374329446636,0.0861433829337331,0.0583266243858351,0.0999855526297082,0.105110102091958,0.0828969387188874,0.0835082411083511,0.0559526923836867,0.0984718257199417,0.103034106367222,0.0809298175702561,0.0810705525567173,0.0539516676715943,0.0958166636374363,0.100626753614706,0.0825943004863467,0.0801068878036394,0.0511020902062452,0.0954493846902007,0.100742882288615,0.07705329573751,0.0815394578621249,0.0441960165181068,0.0996621404416883,0.105411289234879,0.0821903171823695,0.0810121497745929,0.052935906286092,0.0962156837862318,0.100864614137559
frank,200,896,2.37192951891445,0.25,41.7975797061041,31.3768509001978,17.2915147070633,44.5958389835957,44.8255177944581,21.7916650754422,16.6074761115278,9.60034907150318,23.183847125554,23.2980104597604,40.0082041402811,32.2925530735388,18.045971171413,44.6824288138243,45.5176690474066,0.106532053243677,0.0701957460162806,0.035475712314907,0.108008196977753,0.106595452256139,0.107244315964549,0.0790934197077205,0.0430603925158588,0.112136774700719,0.114250666124039,0.101708008487026,0.0754014127697901,0.039250843866411,0.109130914314261,0.108636410432818,0.102006291257117,0.0765253378240486,0.0402428526608517,0.108912471546213,0.110361356103047,0.100728605047228,0.0791610694093192,0.0435622737976526,0.112347057895894,0.112354997176292,0.109120208701931,0.0708884490942139,0.0313944409818011,0.0954389765404001,0.108379071332464,0.105747068536179,0.0785830168024879,0.0424807842618154,0.112107887998493,0.113004607151377
frank,200,897,2.37192951891445,0.25,10.2707950245525,20.1090752170188,16.04898077262,24.5036870318207,20.9316838388188,6.10722212424444,11.0018321746595,8.98248758016963,13.1880154280858,11.4109526194437,9.01086421594912,20.1149465361046,16.3101447265222,24.5670863373898,20.5918129989106,0.0219789151329466,0.0531106486041566,0.0450985168633882,0.05741788708926,0.0513372566559084,0.0243050602106282,0.0532558768853746,0.0425025644537377,0.0622614388599038,0.0538378359788709,0.0221657353223526,0.0478217473032884,0.0383082702565619,0.0595607344556955,0.0476592181378091,0.0261909513538957,0.051260056395349,0.0393212209214785,0.0624849996952867,0.0538698313279145,0.0231561179889744,0.0498995099509104,0.0398688459547157,0.0591448034813712,0.0506492466669957,0.0306671519094358,0.0519331145776038,0.0383907386993913,0.0659071568390272,0.0573222621819936,0.0261069328980686,0.0499265306491066,0.0383254891173194,0.0613170690987807,0.05251073545748
frank,200,898,2.37192951891445,0.25,28.1456153123493,27.8314759029058,17.4109254219815,38.6320576435609,33.1253670001538,14.9998209235587,14.8440533648562,9.66033119707919,20.2170383062684,17.4781816868426,26.0351274450464,28.0949012101044,17.8685834503511,38.6017106262374,32.6296341482758,0.0749876618994559,0.0712304190831108,0.0463319783500768,0.0997690029989072,0.0819380958376213,0.0684803341724906,0.0701098968332537,0.0448560862392872,0.0955021047630673,0.0813102994928919,0.0743216240973766,0.0728704633073285,0.0461088561168743,0.0995399930114304,0.0850549663757639,0.06959079084555,0.069396043723442,0.0431409958725063,0.0968402600147277,0.0806591186358204,0.0693040751912374,0.0707766936035173,0.0443165085307007,0.0975827321607907,0.083683112237074,0.0717390124612088,0.0743026652441156,0.048193120584454,0.101433174365124,0.0844824206662015,0.0702664580985444,0.0679233087039391,0.0406171770081947,0.0957801648096485,0.0802971956876635
frank,200,899,2.37192951891445,0.25,23.6570449049658,13.095761435866,4.64243108509741,23.6751586653401,23.0420702607053,12.7663171798165,7.51262845123505,3.30735541504643,12.7757054493918,12.4608590764992,22.5196060225817,13.7651392828829,5.16832277047797,23.8534498423798,23.5540438228184,0.0640524201025752,0.0267460685427213,0.002097226200022,0.0639232026661241,0.0545910276079121,0.0433191374298031,0.0336495694138007,0.0119481519884208,0.0551427397148987,0.0555574047780534,0.0592148526238627,0.0327437479215401,0.0119732839877074,0.058639101666935,0.0567463830635384,0.0591771433095777,0.0316900279484953,0.0105794689104553,0.0586981574173997,0.0567701747471025,0.0593171238530563,0.0302266084865218,0.00787633305906093,0.0595697376164672,0.0552063077596784,0.0512262768116913,0.0375972379812655,0.0161409688525426,0.0618230739561924,0.0596460650908,0.0595115917260253,0.0325704409180349,0.0112181100192973,0.0591783002833607,0.0571515317555024
frank,200,900,2.37192951891445,0.25,18.8625765778807,27.249494160074,20.5171439568094,33.3905351307339,32.0736104125064,10.3815857149236,14.553688542926,11.2044748515196,17.6092375994217,16.9540319564748,16.9955184099779,27.720062942906,21.4378530023992,33.4272832822633,31.6899732920328,0.0493409131895477,0.0725969838381075,0.0548687740658664,0.088334086945369,0.0850024014665333,0.0479270929725495,0.0656334482892053,0.0487577091938012,0.0827175930079157,0.0782409945202563,0.0472310978239749,0.0693910283556496,0.0523927790845976,0.0823300133476175,0.0795939147104302,0.048345005168825,0.0698668474189041,0.0518853719873045,0.0856557034751996,0.0818405167713445,0.0484046647316745,0.0703331882059424,0.0519929585841581,0.0859675267158765,0.0833514623211337,0.0516282492745001,0.0725187826763077,0.0547018921736297,0.0879244848205937,0.0851292651854351,0.0470258248180363,0.0684156764856875,0.0515445012455715,0.0828978306547285,0.0798224383925438
frank,200,901,2.37192951891445,0.25,19.984085832486,16.2809730135149,8.28484007440256,26.7885863769154,20.2240952311267,10.9400652334364,9.09791689308985,5.12015246555087,14.3250691079771,11.0600999979207,17.9509892740432,16.353342243156,8.5385251086601,26.640484946107,19.4432139438504,0.0179697585356455,0.00901598359596201,-0.0119157531351525,0.0387302379818504,0.0113717481062023,0.0502154454166925,0.0453730138426432,0.0244043957560078,0.0703201360777037,0.0523834039032839,0.0529625747810782,0.0409267525106117,0.0186831179357921,0.0688338642588969,0.0536131178835379,0.0481439642054018,0.0387822058112502,0.0184989225546864,0.0646275932782118,0.0469376301478357,0.0471453215574695,0.0371331072552541,0.0160971964764875,0.0651959284734004,0.0464242607784263,0.0376578495888423,0.0452275354913662,0.0231836752338518,0.0719138413079997,0.0553329490352532,0.0495226316444267,0.0401457966768222,0.0195154813078254,0.0673678349174303,0.0489930152810546
frank,200,902,2.37192951891445,0.25,10.7251933925246,10.3730221514423,6.234756240018,13.5052353494527,11.8799304958457,6.33425578076602,6.15833642944514,4.09942628999635,7.7167238033251,6.90858243337425,9.64839251739304,10.5698787590669,6.68061729583588,13.2483731820489,11.4636210170062,-0.0388137496671963,-0.0186024353978503,-0.0140131370175499,-0.0195741320223303,-0.0381941030781566,0.0266836955293213,0.0226585571707294,0.0122811915415802,0.0322793276482027,0.0246263398028892,0.0248094800292588,0.0234422092734247,0.0129858641909059,0.0339224687443032,0.0270140327848429,0.0252607561967791,0.025888665331712,0.0162505678789783,0.0328259785444958,0.0278268085236758,0.021957507529025,0.028249221860776,0.0191615969822921,0.0332378240548417,0.0285862087011087,0.0229800785077406,0.026860978958429,0.018026194488658,0.0358177503916092,0.0250115615889416,0.0238647117384354,0.0250742751563975,0.0150740829261153,0.0326789835430951,0.0277027967254934
frank,200,903,2.37192951891445,0.25,6.74370496652923,20.4038187662178,18.8206938346794,16.8863138717144,19.102005406598,4.35246771781683,11.1479172335118,10.3604704142828,9.39813682430163,10.5004740553482,5.87743825234376,20.6007732735928,19.3360843163326,17.0910556501126,18.8098934058141,-0.00578519689849052,0.0406155827502858,0.0432416470633881,0.0246785213317084,0.0203851876752324,0.0170688734088847,0.0496114450869033,0.0464620287538114,0.0407285176787419,0.0455066647618036,0.0185298895124435,0.0531336173161554,0.049394549384434,0.0427338862593461,0.0495292595733717,0.0180861593587417,0.052838408439294,0.048779973837406,0.0435522608935434,0.0495749343805067,0.0171596377980895,0.0493763305765456,0.0430651136807444,0.0436428250204706,0.0475961732411251,0.00961006330246698,0.0347848723442754,0.0297972101052794,0.0295460940901475,0.0300269475098502,0.0164616992215728,0.0513257081312792,0.0470708416639968,0.0420658767052762,0.0476098365648473
frank,200,904,2.37192951891445,0.25,6.18777001658995,12.9835393872431,10.5228529498,14.2215122741783,12.9158271887703,4.07630046965268,7.45689064920742,6.23286123245664,8.07304161030716,7.42322173968623,5.0473405430784,12.9577107205749,10.8880633085324,13.9639240158483,12.534467686488,0.0132372087742081,0.0119361750218287,0.000542231957113628,0.0156474604961598,0.0129908813110862,0.0155502315722314,0.0278111683798805,0.0198262998215419,0.0310430011674251,0.0288099661061626,0.0133306750139928,0.0301901240002903,0.0236378209480688,0.0330965056946532,0.0300882206601391,0.0163628959695729,0.0343811169723476,0.0275401520655307,0.0371582980386121,0.034575921629089,0.0153410779670823,0.0317275818413735,0.0238111345161158,0.0359299839161964,0.031309198592994,0.0201677804837137,0.0372848391851991,0.0305685388916275,0.0399012158753798,0.0371866679712765,0.0147090048031705,0.0325841039284804,0.026012570661344,0.0353590047206353,0.0319802167118974
frank,200,905,2.37192951891445,0.25,11.4455403045482,12.9516833899164,9.26494261817845,12.1979105529853,11.6962450692668,6.69160229001967,7.44163439774242,5.60761871701155,7.06641318407997,6.81749424112294,11.0614882378326,12.8531053356929,9.16954033567505,11.8603253367361,11.2284680230989,0.0336138346804506,0.0371336583997363,0.0276392757634116,0.0354176458920142,0.0339674439702084,0.0277267088315925,0.0214003232077292,0.00775452192008137,0.0277308332212466,0.0151158030545121,0.0291483413010647,0.0312816368942488,0.0207836019444514,0.0315686008918231,0.0282212138533667,0.0284657343003454,0.0302225620388649,0.0203949898155393,0.0294454542305443,0.0259566319465833,0.0285629211879609,0.0311853303402619,0.0216485138948775,0.0313983763197149,0.026856574361239,0.0333302184624027,0.0324363056853217,0.023473894785166,0.0311961276250567,0.0263369619704747,0.0284118018080751,0.0311402353590298,0.021844339265081,0.029283597444249,0.0266701250835681
frank,200,906,2.37192951891445,0.25,19.3736138748898,24.4619291957389,16.7960215204517,35.3924575803796,29.4890463750304,10.6366500285683,13.1673779609761,9.35402883647491,18.605255454255,15.6684106879879,16.6641168489724,24.6190186215351,17.4148971816195,35.4019131803893,28.7856263515514,0.0530766695853209,0.0637784701992853,0.0428392861447617,0.0916330709488674,0.0744164392256293,0.0468422147047863,0.0615729616914983,0.043231704036043,0.0888344431981845,0.0719772318871949,0.0446348396105956,0.0630971258521034,0.0443239617971163,0.0900870258563641,0.0745021383422953,0.0481884790487239,0.0608911012777739,0.0404895544367874,0.0885175568363099,0.0734499752994719,0.0458695684886904,0.060069729260278,0.0398831615105766,0.0882783911562986,0.073203031756027,0.0529685119235429,0.065552641398894,0.0469817003743885,0.0836271368678901,0.0744601062015791,0.0452567293887271,0.0605024673910165,0.040319372990157,0.0881316868063842,0.0730423933823665
frank,200,907,2.37192951891445,0.25,20.3412786392307,20.2688300848999,12.3133484531459,30.7352627841119,26.1183386379494,11.118148154754,11.0813847900529,7.12389513392128,16.2882545109898,13.9916114578241,18.0221996646413,20.5958342997128,12.8933913471836,30.7947810804703,25.7317738309793,0.025367532806478,0.0230028611872736,0.00662106370224164,0.058401974822711,0.0302800323460493,0.050297273974092,0.0527066947141985,0.0333202503406661,0.0782403243348583,0.0676044913638665,0.045511024469304,0.047285889650392,0.0254594434878663,0.0755857239983961,0.0626020400109273,0.047194681963018,0.0507620423822723,0.0300619963692985,0.077044766901411,0.0644051018601286,0.0508665486705814,0.0518122794861114,0.0288896998568479,0.0795920568558796,0.0673200970407353,0.0513180553602548,0.0423236617138039,0.019457508490585,0.0764296693613268,0.0526453238226423,0.0489228643596349,0.0499929568467949,0.029591128647885,0.0766162400869142,0.0644378470268031
frank,200,908,2.37192951891445,0.25,23.2888958918894,29.4844777371614,21.5018108335622,36.4247720559013,34.2326220355305,12.5834834997111,15.6660379495877,11.6951833707293,19.1186411385524,18.0282699277318,22.2764725604664,30.046656016287,22.1932907394739,36.5483988660173,34.4183158638063,0.0631391025340106,0.077729675630478,0.0578702449702834,0.0960610378127973,0.0903010495860699,0.0504619505040091,0.0660214792068742,0.0429444873020831,0.0837721266178894,0.0773017950451889,0.0564102572557328,0.0744866766338895,0.0528326601203808,0.0917759098540748,0.0856293093109693,0.0589660993640679,0.0721686364120172,0.0510687586148723,0.0905475259807331,0.0843263226808336,0.0596715088106637,0.0746907156310674,0.0538402210930908,0.0931470202512817,0.087251463844335,0.0631514744117519,0.0776414615264586,0.0560809376572542,0.0957388842384222,0.0886731109879089,0.0578835187161454,0.0740033564482647,0.0531999210606306,0.091520600323357,0.0854681681377123
frank,200,909,2.37192951891445,0.25,11.9574184705756,16.512480691212,12.2773192122276,17.7215206718935,19.2384688791597,6.94580058956252,9.21231747568501,7.10572807024428,9.81372622529228,10.5684390521265,11.1882410661563,16.7630005007809,12.5903596842526,17.8787950477333,19.2244668523947,0.0337626516023749,0.041702622244563,0.0305394742127993,0.04401669687229,0.0502025137296245,0.0274999563033609,0.0437479920245953,0.0322392854768563,0.0467342351561251,0.0492935547686016,0.0329078974091013,0.0401511321709363,0.0269837373743688,0.0449581372368905,0.0484849212840881,0.0315685251253629,0.0416620275938505,0.0297774252169145,0.045100228080417,0.0487237857609992,0.0282156326738365,0.041701304323717,0.0301034782704248,0.0443763008677416,0.0484535194941548,0.0285996860294254,0.0450158750921503,0.0264014187810929,0.0484662577987299,0.0522397933573533,0.0304744257765745,0.040825766388714,0.0294341763013775,0.0440561677629549,0.0478090889688359
frank,200,910,2.37192951891445,0.25,23.6165596605376,24.9773869348535,16.960959602948,28.6301464909014,22.4529927374241,12.7475555055924,13.4251993060134,9.43758259699549,15.2417306475152,12.1693856725647,21.1993617993122,24.3762439117898,16.4145646881882,28.130744326722,21.4298216295847,0.0579105128604858,0.067442005748641,0.0470457097320474,0.076327093974986,0.0610128902636356,0.0581957940383671,0.0525106591409451,0.032028665797888,0.062837235648803,0.0492830404129328,0.0569815433836542,0.0554922069526623,0.0344900840021016,0.0663523968971007,0.0493097701653797,0.0585892181364468,0.0610999649971551,0.0400526934654199,0.0718294484349598,0.0547802943138391,0.0549890727399841,0.0586813681359189,0.0393961203356499,0.0670746316282125,0.0492791583825709,0.0635863146382477,0.0508672846280371,0.0164238585842975,0.067563595269817,0.0484858004752388,0.0573742448280707,0.0599099907155187,0.0388842570703831,0.0698351310889016,0.0532306110574724
frank,200,911,2.37192951891445,0.25,15.9468716415875,25.7705026355528,20.3409471787188,31.3758675148424,28.4524362223147,8.93059287612457,13.818399282845,11.1178250046774,16.6069434881139,15.1524361427951,14.791234489645,26.0266384994452,20.9208562397111,31.3917052084958,28.3918393121286,0.0393349576903732,0.0455505429007814,0.033268247387817,0.0569735393279744,0.0547150564174325,0.0345998763513192,0.0608889583999483,0.0469942063155142,0.070717017737233,0.066133615573012,0.0410169327496443,0.0626974233797789,0.0483530422898063,0.0765361611754375,0.0702994983614624,0.0406638766442222,0.0638886626826996,0.0482907299355852,0.0792398930387079,0.071524787289738,0.0408266862465304,0.062634791907083,0.0476631382595372,0.0769613626029689,0.068317102152967,0.0352292077788443,0.0690173981219365,0.0557513862474187,0.0820658456390518,0.0759945597988894,0.0408951554703153,0.0633728813420337,0.0477844993082108,0.0781204983064967,0.0709100847930867
frank,200,912,2.37192951891445,0.25,13.316058166892,30.0967125141193,26.9154030384763,29.9687723656464,28.0733297441182,7.62319027174977,15.9706081035479,14.3882088741765,15.907021562814,14.9642364696407,11.0362881439708,29.9598823075631,27.314446487117,29.8930064548536,26.9995153783864,0.0315764296978934,0.078858093105522,0.0721606864547212,0.0739858914572466,0.0709495861809259,0.0310099578127403,0.0792358591863314,0.0716888613491005,0.076496236239515,0.0694313286472403,0.0303329996209113,0.0754559897267945,0.0682051526808686,0.0733810390225308,0.0685421981161272,0.0316598946808745,0.0758067602232677,0.0676286642761,0.0744555627253066,0.0695928829617689,0.033694271212577,0.0757908240593565,0.0668112990657333,0.0764065176733692,0.0713655252235159,-0.0103433127861145,0.0717797719203846,0.0698604703794569,0.0702069111859888,0.0442665291097857,0.0304761017512816,0.0746259421356328,0.0663212501809299,0.0743008559628321,0.0687642823838956
frank,200,913,2.37192951891445,0.25,37.7043667988441,27.5589205269024,16.2101153127384,34.738091525939,34.8090684579141,19.7564715468862,14.7083590814785,9.06248633205662,18.2795928078901,18.3167361581796,35.3707906085636,28.0810576565677,16.7595598896405,34.8006681871824,33.4275824964761,0.0988262339997059,0.066410166808867,0.0226219543871762,0.0918244314215547,0.0857953404849886,0.0906975718915505,0.062565038986409,0.0341505588280102,0.0799422963563969,0.0776277711889921,0.0965813324180519,0.070681330978134,0.0423272442473196,0.0894045821695508,0.0879162821595928,0.0911113162741551,0.0676358544398649,0.0394657412542382,0.0860600863720953,0.0814272475794651,0.0912763196294944,0.065723426790885,0.0341955502758224,0.0853665311521006,0.0816168873847137,0.0868425344157658,0.0719229437809541,0.0454485058972383,0.0818389979241428,0.0899882943801981,0.0924228867763464,0.0680983993056461,0.0389694890054247,0.0870450028945462,0.083422186307318
frank,200,914,2.37192951891445,0.25,25.7702083046618,30.3619604311278,22.1401880570738,34.4799926601784,35.5573175336295,13.8182206690626,16.1024825525202,12.0124027311546,18.1512713629758,18.6873605784847,24.1440860671704,30.8726370667951,22.7205146970744,34.4911526483971,35.5550437511061,0.0687677293644518,0.0691964865631819,0.0398874978468751,0.0844807829704845,0.0860229572967593,0.0613375464184475,0.0770122076800631,0.0549065674951974,0.0864005233801479,0.0888198440807047,0.0620162316364776,0.0771207148375374,0.0567058662565206,0.0866032302694638,0.0897859121652657,0.0616666676701681,0.0749472772614896,0.0546714793565171,0.0843336841617464,0.0860740032039636,0.0663023866760087,0.077412851399087,0.0562834848306058,0.0872665506203154,0.0899205076812637,0.0686845494536436,0.0690500875109333,0.0418349356378983,0.0909597179558746,0.0855634954336212,0.0643852333698426,0.0761951090730698,0.0553063594513804,0.0859070898873702,0.0885885104400151
frank,200,915,2.37192951891445,0.25,21.1639305035709,14.0945375483391,6.58153786219652,22.3568778530603,20.8941414667123,11.5275348917012,8.00972706940301,4.27225407458699,12.1200177822599,11.3925021868667,18.7687847843972,14.3536178250922,6.89605556070182,22.4088416651283,20.6646618199616,0.0447012563594016,0.0348020090952034,0.0180761161152276,0.0580162320679853,0.0503985489247014,0.0543019475978922,0.0300273544423662,0.0109923140598687,0.0554488378262649,0.0478614985337873,0.0520115224269217,0.0345710373810477,0.0152669633791543,0.0558434175507451,0.0522360259273796,0.0506500539824762,0.0343524881395982,0.0156633192862167,0.0550671397886545,0.0513136150350394,0.0537818927216199,0.0362402952463121,0.0157330353308313,0.0583212996567548,0.0539862848073066,0.0560652257258754,0.0385638158457482,0.0213849901888226,0.0552146023331631,0.0539395064413291,0.0498981621782732,0.0336217160009812,0.014331847626142,0.0545953597378053,0.0508619822172583
frank,200,916,2.37192951891445,0.25,33.9037705617103,21.6427799072043,9.23924329312758,38.007590209974,32.3759425684997,17.8647374201278,11.7652636525483,5.59510482603576,19.9062660545489,17.1047780166389,31.8369775642334,22.1562526532453,9.57669154869842,38.1135922186587,32.5481025401935,0.0769007417516709,0.0472849946427069,0.0193168526802922,0.0922522237903844,0.0761182234073296,0.0870838749272748,0.0550531451566267,0.0215288329991522,0.0974184001283537,0.0845426602743078,0.0861402421145728,0.0515909929439923,0.0177610321047887,0.0961479285096696,0.0811976253677949,0.0848536380942165,0.0539370389402325,0.0210743843740783,0.0960193225605753,0.0814590993405472,0.0847728650581003,0.0531236653704419,0.0204284684794049,0.0957097027763046,0.0818862519377332,0.0578413585253887,0.0578774204363719,0.0217654867057624,0.0995936728405982,0.0840428720370084,0.0850286592246235,0.0526044412580634,0.0201196731276901,0.0948083973381385,0.0803123091057348
frank,200,917,2.37192951891445,0.25,24.2412864923152,15.1923916124033,6.07179642486282,27.4509906133856,24.2311731468232,13.0575229942742,8.55586970572732,4.01877696449079,14.6541928179093,13.052748443707,22.464649802282,15.7309541055802,6.54060147354672,27.6372683974746,24.3026770244292,0.0634463746769415,0.0417354735563252,0.0164135897070509,0.0720809172294414,0.0654805679078229,0.0608602169639341,0.0286058620119434,0.00249822707504898,0.0654258809498097,0.0570394660752272,0.0618224264779688,0.0379464192040116,0.0144070224331935,0.0698191643882956,0.060327289879711,0.0601307057180537,0.0382723473962468,0.0152288235898097,0.0683734946432251,0.060580457113127,0.0588282374017639,0.0371352211939115,0.0142256220484344,0.0669589967457934,0.0576950093302097,0.0656007763316866,0.0377315924284841,0.0150456855340807,0.0636900019716281,0.060645239802164,0.0603256235232584,0.0372831633391736,0.0136047404718927,0.0688498485235279,0.0598675858459874
frank,200,918,2.37192951891445,0.25,22.7598644707416,23.941517925304,15.3859915651037,34.2527526317045,30.9008802515738,12.3209157779477,12.9083056768473,8.65222018943056,18.0381392528209,16.3708846190644,20.4631754264379,24.4031188967787,16.1797058217175,34.3394673133385,30.4847018008996,0.0616910083738159,0.052292427263354,0.0173469554305223,0.0906011391064836,0.0777139233521156,0.0528341744604952,0.0539744298891701,0.0296285758797094,0.0844566306484256,0.0722637533715986,0.0555408779509933,0.0593354893003159,0.0356537347511316,0.084899366195023,0.0759444079193965,0.0552687683218971,0.059368478532599,0.0374974215578715,0.0852754148236139,0.0759326671511155,0.0572943976720138,0.0611738947382014,0.0396724690589816,0.0867639721250994,0.0763551009855322,0.0618712383899114,0.0646533709322514,0.0417031086619722,0.0871393764547214,0.0815881511461192,0.0559089236189027,0.0600245923132056,0.0383138674549319,0.0852677969693723,0.0764037732261219
frank,200,919,2.37192951891445,0.25,12.0343856012464,19.5177063479533,15.8895370640293,18.9761093744982,19.7852772419952,6.98468745488164,10.7075927520856,8.90284300780221,10.4381454682229,10.8408436421569,10.8908079828668,19.6567544911312,16.2941696707754,18.9205632263178,19.5000785832698,0.0347408774533365,0.0519443925469741,0.0430788352850002,0.0508762148436698,0.0540574709694907,0.032119819088457,0.0507041330672085,0.0393325531450647,0.0494733635561041,0.0520228982979381,0.0332164390789827,0.0482058559426237,0.0375262015063003,0.0473462924965671,0.050638265897193,0.0284520849150165,0.0488944678286436,0.0393585255005382,0.0473144549772445,0.0488563661415232,0.0246123991171145,0.047899802887342,0.03918508132315,0.0457577699809373,0.0471089260588983,0.0329013585813531,0.0502798098802673,0.0415870533741715,0.0496660577320481,0.0524217230276291,0.0292732738573749,0.0481448067707056,0.0387603391397858,0.0463148654256174,0.048195818320399
frank,200,920,2.37192951891445,0.25,21.8447073256087,27.4343871424059,19.7676451098374,31.7113929416166,31.6263684071616,11.8647851834517,14.6458885059393,10.8318628726508,16.7738631291423,16.7317502689804,20.4371308999322,27.8622551738623,20.411552955974,31.7524255117238,31.3632329097731,0.0592934327935679,0.0698546719931702,0.0487399994011635,0.0812492067704649,0.0768112012966768,0.05835135914708,0.0711416088435818,0.0504294877969243,0.082753187636542,0.0820270222858465,0.0555402629303191,0.071679984291719,0.0523711808398976,0.0822434408269979,0.0800334237294535,0.0554555756651007,0.0685400781818365,0.0489187762542758,0.079708342292777,0.0785170787209781,0.0493512135049408,0.0655202791763772,0.0476209924371684,0.0744940564749311,0.0701127377188069,0.0582377503513523,0.0606318160636511,0.0383321166189085,0.0752016387237781,0.0698699281044133,0.0545837310849964,0.0685021397681643,0.0493952740736112,0.0785246190987671,0.0771806032662709
frank,200,921,2.37192951891445,0.25,31.5258241018684,37.8623221052863,27.6111336548105,45.6042371202362,45.5574115018896,16.6820043259652,19.8335935758403,14.7337956422,23.6854235571387,23.6622908291733,28.913560377335,38.4564690314032,28.5794020495375,45.7175940949263,44.9300666163733,0.0834138083340828,0.0597824070636809,0.0184421815663569,0.084353626540302,0.094464464727464,0.0748170711732218,0.0950159563038488,0.0668517800335996,0.116157522570894,0.115214977017862,0.077701178428481,0.0918820780237423,0.0660850819457972,0.109456505036041,0.10975861649315,0.079231662523771,0.0959480665286542,0.069651575218819,0.115541360446297,0.114738080403616,0.0818166999408578,0.0947664266871554,0.0662134212124371,0.117487553187954,0.115594499357802,0.0772924529642955,0.0969195594071213,0.0736868460832564,0.108829436315602,0.114456789878052,0.078463851220282,0.0956215653682682,0.0697343264645589,0.114348029545199,0.114258383832859
frank,200,922,2.37192951891445,0.25,9.27437090049309,11.1406820235301,6.84549484151022,17.3752319717309,16.6355309151409,5.61171955878946,6.53965525704905,4.40320119913549,9.6413332614865,9.27318015266642,8.03510420953786,11.5831036155272,7.45745966726078,17.6313651803747,16.7387980976303,0.0278201905209047,0.0307508465875146,0.0192676087627561,0.0468097844910901,0.0443390158311268,0.0197750257192756,0.0294129653511037,0.0206372802515068,0.0419229069516812,0.0407355410027669,0.0245000132297563,0.0285637983943962,0.0156209531217985,0.0442774504960128,0.0433887476175017,0.0209199837550785,0.0282263534948531,0.0166541652147923,0.0438114438595473,0.0418840119387338,0.0223461353442045,0.0267822339462084,0.0157408627192364,0.0423817063865643,0.04018411693297,0.00427326196034641,0.0299705552776726,0.0220903326167351,0.0334968284427385,0.0373289057319895,0.0237435697676649,0.0286124740781468,0.0170916233997871,0.0442784283815673,0.0427091255254237
frank,200,923,2.37192951891445,0.25,0.638846631815784,4.46439229801978,3.48538763674685,5.10791967899772,4.12212354129981,1.31548721825224,3.21835116272069,2.73117890798379,3.53885511520271,3.04861204559754,0.211674102444374,4.57729552114883,3.95867116849177,4.99242757721224,3.64614711999764,0.00658033348846558,0.00113250722256889,-0.0120435855716615,0.0116542641378846,0.00394055585101268,0.00358511834921196,0.0141035249564205,0.0108441803127791,0.0143785556661314,0.0132496306091514,0.00143160879544938,0.0141396437094979,0.0115404982564088,0.0148839852455452,0.0123961283242044,0.00171938420537473,0.0115414612343881,0.0093077745478159,0.0125951678367628,0.00963509623852058,0.00192603478946517,0.010869019806069,0.00760052802164644,0.0124990902720887,0.00855351633330446,0.00577146969398126,0.015990175343976,0.0133229853582411,0.0160033165660448,0.015305308329834,0.00173553837029322,0.0118260637106916,0.009492302292766,0.0131723953920841,0.00998755400704654
frank,200,924,2.37192951891445,0.25,11.7148336613887,22.3676387020254,18.3304310511427,26.1578910352358,23.3043694874299,6.82593175817007,12.1252405341877,10.1168019835224,14.011333613647,12.5916786550888,10.1594002775162,22.5724662208636,19.1732641081268,25.9312388849577,22.7149299227344,0.0336435142965621,0.0604477803833312,0.0475419714342034,0.0673336170053849,0.0627406576617647,0.0337163980473832,0.04921618482428,0.0339487692768852,0.0639327650481617,0.0577612572215044,0.0312989677272874,0.0568072595155543,0.0456524868696876,0.0667089039002993,0.0585427680197867,0.0282950773704536,0.0570088357996847,0.0471601106700878,0.0642703827076164,0.0580705043856175,0.0293252632761048,0.0567591431514241,0.0462532884902422,0.0646117355708537,0.057335856426256,-0.0216559283272399,0.030498363738427,0.0339024991771604,0.016340974842666,0.0209973350331416,0.0287944835878763,0.0565394126081987,0.0463430536177845,0.0649568320875873,0.057920244555813
frank,200,925,2.37192951891445,0.25,26.7197845495968,28.8969174698031,19.6269995825735,36.9851672121374,33.5520423532319,14.2911105188048,15.3738757386294,10.7622375316847,19.3978745594014,17.6902750289477,24.4007394484153,29.174499614808,20.1712992355711,36.7959303384204,32.812111097709,0.0717268474238144,0.0756982608144092,0.0523786334581565,0.0969089899710752,0.0882872065954417,0.0618489084311236,0.0684918215464122,0.0473422033742291,0.0914216302322333,0.0803159368895437,0.0633565570700358,0.0708389744264691,0.0472307241600818,0.089992102534363,0.0807799256459506,0.0655275000042113,0.0698920699687452,0.0460539154364124,0.0912184134258417,0.0806205804723565,0.0602763513025025,0.0722162728505053,0.0513985364653462,0.087186906341417,0.0794021566692495,0.0708702905199119,0.0712894142231721,0.0475441844330232,0.0869797982376358,0.0865302267402884,0.065085195909667,0.0730128970444796,0.0496039765243532,0.0927636289950688,0.083359652551469
frank,200,926,2.37192951891445,0.25,10.6119203057033,23.4094877001824,20.6406672925743,23.6265934670405,21.3927610808283,6.27727993427212,12.6438203864357,11.2667034952779,12.7516632580529,11.6411530020633,9.25360310011882,23.411763252562,21.0194026277413,23.6454476697504,20.2931431898951,0.0313152366714678,0.0614817598815725,0.0518512890591143,0.0617191259274069,0.0582068572037336,0.0244058202005617,0.0401087394867774,0.0265105695474039,0.051176141913699,0.0380947658871487,0.028783172093044,0.0581038628175109,0.0495965971292302,0.0607993053082977,0.0539025983795301,0.024085485739576,0.0561147592302731,0.0493381470201018,0.0568746585697793,0.0491694963610503,0.0273044482672024,0.0589457208508651,0.0508859472424034,0.0604941893100528,0.0541304327938168,0.0161480419735285,0.048090365432773,0.0432847867823138,0.0508195550311899,0.031955485983353,0.0260083024846106,0.0585228419107295,0.0511452875802563,0.0590853023355132,0.0520739615505737
frank,200,927,2.37192951891445,0.25,14.2131704443799,22.101068867464,17.1356743759965,27.0508343522738,28.976187672173,8.06854039322886,11.9919617208003,9.52192609152435,14.4547121564303,15.4124991214835,12.6208822043895,22.7748642056766,18.2881960779553,27.4264380417349,28.688700418759,0.0315409579425801,0.00535304670747875,-0.0291028753286657,0.0435057194721748,0.042240188562227,0.0364861942717378,0.0565436703037676,0.0448106148723892,0.0664881148500274,0.0731946158643165,0.0360826579789955,0.0564688200336473,0.0440295580466888,0.0681727642172053,0.0727275231448387,0.0368188496486392,0.0564398771689813,0.042731136575572,0.0690382677337785,0.0740077564576616,0.0353075853475862,0.0550004499146464,0.0421601223258612,0.0671147706208542,0.0725597760053964,0.0401611428327568,0.0585805354024916,0.042532398451414,0.0719347000582191,0.0773835845062436,0.03555810529279,0.0569551865389827,0.0441093609391283,0.0687425747826263,0.0737550754542216
frank,200,928,2.37192951891445,0.25,9.85659003845851,12.1487384634146,8.85028296235819,12.5406739377071,14.5674335358593,5.90099533570381,7.04142493349726,5.4006983657218,7.23636010955589,8.24477470125974,9.7063938805445,12.553407887177,9.27011508070078,12.598464770215,14.8433627398324,0.0211931823811229,0.0338686764540464,0.0197475050874432,0.0345206554426727,0.0384564783906518,0.0237879067278327,0.0333682277593845,0.0236038800001957,0.0344081661310628,0.0394188638295059,0.0251178662094536,0.024202418770515,0.0133335762378202,0.0294373099706004,0.0306590783041697,0.0232522834359483,0.0288425196513768,0.0206236796729115,0.0294264456290903,0.0342020008232893,0.0257660160940679,0.0320647096895911,0.0235542645761778,0.0327917559174708,0.0376909565389739,0.0284692046185839,0.0345212107672709,0.0263978282163084,0.033557518037265,0.0391379068138408,0.0246410106707628,0.03023669474465,0.0215787825532808,0.0310329924638618,0.0360326378176896
frank,200,929,2.37192951891445,0.25,7.24019033647471,16.4305870726869,13.3586719237654,21.7499019660178,18.3500187608642,4.59990493189629,9.17157171282602,7.64370127723431,11.8180150449761,10.1263867665374,5.81121212128741,16.5971192857043,14.0120820926246,21.7931315163688,17.9740975264622,0.0181049669391349,0.0457874455596165,0.0382341623502846,0.053139822382475,0.0486980782229687,0.0123784794764816,0.0427520238178071,0.036072744952717,0.0535775292030751,0.0459507824956868,0.0180854796288126,0.0372354008789351,0.0269855018896888,0.052743018804959,0.0441775080125944,0.0190471952790471,0.0422455900917275,0.03394204349414,0.0548931563001905,0.0470820682512745,0.0186079861135862,0.0411765942612952,0.0331307069012894,0.0542951489170269,0.0462780610348852,0.0230577566382577,0.0458685663705564,0.0380075620592155,0.059366586731748,0.0507998877971411,0.0165709434872023,0.0412239883715608,0.0331667991425555,0.05407560088472,0.045919418979263
frank,200,930,2.37192951891445,0.25,10.2000843844181,13.2383215587883,8.82035465503273,18.7194047770671,14.9559874822366,6.07234488785504,7.58378166052943,5.38614778940131,10.310415259154,8.43855169647262,8.98171406001394,13.372589944282,9.25672917904722,18.710733931721,14.4824328305991,0.0270116175927808,0.0353050485800659,0.0205750099730018,0.051679064004473,0.0420080507784635,0.0230634903351695,0.0284838745058546,0.0175400951565397,0.0438860270392249,0.033281048958659,0.0298064571960507,0.0370607292597715,0.0254033638220981,0.0510108580015916,0.0408391911511925,0.0264229686651307,0.0317227752710763,0.0188760596498841,0.0466018422998431,0.037101573464615,0.0250475670441596,0.0352446020285757,0.0235903047825652,0.0500049376333392,0.0394347432572189,0.02517091625291,0.0238782323044921,0.00587382147045762,0.0398914527289318,0.0238640069171004,0.0245160319606604,0.0325152656261142,0.0210068447397189,0.0466224681918643,0.0362506461425931
frank,200,931,2.37192951891445,0.25,17.2922827648866,17.578472901587,11.1116258223891,22.7627647601464,21.8942731425166,9.60032126144271,9.74294286469918,6.52598997587853,12.3221295787722,11.8899552831413,15.8124236967783,17.7370230801495,11.3401864571785,22.6556118939368,21.7862619216413,0.0439289216990711,0.0168101645671889,-0.0102311409069647,0.0478712278182156,0.0399925764511245,0.0350546465166552,0.0363819930734858,0.0231586275389962,0.0444174274142985,0.0422635558163842,0.0449801521223353,0.0454527069938669,0.0289989108472513,0.0593326845163233,0.0564577002432646,0.0430407951287065,0.0433022871577325,0.026220094005425,0.0575725500332889,0.0546448225148183,0.0430389615659833,0.0412242745355551,0.0245777568443589,0.0548279917189048,0.0515292580350072,0.043744164408181,0.0408981994683939,0.0150677576801669,0.0618473176669813,0.0597336209168011,0.043467591369553,0.0434393124911136,0.0267638848457539,0.0563938672899215,0.0544990558997757
frank,200,932,2.37192951891445,0.25,31.2425923892817,28.5512740505643,17.3733249137605,40.6810654165274,35.4425383751897,16.542233136184,15.201952748027,9.64118117677788,21.236383448364,18.6307813383281,27.2368210062698,28.6490766215176,17.8603962611693,40.7030597796073,34.0175252055018,0.0589831458822369,0.062964351217951,0.0390148083140612,0.088009993077768,0.0790227308161543,0.0660404945344828,0.0705926035393195,0.0413802078445054,0.101505917168966,0.0884882854909168,0.0795954138418059,0.0742522235271174,0.0462426104854726,0.104659514403363,0.0915557502736466,0.0719008946851205,0.0703102981547776,0.0415503705806132,0.101325853697924,0.0858119544404004,0.0748995229699549,0.0728372792218311,0.0436717932278837,0.102369478287573,0.0880513717745108,0.0829925064703946,0.0562863994336937,0.0147140141411781,0.0997191982364927,0.0847685715412848,0.07549862062148,0.0702021585956976,0.0413502810500971,0.101092669912385,0.0870509719356845
frank,200,933,2.37192951891445,0.25,31.1952197591792,22.7351792203506,13.2701341516488,27.1909718489638,27.5604588649291,16.5174080849285,12.308962294759,7.60056962210993,14.5250117381343,14.7096024864267,30.6693857220098,23.1494861677166,13.287534808949,27.1960039848781,27.8252052316164,0.0718485076332318,0.0588008434500335,0.0361215874775708,0.0700368678904973,0.0694913020060148,0.0729712996780522,0.053103896215485,0.0316855904387918,0.0670356169945146,0.0651865081619465,0.0778848523400259,0.0598064316936804,0.0355157465020695,0.0700270917188488,0.0705126855130705,0.0781699985467188,0.0561648315110033,0.0310551085284554,0.0692436486532207,0.0690779051285363,0.0744437268308316,0.0521822065339519,0.0276025840431684,0.0661515613167087,0.0638542434084061,0.072880427194196,0.059952462869523,0.0341384744385066,0.0724064400954194,0.0738960374514652,0.0776571837292223,0.0554874750879398,0.0304196486079891,0.0685357799923906,0.0679068691930014
frank,200,934,2.37192951891445,0.25,20.2009348316427,13.9708021992035,6.05843172578923,25.1645976143596,23.4156964530875,11.0477859850611,7.94790692191175,4.01189141508166,13.5167544657836,12.6464009637965,18.1827602029287,14.4300433872951,6.53706741785159,25.301358329209,23.6338788566793,0.0496508856816008,0.0345787016681898,0.0179152152046116,0.0600788340067334,0.0579779861244953,0.0487573845751836,0.035550319131435,0.0178223488594824,0.061323329143794,0.0580457195658848,0.0497741561352982,0.0380206140116915,0.0174411403906993,0.0661104462918501,0.0611082359336609,0.0504060627941118,0.0353179409516576,0.0151597858057586,0.0630070148966192,0.0596841860732094,0.0467691627648159,0.0346896582684965,0.0161919085632911,0.061285733882471,0.058121384103856,0.0526452964547516,0.0372984215115588,0.0172265631308216,0.0667497972195146,0.0617728138336936,0.0492218912967982,0.0352294922277048,0.0154184318423787,0.0623924046646357,0.0589845401219307
frank,200,935,2.37192951891445,0.25,10.6343747043028,20.9823822317393,17.3886895094229,22.0742461099169,17.7705455511926,6.28858439998059,11.4366467672878,9.64892460407663,11.9798926508102,9.83945729898216,9.06549575576727,20.7633881943422,17.661061694696,21.7431412916666,16.5311969258939,0.0186699195848997,0.043550885165406,0.0338898030314859,0.0485109786945869,0.0390582229202965,0.0205942649622482,0.0503320476098514,0.0437370302243971,0.0504991488284027,0.0387655395805575,0.0245683666036834,0.0525215141715161,0.0420789981079639,0.0556405402709029,0.0438843355708277,0.0271354341945695,0.0517400343768787,0.0422469434442901,0.0535511830363118,0.0434626667628637,0.0271357567363599,0.0521398554153108,0.0413540923601504,0.0563178356757194,0.0448493303297191,0.0215725875261431,0.0480964543158968,0.0404538573592208,0.0532431381519243,0.0288915164704631,0.0252503900988789,0.0509975645337385,0.0419800885376248,0.0535846771831192,0.0410679947685516
frank,200,936,2.37192951891445,0.25,25.4844758118739,15.3829589722489,5.23159728559176,32.7427431637823,24.8488973547558,13.6763580254275,8.65079049411526,3.6008131570403,17.2871250983799,13.3602793227806,22.8532567867238,15.7230602598836,5.69113173778508,32.7518164054058,24.4393992497382,0.0567738463058045,0.0297412961870278,-0.000645570261544655,0.0843844616475542,0.0567437950739779,0.0658504319273262,0.0348590330031368,0.00582577892401141,0.0791182747668396,0.0603719733516039,0.0641157482349132,0.041675889267447,0.0165593614958938,0.0835935172258392,0.0622439879790312,0.0611587735615633,0.0388725090848418,0.0127116987345041,0.0822425300687851,0.0625002034400787,0.0627305022133635,0.0359009853470269,0.00944053116389387,0.0814502362648135,0.0587163583555337,0.0489167067863714,0.0346739340058365,-0.00227380386432428,0.0829175107690205,0.0653885016742027,0.0628797721661056,0.0384623352804922,0.0126366456408891,0.0820771187566752,0.0616235509092921
frank,200,937,2.37192951891445,0.25,2.76597047008598,23.87364933782,25.3423075075674,17.3341772596806,13.9628348481912,2.37432532927977,12.8749449432945,13.6056204330777,9.62170274534572,7.94509883810149,1.54358692579206,23.3313234229521,25.533915442826,16.9878225048956,12.4408483242544,0.00273279868301082,0.0523299626286045,0.0543045788056122,0.0310799013946604,0.0280593665826276,0.0053439426017326,0.0599147994989054,0.0608339325058577,0.0444115145499297,0.0344743886241824,0.00572351001979126,0.0591240828731819,0.060691913485067,0.0436942867882725,0.0335806083146683,0.00596786262507137,0.0587304583113588,0.0620415843763799,0.0425848727218125,0.0332188635333985,0.00798220592538815,0.0560078010135093,0.0564663470302523,0.0414299250743894,0.0325893282793217,-0.0164217500663478,0.0599796446440715,0.0672496478303382,0.0379505931975772,0.0247075101184265,0.00510543271323862,0.059453486050025,0.0631172820573464,0.0428138636951891,0.0328716518026718
frank,200,938,2.37192951891445,0.25,24.6715580384696,31.7750822792924,24.6650602028688,29.9689705763161,35.0571851201149,13.2713356412672,16.805328320935,13.2681859156288,15.9070712336814,18.4385790924419,23.0971773489485,32.2461625835547,25.3461973029331,29.9363095503482,34.8020744639662,0.0666702120099297,0.0737819293876064,0.048130677862149,0.0772369331855909,0.0914676719069921,0.0639709872041704,0.0787740535757512,0.0613738037253284,0.0709754715413383,0.0884824919129074,0.0618691605867624,0.0779039650218038,0.0602813786061069,0.0715016168788684,0.0852074900506577,0.0614498965458726,0.0786757100213494,0.0604488696122276,0.074161146395107,0.0861198611016909,0.0621263443099625,0.0802935484573371,0.0625862526815526,0.075009443512372,0.0866976197207477,0.0339013818267354,0.0583645442808233,0.0464640575841731,0.0447578090888118,0.0474038908152893,0.0613681503424582,0.0800891246253781,0.0623854214298502,0.0745893730022623,0.0871249480240682
frank,200,939,2.37192951891445,0.25,14.8838148543942,17.6217537821159,11.4414530028167,25.9320930596597,23.1075894683606,8.402431330262,9.76416202700798,6.68980873335103,13.8985502064784,12.4935402431397,13.0831978681856,17.9821364188468,12.1223880346538,26.06893714506,22.7325715702881,0.0105765816991037,-0.013577029452494,-0.0304264668020037,0.0191699195653996,0.0160042378755313,0.0346537181584601,0.0442107898062825,0.0270058176464013,0.0660789517208247,0.0566442473090929,0.0289684919301449,0.0399109437297309,0.0271486030882733,0.057560583224441,0.0509360585770764,0.0385484893938554,0.0450322751732971,0.0280571577103286,0.0662770728860525,0.058502542780153,0.0349507720729972,0.0411008280591954,0.0254247920920489,0.0615379625338354,0.053632958750293,0.0180662085819988,0.0324450123266561,0.0184381405295635,0.06061580764237,0.0454395614405837,0.0370658321878319,0.0441403886397785,0.0277830208491909,0.0650984793659597,0.0578020001641564
frank,200,940,2.37192951891445,0.25,15.7253536529115,10.921759781896,4.71402106520303,18.7075033924689,18.1935804330196,8.82031584293645,6.43093942631992,3.34276872212798,10.304465709417,10.0485336106086,14.8136847449499,11.3695926979443,5.15433018364389,18.7516533017456,18.5087318854759,0.0337524828314669,0.0315842751529384,0.0166551932227389,0.051615480675385,0.0482478302631243,0.0439233723617013,0.0305799373307233,0.0146421375113533,0.0502944222124173,0.0496207886889366,0.038284425430042,0.0285088796515181,0.0129817455589686,0.0472011194181985,0.0457179077921654,0.0406150073125013,0.0260639242684024,0.0103634688032212,0.0453455469696447,0.0448761057580581,0.0408407559795448,0.029232430446808,0.0131341863316951,0.048243878772208,0.0474633712836826,0.0418256205459836,0.0315683636680544,0.014810500177242,0.0514420619388949,0.0504838979604866,0.0407080149606587,0.0275699912843757,0.0115291408821525,0.047048162885642,0.0457900556189065
frank,200,941,2.37192951891445,0.25,32.6807856003749,30.9982826507438,19.4401786610159,43.4680660545807,36.1056206743999,17.2568394281236,16.4197407403957,10.6700332485433,22.6230591006324,18.9611761984357,29.896243487217,31.1785312873932,19.8451726878644,43.3610147654551,35.0160013622019,0.0843465185686763,0.082285786774758,0.0535038583131154,0.111324011204478,0.0948288267698067,0.0809569795679549,0.0742587451051877,0.0447716871104537,0.10517484845121,0.0886685558228911,0.082749268025323,0.0792338221456404,0.0481402545312003,0.111985481707918,0.0921918808362707,0.0818939976307407,0.0771798903299053,0.0476546977734863,0.108114967579937,0.0890396324896187,0.0823187031968079,0.0758252571627988,0.0461412546072996,0.108402367092914,0.087209236595762,0.0857236767152484,0.0811424614905842,0.0512495049562824,0.113412337979164,0.0951549330029545,0.0793811881958303,0.0762084362615832,0.0468384103156426,0.107779011174502,0.0874915799111443
frank,200,942,2.37192951891445,0.25,15.305759524355,22.3308802447748,17.0341923977261,24.771968507378,23.3385484026366,8.61278680757764,12.1071353286621,9.47224072793649,13.3215795922438,12.6088455939736,13.1453713620137,22.3654010679651,17.4296187693859,24.7479163534135,22.4725746965874,0.0425213296740274,0.041088445341325,0.0165142493599466,0.0597093565187232,0.0555758276107209,0.0385397011187271,0.0583638624735425,0.043475638669301,0.0649267227460585,0.0601493686207918,0.033285327623944,0.0507117165076945,0.0379943884824698,0.0555976768268024,0.0526960519247344,0.0345501452849696,0.0538582708239182,0.0405803960347328,0.0605754614583568,0.0561752414110791,0.0392849047542236,0.0571379278080926,0.0433809252316681,0.0641475093705929,0.0598204740646228,0.0431749229741805,0.0607644652347257,0.0465100925218837,0.0666196494756454,0.0633112599494587,0.0370689920097714,0.0553823947138794,0.0417965859137894,0.0619771330279868,0.0570739949403127
frank,200,943,2.37192951891445,0.25,30.431389850067,25.9295344520323,15.8188793644231,31.7870213422273,33.8779762953453,16.1368138190047,13.8975322811295,8.86777398739243,16.8116289085304,17.8517691626065,28.5657261814206,26.4369175830539,16.3604807086309,31.7353084428326,34.0529702795779,0.0786399075439261,0.0689995361936031,0.0445453612903508,0.0836660504176822,0.0896153997617425,0.070571805999344,0.0642683533208225,0.0391573915205569,0.0779633100959271,0.0824221970769479,0.0736860977047445,0.0668492769463643,0.0424189621905791,0.079623126748645,0.0845737877958022,0.0768554698932529,0.0660689137937096,0.0403129085106323,0.0803673134396907,0.0858805253582678,0.0738517350231217,0.0663972959466569,0.0410025809441511,0.0801133679337136,0.0852289877659717,0.0799934627204228,0.0652948572843621,0.0387464593060483,0.0828061270766785,0.084253912247731,0.0774813104621578,0.0646880941262003,0.0386559360774602,0.0797801659960757,0.0851221284355425
frank,200,944,2.37192951891445,0.25,24.276767284976,24.6863832006736,16.684084288632,28.2403936784182,28.2671185837567,13.0752155994669,13.2792950948958,9.29856389960913,15.0471161330193,15.0608426910013,22.536760667372,24.8572416938978,16.8665671336709,28.1969730635057,27.9180489146736,0.0643496491000076,0.0521613795144789,0.0188747665138829,0.0707650330693852,0.0730144489473596,0.060011629147713,0.0615426409656305,0.0379054875818584,0.0699441538819825,0.0712736441140888,0.0600220490952605,0.0584667382603415,0.0359717250282525,0.0694947756797692,0.0699394583787396,0.0605722663110791,0.0601581116747384,0.0388464904271736,0.0704094452344644,0.0689473883222389,0.0601932828603926,0.0563552386375012,0.0356506478689766,0.0667778848174607,0.0649276700068864,0.0634166638624879,0.0599752102718413,0.0355133796729441,0.069835028800498,0.0744382895814586,0.060595019799389,0.0605777894507098,0.0395270205718504,0.0703852952093071,0.0694522578236199
frank,200,945,2.37192951891445,0.25,28.1165500837253,30.0487613343478,21.5469040316019,32.7917045995664,33.020930248829,14.9863224518446,15.947254044135,11.7180406557871,17.3115208700454,17.4257654189514,26.0029204813485,30.1660210729969,21.662727314862,32.6590283267497,32.7276467364459,0.0352228094488882,0.0782448819593825,0.0581625200502826,0.0810089729389099,0.0795732319645511,0.0719346176504738,0.0775988412146732,0.054615617417724,0.0867145101680662,0.0852927890608292,0.063292409385128,0.0722619531722743,0.0517893730720384,0.080082801795914,0.0785251195239261,0.0671283360951799,0.0747521230796183,0.0527906991180635,0.081623470552315,0.0819929531445157,0.0653749113123619,0.0746477776857339,0.0545380668783243,0.0789968302896194,0.0794620585620694,0.0740642814322185,0.0797395544136076,0.0586531812021552,0.0844227531615675,0.0868105451966417,0.0687805354240673,0.0739895459260017,0.0517632843878351,0.0815982362368957,0.081665273000867
frank,200,946,2.37192951891445,0.25,1.8618765960859,13.1688787894918,12.2875960550222,16.1917460104285,12.693595545125,1.92384566862197,7.54871987133348,7.11061115088,9.05272314384491,7.31246940948783,1.22120664262615,13.3056204405784,12.9657477503649,16.319967356481,12.1687236275226,0.00220644908183068,0.0366568688989312,0.0317328021560119,0.0447573021945862,0.0367328363903164,0.00880192769908449,0.0360757402193959,0.0328976034737247,0.0439012303329585,0.0355668760504371,0.00576617741928225,0.035300168197757,0.0324380277159618,0.0432558245735096,0.0337933974852573,0.00311537314109789,0.0328328341501663,0.030582161023774,0.039317045302773,0.0307661173978559,0.00184248255517822,0.032003435585307,0.0300454907531837,0.0393910814840832,0.0289991205340473,0.00187426404692478,0.0329011388552796,0.0323896481612531,0.0377957572254826,0.0316922918551315,0.00449861594366943,0.0331489406725329,0.030433052608094,0.0402582139423908,0.0314947460560753
frank,200,947,2.37192951891445,0.25,29.1287517059055,34.7457963977785,25.0211608053578,42.6178768919915,41.025373925398,15.4894591105667,18.2833944954103,13.4455825230973,22.1999933736374,21.4077634011914,26.3047605903147,35.1831240722682,25.9335009702971,42.5378533800531,40.4259216442011,0.0762745829284977,0.091809547463307,0.067537457406026,0.109254581506495,0.106990889805876,0.0717548391251009,0.0877064231060997,0.0645099618878844,0.102531633938193,0.101832462375672,0.0699215124537525,0.0885394507753733,0.065649327078022,0.106119381021179,0.102972182362009,0.0721905754224638,0.0859620518749453,0.0603224029906914,0.105690608661263,0.101829811966072,0.0696771129589372,0.087582241323942,0.0638261117319258,0.106766373611937,0.100591981984233,0.0778005383974651,0.0835299568003223,0.0557929858289287,0.10746129719873,0.105803761680302,0.0723550759721676,0.0863460470130592,0.0612283802385175,0.106256647326948,0.102068319639408
frank,200,948,2.37192951891445,0.25,29.5250108919329,35.9227997875309,26.0685924857135,43.5289802632645,39.8648779581401,15.6864265422017,18.8693093838517,13.967339865712,22.6531237982549,20.8308580777274,26.682648847475,36.0785497278469,26.534862348412,43.5462333992848,39.0053309116731,0.0720317253624553,0.0792402024445116,0.0524584003892747,0.103945817878766,0.0861094229164913,0.0771184492158723,0.0899003189456122,0.0597013954456962,0.112312848482156,0.101378807119658,0.0712996103564428,0.0908770995275323,0.0668810004787355,0.107923482179192,0.0987900589776845,0.0732674833919757,0.0901327749573368,0.0651715417685441,0.108619294614933,0.0995560738690063,0.0750262146517065,0.0877006904730163,0.0623622224971477,0.107628652151775,0.0977566549511156,0.0748946062152072,0.0912932035329575,0.0663474430924658,0.109208498081227,0.103636790883911,0.0723021401305957,0.0899332060250226,0.0645309894220315,0.109331308636183,0.0985299462298692
frank,200,949,2.37192951891445,0.25,42.8192573309943,31.2336477235953,17.3855615268975,42.3214645962161,38.8852103317148,22.300869182824,16.5371082739059,9.64814351718135,22.0527829725776,20.3438099996449,39.5306031744631,31.4002740298533,17.5516767961683,42.0441419275944,38.2863923703766,0.112039291672732,0.0828892171859813,0.0475046070602392,0.109903139438333,0.101974437797557,0.0978493413195314,0.0733395002334357,0.0368664618775994,0.102759511957477,0.0914742573408459,0.104770555932911,0.0765131205533304,0.0384114239374507,0.107172986143158,0.0954806208996897,0.106161877855065,0.0752799913341088,0.039578533196752,0.105600499112401,0.0951822923832126,0.107307579215993,0.0733151162850874,0.0354631520876388,0.105063977497173,0.0939160082929476,0.0973532178213199,0.0794766057203934,0.0450159042253899,0.106483249803742,0.0987769885220893,0.1043935955066,0.0763304780062625,0.0411046653719586,0.105042953993058,0.095025582345429
frank,200,950,2.37192951891445,0.25,16.6402509220146,30.2251775074348,24.8485838824053,34.7142257736814,30.8949073390022,9.27658160287295,16.034420469793,13.3598521967203,18.267839518881,16.3680511290617,14.2441131428526,30.2288247391777,25.3893332846364,34.6667692670744,29.8233031782218,0.0465954169977344,0.0787089073742214,0.066146215212088,0.0862875771998276,0.081557776918826,0.042308097886463,0.079475754824617,0.0661394052648525,0.0891733225936961,0.0798212316862084,0.0393413426539521,0.0746293085810729,0.0605432385372297,0.0854065734341596,0.0744138214859376,0.0420662979675647,0.0764141146699894,0.0623755451609471,0.0880487017021667,0.077238162275457,0.0400337842074048,0.0741866103739634,0.0597914761844479,0.0857902514812874,0.07479841361107,0.045695184412455,0.0774922163246194,0.0641579387493456,0.0891917420446946,0.0810117308091402,0.0397187922166426,0.0740306877361646,0.0601471419561518,0.0853430599646196,0.0745341551063816
frank,200,951,2.37192951891445,0.25,16.2039088059772,23.3036303250133,17.2719560990122,29.6401383311488,26.8234301733373,9.05892305576522,12.590788556452,9.59010658656399,15.7435646032101,14.3423550440349,14.9743291419697,23.7888026927388,18.1076896423441,29.5762377451557,26.5472394833667,0.0443164227299143,0.062838497749153,0.0452236791766044,0.0790223818886673,0.07205199483293,0.0390080136116408,0.0593507249746395,0.0456539295828923,0.0735913078963662,0.0662783046496582,0.0389236360291103,0.0565475527524036,0.0413102058347043,0.0720876963811365,0.0639226936314429,0.041178015959678,0.0585657431437345,0.042462119394852,0.0738223400625064,0.0669474815283692,0.0428212978144554,0.0611302601322955,0.0452567073310183,0.0769894361285917,0.0698720494265682,0.0452052929967472,0.0601104807315919,0.0463712368431566,0.0726062231167954,0.0693462003232664,0.0404978111379309,0.0588879218848642,0.0434674137979692,0.0741807926199363,0.0670145359708352
frank,200,952,2.37192951891445,0.25,17.2091119973332,14.8676994438075,8.30064532710863,21.2845596580892,19.0030173947978,9.55928837806791,8.39443801143075,5.12755221392828,11.5866753620375,10.4519414276381,15.5741196845173,15.0632424298711,8.61245554587909,21.2367129806416,18.744518845007,0.0317436274773212,0.0289624857108111,0.0108662945599182,0.0493485511617809,0.044963949974144,0.0429243291752153,0.0344223097668929,0.0127787265697742,0.0554935896299696,0.0467918486481596,0.0459346829765117,0.0392555175486357,0.0211979554544836,0.0556970860166753,0.0493964922644493,0.0407470997771926,0.0348931417152437,0.0174615096228669,0.052010196112779,0.0451412600826948,0.0409997195328347,0.0366667559135717,0.0209082389995238,0.0519751855225922,0.0457973989238159,0.027127171626575,0.0132973456217228,-0.00763986693015521,0.0329500766269091,0.0145859242087016,0.043412170041336,0.0367023700656616,0.0193593437923055,0.0536167184768147,0.0471309530379841
frank,200,953,2.37192951891445,0.25,13.7437831092117,15.8808071779474,9.80876079361218,25.3958828275533,20.8156258178158,7.83522367813595,8.89828409129986,5.87797783391791,13.6318100195097,11.3532757598116,12.0236082441724,16.0717099191484,10.2498321538095,25.5201263024167,20.4467962967141,0.0337914845270424,0.00994535321583425,-0.0223391746988747,0.055516604452421,0.0489900621253321,0.0373133735871191,0.044126532253538,0.0290234595067141,0.0682417192508932,0.0566137147941872,0.0230665369326729,0.0357967687734939,0.019282324410015,0.0601132203283417,0.048002751026104,0.0331975931229742,0.0399711419135315,0.0236644601107631,0.0641544697505472,0.0527126244740927,0.0332665895327675,0.0396846362882967,0.0248872102132321,0.063433373092529,0.0516445065420628,0.0393430571729339,0.0405183142031695,0.0230125445324169,0.0660907786365349,0.0530514644137167,0.0330617059739844,0.0387299895331773,0.022561391796629,0.0629153949070127,0.0508234627966652
frank,200,954,2.37192951891445,0.25,31.7765323906239,18.4552470453586,7.02864726971847,33.0335701665865,28.1308919043345,16.8061611202151,10.1795630528565,4.49522431308989,17.4320163782095,14.9929529696621,29.5605462187944,18.7822787263957,7.19259524907817,32.9025058757398,28.2629994758195,0.0844157683138903,0.0421653416474645,0.0158736839364649,0.0804387909251717,0.0681119350098084,0.0770618240248164,0.0469096096172766,0.0161705449259026,0.08354091554296,0.0703883178526052,0.0821482546256192,0.042613552288,0.0111405198321392,0.083810550024672,0.0709707225241524,0.0788525652135131,0.043439104475776,0.0136293385071844,0.0806572435118781,0.0683096179275324,0.0782172292197227,0.0430063641397955,0.0149262044786411,0.0792179104120678,0.0659088159571769,0.084304775363913,0.0511070598454955,0.0223895433465493,0.0873181686084901,0.0753267936158341,0.0793197063720777,0.0460085685013787,0.0167176646443566,0.0825254822361959,0.0702993145287622
frank,200,955,2.37192951891445,0.25,2.42885771626085,9.87395703105807,9.03695094797576,8.45691207237239,6.66161070794985,2.20672389331919,5.91033532377693,5.4942368049655,5.20516275764536,4.31216537079432,1.29957080458998,9.44971151757387,8.84961261998729,8.1997856748942,6.01761138324758,0.0110014737319488,0.0277046108519305,0.0250848177845028,0.0249929419436289,0.0192250605212468,0.00046290164245588,0.0205296121466191,0.0208572668560772,0.0133457272083794,0.00902721707518046,0.00236352212255587,0.016734105635774,0.0100625697473541,0.0172124207239508,0.0122199711304488,0.00511829058157285,0.0257376145666091,0.0233015489474271,0.0216510102736364,0.0175147786754318,0.00304737694079858,0.0230108742493047,0.019902234837502,0.0184354497190694,0.0148013532677734,0.00328216343768113,0.0287115191662963,0.0223789532798904,0.0261106080734733,0.0203527253853384,0.00392534184962919,0.0240818961218894,0.021335784255661,0.0206566917350503,0.0159256132296746
frank,200,956,2.37192951891445,0.25,14.2423805692565,21.2556003192941,15.6051155617689,29.525099910394,23.67543814366,8.08413852414332,11.5723611948031,8.7615428282404,15.6865924667633,12.7762638723409,11.8491045878502,21.2667410635914,16.1707518441063,29.2525495401034,22.9513570880875,0.0322448161179281,0.0448788493117049,0.0131229266559996,0.07734938245177,0.0633770175759414,0.0285006379252198,0.0551469739744729,0.0407839391383821,0.0749113782091655,0.0604607144269384,0.0349049032419746,0.0529273650159755,0.0379705257567431,0.0755212236616683,0.0608953235025237,0.0342433019423556,0.054786811616902,0.0400467157119711,0.0748385714413614,0.0598539902361167,0.0329344366798596,0.0508989194106928,0.0366855153084141,0.069953970946105,0.0567210493328235,0.0308563455112154,0.0522347309968489,0.0401416205140963,0.0722189466634417,0.054519972564857,0.0344073832371631,0.0528960558374334,0.0380234441908081,0.0733634050988507,0.059049663398305
frank,200,957,2.37192951891445,0.25,17.7230950744381,33.2436565547857,28.0240647846383,33.66203098841,28.0941679735301,9.81583654267116,17.5366557918376,14.9400600275475,17.744718915672,14.975922964268,14.8875729625587,32.8577825381114,28.3076095760171,33.4117152527972,26.0862314753785,0.0492108468057778,0.0878876422020469,0.0748059895963203,0.0888667018692306,0.0742895947372858,0.0345029388837384,0.0851149288057755,0.071788458934773,0.0845825637021803,0.0683178036613346,0.0472355548580454,0.0846013777085532,0.0695546172632803,0.0867536501358471,0.0719078148319604,0.043378256627862,0.0825757658161366,0.0684602233642463,0.0842923021651821,0.0685210852417231,0.0414632688184702,0.0800719594936828,0.0667552749911949,0.0818598067651221,0.066956183736776,0.0311059622506816,0.0498161646333915,0.0400056597621261,0.0523704485017626,0.0207478336702203,0.0420208176484392,0.0820792768316453,0.0683593304186704,0.0834501991671181,0.0665055063154115
frank,200,958,2.37192951891445,0.25,34.4855497590095,42.4471101912276,32.9927262847012,43.1470205778068,41.4844613868416,18.1554456328962,22.1155622736209,17.4123683982689,22.4633608467923,21.6373048234926,31.11620448815,42.3935657862625,33.0705151116438,42.9435739938728,40.2302556064027,0.0777674191242265,0.111100095977683,0.0874240516715002,0.110601809938908,0.104182957768667,0.0773032769497726,0.104928136478132,0.0829733443879954,0.107710669527686,0.0991933622169238,0.0868588001828449,0.105487500280429,0.0775046082525003,0.109591684321886,0.103176830021156,0.0842845257659705,0.105603803389871,0.0817806351477534,0.107613015324637,0.101969948752249,0.0848135209424761,0.103881142410663,0.0791730958782653,0.107448760192358,0.100103420244952,0.0912127883090066,0.109585003103204,0.085040654185925,0.111347901399708,0.107676597451644,0.0841288873018246,0.104301490794875,0.0789967340269754,0.107307405824819,0.101403817326345
frank,200,959,2.37192951891445,0.25,27.4393796058868,37.3699458934631,28.2794118993466,45.9784856370944,39.6567556378503,14.6493483824317,19.5893242500631,15.0672282749595,23.8719191750917,20.7273757673709,24.1539777487901,37.3600106357468,28.8425156470457,45.8807859891974,38.4548208447416,0.0659425212156392,0.0983834001864512,0.0753773729192483,0.117406429203319,0.100453938928427,0.0639008133534475,0.0941500440976017,0.0702195867909712,0.117150280659159,0.0990439310212313,0.068937463514443,0.095808858135594,0.0724909422109585,0.116685395025491,0.10012378277496,0.0654014854314065,0.0943341675689793,0.0705357305753389,0.116048790792667,0.0987709263315809,0.0705911782385684,0.091405213267073,0.064474131514173,0.117084082922077,0.0991180061193585,0.073585628253226,0.0898032291170195,0.0562880297682519,0.119689746322323,0.103261705031049,0.0662242935966174,0.0927792697247541,0.069332015813201,0.114589936210055,0.0976092056542566
frank,200,960,2.37192951891445,0.25,14.8930568647992,33.4867271338163,30.2562905041305,31.6936762337741,30.2226627139638,8.40697783022861,17.6572412363056,16.050581033403,16.7650864857735,16.0336526516522,13.0813225950154,33.2538561513673,30.4641995324471,31.6164817197732,29.2299989937187,0.032724827552013,0.07609472716212,0.0714299530198566,0.057817226694009,0.0608666016047216,0.032959909895804,0.0751236418098897,0.0668114502536952,0.0695809980131519,0.0645296600848275,0.0382809329624099,0.0863833262512765,0.0777997646968713,0.0820246183531656,0.07736429710911,0.0382849382674171,0.0840661936148415,0.0742312846669166,0.0804516739897378,0.0758933555922652,0.0381475024668025,0.0825528962850571,0.0733573175812429,0.0790635195313648,0.0734980605295475,0.0411823277593345,0.0853691395552613,0.0752615230774201,0.0841382069281281,0.0753713049683184,0.035996761050925,0.0831474045181653,0.0739760297280815,0.0790032320673356,0.0743261516451273
frank,200,961,2.37192951891445,0.25,12.6670190903171,14.9421040777092,10.580481251414,15.846204794261,15.4562068372719,7.30030716033204,8.43130476038734,6.26113628496841,8.88148433430985,8.68771510115516,10.7488618009326,14.9670607630616,11.0528049522712,15.4979705293013,14.4867180937499,0.033396437855588,0.0395914611360271,0.0250006622477237,0.0445978717588148,0.0436405046352846,0.0344724323050784,0.0397134903253865,0.0275952573567367,0.0439189420331327,0.0423029434015207,0.0334257064342898,0.0403979803180681,0.0287564419835109,0.0424142472789271,0.041543507976575,0.0289093109916277,0.0369397983927516,0.026874749452949,0.0381409151100189,0.0366765935831757,0.0311938446483538,0.0396619843020839,0.0288258825638522,0.0417782551963253,0.0402654291606339,0.0364692439950161,0.0417789779277193,0.0307482085337076,0.0428353199670967,0.0436375099741547,0.0305714468387981,0.0365126238516969,0.0258920890508232,0.0381139668650409,0.0371097805144036
frank,200,962,2.37192951891445,0.25,7.15989602592047,13.1263453162039,10.224500340661,15.2235582510806,13.2323051285557,4.56002759926205,7.52786342600852,6.08433641974162,8.5711964922214,7.58122154167873,5.9098291785386,13.2421516956533,10.7702865131686,15.2147547456213,12.4501634602216,-0.0101163341893174,0.0168408407301164,0.0143017757544595,0.0300522068132867,0.00937628424793445,0.0183878897007807,0.0354748250115614,0.0279105957099568,0.0416441633507545,0.0332273625027438,0.0189614664173767,0.0342571687670768,0.0262289638443096,0.0402588818806228,0.0345528443885355,0.0163439779115038,0.0329613670576764,0.0257539128774442,0.0377315965153496,0.0324618494817576,0.0134969313031103,0.0249205284271973,0.0172579114296396,0.0320051687014257,0.0222848214439048,0.0228834469498337,0.0356902391927167,0.0291292014398008,0.0398231852074452,0.0380405801507169,0.0168587045363886,0.0332096125507258,0.0260267692290146,0.0384940832137922,0.0316031184386631
frank,200,963,2.37192951891445,0.25,25.8339912624967,30.7932827087481,22.4486741305877,35.1135656676048,36.9329940876111,13.8498456906096,16.3169537528112,12.1658024257001,18.4664101929146,19.3714781258902,23.9608797078461,31.2823385366498,23.0885442206409,35.16852216462,36.9086651311186,0.069580677599596,0.0685332777495695,0.0486076851067657,0.0731949002024235,0.0849662722248635,0.0619572213506009,0.0760605477416106,0.0567700717603814,0.0839497404150049,0.0911715481741334,0.0662090777505135,0.077947824770085,0.0562173245501123,0.0901255352543043,0.0939216597601453,0.0640649749365268,0.0751617621180264,0.0526724132303818,0.0868308116326791,0.0902544405990921,0.0639798994668896,0.0769010459042049,0.0558572920748876,0.0871205917153896,0.090908433831639,0.0588754625944683,0.0819713718065183,0.0583976150047034,0.0890396582205383,0.0903324634645621,0.0647773226740739,0.0767161132913107,0.0550247877043574,0.0875123463104722,0.0923370581944399
frank,200,964,2.37192951891445,0.25,16.1821534344228,22.0358639888281,16.1074381839107,26.1770023409163,22.3099476434874,9.04867034189575,11.9606401474733,9.01147823689694,14.0207793543021,12.0975541674528,14.0546856915582,21.9554970189591,16.4275213634116,26.0359343787321,21.2544043895894,0.023692172281407,0.057986803593357,0.0328747102235706,0.0698843238835952,0.0601649842101752,0.0427127705352463,0.0533751229227391,0.0358563116253759,0.0655782958176737,0.0574896589852884,0.0411655565556878,0.0518514180277515,0.0349266664980019,0.0643072501464196,0.0534782490076792,0.0393707622911513,0.0536314240250457,0.0391194024688361,0.0632169313956651,0.0529660146417579,0.0304405736462132,0.0501342537150417,0.0369062915156676,0.0599801153611033,0.0465489926275982,0.0445134292738357,0.0527287248104462,0.0387991504921647,0.0614769018867537,0.0571582996598605,0.0388558946772635,0.0536961144611598,0.0385698774633821,0.0643830008312754,0.0532496690193291
frank,200,965,2.37192951891445,0.25,11.8595148427874,12.9121725296046,8.5199428627093,15.9581664440194,15.2749110502792,6.89755454995651,7.42174319712578,5.23706924205612,8.93688384791897,8.59681205262618,11.6158298640496,13.0807328469477,8.60097535338135,15.8144782476042,15.58356363891,0.0293832714946859,0.0372133514874724,0.0262148246596208,0.0426828765558168,0.0416443595213262,0.0308181329049664,0.0346408620157015,0.0227583541542606,0.0406239607952009,0.039365557648528,0.0309149444610619,0.0309421926776165,0.0190078842425356,0.0383952831868291,0.0376791143563471,0.0296114541082037,0.0321139962061907,0.0207944565368576,0.0391518648673331,0.0380535673931956,0.0234863268614833,0.0300999490672226,0.0196317810488232,0.0372633907902604,0.0350529626988487,0.0236369043409154,0.0295052535106766,-0.00575150495441267,0.0448731548332775,0.0420799188057837,0.029482320448088,0.0320489087435542,0.0203035607871559,0.0392850464192561,0.0382889252976102
frank,200,966,2.37192951891445,0.25,9.20100502070124,9.1845265627375,5.5431720355832,11.2522789640654,11.1534368895177,5.57452054108033,5.5670391070484,3.75574897582495,6.59559213868333,6.54662859020088,8.94307097923501,9.36649410218947,5.7674975718494,11.1849965379499,11.1622108008568,0.0229155278142939,0.0227978146531467,0.0158857817199679,0.027231988904046,0.028040235493505,0.0235391274261311,0.0207265814781745,0.0123521788588123,0.025792931973277,0.0253343009055352,0.0254993734724917,0.0249802538136295,0.0136995596900384,0.0310001310132229,0.0299080642791431,0.0240211779200751,0.0226248883945593,0.0133887179311366,0.0274594876500551,0.0269716155970907,0.0235599980122689,0.0207576059751635,0.0117166118563446,0.0262619609826341,0.0257774270821585,0.0261353698555314,0.0230689839695528,0.0143548523584718,0.0297586863195074,0.0301687694530763,0.023856191124316,0.0225847168302749,0.0127572745419197,0.0283862454310168,0.0274903614500839
frank,200,967,2.37192951891445,0.25,19.6439271129171,22.3732768702995,15.0855389986236,30.2892675765217,25.536439125434,10.7711240756417,12.1286976732536,8.50357727975258,16.0665216275503,13.7022221647551,17.4313954600844,22.4300043007634,15.3980513132754,30.199981907913,25.152243090946,0.0516983363627101,0.0548305074301978,0.0276117865758746,0.0786803244539486,0.06608388414948,0.0513436253363849,0.0558547826324316,0.0319704582816896,0.0783496232291043,0.0663064403545457,0.0479201130499305,0.0480552795640154,0.0253445133152187,0.0731900390359089,0.0604492597593883,0.0451025903313446,0.0555651213101443,0.0347528179131154,0.0769194861277905,0.0641583971945048,0.0477019978243607,0.0523945769632592,0.0317533653736819,0.0745273999268495,0.0610548281998428,0.0523313426315941,0.0607318196358162,0.0427023091240756,0.0806073270682548,0.0673700456641376,0.0475098743326044,0.054692937006296,0.0354037692369396,0.0756204347388785,0.063248431976945
frank,200,968,2.37192951891445,0.25,14.0907522069388,21.0684284722131,15.6193026387127,28.6054043134509,25.1421509649165,8.00839902329115,11.4787495833643,8.76806388315492,15.2284451702161,13.5059475316063,11.916460285663,21.4116101591177,16.5040622141228,28.7667553024972,24.1879584919289,0.040060121017661,0.0576687121178688,0.0439361064049358,0.0756429301268694,0.0678013956970806,0.0380299422701424,0.0551186085411535,0.0399449953858692,0.0749033097698695,0.0655334602574614,0.0350033947421413,0.0546251426341426,0.0406508677859726,0.0714542165580753,0.0626290560348931,0.0320768501015995,0.0518092076505191,0.0383018830248271,0.0704008880443915,0.0605235940994446,0.0320721323176619,0.053560304695346,0.0395603952740056,0.0713582686520027,0.0618715669936868,0.0402094407377434,0.0470894086233812,0.0247527161543463,0.0750338640679833,0.0636736082584345,0.0345999440822964,0.0542483767650308,0.0398216224883448,0.0729454948558746,0.0635730237729872
frank,200,969,2.37192951891445,0.25,14.7214022083738,14.0706766240542,7.72826523907637,23.7111967832662,23.0298453149758,8.32123935527649,7.99715490429911,4.84223932571017,12.7932283097047,12.4542338035935,13.4444810469749,14.7263268672363,8.47260596360401,24.1480752048578,23.1827447883438,0.0306095653808488,0.0203074351649387,-0.00350710739841363,0.059980727664978,0.0496049166468623,0.0311613912560142,0.0352011218156607,0.0107786640545767,0.0613013609722217,0.0600514522909949,0.0406544832259679,0.0385405778223444,0.0216123970363666,0.0622431094232081,0.0616673066788715,0.0381622493829424,0.035080863991756,0.018288219555335,0.059900420011097,0.0583882636247675,0.0352963941752387,0.0350819555392622,0.0199672884592993,0.0587597836561065,0.0567570226209081,0.0321620475887487,0.0240077787586489,0.00631734303157468,0.0546390896657579,0.0512890925472317,0.0371758313509487,0.0356198593401426,0.0180894140467361,0.0604104010144347,0.0587989567698531
frank,200,970,2.37192951891445,0.25,8.95224800436917,29.1660531588886,28.6474715255902,22.7014703927357,24.5998022448089,5.45088169609449,15.5074170608091,15.2498311331818,12.2912495991453,13.2357777752093,8.14417832681552,29.1422933539638,28.9417094700639,22.829607886717,24.1393564625595,0.0256237732046839,0.0592173831543934,0.0492485358498789,0.050613556601066,0.0536446814898894,0.020112568778264,0.0696832360354541,0.0694217719585487,0.0550244100689978,0.0524801056617996,0.0249495949209343,0.0743016335978098,0.0706266463221588,0.0597279633214091,0.0632112629587374,0.0236837310069513,0.0736146542793099,0.0709924643011607,0.0573776064696135,0.0628552055285631,0.0235598265801536,0.0755451796188179,0.0730714035576754,0.0595530542649546,0.0641336487355356,0.0171947852122615,0.07327724702808,0.0738409909830344,0.055491328136234,0.0594336429956398,0.0227994517754861,0.0734115829082258,0.0709928189459672,0.0575854410754932,0.061978788285224
frank,200,971,2.37192951891445,0.25,25.9079768700865,24.8209465611028,15.5006544598477,34.2675135737951,31.35069377247,13.8869152935443,13.3461479352728,8.70966488703828,18.0456958602249,16.5947148308895,23.9658127285096,25.2930242602617,16.1299918229551,34.2009234313607,31.3597134594338,0.0635935242755586,0.0653427178115027,0.0425619415894554,0.0906322551120311,0.0801252191633462,0.0593031062575166,0.0634162074567114,0.0417253890309547,0.0832877027592166,0.0773922336581091,0.0633811762508062,0.0640579059005867,0.0416581874129372,0.0839677358171753,0.0790335631317938,0.0642673981602213,0.0622659924075921,0.0383766248161371,0.0858574184406849,0.0779400872208918,0.0634415897110602,0.0630212501753379,0.0397384316666266,0.0856538854981976,0.0777552921051793,0.0689715973426447,0.056253804092125,0.0269632926068455,0.0895764661952288,0.0776027094753515,0.0641954295300854,0.0600916507674627,0.0354680422878623,0.0846159065189346,0.0769896167692034
frank,200,972,2.37192951891445,0.25,14.2162247872817,16.2191694382566,10.4154335318689,23.201427827085,21.7049827034222,8.07051165665119,9.06630934176988,6.17919160043178,12.5400989768608,11.7954838359625,12.7370512445691,16.5962541641012,10.9761074928791,23.3098564255418,21.6361743724858,0.030744318930974,0.0396927991449547,0.0274258204732613,0.0599772371880945,0.0511797968824131,0.0326843762440751,0.0346628129502243,0.0196043454857436,0.0531027378672566,0.0495062204602499,0.0370768712816628,0.0427005681423532,0.0273281377404367,0.0608132214628996,0.0566797227186552,0.0355697045394701,0.0423294171226645,0.0267785345526851,0.0596276128125657,0.0559530842076414,0.0343060568373597,0.0397050499758872,0.0263300685605147,0.0570780375876277,0.0533314377051121,0.04054052160341,0.0451986553351557,0.0301893732252496,0.0627400590460117,0.059169565596586,0.0344421045022287,0.0414308184393969,0.0265181167482808,0.058498043099629,0.0548873395317317
frank,200,973,2.37192951891445,0.25,22.5097070549154,16.5324727918608,8.15975689591613,26.6524747775941,21.9086529325362,12.1965005347412,9.22285033080942,5.05762717467795,14.2572922242715,11.897999333546,21.4987733881159,16.9745447038383,8.58791163896522,26.5547243030869,21.7219080745454,0.0600251927435635,0.0452746057931473,0.0212660316750082,0.071497087728786,0.0595196023592355,0.0520816330276347,0.0363763187199894,0.017465906285451,0.06430483002384,0.0468491335219324,0.055155010490286,0.0423842151489287,0.0197522514520806,0.0692124847752063,0.0552762846461205,0.0528039972777578,0.0402417916393805,0.0192974711104819,0.0655208493112272,0.0524892735988035,0.0571506913457658,0.04264699480859,0.0209945936422386,0.0677492040376284,0.0558560931120829,0.0340051300925993,0.0344076213562748,0.0177291152530853,0.0346473492477116,0.0339277587354639,0.05624883520532,0.0406251876348887,0.0189353043012483,0.0669042940985792,0.0532454592638307
frank,200,974,2.37192951891445,0.25,5.50502530791273,11.555619444377,9.85100212003613,9.45818852518715,9.95760536720201,3.73628869766307,6.74650278387088,5.89855964744418,5.7030998726274,5.95214230224261,4.87449068444869,11.5456007151728,10.1038719802326,9.31809800244557,9.16928261821444,0.0160236449621017,0.0335683029531806,0.0280909577231058,0.0276227942515844,0.0291638380774981,0.0139891307588267,0.0285440929130703,0.0249525723245967,0.0220264624781431,0.0231764832109983,0.014934320651185,0.0295376129057613,0.0250856610471607,0.0234780609390836,0.0238568121989525,0.012028275421398,0.0281153573376803,0.0236206041759909,0.0224244882683814,0.0224326790885382,0.0159718796271833,0.0311836864357439,0.0269595239348225,0.0251453374841055,0.0253110543092057,-0.0134591237795411,0.000542293183520726,0.00537128387714225,-0.0177041880156541,-0.0211708815642878,0.0138851698203647,0.0290763486630265,0.0245070357800221,0.0239238981668762,0.0240737425907225
frank,200,975,2.37192951891445,0.25,20.4415596605105,18.3622157065567,10.7317880196042,27.0554476922878,23.1197294980876,11.1681905185318,10.1329062661302,6.3370002975459,14.4575718288696,12.5003451307374,17.78352451456,18.5888319069271,11.2460763412113,27.0711230387329,22.3102435763622,0.0222529694429762,0.0385413549481279,0.0271870790706286,0.0473056395410888,0.0373157811498368,0.0497592713254296,0.048247898392403,0.0301489986354916,0.0702020477074717,0.0586169667764803,0.0433080887808761,0.0338967504012175,0.0152619542496633,0.0556314474028481,0.041820799408047,0.051487628679751,0.0454060560446385,0.0247007531823283,0.0683953421896996,0.0571315763823494,0.040534032099481,0.0451803160642565,0.0259928946346937,0.0661371869091906,0.0521056150265685,0.0551321447122822,0.0433152602508924,0.0229575493008135,0.0642047067215818,0.0507381412570371,0.0495082274282713,0.0461583055633578,0.0267033708522794,0.0681111934129029,0.0570498838301079
frank,200,976,2.37192951891445,0.25,11.008435189721,10.0912118083479,5.94521616586334,12.9097236745152,14.828003300085,6.47430064845584,6.01770669736141,3.95516943916898,7.4201886181046,8.37414785509574,10.1175970068255,10.5234328437238,6.56745500994037,12.8269166900823,15.0984010112899,0.0291659232758673,0.0244477128383454,0.00781925215215752,0.0344152436592413,0.0381802677524477,0.0258801216534083,0.0222427649967601,0.0124166405633732,0.0276161385526255,0.0342027717540318,0.023800935014987,0.0248206338239516,0.0140765588201899,0.0331440552480763,0.0372628654736002,0.0276495313384418,0.0269635110519196,0.0162811891529439,0.0339400884829261,0.038670106122015,0.0275135435884796,0.0255697422878922,0.0145399921043457,0.0338520313822597,0.0385077143352578,0.0165712269952921,0.0185684590604539,0.0110502524855574,0.0163822794882297,0.0317745412241505,0.0270944698503049,0.0258640534202534,0.0151877823646444,0.0322344032655733,0.0380084534364824
frank,200,977,2.37192951891445,0.25,20.2906200288151,21.0047730620618,13.6330052232124,27.9776599426839,26.8436850688627,11.0923578851764,11.4473248378718,7.78017818623176,14.916288370296,14.352272841086,18.589102267825,21.4250894851387,14.1420146888596,28.0356271951129,26.8339082624048,0.0521632506621169,0.0572183694664653,0.0362801598096688,0.0748313375370813,0.0719853873818763,0.052295961009693,0.0548922017186379,0.0334430587521803,0.0741387556736126,0.0709450427259209,0.0464146229150921,0.0513915542935368,0.0325537752782787,0.0676900841704066,0.0648985863042654,0.0500316569241176,0.0521396436979041,0.0328612177601808,0.0696589461270692,0.0667203276157863,0.0481462428038143,0.0533692181557216,0.0344490439813033,0.0701299434398618,0.0676016387454923,0.0549255816834512,0.0574656018760274,0.0388184187802497,0.0749409141151568,0.0713232670361643,0.0506295716656117,0.053136695564329,0.0340047849598795,0.0706084854347983,0.0675513237400046
frank,200,978,2.37192951891445,0.25,21.2482379067755,21.6719060989367,13.9352427263195,29.4689390170253,27.1448272917308,11.5686427141906,11.7792184833574,7.93039651060976,15.6582395699159,14.5025976015273,19.4031676995615,22.1537606221473,14.7815410841699,29.4980277628197,26.5665995221315,0.0580066748342635,0.0579081781365926,0.0374850463063582,0.0784311058909026,0.072121966402773,0.0458414884910812,0.0511648901231834,0.0314663306913009,0.0727590847757392,0.0635311482655303,0.0529361498266995,0.0574848306940512,0.0376960077931554,0.0766070092183695,0.0686235362455727,0.0539049345909683,0.0523776209243058,0.0322869845886831,0.0735175530212464,0.065391884329885,0.0512780442401469,0.0534293906973536,0.0347932712497985,0.0717717671960312,0.0650181277334901,0.0388426388558035,0.0559010579455589,0.0274930340401861,0.0786380227183721,0.0727107231237263,0.0525182312787496,0.0543709652501156,0.0347438288916432,0.0737751087733499,0.0667707559705739
frank,200,979,2.37192951891445,0.25,24.1631339823223,36.0188721634941,28.0010098617542,44.9083468593985,41.0989275417396,13.0191108607194,18.9166048569424,14.9280721333362,23.3392943779116,21.4441054429217,21.5535552114633,36.3768213172903,28.974434708546,44.9623148357751,40.3241434713709,0.0600379483674658,0.0948934906136203,0.0730380337748525,0.116752442748098,0.106123335453336,0.0620992197448915,0.0934313141579593,0.0710289804157968,0.116679095845505,0.106995813630923,0.0602685147208711,0.0924297671339453,0.0728326236234405,0.112263845956465,0.103824865644957,0.0582322124272118,0.0892595133731968,0.0688889117248986,0.110506616049936,0.101391906570377,0.0599007589705256,0.0893406997022757,0.0676856291463252,0.11218770950057,0.102606385395894,0.0639380077936316,0.0934259886314288,0.0743195785742864,0.110336842047737,0.104074540334935,0.0593822004229407,0.0903603610562903,0.0696470157932981,0.112601999913897,0.102906007488216
frank,200,980,2.37192951891445,0.25,42.2626795160115,39.2206730585914,24.6687004164801,56.5194931597133,49.7590839285485,22.0248394280917,20.5097847899859,13.2704732680638,29.1157728057357,25.7534257590923,37.3175040111109,39.5988694299463,25.5661442107237,56.6695193640583,48.0420618925391,0.110367675501439,0.100430058613906,0.0623649759196734,0.1420944909931,0.125848654178492,0.0994424131025134,0.0955417783251518,0.0587290140446834,0.1399096234696,0.118060954264002,0.104899744163532,0.102096990198338,0.0643311959518518,0.1457140908115,0.127644682340597,0.104252770844705,0.0989488010997207,0.0619128589134461,0.14254094510998,0.124153581292315,0.099357512747418,0.0961841366344091,0.0596673118317866,0.141648912245392,0.121486092261999,0.107951355109529,0.0988986994050962,0.0560838371376436,0.14622524773345,0.126954840452342,0.102602324418639,0.096706596354132,0.0589324451358108,0.140993699147564,0.12201552134303
frank,200,981,2.37192951891445,0.25,17.1003314914069,9.61176794119059,3.87354960937081,14.9296131908396,15.2818013797273,9.50501664188172,5.77927781791002,2.92423913473821,8.42520374476067,8.60070790720948,16.2657447945512,10.1075925673681,4.43627172341366,14.7935296590365,15.2988169687537,0.0477351521068773,0.0285273245532996,0.0132280257784447,0.0413697828651956,0.0420019191341377,0.0422394547305808,0.026491942213874,0.0110287430770162,0.0379455373038118,0.0398722659794776,0.0438742097181719,0.0255019169942921,0.0118872466165517,0.0376658109466642,0.0387289350277466,0.0410084343430056,0.023486524761141,0.00972031591185104,0.0357144579802208,0.0355879201984053,0.04080015084159,0.0241281427754373,0.00934332574434948,0.0361300519206249,0.0373525353355518,0.0390167743194403,0.0241075789888938,0.0119514025087593,0.036870866682129,0.0310473315427422,0.0434494661679761,0.0249307975966219,0.0107551059912907,0.0377971791447031,0.037947468505594
frank,200,982,2.37192951891445,0.25,16.2085894250034,19.8996391669688,13.5507445067907,27.146960379485,22.8374424341679,9.06151587535659,10.8978359782247,7.73959484403148,14.5033849449402,12.3594670720938,14.4513232597583,20.0423014981248,14.0989981338183,26.9567434807555,22.3818674957322,0.0447974022339407,0.053931574117109,0.0387382397606325,0.0683604708328006,0.0601205864139529,0.0386141561081002,0.0467273857114042,0.0319817777443252,0.0580595668630863,0.0503725536088362,0.0414865002662566,0.050993902268604,0.0350917461989729,0.0689131727410185,0.0584947206146836,0.0379361652378909,0.0479629170069534,0.0324245522966128,0.0655939726292189,0.0542558964250631,0.0427346646662726,0.0478535702528617,0.0273902612591592,0.0692479124032289,0.0583258959361538,0.0454581642064561,0.0496772234134761,0.0332279130256827,0.0642344024308132,0.0609079381058118,0.0405152331386754,0.0498264610225114,0.0334034195709151,0.0677653006332156,0.0568075277127824
frank,200,983,2.37192951891445,0.25,7.83356151888103,15.5345623796746,12.4812739889145,18.512646162877,13.1322551318116,4.89518622467558,8.72654388920528,7.20784630558003,10.2079283393848,7.5318752555875,6.42136674584773,15.3030098758224,12.7344096587638,18.2307313217206,12.0745478390865,0.021485299929272,0.043821485292456,0.0359513854257382,0.0512661008583424,0.035333353185839,0.0186611394790509,0.0409880303670211,0.0333703300552325,0.0475004894679918,0.0318073197386343,0.0157456847209511,0.0374481548600094,0.0293811340662702,0.0435289493048868,0.0308224430244541,0.0170810970954698,0.036259960954134,0.0283325658780455,0.0449152828178121,0.0293348558153727,0.0222821364614037,0.0391965676327289,0.0289499779216102,0.0473574328381532,0.0324621562161241,0.0243948444937637,0.043403890091753,0.0354428398183588,0.0510424346024082,0.0378218344083795,0.0189867580063745,0.0372241751988248,0.028811833375963,0.0454178109610714,0.0304767941795494
frank,200,984,2.37192951891445,0.25,18.1673840855065,21.5222596193909,14.6157680856107,26.4888376005973,25.4292636524738,10.0353852182372,11.7048319969786,8.26930673547882,14.1755922592324,13.6485100933084,16.7102348919273,21.6868702138979,14.7912605214929,26.5902883716554,25.2473192909476,0.0498549432403128,0.0580681320947421,0.0402490274142262,0.0707982260343737,0.0685316088313501,0.0488335422607338,0.0492397484588527,0.0284796770940858,0.0648130088428282,0.0611020215814542,0.0468046365702249,0.0516803361006766,0.0347670014708326,0.0636175922973113,0.0614335656817791,0.0473667849201783,0.0536713877508793,0.034557991102719,0.0669141844019376,0.0638570787177677,0.044383208791638,0.0518237860968194,0.0335272027107048,0.0646202446525767,0.0621376946334336,0.0427230770569279,0.0388506293320145,0.0225937834487173,0.0558012404002307,0.046744990314207,0.0459209612111635,0.0529457838646975,0.0343819607017469,0.0661004042228874,0.0631839836958777
frank,200,985,2.37192951891445,0.25,13.1656688899096,17.9442024927806,12.5645397839315,23.0564791510781,19.1897177657466,7.54733607139665,9.92508536084023,7.24906719084429,12.4683823573444,10.5446853278269,11.8126216994079,17.88147376999,12.7180669616744,22.8865255709189,18.7826905014966,0.0329427533677285,0.0386741064165256,0.0242951858005761,0.0574010960377113,0.0457577087794621,0.0334761919441094,0.0374872785157959,0.0188025653497004,0.0531053754125139,0.0438580922891547,0.0371064490052393,0.0482198398635871,0.0340928916884911,0.0610871588719046,0.0515127224239096,0.0340284201393989,0.0440898211267767,0.029417450508907,0.0574767674288624,0.0479837239952573,0.034184616040168,0.0416650437523607,0.0262687175455598,0.0544386025957851,0.0466311127012646,0.0318736553829199,0.03794038453706,0.0244246948208657,0.0519968634407011,0.044039120222823,0.0326883341531822,0.0438074592951466,0.0297774515851786,0.0567262884320757,0.0470382641472769
frank,200,986,2.37192951891445,0.25,7.84289429578926,15.0064351970008,11.7032667906857,18.5158820036239,17.5377904870844,4.89971002405396,8.46284885233753,6.8197569569084,10.2089682910943,9.7223170955327,6.4703099573449,15.2595521870211,12.3257260308844,18.6539233812952,17.1600657181243,0.0190287579012073,0.0317256399357365,0.0194160567063415,0.0495178023782588,0.0447640034253469,0.0189619200542223,0.0361153097301454,0.0248655506125347,0.0467491376387092,0.0436153324146378,0.0182139898199285,0.0357702483793686,0.0269977046098979,0.044629990195345,0.0427511362695303,0.0199597988492001,0.0388213194489981,0.0297819067720932,0.0479815776391241,0.045185214516136,0.0192204654609939,0.0362400765545554,0.0277803143196112,0.0453261388161782,0.04228707278391,-0.0153289362843785,-0.00216371539286222,-0.00647528829338883,0.0193609224591166,0.0103390560774488,0.0197932028549874,0.0379693346374304,0.0289303670548805,0.0470814992506719,0.0446738528894408
frank,200,987,2.37192951891445,0.25,8.72875425228812,13.5438949438396,10.638652250684,12.1199348346705,13.8485809976784,5.33982443552385,7.73577307286944,6.29085963748515,7.02718682542754,7.88703239469387,8.00914660489468,13.4763197435191,10.5678841688897,12.0956751907263,13.8046707756616,0.0234478782445732,0.033017853327593,0.0156203780732339,0.0348838419056875,0.037975575339842,0.0248742706201531,0.0345650168158521,0.0244143698108017,0.0332902849367343,0.0364448080417445,0.0233893279760996,0.0372057869540415,0.0292683707938252,0.0343636951621443,0.0381175687062933,0.0206749541020989,0.0323934819597131,0.0249274612763332,0.0291660612687115,0.0334139400303542,0.0238715655294198,0.0339786387950739,0.0249276675950261,0.0311930982344153,0.0358780780984866,0.0187121620593828,0.0327717040386723,0.0266280207296519,0.0255317013869699,0.034993770434475,0.0222467287008722,0.0343299634486325,0.0263845274605486,0.0305907317438846,0.0353017792579787
frank,200,988,2.37192951891445,0.25,22.7339014174084,19.4178714853034,10.954842645205,27.6796229036774,25.30776324327,12.3075658269216,10.6582311244087,6.44833663095893,14.7681582792264,13.588230652681,20.8078437536868,19.5424428358048,11.0894315399699,27.6802276306164,25.2339586489663,0.0570567497015752,0.0447708297346716,0.0247451141324261,0.0656973021196494,0.0556216100910459,0.0523890101143372,0.0452808007862403,0.0274181641523723,0.0621932348934811,0.0566498835290993,0.059526021707493,0.0489576749300517,0.0276359178252857,0.0692046240489793,0.0644395344817724,0.0592056128648917,0.047515796441901,0.0245095075913389,0.0700618466526549,0.063879446398218,0.0494920729118073,0.0436469329558371,0.022910835862827,0.064774325827147,0.0582713347017286,0.0595116814554427,0.0529876601306792,0.0285465001513452,0.0736271110136388,0.0682641095322693,0.0568633796312175,0.0470816063536809,0.0249771855839674,0.0685887020484833,0.062175733978559
frank,200,989,2.37192951891445,0.25,11.0743487865842,20.032893136203,15.4845927002844,26.3505581289163,21.3987746051286,6.50771187642898,10.964015063728,8.7017586069556,14.1069113401546,11.6434062727508,9.01049891652637,19.9163846869266,15.7816966347516,26.3444860342237,20.733171266185,-0.00823964710493349,0.0550014486957683,0.0398024367958559,0.0647218535483794,0.0499198127942683,0.0228552042724556,0.0458747310560986,0.0351133810977921,0.0629522915798076,0.0501840742389391,0.0233458651932692,0.0490965293552983,0.0349847147505966,0.0644673038818225,0.0525487416383547,0.0255080697765597,0.0504405178950458,0.0385778430805845,0.0655643888881651,0.0532792180891711,0.0267808244921436,0.0488902802518044,0.0373932501065066,0.0644661997568177,0.0522492940827226,0.0308595549698168,0.0544565714957379,0.0427817135689468,0.0695780425213563,0.0584109895683004,0.0258595601214113,0.0499544987545215,0.0376807542086868,0.0658802879074774,0.0534373029588222
frank,200,990,2.37192951891445,0.25,10.0881756418304,13.5893506326432,8.42689539125872,23.2860848855369,18.9351981829246,6.01652436891498,7.75801628255556,5.1902950918022,12.5819413012241,10.4174330970747,8.52213497426852,13.8516070543032,8.89647189725359,23.6105409815755,18.5735454645858,0.0296454157905054,0.0335665599600017,0.0215342917463496,0.0575960817418673,0.0487840562391235,0.0186916761071982,0.0266062418312794,0.0150740878437044,0.0507035844610882,0.0398709108891652,0.0267423657902267,0.0356657693509059,0.0207810271597342,0.0597260756761495,0.0500065840450216,0.0243771595213776,0.0349212123778239,0.0208892332716759,0.0591340430125366,0.048431307768444,0.0252724737521117,0.0314671144624619,0.0165211319692328,0.0572033396348402,0.0461963254846569,0.0276372168489681,0.0389285854809681,0.0260162122657017,0.06321515441508,0.0498771196253313,0.0252306370513896,0.034630921251954,0.0204735336583461,0.0592349559539393,0.0482774643755101
frank,200,991,2.37192951891445,0.25,19.6572710227491,13.6261285302964,6.84089716703182,18.0600486864646,19.5976713770855,10.7760120052193,7.77680431063999,4.4016309725768,9.98235147258153,10.7472588236713,19.2081758235206,13.9097457068663,6.85822127436142,18.0802448131776,20.1141943428968,0.0540266888511131,0.024759298014003,0.00565644907839372,0.0450182135848933,0.0482509914053055,0.0519253508816591,0.0312315194338152,0.0119830939006611,0.0431725628393849,0.0471843224984687,0.0506988894016128,0.0319364307151696,0.015132372129112,0.0429247433571337,0.0465523504729119,0.0500334458341789,0.0314912831613036,0.0138264901360096,0.0430452608309019,0.046922082510359,0.0502875942797646,0.0338782814817507,0.0165143327056657,0.044265321822632,0.0491649806619864,0.0541241977515309,0.0377621044834016,0.0186777086906511,0.046992677032214,0.0526345535225497,0.051280801623789,0.0331848214943017,0.0151726773335057,0.0448309915980508,0.0490436375661026
frank,200,992,2.37192951891445,0.25,9.2763569285034,19.1175578793039,17.1707389809711,14.309320012746,16.1931581905836,5.61264796144464,10.5087616776555,9.54050761492148,8.1165666420006,9.05392997451596,8.61718391834361,19.0127896350079,17.2181439910874,14.137090000197,15.7955016452136,0.0269536392649871,0.0522372135171027,0.0478251153820814,0.0317538605846856,0.043529211185509,0.024670875303324,0.0465773443648516,0.0419857183347812,0.0356859938656999,0.0414709391690131,0.0230352671266588,0.0467911432858601,0.0406574266178579,0.0352053501473156,0.040761498005491,0.0227471505928708,0.047779078780245,0.0420617213980565,0.0363426785293911,0.0397456830422874,0.0210218968636211,0.0463264934141569,0.0414334126899545,0.0344170838446034,0.0393434343383318,0.0243030401413219,0.0506571107402554,0.0418084255864064,0.040424223682473,0.0450383231660036,0.0229256457182314,0.0482278461305811,0.0432886897821867,0.0358904740391338,0.0402196013856303
frank,200,993,2.37192951891445,0.25,11.1609750335306,20.023042089247,16.4459066121162,18.8247487982466,21.2448459520711,6.54962309326332,10.9586169223148,9.17912837665882,10.3627668051561,11.5665674593671,10.3570964847222,20.2963622307483,16.9769282149778,18.8420821571546,21.1430737494204,0.0281311238341116,0.0484974132183971,0.0409343053968324,0.0360054234057615,0.0505987665601915,0.0253952118963775,0.0482061751432803,0.0417195810567764,0.0404997891168558,0.0485455466499996,0.030021819990783,0.0504420631501258,0.0412540627023486,0.0463237931956987,0.0536075250846404,0.027689397943672,0.0501861712528766,0.0411139508110527,0.0462081433682063,0.0530384434471407,0.0287883757001111,0.0496925676641137,0.0399680036322371,0.0465807201813115,0.0522891912888479,0.0320390927487939,0.0411794738240829,0.0230091252278775,0.0432898583847122,0.0539567230170902,0.0286690607058518,0.0504528980271232,0.0413013060709139,0.0468990916421788,0.0532224482858546
frank,200,994,2.37192951891445,0.25,5.58473050570993,8.59581512114689,5.52633074536249,12.7153374881506,9.45553627411997,3.77640483580915,5.27395285797513,3.74699076629315,7.32333939455074,5.70248838267569,4.4129808903075,8.71749061717119,5.945025425707,12.7543602796921,8.55501726624736,0.0189180251226635,0.0249747220484109,0.0162359488343847,0.0346284028598698,0.0283882775642068,0.0165329704259411,0.0206056411872923,0.0106454968621851,0.0318140961609322,0.0221184461922129,0.0104938173939416,0.0209178957581351,0.0145004185604771,0.0303181051993778,0.0201755589151256,0.0136047485111239,0.022280849825631,0.0140017489505961,0.0326441251828851,0.022779705329157,0.0153957605324299,0.0244903354460565,0.0168697511298862,0.0338274564857298,0.0253097459955643,0.0133335087797032,0.0248244448523729,0.018583853398286,0.0318675734452692,0.0257299369641869,0.0121764726195627,0.0217357733911064,0.0142432248891685,0.0319593109803458,0.0209372283647846
frank,200,995,2.37192951891445,0.25,16.0452817849981,27.189875792822,21.2649558411883,33.5677117585844,28.7446062341646,8.9808661383601,14.5243038495134,11.5769439676918,17.6972998632375,15.298357240812,13.3658815876736,27.2017030354269,21.8465742950477,33.6728485944508,27.3718246411152,0.0450181215409735,0.0684678880245766,0.0522910189023038,0.0776549082551747,0.076486800979661,0.0288603574192903,0.0626615338551109,0.0500211514303516,0.0734820367252064,0.0609113534994726,0.034043218153442,0.0705329700941753,0.0567074416304585,0.0840363974189207,0.0710152465185641,0.0382858473463488,0.0668897288826559,0.051064920842246,0.0829167027870223,0.0702013220270129,0.0277942475443641,0.0679102122534073,0.0530676776438253,0.0829868087420781,0.0666740842098248,0.0450336214135223,0.0729729659490187,0.0576609983112202,0.0881491783761545,0.0764071979979592,0.0378873882223826,0.0677028867764046,0.0522194367368152,0.0835926558115809,0.0704190690498251
frank,200,996,2.37192951891445,0.25,5.31502279338163,4.66388714103203,1.9736474694495,8.05822747062277,7.06860741941668,3.64218228952538,3.31796993018685,1.97982560877166,5.00655269020475,4.51410475547831,4.41442630333213,4.74595239327878,2.10326798465478,8.0182606397259,7.06563772320342,0.0182838806231431,0.0110089280416456,0.00305680402179793,0.0185778500057507,0.017842027690222,0.0128311924761275,0.0128785129644498,0.00657321397351051,0.0215337027145923,0.0188737445634499,0.0158902485505134,0.0119521862671197,0.00361515385607901,0.021175488835882,0.0194053861775324,0.0129071893704287,0.0102466314136539,0.00205983329171483,0.0200913874902848,0.0176819812011087,0.011550581860002,0.0109434461163252,0.00459271756299722,0.0185154508904157,0.0165852693580127,0.00695392284454867,-0.00333760515379352,-0.00944436967676739,0.00365707787003392,0.00642615421299813,0.0129386644950271,0.0120743887034459,0.00440231873183029,0.0210393026465491,0.0186035128406885
frank,200,997,2.37192951891445,0.25,15.9190369309062,17.4071450044521,11.5047097335159,21.8172462154614,20.4603922072739,8.9174856106475,9.65752184964233,6.72111732924442,11.8516212233152,11.1771488261319,14.3870293305447,17.7020841245155,12.0317360536562,21.7897075715246,19.954755377551,0.0409475006978687,0.0472468717356408,0.0310854259476238,0.0572883869151966,0.0561400431885646,0.0378382750207595,0.0467271122834132,0.0328423939050311,0.056301534951778,0.0521593193195443,0.0334467197680721,0.0406876810882975,0.0263275070966763,0.0523250679782686,0.0435454264213122,0.0408020895931959,0.0436418665431515,0.027782984928273,0.0561905988502519,0.0514196648241073,0.040451014970243,0.0433078710984441,0.0282762496704176,0.0542732261592449,0.048969479346429,0.040720107303581,0.0459171710536825,0.0316531172763383,0.0572915815653757,0.0465969598831049,0.0395863139640502,0.044113443780294,0.0291177528977505,0.0552365219175739,0.0504772328824638
frank,200,998,2.37192951891445,0.25,33.9972232833392,44.3266797899051,33.3742759847728,51.5234090492868,52.0787537682203,17.9112874450881,23.0496701991233,17.6013497543462,26.6300463054617,26.906219230206,30.7096303172214,44.6399100270372,33.967528799294,51.7520033506029,51.4849315787391,0.0899544020198172,0.109272077380419,0.0799088631945482,0.130374711937121,0.132782475564922,0.0821173059771789,0.112479793350804,0.0849526651536437,0.128009774450491,0.130140150612184,0.0782472835960832,0.108791327868111,0.0828524986438618,0.12252626247575,0.125449978029241,0.085215581295781,0.110098360711689,0.08115164432252,0.128876198419402,0.131111267082127,0.0829342478001104,0.111826566027306,0.0843848296666604,0.128061892316592,0.130815972304207,0.0231007428547301,0.0835558939555843,0.0716085013539869,0.0913626551046991,0.0916428501280545,0.0847980667827822,0.111170166044177,0.0825435803592221,0.12929721843939,0.131091714369106
frank,200,999,2.37192951891445,0.25,21.2313916745297,17.8187640385964,10.1472859447327,25.2714301246726,24.8909551907032,11.5603682089942,9.86231411025273,6.04589236055073,13.5701204120272,13.3806734962414,19.9918356000527,18.3185097189924,10.6908156816731,25.2157951765067,25.2358892158912,0.0497918527452862,0.0454141759237754,0.028399997073803,0.0626413202467864,0.0632535839744269,0.0551433505050204,0.0446358840700611,0.025801314647726,0.0646248890877377,0.0629925071976912,0.0427039394488722,0.0413382182734149,0.0223521429395751,0.0587950602334518,0.0575863311567943,0.0509586951242698,0.0440626687521013,0.0252995702038846,0.0608567067644147,0.060759268849202,0.0488840427618811,0.0444933442404931,0.0243656758714288,0.0621985963264844,0.0621028856669717,0.0319751505906662,0.0490942289500816,0.0294691909565748,0.0627473254672554,0.0624769671018581,0.0519418429998737,0.0443797316665413,0.0248503950110045,0.0626389165077041,0.0619024949551797
frank,200,1000,2.37192951891445,0.25,30.0986023706344,18.3532472289349,8.1455732046782,30.052350894617,27.2846520051306,15.9718024214591,10.1284142125713,5.05015213505264,15.9485573243713,14.5724550609092,30.0446971757652,19.2438576975916,8.86314430430078,30.070511052153,27.5390860782418,0.0513541383767372,0.0483247390761447,0.0239270182443607,0.0755565762874058,0.0720488723085429,0.0729382398017378,0.0471842864649541,0.0214753951368663,0.0772830952025094,0.0652184327310316,0.0735073046188434,0.0445327801911705,0.0186726806027487,0.0746544897203333,0.0659673515547352,0.0742088323438164,0.0444859148506462,0.0188983325507964,0.0747017637553731,0.0651352505046482,0.0714190702763152,0.0431097418777725,0.0169970866822464,0.0732709306839858,0.0632467526269424,0.080142546445544,0.0468207309187883,0.0203950036233761,0.0797261416945798,0.0695482395951272,0.0750277850929096,0.0455307044067283,0.0198278637764696,0.074940034746422,0.0666699277012401
