cop_name,sample_size,iteration,true_param,true_tau,AIC_clayton,AIC_gumbel,AIC_joe,AIC_frank,AIC_gaussian,xv1_clayton,xv1_gumbel,xv1_joe,xv1_frank,xv1_gaussian,xv_CIC_clayton,xv_CIC_gumbel,xv_CIC_joe,xv_CIC_frank,xv_CIC_gaussian,xvK_2_clayton,xvK_2_gumbel,xvK_2_joe,xvK_2_frank,xvK_2_gaussian,xvK_5_clayton,xvK_5_gumbel,xvK_5_joe,xvK_5_frank,xvK_5_gaussian,xvK_10_clayton,xvK_10_gumbel,xvK_10_joe,xvK_10_frank,xvK_10_gaussian,xvK_n:logn_clayton,xvK_n:logn_gumbel,xvK_n:logn_joe,xvK_n:logn_frank,xvK_n:logn_gaussian,xvK_n05_clayton,xvK_n05_gumbel,xvK_n05_joe,xvK_n05_frank,xvK_n05_gaussian,xvK_n05:logn_clayton,xvK_n05:logn_gumbel,xvK_n05:logn_joe,xvK_n05:logn_frank,xvK_n05:logn_gaussian,xvK_n:2_clayton,xvK_n:2_gumbel,xvK_n:2_joe,xvK_n:2_frank,xvK_n:2_gaussian
gaussian,400,1,0.38268343236509,0.25,36.1527480926961,55.1360643915402,44.6621100043489,51.477230706557,56.9255057383027,19.030050769768,28.4977473495766,23.2738573188082,26.6730539128091,29.390522839269,34.0397248682454,55.4719620182259,45.3249017577385,51.3860627179923,56.271523503815,0.0464982954149243,0.0706296591814076,0.057917107464479,0.0652602692840465,0.0701949502935234,0.0452132228498996,0.0697852433052688,0.0568815642698073,0.0625229291640887,0.0716381736770527,0.044556055442641,0.0684985286917388,0.0550788076125717,0.0633815636249155,0.0704949981918659,0.0453827543406769,0.0694777878200213,0.0563853073014261,0.0647162321977692,0.0711809671852215,0.0436649139543141,0.0674097760948181,0.054667123698242,0.0619731960862892,0.0682709062619138,0.041288468681239,0.0651345361380188,0.0528915490909263,0.0608427336928546,0.0640576794625352,0.0450527364787078,0.0691647858563038,0.0561708408661007,0.064133535838394,0.070811374614107
gaussian,400,2,0.38268343236509,0.25,38.0943082510512,21.7777606677859,10.3498985159465,28.2635240088868,33.8379533405586,19.9982797898461,11.8604737862419,6.1608479287875,15.0951812632219,17.8755251626491,37.502853136253,22.348263681622,10.7259180510872,28.2521777550267,34.4032248219963,0.0436332799798544,0.0291729971706383,0.015434072118742,0.0321689359161246,0.0417113503498455,0.0445472043793588,0.0270803433172111,0.0122121774901209,0.0354166838184608,0.0416573861435369,0.0463593058108836,0.028296723944988,0.0140408121658579,0.0355090681286745,0.0428204053542024,0.0478631823808948,0.0272915050147524,0.0125914787634058,0.035527123427879,0.0423736395246973,0.0484628307116277,0.0272771158900802,0.0127394411270706,0.0360383063027501,0.0427182915460442,0.0473909231620173,0.0290922388006235,0.0150288780993278,0.037001839163605,0.0432741475146404,0.0475115413580606,0.0272006179619567,0.0127472402521972,0.0354070611562405,0.0422308888106814
gaussian,400,3,0.38268343236509,0.25,57.4602700493358,49.0996239527383,30.9501231322966,57.3261578230381,64.4025813644359,29.6569918344463,25.4871940291953,16.4352376456831,29.5901510499043,33.1195596703072,56.0388480220683,49.9061650604006,31.5477615962934,57.3358697376941,65.000070165975,0.0689228090107265,0.0635943706144401,0.0409234230396112,0.0739228745700635,0.0827452095378712,0.0719085113116506,0.0597491058053503,0.0361052574668469,0.0713875447123095,0.0798600144565888,0.0733143485803883,0.0630338269726878,0.0397913645835294,0.0731357103253345,0.0819671454315888,0.0719341050441009,0.0614266179280187,0.0386836460114821,0.0715722187005289,0.0802289890867806,0.07223924201856,0.0615357317416334,0.0386815372255683,0.0718296496835115,0.0803337008925207,0.0625433292281644,0.0616801086694688,0.0392938787616409,0.0688190147379245,0.0780722239404919,0.071995341749479,0.0612073509432897,0.0382918128271946,0.0716705202431222,0.0802996801345558
gaussian,400,4,0.38268343236509,0.25,41.0491594492207,46.4239951299333,32.7682106607352,53.861822272439,58.8195401347907,21.4719407221603,24.1526042875439,17.3419455096557,27.8621997139769,30.3348492202849,39.3067284629721,47.0283889895582,33.4167820701575,54.026565343274,59.0229100181944,0.0301500272677895,0.0527212983853702,0.0408548580686016,0.0595266519514068,0.0604129922148195,0.0506396412967427,0.0583166194642092,0.0421278961209753,0.0676148671253356,0.073666691370949,0.0518042433164361,0.0567583755708406,0.0387576715431516,0.067342207011102,0.0727564395408577,0.0505377654754178,0.0582859981935558,0.0411739567931567,0.0672797575005624,0.073433904296521,0.0498229715040774,0.0586638858876704,0.0414900430170947,0.0672555478920275,0.0735936548591318,0.0513477995744564,0.0574608763028669,0.0378278753961757,0.0689170557086965,0.07368131198985,0.0513176034876066,0.0581703131536586,0.0408776201391573,0.0674439916135349,0.0735746449903187
gaussian,400,5,0.38268343236509,0.25,39.6735434762198,69.7359329932628,58.9993196782385,67.9734345604314,72.1965871621067,20.7860320922105,35.7793838252948,30.4245999838446,34.9004578270823,37.0067640685587,37.3111368547407,70.0924352384817,59.7653099722125,67.9930176691896,71.611126052142,0.0390918883293174,0.0806562816482455,0.0690929802539882,0.0807541856310963,0.0833095123452475,0.0503358271871488,0.0886393556815212,0.0752320378050483,0.0867358601825815,0.0918506950952408,0.0494918614475726,0.0882627912830462,0.0736894652006376,0.086160433083518,0.0909293733600143,0.0489195021800531,0.0869794694291601,0.0733260755529466,0.0846426869001825,0.0898516329209615,0.0486317710009343,0.0881541224194406,0.0750999367375932,0.0849321032839418,0.0902418705937156,0.047261442618342,0.082841171025295,0.0697137592930344,0.0828361248186761,0.0883930677170374,0.0495189602888724,0.0874115988691234,0.0737239768157351,0.0849311231348324,0.0902687601238246
gaussian,400,6,0.38268343236509,0.25,44.8195525574941,41.8166581273939,25.348231766551,61.1152268504742,53.5922794028501,23.3528318569863,21.8548768632533,13.6413148917955,31.4800421101982,27.7281891028545,43.5205149163095,42.5230210255084,26.0508888380913,61.031386361632,53.6417076715325,0.0543382842113636,0.0504343183222722,0.0328776136490439,0.0724930412883048,0.0629382718565324,0.0564552585110278,0.0512822735567542,0.0293758648282364,0.0775613722185134,0.0667433145064042,0.056712114191448,0.0539994520697777,0.0325183465243684,0.0779951599372425,0.0689559452482748,0.0551513967211226,0.0519508332350796,0.0313559028584509,0.0756449476186018,0.0660358313038991,0.0567220401841919,0.0528307996234846,0.031742446578913,0.0773738009824131,0.0676014523240095,0.0578883026388446,0.0541970920191106,0.0335920371188122,0.0785238687298132,0.0682729385763347,0.0550918128562309,0.0519512860055262,0.0313023449834988,0.0760855275256614,0.0662221525507932
gaussian,400,7,0.38268343236509,0.25,48.3840084250647,47.1762476677577,31.7616641320438,53.6148624605484,57.6889880560672,25.130366004723,24.5279661106015,16.8400896570494,27.7391504595797,29.7711918797144,46.8281228471225,47.7280381916036,32.2201498567523,53.6112638918216,57.8963239529505,0.0571055863949897,0.0430960635400771,0.0278779025104468,0.0545314851238221,0.0618599664334669,0.0571339174504931,0.0444805796589834,0.0241249187604937,0.0522937387884628,0.057894660543443,0.0587099773120403,0.0562862850746098,0.0371333668597464,0.0644103692785558,0.0698201079710513,0.0605014887442824,0.059026137850482,0.039564423642908,0.0671487649114356,0.0722590470218167,0.0601005059778076,0.0593826983404915,0.0401495013091259,0.0670261684826276,0.0723541128058864,0.0550917660322017,0.0585517048432297,0.0391347683192384,0.0671488542718587,0.0710326707108576,0.0602387616828741,0.0586361750566889,0.0392812945662038,0.0668656996734487,0.0717194468130295
gaussian,400,8,0.38268343236509,0.25,66.6061063249662,55.733890527553,34.0146927798068,71.7018235711039,75.994875845018,34.2185746987977,28.7960132992787,17.9637303272887,36.759924385616,38.9011443396952,64.4670297776275,56.5928523733778,34.7126076002114,71.8428486752008,76.3205558727977,0.0823815960697804,0.0709904531657479,0.0447191312702227,0.0893106427304377,0.0941222266792903,0.0849956237585041,0.0696955501532443,0.0425022619915368,0.0901541373610255,0.0963113565054774,0.0823658145816554,0.069702260591521,0.0429699395488171,0.0890807779205237,0.0940444698032885,0.0833219060892889,0.0699362792091678,0.0423252719300725,0.0902080872073852,0.0952024518466605,0.0827705000261312,0.0674196726188596,0.0394657464741102,0.0879078718749169,0.0928920618382541,0.085727908811395,0.0718868922809618,0.0446143692445483,0.0920965064227753,0.0973785176290515,0.0831300699915929,0.0692938682037382,0.041722181154165,0.0896567161339077,0.0948030185101553
gaussian,400,9,0.38268343236509,0.25,28.4756213191927,31.1261186258402,21.8488986870242,34.1847147951427,38.6056290095304,15.201092646626,16.5227784426832,11.8957297993428,18.0483869822563,20.253377399637,27.8380834564789,31.7800654430359,22.5561940017609,34.1440988415269,38.8361348342174,0.0378791908620631,0.0395273861231443,0.0281090399967282,0.0435783256985694,0.0480552916596914,0.0351828349575981,0.040520341812929,0.0288342808766367,0.0435264492203532,0.0491399561270485,0.0345382179996171,0.0402730848097926,0.0289915604347206,0.0430302076026849,0.0477529791596643,0.0353857163446858,0.0392039544661787,0.0274907689244687,0.0427641736996784,0.0480936335315161,0.0357656254162995,0.0391945908314865,0.0274244321267311,0.0434284644128783,0.0485924356818242,0.0361874548930982,0.041383598688949,0.0294678141430677,0.0451772983533737,0.0507523325427043,0.035170318148496,0.0392873535622391,0.0277516762765282,0.0428854625232498,0.0481767944202764
gaussian,400,10,0.38268343236509,0.25,61.1621461664015,52.1898668868073,34.4533824357683,52.4110276031235,63.811074025021,31.5035569619827,27.0284722531048,18.1824106892928,27.1388001119376,32.8246285190922,58.8031802288197,52.7479830291529,34.9332323733972,52.3186456602428,63.8249959330007,0.0768041932989851,0.0673638293614178,0.0451237250182105,0.0679977079706116,0.0822459713759261,0.0781408277675179,0.0656724975895835,0.0430846338395775,0.065714008217249,0.0806071120458208,0.0762444577876164,0.0656826697070076,0.0432224728533272,0.0659984889213863,0.0798292317301399,0.0760071338786872,0.0647584679832577,0.0427584478756741,0.0650378681602319,0.0788459188786924,0.0750516999891623,0.0646944282429671,0.0425192093326662,0.0650959263462098,0.0793064921690854,0.0771191638120095,0.0644565598098513,0.0419929707178384,0.0655170251821298,0.0788190665126618,0.0758764471535548,0.0652455408108775,0.0430657660346732,0.0654848789856366,0.0796133148629275
gaussian,400,11,0.38268343236509,0.25,41.3106419968777,51.6286120100753,38.7367525321767,50.815128716188,55.3549286717103,21.602373755016,26.7485691978883,20.31886354446,26.3428380240377,28.6071288082647,39.862814982741,51.9897829369095,39.0300928071073,50.7376762389768,55.4200817207977,0.0540804665905816,0.0670179485984224,0.0507949581320846,0.0655405834620607,0.0716692698531547,0.051326592223556,0.0655894599617248,0.0490059664012517,0.063087310698527,0.0700131681925924,0.0517682525798218,0.0639975660366594,0.0471480452571567,0.0636568864339893,0.0692810857504822,0.0515310877415907,0.0638893347714331,0.0476200382314608,0.062875042133175,0.0681939228866545,0.0515706907535522,0.0642452387769334,0.0481792316409912,0.0632811443316387,0.0687238702491341,0.0527126085323264,0.0642332342698823,0.0485794921970859,0.0608052618300433,0.0690257362214325,0.0515855047461594,0.0643377611661071,0.0479411527161458,0.0634443317166515,0.0689517069440646
gaussian,400,12,0.38268343236509,0.25,50.7922392258889,53.5871557511649,36.86036494545,59.1770236367816,65.0336960443447,26.3311823359457,27.7252566185693,19.3829084473077,30.5131311749184,33.4343171321782,49.3192360404661,54.2502468219495,37.2859728208581,59.4134414485121,65.2444453159162,0.0659500274321291,0.064152119221749,0.0401792396654327,0.0746311806448193,0.0820700937213566,0.0630095223101476,0.0654936588380419,0.0455745228325415,0.0719969146679757,0.0782219457748641,0.0631273965665974,0.066603749314679,0.0446825181971795,0.0740756265629357,0.08095901337449,0.0642665116216238,0.0670907068486766,0.0457646361819851,0.074429647651002,0.0814287199428187,0.0640462176426243,0.0676677586616637,0.0464514992074861,0.0748163535604566,0.0818883965442872,0.0643937931266689,0.0648668737483077,0.0427756834994006,0.0717520163771074,0.0801318415976294,0.0639961334729514,0.0671076036936846,0.0458848944342141,0.074304095486198,0.0813547124188991
gaussian,400,13,0.38268343236509,0.25,34.4834749529526,49.4664841058358,40.7272815372725,40.7212072627703,51.9935467017332,18.1974345916989,25.6700642183348,21.3114767981149,21.3083548175239,26.9304623264265,34.7882699566615,50.1469943246666,41.1490559802158,40.8139780990856,52.5976498032694,0.0445705050529889,0.0627865881413667,0.0504971510785298,0.0533208353034905,0.0674913202469529,0.044520532301035,0.0623079183549446,0.0513987206722491,0.0508995567103751,0.0653684962127882,0.0439993144936646,0.0634166847285539,0.0525521052761694,0.0518196979334602,0.0666485257637517,0.0431144088132213,0.0617724785740641,0.0504508962479839,0.0514084034337827,0.0650454875728746,0.0419662161566069,0.0612001341288122,0.0506354907741658,0.0497046337535657,0.0642556634487614,0.0435992394794537,0.0633426791181826,0.0526628625329521,0.0521431691373659,0.0656466869121584,0.0426960217566825,0.061927214974207,0.0508878764141442,0.0509923301137657,0.0649842093197815
gaussian,400,14,0.38268343236509,0.25,56.3083867782007,46.790965253125,26.7714523812053,66.7687597672029,67.9566567083417,29.082586922211,24.3355961538029,14.3509378267514,34.2995782363714,34.8920364277629,53.5826187741984,47.5988731684551,27.6193591888016,66.9104471471403,68.1604113477969,0.0696712245165851,0.0594605787448825,0.032486995237154,0.0852802853426415,0.087392738706646,0.0662038267512209,0.0567291860529523,0.0329287690325703,0.0799464243951276,0.0822876975015946,0.0682890936910778,0.0588751029802528,0.034528655230868,0.0829882845027031,0.0837926757789755,0.0707914747382198,0.0583704490710624,0.0331977527932171,0.0836897018960637,0.0851779546070446,0.0707311840554062,0.0598854613107926,0.0346232877645912,0.0846850904871515,0.0863711129299599,0.0720560265340447,0.0581781704368984,0.0338483927462292,0.0840126417704386,0.0853595406526546,0.0704245303433135,0.058475630477195,0.0333512527054041,0.0834237131338887,0.0850017790208098
gaussian,400,15,0.38268343236509,0.25,39.7702678770828,66.7334171440108,57.6172213312262,52.0206462228713,62.7751394460804,20.8342388538431,34.2819693781807,29.7352640376255,26.9441217947274,32.3080518927186,37.7918457013481,66.9820224641312,58.1360011252885,51.8603183137842,62.1174550727592,0.0373752819500754,0.0830141882461251,0.0744109386994934,0.062485694823422,0.0759867439383191,0.0489749356591804,0.0822248755512379,0.0703351463351573,0.0647903253607169,0.0763177739754208,0.0459539208755035,0.0794519371786577,0.069057167951385,0.0601904863146924,0.072718342599597,0.049128062290432,0.0829668276130713,0.0715636131382579,0.0644186235320612,0.0774055410770391,0.0505165174629425,0.0821823198783836,0.0701384359110727,0.0642120228964672,0.0776263182266296,0.0510380353019946,0.0832630729312001,0.0711179440996639,0.0654336296987242,0.0783771605444428,0.0492544891646749,0.0831477554681772,0.0717333830580849,0.0645334762221263,0.0774928812547873
gaussian,400,16,0.38268343236509,0.25,41.0384081705437,66.0391453555759,54.453525834554,65.8983600400425,69.9664991635635,21.466675629059,33.9356578965902,28.1574783776505,33.8655171153273,35.894513165941,38.7020148563783,66.3787116688979,55.1644849057484,65.9099939126216,69.493509997327,0.0495432260411006,0.0784550725501897,0.0645836775102096,0.075548315852826,0.084710045846141,0.0525282374428603,0.0780176939479344,0.0608878897813668,0.081688448332408,0.0856500622100143,0.0504144178576345,0.080879755601561,0.0656691473374299,0.0821102166963151,0.0866222958654489,0.0511390116628235,0.0826079029011096,0.0680482047543549,0.0825061933008977,0.0873108402000113,0.0522199534734844,0.083307886388819,0.0679940350581328,0.0832947907677566,0.0884322145413315,0.0518916057833483,0.0845536234302183,0.0690047249044816,0.0847863564775551,0.0899541907122505,0.051418740598188,0.0829265467793762,0.0680829050535767,0.0825067502015943,0.0876787054195208
gaussian,400,17,0.38268343236509,0.25,21.0696948284619,34.3174725059082,27.7971959832711,32.4779700420359,34.5437870034806,11.507184073464,18.1146414181323,14.8628193582416,17.1971686112709,18.2275314200476,19.82208566178,34.3589713796082,28.0269910630278,32.4070567267489,34.1833410329413,0.0285650542617689,0.0436952092431353,0.0343815367628114,0.0419900082197144,0.0448996089825499,0.0257976118546215,0.0439393246784072,0.0360225351107671,0.0411335661471392,0.0430534035964407,0.0275749658383692,0.0436951540304698,0.0349546939873004,0.0419137738829416,0.0443172199638166,0.0270223769966334,0.04371940519718,0.0352566932159972,0.0413519337248274,0.0438505731077645,0.0269557702443897,0.0431114587937648,0.0344824656017631,0.0411722813265583,0.0439594867716993,0.0277260862264282,0.0436796113510985,0.0333490823355378,0.0430581800377849,0.0447830847016081,0.0263132953112618,0.0425538266266107,0.0341196446713892,0.0402325758969606,0.0427224095692855
gaussian,400,18,0.38268343236509,0.25,53.2576876477198,45.192089424887,28.7241860989937,50.8441866216116,57.8478802652471,27.5610823650616,23.5383718022802,15.3251140856069,26.3572828746471,29.8504277218567,51.6915409304057,45.8238634022478,29.1500091968777,50.830907245757,58.325987939336,0.0668929571165301,0.0486606889269973,0.029411780605216,0.0574580764485182,0.0687181000179658,0.0641793800337041,0.0572534203761951,0.0368472969949654,0.064022930212036,0.0720302011260543,0.0659317931315806,0.0558165467002182,0.0359213844450499,0.0630521138152017,0.0717138830744706,0.0660033915018709,0.0564047970072899,0.0357532261015273,0.0637603632694543,0.0721706884566099,0.0673696796892079,0.0561083083065065,0.0352643539697999,0.0638263746598811,0.0727399565881985,0.0664614757117197,0.0526643806465186,0.0330626595991832,0.0622307543110262,0.0677656773993748,0.0667190300550408,0.0562453347545864,0.0352320147842297,0.0636803526215145,0.0722581950684307
gaussian,400,19,0.38268343236509,0.25,81.7695975604604,70.7471205665054,46.7102018107205,76.1793666550904,89.7628261534207,41.7814072811718,36.2838968202555,24.2956312851936,38.9931577780804,45.7678835268328,80.2192799186194,71.7160519671136,47.1610108608694,76.2251204236429,90.677897116313,0.104534976572697,0.089462115215999,0.0578774561206506,0.0966283066737044,0.113467099252504,0.102270245030162,0.0868690490046831,0.0547733875438083,0.0929141824215181,0.110605512505325,0.0990390867873084,0.088206779948943,0.0570751852732906,0.09582756745635,0.111827192269346,0.102569414707137,0.0883626068163069,0.0578170563257211,0.0954309896486405,0.112442021776601,0.102142433189347,0.0892987628154568,0.0593274357918962,0.0957145442235579,0.112956547277819,0.103032453074144,0.0904538022080773,0.0606400142071871,0.0968643135112708,0.114060773971235,0.102250312901026,0.0885225554040014,0.0580658779898483,0.0954179717778934,0.112525082858661
gaussian,400,20,0.38268343236509,0.25,39.2412109989427,62.0056912565492,52.1454193942518,52.0008568707738,59.2813802827269,20.5703328119827,31.9240594680614,27.0063149594088,26.9341343948375,30.5655636274211,38.8277690820719,62.5176534488284,52.5847361332807,52.0203523280787,59.2184863001555,0.0198759859789554,0.0591743029936738,0.0558863172278253,0.0453608806188839,0.031940663079468,0.0474023314657106,0.0747490955864426,0.0619827273288435,0.0641103768400116,0.0707002521500508,0.0471637418258209,0.0770167953578631,0.0645200008428815,0.0651473510548739,0.0728598510258997,0.0490106006077221,0.0777096580194521,0.0649849789701144,0.065309192565846,0.0738115235899033,0.0491747622422347,0.0779721339138297,0.0654444028136572,0.064657289984687,0.0741585900605675,0.042430075994484,0.0707865534077121,0.0585434720546775,0.0621716642039984,0.0641017117676149,0.0490696889902453,0.0776532565933544,0.0652278818983652,0.0651991884945498,0.0736554453402042
gaussian,400,21,0.38268343236509,0.25,56.3685176790986,51.3367608760954,33.5716719876656,59.8622389376522,66.4024796673479,29.1126643633178,26.6029210907242,17.7426961889297,30.8549434090148,34.1169847871842,54.7958389665961,52.1232030477033,34.1703899448273,59.9774829390392,66.7807117783362,0.0727126954569164,0.0657605112424504,0.0432983658881463,0.0761562452180879,0.0849807618193436,0.0689062935948589,0.065279668317569,0.0434750059325823,0.0750571315159178,0.0828110970850157,0.0712446553285502,0.0614188876008606,0.0382182347454626,0.0740211590874276,0.0820859310252814,0.0699569107169016,0.064038130407464,0.041347435519448,0.0749105249018804,0.0828008840317741,0.0705658570404032,0.0654976875319541,0.0430888837096914,0.0756831526695675,0.0838111344279102,0.0717064098767691,0.0604621005772638,0.0388604426403584,0.0726086090316809,0.0805090041499099,0.0702097800122838,0.0643965367527082,0.0419770992105354,0.0750819179306141,0.0831276835293089
gaussian,400,22,0.38268343236509,0.25,61.4421225362976,76.4435335132677,60.2697877171656,69.2997040189218,86.5203263100299,31.6429194566159,39.1248101758602,31.0582913713389,35.5618354023136,44.1506391083065,59.4838661907844,77.2518735254763,61.0163936885644,69.4186804059772,86.8548775610824,0.0788724663457942,0.0973713031604063,0.0774943432349663,0.0890620826561133,0.109227579395727,0.0749112040508152,0.0932246304752708,0.0747580277927056,0.0807363606337119,0.105065575960131,0.0748881527815567,0.0957290932746381,0.0754194828520723,0.0865829784850957,0.107645750142497,0.0763689748422706,0.0957868653965379,0.0755378038435923,0.0864434050179258,0.108132575008137,0.0784597142538345,0.0962347516989578,0.0755429071175352,0.0876751512435504,0.109206358857498,0.076366196188743,0.0953941998950575,0.07258616082431,0.0873538992983101,0.109078977088739,0.0769321825224218,0.0956928314370487,0.0751309797061735,0.0867571611895022,0.108335066604722
gaussian,400,23,0.38268343236509,0.25,35.2303365419277,51.8704140664447,40.7191127200772,55.0969395697892,58.5585951364226,18.569906980661,26.868897904895,21.3071953988586,28.4783020945536,30.2049050912978,33.6145534513796,52.4578950064765,41.6120303380399,55.1253557936378,58.2387840931039,0.0398870802789389,0.0657650490628205,0.0532638355525909,0.0692544801162592,0.072396337452884,0.0440329679595887,0.0656320351162091,0.0522033619879353,0.0694757524974079,0.0731371340026133,0.0421373641298257,0.0655969702652566,0.0515588281574208,0.0683036644983352,0.072948758577883,0.0440127661498756,0.0656235670031532,0.0516586919027287,0.0692400796950558,0.073376119677208,0.0435704128551019,0.0637680208544163,0.0494888253138669,0.0677584523336902,0.0714838807207903,0.0451251224089048,0.064814712608425,0.0498003356079347,0.0678626697381758,0.0742102560856264,0.0436425542057882,0.0650684167049849,0.0510057704615323,0.0689000948716325,0.0729595266294957
gaussian,400,24,0.38268343236509,0.25,36.4534324575333,32.016440510466,19.8121995454719,38.6572310352843,45.6437552117554,19.179690287035,16.96683192796,10.880071779918,20.278925688671,23.7633895951501,35.4693309209649,32.6427704142436,20.3476079249244,38.8159648513042,46.1523849177725,0.0480453483238878,0.039705274192644,0.0228572662722549,0.0481533914872897,0.0563378869975326,0.0473173172813355,0.0408715598000478,0.026067118212901,0.0491382712401146,0.0585738000369051,0.0446209312171257,0.0393319032172204,0.0240910711348421,0.0475095415451012,0.0561682390396952,0.0464168423642631,0.0401894039904049,0.0244402277535209,0.0486262333045892,0.057457523821608,0.0464791198862845,0.0408599385189076,0.025321431208056,0.0494698319675013,0.0582155339792109,0.0472567581372209,0.0420009781880276,0.0268882822228014,0.0491073279821769,0.0579022858451875,0.045949965446794,0.0401174173707866,0.0245718456772159,0.048465256937765,0.057358119723594
gaussian,400,25,0.38268343236509,0.25,54.5501870062224,71.5031694719041,56.3453885311598,65.678224458981,75.1226217877471,28.2055232236288,36.6610021322911,29.101233779737,33.7557551393075,38.4662109489586,52.9575843180003,71.9954923199147,56.6990841754906,65.6319643808144,75.3650811555177,0.0686401009870785,0.0910032496386096,0.0724387236564066,0.0843906694475405,0.0960203719206164,0.0625063879122554,0.0822348000916381,0.0643885629096575,0.0747435527499901,0.0842362452016884,0.0682005263281721,0.089467188875787,0.0707973613092108,0.0822070647208541,0.0945101428864475,0.0684713373156901,0.0893702448412222,0.0702920482972294,0.0820798143632393,0.0937750984808573,0.0678453310024384,0.0895135568955872,0.0699836809062915,0.0827828715103961,0.093777664912223,0.0697747638640048,0.088104856543666,0.0673258412340035,0.0808835531058899,0.0939776927646077,0.068029101088694,0.0892136192655117,0.0700562453409188,0.0819182888663561,0.0935203179796447
gaussian,400,26,0.38268343236509,0.25,53.1157555756057,68.7058636055563,54.5161781838429,56.7507971817228,68.7364304936257,27.4901144879842,35.2658991958579,28.1888899822453,29.303326519048,35.2811411662179,52.6259778349199,69.2436508449509,54.7342049759496,56.547676862966,69.3120247280241,0.0607997958138468,0.0746796442627033,0.0600231946701288,0.0609267869535614,0.0789171003304543,0.0672635528347082,0.0875156157289505,0.0690745501805264,0.0727785679451282,0.0875285626289395,0.0671031162666137,0.0852205312009354,0.0669221076631013,0.0698669690312414,0.0846946642027578,0.0663780359676792,0.0856538916672229,0.0678985197171357,0.0704662656509223,0.0853544253588437,0.0662703656293692,0.0863611784478221,0.0683252711334349,0.0712486931383388,0.0861953414600523,0.0656352800500478,0.0868966692090292,0.0699955757449698,0.0707894295876397,0.0860391630008478,0.0665808279611255,0.085751873973352,0.0678130863151546,0.070834178101791,0.0857718853071661
gaussian,400,27,0.38268343236509,0.25,52.0763854749241,71.5854786191689,58.0964564324469,58.8904876904241,77.3229165208804,26.9715967187499,36.7017727637539,29.9741160824867,30.3703612910281,39.5634848305023,50.3113022874968,72.322933427225,58.91190130014,58.8521699811113,77.5042833927763,0.0675711918070851,0.0914106672191554,0.07385570211814,0.0758017888279244,0.0986518847683972,0.0650501197553256,0.0897378402089563,0.0735069142566803,0.0726827177666777,0.096704711617724,0.0661347435651669,0.0900058908047752,0.0737919191793489,0.0731422863179719,0.0965471530646938,0.0656224254751909,0.0904457344009861,0.0732378377673621,0.074512527383924,0.097461253042229,0.0659399973153192,0.0904367263527528,0.0737524510476248,0.0734267171106109,0.0969714764048368,0.0669769492046921,0.0891370338796785,0.0696819135973237,0.0755694116455657,0.0978678189456672,0.0655091536473302,0.0899125176992041,0.0731097243074585,0.0736692467055072,0.0967013868296523
gaussian,400,28,0.38268343236509,0.25,30.2745641827459,47.0977370330032,38.2688136587841,45.2870039737841,49.5271576055275,16.0985207659283,24.4885990187517,20.0851767084125,23.5856353653813,25.7005788006652,27.7373180967625,47.3277254968971,38.995883589824,45.2538296377159,48.4806984508583,0.0345856888791967,0.0606184386138024,0.0502580733814428,0.0580059560578362,0.0620371232089362,0.0330680703414892,0.0567067046642872,0.0464056797195095,0.0537829957648047,0.0578856785987787,0.037460991271163,0.0594923753651839,0.0485078477759063,0.0568574118670993,0.0630776215964728,0.0369279216676058,0.0589210517198942,0.0479976092883684,0.0567696847712463,0.0613056985290895,0.0386078539220327,0.0594459027821026,0.0482347893017375,0.0567124673649575,0.0624117023702184,0.03861309893919,0.0589593780188625,0.0466076072680094,0.0575955596429056,0.0623366408739932,0.0370707547135328,0.0589190334274885,0.0478967509488838,0.0564628942537825,0.0613662858065456
gaussian,400,29,0.38268343236509,0.25,66.8030988516553,88.0370956009583,67.5824643431532,94.9394740127111,97.6697957173567,34.3166524021844,44.907301069647,34.7058282917774,48.3498504917619,49.7114646611118,64.1132433109097,88.5327903493216,68.0670745259752,94.8583756159727,97.8008993968448,0.0847255785667164,0.112375988310958,0.0869250102676506,0.118380949172488,0.123264625459854,0.0835444967158341,0.111292226781129,0.0856343445283494,0.119226041519044,0.122774180065821,0.0849008926966718,0.109955222689993,0.0831425107194396,0.118869788759298,0.122387366966758,0.0843100872029355,0.110090379352833,0.0840931323549104,0.119010391791455,0.122562267962488,0.0837192044581928,0.109231177306101,0.0834626356092742,0.117263885266627,0.121173151977738,0.0842009580809761,0.107844933448536,0.0816156071589633,0.119155684709303,0.121118430252596,0.0838393041498326,0.109960469970192,0.0838457944731848,0.118531265777825,0.122264004049591
gaussian,400,30,0.38268343236509,0.25,40.8153354823719,71.2096794168608,63.6815026406511,53.2025721191794,70.2348978060463,21.355248847656,36.5143829731096,32.7597283542665,27.5334779937953,36.028325205323,41.6826938447247,72.196906812184,64.3865958159889,53.2056697641037,71.1225223409406,0.0535042363403991,0.0915033107907259,0.0819558206540388,0.0689839318315801,0.0901828524923936,0.0508173747783509,0.0885581725676227,0.0788689511742506,0.0663095527073998,0.087257481580321,0.0508587171355128,0.0877411585917235,0.0778814615552966,0.0658496816226466,0.0861360550795362,0.0512593790894608,0.0892928421997546,0.0797831838197552,0.0663429747136748,0.0879175851508298,0.0515025846659167,0.0903415134919943,0.0808601690856922,0.0670465390040616,0.0888233788398924,0.0517945115222726,0.090446222540014,0.0809552324984867,0.0679523419675734,0.0894286046043331,0.0512122256571611,0.0895138236084149,0.0802358541684015,0.0665357992946054,0.0878865772309001
gaussian,400,31,0.38268343236509,0.25,40.7165349146485,46.35600265881,31.9443037228652,56.3224712634703,59.8591736809355,21.306132854223,24.1185781217417,16.9308284218432,29.0894307113073,30.8533774607944,38.3838840254731,46.9622842651242,32.7298721366442,56.530644083092,59.7310599137066,0.0495392456793399,0.0595543043890774,0.042336601232934,0.0715746597673065,0.0752347218314084,0.0495874162369159,0.0594796099649825,0.0414273956604827,0.0707125191874843,0.0753030488903965,0.0516983266727809,0.058545067078538,0.0395654491623514,0.0716306358260479,0.0755880418190137,0.0513018920591503,0.0582929534732156,0.0399151896110748,0.0707801147735253,0.0752294265689748,0.0506868404040456,0.0584123257332509,0.0405451901993292,0.0702425347999042,0.074841673123809,0.0531211157932895,0.0586525929929788,0.0396154716365699,0.0717118898544451,0.0755291152391912,0.0506149937116923,0.0583609045858964,0.0402385348018223,0.0705320295737086,0.0749378698014872
gaussian,400,32,0.38268343236509,0.25,60.6684231454893,68.4601241633912,50.2035155102849,71.4019335141457,79.5606263458242,31.2571911779223,35.1432068527819,26.0378614828431,36.610412455799,40.6795945698355,58.5776039529878,69.2031965737781,50.832158063444,71.4454710262243,79.927557399072,0.0676657348926687,0.0761210518302314,0.0580618234155616,0.077315029671602,0.086157674803344,0.0752820526545462,0.0841869376950592,0.0616270025511372,0.0880953799041605,0.0977581991403382,0.0767117400721889,0.0862215138866783,0.0635129615988771,0.0899932441954573,0.100033238822618,0.0754167532645059,0.0858990249195433,0.0629721008414968,0.0893282699168355,0.0995700375511348,0.0767412501860248,0.0835453252850251,0.0587153927279431,0.0900300837494995,0.099546257047989,0.078292730930023,0.0880391197438395,0.0651722747681174,0.0916852334137849,0.101790527490676,0.0755801821320309,0.0856111006178404,0.0626169836705514,0.0893059627046239,0.0994056503644703
gaussian,400,33,0.38268343236509,0.25,37.7871016741036,44.773700847623,32.0142709935372,50.6575607432884,54.5860049960918,19.8449388490833,23.3295563650312,16.9659761610086,26.2640984525073,28.2233868914163,36.0879312000704,45.246369060041,32.5726307861543,50.7940138888698,54.7366900588865,0.0490803563010562,0.0582377737876267,0.0416305050618119,0.0634240568556593,0.0705463371518568,0.0476131292833755,0.0556469918624557,0.0405310878059042,0.0632147848312611,0.0673958496690212,0.0480265740306355,0.0562637370053342,0.0405189886405767,0.0630569549828633,0.0685453801631771,0.0484993990838985,0.0567463551434978,0.0402359262384578,0.0643011121763226,0.0693637301770966,0.0479777164115812,0.0572054482189514,0.0401952228357787,0.0650862283731606,0.0699598491323782,0.0470937447657113,0.0577642931834087,0.0412643681185754,0.0649030972385271,0.0701019040306741,0.047438044367918,0.0559211300686107,0.0395777287989284,0.0633312905514674,0.0682325598828143
gaussian,400,34,0.38268343236509,0.25,46.1057919164906,87.201962192892,74.767002863011,96.2760229686857,87.4309756602342,23.9943351072683,44.4907625543582,38.2891792651029,49.0163503396001,44.6049649750385,42.2794965603735,87.0432433864236,75.321324221385,96.3136822140521,85.9300198719721,0.0373204381877046,0.109606152256584,0.0957872113205193,0.119918184949891,0.105236046065757,0.0590454321001896,0.106375523549934,0.0896593690341809,0.11850286179357,0.10815699166837,0.052817876887313,0.109123593116879,0.0942059885690627,0.119560651821368,0.107477393949854,0.0562158160832036,0.108965786371682,0.0930108229112873,0.120097628870329,0.108974892535277,0.0577945887838895,0.109671928753955,0.0938828348113033,0.120650949108129,0.109904648921898,0.0559999132607335,0.110785261856649,0.0959564319289067,0.119733748635746,0.10962591300957,0.0574556774645823,0.108957573022732,0.0926195152843352,0.120640207704725,0.109393481957335
gaussian,400,35,0.38268343236509,0.25,32.9137940034224,45.8638941480824,34.8128840291114,52.0740749014358,49.2436946016401,17.414786077769,23.8734021579206,18.3618057897929,26.9707685980651,25.559288309702,30.4749914257069,46.0514302008576,35.3597220022801,51.9499634849756,48.531869603081,0.0433926388604305,0.0591952876357174,0.0442421515127911,0.0670460717159675,0.0627569813920642,0.0391663691295091,0.0576424885637266,0.0446574103515232,0.064399428684656,0.0604484199899903,0.0417464252130948,0.0591678530392733,0.0452516904672023,0.066580982490748,0.0625032304360564,0.0398583030211514,0.057055541886163,0.0429796580281941,0.0646616433886408,0.0605154220422855,0.039229720938281,0.0565395405785736,0.042779204058368,0.0641351832288525,0.0598763763219073,0.0333972210401843,0.0541922988945339,0.0431264984909309,0.0606020302374599,0.0524524406279016,0.0404776971269568,0.0572148863220909,0.043276050211786,0.0648682864197174,0.0610292401276965
gaussian,400,36,0.38268343236509,0.25,46.0800957466079,39.3879313978343,24.3751968057129,48.0685687892705,53.8511435194168,23.981249103796,20.6433837449712,13.1557752750178,24.9729501155689,27.8569715749542,45.2084495913574,40.2020881408729,25.0868076811294,48.0591317538011,54.3962387812893,0.05587291258953,0.0488175352900399,0.0314948360221176,0.05961054887515,0.0650444896495784,0.0592319816348759,0.0502815038145246,0.030808844117501,0.0620207425063213,0.0695027285003323,0.0594462300142848,0.0494363667559143,0.0304500359258882,0.0610671739742294,0.0680656161259153,0.0574125702340855,0.0495716394995384,0.0307029201464498,0.0603765919279696,0.0674802993438036,0.0573663327080179,0.0494079330279495,0.0306896678364231,0.0597042927522945,0.0673858065299418,0.0498113785748195,0.0467077039030538,0.0312370014162401,0.0518495043323853,0.0604891015509294,0.0576605036270764,0.049389533401349,0.0306208412843728,0.0601134371395394,0.0674109470652701
gaussian,400,37,0.38268343236509,0.25,44.389671500067,63.0437222316829,50.2017489186733,61.7744211337838,69.8453947148496,23.1380572685605,32.4416315428479,26.0367557616111,31.8086767294482,35.8341218701777,42.7588739669693,63.7366443579638,51.013689597698,61.8176958438093,69.81675491882,0.0369846282340755,0.0750314761054649,0.0634146900608028,0.0728159455299893,0.074604698347763,0.0571590944668252,0.0786570382602291,0.0624539176373168,0.0763621205028556,0.0882145493884729,0.0534582887416764,0.0794048835944162,0.0636764094401779,0.0769749797114201,0.0858375266880068,0.0554451313060812,0.0788711274452771,0.0626366874739118,0.0768386584281068,0.0870296442202637,0.056047951728153,0.0795212201676995,0.0634575387467469,0.0776667823090681,0.0878660314539735,0.0569882378083215,0.0810338882304309,0.0644826245837067,0.0796666621346738,0.0894106597294223,0.0557398966532054,0.0792730310927768,0.0630813601722543,0.0774882327634859,0.0874982401912698
gaussian,400,38,0.38268343236509,0.25,32.92872959706,40.1274134915491,28.6182172427299,46.4412037626918,48.4656078047724,17.4220006130363,21.0122123089165,15.2721551968482,24.1611867891118,25.1708780423146,31.3765312091105,40.5441633824964,29.0435822021304,46.6031824945276,48.4577366693486,0.040508690673398,0.0514893601377067,0.0371518493236964,0.0603470572624718,0.0621068049636496,0.04219910759802,0.050452692677864,0.0354051760377416,0.0581178664743785,0.0614881692496971,0.0392567826999805,0.0471571715832621,0.0330814515382076,0.05524807159037,0.0574230365992058,0.041542854838994,0.050307186172375,0.0349435443946069,0.0586594142890717,0.0611014508982166,0.041575318881323,0.0504021758084724,0.0355916289760127,0.0589551067109524,0.0609814970505951,0.0387777063248379,0.0525278453509152,0.0374201576896151,0.059698018642511,0.0621865768901224,0.0410375085573482,0.0504799371230585,0.0357198116758495,0.0583712535585875,0.0608772154299098
gaussian,400,39,0.38268343236509,0.25,56.102493253885,55.6863208029267,37.7435788471214,64.2581316105544,72.3705816687153,28.9798783590514,28.7721156266086,19.8232147516989,33.0474144002583,37.093481371186,53.8144028721261,56.4872495635241,38.6451937446982,64.346153756167,72.4364676727584,0.0663585741858324,0.0695087263956166,0.0466126480852126,0.0807806120590786,0.088587183033108,0.0669356618571715,0.0711731854003694,0.0490527409767552,0.0799406006286498,0.0906921667152472,0.0707494117666861,0.0684256186776238,0.0450373806957269,0.0801514876404424,0.0890896073408016,0.071040216244118,0.0702394326180565,0.0472103382484494,0.0813868082702058,0.0913697269670411,0.0695400892449178,0.0700550955505306,0.0473504309331429,0.0803103975419745,0.0908478110936779,0.071817347942921,0.0706008461157152,0.0484036406035327,0.0812777163143164,0.092123525922454,0.0700969092058143,0.0702484142195079,0.0476645978973559,0.0806708787839365,0.0908410235652911
gaussian,400,40,0.38268343236509,0.25,36.1733541200645,43.1625389295265,30.1320907267326,55.7547201961669,55.6213148255254,19.0402673200207,22.5259308946475,16.0271284717059,28.8063155455318,28.7397648346106,34.6436142893783,43.8741115775711,30.9726217945255,55.8957336504907,55.8287810482943,0.0472178058916732,0.0550099275839906,0.039217479993789,0.0706348124104114,0.0719811990697235,0.0427079787316557,0.055202209274053,0.0389826245023707,0.0694050732772402,0.0693815246379536,0.0459221113646603,0.0543226576587929,0.0378811657945051,0.0699515221104659,0.0694001669679602,0.0457531066857598,0.054648064877147,0.0377542609625789,0.0705066261932966,0.0704029589877414,0.0449698253139355,0.0536303728551736,0.0371777127748466,0.0694589504668774,0.0692726107006268,0.0335192833721388,0.0506013136577093,0.0374034258307798,0.0603181174775928,0.0629996429018153,0.0450841754287959,0.0541719902307446,0.0376183657779042,0.0699710364515389,0.0698021487892047
gaussian,400,41,0.38268343236509,0.25,39.352948059492,50.3325567998501,36.0028566225753,63.1186078140329,58.6448845394758,20.6260480217781,26.1021517548536,18.9554792122927,32.479101152785,30.2479059650706,36.9188400831429,50.5526925448751,36.3897809999625,63.1959433406253,58.1746020767271,0.0514805452257366,0.0614765806438826,0.0411047828538149,0.0807933550525993,0.0723406656422709,0.0467873022631368,0.0621888760930568,0.0421937487260295,0.0788986979429343,0.0740165674770962,0.0492772529684988,0.0637194016475102,0.0454664880854917,0.07931116809108,0.073626794239878,0.0494050575232116,0.0635520707435284,0.0451017049329302,0.0796851380649693,0.0742078865238229,0.0495629293248594,0.0634432209388019,0.0451701781427165,0.0791055643028906,0.0736074809027871,0.0491981165600957,0.0641247652378289,0.0430012734100004,0.0813370937029634,0.0756163386798591,0.0492784720044384,0.0629389231299609,0.0444257129320954,0.0792229640869353,0.0734132508295713
gaussian,400,42,0.38268343236509,0.25,44.8564716884941,46.3109118737148,31.2141659695318,54.9262329092964,59.7147881819769,23.3709497759582,24.0961852197028,16.5667571291784,28.3931446264397,30.7813900023222,43.2104003182397,46.9557425018313,31.8617574389433,55.010326969587,59.8857827272834,0.0495021804065444,0.0589961085760934,0.041216165545608,0.068841169154216,0.0708226674258073,0.0563433892982507,0.0572312764101179,0.0383823850145472,0.0689591286075747,0.0736280425687914,0.0543339422044105,0.0565519266783056,0.0372950439809026,0.0689919752929335,0.0741966331566303,0.0562703270380201,0.0584080173462704,0.0395293729589071,0.0686397642075589,0.0751177550658905,0.0557631351900437,0.0584253759099876,0.0396111819512079,0.068847923396756,0.0752214646338755,0.0561587718093015,0.0602961618024582,0.0413776670189345,0.0704337271484538,0.0759762071760118,0.0559614507791098,0.0581566005434949,0.0391859005219789,0.0687923505320052,0.074889459586835
gaussian,400,43,0.38268343236509,0.25,54.9149995793527,72.9986366825253,59.443196594501,62.0109502525786,78.7730812745486,28.3876910329049,37.4066455472603,30.6458286120867,31.9267571020524,40.286814044063,53.9040762361548,73.9670983541003,60.3251331914201,61.8758071768357,79.2810785358988,0.0632794428536289,0.0905258046801132,0.0758676761186074,0.0754716430599791,0.0954134537258606,0.0689134038054502,0.0910355516588307,0.0743849697383983,0.0761242197884342,0.0980631406927252,0.0697801603409315,0.0916653947421116,0.0737805764162901,0.0783734349093164,0.0992593017501021,0.0672508009372461,0.0912673006258032,0.0745257018676151,0.0766578621506579,0.0978791476102699,0.068216460983269,0.091048780027727,0.0741229006855837,0.0769111618249177,0.0980586421910823,0.064009909026283,0.0918699801584642,0.0763535354797284,0.0758295050288175,0.0958585707773049,0.0684881837146176,0.0917787471772407,0.0748214477477215,0.0778348445567963,0.0987448685602154
gaussian,400,44,0.38268343236509,0.25,44.5526920305018,36.5577800617379,20.9314684960776,50.1209343595377,48.3336879625417,23.2194390659806,19.2320042752896,11.4384737233385,25.9965560452963,25.1055022136907,42.1423599947974,36.9262579910657,21.3900622377399,50.1380884237864,47.7767547547569,0.0528760294619636,0.0454169734546503,0.0267057649973426,0.062952446306785,0.0560702355430676,0.0570236322195297,0.0442714896222496,0.0230462685447551,0.0628250300261186,0.0597052883347574,0.0561064440202524,0.0459730619098896,0.0263441901517131,0.063160744371424,0.060651968490324,0.0549243269335231,0.0452259902289996,0.0255387107070543,0.0622042546704279,0.0589210817469164,0.055348223802822,0.0443475757999104,0.0249856777467286,0.061628629956809,0.0588987670928897,0.0578523459783331,0.0478673698477167,0.0284156116274505,0.0638461887731547,0.0615258241675617,0.0553931538760079,0.0452504336892768,0.0256584216235456,0.0621989921178544,0.0592692315317251
gaussian,400,45,0.38268343236509,0.25,42.8960300669744,43.6931471318901,32.1731883141403,39.7038888746018,52.8739654764355,22.3931844694707,22.790638691191,17.045123346702,20.8010040794297,27.3695706188061,43.0603031693911,44.570687455002,32.752210857058,39.7327509645025,53.8015436148444,0.041341724666169,0.0563177731114509,0.0423698248481705,0.044597992853269,0.0646296180551631,0.0531503245006792,0.0555074201070595,0.0412721029982509,0.0501874085909153,0.0662911990037249,0.0518863935541429,0.0551254864423329,0.0406733943022553,0.049822748728356,0.066256787659544,0.053627412921552,0.0548721553980916,0.0400443859021985,0.0503402353005705,0.0665513492858569,0.0528822988981194,0.0548164161853371,0.040290585324219,0.0497759713678985,0.0660408327730144,0.049807982815671,0.0455764774809755,0.0303509704930164,0.0435525322159122,0.0591530039492606,0.0531984641611347,0.054770867862166,0.040388601008473,0.049679381212666,0.0660311662919965
gaussian,400,46,0.38268343236509,0.25,40.6183913532259,44.4926752829754,30.7270557594624,51.4037167507211,54.6374111535966,21.2570116878575,23.189419223748,16.3239322049759,26.6363062788787,28.2491783218499,39.3134086867985,45.0836244169307,31.3198233004319,51.4596817700862,54.8190731772795,0.0530676508393844,0.0535016502523733,0.0359988184239307,0.0633721536745263,0.0681633664243647,0.0513626977217306,0.0572543536436185,0.040005250060776,0.0656757161937774,0.0694198572289722,0.0490210113670399,0.0538363410235457,0.0366481972913234,0.0627768399862809,0.065884401019958,0.0517368250865321,0.0560922876284076,0.0384825508365533,0.0648666643544133,0.0688026797175928,0.0515182517210049,0.0557952714600402,0.0385251641038738,0.0640740565606341,0.0682389933081096,0.0517547755463585,0.0575006036681791,0.0389506857255472,0.0660297206893971,0.0699114063031552,0.0511926476744977,0.0556489751407535,0.0381288263120928,0.0642667147395582,0.0682004116124188
gaussian,400,47,0.38268343236509,0.25,32.6335913209831,52.5019804984729,42.2987769140943,54.5212086707886,58.1609747624745,17.2747708970085,27.1839062063768,22.0951456119675,28.1910952159123,30.0065190001383,30.6905616509815,52.9633517121391,43.0741812327106,54.6453261719635,57.7208643993948,0.0427027422674908,0.0669087254679751,0.0547461107600357,0.0697656290669446,0.0751053337731283,0.0415950082446579,0.0673137459980436,0.0542220057867908,0.0702031518623703,0.0740608492308045,0.0414031859239922,0.0658686366674932,0.052701093684474,0.0684552893079382,0.0728468498696933,0.0408628897301052,0.0660495621502847,0.0531470303336802,0.0685855593223163,0.0728998263017103,0.0413838745362495,0.066654984774848,0.0535561876784307,0.0689219004568914,0.0734398051258601,0.0423426281150154,0.0666180449150521,0.0536307278178753,0.0681041719694342,0.0738509745361067,0.0410063463852802,0.0660794517034363,0.0530728128317966,0.0686113519446787,0.0729513807545162
gaussian,400,48,0.38268343236509,0.25,59.943191662242,51.0981856452118,31.0625736165245,66.3577566499949,68.5963448703361,30.8955245692715,26.4839239118544,16.491238192112,34.0946405972043,35.2112560861487,57.3104326126752,51.8045602724438,31.8350547930099,66.4131864905482,68.5724332685326,0.0565432744931564,0.0503291607819541,0.0276029078497549,0.0671087761544917,0.0684905739212641,0.0738446847912528,0.0641029580206453,0.0394411538241354,0.0838548890253036,0.0870294957802997,0.0738528192739546,0.0639296389516177,0.0386617866662751,0.0819310481977285,0.0856511263697955,0.0747430687183363,0.064031319387,0.0388141674682346,0.0829490453632071,0.0858034882898487,0.07498037527109,0.0624554925231481,0.0377269683896174,0.0815930998183152,0.0842544085999548,0.0762741137120053,0.0650797777888544,0.0395175917805068,0.0845354057770701,0.0878347295164187,0.0749586878154657,0.0639429619045134,0.0386706024304036,0.0832124043773196,0.0856567401983105
gaussian,400,49,0.38268343236509,0.25,37.6204162053874,35.9383751389303,22.7585626120318,42.9601373471434,47.907207699194,19.7616244290959,18.9228943822531,12.3495454263702,22.4250417410985,24.8923312427607,36.6407730873902,36.5401957821307,23.1848383830094,43.0737155482109,48.4540944054451,0.0492482293980729,0.0450242328648894,0.026852604097655,0.0558432901975424,0.0612082971152488,0.0492742437579055,0.0463841818991938,0.0295260961386657,0.0549945662207824,0.0618657680370107,0.0461809566620722,0.0441620812006986,0.0281416869266588,0.0523550684565957,0.0592694081170253,0.047782157571521,0.0450237377434983,0.0283566978545703,0.0536812145648615,0.060012373493544,0.0484517975920547,0.0462002943927838,0.0290369937830247,0.0552324956514808,0.0615681397860987,0.0473397220163417,0.0448572616135074,0.0294244518412763,0.0527517703860755,0.0595380292550622,0.0476909098439239,0.0453003839374552,0.0286460841960095,0.0539503971627488,0.0602896109986158
gaussian,400,50,0.38268343236509,0.25,52.9236272670861,46.0448455151749,29.684728501896,51.0690920057344,59.5289789174488,27.3944014258566,23.9635740069471,15.8040033345131,26.4694182455171,30.688911050633,51.8941834672278,46.8671151233463,30.2472057617447,51.0984115975256,60.0914736706062,0.0678094380390697,0.060019068163503,0.0384144565388571,0.0660884798570712,0.0766626627585513,0.0645340373769758,0.0576515379399362,0.0368345066850584,0.0631083853744205,0.073581356836708,0.0654004278743445,0.0579878705988626,0.0377538703953166,0.0640681392433092,0.0751176238846329,0.0658875087597818,0.0572798824896695,0.0370016746110025,0.063483608007466,0.0739496558736388,0.0643823863165872,0.0577568667109394,0.038076843407214,0.0624362461978735,0.0733238975303735,0.0573643477540517,0.0598861536016565,0.0390010505891716,0.0658190245990426,0.0749758073214615,0.0662341499236236,0.0576002028339886,0.0370185209685705,0.0639769907908579,0.0741709984536674
gaussian,400,51,0.38268343236509,0.25,24.1729210940828,42.4508321584138,34.7224210457109,43.7729838542822,44.6326931220069,13.0552131862939,22.1710420340543,18.3166451172154,22.8304738684254,23.2592811624597,22.2319399309103,42.6069133107607,35.2009006114601,43.8218387888297,44.0997524258612,0.0319740555380873,0.0538548763149789,0.0441270482812509,0.054443005048406,0.0542560789652768,0.0309448720861361,0.0519063143874775,0.0400765040433882,0.0546519393777619,0.0562962796295951,0.0311135398844723,0.0526657272341172,0.0423542530892724,0.0553373272116149,0.056003532075928,0.0293529341261381,0.0531960700762562,0.0433456725662236,0.0544934749503584,0.0554825654680013,0.0298579563175544,0.053110091309913,0.0434461850304224,0.0551830984578712,0.0555609145125755,0.0299362368056463,0.0544415547669445,0.0440936132642732,0.0561404102660435,0.0558083730395845,0.0296419311481204,0.0529898863574064,0.0430823781285786,0.0546641449175388,0.055648167794169
gaussian,400,52,0.38268343236509,0.25,51.6146407864988,54.5746349570799,38.0206073256992,62.8872786129258,66.5748009205162,26.7418139461703,28.2178325366561,19.9616540805803,32.3637159651263,34.2029659953575,48.9309885779808,55.0820761089268,38.5911956503475,62.9456467594338,66.3596862443904,0.0670101676675219,0.0630257548758822,0.0393219425648375,0.0785877109606196,0.0817984055492283,0.065313838342113,0.0703623901819661,0.0492310881239102,0.0801094138990175,0.084962280921668,0.0629662954687705,0.0644485128582564,0.043820616962482,0.0752971362902838,0.0786873363237088,0.0647661247217158,0.0683097808895292,0.047455677018089,0.0787504222363432,0.083343145671758,0.0611679181348727,0.0674468119439553,0.0472090874845594,0.0764502454533305,0.0813959329674624,0.0498712996738761,0.0636279866382461,0.0447281627489443,0.0756902862851426,0.0748896134145866,0.0640024509996985,0.0682807221516844,0.0472183424543376,0.0788524977075827,0.0833189456832286
gaussian,400,53,0.38268343236509,0.25,43.7493815275152,62.9329692110693,51.4144619440759,55.6258641291516,65.7060425914984,22.818675334809,32.3865009709873,26.6417001905303,28.7422163486209,33.7696578874116,42.4573749911999,63.5016380382766,52.0735239216434,55.4749150866198,65.8611060384268,0.0566329738703744,0.0772331176608431,0.0593476633558664,0.0712711949104799,0.0830020514373489,0.0547924272445134,0.0790341286751282,0.0650705586720322,0.0694904350454246,0.082843681073344,0.0547595995985515,0.0791418093569516,0.0651683117396289,0.0700518276743303,0.0823463707129138,0.0548636286505517,0.0789740365386533,0.0645240141809597,0.0693732061414807,0.0820925551082086,0.0544513777405702,0.0787604850455217,0.0646600570532956,0.0688304849576041,0.0814998240938841,0.0471892092599472,0.0787895798851414,0.0657383542840551,0.0691826971266875,0.0822065957180453,0.0551749217391382,0.0790713296667533,0.0645299136417203,0.0696247802650113,0.0823782888788462
gaussian,400,54,0.38268343236509,0.25,21.6910096673372,27.1866079007989,19.0338239623383,32.2476706111046,33.6442588909082,11.816999431822,14.5579946277284,10.491910790984,17.0822346893751,17.7787660385095,20.6979413779105,27.5325730664525,19.4657892473531,32.2973450631129,33.6692338842285,0.0295024204473172,0.0363088396043285,0.0262914429012497,0.0417480693890823,0.04313081095402,0.0273283655774484,0.0352605786436333,0.0244449429249846,0.0418507916771861,0.0434728915766262,0.0253130825447069,0.0328717227615971,0.0226514504222498,0.0382607000461293,0.039274021504354,0.0274956872074812,0.0339029659493458,0.0233751159499891,0.0401735157209632,0.0420355993701639,0.0285803723320432,0.0343824427039899,0.0237825231233209,0.0409232416664169,0.0428879639821973,0.025430267817523,0.0329519490459698,0.0207667017356953,0.0375212686736278,0.0419495741561151,0.0271880991642296,0.0341381464048733,0.0236890704377296,0.0403851117455147,0.0421421719484847
gaussian,400,55,0.38268343236509,0.25,16.3917732308207,48.3537712491407,45.4248123067189,46.0778392578455,46.8854000141866,9.17413018467949,25.1149511311919,23.654214581187,23.9800064021746,24.3827934115491,15.1685292919176,48.6718075990021,46.28759187378,46.1312770830515,46.3093491380321,0.0196783066585879,0.0606851366279577,0.0578719375783864,0.0576962614698874,0.0591444071520341,0.0198983148689493,0.0615451866223081,0.0584054206591027,0.0578761840856066,0.0586122686041194,0.0211343145387765,0.0610430418407868,0.057039214829517,0.057970835507092,0.0588676024873323,0.0200860629742262,0.0603015254992131,0.0565643085434828,0.0567119216055929,0.0580653936842296,0.0203379222096509,0.0615645857322234,0.0574821234083042,0.058591046822773,0.0594905546136103,0.0206773041150531,0.0627601468263513,0.0587939036499347,0.0590563720696924,0.0589760603610794,0.0202043868166323,0.0608920340529971,0.0571408579789488,0.0576095404937539,0.0585441846605039
gaussian,400,56,0.38268343236509,0.25,45.7907187258771,66.9777240457474,52.9938990947098,70.6286859638476,70.9027755996854,23.8368221013703,34.403861683895,27.4295543591122,36.2248338182323,36.3616557984436,43.8915816114137,67.5072998445274,53.7310436291562,70.5629158964967,70.7110147032104,0.0591384814973073,0.0858949737515061,0.0684224026967335,0.090654655402706,0.0901421396709109,0.0539401326930977,0.0836508950563792,0.0672712820320007,0.0871653640263908,0.0872201169156553,0.0571556318158413,0.083772866591982,0.0659801781438343,0.0885556741516984,0.0862724492320231,0.0576392221397298,0.0841726480697812,0.066302770515555,0.0888071041429302,0.0890308599596605,0.0571725067007384,0.0817953232146244,0.0642186194482858,0.086111134589382,0.0869221240965658,0.0518340877159754,0.0805507198938688,0.0628360284765805,0.0860131495786853,0.0847527888178837,0.0573810023708041,0.083882867267044,0.066255468976257,0.0883397476450365,0.0884478734066382
gaussian,400,57,0.38268343236509,0.25,43.0278851946603,66.1566034885947,52.7623523056724,69.51744750203,73.1709331925606,22.458871176828,33.994179941871,27.3139355610834,35.6704906079828,37.4926418357826,40.5697106558709,66.5769721398485,53.4895064435149,69.6180725068089,72.7284851547468,0.0559598816697379,0.0845475720283646,0.0679132153752642,0.0886582397923591,0.0937597171878136,0.0561978963218534,0.0840906086255313,0.0664942693822477,0.0886139511411066,0.093402570500649,0.0551946406419914,0.082929543154962,0.0652043742599696,0.0870682436075524,0.0923240067002411,0.0543074835250884,0.083395149721391,0.0661753977580813,0.0874042583651036,0.0920855632324702,0.0543398066556721,0.0829639407592385,0.065841805066602,0.0876417936772087,0.0915976264835152,0.0557347263602158,0.082547714091748,0.0639073591208902,0.0874211301277653,0.0925841476612644,0.0534797044010782,0.083073754418608,0.0661418286575822,0.0870744489077642,0.0915832053100188
gaussian,400,58,0.38268343236509,0.25,45.8741907301831,55.4276295924228,40.5074806052858,60.7646527161524,62.0446663847384,23.8784813280955,28.6433453518641,21.2020924339348,31.3051595392755,31.9436065393742,43.8075880369259,55.7656559259556,40.9110563262724,60.6979489628278,61.8760402626869,0.0585384949341242,0.0698164718706017,0.0519548682438719,0.0772455888373045,0.077614148644019,0.0558489926718235,0.0707159467610744,0.0527007929916076,0.0767945818327198,0.0778073648177564,0.0586372381080378,0.0701812255869162,0.0516414001194643,0.0757597703008886,0.0775810750114238,0.0575052537849178,0.0687220376279439,0.0495633009131664,0.0757323480440053,0.0773356347673687,0.057785265273597,0.0700854508557588,0.0511873328757447,0.0767339645164765,0.0782054087082888,0.0582763180220111,0.0713021441942645,0.0524424179122846,0.0777573576902912,0.0792409491366035,0.0571246425477364,0.0689859179731213,0.050076871819119,0.075624906422663,0.0771417279364059
gaussian,400,59,0.38268343236509,0.25,45.5126182914247,42.1391979760143,26.930277737325,50.8301002257596,54.867269275789,23.6981647336598,22.0157097654826,14.4304679209521,26.3501853634394,28.3637036815979,43.5548656892779,42.5795959450873,27.2719398226475,50.9355578603519,55.0597970292634,0.056851868271069,0.0542893945577271,0.035560779565539,0.0655559692761846,0.0692783408616547,0.0577352372780615,0.0541879242974012,0.0346276747093771,0.0651574973392691,0.0704495707095778,0.0578435445234084,0.0544326614421123,0.0352972426474387,0.0650385010925391,0.0701603678709507,0.0568265238005024,0.0526691128198685,0.0329029190521294,0.0636962247698839,0.0687353424301443,0.0570121169059186,0.0529171033110137,0.0337198383127226,0.0642370940485367,0.0692764359864348,0.0568254176465,0.0548387797708089,0.0344253355852853,0.0658472753634591,0.0706554953147313,0.0568670983786481,0.0523648583779155,0.0330018586248762,0.0633959617888066,0.068533775006265
gaussian,400,60,0.38268343236509,0.25,54.2155961637678,58.0980540050272,40.4442486124946,65.5406022222702,69.5292701153622,28.0388668898806,29.9751306125042,21.1704040895282,33.6871208050498,35.6764886122681,51.9553272996093,58.6552559574435,41.0098158779413,65.5365621903567,69.5703054655365,0.0693919774132601,0.0744348536162579,0.0518179346734257,0.081539703690424,0.0887608954612709,0.0676531593411731,0.0746558763999989,0.0524050276524185,0.083427657929619,0.0874719533974665,0.0688836285166303,0.0730271774104254,0.0498419467287184,0.0834962721123225,0.0880072798603632,0.0669819794180836,0.0721270599093465,0.0500871909390004,0.0813962854171464,0.0861981694284381,0.0665002140128284,0.0727087648891726,0.0505798514721064,0.0816781003934733,0.0868881502897166,0.0683189177189244,0.0748541749090613,0.0526915962270317,0.0838533116684644,0.08899333734955,0.0678739004016527,0.0725513022748169,0.0501315881076216,0.082008565979364,0.0869273845541862
gaussian,400,61,0.38268343236509,0.25,44.5167311345863,53.3697936808616,40.0604593017474,53.6053220093319,62.6997499633632,23.2014871446506,27.616841984799,20.9789722502574,27.7342780633198,32.2700988318228,42.756581236411,53.9186021929885,40.6034580413192,53.7396715713973,62.9534731394173,0.0581408125859003,0.0689811528465461,0.0524646365042604,0.068495499691838,0.0807550371678927,0.0579734002395662,0.0675273518423897,0.0495705331314628,0.0689236846547236,0.080227107824078,0.055997777247027,0.0673401598045613,0.0490408591479427,0.068438456523026,0.0795703922052339,0.055367975778114,0.0672918215795305,0.0504503359644908,0.0674871505254645,0.0788547687254646,0.0569275339679136,0.0672213801082219,0.0494924311298109,0.0681276235599144,0.079466795127521,0.0554007859926542,0.0675000372527559,0.0503907926556409,0.0690170365612601,0.0790375281318309,0.0557975205427334,0.067127784787297,0.0502581328273613,0.0673042646578697,0.0788091241075188
gaussian,400,62,0.38268343236509,0.25,33.251583578659,39.0723716554265,27.6119406066487,44.8996734444042,45.1837986946232,17.5831154010611,20.4861045136623,14.7702765648568,23.3925173322128,23.5342944157913,31.8041651158519,39.4641244019073,28.1160245509885,44.8236267199465,45.0204312314095,0.0382817789601028,0.0415324795716576,0.0295495480496436,0.0475973394345693,0.0433853348092606,0.0347425917296015,0.0453962101229451,0.032499236337722,0.0516655197199147,0.0512196954685891,0.0403022094846019,0.04776242578852,0.0336226145428041,0.0545173365975787,0.0545014217498761,0.040813442818316,0.0489676137991083,0.034613441462061,0.0562348260945536,0.0561506081155408,0.0416336917482031,0.0497287320324678,0.0354056948023081,0.0570488282600894,0.0568722877507514,0.0377781679318362,0.0502054198221639,0.0352673477160982,0.0575626075487503,0.0574118400582036,0.0416399168730513,0.0487653019733429,0.0342461423997485,0.0559302645432242,0.0563570509316302
gaussian,400,63,0.38268343236509,0.25,60.3983543827783,75.3233918982327,58.7370618323546,67.8406654968144,79.5915632132637,31.1223763936587,38.5662827300186,30.2939709694961,34.8342269361085,40.6951569637717,58.8658433192205,75.9425964815853,59.0804575067153,67.8811929239679,79.7228658469285,0.0768207996228254,0.0873939346746691,0.0642768663702377,0.0810834497766741,0.0921147632369312,0.0769824761166616,0.0958480741777633,0.0752456778831866,0.086166665704441,0.100696558426408,0.0755117868717975,0.09333863415038,0.0716520067867305,0.0848891226015229,0.099062583940096,0.0749802974899257,0.0935391362701446,0.0726360963597976,0.0845025232962971,0.0984668833856374,0.0760633833847073,0.0949351609235169,0.0743037929695502,0.0852788041835225,0.1003254033388,0.0761289948805059,0.0953090376225039,0.0738550099381479,0.0857880892349336,0.0999942678266196,0.0758287202232127,0.0941936354217153,0.0732262748718366,0.0850686069383078,0.099390758674396
gaussian,400,64,0.38268343236509,0.25,36.1805114210129,43.2238965240047,32.6190307237162,42.5732933201201,48.9376291138168,19.0438526968126,22.5566211532455,17.2674575387964,22.2322123887906,25.4064641740366,36.8364018693935,44.0631077839625,33.2488964660305,42.5046287522538,49.6371160894555,0.0477196641919349,0.0564156165739919,0.0430896564544787,0.0551746815259566,0.0633997943221195,0.0469117763795157,0.0561576501067067,0.0426979290329152,0.0547780472158315,0.0632157402145092,0.044872252738734,0.0517014980785013,0.0382043495594686,0.0511127645037966,0.0585362977449659,0.0443590271761418,0.0535286768683459,0.0404445479104068,0.0527769256007285,0.0606849543658149,0.0461925605239742,0.0547783725340618,0.0415672876600727,0.053523658673465,0.061858602622728,0.0440555789719679,0.0559924214533851,0.0428263473782207,0.0536590561604886,0.0613779803699751,0.0452812794678968,0.0543248472205723,0.0409732999348606,0.0532918386560582,0.0612294875734744
gaussian,400,65,0.38268343236509,0.25,49.2493348403814,67.646708091877,52.8423114552829,64.5832685870077,68.2229533877971,25.5619861802899,34.7375962840407,27.3539273531646,33.209851553899,35.0252102617319,46.5249254903299,67.8542850066907,53.3049747187199,64.2710191669813,67.6124099419969,0.061858996127778,0.0627128851552083,0.0379317753700315,0.0742525824810635,0.0678224235510389,0.0602708481962754,0.0846216182554457,0.0654607654835566,0.0818653576910152,0.0849180389017446,0.0617288431604932,0.0841858016100247,0.065559839035793,0.0806235266175413,0.0844971040303918,0.0610253825270223,0.0840677402973624,0.0655069505997366,0.0798492244114973,0.0843863357285888,0.0616188252907483,0.084262843269764,0.0657152627047398,0.0802315960600959,0.0849017203157034,0.062715172840349,0.0841701919538631,0.065379239707455,0.0812551103392449,0.084731539073651,0.061386834312971,0.0843598224613731,0.0657556444488286,0.0803120177896194,0.0847690359785818
gaussian,400,66,0.38268343236509,0.25,36.5651824370625,41.7067430445005,28.0604013211564,51.9892417151469,52.123027703033,19.2354398616833,21.7999005089503,14.9938861584614,26.9283995108785,26.9950352752734,34.7701988555395,42.1340306093952,28.6661794982941,51.9736209903804,52.0553565724903,0.047976363305033,0.0534572677140489,0.0369338697737209,0.0631400378882606,0.0653711603744104,0.0447027886737872,0.0504401614043458,0.0335506417311024,0.0601986339152868,0.0626333283272659,0.0458943147004013,0.0508267825904992,0.0337572271903011,0.0636478894715071,0.0637873137176089,0.0459998867024444,0.0525184251937639,0.035391605093721,0.0650073627088222,0.0654699579467307,0.046126643708363,0.0525749896940192,0.0355764896587835,0.0650088393454071,0.0653585271642551,0.0479778832320115,0.0541281944038547,0.0363640698201874,0.0674182705714158,0.0671097839209769,0.0459959567212364,0.0524362858466778,0.0352781420640603,0.0650324983732571,0.065260561106081
gaussian,400,67,0.38268343236509,0.25,30.3236780516379,39.3369033220606,30.1112927404781,36.3563452154475,41.3977176860047,16.1225656655853,20.6180928083893,16.01697598016,19.1314697235714,21.6458855130808,28.9870930608776,39.449974335099,30.2220375862013,36.3430498215743,41.2061904268228,0.0390282955312971,0.051562838140116,0.0392040608453704,0.0477469061692653,0.054247106334584,0.0324278957100054,0.0446352416259165,0.0340120505496226,0.0405962749266222,0.0436033481532863,0.0383128658385878,0.046913987156734,0.0347901139033306,0.0441734873832782,0.0501701702019629,0.0374517311758252,0.048483331098619,0.0369495363999218,0.0445971731933752,0.0509557619494471,0.0382384306204956,0.0490951249243259,0.0377322952541334,0.0451445494806486,0.0515152258033066,0.0402471780329789,0.0407481782325968,0.0270384023708698,0.0419445415575306,0.0475462051886634,0.0379127469436684,0.0490840654069782,0.0371889108951471,0.045512656130953,0.0516988476342707
gaussian,400,68,0.38268343236509,0.25,47.0043736579437,52.4838433097258,35.3693659373238,70.3920335731659,66.7013486393672,24.4423129429381,27.1750271526065,18.6394013448002,36.1066892363152,34.2659531837189,44.1676794428601,52.9540003229106,36.0649306820038,70.5186988575713,66.4571501233972,0.0600150450301726,0.0659113542152664,0.0437021703708326,0.0899415026885555,0.0832726673497144,0.053424159558962,0.0659970235574337,0.0451100521468194,0.086516728756171,0.0829784469363735,0.0577039714327215,0.0675043839630009,0.0455154530424165,0.0892391936040815,0.0849582640097956,0.0591425804545663,0.0656577641806258,0.0435475385688162,0.0881287992979333,0.0837627886403565,0.0595182165840181,0.0649125024271663,0.0430309247655884,0.0874977793443095,0.0833339272204526,0.059417808850639,0.0675988707684466,0.0461187375588452,0.0901044128679899,0.0851209254092274,0.0578204200597523,0.065493633434284,0.0437982775436319,0.0879452427626964,0.0832085447472784
gaussian,400,69,0.38268343236509,0.25,44.8230410810944,70.2709270956021,57.9933271798444,65.9956347149418,73.1406566714564,23.3543069794691,36.0462822739619,29.9230241996891,33.9139617834126,37.4776522101164,42.0828841791278,70.482793440868,58.4857930564098,66.1024596857453,72.4525439340343,0.049214021806095,0.0875025205994076,0.073378076393203,0.0821564519004047,0.092057729709167,0.0564545416496465,0.0845880960118576,0.0645269156693154,0.0832867065606625,0.0901693323006441,0.0560310022647056,0.0894111396820537,0.0739077720011497,0.0831247071851161,0.0922148251656248,0.0562986931459446,0.0884235142416831,0.0724241045439236,0.0830123581273877,0.091874657043469,0.0565791033289765,0.0885310511657841,0.0727650520842447,0.0820178503644356,0.0911250758146522,0.0524720242808018,0.0874711786618001,0.0715177331786622,0.0801242415706582,0.0905241233249837,0.0555416845471781,0.0881524068393794,0.0724629284336975,0.0827584165578384,0.0914469254849575
gaussian,400,70,0.38268343236509,0.25,37.1680022211527,24.8581030299565,12.0463602989045,36.8637831792003,39.0290119929721,19.536288508647,13.3967590463811,7.00699559028312,19.3845643333707,20.4644540208933,36.3062429759274,25.5438493585013,12.6261465162979,36.859107440473,39.6495188391838,0.0436806735300736,0.0332408231958121,0.015305041099211,0.0484040880463787,0.0511982927942038,0.0478352319855332,0.031819324198046,0.0160342145964976,0.0464769685073346,0.0492465742769308,0.0467253900408606,0.0315578975784973,0.0141251719554006,0.0475931332909892,0.0496198687134348,0.046546329702361,0.0312380356558824,0.015203953433491,0.0461112698093275,0.0488789372902351,0.0476972611096898,0.0316853454480383,0.0150413661658643,0.0470870684020071,0.0496900740634233,0.0478704460520773,0.0298677050573088,0.0142821278333141,0.045166673069865,0.0482105883551361,0.04618883240635,0.0309355819941117,0.0146507883860711,0.046007633782839,0.0487587752520212
gaussian,400,71,0.38268343236509,0.25,41.6615299886168,49.7907601616454,37.6088545817901,48.1437542948339,56.3820591821023,21.7771877386677,25.8318846021362,19.7562473920119,25.0104804457356,29.1193110857268,41.3393146525392,50.515402374986,38.1712986683624,48.052412154021,57.054372211457,0.0507567731031259,0.0642266568079769,0.0452569760847635,0.0625492620787814,0.0729414888715492,0.0532533551494762,0.0630027476664643,0.0469571356166904,0.0613073523878535,0.0719516423624502,0.0533548343873046,0.0630640085575454,0.0476658946338298,0.0610268597849605,0.0709039484319563,0.0526744379771353,0.0629541679869111,0.0473611378195347,0.0607922145981418,0.071105517500161,0.0522201605342494,0.0620773334808309,0.046571421332963,0.0599704022017519,0.0700955996409379,0.0488863537902137,0.0615604229236791,0.0483416695680347,0.0570352548982978,0.0685277682832366,0.0527476415829482,0.0622361602081641,0.046686577235335,0.0602311372074186,0.0705478957330265
gaussian,400,72,0.38268343236509,0.25,37.0536988069164,44.9710319837947,32.4118749800086,50.453056362505,54.2924045831105,19.479266516214,23.4279326481132,17.16420412543,26.1620697649998,28.0770056351673,35.09741314146,45.3860770316252,32.9907652422624,50.6410888939766,53.962755666078,0.048630402039922,0.0553652108613961,0.0373517571313408,0.0640776324128859,0.0689653773844943,0.0440008454315927,0.0559143327869123,0.040915587253808,0.0610880520773814,0.0660207726864092,0.0472935684487386,0.057509216239728,0.0416557552191273,0.0635237064591748,0.0690855254191197,0.0461109406934746,0.0562364585164758,0.0402866432744673,0.0632466479983553,0.067581449601589,0.0462104578691936,0.0567988198931483,0.0413101380741035,0.0636498250767002,0.0685934279857411,0.0487047497891189,0.0572140151775575,0.0417987006817058,0.0629398219630199,0.0693786215148913,0.0462097732684348,0.0565520930555282,0.0404285020219827,0.0635103746154981,0.0682066482448382
gaussian,400,73,0.38268343236509,0.25,54.6806972180627,42.310879714113,24.0438552988975,56.1933938317156,61.2955282412724,28.2706107298744,22.1012095550912,12.9905959038941,29.0251398642628,31.569893426474,53.0444291837955,43.1800885958357,24.7526190745531,56.2835507777011,61.7979341094461,0.0689346628416228,0.0535189644480122,0.0318675344285634,0.068147481776682,0.0757943122581909,0.0675501480867293,0.0517181656466494,0.0295507889802655,0.0691969549278326,0.0755553047087669,0.0702026369371015,0.0549202415832524,0.03175840168504,0.072431857979647,0.0784487471567912,0.0680406199723012,0.0528698267370926,0.0299160014206293,0.069946325002583,0.0761947238582708,0.06915421577349,0.0531816787619166,0.03010843637932,0.0714650494668746,0.0776558492660957,0.0686208052882957,0.0509712257879167,0.0285010219105865,0.0685526256995686,0.0743156116260973,0.0687296999049787,0.0528832334732753,0.0298849043115404,0.0702989310289207,0.0765037987735425
gaussian,400,74,0.38268343236509,0.25,39.8082183729415,44.5009446359033,30.8866301504242,54.2671241198053,54.5216173870371,20.85330244954,23.1935133643576,16.4034648592293,28.0644130533938,28.1915999927786,37.554593792732,44.947487007366,31.5306912607517,54.3406116643075,53.6024314094613,0.0497400427583287,0.0544217473992781,0.0380116864294496,0.0695926022965008,0.0624283598080068,0.0507086508026725,0.0567158138073177,0.0396435877927343,0.0675892995207409,0.0676659096122511,0.0501495281318987,0.0562136268201423,0.0387958321427031,0.0686701374851818,0.0681297496400104,0.0490277804817999,0.0559056817066422,0.0389454320912528,0.0676023314290519,0.0676271258843848,0.0501707586592116,0.0562393434235379,0.0392028900197848,0.0681376285652433,0.068309916278739,0.0434569917344913,0.0540703671407974,0.0382119023877982,0.0605814833406804,0.0633127168053694,0.0493255650487354,0.0557420566704146,0.0384947124563679,0.067974476706307,0.0676897152189582
gaussian,400,75,0.38268343236509,0.25,72.1899102021562,59.1709342781529,35.368776621098,74.0588183514279,78.6257941822182,37.003257923485,30.5103829108854,18.6393230893414,37.9355231919927,40.2132910821597,69.6156778144689,59.8045568268332,35.6881649966606,74.1610180569971,79.2189875195105,0.0927040505472608,0.0762884136536269,0.0455038244059008,0.0950587672860576,0.100605674238049,0.0871292294659243,0.0652925456192304,0.033810027820337,0.0871826827932075,0.090432213229996,0.0905281775090067,0.0731845991548729,0.0420521494266862,0.0929010224022181,0.0983119147994895,0.0912182174079284,0.0739968913811346,0.0436178350659059,0.0932895285933849,0.0989337800402537,0.0907905522990506,0.0722606130279895,0.0417919088302622,0.0918503383230291,0.0975159600967964,0.0896274724871075,0.0740262276723965,0.0456693318570312,0.0911132915304705,0.0981344198964213,0.0907633642589501,0.073537911698132,0.0431644479603704,0.0926275209332703,0.098420630019005
gaussian,400,76,0.38268343236509,0.25,40.6157258673059,55.3846770279309,42.0299901577187,59.6260154663732,60.6361957170428,21.2557331899455,28.6217906956998,21.9612226262362,30.7372487684111,31.241204492394,38.6918311405055,55.7947884834134,42.6284924661002,59.5700771484967,60.2845120026309,0.0458535290894159,0.0704940706465455,0.0532302187423185,0.0767637023500949,0.0719621818890922,0.0487559142418748,0.0693132596913392,0.0530299250214164,0.0736460018684012,0.0736778759467045,0.0505158213366231,0.0688851669012091,0.05203422995517,0.0736612042451986,0.0734572637676586,0.0503496776995478,0.0689490861777681,0.0521660358247878,0.0737518520240216,0.0746567379168563,0.0513202713730216,0.0700610673081314,0.0527933287660163,0.0745735784737043,0.0764319608648955,0.0521066415822119,0.0688724766347693,0.0523329657342479,0.0752543659463018,0.0746083665998193,0.0510156985073252,0.0694981891420489,0.0525983550218469,0.0746551309619117,0.0756213647656635
gaussian,400,77,0.38268343236509,0.25,60.3895060580143,47.6899589850761,28.2166283905872,62.0143844810635,63.5654647135042,31.1181305396608,24.7842485433199,15.0720989856435,31.9283925028377,32.7021527544562,58.8275175311605,48.4173383504772,28.7024807913875,62.0465667394451,63.9244633296254,0.077847809780283,0.0598423778489403,0.0334948010954769,0.0779948701436479,0.0800512582358911,0.0734632471481749,0.0577306186731399,0.033604149299879,0.0770256545512231,0.0781161221635384,0.0765630971103512,0.0592852750808053,0.0339680475337433,0.0786602632187768,0.0795378247242859,0.0750434346618806,0.0598217627523378,0.0351899588762966,0.0778575295101341,0.079474511186201,0.0751355942882798,0.060147354261511,0.0356283951651332,0.0778912506480636,0.0797367809948797,0.0699981199979473,0.0602529145593621,0.0354877058922177,0.0777464001464332,0.079489216566343,0.0755035666488089,0.0594652880121385,0.0347217207846471,0.077691880369648,0.0793957608302954
gaussian,400,78,0.38268343236509,0.25,39.3953832156407,48.4947696827316,35.8737491316886,54.5551585255597,55.291497916388,20.6475053089779,25.1855555356993,18.8909358171667,28.2081842499367,28.5754556435301,37.5311707939301,48.9521578261238,36.4189682278528,54.461164842133,55.3011686495653,0.0503386432699977,0.0631184236621675,0.0472331191416866,0.0687323644655553,0.0707549389420921,0.0503088215047262,0.061242717996856,0.0440774152498875,0.0686113677445117,0.0707521649999875,0.048679998964274,0.0619313626707132,0.0462027130400262,0.0695264169936478,0.0701294266676372,0.0485398652522185,0.0602081288723877,0.0443923068280996,0.067789611326655,0.0686411485642358,0.0485404781832069,0.0609408052324429,0.0451714237619851,0.0683137991404463,0.0692091828534574,0.0498953091606362,0.0611754025372614,0.043067115405929,0.0700220546106853,0.0715191747604478,0.0485969771785551,0.0606069026311427,0.0446292746065054,0.0681393378212852,0.0689730574291007
gaussian,400,79,0.38268343236509,0.25,35.2316014354861,71.992621384445,64.1761472363442,64.2698139199469,73.5994215188376,18.5701100057188,36.9048138038505,33.0065507649392,33.0531506576314,37.7062014642308,33.8226106702976,72.4245094142741,64.9084849339239,64.4440598265018,73.4504614035068,0.0461551938374888,0.0917767316256344,0.0808358321305022,0.0826650073734392,0.0941432386133598,0.0463959741727813,0.0912930501193397,0.0805739776737891,0.0820715797541457,0.0941160470339815,0.0432446680446443,0.0906347246250116,0.0807432938052563,0.0801816741293023,0.0922141210154051,0.0447315480015785,0.0908031929990075,0.0808351261630909,0.0807724153511688,0.0926711069870419,0.0451730848915209,0.0904538687249945,0.0801793642601721,0.0806276187681426,0.0928602560901122,0.0460251431554851,0.0918212941088883,0.0824540845792494,0.0807600339546683,0.0935648437669166,0.0448342256894649,0.0907409779279542,0.0806253237739781,0.0808891412630702,0.0927229823616124
gaussian,400,80,0.38268343236509,0.25,54.539324145214,56.3363717432922,37.8457911654281,68.3882243311074,65.5677157692159,28.2002704436633,29.0966833489194,19.8746755306684,35.1074762481646,33.7008769613167,52.3644823993524,56.7441826326146,38.2246775749685,68.2558193971963,65.4615657672144,0.0642649907782056,0.0701833059460893,0.0487426670314832,0.0846778077396875,0.0813849788292263,0.0679973527011912,0.0704571348564959,0.0477012625515757,0.084710939621453,0.0823324855897248,0.0700922451780869,0.0722101939101423,0.0480613573225131,0.087533419808503,0.0840075037450236,0.0687708175248863,0.0708087591777403,0.0474175051577806,0.0860312985799584,0.082225003986618,0.0691620448214426,0.0716845053116099,0.0483972390793868,0.0858434104300095,0.0828012376441046,0.0670414856386359,0.0667314850829215,0.0444488270935487,0.0815552140177439,0.0787437562153643,0.0679853612179943,0.0702132272506019,0.046871047107084,0.0853937042415514,0.0815096478937791
gaussian,400,81,0.38268343236509,0.25,66.9698790693101,48.9703729466746,29.5593476304563,52.1972272370298,62.4304607681955,34.399892723432,25.4228617918474,15.7416774469295,27.0321500951159,32.1361746630456,65.9320885993549,49.7025627290441,29.79162461124,52.1437513678652,63.0831574914204,0.0763337702945979,0.0404529324375129,0.0208895140120759,0.0396424918708786,0.0612866031587202,0.084147293555397,0.0624781803188808,0.0382369949696818,0.0666123431774816,0.0785664711632573,0.0840381339381303,0.0623420638290856,0.0382559770380792,0.066238918637583,0.0783654511325964,0.084296713317218,0.0608558939279357,0.0364111675630795,0.065318773382177,0.0774161253660756,0.0843930324958348,0.0600917462202851,0.0361107479549049,0.0644175950625154,0.0759564997414377,0.0831959330293904,0.0621512672000483,0.0375408296073661,0.0653997874419183,0.078769827004834,0.0835571914231168,0.0605194989977259,0.0363163248577226,0.0645178109607675,0.0770325520804455
gaussian,400,82,0.38268343236509,0.25,92.3786618162491,82.842804735018,54.8524848444018,93.5442742252576,103.425182241242,47.0727715931973,42.3165999720598,28.3565092551776,47.6539820064595,52.5820960709489,89.8272691659399,83.8376222128478,55.5645635736511,93.5002441283289,103.863728723271,0.117498264877967,0.105515956049253,0.0703850557154039,0.119405976393717,0.131586617791581,0.115191292044024,0.104104206199825,0.0662111876784992,0.118223721666532,0.131036905812589,0.115945305050425,0.103061105837567,0.0674838171875209,0.115612728608513,0.128923442818353,0.115655495420486,0.103994084585068,0.0684252906205605,0.117608911556832,0.129727489207479,0.114801708279785,0.103618929231586,0.0683826802341132,0.116341878458622,0.128553724570651,0.117097441365293,0.102635007603229,0.0658867615929295,0.117841678720916,0.130015190810153,0.114767437124402,0.103324966992722,0.0681652997285595,0.116703903306276,0.128942794776309
gaussian,400,83,0.38268343236509,0.25,33.3438449686505,37.4764302497555,26.3594473206536,43.642014512614,45.5841738868307,17.6291614099166,19.6901080171958,14.1456179716238,22.7652062923731,23.7338595930565,32.3863236591169,37.9892224771381,26.8585862184884,43.619557198877,45.7607528807283,0.0123436696254815,0.00643550267945215,-0.00278667839824851,0.0284926840693045,0.0154974316841702,0.0400995616221524,0.0471848566522745,0.0321882952754684,0.0543727098443506,0.0570749146200891,0.0413576302576375,0.0478785517102305,0.0336945365952974,0.0556663926399499,0.0579089876342142,0.0408339635550217,0.0470858331903319,0.0333501384240024,0.0540199680560007,0.0567070381021086,0.0421730295143881,0.0467047408197329,0.0324426019027564,0.0552542182550367,0.0573331993203325,0.0428869877241794,0.0477920776127882,0.0333364033400535,0.0549563457945631,0.0570046507799332,0.0417179940711653,0.0471204474796763,0.0328077828129998,0.0547885847252563,0.0572711198726783
gaussian,400,84,0.38268343236509,0.25,63.348735757257,54.6639309465054,33.8049744057946,68.8607742200428,70.6921373682815,32.5941226836479,28.2624552833658,17.8591649628468,35.3431110703942,36.2565006513429,60.5566875984388,55.2439771266362,34.2560401887241,68.787810545116,70.8569083162683,0.070600111705584,0.0655974016642468,0.0414811487754147,0.0857733307875481,0.0840624160772439,0.0811110672758563,0.0676872206405558,0.0397712924348868,0.0866742329630522,0.0887996316944068,0.0785320855626005,0.068245879108697,0.0415895155590218,0.0868781692636371,0.0891336794912835,0.0786138232899083,0.0681732472536722,0.0416209515359225,0.0863255043533695,0.0884626212539369,0.0785389554478754,0.0668875958409856,0.0408676140497147,0.0848416550814094,0.0871548715389322,0.0759865282156112,0.0666277272211827,0.0411994818401361,0.0832205690865447,0.0856182732567076,0.0790177112540909,0.0685398404363994,0.0422384299793005,0.0863018524824911,0.0886041881406469
gaussian,400,85,0.38268343236509,0.25,35.4859569129587,47.726225560176,36.2088236372991,49.5826989317141,48.923610747965,18.6974017166606,24.8023658786395,19.0582293770626,25.7282269429091,25.3996140072847,33.4345528877427,47.7538497325748,36.3556913632423,49.4117040584798,48.4516400912258,0.0460037160731708,0.059939141703031,0.0460745988076054,0.0628649981784536,0.0615754978406193,0.045488045831127,0.0596574614453016,0.0439288564745044,0.0623564550196957,0.0627179536272651,0.0438920618297338,0.0601928350313996,0.0458233104581573,0.0624892028391678,0.0614868348440111,0.0443928808298222,0.0596619846919834,0.0447625727288085,0.062151527084137,0.0609406422173083,0.0443378715671034,0.060057083308165,0.045541017175814,0.0616659580334796,0.060741795270762,0.0431178603973708,0.0603686107608297,0.0439230119756809,0.0643710381431417,0.0634795516164763,0.0442256482913416,0.0590929085329843,0.0442458239551854,0.0615933784888185,0.060540366973999
gaussian,400,86,0.38268343236509,0.25,65.5172163275163,81.5161057210929,61.6018812742942,85.8834827765082,95.5566213222596,33.6753550971746,41.6547131497582,31.722658107813,43.8329547000799,48.657462281357,62.5181388121389,82.1935912046068,62.3384718852656,86.0993929062019,95.3910482671639,0.0763759017434488,0.0920810415428847,0.0679910880477537,0.104496363434194,0.109599024250136,0.0837512333504555,0.102346973696879,0.0766195009512729,0.108505865782359,0.120280794627008,0.0809278283230939,0.102703774047603,0.0780719596562338,0.107574672593421,0.119544431437538,0.0819524754753481,0.101840442696183,0.0767193293115183,0.107486434726292,0.119428312315079,0.0818505384280111,0.102100942426498,0.0765791526015594,0.107914767067055,0.11985636658071,0.0842540957464271,0.100586358924238,0.0731902772032751,0.108700529633751,0.120182917577309,0.0821656700227054,0.102187087013422,0.0769042765921616,0.107725283171618,0.119676841849301
gaussian,400,87,0.38268343236509,0.25,43.9746845024111,50.0353489932575,35.5742905919413,58.4327364198591,60.801822712156,22.9312733758773,25.9538236958005,18.7414654197344,30.1420789526374,31.3236483547255,42.1465669554499,50.68268918681,36.3579561139888,58.400977049211,60.8899884327017,0.045813724288546,0.0637582520677543,0.0462861522678894,0.0753486370889753,0.0779003529748029,0.0567331017497301,0.063130624230127,0.0438604972131134,0.0750955093824369,0.0779913308856977,0.0538133277835702,0.0631549020227826,0.0451866641685233,0.0730681950395715,0.0757673816177535,0.0548187850024228,0.062527778439574,0.0440120625546605,0.0735080248977654,0.0761706323093762,0.0535708707069446,0.0623536618185284,0.0443803998457333,0.072789037493523,0.074999782782156,0.0544403169532667,0.064720984655523,0.0464610542483682,0.0737504505671218,0.0768181813141582,0.0546903908746415,0.0626767475306864,0.0444456654800673,0.0730966184861081,0.0760622776142139
gaussian,400,88,0.38268343236509,0.25,35.111288423063,41.1002607342066,28.2948382526055,51.8742820030067,48.687110888346,18.5108199198595,21.4975356451356,15.1109942265389,26.871025122937,25.2815494649418,32.2462031798028,41.2539351831453,28.7671341134082,51.9022013459151,47.8827185895882,0.0459835976359921,0.0533726098735821,0.036880248767809,0.0666345564476993,0.06335406409637,0.0456102411855448,0.0528023791513376,0.0364612766587416,0.0670523776675234,0.0623643474388619,0.0413535859229148,0.0528918162762613,0.037048054356128,0.0655850954259806,0.0610383110635725,0.0432919546165455,0.0507390506598143,0.0344572958629225,0.0643027222262755,0.0600507806911335,0.0430874097573041,0.051043485434742,0.0347642679278213,0.0641280356894164,0.0602536421694718,0.0421137931616738,0.0518175009546469,0.0362352878543215,0.0655533807597773,0.0612969518676402,0.0435378755749807,0.0516664390612228,0.0352474826736758,0.0652439471180346,0.0609653630597056
gaussian,400,89,0.38268343236509,0.25,41.8441596527068,35.9776306275311,21.6627474875056,46.5401874770918,48.2070599833155,21.8686442185265,18.9426120720563,11.8031025230908,24.2107282881557,25.0420753625587,39.9183675400502,36.494573900036,22.2494868172773,46.446348064584,48.3103254032812,0.0513964099472246,0.0465458895061461,0.0295779631190716,0.0588531598335357,0.061817454367301,0.0528172443891613,0.0461954727609306,0.0268198240379625,0.0591224496394851,0.061769431409103,0.050944865860763,0.0443630332621803,0.0269575877149035,0.0575742698961045,0.059440952152569,0.0517940250107986,0.0449419810965708,0.026982923103253,0.0581484682241551,0.060068910534884,0.0524015131253349,0.0431408436533981,0.0245983939433307,0.0575381019990319,0.0590026767675584,0.0523462178800303,0.0464586855386876,0.0286342067709143,0.0581864552994047,0.0613283579670399,0.0522006493356587,0.0448465931256788,0.0268028206273497,0.0581002390421461,0.0601952617273613
gaussian,400,90,0.38268343236509,0.25,38.1101414341829,43.1075496569268,30.2530802153595,48.9575483831263,47.8407535642727,20.0062377126028,22.4987913263179,16.0877175691899,25.4165108252261,24.8595202285119,36.261800728822,43.3252199584912,30.641267378125,48.6811379035254,47.5521096442455,0.0488831513496605,0.0556759603985253,0.0385647913878654,0.0636612948993429,0.0617335351665593,0.0450744707366487,0.053371955929603,0.0382335326659713,0.0588147492073982,0.0569064037618329,0.0479833133642177,0.0551005005446477,0.038555179125754,0.0618984560163157,0.0608315226814611,0.0475767364456358,0.0533675701678674,0.037113226910011,0.060688434684229,0.0591186268754509,0.0477569890289705,0.0530767965423365,0.0367149246234417,0.0611322747136811,0.0593948084063113,0.0497241671299676,0.053420646191942,0.0354425956549056,0.0617607371804738,0.0615371805843527,0.0476218128746293,0.0534664254736786,0.0372199688491545,0.0607859088068358,0.0593328279529328
gaussian,400,91,0.38268343236509,0.25,36.36266883507,45.3492298934872,32.5147982245446,53.854467558531,57.0678496349006,19.1346400331981,23.6164012341542,17.2152591696723,27.8585261825003,29.4612694936953,34.1739165731488,45.9512823927591,33.4017439398301,54.0466523601413,56.7210314792836,0.0362791431774246,0.058201547927708,0.0388936729741447,0.0697662813358472,0.0721596446829933,0.0450882189398475,0.0553162777149716,0.0386314114687129,0.0664511205919302,0.0714736905112063,0.0454481665808976,0.0576174167848669,0.0417039239788797,0.0678570503430259,0.0716450363261652,0.0451741938396512,0.056916747190917,0.0409066277604036,0.067236438259672,0.0708420706034739,0.0455591997508236,0.0561787689343135,0.0400537073756745,0.0673834462401289,0.0712715642463345,0.0461898801555953,0.0526200360823118,0.0348054651870824,0.0662973344301209,0.0699725909511272,0.0453571534530496,0.0572298678267533,0.0411236089148659,0.0674893472732973,0.0714377151730706
gaussian,400,92,0.38268343236509,0.25,51.4576943478556,42.0010557888928,25.0851459045428,53.0449862141708,52.6468247464063,26.6635084955289,21.9469929614272,13.5103133217237,27.4550349771671,27.2565927300789,48.8706202950314,42.274887475121,25.3457827931511,52.8922774226329,52.3392658709844,0.0551360473342421,0.0243793870095593,-0.00183668646935306,0.0458192982373427,0.0495281177704172,0.0642226210852263,0.0462341607948464,0.0234339854611807,0.0639055016678491,0.0607524444307158,0.0639666608597426,0.0509557781223783,0.0288185225519074,0.066012199537703,0.0643960724197437,0.0640044520928449,0.0523037724639117,0.0310123528426766,0.0662758735122976,0.0655897615437239,0.0628164872793396,0.0515331938028233,0.0300620297064882,0.0653425598947885,0.0656190488374152,0.0591150639775368,0.0528648252134178,0.033337446138646,0.0655798270836134,0.0611928273579286,0.0638653571883108,0.0523106657003408,0.0309747430691714,0.066246503815646,0.06542058004911
gaussian,400,93,0.38268343236509,0.25,84.0741403621632,53.9036105081737,27.0952838359302,77.9645590228863,80.365284947285,42.9308934331714,27.8832306648082,14.5126829399659,39.8835301383483,41.0809836044913,80.9286086695874,54.8177907514202,27.7105080479382,78.0583746656242,80.8119256208773,0.0945142158556081,0.0677713281751268,0.0360276993000497,0.0986441457153968,0.0982509735390291,0.106649471347303,0.0692636216284108,0.0352467136253323,0.0984771992684255,0.102767074904403,0.105331492940572,0.0676660909016895,0.0338615805866022,0.0981521036329654,0.101510274687173,0.104396246575266,0.0666085001917203,0.0329269290181508,0.0972492285044878,0.0999402009015738,0.105179628761724,0.0683311407534549,0.0348509343736899,0.0983588287445001,0.100957759004255,0.103013344501425,0.0656000930949008,0.0325054697159314,0.0973563574507999,0.0964850968748513,0.104510051837221,0.0671864898068171,0.033524992438222,0.0973724860092453,0.100146415490393
gaussian,400,94,0.38268343236509,0.25,49.1510484400486,69.4807683255375,57.4152255690638,55.1215662740372,73.3109887899727,25.5127663013107,35.6521272587094,29.6345344853339,28.4905283754768,37.5624525381432,47.2435578515106,69.9738749488889,57.9145281791971,55.1995994581188,73.3192544693709,0.0636160121591443,0.086532736235768,0.0707020348814792,0.0712026757815871,0.09261966937085,0.0622013348567993,0.0874478256764032,0.071007394851005,0.0706054419467455,0.0931791132760386,0.0618687922362528,0.0885073552204958,0.0736585955417934,0.0698878099400651,0.0929105016960267,0.0615130569073095,0.0870055048711422,0.0716293571641653,0.0688435952981842,0.0918995981790632,0.0615567933076299,0.0873509391185391,0.0719675986568895,0.0687266380796935,0.0918651401778517,0.0599953499389806,0.086860403318492,0.0699207453508355,0.0701861057260015,0.0923363224838547,0.0617800962782471,0.0872040964273937,0.0718059630318863,0.0694234940513373,0.0921057298406808
gaussian,400,95,0.38268343236509,0.25,56.7386288521188,37.1291578798215,19.1610360867189,49.059972300059,55.0445902567438,29.2969459487775,19.5169959864023,10.5555402752391,25.4673270747079,28.4522328311358,56.2086819065803,37.9487017261151,19.5328236571789,49.1736013482547,56.0312418912048,0.0734189829015256,0.0489057362135274,0.0250042286565153,0.06373977715471,0.0704330761209162,0.0710345965940269,0.0454510416949116,0.022725463184892,0.061043243140627,0.0688292775546517,0.0720117077233336,0.0470446040486294,0.0248981499287713,0.0611591066791517,0.0693907525427522,0.0711813670622038,0.0459228610779462,0.0230833147916372,0.0613726159456389,0.0687111379681603,0.0710834677616026,0.0466049044515906,0.0241020677763976,0.0612501854976002,0.0687220832038459,0.0718074185569934,0.0469467743599663,0.0248436677315043,0.0609992010640945,0.0675804466549039,0.0713569048488698,0.0462565364603506,0.0233912395745809,0.0616079720460413,0.0688740589779223
gaussian,400,96,0.38268343236509,0.25,61.4584062983747,57.9736757444661,39.4434664846101,61.543466246327,69.9008954832887,31.6510770763736,29.9131207367468,20.6711941324781,31.6936149984766,35.8619764762306,61.7507570185464,59.010377515512,40.0263790786786,61.4350362105023,70.7846037803016,0.0715599516120263,0.0638121899752426,0.0437901894395041,0.0687289447021913,0.0767180387987989,0.0771685752757596,0.0736101467987548,0.0507104815323382,0.0786730915295003,0.087948155773496,0.0780843923005047,0.0729634866693308,0.0491839391922634,0.0781282854188468,0.0882280417818029,0.0767846594189086,0.0723934221642169,0.0492219835433339,0.0770237789338306,0.086960272515957,0.0769370742210825,0.0724122304845545,0.0488809159196528,0.0760530131411544,0.0869215056193526,0.0787546404392067,0.0745060980973847,0.051447930353405,0.0780848172190325,0.0887170293134459,0.0771458235815564,0.072574857138379,0.0492671831609747,0.0768918631087727,0.0873194505062779
gaussian,400,97,0.38268343236509,0.25,64.3535850293576,62.7345295344621,41.6551736201521,75.7186270819327,80.7854296045573,33.0951684606268,32.2874842636759,21.7741877746145,38.7634356287412,41.2904307787177,61.8494325278087,63.5698399406154,42.5371674269745,75.6781771551612,80.9982235497092,0.0814291264910681,0.0804542315207672,0.054303335833367,0.0962624910478156,0.102783682220558,0.0785099826018216,0.0774788190903513,0.0524936089564399,0.0944753189363792,0.100049376732828,0.0808489236084636,0.0772192179889178,0.0508459722764453,0.0935955319823951,0.0995989588834038,0.0809686826414903,0.0789904809676588,0.0522307272186279,0.0949916968267463,0.101617551734453,0.0798975425303641,0.0796340053415645,0.0533601266529539,0.0953715463570818,0.101561049812373,0.0800458503577822,0.0798586764487308,0.0532092854210268,0.0968633981031554,0.102628719111268,0.0802828718285714,0.0786853019636355,0.0522307228219245,0.0946770699272743,0.101152139650453
gaussian,400,98,0.38268343236509,0.25,34.5245881460163,38.8941457548858,27.28026796258,45.42313158358,48.8181829273326,18.218110011164,20.3970771220872,14.6047362569838,23.6534386133504,25.3468318177191,32.1958225274988,39.3484440152751,27.9986205427054,45.5330090961497,48.417526354827,0.0436433899346512,0.0486482944585396,0.0326050413149685,0.0588620147661955,0.0629902222276596,0.0440445929650145,0.0501998909123581,0.0346469763158677,0.0583416798155778,0.062261045618816,0.0422875816361996,0.0490594974680344,0.0340494585297954,0.0580781684523045,0.0610474717466762,0.0435794095856022,0.0488542187833648,0.0337004109812842,0.05740065517091,0.0613234963554584,0.0417556369088641,0.0484338337883345,0.0339088957383136,0.0565658612304997,0.0604061177374621,0.0452724473823249,0.050354226526923,0.0352341993013466,0.059202524270344,0.0625195995869645,0.0421200693047594,0.0484868061437478,0.0339767920819461,0.0564466068747974,0.0603761614524166
gaussian,400,99,0.38268343236509,0.25,60.9223136426782,53.2363545784908,32.6987811683766,69.4829346373906,74.3395842924167,31.3837398205034,27.5502873880259,17.307349647744,35.6532181977795,38.0754325304975,58.198881870811,54.0082045015709,33.4371191879554,69.6839561156653,74.6679413017051,0.0638368381905965,0.0666585209091311,0.0428526479549422,0.0866195136860785,0.0906602720645955,0.0753289263964261,0.0676298549790884,0.0412405734328516,0.0865507550227547,0.0932135262994307,0.0771815494970578,0.0654456584899442,0.0398774547048625,0.0864196945016389,0.0926428848499631,0.0761382470387512,0.0658942293520265,0.0397718543136061,0.0862955431593838,0.0925744030379731,0.0766143197785124,0.0671424127848771,0.0410993981191803,0.0877199959264259,0.0936679598023753,0.0763606759105,0.0689115276331907,0.0433550197447128,0.0892465275926684,0.0951944841530157,0.0761789479479061,0.0666519231136604,0.040696329205068,0.0871394650253075,0.0932395357753205
gaussian,400,100,0.38268343236509,0.25,56.634061489164,56.4592960211964,36.8916359407424,70.929732158003,69.0444503521116,29.2449635098027,29.1579280650731,19.3987660649604,36.3749724597982,35.434743709202,54.6822724581526,56.9396796814968,37.2639276933095,70.9180662685289,69.0428635268477,0.0655064234476918,0.0730511967807571,0.0464494676661244,0.0886685752825498,0.0873490254392505,0.0720223127100487,0.0716471738373581,0.0466055175447516,0.0898858528891621,0.0870310806071323,0.0717260387742091,0.0664694580855387,0.0401200954047193,0.0865348571542933,0.0843134421252751,0.0700886997027301,0.0700502136859828,0.0450903268904267,0.0883817699925994,0.0858881959293011,0.0706442503319622,0.0694492752784717,0.0443422853072119,0.0881474429741797,0.0851813158334405,0.0699547158236751,0.06188906593919,0.0366086230147283,0.079113276142859,0.0780917896392681,0.0706122961321485,0.0700818363201905,0.0451499631068488,0.0884350890943052,0.0858322697513977
gaussian,400,101,0.38268343236509,0.25,28.3948564556837,43.5094653513465,34.755628243375,42.4596564944978,44.4569470262978,15.1608221062159,22.699087331873,18.3331683834029,22.1755624929442,23.171804075423,26.6617932982038,43.7027443815091,35.214377903204,42.3483697546868,43.9539898911278,0.0376919625255442,0.0567730294839663,0.0451442062313388,0.0555691430336954,0.058058282596782,0.0339652415009096,0.049952933384476,0.0384038976488595,0.0516210286402792,0.0524072612559235,0.0355601946772628,0.0546190926534185,0.0429448357835695,0.0535965894832003,0.0557750813897942,0.0352844877724398,0.0546777355454594,0.043750648469446,0.0532685348073815,0.0554291707818114,0.0357097326470229,0.0548236372955686,0.0434206761313621,0.0537447720309374,0.0561632146246013,0.0348541731770976,0.0567215131332581,0.0456596215114835,0.0552117837734466,0.0574424870569746,0.0350296668075452,0.0543160014385623,0.043337068358514,0.0528392861538169,0.0550898077138672
gaussian,400,102,0.38268343236509,0.25,26.0144812750387,47.4123666333069,40.0729934802634,44.1885681388429,49.8405206559099,13.9734633657619,24.645454765498,20.9850356480307,23.0376529118579,25.8566818727686,24.3149562009422,47.7199865163332,40.6755627563339,44.3559735458377,49.1244395389462,0.0232210729865881,0.0614324457082132,0.0521119424381471,0.0535839089802795,0.0604910616710735,0.0314842437486366,0.0586272040891539,0.0499363392887083,0.0529686406764875,0.0605514664021363,0.033410863446035,0.0606176639203048,0.050912323130749,0.0558894656025134,0.063434895613737,0.0327265614654381,0.0597245551852477,0.050224815916437,0.0557253005856462,0.0625553308974192,0.0316138161459973,0.0592414821792692,0.0502455790713767,0.0549231874219447,0.0614274459557683,0.0320779777693654,0.0615727777666914,0.0525644914966722,0.0575674482507156,0.0636759482961493,0.0325763499544047,0.0596511272354056,0.0503216031898829,0.0555259124596897,0.0622630762452368
gaussian,400,103,0.38268343236509,0.25,38.7004599307884,55.6838477304702,44.3096567026813,51.2184085440076,60.5579658607603,20.3005933984258,28.7708724804098,23.0980314070839,26.5438591455883,31.2019750275282,36.6988522378029,56.1152898464558,44.9364012738567,51.2863024933283,60.2896422604718,0.0463431859030945,0.0712212806203456,0.0554786253631873,0.0664822906718501,0.0781873568331247,0.0497734793695577,0.0706896266467745,0.0557937605471836,0.0657465264207047,0.0770045501224353,0.0474151154473196,0.0705984212115941,0.0570746033953853,0.062842192944068,0.074984361505505,0.0482455339801729,0.0696121739455925,0.0550382554261171,0.0639098399040582,0.0756125596804727,0.0486571926010379,0.0694828383163332,0.0552942516293351,0.0635926611389744,0.075198888071395,0.0437277361306072,0.0678607487852884,0.0551198531161342,0.0600460438199478,0.070064360520996,0.0482972689561541,0.0698782573243741,0.0556660266482759,0.0638915378388818,0.0756941504180998
gaussian,400,104,0.38268343236509,0.25,54.4345196847236,60.2452736410622,42.0276022664104,72.743800362822,69.6564141662531,28.1480024288779,31.0461988391449,21.9603147600757,37.2797867873973,35.7400568566934,52.0506145631122,60.6911345161683,42.5858800140247,72.6383538393167,69.3752418231939,0.067153648055878,0.0777210602928318,0.0549868857645249,0.0934091461601209,0.0885214160234712,0.0669811557922817,0.0772092687441761,0.0547285242023534,0.0924166025760343,0.0878961815507649,0.0675903940717267,0.0748642499995568,0.0521437071137787,0.0899949314754221,0.0859278070855774,0.0681273785330314,0.0752307037160659,0.0521241753844688,0.090988760047616,0.0869270452301849,0.0683930028467484,0.0754527541637507,0.0524323585295985,0.0908928995013145,0.0871291262340026,0.070286876231395,0.0770331778878076,0.0528542310720534,0.0931841634339599,0.0895424455474155,0.0680896428478124,0.0752207588304628,0.0520736911258603,0.0908807913057135,0.0869462983358419
gaussian,400,105,0.38268343236509,0.25,62.3036409280701,81.5422480003958,63.8935007958752,75.9450689268218,87.7999806679765,32.0724609815275,41.6678520466285,32.8656327297371,38.8763263786767,44.7890531932207,60.6441889571908,82.3047788552031,64.493659162131,75.9403613298157,88.0597391078715,0.0669743311078528,0.0895468889982605,0.0734323570824309,0.0791858788396557,0.102798703493232,0.0798885580745776,0.103490594904149,0.0810493275097203,0.0969678304907816,0.110738095241989,0.0786173186361187,0.101976511526775,0.0793446399630924,0.0950121564301708,0.10984281516873,0.0783654390615922,0.102059556669838,0.0797693300158021,0.094924323871192,0.109533451648372,0.0788764452437892,0.101944650010076,0.0795825678556488,0.0949666750945635,0.109503587666338,0.078592312232882,0.101188198198334,0.079715987911655,0.0937110904633447,0.110508508904852,0.0780755686017622,0.101614330333721,0.0794546292284517,0.0943697497063153,0.108816479501671
gaussian,400,106,0.38268343236509,0.25,39.6344018465133,33.245507262146,19.4564705292091,43.6018767941854,48.6578989802226,20.7663850830319,17.5797892737092,10.7025953547289,22.7450580255537,25.2667289973498,37.4689471729727,33.7678562128549,20.0046001864035,43.7931723791724,48.6212921726434,0.0520413440261265,0.0345602409430883,0.0157045477316006,0.0475401340466194,0.0558959399907175,0.0497319404353062,0.0408856590843622,0.0229756564833418,0.0537421799073919,0.059647742334936,0.0482141873968138,0.040617691772024,0.0238400366990463,0.053275573404058,0.0599417870748296,0.0492145917674288,0.042144286851251,0.0250526498317807,0.0550155881157882,0.0613403295410374,0.0486004811807627,0.0409508390221352,0.0240063897018934,0.0533901137796483,0.0597393954502844,0.0492941186206691,0.0439252592796027,0.026343898081971,0.0564148730493317,0.0628300281619878,0.0497354752049597,0.0417765021393628,0.024343305379635,0.0547499245130858,0.0610492861528547
gaussian,400,107,0.38268343236509,0.25,70.1946497354262,60.552028697644,39.3225306887287,65.3901900300483,77.9831991624675,36.0083860210229,31.1989841205378,20.6107568759831,33.6121203540318,39.8928651240252,67.7504575763127,61.4076215954454,40.145305398479,65.3462518468746,78.2677763623977,0.0782946270209505,0.0621538937845938,0.0422687500518814,0.0631468723791991,0.078315429808656,0.088514049815996,0.0747049981812486,0.0474570338893929,0.0801623349497343,0.0963118454895557,0.0895801105532707,0.0774399584076651,0.0505784826551175,0.0836138289397676,0.0994620047374252,0.087123299193527,0.075290933157249,0.0488965627469243,0.0808889274765485,0.0967387639623699,0.0891007655565122,0.0761222100918852,0.0496145719840386,0.0822520465103963,0.0983985832017811,0.0872651133247809,0.0769792610709672,0.0513158465295027,0.0821706769184907,0.0984713891783317,0.0876755333787255,0.0760816259334873,0.0495621503582003,0.0820140614073812,0.0977743169444795
gaussian,400,108,0.38268343236509,0.25,60.0736376475419,48.1527032601904,28.6509027667156,58.7464797243045,61.7443362403788,30.9605683708276,25.0150222067448,15.2885708465061,30.2986240300715,31.7938518329973,57.9995891882358,48.7452840336167,28.9793366151504,58.6752732140265,62.1403295932923,0.0773360911893786,0.05941876862077,0.0268472199823615,0.0741744849550561,0.0790629159416283,0.0748519076214054,0.057611044956008,0.0347355376280821,0.0717151293370372,0.0755457969724672,0.075030323295175,0.0611153360511575,0.0371731150525556,0.0735301916954068,0.0772558213024896,0.0746832583146742,0.0597538026447772,0.0353484818355229,0.0729486131337961,0.0767708399763532,0.0758398820243008,0.0587550801199882,0.0340710781179031,0.0725213713189408,0.0760829349320987,0.0765003650509181,0.0591525358948279,0.0359802531707416,0.0715107174963326,0.0754648529536784,0.0748104584917181,0.0593942022505838,0.0346058382174789,0.0730729383345654,0.0765637467079327
gaussian,400,109,0.38268343236509,0.25,50.4317974787648,54.9166873517485,39.0382146554572,56.4760035684898,63.7202659544878,26.1514051256345,28.3885073737031,20.4693369298322,29.1661325172926,32.7791569336125,48.6232024836255,55.2930951921771,39.2126468591074,56.4958095232427,64.0229787492519,0.0640384501593419,0.0709729164160285,0.0509879877263342,0.0724957878861798,0.0820838458434543,0.0654512172979498,0.0685882685866119,0.0468609889854807,0.0722259091837226,0.0805517001391553,0.0622668654597383,0.0685260389708753,0.0482670792705518,0.0697916685498789,0.0796717338513222,0.0634906428276918,0.0686754506433011,0.0484071503842057,0.0708875265634254,0.0799783485074543,0.0635366386078597,0.0683977910987669,0.0475883356509548,0.0708925783749721,0.0800561604107207,0.0591578207263306,0.0679511463001935,0.0471066644265576,0.068493260810861,0.0782265417841155,0.0634387560837631,0.0685647863462067,0.0481720025439266,0.0707287330875304,0.0798901504842544
gaussian,400,110,0.38268343236509,0.25,16.1234453498556,28.4883074337758,23.621737428611,26.3615681250143,33.4356343000314,9.04017961402654,15.2069993764036,12.7798096308486,14.1464913986151,17.6746034398998,15.4303167561482,29.0189344000273,24.4332626021567,26.4605638381531,33.4175110293336,0.0226529421167531,0.0344564971791916,0.0248867107677917,0.0335080409760214,0.0429033176600366,0.0218506757818292,0.0364741405588162,0.0298685787406161,0.0337719087627561,0.0425479109595151,0.0217873158132444,0.0370286876024597,0.0308741802774754,0.034020957956912,0.043284872151413,0.0198948407152867,0.0357098343713446,0.0296989664535779,0.0326167984068271,0.0414803900939225,0.0204475082700795,0.0354741684521195,0.0295195475068089,0.0326325496986612,0.0416348853051668,0.0206589156711334,0.034879797928881,0.0283876278720814,0.0308428871542186,0.0416664799887935,0.0202888665533412,0.0360467888715353,0.0299867895922491,0.0328504957258082,0.0419294403385812
gaussian,400,111,0.38268343236509,0.25,61.0714262992004,73.7833512969985,54.9313468727769,75.7626971692635,81.5500523031845,31.4580703248703,37.7981877627687,28.3958809851067,38.7853988789038,41.6719234190564,58.527355965356,74.3015817543966,55.4452683600358,75.7448129897785,81.460134234628,0.074334051438521,0.0944502326425931,0.0711169716133891,0.0953463750743154,0.104177608095072,0.0745803628228469,0.0933476888445398,0.069625559116171,0.095303116116551,0.101674884106666,0.0768722857917002,0.0911693635406379,0.0661940084389517,0.0951752991548861,0.102212075958997,0.07667878984757,0.0918414930807262,0.0681681283442787,0.0942967493918417,0.101427933624972,0.0760084816674618,0.0921970726708526,0.0683275473100989,0.0945877194393258,0.101499175935264,0.0784905937910869,0.0941321874379606,0.0703154742725994,0.0969836687073966,0.10398171218365,0.0765433813126663,0.0926765651186905,0.068924675780132,0.0950741720726959,0.102175577717387
gaussian,400,112,0.38268343236509,0.25,42.0953594502342,51.6209610429101,37.441449620451,55.5951598079766,56.2743362149909,21.9937136799731,26.7447268446132,19.6728288014841,28.7268125597172,29.0658281856093,39.8725804524049,51.8356678406453,37.8550073503823,55.6281324998504,55.4397634211559,0.054614518836448,0.0644823282795582,0.0412070670735375,0.0719936665643388,0.0727020688753034,0.0505793873236266,0.0647454572727234,0.047769571221029,0.0664613126390571,0.069584421204406,0.0511743142521721,0.0639043028550045,0.045240798012201,0.0700890384624592,0.068977862314551,0.0526855228952565,0.0638518732986032,0.0458430990229031,0.0692266988480105,0.0691115510009717,0.050843974626119,0.0626946578613409,0.0451950236784924,0.0681129717135506,0.0669889002324301,0.0519549181112429,0.0623015985213434,0.0458029232351088,0.0659223548121092,0.0615802918873989,0.0531079104430623,0.0646877629953269,0.0466110279590701,0.0698941293187797,0.0701604910678295
gaussian,400,113,0.38268343236509,0.25,34.3485068898539,42.5188016487091,29.808416827651,54.6367479912636,52.8607883943627,18.1303598474061,22.2048323117362,15.8656097271249,28.2486985887467,27.3630971341143,31.7021280811032,42.9309168068854,30.5530496946029,54.8269570800421,52.025233564169,0.0444025599196415,0.0545305253475023,0.038918021745166,0.0704505812678921,0.0670223568102828,0.0401676570330463,0.0520362290593594,0.0374662812921596,0.0676488105533137,0.0634162471063043,0.044074085563393,0.0547781769814495,0.0383347968459192,0.0704552374829437,0.0678772156351461,0.0415592097463506,0.0533786218830906,0.0374379501212749,0.0681843685935498,0.0655769692248429,0.0428206105976306,0.0538976234531046,0.0379610451818178,0.0692469273824712,0.0663793790306008,0.0420966943415545,0.0523824882952504,0.0352289098851759,0.0688108982636299,0.0654072443619594,0.0425738158959135,0.0534596477517837,0.0374450635707685,0.0685516363042561,0.0660228240271802
gaussian,400,114,0.38268343236509,0.25,59.8623380922216,80.7719904813909,63.7838306594448,80.9619675869952,83.5290980789172,30.8554189897912,41.2838577255715,32.8111626768339,41.3785908577588,42.6591852689352,56.460301524312,81.0319309019244,64.3170659276575,80.8254182383285,82.5886391982559,0.076417805513063,0.103347061433247,0.0800969751459128,0.100594806493309,0.106359363835698,0.0754118362649236,0.101611417118053,0.080276712945304,0.101427377264688,0.105624491628143,0.0732690395424302,0.100870333732284,0.0801145283497992,0.0993425451707021,0.103524875658601,0.0737672050863648,0.100757167923247,0.0793667948342596,0.100740344199349,0.103453728518736,0.0735475812871114,0.100046935558162,0.078813095161024,0.0998293062344156,0.102955712740826,0.0744789592248168,0.101522234859726,0.0815146996461487,0.0987406016649133,0.102758368407326,0.0739628475068304,0.100874363677438,0.0793936371495938,0.100996538523303,0.103790020346414
gaussian,400,115,0.38268343236509,0.25,43.3396282722505,62.8049341025586,50.6378824721379,54.5781904259911,63.0543740881125,22.6144872098285,32.3226940301371,26.2544388444069,28.2196899254908,32.4472235409376,40.912264675141,62.9538940921102,50.9233281876129,54.4525890389206,62.5090489255019,0.0533176538878011,0.0783075701662943,0.0642027239515006,0.0688230065815067,0.0778770273634517,0.0443404329467991,0.071271548549439,0.0595971700056656,0.0562175090067378,0.0674980434745359,0.0514838616991493,0.0775863000473739,0.0626847756821012,0.0673338579990177,0.0761681347014436,0.0536644604824312,0.0784450121428129,0.0633949976572842,0.0677375149055716,0.0783152972904015,0.0554669254571743,0.079472368930371,0.0636090602073258,0.0693210899025727,0.0799405768925199,0.054180591545482,0.0786256632595309,0.0623480440047496,0.0697596416556633,0.0778145214462132,0.0540440668951132,0.0788076606946903,0.0634451393405935,0.068296971439507,0.078842028817646
gaussian,400,116,0.38268343236509,0.25,66.2841041674644,35.9902545739262,15.862550702017,51.8226280176732,60.6445872617169,34.0576803638127,18.9488808939186,8.91030297071219,26.8451511991732,31.2451360019482,65.585825530707,37.0569872002127,16.4022486017738,52.0204863247252,61.9544040976267,0.0853177030734961,0.0470168766442539,0.0209596728510815,0.0653128916031909,0.0780623678132246,0.0840885350428848,0.0429535344412669,0.0174538624390132,0.0625188111837586,0.0750190178487388,0.0832196912915297,0.0436787303296537,0.0192713568251835,0.062706719960814,0.0745265774959912,0.0830831223835868,0.04453781386114,0.0192669033501601,0.064777702302493,0.0752913060382058,0.0824465765867313,0.0448069958781238,0.0196982934493386,0.0646937618064741,0.0761299769315567,0.0801053148155941,0.0403910701554979,0.0140139060883095,0.0612238505411041,0.0708164501809902,0.0832883169113672,0.0451488890439929,0.019835859185915,0.0651763860866594,0.076036917856994
gaussian,400,117,0.38268343236509,0.25,41.3978850608186,41.809334209863,25.7299154428502,61.9986272503292,56.1244322918305,21.6460143555865,21.8511941267196,13.8318834618764,31.9204658740471,28.9907194193069,38.9495704295664,42.2498147582337,26.2557464213654,62.1509474919846,56.1494650776015,0.0539014894426915,0.0517907096940849,0.02818565995016,0.0793530161814719,0.070751048757347,0.0504221457516661,0.0508177618409206,0.0290679698871192,0.078132280745445,0.0695236012004511,0.050117639911906,0.0539943951641221,0.0331056904502269,0.0781609691060873,0.0712873370196007,0.0513540715043152,0.0511785925304014,0.0303907813311821,0.0770064951523395,0.0694575661729396,0.0513088335255253,0.0504545397820658,0.0296778980493654,0.0761398491209022,0.0684708633840386,0.0501819841996953,0.0521748812995238,0.0331162983357269,0.0762802523732038,0.0697236915478952,0.051325591312684,0.0521992141483553,0.0315718231348041,0.0775987037473683,0.0702724320189431
gaussian,400,118,0.38268343236509,0.25,46.7470086757693,63.4404619617435,48.4872573008769,71.0880201671701,74.6819995887995,24.3137806871002,32.6395302060445,25.1818048722127,36.4537854727557,38.2462271428384,44.2590141059026,63.9863019939833,49.2808690115831,71.2206176813404,74.5694740700679,0.0606768600570138,0.0806363338286187,0.0625535756317397,0.0882360557339224,0.0941438424448126,0.0605165294686803,0.0773946351760178,0.0572372355654593,0.0895586766947279,0.0932291277849723,0.0599676022099934,0.0799393188806593,0.0609368200566391,0.0902313620082355,0.0943340004800946,0.0579480472040076,0.0786732225358334,0.0595713838511861,0.0886487506368436,0.0930329673026903,0.0585017363414812,0.0789225168083134,0.0599036126723392,0.0883679419711009,0.0929352033936924,0.0583734227213996,0.0817455614655744,0.0628568283324206,0.0905768849079075,0.0956840053441395,0.0583732281670791,0.0793923342429029,0.0604443686308118,0.0887842206569064,0.0933806423627701
gaussian,400,119,0.38268343236509,0.25,33.2914291580008,60.2336292456688,52.2418157188587,52.0672949998966,60.5368364897738,17.6029388164884,31.0400962308127,27.0542374838677,26.9672573138501,31.1914890406613,31.5790179800228,60.6526714894792,52.955109103476,52.0973982946689,60.1798254359551,0.0371923104777833,0.0712711312712726,0.0624888706049971,0.0622530468035082,0.0698834015290634,0.0418857203031328,0.0763531179738044,0.0652778108141259,0.0666022848669625,0.0770089686605053,0.0413547982516427,0.0741383510097391,0.0642270821752725,0.0635668857551883,0.0754641688594318,0.0416510798368315,0.0756401492666643,0.0656756473475534,0.0648772673113807,0.0756077631926668,0.0410986460339669,0.0756741895624783,0.065479846676043,0.0652201603315549,0.075828923717978,0.0340661745646785,0.0745532692131147,0.0662602962210403,0.062988070907459,0.073393640711548,0.0413430318518301,0.0755927827094652,0.0654995053557371,0.0650266710959774,0.0755372484014075
gaussian,400,120,0.38268343236509,0.25,35.010700963067,27.3901351426837,16.2873727161559,32.5087517548105,39.5561048792702,18.4603189400883,14.6595431240159,9.12214294410078,17.2124111849656,20.727276807856,34.679614407375,28.0804132213188,16.777817522772,32.6062092488401,40.2335101439722,0.0462367343408691,0.0365272508485056,0.0224944328659579,0.0431192571781968,0.051796023272042,0.0448147934395051,0.0363470637805523,0.0225282353193743,0.042464558903184,0.0514442566728263,0.0420537860894861,0.0335381343604741,0.0202861104905158,0.0396030948707212,0.0486134120847002,0.0437469238208813,0.0343739990894477,0.0203509619193129,0.0407369567019714,0.0496563077236618,0.042660927933928,0.0338483471824825,0.0203035487694729,0.0401372391966056,0.0484571415798947,0.0430568897431994,0.034108617770557,0.0208264560416392,0.0383016306904193,0.0472465767232604,0.0437793420725993,0.0343752566478597,0.0202986137056326,0.040836676583927,0.0496248386921798
gaussian,400,121,0.38268343236509,0.25,27.1221192311317,35.5794236617477,25.7469640762468,41.6029233772574,44.4722017911596,14.5259143798925,18.7437650235797,13.8398659936901,21.7481200026833,23.1791861751458,25.4225003070169,36.0463115103166,26.4956851927422,41.7094275737226,44.1817733501278,0.0276061325545384,0.0464040915093303,0.0346816242550882,0.0536033789737444,0.0551725490634312,0.0261222859624359,0.041191375506154,0.030269051897694,0.046914339792497,0.04878649041394,0.0348829185074484,0.0460983459916755,0.0334215916993476,0.0534569155464313,0.0571801438448873,0.0340279061636699,0.0453009962032892,0.0328160701394992,0.0524776884930533,0.0560839887634331,0.0340157729974359,0.0451121348825621,0.0327027930707074,0.0523553940670013,0.05637059938395,0.0291152540480144,0.0409626175276817,0.0300170465487379,0.0463683734841797,0.0515850032613676,0.0339680804932915,0.0448844899310947,0.0325506437428331,0.0521811378244668,0.0557479034566767
gaussian,400,122,0.38268343236509,0.25,55.7584574823507,45.4550258732035,27.5126401940131,55.2883199370193,62.8171252946632,28.8081008029736,23.6694026174108,14.7207825821287,28.5736738925492,32.3287150248948,54.47696166449,46.3061688904713,28.0500919276366,55.4599521523248,63.5894042564023,0.0696236900948967,0.0588380381117562,0.0368382107988412,0.0679023733213353,0.0788580123948375,0.0699704372873503,0.0582698974983915,0.0358836886471657,0.0706885904186567,0.0800555258681154,0.0662463970745836,0.0562075247136852,0.0339047731961429,0.068193464308241,0.0762655526748486,0.0699741703741007,0.0572089924782612,0.0345021987708413,0.069681485013289,0.0790414843743302,0.0700735227340715,0.0578183148428826,0.0353451933000289,0.0704478382789986,0.0787977728611215,0.0715086901023366,0.0567639852941523,0.0345212234583192,0.0699168659055381,0.0794422031793645,0.0698815649754628,0.05690738145035,0.0342166921596725,0.0691986203936528,0.0785010500253093
gaussian,400,123,0.38268343236509,0.25,48.4382869043342,63.4422584022534,48.7387069986388,62.5270754109713,70.8607742544489,25.1574115515965,32.6404236203445,25.3071282640778,32.1839964503044,36.3405265796439,46.0503493922855,63.9425971325328,49.2801222165196,62.6851456053697,70.6464915555523,0.0588569942062083,0.0801642954551696,0.062856652797945,0.0792929883602622,0.089022862152052,0.0588488080820703,0.0794633653040545,0.060810118425564,0.0781306400552904,0.0882467693002255,0.0615969508475376,0.08022509199036,0.0618312399901049,0.0788430243375863,0.0890113588739495,0.0606870383670047,0.0795190846978338,0.0607247889694066,0.0787252950069094,0.0886854982445662,0.0606424315356,0.0789435081758163,0.0606201951582049,0.0775789979879429,0.0876479411901059,0.0600681345449846,0.0791813001113882,0.0616287977655484,0.075845162408293,0.0889048423047083,0.0605123475253764,0.0796286016256778,0.0610985983903656,0.0783801962613401,0.0885704809556528
gaussian,400,124,0.38268343236509,0.25,38.1133200586873,41.0118124397933,27.5263413793579,51.573432532276,52.6876528854143,20.0078705850947,21.4533390253441,14.7276190426318,26.7209321932628,27.2766262425857,36.0693263375189,41.5059625433754,28.0911869122766,51.663544979037,52.7897868746535,0.0501287988767695,0.052467891080796,0.0354724593579732,0.0625313844415325,0.0664212496664668,0.0477526011511745,0.0499475213502481,0.0335624945424249,0.0630107566879686,0.0664597904178722,0.0479701307221591,0.0524157656325844,0.0354748803650217,0.0651541544251959,0.0672584854370502,0.0477784058524188,0.0511572797590419,0.0339046988499439,0.064355472181647,0.0659927100542433,0.046700146289191,0.0516437796602224,0.0346083066079721,0.0648301493316664,0.0658903069689304,0.0500624616715261,0.0537398483256725,0.0368943847429351,0.0665678283696195,0.0682944179159741,0.0473849540251988,0.051357362591419,0.0343227407789039,0.0644889323077783,0.0659791450040081
gaussian,400,125,0.38268343236509,0.25,49.3462237913351,42.1620438710346,25.8784574236037,51.1545706754411,56.3063898701444,25.6100469067294,22.0271498590502,13.9059853850479,26.5119655422515,29.0814347674004,47.991926127964,42.6894427587109,26.0674706907582,51.3297227996217,56.923413766439,0.0640779634482372,0.0541119071924196,0.0314828356260222,0.0663119042711449,0.0728267946372263,0.0629282039030887,0.0516596246287627,0.0305182802875875,0.0639823403201431,0.0704016158751633,0.0633330573315016,0.0528973835122889,0.0320584184506381,0.064680047214559,0.0710976100633214,0.0613862778142586,0.052861359494237,0.0319908273417769,0.0646053335441918,0.0708135250104479,0.0613960795976887,0.0525137020171034,0.0324280743027071,0.0637430965296944,0.0701618692689835,0.0627327513234973,0.0549562247020273,0.0342140635040957,0.0659730197200524,0.0723352273417535,0.0620925179937376,0.0525263054713905,0.0315736120792306,0.0642651749005475,0.0706277961352705
gaussian,400,126,0.38268343236509,0.25,61.4737727558508,62.076187039512,42.9129684714235,63.7816625788352,75.6164440354724,31.6586843596932,31.9591209689133,22.4014972086456,32.8098306623421,38.7124121383369,58.9611949089775,62.7651177265349,43.5562970600004,63.8026919836064,75.7778270024551,0.0789759902335451,0.0798775767695586,0.0549476910368251,0.0820802252281092,0.0963971635111779,0.0772154089099185,0.0715997972288338,0.0467104781687086,0.0742099625761104,0.0901745529582344,0.0760868944323021,0.0784415757047326,0.0549261340774553,0.0804315480735977,0.0946757298049225,0.0764806699291373,0.0774086618566164,0.0534908785314328,0.0788383873439254,0.0939532969085949,0.0763713281551102,0.0778831703601295,0.0539458695483507,0.0795410736749674,0.0941662807425017,0.079019981332206,0.0799032582178828,0.0561319593113052,0.0808958724171544,0.0959644211498791,0.0770605684113968,0.0775448357138073,0.0534392663556504,0.0795207517813317,0.0944357836851781
gaussian,400,127,0.38268343236509,0.25,40.0704857183656,47.6892223522863,35.0499268042629,50.1219832839936,53.8991551697917,20.9840603112514,24.7837290525472,18.4799066450716,25.9971700681157,27.8811110712429,37.890909432816,48.0389826933919,35.6515212922453,49.9708613752772,53.3993693063951,0.0493715136743253,0.0561896561192779,0.0413224261880957,0.0604423744310241,0.0640793742169178,0.0516517583257229,0.0612868185239639,0.0452025611906033,0.0640668694056548,0.0690183896614404,0.0508282528749785,0.0604707760562342,0.044134421122943,0.0642255850548075,0.0678525307141616,0.0497406209183978,0.059418346479498,0.043606537912974,0.0623985382838767,0.0669030243636265,0.0485531636766504,0.0597737524059064,0.0444879547343915,0.0622660228616863,0.066648594458709,0.0509846449957215,0.0595837534148257,0.0422804718683347,0.0620453136396115,0.0682365063609573,0.0497197598563398,0.0595893101681258,0.0436836185577927,0.0625591446131665,0.0670238419498205
gaussian,400,128,0.38268343236509,0.25,25.5696201700086,52.7983307421536,47.1691252438422,47.9903603860947,52.1456912448095,13.7516516281796,27.3317998604166,24.5243465323983,24.9339183665179,27.0064016608401,24.7811309830645,53.2386858733551,47.8058318006591,47.9816889998425,52.072818921691,0.0297968481458017,0.0684631477455831,0.0605533437450895,0.0579201180020318,0.065349335853149,0.033661922260749,0.0676599919925244,0.0605373607875359,0.0613411211911091,0.0668452160142157,0.032387874501623,0.0671730925958359,0.0600746358162417,0.0609724178468461,0.0656833604370047,0.0308879126103112,0.0659597228473174,0.058642690372884,0.0595390535293176,0.0648195936527964,0.0313337746553653,0.0641619675052661,0.057032125553944,0.0580466482150168,0.0633590292818882,0.0322401337601748,0.0683344445045402,0.0610337788232852,0.060789262525114,0.067259053825458,0.0318894506029486,0.0662798074153546,0.0588662076666098,0.0602324818683137,0.0653227669510113
gaussian,400,129,0.38268343236509,0.25,48.2669261502246,49.5146100123766,33.9386381083356,55.7391473418592,62.5863977202336,25.0717626189382,25.6939897118708,17.9254294184252,28.7986843088992,32.2136935557152,48.5879492947473,50.5712187516453,34.7751604301947,55.6769567574399,63.4242843149316,0.0627238305852829,0.0507891475442158,0.0268205874913815,0.0627867866261098,0.0741790869018341,0.0613754824597882,0.0618683359799197,0.0421218496925766,0.069678156063116,0.0783556090536359,0.060371973433223,0.0611755138755698,0.041827874107229,0.0682912416604829,0.0774638497757244,0.0594954124519307,0.0612926923134753,0.0423153901371607,0.0683910860203307,0.0768833063356816,0.0607779156465955,0.0618250258905103,0.0425797619813358,0.0692669324197593,0.077665860255364,0.0472819187898161,0.059979515926281,0.043395800675322,0.0606661425739689,0.0706049400110995,0.0606780329389623,0.0623640334270851,0.0429371641430038,0.069821120892407,0.078401335962281
gaussian,400,130,0.38268343236509,0.25,76.0988087374886,78.7090302018029,54.0404401361617,92.479482930025,93.7850683976102,38.9532519813403,40.254889618429,27.9515559157376,47.1229207557972,47.7742089448962,72.1888244272719,79.2477213105706,54.7424077000025,92.4430705596531,93.2097442588929,0.0974392751902433,0.0997592917195254,0.0685979009326494,0.117359409053068,0.119584917286266,0.0904107479841906,0.0946344996420386,0.0644091256290893,0.11086165324742,0.113725500577928,0.0918040623079281,0.0956918227408675,0.0651905316095993,0.113156014633428,0.113660737259028,0.0946098560510383,0.0983863124372233,0.0672822604735232,0.115602276535903,0.116929776534985,0.0944398610035076,0.0980016191444135,0.0668106539285407,0.114703217705613,0.116634182643214,0.0935884811483671,0.0994033114502285,0.0681550711826408,0.11761855410635,0.117334007015252,0.0943624397675407,0.0981043989443621,0.0671011794977961,0.115321404933941,0.116647125232948
gaussian,400,131,0.38268343236509,0.25,38.7006674903945,43.3883853526423,30.4525442366789,47.6589694525655,54.1874122088253,20.3007468577028,22.638537345817,16.186868123641,24.7685472889169,28.0245864073699,36.5393191076015,43.8670908305071,31.0826522003179,47.806366954858,54.0899017096563,0.0499677320310927,0.051582720043578,0.0348497703093228,0.0557801602311278,0.0674541713017034,0.0489862245691097,0.0500390147513221,0.0311003128685222,0.0588558234590495,0.0652453581177505,0.0469541551883863,0.0545800517167852,0.0391475964559097,0.0582179830745432,0.0676044481615543,0.048712701310575,0.0547500685102361,0.0384319506660936,0.0599654112610942,0.0682205418289594,0.0488637086129076,0.0536104807547095,0.0372015743691734,0.0593651898816296,0.0676811323225363,0.0478328362809877,0.0530798131981395,0.0383643203765847,0.0574715829880633,0.0650809718678624,0.0482928896188422,0.0548028488445161,0.0383868758717041,0.0600291289831729,0.0682193778259815
gaussian,400,132,0.38268343236509,0.25,71.7223628580273,74.6241946960304,49.9745545936822,91.6941928066826,95.7639941985408,36.770115854325,38.2173860620975,25.9235149204973,46.7311148395292,48.7608812683702,68.5466366965025,75.4299820627272,50.8387362516496,91.8865331700806,95.8027297044061,0.0919128480204332,0.0919222437478563,0.060568037899955,0.116356650086775,0.120987474575441,0.0914315236432138,0.0947796954869574,0.0638366194019926,0.115427225540577,0.121476914770389,0.0898808724767835,0.0924570255889952,0.0621304780713393,0.113524941421737,0.119025679794648,0.089627751159372,0.093907879241299,0.06290531565783,0.114771380219575,0.119905025424815,0.0900329526558842,0.0925238438507905,0.0616943310074073,0.113858048892449,0.118816548751166,0.0859978712225078,0.0921933923119064,0.0604848284949102,0.113983542181138,0.118482852280424,0.0902120449577224,0.0939181026555763,0.0627336178449183,0.115012272647457,0.120314828000753
gaussian,400,133,0.38268343236509,0.25,24.2401516009753,42.9318242372657,36.1473854505123,41.439955112086,43.3418774106339,13.0886588061516,22.410965440813,19.0273278188962,21.666940067008,22.6155901171316,22.8499122744204,43.195297339521,36.6610601340122,41.3815543014028,42.973811607528,0.0327045280699926,0.0556141806426313,0.0473311867274268,0.0515704350002103,0.0558700826900869,0.0316725207911798,0.0555604333879451,0.0460172992351816,0.0542605083075052,0.0566509858146092,0.0316071970276137,0.0548473453232585,0.0464107870589864,0.053060970129785,0.0550281022657362,0.029513296297799,0.0537734986827404,0.0451874038939462,0.0519657233497993,0.0538985158782646,0.0300614582240576,0.0536121164422767,0.0445780868718728,0.0515697063750135,0.0537492421905599,0.0296526999952059,0.0532612566215232,0.0449368318661601,0.0504657193666333,0.0538460586174603,0.0301715728068145,0.0534899572114677,0.0447622170969515,0.0516536254173853,0.0538943529010134
gaussian,400,134,0.38268343236509,0.25,47.7506208460327,40.9000959798941,26.0388289080041,45.5035663957088,47.089970369462,24.8145533067228,21.3979535338148,13.9859660383183,23.6938295243253,24.4852039673295,46.6864258128895,41.2146280579949,26.157801013905,45.2223328060217,47.2649782024068,0.0609547499198715,0.0476574945109814,0.0276910950385044,0.0561068175156819,0.0608085130115535,0.0593198749724067,0.0521485560347442,0.0325995095195538,0.0588641801426615,0.0595044917241676,0.0593212487742987,0.0502527838291999,0.0313848108448208,0.0563699920030257,0.0579996460716802,0.0592546314448445,0.0507096525122881,0.0319006261916454,0.0567725390318678,0.0583910541448885,0.0605875845479082,0.0509630277260118,0.0316135808865808,0.0571864223282461,0.0590282372235906,0.0612707176598298,0.0521650258696184,0.0324282711579674,0.0585183756935135,0.0611439070371573,0.0598286569236237,0.050882521210765,0.0321327595114309,0.0569397096551454,0.0585868250018379
gaussian,400,135,0.38268343236509,0.25,44.4913012493251,36.7598856834435,22.579225801039,43.857548726498,50.1745408200797,23.1888855372667,19.3327323896482,12.2601992724909,22.8726983594575,26.0232544050235,42.90533063338,37.3589704554093,23.0758585824442,43.8501166237138,50.5943708326751,0.0539590793272606,0.0450779707331964,0.0280638066598755,0.0548451255554148,0.0622600824103908,0.053431233779636,0.0437874138123853,0.0266438303583029,0.0515530009717358,0.0615376911106246,0.054905789653366,0.0442402205009375,0.025571007415219,0.0548665955883267,0.0614955093000789,0.055931332682658,0.0458765092372862,0.0280001814422142,0.0552229602256795,0.0630414853035054,0.055890128400019,0.0457495593521985,0.0278686210386926,0.0547470886312129,0.0629499752066424,0.05236186416287,0.0454091768226092,0.0283767500127752,0.0539058164444516,0.0610756071645871,0.0554455999759896,0.0462220507947426,0.0283882657560415,0.0550310376851233,0.0630694385969556
gaussian,400,136,0.38268343236509,0.25,74.9153487047118,76.1696494786041,53.5572958530109,81.9668639354295,90.9122860928197,38.3628698041492,38.9883178599332,27.7105160863076,41.8796368547571,46.3413291347767,73.1191120883668,77.1423583310995,54.2338805655041,82.0593752950628,91.3553702568417,0.0961438182831552,0.0965280913154806,0.0675257375961104,0.103140660712086,0.115830962335143,0.0952810102542378,0.0962670512238159,0.067581927958569,0.104318921028262,0.114996810730303,0.0911812093720753,0.0948068182166712,0.0670140875823366,0.102132686788026,0.111586920404256,0.0934897767767156,0.0956175900028042,0.0671636562777735,0.103005941823695,0.113813146391958,0.0929750468010257,0.094254077331449,0.0657086209355073,0.101790554866256,0.112324872080231,0.0867629279422575,0.0922151932195715,0.0665971758253096,0.0946424792931121,0.106095846254345,0.0932696884774031,0.0949978996598848,0.0666016603491964,0.102251723976674,0.113149236644217
gaussian,400,137,0.38268343236509,0.25,41.908603989417,43.6700282854307,29.2326068538834,53.5508518741987,57.0879722408746,21.9006852353034,22.7790537567376,15.5784828606727,27.7071892034981,29.4712685554341,39.7500376968018,44.2263788779745,29.9288154178136,53.6118554266363,57.0666638889235,0.0537724477099879,0.0521560522463231,0.0331291325340764,0.0595571572631823,0.0701381524677944,0.0538012622457903,0.0553790611478048,0.0356415853376051,0.0678759955085698,0.072782214011741,0.0522694655039694,0.0559587360414425,0.0382602684042874,0.0673916810850412,0.0723278452243111,0.0521041341048516,0.0551901994202874,0.036882193517062,0.0671054864198691,0.0718356633988138,0.052822513945392,0.054709056587806,0.0361360870322572,0.0675494216396008,0.072087377698083,0.0527040522653425,0.0529167913748726,0.0341980048488702,0.0661646141373429,0.0711990773418857,0.0524384341371331,0.0544993468953148,0.0361699531106287,0.0668868527322264,0.0714757026042651
gaussian,400,138,0.38268343236509,0.25,49.5742826880792,61.1201703153994,46.0326450984304,60.9347662060002,66.3685009807998,25.7238755041777,31.4824641633093,23.9576756464932,31.389984967379,34.1001371726119,48.211848873297,61.6780499838651,46.437931645433,60.8864667569223,66.6094068227161,0.0625173135712206,0.0788996824356206,0.0595979880017181,0.0786669614197783,0.0850386049791989,0.0618194448396879,0.0746054454665174,0.0546768165570474,0.0747489304286825,0.0805665595776205,0.0624358192431682,0.0764814956024074,0.0578948450534252,0.0763029088165139,0.0829912449259898,0.0618854835193094,0.0752993345242727,0.0560950121870772,0.0751299627210078,0.0821319335190527,0.0623446676348736,0.0770353831282333,0.0576357543060852,0.0769073857591899,0.0836354867484121,0.0596536319878933,0.0786632519433666,0.0600329551891151,0.0777813183985959,0.0844191232200771,0.062232137530348,0.0765305660947379,0.057452712437977,0.0762049614559117,0.0830111055830833
gaussian,400,139,0.38268343236509,0.25,54.42072273595,57.1269975054773,40.4911013115607,60.9746173467066,68.5449437404156,28.1410420060866,29.4908279996355,21.1937907561032,31.4098180582908,35.185568455817,52.8728538173254,57.8698043214353,41.1078689939738,60.9618652255007,68.9887046078947,0.0697173001409197,0.0715929687599096,0.0506009409039666,0.0772593410002675,0.0879246419133885,0.0667971105062632,0.0710631662180687,0.0506538870504512,0.0766309858097537,0.0852683720361533,0.0698821664061814,0.0719336946388003,0.0503317562134888,0.0772632743760874,0.0865712171144996,0.0676357945006773,0.0704368591050786,0.0491696380320879,0.0758690601656509,0.0847923787869192,0.0690210464357298,0.0714516403047077,0.0504015855432239,0.0763146659797412,0.0866116922368793,0.0604853851202213,0.0692532981587709,0.0516448875842264,0.0689523375202341,0.0783388756185304,0.0682131132743939,0.0715461353769237,0.0504894012080352,0.0763453074834452,0.0857245424898638
gaussian,400,140,0.38268343236509,0.25,46.7796508917015,38.2006711015919,25.1550963488187,36.6340499345543,49.7121489915648,24.3300440369075,20.0512786723565,13.5447923788876,19.2699550297882,25.7927094221535,47.0017602165,39.1078118064061,25.6810977959065,36.6302773630404,50.7065619061015,0.0487827507439525,0.0376193098743705,0.0265865511514285,0.032407996209992,0.0422598273144082,0.0584106962110757,0.0467573482706511,0.0320084922805919,0.0450574549082378,0.060857684457848,0.0600899932828831,0.0479431341085878,0.0315642135009584,0.0465962965942907,0.0625417061944451,0.0582899624824661,0.0479325683827907,0.0317910054218342,0.0456872717482513,0.0620025240620596,0.0579663892073286,0.0476648371322385,0.0315269499622896,0.0457061091898803,0.0615923910198493,0.0538308539733331,0.0463897411457834,0.0309581744845561,0.0426154748469056,0.0591653822600671,0.0585888367598014,0.0476728753621943,0.0314210505453267,0.0457696492460322,0.0620167155956294
gaussian,400,141,0.38268343236509,0.25,20.7177265699795,35.8026979902659,28.8284331737305,37.7399033463873,39.5044535132539,11.3318893136183,18.855165280529,15.3767850850515,19.8214879026681,20.701538420798,19.1436225393821,36.1309755540016,29.5229949982146,37.7818791302848,39.0420000866565,0.0190163023451889,0.046812022797039,0.0383754801763949,0.0439334620829733,0.0464219199111704,0.0262143280188485,0.0468788395693211,0.0382286345095514,0.0494901635020511,0.0511455755255908,0.0256649424927791,0.0454870016734865,0.0369812328203736,0.0473470697910136,0.0493880381749683,0.0254615585883206,0.0453624975582178,0.0366005809135684,0.0474388217409557,0.0495375802010437,0.0251512685287308,0.0457378717240041,0.0373061644683796,0.0473119169026608,0.0500407503936861,0.0268364673790943,0.0454581026446641,0.0372163693630009,0.0459049989073082,0.0496196697322399,0.0254082835627773,0.0449951291225504,0.0363206784111166,0.046992939870991,0.049313933600724
gaussian,400,142,0.38268343236509,0.25,21.7239404706918,42.3184599996974,36.4132178558326,37.7373155325712,38.8794137326513,11.8337790737126,22.1051423359375,19.160040666907,19.8202741175337,20.3900048416012,19.8736338742452,42.2209388417069,36.6083277838288,37.6507385769618,38.0424801433557,0.0294062253345724,0.0534569744146296,0.0475446685577838,0.0409044560064491,0.049763465914697,0.028353803549467,0.0505693068418018,0.0421459900054963,0.0455961216104329,0.0479258909766571,0.025914447184475,0.0539275022141883,0.0466485945547711,0.0478103941323922,0.0482605137748245,0.0272372132921205,0.0529707952797962,0.0451515918110203,0.0475337131265295,0.0486868672545562,0.0262279627345448,0.0516904266903216,0.0429686732970043,0.0469498720857972,0.048267475389425,0.0269486075274401,0.0525556314023552,0.0422680752920328,0.048014762071418,0.0492638167162953,0.0266971056692673,0.0525840170065472,0.0448997589847044,0.0469755866704275,0.0482297889742363
gaussian,400,143,0.38268343236509,0.25,51.7827935842096,51.6013226821667,33.8479594991558,63.4825003602816,65.8277427219958,26.8253162193785,26.7348614936003,17.880565522682,32.6605174070829,33.8303135040603,49.5626154021694,52.1774586436713,34.3655526207472,63.680259199896,65.7936668885227,0.0643690361639816,0.060909865948921,0.0395533623129958,0.074028111706167,0.0765207482460326,0.0659963637553965,0.0635745446966763,0.0398461486850635,0.080582139557242,0.0824894499440327,0.0636846754146615,0.0642623113194786,0.0423598264146676,0.0797519351239488,0.0811235025554472,0.0650929797794449,0.0652014456433171,0.04274414831333,0.0798226131364048,0.0828516273852101,0.0658596755293158,0.0648593683094492,0.0417185352016831,0.0801577968489926,0.0830399498749906,0.0634790368520393,0.0645929857326907,0.041695532020172,0.0778205262736211,0.0799427397696071,0.0650590194928683,0.0643642447446147,0.0416093363895683,0.079612431911497,0.0822845827637518
gaussian,400,144,0.38268343236509,0.25,34.8352685734495,38.7436059661166,27.4539575573664,42.7548223757603,48.3950103406143,18.37280675863,20.3220646639395,14.691519193092,22.3226277620998,25.135638881051,33.7927432313585,39.2987441331522,27.9471427951499,42.8520184774491,48.7588071623626,0.0440282941428766,0.0509294769972261,0.036751533210673,0.055713749639182,0.0629886567425931,0.0439290490010072,0.0491607624612145,0.0353232276832379,0.053747160068782,0.0615456835987499,0.0429701488999204,0.0490104963544895,0.0346840632859677,0.0542427549880526,0.0608131065431289,0.0438829268555831,0.0483697711708753,0.0335980406989494,0.0540097440604681,0.0607376069230529,0.0432739865885822,0.0479537449194254,0.0337733552864158,0.0530486832250569,0.0603281017508965,0.0410806252086503,0.0412494266645967,0.0261013920074739,0.0498324277666966,0.0537245522093367,0.04356395730285,0.0483601362887126,0.033900617080919,0.053464571424622,0.060616909245834
gaussian,400,145,0.38268343236509,0.25,55.6467507076147,70.7356683786957,55.12659672596,67.62506380656,78.5582058420227,28.7525367879483,36.2781013317091,28.4932004382849,34.7267341629667,40.1796056342249,53.6608288166437,71.396537597691,55.7793896167177,67.5955865556206,78.814751120922,0.0714152894211847,0.0902829521360369,0.0713989343621718,0.0855896544023864,0.0995428765438854,0.0700371283789235,0.0883041303691362,0.0663424735095957,0.0861763098832406,0.0997817167459087,0.062973183116273,0.0881303601017828,0.0691885359559179,0.0826866555378698,0.0956222214742144,0.0694199187850221,0.0884910541022508,0.068792776056133,0.0843076245086189,0.0981727883592945,0.069280360455472,0.0885222049335481,0.0688375321299705,0.0848583972061179,0.0983445661517384,0.07131837437356,0.0894023357204606,0.0690779577513944,0.0861826263107813,0.0999334253364614,0.0694666524015785,0.0885981971023107,0.0687609759924877,0.084594932458147,0.0983609332773692
gaussian,400,146,0.38268343236509,0.25,48.1503502746834,72.7056277861599,59.5305263289804,67.498909708083,80.1500891404064,25.0136902727548,37.2604194563955,30.6894546010034,34.6636408058363,40.9733831630832,45.7280613437501,73.2164213078627,60.2869035986247,67.7147998879033,79.7559975250433,0.0624056863090158,0.0827738225848181,0.066568256251355,0.075121609705688,0.0955094190750314,0.057606037855993,0.0882004077901928,0.0727195536149822,0.0801963427498645,0.0962180080409462,0.0590759288122225,0.0904447546850294,0.0728620369091913,0.084549142234615,0.100088593365173,0.0598934367492915,0.091213631879527,0.0745277675931529,0.0845783402795999,0.100435850437218,0.0605720438282948,0.0905152390606947,0.0731715588673703,0.0846299500011171,0.100179558495445,0.0623014734242979,0.0920664847681384,0.0749802473951368,0.0857654359575564,0.101016180491533,0.0601989616237444,0.0913590548145131,0.074680350738158,0.0846857716532148,0.100582526121901
gaussian,400,147,0.38268343236509,0.25,43.4749438876488,52.8547853644947,38.9383489978429,57.9256485066689,64.3319522232197,22.6816712656882,27.3599508421558,20.4193227261754,29.8890306452302,33.0841110465001,42.058394650821,53.4777582156401,39.5220908868714,58.091736109823,64.6464158499797,0.0456516120976213,0.0632198543579749,0.0477861399943349,0.0670354557587796,0.0758810917622583,0.0552390118744344,0.0667313041572999,0.0491543394149053,0.0726494282045481,0.0808664586678049,0.0548607879150534,0.0646359325841972,0.0468330263300465,0.0718020972811032,0.0795462309454996,0.0549655751593234,0.065809560661617,0.0479302985157401,0.0724756707214703,0.0803886249610691,0.0544321588000803,0.0661214320478865,0.048799530886645,0.0720504258777893,0.0802283584361267,0.0559939572879402,0.0677340784203484,0.05043488047133,0.0741188031221761,0.0815240016180381,0.0547674092264925,0.0664756457198132,0.0486944857483662,0.0728094311227482,0.0809502310550441
gaussian,400,148,0.38268343236509,0.25,55.5964534430827,61.729842272979,44.3525924163643,64.6212806652555,68.0580380641242,28.727578647893,31.7865978400857,23.119752910043,33.2287415082823,34.9429298292979,53.5574872594571,62.2353638560543,44.8454069926585,64.4287142904625,68.0082807104337,0.0717935775936763,0.0785640462513373,0.0554362831267467,0.0813239318347103,0.0867415372900633,0.0714227519444005,0.0765872567638232,0.0532123203974522,0.0803448027874908,0.0846140317523448,0.0695732059942382,0.0772434313979694,0.0556836500010546,0.0810326606217963,0.0852484083188184,0.0696339231140914,0.077061014316289,0.055274254540055,0.0809558621121639,0.0845836389555884,0.0701870450083475,0.0780341958960047,0.0555759350409242,0.082091240422667,0.0859277955962698,0.0716936659200828,0.0790591592179989,0.0571378862117299,0.0828338797141615,0.087147902775938,0.0693995986072934,0.0768351321154398,0.0549257130884734,0.0805979986719703,0.0846282382334844
gaussian,400,149,0.38268343236509,0.25,50.7962990113749,47.3192592997264,31.7392338263111,51.2826242824461,62.4064398504588,26.333385483557,24.5990357824816,16.8284422502112,26.5759514786008,32.1239177205868,49.7375049033436,48.2750066146037,32.6257224518248,51.2609522294018,62.9090807138095,0.0594665306519468,0.0592873828343515,0.041338702722621,0.0594149545928652,0.072693636661353,0.0636313126426263,0.0605231789580635,0.0401453559017703,0.0646357438732452,0.0790415825544195,0.0615003187739845,0.0602408630464153,0.0409825081255602,0.0649443696173011,0.0783798077298391,0.063575790054863,0.0594122039184107,0.0400662542801669,0.0637590911722807,0.0780344403823124,0.0638353249086359,0.0592602510409663,0.0400332690688017,0.0637314364025654,0.0777501210274234,0.0647069319963791,0.0605822745575168,0.0402338807003898,0.0651866170913669,0.0801850376617532,0.0637009586568935,0.0596729654231845,0.040347288687852,0.064168602973742,0.0781669258458856
gaussian,400,150,0.38268343236509,0.25,41.3525381220641,36.7389844889111,21.3482747545939,52.8795672861558,51.3351839478917,21.6233243265119,19.3223171077098,11.6464007118388,27.3723602497012,26.6020734544439,39.05813787424,37.1720598568155,21.7833469119176,53.0055982353455,51.4147088503625,0.0518180782980061,0.0449606330684123,0.0264468916298177,0.0646758993490445,0.063835329966008,0.0523871249741415,0.0474133339079904,0.0276835890713864,0.0680365944154121,0.065533262002923,0.0522421340527235,0.0451514538414265,0.0257721021045442,0.0653081505233544,0.0634759934661516,0.0521789507487854,0.0469791947342254,0.0272368575510129,0.0671606533313749,0.0651988107407268,0.0527166626796085,0.0470057481360188,0.0272613257567873,0.0672239779846629,0.0656336614300856,0.0540166309090288,0.0480680279861833,0.0278363928705567,0.0685381123693473,0.0663022346236011,0.0516742869769351,0.0455131389158201,0.0256983913884478,0.0659181122844517,0.0639925823812104
gaussian,400,151,0.38268343236509,0.25,26.1206639252846,26.4882062978152,17.721053329309,29.0335694423237,32.8310073616651,14.0263736770131,14.2097288181581,9.83720556519336,15.4791983727651,17.3732392420719,24.9917095148103,26.7862570707446,17.9805263709815,29.0871130027041,32.8834491005801,0.0243540740227388,0.028661944156595,0.0212493380718048,0.0268784251529728,0.0282328835935196,0.0301344877558739,0.0304389826870891,0.0200491978020453,0.0315241141702665,0.0366447518963582,0.0317722851296993,0.0311080876361549,0.0184292034159459,0.0353943797714989,0.0402239788393676,0.0323068575210971,0.032826917688418,0.0213851910037577,0.0363310710705156,0.0406341581781226,0.0324754118850112,0.0336603297058175,0.0227824935906261,0.0368955156775018,0.0413863915700816,0.0340814920901779,0.0309327965340199,0.0197726865155268,0.036051078330504,0.0386491704958148,0.0326140847563429,0.0333537566558338,0.0223423694160261,0.0363715630544582,0.0409784718652257
gaussian,400,152,0.38268343236509,0.25,49.9304723936197,73.2685806714689,58.2611995475852,75.0749860825533,77.0754049620213,25.9015272231356,37.5414528507038,30.0567378346961,38.4423472691147,39.4401604307496,47.5704496521692,73.6113664007167,58.6721853361381,75.1204368231007,76.7650183085523,0.0614867729570731,0.0938691346234995,0.0735884436637302,0.0950438530660357,0.0988085031216498,0.06369391441934,0.0916894575125978,0.0717629526127838,0.0946067462403326,0.0969949197372324,0.0624017949082388,0.0881757663474514,0.0680505115223161,0.0902923168850279,0.0927512973112707,0.0619255891623727,0.0916774505912867,0.0725781641176831,0.0938883908920154,0.0960921807865308,0.0599892033865638,0.0902634744962974,0.0710247080013144,0.0930451704371408,0.0941131829159499,0.0647075342790189,0.0933409408758797,0.074133530366077,0.0954880712412115,0.0988121209376746,0.0625899976614912,0.0917301537011466,0.0725156258482416,0.094082149785604,0.0964434337979698
gaussian,400,153,0.38268343236509,0.25,40.3715695086643,48.612358818083,36.4475196912254,48.7636328910406,54.2933963464303,21.1339949103112,25.2441660190058,19.1770297294687,25.3196611434729,28.0776955159606,39.044203554317,49.1335175547004,37.0135414596067,48.6653070270148,54.3519609521454,0.0529273637626129,0.0602419887799381,0.0414877847913978,0.0633308400111495,0.0701447752373689,0.0516625854383209,0.0606114634172855,0.0450050566555534,0.061507421318464,0.0680260696879126,0.0512889504111155,0.0619405503447419,0.0466882021695976,0.061634596955625,0.0686126115172678,0.0508776024471319,0.0611463604414869,0.0458031430406693,0.0612112756933671,0.0680721254259559,0.0504934127901674,0.060343591627291,0.0450999722588309,0.0604474708634639,0.0674884832427337,0.0503220436851624,0.0590023911589672,0.0415046247897728,0.0625920031323412,0.0675068040285482,0.0508173736008628,0.0609771834320529,0.0455557893865574,0.0610487300650716,0.0679244114687661
gaussian,400,154,0.38268343236509,0.25,53.9898612466774,64.0392188371686,48.3154320734169,62.5943150011314,70.8674060056952,27.9262487709943,32.9382862773113,25.0960740780076,32.2177590095293,36.343972503756,52.8533935808259,64.7343375970881,48.9815226728536,62.4281365283713,71.0419506907475,0.0650406093186707,0.077775837199532,0.057623989422485,0.0760370159116065,0.0858760922628971,0.067743960137644,0.0807836948242325,0.0605153471724639,0.0791528876278004,0.0893986452821821,0.067828417056053,0.0772373269268626,0.0562936841783368,0.0769401122525401,0.0875713890034467,0.0677124763845504,0.0799964132422702,0.0600099799871186,0.0782491204353259,0.0885055757515657,0.0664467249606983,0.0803877219801966,0.0610178302169662,0.0776534648682607,0.0876937801582713,0.0652900246803811,0.0774656863430331,0.0584905449358228,0.0760583027599956,0.0839525600558596,0.0674863646059217,0.080172597784367,0.0603943583260996,0.078052828072575,0.0884535501686566
gaussian,400,155,0.38268343236509,0.25,28.730903279657,40.5696225740264,31.7296353930158,37.0924698314442,45.7368406826738,15.3281834119498,21.23268535021,16.8238605894325,19.4984698501569,23.8098485032936,27.3777999819703,40.9354828156142,32.1618938911599,37.2863362753796,45.7031303869669,0.0345698202875074,0.0531351741158012,0.0414581013857677,0.0468449746664604,0.0562836755415725,0.0371526488747764,0.0509638571523112,0.03903351109105,0.0467412367726113,0.0575130562711335,0.036027470510742,0.0522816623617811,0.0414114828090152,0.0477026342754585,0.0585056619707435,0.0363672588636895,0.0510815650962768,0.0398590492703144,0.046657936854267,0.0574662176844771,0.0365942717022631,0.050117830204237,0.0381303225179489,0.0466936637916861,0.0573026231585619,0.0380124816762747,0.0487993894204736,0.0356024427363948,0.0454735455162403,0.0568932448241273,0.0359483977968257,0.0511223325007851,0.0399369364072195,0.0466353362829049,0.0573038049600212
gaussian,400,156,0.38268343236509,0.25,25.3869746830558,52.1283264884143,45.6517233595513,51.3374447544763,57.0479145697821,13.6603311169517,26.9974787004364,23.7674149744295,26.6031631921177,29.4511342165224,24.160131044402,52.6253898480134,46.4688818460815,51.4794519430366,56.9963933154996,0.0319333827416356,0.0563483585293692,0.044775372698194,0.0600695639170562,0.0652011057032481,0.0316130991597312,0.0643998302781245,0.0564176522306673,0.062782920321714,0.0705160441475729,0.0316675567230232,0.0626889369168881,0.0538259609077915,0.0627974662853393,0.0703245419539774,0.0321716975284628,0.0661262119686025,0.0579488367526683,0.0645199153525291,0.0720720671454727,0.03304787222922,0.0655998429231683,0.057124407585808,0.064446771243494,0.0720534577915542,0.0324922211588349,0.0674892295439783,0.0585572929046982,0.06652328264915,0.0736266173557094,0.0321157520268399,0.0656910768281396,0.0572974292110728,0.0644948497401001,0.0718678806446394
gaussian,400,157,0.38268343236509,0.25,60.763819505555,56.4967856066354,39.1708200270377,52.5726385131412,68.9624654881493,31.3045426185504,29.1764853885611,20.5352437708017,27.2193090217182,35.3937144874189,59.2610738586046,57.2020735093047,39.5707048393103,52.5961467308044,69.4785056442061,0.0783318843047875,0.0708251179856557,0.0488916101621627,0.0682010596111597,0.0877114841952529,0.076973879804984,0.0698171756804847,0.0483969273461895,0.0633031666154937,0.0859007774847714,0.076329035006613,0.0722549963670516,0.0507669050966951,0.0663238275850207,0.087368932229589,0.0758005360149532,0.0705120721839639,0.0489867251901379,0.0656104738084439,0.085714572306224,0.0768773287599199,0.0704867080480392,0.0477390278138255,0.0666542876736471,0.0865046665144382,0.0758543160994294,0.0678223963656134,0.0465861548067503,0.0630346892828045,0.0828226267636832,0.076315542749595,0.0707271670425552,0.0488449543533362,0.0658690322768079,0.0862927795153081
gaussian,400,158,0.38268343236509,0.25,31.2462568411507,26.2278671446425,14.0666858176883,40.913473692619,39.5693196325278,16.5828428754609,14.0798569827241,8.0146527517758,21.4042007199649,20.7338227542355,29.2953835136247,26.641082064349,14.5253712355118,41.1384716955439,39.6199297148162,0.0264197233926105,0.0310697123430691,0.0196163264901424,0.0422843178340555,0.0425802794529775,0.0382303738983807,0.0340051518668519,0.0190147845021077,0.051061774052588,0.0506273883945972,0.0358171156054785,0.0315092993579884,0.0172371345134043,0.0488319863678383,0.0471771394247185,0.039254554314027,0.0332103671137648,0.0176261127244391,0.0516867277739413,0.04988742273807,0.0366523414176349,0.031445619489194,0.0160683557260537,0.050316264260748,0.0484338155562702,0.0391501738710143,0.0330959944984939,0.0162962503954363,0.051805181629131,0.0504098195248734,0.0386615544427298,0.0330912109630788,0.0174347486394182,0.0516989367218444,0.0498485626581547
gaussian,400,159,0.38268343236509,0.25,38.2887536133869,74.2787926808235,66.636991234116,61.0197861846895,72.4790404394843,20.0956540889405,38.0450236773832,34.2335686489031,31.432419855361,37.1477008837758,35.8048667054157,74.695768322906,67.6538903519422,60.874517309917,71.5406799461022,0.0483523000841766,0.0864711086079258,0.0751924090874306,0.0703080136233847,0.0867958591062944,0.0481090426793848,0.0952209682291393,0.0853050806642448,0.0786597871421119,0.0926730117714099,0.0485925500017986,0.0945840476299576,0.0849629352523041,0.077282398636085,0.0918096191914749,0.0475155239785688,0.0935227203734888,0.084018071762156,0.0764442534097262,0.0908743008103923,0.0472227629354211,0.0935085680858439,0.084221716088571,0.076640429883385,0.0904471956715242,0.0466506540533957,0.0947000999041349,0.0856937331487162,0.0776879749242103,0.0915449911406117,0.0473923763717047,0.0934933759946812,0.0841170822692638,0.0764038694624842,0.0907134469873434
gaussian,400,160,0.38268343236509,0.25,46.7054316558399,62.7227002727121,48.0323338580283,68.7334764432133,68.8821890893282,24.2934364949989,32.2816694439459,24.9549648882637,35.2795830943119,35.3538605207362,43.4792398023511,62.9230208811174,48.6518045310914,68.6951198953412,67.6948969863734,0.054494393539847,0.0799312797813961,0.0624739365893112,0.087898869236791,0.0854189288643819,0.0593564370693946,0.0791454785011457,0.0609829087888212,0.0836905606316087,0.0860160922775231,0.0564197952231758,0.0756424535912995,0.0572828057893864,0.082779050567222,0.0836800746401678,0.0576269062653742,0.0783680204888529,0.0600139637120371,0.0861308526163101,0.0857797033454148,0.0587732030143367,0.0788274070386717,0.0597133314866157,0.0871236036047614,0.0866524595929332,0.0511309290273951,0.0740769219906555,0.0551395011267725,0.0817436534986141,0.081306394050376,0.0574078854645284,0.078521377694688,0.0598951779865949,0.0859011639923767,0.0858554358647785
gaussian,400,161,0.38268343236509,0.25,36.9591006334402,53.3499633409187,41.9618492687253,55.4413475739043,62.4341849144905,19.4320306895284,27.6068106612502,21.9270916323715,28.6499727034603,32.1376156022309,35.284850993847,53.9445667868924,42.7641212517331,55.6160020897416,62.3495157783973,0.0484714602420724,0.0663563730075448,0.0519610824736446,0.0678687802706632,0.0774139132104124,0.0472002815362518,0.0647442293768015,0.0501692435915996,0.0671259754052423,0.0770182578542268,0.0473516931336391,0.0682769340242218,0.0533824730304883,0.0702957081094379,0.0793959683176017,0.0464618396615704,0.067631441753673,0.0531581588105136,0.0701913946484349,0.0787837078256092,0.0465800418851225,0.0673675785057582,0.0533766760540622,0.0694102508570671,0.0783192481673789,0.0405676556382515,0.064161848212619,0.0513028721058397,0.0663272924331301,0.0722356257286952,0.0464799130483079,0.0671880166639625,0.0527271727171938,0.0697002884615099,0.0784564701523372
gaussian,400,162,0.38268343236509,0.25,41.6463999596278,47.9928588750802,35.7920777026083,49.4565061208889,58.4144586575377,21.769946837749,24.9350579964336,18.850031498217,25.6650273308867,30.1328321655987,42.5936629993513,49.0655304167367,36.4659799713851,49.6413599532071,59.5797520450074,0.0472940898661169,0.062097957779563,0.0456306766285459,0.0638759955474596,0.0753435584400865,0.0523717117853916,0.054630294361575,0.0337349777123781,0.0586743539190945,0.0711891685628388,0.0530495317108063,0.0591962022879662,0.042812787947358,0.0623400828319794,0.0728567499336777,0.0508740832099222,0.0599377670346669,0.0445628658540969,0.0617786651611217,0.0727483648210968,0.0528897971658788,0.0601340309976591,0.0443836940356084,0.0623138951825431,0.0738256188176635,0.0522349125231476,0.058229257860564,0.0429997666079289,0.0594333553933808,0.072592760637805,0.0519739098004755,0.0600716239770872,0.0445962624951757,0.0620750920164066,0.0731416013331744
gaussian,400,163,0.38268343236509,0.25,57.0213433384898,56.3434637466081,37.3402743284397,65.5736216521702,71.8487665861435,29.4380222891196,29.0999421331775,19.6221825289159,33.7035716593128,36.8332401600612,54.3479436300327,56.8979023042626,37.9871819635726,65.6141575893622,71.6993036742668,0.0648994678863652,0.0724270836138302,0.0488678852810341,0.0806911561271821,0.0884022190214116,0.0716461643893961,0.0727652359478277,0.0482557061973347,0.0842261056399251,0.0921960682771577,0.0719933572425658,0.0714113454616174,0.0471360724117868,0.0829507520519672,0.0910019869864863,0.0717117396441916,0.0703876766117716,0.0463594404531286,0.082141064189983,0.0900646771618041,0.0717693995583977,0.070893477957983,0.0468677426008373,0.0826922948742886,0.0903823458520621,0.0651045532083717,0.0648434349057653,0.0437482425388033,0.0763026008241883,0.0835370888246446,0.0713606065300895,0.070997951474135,0.0470234991752914,0.0822988209065545,0.0902286967886776
gaussian,400,164,0.38268343236509,0.25,60.0118586673696,56.437874123672,38.1538077361402,59.4320120933805,68.4695852579192,30.9296728969995,29.147154040995,20.0280756453798,30.6404240060553,35.1479969356053,58.083503507886,57.0642809621552,38.600197574425,59.4608856766608,68.7435984111142,0.0647412362272549,0.0730275424123447,0.0493763576422239,0.0754589116178234,0.0866705889913686,0.0723590845241313,0.069359793488084,0.047245217468437,0.073479929965881,0.0840032582177755,0.0753578885726079,0.0663231285085235,0.0432173644630853,0.071379204638733,0.0817874514429257,0.0741865433321965,0.0704453393050785,0.047291520757587,0.0742451772829729,0.0852992673296753,0.0762468393578612,0.0713259492968899,0.0481653377898268,0.0748767684186187,0.0864080372685127,0.0669209002187931,0.0619685690377328,0.040124351773404,0.063870468424779,0.0772636333511665,0.0750057996042407,0.0705421237880623,0.0474010731758949,0.0743701990185203,0.0855178144923897
gaussian,400,165,0.38268343236509,0.25,61.7656062201763,66.6216764263717,47.8848883660662,67.2045865803728,74.9356174720363,31.8045581195349,34.2263244638131,24.8814227578852,34.5170598865811,38.3730136451403,58.9065255581699,67.0089062951741,48.3637027927277,67.1586669292254,74.3616933337833,0.0797067738191989,0.0852657774993373,0.0615964182083319,0.0860913705572617,0.0956421322468372,0.0763405697281568,0.0857299801589951,0.0621136433185283,0.0856870783530935,0.0952293700407409,0.0748949174607332,0.0814723758137265,0.0582315759150804,0.0822903567900646,0.0913620000555358,0.0770216575891943,0.0845004478695626,0.0609542444005337,0.0851166321406032,0.0945038044745077,0.0745906289174244,0.0813919717276088,0.0581328024514207,0.0826433966642729,0.0910057255791843,0.0775106006333074,0.0856799286353827,0.0622070468777391,0.0843926527765513,0.0944975329376398,0.0766406238336372,0.0830756111210855,0.0595882103431697,0.0837130113567888,0.0932676778401966
gaussian,400,166,0.38268343236509,0.25,35.7104606964292,47.0869323537156,35.8497144220511,48.0368440484522,50.5084008339122,18.8093880495948,24.4833829335019,18.8790044190889,24.9570391815736,26.1899809919985,33.6171130595209,47.2411441995617,36.1542444823159,48.1338931510611,49.7369785095744,0.041464724881078,0.0565375270721753,0.0435764061344887,0.0593655547837433,0.060272708844405,0.0454609707874541,0.0611319217191118,0.0472938208021501,0.061466373668628,0.064507103016484,0.0442109062492266,0.05832912490571,0.0433763886684398,0.0601617244907511,0.0627210060389681,0.0445465934953732,0.0583084885774153,0.0439643393520982,0.0598292843434603,0.0623507499163628,0.0437495324464265,0.0580349612627553,0.0440889414401539,0.0584373971306888,0.0621636779610228,0.0450647474870239,0.0497306500570688,0.0340382049663891,0.0549851481090055,0.0566555702890902,0.0445653524616834,0.0592001996928218,0.0447873008545609,0.0605139385486745,0.0630546439133979
gaussian,400,167,0.38268343236509,0.25,51.4682191770424,61.9974835808236,47.0650843843549,61.5855129362046,68.6072434517924,26.6687426645236,31.9199776663769,24.4725806370639,31.7144436076592,35.2166813865438,50.0136548621957,62.5678196388259,47.5262271040364,61.666189428289,68.4979576522926,0.047916915868186,0.0765325338415023,0.0606515827809163,0.068786872271985,0.0799272725035792,0.0654804822703565,0.0746910732818418,0.0543705258642262,0.075449298452329,0.0847008636171741,0.0639572150824274,0.0788446844492463,0.0602688262730077,0.078508251641931,0.0868931487164135,0.0630017602416233,0.0777830884415555,0.0589147283118245,0.0774179905326321,0.0857332316290834,0.0635859015370697,0.0779032027311027,0.0591601004530304,0.0773289990422337,0.0860026894740895,0.063176815390911,0.0789488720797916,0.0608957428518989,0.0772651691048677,0.0836576530929653,0.064085282861131,0.0776841254494486,0.0587317942994543,0.0772699568917558,0.0859013726308356
gaussian,400,168,0.38268343236509,0.25,38.6202768390037,61.5769682743608,50.7352664865385,63.2932400183092,66.7508211979029,20.2607548748529,31.7101365659867,26.3029719002735,32.5662002754726,34.2906979566346,36.3902519086754,61.9949299784618,51.4467576912734,63.3165256631906,66.340492764611,0.0467381707187154,0.0688214344833016,0.0514984186778132,0.0736114411275157,0.0810064115868139,0.044854100519601,0.0773222314502029,0.0627881342614502,0.0801332165459248,0.0833548402722852,0.0475742817225472,0.0770295835857122,0.0637583949931249,0.0789393114752603,0.0831483933596608,0.0482361058991086,0.0776384637866601,0.0638066141157589,0.0791963480220515,0.0838893863781069,0.0477531235993449,0.0768496810016798,0.0629310412188887,0.0790681422278751,0.0833502869528081,0.0477495264407283,0.0755847254592837,0.0603628414126584,0.0797623239158883,0.083041532796522,0.0483097399494603,0.0771282647315144,0.0632067360023275,0.0794089366406389,0.0835405539067298
gaussian,400,169,0.38268343236509,0.25,50.4120266635905,62.1542447963209,44.7470576470861,79.3179151049837,77.2624135735855,26.1416257838723,31.9980835293934,23.316518770964,40.5583946312313,39.5332357539525,48.1211372848866,62.8906367071198,45.6781594374756,79.5372567066546,77.394248117857,0.061200446599313,0.0801434124045265,0.0577186868089839,0.0999377649930779,0.0989744049786145,0.0618414440690289,0.0782675980460001,0.0543834331081512,0.100781794227462,0.0973905525927676,0.0638387715352425,0.0740144291491764,0.0485514411466141,0.0984839635332288,0.095004424844868,0.0633625894831176,0.0777649385649196,0.0555742565017558,0.0993853382638918,0.0968019231032772,0.0629010385120971,0.0778259088155304,0.0561193501913514,0.0993251292089506,0.0962149486771078,0.064391164853625,0.0789059838237172,0.0560847987323687,0.100553392500009,0.095973075259077,0.0630669809668663,0.0778523322928929,0.0556047720592497,0.0993112362001963,0.0967769020203213
gaussian,400,170,0.38268343236509,0.25,41.9375131858018,81.6705563545606,74.2472136462924,62.0108525108424,73.6657358519114,21.9150272022665,41.7319196585,38.0296217112309,31.9267444817498,37.7396440752018,39.9958410459137,81.8343501832965,74.7138187804965,61.8133359789898,73.1191938528596,0.0490632055268008,0.100889377181622,0.0925010543866693,0.0739579164089174,0.0871116067678178,0.0542174127886604,0.102225341142229,0.0925740083761531,0.0773535578019508,0.0925008451241044,0.0521909597404937,0.101848176695232,0.0916489058691213,0.0778311578144032,0.092647334636849,0.0523406917188013,0.102538786610041,0.093138291027008,0.077684229648569,0.0920507298032505,0.0505364221344043,0.102074456283547,0.093116051502418,0.0766139705993513,0.0900027477911124,0.0545275349676131,0.104396504391098,0.0951008906520667,0.0790279923300392,0.0942903299385949,0.0523890248090658,0.102188222445488,0.092772473715037,0.077401911657861,0.0918881575044165
gaussian,400,171,0.38268343236509,0.25,59.4325760349836,57.8369993953769,40.9000604816925,56.2561211686908,64.5018086652092,30.6408613105895,29.8451583314475,21.3980060649321,29.0565398056013,33.1692325821253,58.9721753588904,58.5229821347807,41.1671296368526,56.1470751542062,65.2016939947799,0.0761115986207657,0.073688096161509,0.0528692000966388,0.0711825622983795,0.0826495160898722,0.075893425247675,0.0727825541741983,0.0514237074427835,0.071879180768417,0.0810378836824611,0.0721286374736776,0.0730441589570645,0.0504989249583047,0.0710440007330676,0.0810427061760694,0.0741828284104288,0.0722380268185803,0.0509535183311554,0.0700142923459589,0.0802196378688034,0.0733453033997901,0.0699024022042657,0.0472743342862648,0.0692168059787012,0.0784734577086346,0.0750475694877045,0.0742091283528073,0.0526097647805284,0.0709964707827589,0.0818723025634733,0.0741209906103938,0.0717929901812224,0.0501308742983757,0.0702128712765175,0.0802584781463262
gaussian,400,172,0.38268343236509,0.25,34.4553710714497,44.5659906187999,33.2358349693874,46.2758966497384,51.0468226744131,18.183411522398,23.2259372521046,17.5751545789558,24.0787281622702,26.4582633342326,32.9855311650148,45.0070286247772,33.6391771756142,46.4588321215424,51.1017605050804,0.0454783639372622,0.0579169055931806,0.0439410326097233,0.0602258112758846,0.0663066231175631,0.0438078595148161,0.0572265350863389,0.0415159473545077,0.0597055590770402,0.0658248980986853,0.0415556566497388,0.0551430804676919,0.0414513357745518,0.0559490301440104,0.0633552084962921,0.0423303200901642,0.0555734657476377,0.0413319239917464,0.0578941220872957,0.0636926350374192,0.0411209751851314,0.055280454936776,0.0417195715789099,0.0567977141644192,0.0626940319350369,0.0443879353767069,0.0578178193666338,0.0435942343567167,0.0593961889750566,0.0660510148933465,0.04292675789508,0.0559352822671404,0.0415321194654226,0.0581014125293058,0.0639575252881081
gaussian,400,173,0.38268343236509,0.25,54.3731773617044,48.3697574880215,31.6056339189525,50.2059777842139,63.183606431895,28.1171283757227,25.1230032524561,16.7619550463392,26.038811755133,32.5115143598128,53.0976085377713,49.1541198316898,32.0909040296754,50.4250447137002,63.7604800815212,0.0704575854751397,0.0629465993955799,0.0419332298875586,0.0652465774223728,0.0795030174230135,0.068177151032072,0.0600450974468495,0.0369513681807204,0.0633854568039569,0.0795642178937428,0.0681468368138692,0.0603386741679673,0.0384056561428111,0.063752703219571,0.0791899491136105,0.0681644372347953,0.060658778037519,0.0399122142496503,0.0625473451991476,0.0787423950276882,0.0690328407014865,0.0607959607657902,0.0394893683727923,0.063401017707502,0.0790544737295398,0.0581066787412107,0.0605252156872152,0.0415750815272908,0.0618875750936512,0.0773914243668681,0.0685624801888731,0.06087261975547,0.0398081881357001,0.0632642358297636,0.0791940789494183
gaussian,400,174,0.38268343236509,0.25,23.7699999920875,34.9726624982323,27.0597216841349,35.122755392868,39.1758442032758,12.8539387661623,18.4412772429505,14.4948469028824,18.5161219506144,20.5375810194695,22.4678554056036,35.2212349559093,27.4155598281669,35.262082757435,39.0951372579996,0.0310875673526191,0.0434108231386436,0.0313379917092441,0.044851279724536,0.0481852490112841,0.0284161409958397,0.0448217507571109,0.0347654949218645,0.0456267472309601,0.050039400363241,0.0269604973832574,0.0421307490012801,0.033464101293898,0.0412292474465762,0.045639553355915,0.0301776741600079,0.0433835825337531,0.0330714603180855,0.0436206277149646,0.0489403598861921,0.0296899554923706,0.0437294344793703,0.0338538944768902,0.043558181380951,0.0490951163741882,0.0300112996038344,0.0388321478246557,0.0254755931894804,0.0438640635392508,0.0463841247301521,0.0298721532337225,0.0438322493274296,0.0335260295412943,0.044072497193332,0.0491295589774929
gaussian,400,175,0.38268343236509,0.25,61.405089399727,77.4178419979258,58.6622160790984,79.7803346962451,83.1638902893649,31.624694410601,39.6109795887214,30.2568000769611,40.7892415695889,42.4768386932509,58.2202081396898,77.6626213994112,59.0514595066472,79.6942207156618,82.6247695387347,0.0786832507728498,0.0954500192162245,0.0703125890803131,0.101639122213891,0.105340267728522,0.0747056172280248,0.093423515287855,0.068082614808371,0.0949058965280301,0.100133750635961,0.0764728384247693,0.0984572569485466,0.0745849200213289,0.100811389609025,0.105533835438632,0.0766299423314887,0.0965034697914396,0.0725289393892262,0.0998333673764237,0.103716840391027,0.0762617579635838,0.0953857717231661,0.0719898987848766,0.0986375004890316,0.102607322508448,0.0791242939945219,0.0987212370461569,0.075441681018401,0.100493954315005,0.1051157679939,0.0764870327036859,0.0969209180052095,0.073052353251867,0.10003101576075,0.104052542215124
gaussian,400,176,0.38268343236509,0.25,37.6480018198023,50.5924558914167,39.1954256883279,51.3942612207921,53.078446164519,19.7756545969013,26.2318175009106,20.5477066630177,26.6316544208775,27.4718437509372,36.2075112227886,50.9283916788762,39.6046869002634,51.3311453560177,52.8592878807434,0.0400541163518024,0.036419711158842,0.0222574838915336,0.0487156291572512,0.0425043283729615,0.0460716531761647,0.0617457921136765,0.0440451284483964,0.0644812183403096,0.0669346979950487,0.0469858217128361,0.0593515900971784,0.0443801246635907,0.0622398548961494,0.0627866416949662,0.0475621700447447,0.063680477362228,0.0491420474990866,0.0646751952733622,0.0663433294353635,0.0463528283123336,0.0629044566607312,0.0486060547609803,0.0640719488063093,0.0656672950301233,0.0482250157948831,0.0620211628624317,0.0485829784184493,0.0624765923301125,0.0654057843281416,0.0471261780069659,0.0628735335116798,0.0483969755484095,0.0640688091048781,0.0657207641856045
gaussian,400,177,0.38268343236509,0.25,34.6019340411617,43.7578391294796,33.3165704988188,42.0970593613434,51.6124948662264,18.2563897799919,22.8227479248528,17.6151540315615,21.9946043056481,26.7404159251207,33.2715015309131,44.3517341903763,34.0871871169804,42.1257213375765,51.5318780634347,0.0438898719784945,0.0552235380421157,0.0431988237688416,0.0505956846636242,0.0597603096003801,0.0420133665696456,0.0565620746245465,0.0435691893672539,0.0540264430441205,0.0649253613446373,0.0437275317723939,0.0548849377594849,0.0418502738140252,0.052250950768133,0.0647132637960745,0.0433148631871817,0.0551406739647105,0.0420254542096073,0.0526343101642312,0.0646486779432965,0.043397750451788,0.0545918938660352,0.0416978816501183,0.0523840318620633,0.0642819991074559,0.0455103207948079,0.0559889926200314,0.0417462891679589,0.0544179479281453,0.0661454318544244,0.0434346946876333,0.0550509810139784,0.0420228856491732,0.0526850668388417,0.0645579803767382
gaussian,400,178,0.38268343236509,0.25,46.3788280190319,46.5562026445354,30.7802845408975,54.6540849080415,59.1007743475466,24.1301455456602,24.2186289540521,16.3505016936222,28.257486236949,30.4751531939057,44.3448708534494,47.0598337679734,31.2774388551857,54.6235677181977,59.3556920342532,0.0470589456486832,0.0565963432078788,0.0392559428732408,0.0626690864061219,0.0709833596075655,0.0563717397288479,0.0590873946773849,0.038349098340777,0.0699864912779087,0.0748507754228794,0.0586771860633647,0.0583795022254623,0.037946035813473,0.0681976426504644,0.0741158959985834,0.0583544503324103,0.0580751150996448,0.038092304956501,0.0683130427800212,0.0740381319348393,0.0567144180450846,0.0572803356323288,0.0373048719243414,0.0677211603988522,0.0733810247734715,0.0591551850966376,0.0573555721641181,0.0366694975927469,0.0682843686971635,0.0745635660068736,0.0581879640570775,0.0582393428748751,0.0381383100761675,0.0683912237385789,0.0742077253379535
gaussian,400,179,0.38268343236509,0.25,52.0144793164501,50.2492898632646,33.3104311890334,59.0020887965723,61.8932131080571,26.941178780511,26.0605645749139,17.612295455465,30.4261425729405,31.8681128678083,49.7088213771088,50.8533420764164,33.9794185352573,58.8257171236191,61.8946875252976,0.0671277361373566,0.0646938455031981,0.0435208198543897,0.0761250781233325,0.0792502698600859,0.0652430587583415,0.0636066540394348,0.0419866553556802,0.0743110141125291,0.0768266121086239,0.0657250983810788,0.0642653928949079,0.0429807057492831,0.0752332940732572,0.0784013302239786,0.0641408074470099,0.0630093268285212,0.0417963407223221,0.0738567864618563,0.077315558421779,0.0654661507695879,0.062852181447412,0.0411722601618448,0.0744730264748342,0.077821150496673,0.0671477798427795,0.0618056834138565,0.036609037744997,0.07575077381571,0.0787939100748905,0.0648113487110975,0.0629678213514319,0.0418861765359472,0.0737355108302874,0.0772389567476998
gaussian,400,180,0.38268343236509,0.25,57.9742766185446,62.5442249810687,42.2589674335423,79.1834562105486,70.1175620090501,29.9138301064858,32.1928937310968,22.0758183791781,40.4915884346184,35.9703003906091,54.0816746752807,62.6308228472906,42.5956966187164,79.0711130870422,68.8342799689313,0.0600533727065149,0.0750313342276126,0.0514345820014126,0.0944892299350001,0.0783768318948997,0.0707904011170239,0.0784996354414449,0.0520950169278805,0.0991399424800749,0.087402234392352,0.0729594749092111,0.0780559484317808,0.0516884212151916,0.10060261306887,0.0871876576578527,0.0724631333050529,0.0784108498847049,0.0527751119825431,0.0994867047690128,0.0875822115389508,0.0699645679349301,0.0773647469821979,0.0520796741163885,0.0990459480055693,0.0851658849144318,0.0715106325587919,0.0767698444851768,0.0449962995686333,0.0999102776664124,0.0878715684568054,0.0718224512950392,0.0780888220407705,0.0522731959423394,0.099066049144888,0.0871247289259283
gaussian,400,181,0.38268343236509,0.25,56.686902930076,57.8579398291697,41.0809747478719,59.0040399125339,67.6140908838488,29.2715803476674,29.8553667714446,21.487849708732,30.4270747501173,34.7213855939962,55.58894623596,58.6507674871546,41.7060649151478,58.887517703666,67.9493168277901,0.0731808857160157,0.0748146190949344,0.0538455304185932,0.0761686985646593,0.086964675094992,0.0691772672103193,0.0728165985755467,0.0520180640178139,0.0732728575629926,0.084907607434281,0.0711469104889875,0.0725219347952875,0.0516929156209865,0.0724541761719927,0.0833158031810425,0.0707546689277676,0.0727531437303208,0.0517407016083426,0.07389979425012,0.0845900848478588,0.0707874726024757,0.0727658210336216,0.051534023850208,0.0736508957409357,0.0847726950420237,0.0727760910138256,0.0708928274252892,0.047782414685806,0.0740701853577717,0.0844510449373111,0.0704137873429629,0.0724548090432232,0.0514875285592486,0.0736336074463267,0.0843707523543289
gaussian,400,182,0.38268343236509,0.25,47.469859907232,61.6495062078465,46.4780492716408,63.5802160847735,67.6387360992493,24.6742795942237,31.7464461608279,24.1798467375221,32.7094011974228,34.7335713426939,45.1313985841157,61.9239491271898,46.8829236361197,63.5436625515578,67.3487498137071,0.0614133677801519,0.0795530304413068,0.0605895451607383,0.0818367547655485,0.0868265129371203,0.0594211039629731,0.0769175372422311,0.0573550323135711,0.0798869567285844,0.0846537220323015,0.059662850825673,0.0774778754254211,0.0580857569306684,0.0793400982627078,0.0846325125884486,0.0595456469853666,0.0769543960616838,0.0573529260832985,0.0798616889799948,0.0847812815168037,0.0605084927671412,0.0774285871184956,0.0575931123312062,0.0797002176630085,0.0855142235263403,0.0594202726758235,0.0778111522740418,0.0598089673487071,0.0781196672307092,0.0848933320528937,0.059651180136935,0.077066640152722,0.0578196331615164,0.0793974235046312,0.0844621559237202
gaussian,400,183,0.38268343236509,0.25,54.8999199853342,71.3703418310122,54.1059930099284,76.9575446586168,80.8836161888328,28.3801570361381,36.5945916997366,27.9841374773134,39.3812344985777,41.3395059982004,51.8822758491327,71.8249621153701,54.8441078651308,77.058916097095,79.9642538540537,0.070715653497494,0.091684546647212,0.0698279909866255,0.0984240991211616,0.103149562003066,0.0654946364064715,0.0866201430860612,0.0661870308081527,0.0901274118383903,0.0973954236222946,0.0677013936763143,0.0892631834252158,0.0680335385360091,0.0966922749970163,0.0994261476219344,0.0687805748847564,0.0898622966984214,0.0681413450768516,0.0968023231577017,0.101413991990789,0.0687315543138286,0.0904591073411985,0.0684089901556202,0.0972835180717998,0.101727252252589,0.0683811866423207,0.0876213672160881,0.0645027408832856,0.0963230116751253,0.101786471167261,0.0686016042368297,0.0894947329208064,0.0676112651566724,0.0964678652012515,0.101065775218139
gaussian,400,184,0.38268343236509,0.25,58.8491842596201,65.7495860656021,46.5007357084495,76.3150173271887,81.7277436656177,30.349502952395,33.7912550929812,24.191134248579,39.0606918681329,41.760360071895,56.5142839028056,66.4839125334742,47.2426844762537,76.5357522293495,81.9162587198687,0.0746984396201877,0.0846268638089875,0.0603669793462108,0.0977746846274624,0.104144747232205,0.0756750114715839,0.0788896935117816,0.0499637990120817,0.0972767199792117,0.101039946182969,0.0744600397165412,0.0836867650441366,0.0596494855921552,0.0968353009218021,0.103046277714987,0.0738173752573187,0.0824375163941155,0.057996368901535,0.0956575821461076,0.102281067548525,0.0737449018845522,0.0811232134474711,0.0567005172540121,0.0947597525080828,0.100696659159725,0.0759022077679197,0.0840616288185519,0.0593838459984337,0.0974856794142641,0.104544801548959,0.073992025427562,0.0824538552290814,0.0580025679805694,0.0956552527802005,0.102369742038386
gaussian,400,185,0.38268343236509,0.25,29.4463031194821,36.7017001416625,25.9263890533288,42.9085746506825,45.0606153493071,15.6851679736595,19.3035725646121,13.929418382799,22.3994048656114,23.4726642811635,27.4877863677393,37.0567121234446,26.5661633265682,42.8969860042611,44.6363211974442,0.0393065931934698,0.0429810794561534,0.0284522173447141,0.052341470375367,0.0554104961241025,0.0387408591200469,0.0465828358796324,0.0319793156880168,0.0552563336091109,0.0578350391874141,0.0355074434646752,0.0472964226286827,0.0340226416591626,0.0535461471864865,0.0572668472435038,0.0373199854597379,0.0463137643488761,0.0325305692928729,0.0541402095770087,0.0568706918210105,0.0362141760486218,0.0463220700907692,0.0330089035610731,0.0537893101535183,0.0564378666138636,0.0375869137858127,0.0472996825316934,0.0340925853654758,0.054748901669718,0.0581711456966237,0.0364252667845093,0.0461159777061824,0.0326211091821093,0.053458432897648,0.0563337499211136
gaussian,400,186,0.38268343236509,0.25,55.9387758525922,62.4975573047178,45.0939673517975,69.4156267759573,73.0189597890484,28.8986534421162,32.1693404252878,23.4893116273482,35.6198405140802,37.4171050098567,52.6504947170011,62.9744307981041,45.8779533352287,69.314482592866,72.2458772318604,0.0701177643153374,0.0801296457897179,0.0547562185498102,0.0882073004172107,0.0929140004960086,0.0700453085807667,0.0787617928755696,0.0574595809338919,0.0866894486152416,0.0902086878435132,0.0713537890947301,0.0784364751662778,0.0563900765496724,0.0862086935722445,0.0916105101665477,0.0691553910667828,0.0785979001673803,0.0567291009608623,0.0872630234075711,0.0916778106688311,0.0705514605460365,0.0782777839562579,0.0563447757195921,0.0867162951402602,0.0916071993942042,0.0635663189555605,0.0796625529893841,0.0566868292302718,0.0862852256511096,0.0888530788324747,0.0686558251171899,0.0782649065389934,0.0564820086689437,0.0867270030676854,0.0908061490300877
gaussian,400,187,0.38268343236509,0.25,56.764505763004,62.2205062301553,45.2949697901426,63.8886946120086,68.3123341331188,29.3099947192077,32.0314341521877,23.5900618320802,32.8632617463692,35.0697292809984,55.193299930384,62.7181178722929,45.5430489014301,63.8158875405543,68.5984309619358,0.0577270436155241,0.0674097768656211,0.0515469289110085,0.0755033850931683,0.0665895051466821,0.0721782086336578,0.0784707238139101,0.0566308461336936,0.0803387754031996,0.0843726702540377,0.071957277063493,0.0751020235600347,0.0532413366644647,0.0787993561639699,0.0831114002193791,0.0713328755755851,0.0780220758410655,0.0560696787954528,0.0804261991889803,0.0856946160148935,0.0710641607742447,0.0782567374861651,0.0570807157672805,0.0802731363202349,0.0858443493615991,0.0720709711586939,0.0751477551464874,0.052147151859915,0.0788484812891089,0.0840095160576838,0.0709920954113653,0.0775829243885502,0.055928857641389,0.0799092940469709,0.0851612424114054
gaussian,400,188,0.38268343236509,0.25,53.4715518506503,64.9739780838312,48.1908508248367,72.3508209017651,75.1046402885362,27.6677702350199,33.4044968073791,25.0341058553025,37.0836559950289,38.4571684024424,51.5449607384758,65.557510658629,48.7621398738769,72.4154712331398,75.1404733968004,0.0680311127290731,0.0817712473268656,0.0614824111088436,0.0885839885421964,0.0920501866354179,0.0661707407495958,0.0827938339816556,0.0619185045529084,0.0892366385097061,0.094631526594648,0.0676244402927565,0.0828329423634862,0.0618683282343314,0.0922229727275079,0.0950308591649218,0.0661563413045302,0.0814621147346038,0.0602309697556699,0.0905941406189389,0.0940079123317656,0.0661968712676938,0.0825666830088197,0.06116580251896,0.0916878118099179,0.0948034529259583,0.0684456578560346,0.0821745000163707,0.0612563798279619,0.0866807011844446,0.0943578692199941,0.0664218472422392,0.081006736335656,0.0597202128980382,0.0902723476954526,0.0936339866727061
gaussian,400,189,0.38268343236509,0.25,38.6388227661045,46.2563860428557,33.6385248950472,50.3431274948904,51.2932874171108,20.2699169160846,24.0692530763911,17.7763029701065,26.1073964174921,26.5813188864281,37.508434284942,46.5970887193444,33.8856608816903,50.3110988360003,51.4434643251199,0.0298397341585678,0.0593728530218625,0.0445445555036122,0.0598733227918081,0.062056885735442,0.043225390067085,0.0552761445434155,0.0402686253681671,0.0599700809455217,0.058851409781546,0.0489420684893521,0.0571805485470407,0.0393116497383342,0.0637888373630461,0.0645332329481708,0.0487250966133177,0.0571354540536254,0.0408325220068338,0.062575942415259,0.0639302676255827,0.0474699347824713,0.056961001629104,0.0412264976121341,0.0627204567152415,0.0636419968414807,0.0466106657830351,0.0598537164951049,0.0440876250135399,0.0629396585976035,0.0659067399022427,0.0480712900574968,0.0573283922491465,0.0409442480170589,0.0628691208028053,0.0639772835189095
gaussian,400,190,0.38268343236509,0.25,70.4679932336607,76.0918426472568,54.8382150537465,76.2403375300435,86.3543132574487,36.1445476683461,38.9495422242309,28.3493315271705,39.0237027250298,44.0681469958611,68.2745778177874,76.8233609161248,55.4097813301224,76.1009540757763,86.4828471995741,0.0904503167942331,0.0976072349636219,0.0703872291515501,0.0965725220048513,0.11023704577386,0.0891246658535923,0.0965258333777507,0.0683758084500895,0.0966480565349419,0.10932075721853,0.0887152022666271,0.0946769205156849,0.0678603912394388,0.0959889400249916,0.108302422269893,0.0879459771512719,0.0950846525571944,0.0683796114622286,0.0951438234960719,0.107396053693933,0.0892618181501156,0.095870711459757,0.0688328468759395,0.0965724896098209,0.109271054674893,0.0836933673812267,0.0950504223004654,0.0697084464072825,0.0934484933550885,0.104701250851938,0.08853483362473,0.0952233269659924,0.0685347046139294,0.0952860675089402,0.107731452284086
gaussian,400,191,0.38268343236509,0.25,55.7240625614334,68.8719717529482,50.6995664983779,79.4777187505067,81.7043749506398,28.7909366395771,35.3485933238613,26.2854133955483,40.6380784380772,41.7486882293867,53.441797631614,69.4811142155313,51.3014494782515,79.7102906658571,81.776967436984,0.0652371213575614,0.0764007006205037,0.0542532951858556,0.0959840534926307,0.0945351224667993,0.069887968501625,0.0871925422817504,0.0641119938179834,0.0992151082455411,0.102131766934034,0.071094779368994,0.0862299146616529,0.0634056357885348,0.099575063431201,0.102420171040618,0.0703519680505983,0.0861047710554125,0.0622142633876506,0.0999487529935865,0.102498941613921,0.0708773824582381,0.085849033261438,0.0619138923295017,0.100104685259093,0.102754234551958,0.0718519588806973,0.0860576568877903,0.0634160479436831,0.0984619789910066,0.102412322757226,0.0702745061409135,0.086475020298884,0.0629185736200722,0.100103268248672,0.102777978615485
gaussian,400,192,0.38268343236509,0.25,49.0062755780244,53.5155095291336,37.8750774884845,61.9779431692153,65.1523332958412,25.4408350641952,27.6895426816744,19.8889590545205,31.9102113032855,33.4935214753299,47.6725087179078,54.2867563447246,38.6673774972792,62.0147788538929,65.2957118259292,0.0581300611111569,0.0679656958682801,0.049255006084409,0.0767072190373748,0.0794907061167704,0.0599377568992963,0.0665521912822221,0.0462881649667741,0.078201806286246,0.0812694995142635,0.0581047365945064,0.0660037764670771,0.0478519799922319,0.0753345157865685,0.0794136819166343,0.0615847692013978,0.0668635031761821,0.046856160609797,0.0777878202166382,0.081584009685811,0.061021975537139,0.0674347914853337,0.0484702016016283,0.0764879660569778,0.081809052100767,0.0615319410224836,0.0687815168090938,0.0490254114459579,0.0790743377441692,0.0822197115517312,0.0606629160629393,0.0669652986379729,0.0472861707198386,0.0773803146388765,0.0811986952491074
gaussian,400,193,0.38268343236509,0.25,37.6512580451707,45.483793501493,33.1879612407938,49.2703542095741,54.0933826923471,19.7772397524581,23.683677886435,17.5512499817355,25.5722107020251,27.9777990871087,35.9481534816532,45.9467103755589,33.8110062062511,49.4254204318523,53.7118205912071,0.0494642817776137,0.0590184349753441,0.043805950342422,0.0616102031473212,0.0701107864346605,0.0467234876295969,0.0519252746486088,0.0352291911283343,0.0580707031225196,0.0629920670915785,0.0475171723221774,0.05862490251726,0.0425685376551436,0.0631056788468135,0.0687851478751414,0.0469356825258221,0.056360813535621,0.0406110207851627,0.0614474985880274,0.0670875079917363,0.0479702566291967,0.0580828378489109,0.0426704674445622,0.0625198459413352,0.068534449244739,0.0485855423910272,0.05473769827678,0.0370912809951586,0.063276583102161,0.0681379814901455,0.0468403848777755,0.0566908401037348,0.0410649137183658,0.0615164109611145,0.0671618647110323
gaussian,400,194,0.38268343236509,0.25,30.0394617296229,41.0210487701374,30.0083391237949,50.2814315238295,48.8128600521787,15.9809361339366,21.4579128548928,15.9654918645794,26.0765184426169,25.3441303898667,28.1502269823762,41.3475737173723,30.5769779100864,50.4201363767673,48.3904705558414,0.0400412296738829,0.0525208512803023,0.0375619843128774,0.0651296066104773,0.0609676378838523,0.0326994414646881,0.0513602292119926,0.0382750591503082,0.0613333226232903,0.0588767683698511,0.0367329384322635,0.049232701972157,0.033092447151649,0.0624486927104147,0.060693088468326,0.0375442327180158,0.0518515777712758,0.0378482791806385,0.0631283285704255,0.0613385193563321,0.0372799088205267,0.052477492616342,0.0387567085793562,0.0634375775336157,0.0610717248869293,0.0373687882840399,0.0526269500083728,0.0385848368964587,0.0645309253468501,0.0612533446129953,0.0374738818589721,0.0515387667498252,0.0374174100279899,0.0631751051188252,0.0611960764366184
gaussian,400,195,0.38268343236509,0.25,44.5052147969713,51.8963058215769,36.4551545622677,62.9990278632345,64.2880270444761,23.1955928021991,26.8819357344851,19.1808654558541,32.4193652130939,33.0623779277647,42.3940189298846,52.4598905013293,37.1178267780872,63.1956483274832,64.1920919404461,0.0546947832020986,0.059388416588381,0.0427703953620233,0.0618981213984675,0.0765902599975159,0.0550789058715404,0.0642730796426401,0.0451292176092512,0.0783439205815521,0.0780091548059027,0.0558170382769573,0.0643837386555281,0.0450547080674382,0.0777849017291408,0.0804278407527136,0.0560236509517166,0.0653613675697162,0.0456237968515976,0.0793938692034207,0.0805464091245638,0.055519221392112,0.064956089579547,0.0451640007753439,0.0789182108391938,0.0802449454444026,0.0571489740098386,0.0605554925463411,0.0366546793538758,0.0796580460237009,0.079354977325289,0.0560735877133629,0.0652835910475983,0.0456413421962553,0.0792372783088507,0.0806442509218155
gaussian,400,196,0.38268343236509,0.25,46.9116321810095,54.7388099659632,38.643492369691,66.2439440996228,66.4750818963199,24.3958760504451,28.2996733830706,20.2723231688183,34.0378309981885,34.1531530007005,45.146913517798,55.360400185164,39.2785322785621,66.3642647815974,66.5826428502552,0.0560927269691759,0.0708929776753828,0.0502969947704815,0.085227923231969,0.0855744591956603,0.0601516585552588,0.0666955791863272,0.0461840631729415,0.0813868210538138,0.0826079510623728,0.0573239680874102,0.0686599797218122,0.0484134253102834,0.0829829597776827,0.083022332819167,0.0586635098453385,0.0682027736373314,0.0477430622943347,0.0828320125049431,0.0826456080660378,0.0595200071210187,0.0690239394214428,0.0480429820050277,0.0839871203496781,0.0841163376841797,0.0594559677272458,0.067045571313422,0.0468540671768658,0.0803613208923664,0.0823981921323079,0.0586940888603591,0.0683074203642106,0.0477767552081602,0.082811380949283,0.082972866643952
gaussian,400,197,0.38268343236509,0.25,55.2726816502509,70.9432154722351,53.8909183203349,72.8423873102013,84.3479740127385,28.5659306722422,36.3814123624328,27.8766886733406,37.3287325745343,43.0670429555141,52.4661897191944,71.580637944381,54.7065687848742,73.035795477911,84.2688825592642,0.0677892346258958,0.0877109613464124,0.0672893737903182,0.0892377938225944,0.105091762927227,0.0706479433237458,0.0895862397276898,0.0675078798515918,0.0918656387118291,0.106854766784301,0.0685553194758263,0.0891474515920879,0.0685884580077412,0.0899896555873596,0.105709985473857,0.0691696320024128,0.0891144375900546,0.0676166968005931,0.0910229435025443,0.105773326193153,0.0699208396997846,0.0894333074314934,0.0675661920365096,0.0917728104313991,0.106317931100303,0.0712676151597001,0.0905240244936154,0.0690948284685581,0.0920162872787949,0.107152342182217,0.069384518984136,0.0892783759354496,0.0676476471519825,0.0914236552654587,0.106045121805508
gaussian,400,198,0.38268343236509,0.25,59.6474182010044,60.1594656671365,42.6788735858045,57.9105597866585,71.0549759863888,30.7478208577864,31.0032214721213,22.2848407010652,29.8815719235877,36.43738569688,58.8349126044883,61.0115356785016,43.0942506191211,57.9910464822946,71.8602788656745,0.0761957623910133,0.0775602192126645,0.0548940978228089,0.0732139173772337,0.0912790144478795,0.0758796621094555,0.0765365200950557,0.0550701563349707,0.0731045022722969,0.089630374815291,0.0745744490620959,0.0768210355089496,0.0547920651853118,0.0742352608076839,0.0903307771254442,0.0742149093732333,0.0749082901510112,0.0529899456399741,0.0720991477643294,0.0883664597813905,0.0749716421058028,0.0750227198680761,0.0530966074539757,0.0722277073626826,0.0892123254096536,0.0767597361185097,0.0758595026908551,0.0521211063062426,0.0740427614391763,0.0900130249078586,0.0748867008539895,0.0755009450316386,0.0535719786138737,0.0726178005281892,0.0890753235622281
gaussian,400,199,0.38268343236509,0.25,35.5881455468328,34.1208698025436,21.8367052652073,40.5160849400969,43.8233876801738,18.7481402074576,18.0165215787035,11.8899233725823,21.2060892829447,22.8556381048625,34.2885065820975,34.5506560167296,22.188455756965,40.6016977300826,44.0537018279578,0.0449260050509609,0.0293471808341907,0.0102870415370617,0.0436442210777181,0.0454632422838791,0.0450756050146652,0.043759683305225,0.0280003608998002,0.051281034485809,0.0558112966292591,0.0420265413449561,0.0424877668754147,0.0271948572269115,0.0490844836079836,0.0538158739054024,0.0452085381093792,0.042935832780773,0.0272245579111628,0.0512355696275323,0.0552974165394817,0.0454854328279016,0.0420139912759096,0.025306764172272,0.0513910394344286,0.0548965508869545,0.0443641326759075,0.0428257550070045,0.0281809939657897,0.0486847686389315,0.0554912187260485,0.0450812408341724,0.0428132430270285,0.0271500524706475,0.0509379468980252,0.0549876418494186
gaussian,400,200,0.38268343236509,0.25,47.1009651715052,51.0601153097144,34.6797704197347,62.1494750873666,64.1210497402672,24.4904008890475,26.4649058081914,18.2953601525891,31.9957353584416,32.979042780741,44.3567029827437,51.5178925302637,35.3380088389064,62.2348664713504,63.9261249114148,0.0611252925973366,0.061516017726841,0.0384517161911099,0.0765981330893264,0.0800360165507267,0.0587428821573331,0.0646116690006619,0.0439279260526012,0.0796124627130561,0.0807122105784073,0.0600887326689583,0.064019304121843,0.0434419839745992,0.0778804844385019,0.0800497465993775,0.0583710135511488,0.0633961912822095,0.0428102981206083,0.0770333613322903,0.0797722810012905,0.0603312868120875,0.0631479171332475,0.0422843187413026,0.0776006746373259,0.0802395127499955,0.057475919590742,0.06223845785136,0.0385325748584432,0.078541783980359,0.0809726320605259,0.0585530722859224,0.0639534976934336,0.0432365571696158,0.0777017250877855,0.0802299907864661
gaussian,400,201,0.38268343236509,0.25,41.1350236851595,79.3894862049991,68.8862840483263,78.2086921065609,78.9977378577911,21.5149760429035,40.5941342968149,35.355885826409,40.0051891583051,40.398886273991,38.1970847379402,79.4615157801304,69.4287088745404,78.3705033673274,77.6784944396074,0.0536541411443294,0.0999015562410321,0.0860806025043976,0.0989659882079832,0.101198560389694,0.0528495671384736,0.101396691465087,0.0880427469049995,0.100152101904557,0.100638688225922,0.0528074141970542,0.100404696978544,0.0865453086034199,0.0983452775515095,0.100561504134143,0.0508279503805628,0.0993013178521567,0.085846385083551,0.0980869601427048,0.0985308640903382,0.0518152055710463,0.0994317338858978,0.0857288485172231,0.0985757180205996,0.0990672814338691,0.0511785281166596,0.100380327764438,0.0875784901135927,0.0984312431941526,0.0997141493803257,0.0504295282662413,0.099282470326549,0.085844424728528,0.0976831653503056,0.0983489891407617
gaussian,400,202,0.38268343236509,0.25,46.2674888519834,51.3529935344999,37.1141613517583,51.2618885006687,57.7164450933411,24.0747830586213,26.6110153625424,19.509334021381,26.5657513073354,29.7849966278318,44.7292933792865,51.9718259654311,37.725846650146,51.0485411953369,57.8742218745643,0.0529360900570838,0.0649324622213062,0.0466778947306064,0.0660789613438664,0.072214135505706,0.0525021738630588,0.0619610782363563,0.0455332154988452,0.0590800762837399,0.0675434192507509,0.0596554848213016,0.0658017998681869,0.0478973516503742,0.0655197658168455,0.0736563022514558,0.0575431349997011,0.0639497128049022,0.0461405222422163,0.0636912420205778,0.0715750699948999,0.0585679626140255,0.0645106730829989,0.0465285519158081,0.0642974454795127,0.0719767211380311,0.0599288316975091,0.0664327293857406,0.0484879926984553,0.0643042636179143,0.074268142184666,0.0578204825628303,0.0644774808748865,0.046755335231198,0.0639879542877101,0.0720027178149158
gaussian,400,203,0.38268343236509,0.25,49.8232767054728,56.751268552282,43.0288908193108,48.878388972927,59.6546068707538,25.8482117481169,29.3035305871062,22.4595061627886,25.3770033205832,30.7516922873504,47.8342557259573,57.0590739381783,43.3387893279406,48.6063283986655,59.279156336222,0.0547014826866893,0.0718694902403078,0.0551200824652104,0.0604614174311423,0.0713991354012621,0.0614206998510379,0.0689118419066063,0.0517731907429096,0.0598283366971045,0.0711696365485436,0.0619842799511463,0.0682502194565033,0.0506450278389342,0.0591889787152503,0.0730775320238359,0.0626020900080658,0.0710205630941848,0.0536048651092751,0.0611656028337793,0.0746041732274833,0.0622503345824865,0.0689811914276881,0.0520205324038964,0.0594141322786129,0.0728953980174802,0.0645177369425165,0.0723908515415763,0.0550972899113869,0.0629386687252975,0.0763243041705747,0.0615456092077044,0.0704840748930429,0.0534596117343287,0.0602885148761838,0.0736437846515112
gaussian,400,204,0.38268343236509,0.25,50.4448807595335,60.1551418053965,44.9408241467919,63.31178054984,75.0126526856872,26.1579640481273,31.0008768126572,23.4128616994762,32.5753051504998,38.4110407477823,49.3500351716208,61.1392821286016,45.8636372362801,63.541661077902,75.7162529467936,0.0655214321996305,0.0737828245962774,0.0546150293246516,0.0757919627123231,0.0933780435089747,0.0561624056128102,0.0744741293467445,0.0566878312393943,0.0774304306494431,0.0912652029273715,0.0636552175605942,0.0735959918286498,0.0542065792453051,0.07815989838028,0.0927929490583671,0.0635106298752031,0.075615475011141,0.0563399640166354,0.0797898789920418,0.0941980468935945,0.0626026059396117,0.0755906224457548,0.0564686663003791,0.0797519038481342,0.0943338159591724,0.065479429954109,0.0768052114291453,0.056712147941679,0.0812635678998243,0.0956642761498993,0.0633516624680171,0.0756451752168535,0.0564008048379999,0.0794785548432638,0.0942575818747439
gaussian,400,205,0.38268343236509,0.25,44.1294360840613,43.8922336203656,29.4813612880946,50.4286523132221,53.6102782569366,23.0083110546727,22.8900207927797,15.7026972760847,26.1500419877114,27.7370869353586,42.1082381920057,44.3430214087464,30.0497117326683,50.3964830488299,53.2724564328573,0.0556900386606006,0.0471833227696536,0.0262012462347234,0.062304641438566,0.0667473727090193,0.0571129862003825,0.0549933160316456,0.0361028203831689,0.0641409799703833,0.0662651709614146,0.0515033083172615,0.0525464884786155,0.0340863480404507,0.0607983764376918,0.0633579077577329,0.0555796611444821,0.0550212672212972,0.0365525685022493,0.0635391490851958,0.067106534926208,0.0549253099376354,0.0553450500622458,0.0371187748591407,0.0633299268860926,0.0665597708404121,0.0570340512893606,0.0526862185884221,0.033261961129301,0.0635763102413906,0.0682810262942423,0.055198600890758,0.055059287106905,0.0368259033783793,0.0631662154508947,0.0667858080326306
gaussian,400,206,0.38268343236509,0.25,39.931366833179,41.3406813835424,26.6174011258939,54.9092249463852,55.0969620592711,20.9142769956181,21.6173574123276,14.2742984116745,28.3846854182643,28.4781872030298,38.220238857272,41.8706550573226,27.1700057684745,54.9690518040784,55.3949077278589,0.0502171424263251,0.0538548402473011,0.035765606635257,0.0696397711613191,0.0701697825058747,0.0517693476139635,0.0521578172514134,0.0335284936154464,0.0695888741136497,0.0702951941357019,0.0502670080385407,0.0511806593000736,0.0322302216434726,0.0686620378610488,0.068696387095916,0.0503883660561092,0.0519379733129967,0.0334093730077704,0.0688661145062236,0.0692204313274233,0.0495311802129502,0.051512785098453,0.0327456389605435,0.0676879971200901,0.0684706124594782,0.0482277493503684,0.0508722598948817,0.0338178819192839,0.0671727017029743,0.0674508999502795,0.0503021054439768,0.0518003017329189,0.0331951995508716,0.0685280715474575,0.0691191020836907
gaussian,400,207,0.38268343236509,0.25,69.2261620847698,50.8376250858758,29.7195641050604,61.3586718877207,68.856086888519,35.5253002223587,26.3541384570317,15.8216338164903,31.6013996524319,35.3407447158309,68.1415160273445,51.7320055580339,30.1220438631282,61.3364080453257,69.8695907685727,0.0842035923923488,0.0583052638282684,0.0306603594764645,0.072927967019808,0.0815511865236795,0.0856914380406562,0.0644646653938935,0.0376528985077795,0.0767629404145817,0.0862425286440936,0.0870469649210307,0.0651443074605902,0.0388905714987231,0.076868892194463,0.0871788564344451,0.0862430939303599,0.0632532772824343,0.0368600343743239,0.0762235519872155,0.085643527923597,0.0874967727877549,0.0629144437817904,0.036001993796553,0.0760986866728886,0.0860743134026141,0.0869831372319424,0.0638329860584637,0.0386063990910222,0.0775816035249823,0.0865652101995652,0.086562557471577,0.0633482975302247,0.0368482388628929,0.0767234327524957,0.086023809342277
gaussian,400,208,0.38268343236509,0.25,41.2258599334801,46.6949917326435,34.5678703820389,45.178942667397,53.9074211180574,21.5600534664034,24.2878135648579,18.2395348244085,23.5316342552839,27.8851446669555,39.5876157840296,47.1533096192618,35.0344509118575,45.2981949336694,53.7101531333083,0.0539423142943924,0.0598169659058424,0.0441512445533318,0.0583280028717433,0.0698438118518622,0.0535290415160396,0.05800815355518,0.0407592557714539,0.0577332928045949,0.0675349560699713,0.0524468174319538,0.058094125209539,0.042608044848307,0.0562390712560079,0.0672278490618746,0.0518942753404493,0.0588146115614863,0.043362359061227,0.0571464947563664,0.0675924008187905,0.0508497179115885,0.057492163236257,0.0425630108768173,0.0558498559898017,0.0655995252134695,0.0487302710727212,0.0563411473133001,0.0411781297255927,0.0531784231815507,0.0645904317262666,0.051648828418151,0.0584818957589782,0.0430971358985055,0.056536354152094,0.0671766540881695
gaussian,400,209,0.38268343236509,0.25,41.44471211299,51.8684949755639,38.5461439901393,54.966150913525,59.6163540636291,21.669260430628,26.8680689445006,20.2236550288731,28.4130288026589,30.7324298169679,40.1340196995354,52.4906043335716,39.108012912012,55.0688856363504,59.7990217017475,0.0542604790353658,0.0661231904331741,0.0484113790874265,0.0699940004788163,0.0761633486987567,0.0503209460263304,0.061572004900769,0.0441921485831126,0.0666120924766404,0.0708253736239609,0.0507909371859681,0.0647580365189799,0.0479897230486566,0.0683078633194864,0.0740026476899324,0.0514967566723453,0.0648955917173113,0.0478494322987583,0.0686133910668357,0.0742763529913882,0.0507182816507887,0.0654515865137744,0.048503081354918,0.0686471375591634,0.0738009294899408,0.0491043786928027,0.0661340795401118,0.0475669410280555,0.0704036503473648,0.0739741138847629,0.0520203287924304,0.0651630071871839,0.0482521765672615,0.0689743835518841,0.0745741519599741
gaussian,400,210,0.38268343236509,0.25,41.5227263591332,51.6710352703544,38.8129001535002,51.7354045258263,58.7809152249741,21.7082662501321,26.7696327265441,20.3567923878586,26.8017101808278,30.3156342738719,39.3360635092497,51.9904335798848,39.2282185703723,51.8054168428342,58.541744549636,0.0520431144918667,0.0669058694200566,0.0509752308498765,0.0656042980292882,0.0742433565160917,0.0513065710583535,0.0653011982244246,0.0497447561664873,0.0643752860623042,0.0731589751548117,0.0511166571660304,0.0632229447182671,0.0477851970656278,0.0638103722051603,0.0719623943487926,0.0519164828045458,0.0646746848163393,0.0484175012658621,0.064695369675401,0.073731302163177,0.0517448858516349,0.06332423800199,0.0471684344892596,0.0633907483490292,0.0729259374939554,0.0466899347812117,0.065002549947257,0.0497070756539508,0.0645387123365723,0.0705845377551949,0.0517668794393594,0.064652806709858,0.0481822785531151,0.0648725047178691,0.0736634196258669
gaussian,400,211,0.38268343236509,0.25,34.4033214822536,33.9743294758469,23.712067510122,33.2115067470963,40.3788823408749,18.1575595567151,17.9434939937773,12.8252969534118,17.5629613857965,21.1377368812234,33.4141787740206,34.3600111017339,23.9915904153876,33.2205584832009,40.5135215454055,0.0415453678382438,0.0447967479335901,0.0315031394546149,0.0429524366008929,0.052377757527538,0.0429182336585612,0.0414729880567414,0.0286193595681862,0.0420719740790524,0.0495418569191491,0.0425023857161858,0.0424502933522385,0.029262773560446,0.0419285310384838,0.0509019903408918,0.0439013803069325,0.0422780646485804,0.0286411407226469,0.0420185179203676,0.050800279153209,0.0429965782836171,0.042358027097625,0.0290037226536284,0.0420230389212819,0.050717975422776,0.0435107502326136,0.0449084244164226,0.0314054496545876,0.0434169075604047,0.0527305939236788,0.0428764643545384,0.042368657539439,0.0294495524635528,0.041479988646666,0.0503834298191525
gaussian,400,212,0.38268343236509,0.25,64.4317861179107,69.5947575079763,49.1831043235609,72.3838180771458,82.1634591002835,33.1337339974771,35.7091359655834,25.5290653731845,37.1000732340839,41.9776495965011,62.6993648466729,70.2605048641799,49.4967170758953,72.5215739668433,82.8100406172015,0.0793110778673424,0.0840688136637752,0.0588315318317979,0.0895673763602949,0.0997198877727472,0.0825524691295524,0.083653843731657,0.0565178656322301,0.0895416257580085,0.102225545234981,0.080615344288998,0.0882696045494622,0.0629982564133313,0.0899248805365888,0.10277834893447,0.0811201267243947,0.0868947175802076,0.0608661355370169,0.0905204112788257,0.102798613396572,0.0805134861915739,0.0847619311301844,0.0590138756735502,0.0882487811339359,0.100730631866581,0.0822522135719633,0.0889301315214029,0.0637089002805171,0.0907451487768498,0.104451449760078,0.081142955622787,0.0873034551488909,0.0613774737062226,0.0909167832072723,0.103123518643014
gaussian,400,213,0.38268343236509,0.25,35.9469740571547,34.0122549078159,19.9384859297633,50.6571259698929,49.1999122351266,18.9273096257727,17.9622387883341,10.9431076613187,26.2638776759366,25.5370715166589,33.6122738332335,34.4806183065471,20.5808548309354,50.8258749463141,49.0205343059902,0.0459435019431826,0.043814774864115,0.0258712976491343,0.0650720086168374,0.0616100279273119,0.0459099481286677,0.0438835093619934,0.0263163428075711,0.0636032589040649,0.0627101061957546,0.0435316977772824,0.0418326470839412,0.0244611015113071,0.0625564300820689,0.0606432118580474,0.0454084440017758,0.0427790400914233,0.0249721754491755,0.0635432435110767,0.0618710181062199,0.0449131880752699,0.0430642042414438,0.024898394255089,0.0639146317489567,0.0623229948913686,0.0412741248073521,0.0443274302686782,0.0244183151206806,0.0646335971618336,0.0623925776684406,0.0446288408683361,0.0425824370426723,0.0248265277299057,0.0632955769122958,0.0614320208872421
gaussian,400,214,0.38268343236509,0.25,86.3502410808621,70.6077902899154,45.3489599793788,75.3795540581515,90.8288197874167,44.0660592954091,36.2143147630547,23.6164747285843,38.5942711305543,46.2996790562736,83.7746564757975,71.6390671221941,45.9949808501432,75.4082098772084,91.4150278954873,0.0996249840236218,0.0907198499419791,0.0572543885741032,0.0949273896059886,0.115480185768775,0.109929869010534,0.0894288511431398,0.0579700005901478,0.0954982502480792,0.114922971112752,0.108634462340231,0.087867577200029,0.0567926063218625,0.0939936198967212,0.112437530596783,0.107876829224398,0.0877839294456882,0.0561407650208069,0.093973784390813,0.112997856680375,0.107996111749082,0.0881906783738217,0.0567606596424084,0.0938481119261388,0.113150924724345,0.110247138323411,0.0861057721155114,0.0530132554862888,0.095116651483086,0.112844918223948,0.107490817507724,0.0882222280695098,0.0565060087455914,0.0940611317486819,0.113102380744227
gaussian,400,215,0.38268343236509,0.25,46.6265049848293,58.36205871442,41.7867165964586,73.6608547382528,70.6148516831152,24.2537607073371,30.1067265907877,21.8399363553122,37.7370489278531,36.2178708496447,43.9150452128023,58.8653691121285,42.6123304378698,73.7235570160098,70.2646091090908,0.0602069778462151,0.071739192850558,0.0469474934678825,0.0910201116008832,0.0884440297794214,0.055583614142037,0.0728512777513245,0.0522834398703691,0.0913762770058679,0.0874405696640249,0.0587738039453205,0.0737714844885181,0.0530229707390906,0.0926288481754335,0.0883825314742658,0.058096559907472,0.0731832844342315,0.0520402703745924,0.0922816636670108,0.0884634184599173,0.0589429942155511,0.0721459317994873,0.0509438154467342,0.0909211457948552,0.0876546430441654,0.0580963708843009,0.0650042179743962,0.042045371635888,0.0886150442908414,0.0825851852807795,0.0580265371209219,0.0731401668214477,0.0521541171352505,0.0920205546106856,0.0882115715348031
gaussian,400,216,0.38268343236509,0.25,27.1626309062134,47.1747775950642,38.0902086635251,50.8361449168936,51.5818198031885,14.5462837978209,24.526972265272,19.9961324386336,26.3531786990322,26.7251714399461,24.8696398067433,47.426737136592,38.8325143598559,50.9640660233662,50.5685043971482,0.0321330994289474,0.0594420938559682,0.049745741012788,0.0607044445982179,0.0640958786824842,0.0353440349330638,0.0601118897780671,0.0487734236596667,0.0646333661539986,0.0657116083922049,0.032403745080926,0.0603128895349674,0.0494355377216782,0.0642405375161688,0.064436295611782,0.0336189675847162,0.0594464676752409,0.0480957435157856,0.0637084140697094,0.0643584273594168,0.0333419219060756,0.0589903011893654,0.0475356248283374,0.0636884459791749,0.0633527593172812,0.0354121612195349,0.0597692496696976,0.0461761831834026,0.0641766650831787,0.0667233260037767,0.0337823298011225,0.0594754857865583,0.0479879050057229,0.063724685662706,0.0646165604263823
gaussian,400,217,0.38268343236509,0.25,29.0559268844606,41.5295547472627,32.3035373040455,41.9432236557474,46.0398630547824,15.4902403651975,21.7115031548812,17.1100938813968,21.9179092354729,23.9611870829062,27.9156176655247,41.9750311101453,32.9372113181093,41.9485846149598,45.9067502628408,0.0378096064565896,0.0544078134900055,0.0428789639789909,0.0546332159323145,0.0598852620990711,0.0380313920887166,0.051773175883879,0.0403603298065073,0.0519299765854401,0.0576396947106543,0.0373184123123181,0.0508699733532385,0.0388778009036806,0.0521144532237671,0.0568362485456944,0.0363521966978902,0.0531404776587437,0.0412388740897471,0.0533046599336208,0.0582053956072572,0.036952427727171,0.0532247832368899,0.041254615311128,0.0541484557025581,0.0586383926264638,0.0312372390747692,0.0432590729438197,0.0347443379950916,0.044229475021797,0.0487039572502822,0.0366336913788676,0.0519472237592866,0.0402068719859449,0.0523694737517852,0.0573564091039318
gaussian,400,218,0.38268343236509,0.25,29.4379524661141,48.8034519925862,39.9696194012847,46.994566545347,48.2621635037495,15.6809844914058,25.3395236996199,20.9338065106995,24.4373401369403,25.0695931541064,27.6229235313032,48.841538731479,40.1779232773404,46.8973923551052,47.8070466145308,0.0208811874709173,0.0483856345326751,0.0432189715935089,0.0384779833553621,0.0427051402800514,0.037790597553411,0.0629734039703905,0.0512224740490762,0.0601699416983481,0.0618303765680736,0.0346087511918492,0.0629233398657301,0.0513479621493538,0.0603809439259186,0.0615724992333306,0.0371546648996443,0.0614759122109205,0.050155645375017,0.0591885694960874,0.0608840187025386,0.0364470976125546,0.0609273748037374,0.0495011698288785,0.0584328997208717,0.0604011055806295,0.0344433753935908,0.059159659741317,0.0488953954621508,0.0571903415293895,0.0568452511771797,0.0363031452956685,0.0608903593578692,0.0495059817076842,0.0587697064254838,0.0600486164771266
gaussian,400,219,0.38268343236509,0.25,38.1989510558094,23.1809248934216,9.81957140162959,38.3947263481386,40.7895231773353,20.0503015522655,12.5601451947644,5.8962672615482,20.147963603753,21.342499050085,37.4824826837863,24.0028451615014,10.475404935864,38.6245343763743,41.3647434925707,0.0496349627870271,0.0314681913244998,0.0147410089761817,0.0504855324940325,0.052702801401701,0.0495706994377777,0.0302871746963896,0.0118490814993164,0.050306059284995,0.0526224834966173,0.0487668505518693,0.0281716370985867,0.0113310431070325,0.0480774098087714,0.0505026106351448,0.0480900686872008,0.02838779876135,0.011398770086125,0.0479708798115306,0.0501442202075636,0.0488903163888861,0.0295681117063,0.0125183407248067,0.0491966923517841,0.051756233856773,0.0462303277889665,0.0308775769809544,0.0141551246955861,0.050105142214782,0.0519233106917471,0.0483071812333232,0.0292820542246376,0.0124026182517437,0.0484595696532402,0.0512032245881218
gaussian,400,220,0.38268343236509,0.25,45.384882190029,74.1523605194246,61.1604227648979,67.0902569835073,74.4677269254116,23.634444872221,37.9821318362706,31.5025231859166,34.4599750152896,38.1394926101692,42.7772363283258,74.3313978580093,61.5188620109841,67.1298040987798,73.9492647143503,0.0436840514325608,0.0907721469950303,0.0740981680564343,0.0853583954328642,0.0905179287128685,0.0571371314813494,0.0897614581979323,0.0715334134127935,0.0821747526740901,0.0903597751673093,0.0561232030347688,0.09228988216496,0.0751714777796248,0.0841263351169373,0.0924668735010981,0.056299605111675,0.0928584924714218,0.0764082684500969,0.083783743460779,0.0930082257116993,0.0577709802150067,0.093101892134089,0.0762689022699132,0.0845332137631911,0.0938613870548356,0.0582638959588557,0.0933338844376048,0.0771290770862796,0.0853930518169252,0.0945328337981948,0.0566624214603032,0.0930420526404719,0.0765332034242232,0.0840477930135153,0.0932664850270632
gaussian,400,221,0.38268343236509,0.25,57.8864362956496,50.5727277176784,31.1979038934695,61.159866607804,60.2601926592203,29.869576305893,26.2221297356574,16.5591160019305,31.5022843505577,31.0538185431542,55.4278014007649,50.8963827753472,31.3583705266974,61.110561039609,60.0809290490973,0.0715708003733962,0.0630611328605024,0.0398428132931076,0.0765168557823102,0.0740186573756954,0.0718501851285916,0.062398273015711,0.0386641668201272,0.0746060926116663,0.0741652408902619,0.0732967421438878,0.063243874490768,0.0382213756987697,0.0773067621170179,0.0752794814168009,0.0719198370561704,0.0623897485663969,0.038163425845858,0.0756458388747799,0.0740241443174819,0.0732710047745297,0.0627955803359337,0.0380852633410367,0.076460918442659,0.0753205145493002,0.0582658372647475,0.0530688430927842,0.0307965648066726,0.0672857925939753,0.0576145795202169,0.0722686804936269,0.0622117898372739,0.0377023853890132,0.0759197608298845,0.0741702290968263
gaussian,400,222,0.38268343236509,0.25,58.5622102792665,55.3126137994704,37.1075744332654,62.3299452954208,70.058651994797,30.2066718577764,28.5859112904496,19.5062838287863,32.0857638292218,35.9404539093626,56.8549804265026,56.0646479952571,37.6703655259072,62.3686557647087,70.5531742519698,0.0714118959269625,0.0698191964764595,0.0487811468074295,0.0778991637418937,0.0852869160916815,0.0723658575032926,0.0704451307278603,0.0475602195401382,0.079503137091976,0.0886947746326987,0.0748083073001013,0.0678134757664824,0.0423814550809197,0.0792773938719259,0.0885388780108425,0.0736052809304144,0.0696819925611964,0.0466258206611663,0.0786467728332177,0.0882584817094195,0.0742309910656915,0.0672790739283182,0.0427368443760884,0.0779225880510814,0.08741689928932,0.0727840680940972,0.069269316151556,0.0464950147330248,0.0797570163670482,0.0882083450857878,0.0732804816690878,0.0694054450902881,0.0462657984327677,0.078282953394656,0.0879637316558559
gaussian,400,223,0.38268343236509,0.25,35.2748742508625,39.2422018726886,27.7172146019326,43.2040516476089,46.8421664235007,18.5922507275056,20.5707538093792,14.8227136479679,22.5467792799371,24.3613697309531,33.3757186936788,39.6301253487864,28.2783834806912,43.1739681403709,46.437011402008,0.0386467628689775,0.045738931810313,0.0330792307748348,0.0520822194549182,0.0523991971394784,0.0376951505752683,0.0459199043396905,0.0334918375324971,0.0500691626575193,0.054247540454519,0.0412893016915284,0.0480959162206677,0.0338849203251128,0.0529646754885424,0.0562793163197768,0.0431696576954516,0.0492622192074812,0.0348965090753446,0.053900080701968,0.058150930571534,0.0429276722014291,0.0487154586897404,0.0346266726459689,0.0533051073378887,0.0575350178416556,0.0461942559148077,0.0495766745302083,0.0353990809388161,0.0552862752110446,0.0592756509930654,0.0441700784585943,0.0492606088287494,0.0345172823463008,0.0542973844613028,0.0588138612362449
gaussian,400,224,0.38268343236509,0.25,65.3737174534834,61.7945458054782,40.6371321375024,72.422304847208,75.0089389965044,33.6040066329597,31.8189098831012,21.266884462692,37.1193488386061,38.4095367735695,62.2976005783442,62.1547343255301,40.8932003673375,72.4578054091952,74.8318787720717,0.0829456148574925,0.0771255842877882,0.0471030903311005,0.0921773820473582,0.0947678434283582,0.0805563548128669,0.075422245672476,0.0497922371001699,0.0884462993009042,0.0912578249388468,0.0826620601577781,0.0783392187841243,0.0516417280385856,0.0919414809794331,0.0947539649516135,0.0812604796032713,0.0770952177028,0.0499840283841948,0.0907956101227055,0.0936066902786899,0.0813317212186207,0.0773981490635257,0.0505358254376332,0.0909265230095045,0.0940593868055947,0.0840514180477309,0.0793693828729899,0.0519256132085661,0.0928118274615789,0.0961451514484243,0.0816135897785274,0.0767746017947987,0.0498405532612304,0.0904546730967505,0.0935732559671443
gaussian,400,225,0.38268343236509,0.25,35.8417984553541,37.643088396233,25.4751607203116,42.64601545396,44.6093560772044,18.8748899724468,19.773225152933,13.7044975207257,22.2685035844434,23.247854547511,34.0017053858117,37.9989291667341,25.9524323058915,42.5587822241602,44.2616015338684,0.0351670621547336,0.0450775891030981,0.0324585189300883,0.0444869850172973,0.0476798048692309,0.0437552545913958,0.0462037302843029,0.0320042781021801,0.0507667920846735,0.0534056294102523,0.0440826628499156,0.0489458416265565,0.0339967030270454,0.054667079328093,0.0563004685286211,0.043972766264042,0.0468189093375967,0.0317475753424512,0.0529382721605715,0.0547420417596682,0.0446751744254558,0.0465875266823274,0.0317968329444636,0.0525156704341726,0.0549696786217163,0.0410504210818061,0.0472183303869491,0.0333089376713852,0.0528328123781239,0.0516330740966893,0.0447064841184893,0.0468092366054569,0.0316179061321433,0.0528112207331221,0.0551449425970518
gaussian,400,226,0.38268343236509,0.25,31.9916605151094,45.2327205693568,35.1714334605771,47.7004927489635,52.5758696913619,16.9546131845132,23.5584160166626,18.5404652762309,24.789272850608,27.2208567056323,30.2444210287236,45.693823338672,35.8496329106571,47.8054530709399,52.4682202537067,0.0421598125573576,0.0590120755331574,0.0464624814279425,0.062009868967893,0.0682097504873384,0.0409492638859981,0.0584183450370261,0.0450006231239636,0.0616529411957844,0.0676186726012366,0.0416834276440837,0.0564730501128369,0.0427881569493795,0.060137194773193,0.066264582302945,0.0394815843206985,0.0568664067837889,0.0443433856417097,0.0593772230287111,0.0657963024842512,0.0400340901770506,0.0571565127147932,0.0444768049894705,0.0601539621359723,0.066391264703688,0.0422555216686551,0.0559543123960549,0.0435752341876818,0.0577639441504785,0.0648310018388176,0.039999498144014,0.0568867446493369,0.0440773387458971,0.0598667576240386,0.066003542076467
gaussian,400,227,0.38268343236509,0.25,32.2114955635677,30.9577594852425,19.4358572329872,39.3669192649767,42.7596611418882,17.0641092917217,16.4388473945249,10.6924056772738,20.6329671842969,22.3250119560258,30.8420203900355,31.4923052318999,20.0730556536509,39.4059475780639,43.0026050014854,0.0320208432865697,0.0339719405181039,0.0236131219689009,0.0431887713301192,0.043011192753443,0.0387167572673998,0.0353465952064872,0.021684621106342,0.0451422429817449,0.0504471689261121,0.0361132907731147,0.0386347842971781,0.0241322384907968,0.0488621115960537,0.0525514914358052,0.0405876310418893,0.0390481094772043,0.0244004921530913,0.0496732967758155,0.0538014202548215,0.0401320303935371,0.0387709495398402,0.0244086812589303,0.0493949019723162,0.0533661435547652,0.042321060575948,0.0391125368975232,0.0236203570318421,0.0508305116681416,0.0548343146680134,0.0403621137926258,0.0389228341539406,0.0243189712639539,0.0493716913253975,0.053726039907426
gaussian,400,228,0.38268343236509,0.25,45.0192101315704,49.7278320088788,34.8414280086048,53.8271939314285,56.8059426988079,23.4522565950965,25.8005364127586,18.3761125452514,27.8450095857979,29.3308710138423,42.2047100034063,49.8599355852533,35.0651814033338,53.8977735890361,55.7501997467136,0.0584412838239836,0.0622116347641286,0.042498001613191,0.0688707172810859,0.0732391834594175,0.0578550635935978,0.0638962174435925,0.0445073072205582,0.0681824120148651,0.0727757357262235,0.0576611500193328,0.0619834817116937,0.0426329723105198,0.0680529194019396,0.0711851521754798,0.0559954384380196,0.0624537507423989,0.0437606994378418,0.0674627726477132,0.070724905823761,0.056961212109486,0.0627462837228911,0.0435708501266206,0.0680479450582478,0.0715337129029292,0.0565001572023665,0.0624349434373545,0.038062041533007,0.0696658135382167,0.0732942278228615,0.0560818553494623,0.0620357772826259,0.0429882038221692,0.067505706373185,0.0707014560289433
gaussian,400,229,0.38268343236509,0.25,50.6981736459916,46.7572394625826,30.585439663189,51.6253230831414,59.1285037366011,26.2843217683906,24.3188832496821,16.2532720441671,26.7468322475851,30.4891215199692,49.2856058857686,47.450239279772,31.1250635011362,51.6789488081946,59.4663129980152,0.0649988514162934,0.0571102212426685,0.0342891665909222,0.0648893500747366,0.0763595177906778,0.0640642049599959,0.0598152872692594,0.0384053547423264,0.0664272643232121,0.0753119186202832,0.0635608809556771,0.0591704691519837,0.039129835691759,0.0649162075133505,0.073946178831285,0.0642011724936471,0.0585067696024273,0.0377936229561675,0.0651676904650963,0.0741785216575786,0.0641792332952268,0.0585109813398288,0.0376310051640822,0.0648432269472473,0.0739678240705418,0.0652284739341965,0.0590935623401641,0.0387644954801729,0.0657090177256476,0.0758031661152651,0.0635798890502358,0.0582315012773795,0.0379063026554257,0.0644092707554465,0.0736411457871653
gaussian,400,230,0.38268343236509,0.25,20.0994545702786,33.7016271270605,28.3061776606896,28.071991905598,35.5279553700692,11.0232146353488,17.8073068651021,15.1163980039524,14.9995987805158,18.7182458593681,19.5690640231087,34.1056855925527,28.8048425654002,28.1038644684409,35.6680993263183,0.0276060826586064,0.0413401883009294,0.0341839898080861,0.0332801931644267,0.044803217831637,0.0224738521431353,0.040680873092755,0.0348181906194915,0.0337674859621855,0.042883540706409,0.0265212923652481,0.0416912717382214,0.033853022009778,0.0352815909009532,0.0450771854966118,0.0249550007900649,0.0419260669533861,0.0351790962326576,0.0348594472717049,0.0441379368546808,0.0264766175786714,0.0433088523043244,0.0356399318319857,0.03666474848209,0.0461880210668352,0.0260567377271478,0.0421653279772177,0.0360077682010328,0.0349414300286103,0.0438028375637064,0.0253607178731504,0.0421637760615035,0.0351418154995122,0.0351892272393546,0.044438100152263
gaussian,400,231,0.38268343236509,0.25,21.9729010639216,26.062990670636,17.63180058349,32.2400581940403,30.3064232738906,11.9579313399139,13.9977294200223,9.79273381055762,17.0786068208637,16.1141880412401,20.2671809972368,26.1606919568816,17.9831121523474,32.0579164938417,29.92834196806,0.0296874886273277,0.0337513739059484,0.0234295162143117,0.0415717397356313,0.0388997504808422,0.029144167108713,0.0293261174212209,0.0160003241334499,0.0405009883768803,0.0376307952760723,0.0275318540105495,0.0316047281181706,0.0202562034484419,0.0396553053729262,0.0372060038035816,0.0275008863375244,0.0326790050733912,0.0217291912410227,0.0404363432527009,0.0380350965940055,0.0266310570696019,0.0320223919619292,0.0213342735968754,0.039454425174433,0.0369071664113619,0.0238612536696398,0.0303709993778714,0.0174134215184306,0.0395471643569476,0.0354850209455387,0.0271658262470459,0.0321201259779672,0.0214595471019604,0.0397981085637101,0.0373357188791551
gaussian,400,232,0.38268343236509,0.25,43.8698630004018,65.2006357657305,53.4107278275591,61.8033457674,72.7330635390293,22.8786692947418,33.5173857576311,27.6373173674725,31.8230604813002,37.2741517229985,42.8934300570913,65.9338531101943,54.1146996517537,61.9003033508561,73.1760675820328,0.056121400586625,0.0838392539542256,0.0691306593689136,0.0797042786432478,0.0932601331472241,0.0541321131425139,0.0831989272934618,0.0688155050063354,0.0785095807924518,0.0920159735005991,0.0552436326241057,0.0800238070346362,0.0642443542160669,0.0765036246708706,0.0904359225318205,0.0552275451386515,0.0819451489916605,0.0667508095849952,0.07769842614015,0.0916719858928396,0.0556117928289572,0.0823756140918019,0.0670615545586926,0.0777512383095072,0.0919834177432625,0.0567282872560192,0.082621389495626,0.0681374195272208,0.0767436960240376,0.0917516510354041,0.0554003029997295,0.0817143873367487,0.0665482625749757,0.0776102976622572,0.0913609499598381
gaussian,400,233,0.38268343236509,0.25,59.7124613807187,52.3300670482778,33.0990664575209,65.2408898382066,65.4118111109424,30.7807149975555,27.0984761620757,17.5070689835456,33.5377199171142,33.623078486815,57.7421734658874,52.9927276518125,33.7192539883902,65.1234863451506,65.4083549154987,0.0757442667132144,0.0669633439120951,0.0407230535867844,0.0840484903068001,0.0842079738390574,0.0707138876519245,0.0644936842996922,0.0405460131809397,0.0786805719203493,0.0802531555442599,0.0731309564416144,0.0628576340195254,0.038713129745293,0.0807851160916787,0.0798991908325766,0.0743553082965538,0.0649758651503283,0.0407305756093088,0.0816405600892449,0.0816188734827679,0.0749323164264014,0.0652417904932884,0.0408637473083028,0.0812596136430824,0.0814055852197173,0.0768005732694683,0.0678710740590115,0.043327436364018,0.0834648230896707,0.0837798763538628,0.073915139771388,0.0653542367368629,0.0411778151737291,0.0814641094478194,0.0814580817654682
gaussian,400,234,0.38268343236509,0.25,45.420477324978,55.3971204122873,40.7289988003485,64.8012948399196,67.8353344448556,23.6524577410951,28.6278643054224,21.3121993218092,33.3182821151923,34.8316191480974,43.1440513510064,56.136301877268,41.730492593401,64.9291413461132,67.5277320782725,0.0589462287493667,0.0691165674733423,0.050342312432335,0.0778353731793806,0.0838736291543747,0.053313145410809,0.0685331215313671,0.051474452992547,0.0800176081990043,0.0822575972291005,0.0542460395714586,0.069098765660658,0.0508335084495627,0.0807650097543503,0.0843695096420378,0.0566252083552481,0.0696341868059544,0.0511992229932281,0.0811556296668302,0.0848435744851333,0.0555227810440662,0.0679920621109081,0.0496311890166969,0.080059815231576,0.0840441737532437,0.0573238056505608,0.0656729902569722,0.0454289208173905,0.0799450485566295,0.0827286307210366,0.056492505306281,0.0698309811884743,0.0514109266277794,0.0813700404634973,0.0849265337743414
gaussian,400,235,0.38268343236509,0.25,63.1079242833618,73.8384794853776,55.2948990105442,74.6856006298046,84.1399115621392,32.4737889685179,37.8256639148451,28.5771977291919,38.248158753799,42.9635186464628,61.2730419120309,74.585377281444,55.8368960683119,74.7024679800835,84.5794378911655,0.0813758379877275,0.0760125263720976,0.044224120610099,0.0885049502170698,0.10202669718661,0.0777176641748752,0.0917871721933403,0.0692551471277205,0.0922504660682828,0.102960705869965,0.0792422762223036,0.0899419717682201,0.0659691210121887,0.092523465918217,0.10244387780511,0.0790285863398436,0.092355857008736,0.0690625490320997,0.0933239009313146,0.105027692087763,0.0786395773204313,0.0927868880465619,0.0694681368790875,0.0936906004572967,0.105121200980481,0.0807509606765601,0.0935674911985226,0.0703574159722542,0.0950826706170396,0.106679149765316,0.0789027813770659,0.0923363051648893,0.068916766137384,0.0933698187103335,0.105077442000676
gaussian,400,236,0.38268343236509,0.25,37.6392081023902,32.8542599782406,19.4063234378805,43.0487337658408,45.9047734233504,19.7709603533045,17.3847770968497,10.6777965323742,22.4692114406357,23.8936365592174,36.3326879883681,33.3436624948075,19.7547387151083,43.1831912817804,46.2870491823217,0.0431868319742414,0.0399678727824901,0.0257505297470535,0.0493170058186016,0.0509250789238908,0.0449399631675215,0.0403482452988468,0.0225983902917741,0.0510500690674334,0.0560904418431067,0.0462662144414668,0.0402624999449084,0.0238331096764413,0.0523524940730639,0.0556689179281014,0.0478110048267105,0.0414901659731065,0.0244229624055882,0.0542548855099111,0.0578069271495336,0.0473383794038635,0.0416862720304731,0.0242217935445888,0.054984453349531,0.0584374694635887,0.0488071475924573,0.0427489077965543,0.0259072916395153,0.0521022090976456,0.0585031900695492,0.0479189770222118,0.041215938979739,0.0239355059245758,0.0543196791824506,0.057767250472897
gaussian,400,237,0.38268343236509,0.25,45.1795664974345,52.9742564673575,37.3736536422115,62.0123468748881,62.6166655550746,23.5320956501996,27.4195972147823,19.6389364691535,31.9273339387292,32.2288387399958,42.5510182210735,53.3328869390818,37.928626262361,62.1033695625491,62.1416598087533,0.049855057852337,0.0591225558859058,0.040311477576204,0.0725383354378738,0.0741902356705621,0.0582479578277951,0.0686344289961723,0.0490971951737527,0.07936103898091,0.0803054932317969,0.054266309030393,0.0644489121093258,0.0449595374552233,0.0757384546613255,0.0758432209544414,0.0566815429623393,0.0668642278729227,0.047245550842278,0.0780685096195086,0.078657443895874,0.0544904758806106,0.0658564316110243,0.0464355324381438,0.0765172197606451,0.077343588331766,0.0574648845632924,0.0667359077289853,0.0460285444584919,0.0793280054888014,0.0800610499210444,0.0564846482357654,0.0663061577904261,0.0465526253777341,0.0776933336171172,0.078191702578028
gaussian,400,238,0.38268343236509,0.25,29.5088757297406,51.8929364902183,42.9865527524642,51.812388898305,53.3551629355797,15.716328002527,26.880271409461,22.4383496532409,26.8401533588883,27.609662929231,27.4825795934215,52.0571227221132,43.5090411410849,51.8184004036001,52.707767144651,0.0351641367010708,0.0669166144111764,0.0562149497804381,0.064995739709387,0.0674743079587673,0.0387625141980683,0.065350229974511,0.053659034230408,0.0643224003699927,0.0680313841208897,0.0346140109411831,0.0649457136058992,0.0540183616626173,0.064410658397485,0.0660607952812422,0.0365332280592753,0.0647522001479343,0.053515573467698,0.0641675149194554,0.0661676358242399,0.0375547748954543,0.0650658510440422,0.0535042669363922,0.0650172873131741,0.0669130123305753,0.0379448373928069,0.065103642645814,0.0542565311681945,0.0630803649431127,0.0668863754581297,0.0367187166221929,0.0648819295843493,0.0534851121708894,0.064598007791883,0.0665286815496205
gaussian,400,239,0.38268343236509,0.25,41.1730718104494,50.0581270294932,36.3628206823991,54.3462567029915,59.0124419371363,21.5338359438473,25.9651344733978,19.1347198671894,28.1038553903771,30.4311329026871,39.2815145532366,50.5383246422761,36.8902693335618,54.46891379557,58.9440322384096,0.0516999464759343,0.0645654425145667,0.0465672338859851,0.0691066325162015,0.0760759927728287,0.0529267278513932,0.0608045628822378,0.0422823917418829,0.0687285615166959,0.0736259023887933,0.0511100242406795,0.061114325098657,0.0434235522912077,0.0675006276017148,0.0728677069300888,0.0516911295597122,0.0625537681035297,0.0451428894761798,0.0677608718370182,0.0737834617747938,0.052731767602642,0.0633846527529344,0.0458696980973729,0.0688920469536407,0.0743508498350457,0.0523193590621303,0.0580423804561072,0.037747964916808,0.0657757502514533,0.0707614322378168,0.0515509747395866,0.0626729819195975,0.045229793594585,0.0680622698964775,0.0738926461598247
gaussian,400,240,0.38268343236509,0.25,44.3139225198871,46.1617490731316,30.4818319080579,59.3634535341338,59.3419770145366,23.1004140757608,24.0218921827089,16.2017345365192,30.606176402538,30.595483182455,41.6948871875311,46.5590015997755,31.0756199649176,59.4925557679846,59.0446635083605,0.0566403488108392,0.0601358322999988,0.0402619388063491,0.0741666715629957,0.0760466885705609,0.0544134371002889,0.0598232840132013,0.0405055096973789,0.0754678217017802,0.0754211430668268,0.0535281634185061,0.0562086443084812,0.0362651258124534,0.0729398379837953,0.0715345374805098,0.055016132926398,0.0571870641800054,0.0371080762130829,0.0739293929296578,0.0737630314433753,0.0559267816520287,0.0574194716253151,0.0370452772188189,0.0746558692417574,0.0745563022900453,0.0569256603608819,0.0601844368828771,0.0405980635696308,0.0765686970308361,0.0764915482797254,0.0551662345966256,0.0577012539362571,0.0378305279668467,0.0741303292802279,0.0741355202316617
gaussian,400,241,0.38268343236509,0.25,30.2879936268064,32.463986832781,22.3406290760144,35.2267870318416,35.0255393217874,16.1051068950218,17.190302501621,12.1413241019035,18.5682051618169,18.4680494778497,28.8971455191803,32.646814872098,22.5466019756783,35.0822628532901,34.6531052353577,0.0388283859127752,0.0370586060884198,0.0249751184024534,0.0407572799246372,0.0403712821224604,0.0363476004881273,0.0421009486356157,0.0289953528182349,0.0460248232755286,0.045073687741281,0.0390445676876063,0.0407201829213855,0.0275785316502552,0.0447553973416788,0.0436585121790692,0.0378374714112827,0.0411504829904521,0.028252461358605,0.0446618767166774,0.0439450755244637,0.0379586459263887,0.040250866933064,0.0277880362484494,0.043773928641647,0.0434801617408722,0.027959393206178,0.0410145988749657,0.0295026409154031,0.0434904733994432,0.0393358299358065,0.0375285431957265,0.0402288701269239,0.0274261046620898,0.0438103233055252,0.0431016190218174
gaussian,400,242,0.38268343236509,0.25,60.0978108557104,82.0565237151843,65.5502657067323,78.7920670318778,88.5625389986085,30.9725285396548,41.9243798640534,33.6920363781049,40.2962843856811,45.1692765334103,57.8775563152938,82.6536795186075,66.1336197160072,78.7483753991773,88.5614179003419,0.0776218293906679,0.104947727809566,0.0842888277123985,0.10059619484586,0.112827975749993,0.0747015139622482,0.102386359414707,0.0816424133035078,0.097961693371795,0.110601882087101,0.0753303889540672,0.103089930178084,0.0814603872708915,0.0995343925955068,0.111163932734175,0.0750600256019733,0.101665955323601,0.0805265549732961,0.0979433732671339,0.109783828774083,0.0759005014644368,0.103409315185911,0.0823149205643259,0.0995570061178236,0.111497543950996,0.0772818626114055,0.105063623570678,0.0843568813491173,0.100124465143673,0.113153496362646,0.0748494375744638,0.102551557279775,0.0816769390871529,0.0984118994377765,0.110588359195709
gaussian,400,243,0.38268343236509,0.25,28.2789451401326,59.8167483645517,52.4487714922595,55.6927379535369,56.4040040019922,15.1029435814165,30.8322600500989,27.1575583618921,28.7755563331133,29.1303598238046,26.1244142389059,59.8745664547128,53.0617745566026,55.5853969018677,55.4490915493487,0.033183293298693,0.0756431383217222,0.0667392272037116,0.0712775922868978,0.0728335942776182,0.0334352845177727,0.0748091122002503,0.0655844725758727,0.0702903008599428,0.0697723501934337,0.0359198013651548,0.07595040331497,0.0667675688683149,0.0703674811982433,0.0708476268898157,0.0350339702182887,0.0747632506503131,0.0654863897630732,0.069191877877435,0.069955656043031,0.03365127873318,0.0738239780488019,0.0645971279573272,0.0685860431773088,0.0688638534326431,0.0336955349526765,0.0767063486896791,0.0679256763415712,0.0713468315192833,0.0708686341739776,0.0353276093540039,0.0750238177742138,0.0656228978141164,0.0696633624665099,0.0703945578459013
gaussian,400,244,0.38268343236509,0.25,62.3077353896949,59.6469283498843,40.6052926122031,63.8046958865794,74.1246574770448,32.0746421083499,30.7476001710338,21.2506922695067,32.8212522778534,37.9683882656366,61.6525531134834,60.6409561886271,41.254205265176,63.9094805980025,74.999555685508,0.0733431632619513,0.0547330470430731,0.0364331111703899,0.0667252280963452,0.077490433689141,0.0797474999157555,0.0756374103024379,0.0514191880259643,0.0808137610548006,0.0941003268978505,0.0786704921118386,0.0751158535045145,0.0512749956364962,0.0804910660874449,0.092945973533633,0.0775970914653188,0.0745351207567983,0.050465202348339,0.0801163746811279,0.0925541395004677,0.0792107050118405,0.0744920932087523,0.0501742803122922,0.0797924748286746,0.0929233211602194,0.0772396086048151,0.0746020502329611,0.0520777590573655,0.0772388190318647,0.0918090552268011,0.0781799059062082,0.0748958893919149,0.0509055951252288,0.0800246639440672,0.0928636526219544
gaussian,400,245,0.38268343236509,0.25,34.3126262822895,37.3508971064344,24.936800909785,45.779743839312,48.484854645788,18.1120703775242,19.6273415792679,13.4358359231221,23.8313852500838,25.180518228048,32.7239448128299,37.8994944083971,25.6816842358325,45.7957733286369,48.4043655604979,0.0445465623963268,0.0470899971842918,0.0244617768460507,0.0586538125284417,0.0630108156286368,0.0427578333513104,0.0465052301300283,0.0314227567762292,0.0565685761217064,0.0606454914328096,0.0419705732138236,0.046785441949052,0.0311951328539735,0.056999800028116,0.0597570374403462,0.0431903029908015,0.0471973502486469,0.0316484291348992,0.0573626792942305,0.0607848143587818,0.0423109365318004,0.0465244770074506,0.0315785683872745,0.0557557084318792,0.0596255123645733,0.043425080831253,0.0450059996651141,0.0302769824782135,0.055055737919742,0.0591047506558458,0.0430697076093792,0.047270015044305,0.0317458190066837,0.0575700590121298,0.0608693285061848
gaussian,400,246,0.38268343236509,0.25,36.4398935804045,50.698194084714,41.144983575807,40.985667291182,51.7025352394132,19.1730718019215,26.284468974769,21.5199101324396,21.4403421169899,26.7854011563128,35.4142837388121,51.0341114656016,41.4350871188622,40.9610293955132,51.6947643592618,0.0442450888738248,0.0651781244335296,0.0539229882738793,0.0512555153587271,0.0615577785513984,0.0465364035785266,0.0641850212577348,0.052633410258889,0.0510942733451428,0.0652376647830738,0.0441191194064579,0.0621228147705567,0.0509284492610564,0.0502141739731844,0.0630456219034181,0.0442033619151015,0.0626630641033016,0.0506414743280948,0.050624861601296,0.0636714348318061,0.0459491663915038,0.0645307892614659,0.0520246911363135,0.0524980748327373,0.0655918609119616,0.0394864006082887,0.0582185298457799,0.0467597199269179,0.0485287225063263,0.0588996663774939,0.0454112605957524,0.063453982736245,0.0513586521072236,0.0511881380606313,0.0646220603651626
gaussian,400,247,0.38268343236509,0.25,64.7646109588989,92.1066284059372,75.7198565817875,77.7187094978946,96.8464024842406,33.2998796326653,46.9367479951835,38.7639589451664,39.7608255825836,49.3007753563228,62.8408781593687,92.8424542326921,76.2348059353315,77.8452992243387,97.121002626699,0.0796337714243959,0.11712156535304,0.0967360424417068,0.0985547214716387,0.122443919152815,0.0810782345668021,0.115203451494343,0.094939179181079,0.0967316149978934,0.120366032452443,0.0815387035578507,0.116326698435157,0.0952467410849755,0.0986416348606566,0.122355054872803,0.0814175367638485,0.11494874631615,0.0943287973613027,0.0970669466173705,0.120823379861007,0.0817545125833847,0.11548964392761,0.0943682987343945,0.0979647770543937,0.121146769484519,0.0800237318576922,0.114304453754961,0.0940822873336113,0.0979955071686589,0.120706966130084,0.0816033670384464,0.115670179290608,0.0949391685160192,0.0975256399096891,0.121489613144866
gaussian,400,248,0.38268343236509,0.25,53.5713651080758,60.5393018134433,42.5248568555114,67.7584502430651,67.1363222715172,27.7176160613244,31.1927754832951,22.2081575980861,34.7933348226938,34.4832321931978,50.5469983457403,60.8130250623464,42.922775507602,67.7019571183368,66.5035299917451,0.0694539973812553,0.0718859695870286,0.0464570090840308,0.0828545745922672,0.085571736251668,0.0652014903148521,0.0743115547562251,0.0515742122373458,0.0827990727458214,0.0834211677385988,0.0662006017655888,0.0761261565024101,0.0535473187457834,0.0854277451414447,0.0838581723608515,0.0660141562870139,0.0754004435420828,0.0529767145695165,0.0841291986570095,0.0824544855319871,0.067200832446234,0.0749008741016601,0.0520109790627457,0.0842361129914777,0.0831761175928328,0.0688298996636183,0.070144928547216,0.043884877040093,0.083265771855296,0.0819593018001064,0.066431431528748,0.0756385844416172,0.0530467801698555,0.0845648771049617,0.0833851782030818
gaussian,400,249,0.38268343236509,0.25,52.8946632109874,60.2505668748675,43.8099094706445,64.310190429071,72.5831949285794,27.3799247739768,31.0486005538197,22.8489311803813,33.0733834919896,37.199502487098,50.9536345039116,60.919637860132,44.4860373533681,64.3820402280144,72.6984467546214,0.0685888613091817,0.0767766655533815,0.0558380647366128,0.0828602182450842,0.0931950634916796,0.0679897874467197,0.0768151462522782,0.055900588190989,0.0822865909700927,0.0929235397121647,0.0660831228679144,0.0768334300473208,0.0562177008074121,0.0811412507389435,0.0913718749791426,0.0650087056803411,0.07538760243383,0.0549307537371059,0.0799582533586898,0.0902783493068869,0.0671087679676238,0.0717945969095707,0.049916250204164,0.0782147470998181,0.0890943971993182,0.0676986356769733,0.0777434079077124,0.0571485109017775,0.0825672172426686,0.0930931416959108,0.0663033867050564,0.0756607466198069,0.0548059095615006,0.0805716337362781,0.091082301136698
gaussian,400,250,0.38268343236509,0.25,43.9205092178684,50.7055894777325,36.7135431826379,56.4133505891888,60.7182056792353,22.9042943988398,26.2880817234399,19.3096288104847,29.1348990813304,31.2819341150045,41.7276631296574,51.197687731644,37.4290184294091,56.3973511808482,60.451522708431,0.0530628065875744,0.0599632630878494,0.0431970621640195,0.0670033764732054,0.0726648923456859,0.0532568151212894,0.0610367868743035,0.0438012929283168,0.0687916465382506,0.0745405996672564,0.0540106120896778,0.0638379515071794,0.0461356666311659,0.0703856478385913,0.075436760756654,0.0535851514395738,0.0634592713973134,0.046028176037331,0.0697792979466386,0.075443198027708,0.0558409089447393,0.0640024035514703,0.0456883656040095,0.0712128722461965,0.0771655953391881,0.0526773923119411,0.0632719191506922,0.0441948851418572,0.0719932817233303,0.0759887110190585,0.0542785770604133,0.0635048071583035,0.045944849846986,0.0704848595888346,0.0759010266861836
gaussian,400,251,0.38268343236509,0.25,65.7038793344191,61.8033347362998,40.7587392822627,75.4047091633057,77.6391798116454,33.7688511769468,31.8231826712867,21.3272577524518,38.606944590352,39.7213786864217,63.1312367443764,62.4660719108155,41.5423529040832,75.2617556549378,77.3215640378164,0.0790411501413685,0.0625850649054117,0.0369497937819455,0.0790191969644264,0.084780502598089,0.0779967671602971,0.0791165258649096,0.0533330244810975,0.0927544466404189,0.0961723465401725,0.0814233500842088,0.0771254689953174,0.0510447400126353,0.0937210526601761,0.0966861840448102,0.0820137294038377,0.0766511750825351,0.0499137489219425,0.093937549427638,0.0966588888271392,0.0819308870190486,0.0782180096054812,0.0520182511062832,0.0943837762052782,0.09739451316867,0.0840411427514541,0.0740025355670914,0.0464530121630849,0.0943243684631742,0.0960224159099519,0.0810572701405025,0.0767179971742268,0.050498504979306,0.0935643669283412,0.096212653347296
gaussian,400,252,0.38268343236509,0.25,50.7462406467992,51.2619716892352,35.0524979455251,55.8335587023254,63.8636605815931,26.3082956000739,26.5656193662637,18.4813119299811,28.8456764317682,32.8506171403202,48.6678359561352,51.7351503572978,35.4843422724587,55.8973654900828,64.0049686337202,0.0629701716120207,0.0564688720199398,0.035402234697793,0.0662453645994636,0.0754665286131089,0.0604561777159893,0.0659164261249263,0.0459247238063525,0.070790891784675,0.0808432626514773,0.0635714857488008,0.062561191559838,0.0421382994371101,0.0682852722234759,0.0789074817059126,0.063696180147811,0.0642844286557367,0.0433899325435434,0.0704906956355787,0.080503837832462,0.0648566010111939,0.0638242542018737,0.0435990341024382,0.0694726870545215,0.0799523696180691,0.0645827128910051,0.0657041734915589,0.044623105993849,0.0712935557310886,0.081315335059253,0.0638506986647652,0.0639861757999431,0.0432482639608356,0.0698110896173128,0.0799903027714822
gaussian,400,253,0.38268343236509,0.25,51.0729235194268,54.4975652927537,38.4527165540075,58.9537299124489,64.3766423338584,26.471446361777,28.1794033125782,20.1771050349621,30.4019771158817,33.1066840777559,48.8980948707909,55.0560407736866,39.040959966052,58.8514133426989,64.4055434719374,0.0638291507576811,0.0698805161563161,0.0479687046837273,0.075969091072012,0.0828865409088138,0.0619643964315107,0.0683382240860699,0.0475606532598694,0.0750727328119746,0.0812314460551813,0.0636253625462951,0.0687670337997717,0.0490365210318568,0.0732241543723642,0.0805420221615861,0.062913399405396,0.0680059238623444,0.0479041324973594,0.0733087154027511,0.0801004530559569,0.0645058557860761,0.0679893883574615,0.0475201389162626,0.0741008287637185,0.0807319005416768,0.0639158238111423,0.0677009971043102,0.0477231572463896,0.072539936386046,0.0779988101462475,0.0632755989197225,0.0678215930925444,0.0477751796349885,0.0731158186103489,0.0796672787758823
gaussian,400,254,0.38268343236509,0.25,63.274534277794,55.6801625203291,36.1102616105177,63.4978942937995,73.235906768592,32.5569210989865,28.7691514382507,19.0088250563255,32.6681330790361,37.5250208465605,63.41074391681,56.777243701669,36.6417812618386,63.7645206081307,74.3769921140301,0.0782885366808077,0.0667673619284025,0.0451538433995751,0.077389014377035,0.0876819945972752,0.07772186668778,0.0693534693133314,0.0452655954070456,0.0773822756153724,0.0899132586808192,0.0788358466151958,0.0701022409160797,0.0454221161936284,0.0795539373326239,0.0917686295315246,0.0788436488585488,0.0694931372272991,0.0448430005738086,0.0792591976452394,0.0913928873381811,0.0785845329093693,0.0702783819457928,0.0452220543760728,0.0800072876218324,0.092294643819994,0.0750567538016251,0.058528510920166,0.034773924035391,0.073121119309592,0.0817132088663809,0.0794016680083367,0.0699038258273158,0.0450020671670343,0.0799519928183542,0.0920175652450285
gaussian,400,255,0.38268343236509,0.25,37.0180255082113,48.7389234267404,39.1831241163768,40.8082156190768,53.1601764426067,19.4614063901578,25.3071762833615,20.5412705735809,21.3518240627682,27.5123502040829,36.3297574865261,49.3689382405729,39.7850240550571,40.7865849700241,53.4870455278447,0.0484313621362394,0.0634094625729146,0.0513282436699938,0.0528183008756912,0.0689499342596156,0.0433875085484019,0.0626597547129197,0.0508001098382758,0.0517796924147284,0.0673735237959951,0.046695866322274,0.0616532898758551,0.0495161068813354,0.0517523384577278,0.0676978818278058,0.046235331758087,0.0615526535450886,0.0496303917894731,0.0512164856633783,0.0665878280081177,0.0460046260970159,0.0612746380361362,0.0493609100270993,0.0504928298942343,0.0667019919126016,0.0419916158821363,0.0608803586950385,0.0502433283675399,0.0500964689047003,0.066057638047733,0.046229085676132,0.0610106018142263,0.0490577827763706,0.0508036530606929,0.0663662625793813
gaussian,400,256,0.38268343236509,0.25,32.5966876249194,44.910070440884,34.9425399270165,44.8453612740293,47.920019924338,17.2565089534232,23.3977012922568,18.426563462004,23.3653675396395,24.8988969106559,31.0317520191685,45.1241203575878,35.2254459007652,44.8262347669487,47.7218603130498,0.0422772411932712,0.0517208611833614,0.0369421493595226,0.0524262942416939,0.0548771439605141,0.0412549697856303,0.0570036026501707,0.0447806680207144,0.0573360578805733,0.0604954953863585,0.0366702020820814,0.0557693623345248,0.0441156673846417,0.0548057436269145,0.058271115009682,0.0401585897425608,0.0556846207157923,0.0429947150265361,0.0559881228286475,0.0594557532915253,0.0413619636490317,0.0560607872478058,0.0431909512152255,0.0562948467722195,0.0600074946241165,0.0396113590533699,0.0579040525445425,0.0457140021216818,0.0555979645899305,0.0612461595172779,0.0402704836074163,0.0558622489424631,0.0430316072575218,0.0559905672003908,0.0595934624411481
gaussian,400,257,0.38268343236509,0.25,32.9119959301301,38.8686746666523,27.8701285377663,42.2477715386852,46.6644998796531,17.4136230718203,20.3844480254462,14.8990777093952,22.0697504751167,24.2725427360865,31.177373146551,39.1880439798124,28.2451771103522,42.342760651435,46.6334082059128,0.0435382002454314,0.0510503794343101,0.0371485992427271,0.0550469854816918,0.0608108072050398,0.0403145014365907,0.0457050445781695,0.0303873236244516,0.0524791205697815,0.0570828445631205,0.0400690269378283,0.0454050453130984,0.0308473698866904,0.0516049012992824,0.0557377102937557,0.0417916135381789,0.0482716981759964,0.0340246272034858,0.0529815367647445,0.0586802278386009,0.040539642137641,0.0468694167902281,0.0330189197285029,0.0516491871399581,0.0569617667433842,0.0419481436120588,0.0497043933154271,0.0358527757625475,0.0550304775173837,0.0583231401942161,0.0413168570530367,0.048789400032245,0.0346425622997725,0.0530992030883784,0.0587843600245564
gaussian,400,258,0.38268343236509,0.25,62.2598438084704,73.5067870501411,54.2389191521983,81.5935782907477,82.5116127844828,32.0512368798162,37.6602542253964,28.0504559778024,41.6936247889161,42.1516459592005,58.8506170187691,73.9638012589406,55.0450783506158,81.460395582743,81.6388908161957,0.0741930979771998,0.0787194328256548,0.0542417074170044,0.0907983138129334,0.0922260651708504,0.0758458776433462,0.0915562486647421,0.0683535213874929,0.100308686648959,0.101549137899854,0.0778712858575211,0.0903591339120232,0.0658879459433685,0.100959043327819,0.101734547225951,0.0774319030433611,0.0917018904391592,0.0674478844598773,0.101982274457154,0.102922547959254,0.0778886085936676,0.092045267090157,0.067389549326136,0.102281337064512,0.10357187939727,0.0786331304138261,0.0934359401266563,0.0689554002567172,0.102751204172246,0.103817607709035,0.0770394540611331,0.0918352634092502,0.0675814966589197,0.101888309274149,0.102645163694673
gaussian,400,259,0.38268343236509,0.25,38.0068859112215,23.8588268864435,12.4042629068241,28.6967959326964,37.1331186536836,19.9545398046573,12.8982850344284,7.18528606222965,15.3113176998495,19.5188360022813,37.0531668390219,24.4268685597949,12.8567665024775,28.6243797547437,37.6785489250233,0.0500077949684231,0.0306015864676497,0.0154088929484945,0.038367754525507,0.0483320405738803,0.0451550879797046,0.0298902866119034,0.0165498124296969,0.0353826135305138,0.0458002779666129,0.0482239088540254,0.0305960431195352,0.0165245543387259,0.0361446573883195,0.0467333226360935,0.0476472623123999,0.0297049310361361,0.0157031747386426,0.0353439485259995,0.0459831443328274,0.0469615150509406,0.0297528257328723,0.0161142344147109,0.0353084617383223,0.0463502497039354,0.0492166938544412,0.0319102837367451,0.0174411214396694,0.0379330218894504,0.0487359209395656,0.0480789654770428,0.0303614815817733,0.0160379223310871,0.0361388154465175,0.0468569803907676
gaussian,400,260,0.38268343236509,0.25,43.3323850170592,74.7820059892587,65.7839512319468,54.0679829019807,66.0957769917393,22.6109238838846,38.296299018674,33.8085058374665,27.9653052813129,33.9643241508692,41.3092338649535,74.9454480819301,66.1578490211549,53.7926404255832,65.4335175788533,0.0562882210875821,0.0948101647408474,0.0832566745023886,0.0678521346981468,0.0848327716187432,0.0539113154149997,0.0938395871718659,0.0828867104632405,0.0681107258046809,0.0834078375110992,0.0530568518126312,0.0940653313602436,0.0830324917815089,0.0686717332515503,0.0816346055325938,0.0541380928163033,0.0933787501608918,0.082129019918435,0.0675437353053511,0.0819484933539901,0.0533131006575983,0.0929119707795186,0.0820863988292695,0.0661874584054137,0.0815018146501685,0.055454243760562,0.0949067546046197,0.081466120909697,0.0699133177779883,0.0847268225659437,0.053526211364863,0.0933623892751372,0.0821138653534567,0.0672522026627262,0.0819678223659094
gaussian,400,261,0.38268343236509,0.25,43.0876103959125,31.9128656571624,17.4744488537478,42.1485752380653,45.5922888916804,22.488598944877,16.9153779086938,9.71434903453834,22.0203872132002,23.7378628896566,41.8105427362785,32.424939913579,17.8562716100308,42.0846430615752,46.1076179125718,0.0507239895995928,0.0406605999800895,0.0228343777313221,0.055011985730905,0.0568031800239294,0.0541072117153592,0.040974790197785,0.0231864171867092,0.0539460498891161,0.0572716728755161,0.0529526214732765,0.036772684674712,0.0192241409102087,0.0501343950959182,0.0552036233232428,0.0543076869322478,0.0404833903386284,0.0221169246590022,0.0532190773770524,0.0576604659516314,0.0535551560331566,0.0398138109682839,0.021374493180432,0.0518764652054326,0.0566850644005503,0.0560768621664663,0.0415200289158173,0.0226472803629712,0.0539270914351632,0.0589195370254947,0.0537939746140075,0.0393914341030785,0.0211513493015116,0.0522693163271131,0.0567057363385762
gaussian,400,262,0.38268343236509,0.25,46.5308330153051,43.9630364541996,26.2750882607436,65.5642491324199,57.8571398597212,24.2063309093159,22.9253523462428,14.1036715345741,33.6988396848667,29.855137007829,42.9728761515337,44.2328879261852,26.8989872813492,65.6976679093326,56.9223061728733,0.0606199325840002,0.0528475145413859,0.0301442051490467,0.0801922453113996,0.0725549752610501,0.0561860163441481,0.0560069556044583,0.0337471755249108,0.0830212545801191,0.0730038271584825,0.0561826202099522,0.0557478563870197,0.0344007087435064,0.0819814901880008,0.0720496319483503,0.0573224829984023,0.0545949463455945,0.0320343863641724,0.0817021234586989,0.0718117126290249,0.0566182647695181,0.0550950735579699,0.0328145134646835,0.0827070193429452,0.0725561022838679,0.0560486527220485,0.0556769589736549,0.0340143973243047,0.0818405613926916,0.0725523512574587,0.0574288321472766,0.0549245151778929,0.0326399887685811,0.0818992309635775,0.0718972071779781
gaussian,400,263,0.38268343236509,0.25,39.7745532220925,26.8316563189376,12.5866234348828,41.8988894907279,42.8174454019142,20.8361387974139,14.3810451339405,7.27644749832738,21.8958286083217,22.3538902918291,38.2642722596142,27.3851538630148,13.0997776416057,41.874464227086,43.2492481837221,0.0469874939918008,0.0322621351241861,0.0167319817538336,0.0441767081579734,0.0471905901159972,0.051602929865807,0.0315955170261314,0.0118601178714491,0.052802583115909,0.0539859726674077,0.048328088324321,0.0316210774234196,0.0139917578919729,0.0492379368908029,0.050189558131408,0.0499184772348113,0.033617001715093,0.015852215686759,0.0522115308959942,0.0534846254430297,0.0501981969357555,0.0326966934917031,0.0145407671580743,0.0518255270443377,0.0531812368495244,0.0520955665990869,0.0314164762837989,0.0122616265202897,0.0509816152057118,0.0537959518980517,0.0500346277409383,0.0332741379935704,0.0152346483278652,0.0521566621450158,0.0534010528181488
gaussian,400,264,0.38268343236509,0.25,41.6204639206741,28.2745558623043,14.9764527852378,36.242014968577,42.3447916839144,21.7568564507805,15.1006460782437,8.46822453332689,19.0744731502351,22.1182037852394,40.8077395658608,28.9406218129643,15.4189726822461,36.215004272899,42.9708898028925,0.0492009719196613,0.0377754398000531,0.0208841986852678,0.0457683295452165,0.0538834417279517,0.0521296710761405,0.0358572250045474,0.0183616563092361,0.0464699428789532,0.0537146862196309,0.0529907204445352,0.0358532219880529,0.0189025101932184,0.0453299686178764,0.0535731741783147,0.0516754300876552,0.0353613563627208,0.0188483752623849,0.0452875424016736,0.0529102094667385,0.0529056847091601,0.0361226558274825,0.0197338315190762,0.0452830096111792,0.0532002833138102,0.0536942039568074,0.0372434925741332,0.0189466363117871,0.0476841741745009,0.055371371134633,0.0522848531557766,0.0354182860593507,0.0188290673213945,0.0453487803957278,0.0530174789519046
gaussian,400,265,0.38268343236509,0.25,43.7434873551455,51.508241770403,38.2421492935684,48.2193483002895,55.9409848517033,22.8157353424663,26.6885367605451,20.0721674642736,25.0482136016964,28.8993472504721,42.0088355435702,51.7764002249901,38.4493496497325,48.0900718610557,55.9768152062721,0.0569242276252864,0.0668847247787285,0.0502829198552633,0.0627639062829087,0.0719347718211603,0.0532388650894728,0.064666641111715,0.0492350501534425,0.0579150597587111,0.0691388219263099,0.0553120148995589,0.0645942589913755,0.0475120687706095,0.0608652353514843,0.0703911426155525,0.0550056434208197,0.0644652319303743,0.0475667740185515,0.0605516188559568,0.070128797980288,0.0550398048616341,0.0644168413000516,0.04770196282756,0.0600251785769521,0.0698503068786071,0.0562816392037976,0.0639764240936904,0.0465591977540496,0.060900467522361,0.0713794322618963,0.0549792744009672,0.0643987069449586,0.0475213985975225,0.0602563116055428,0.0699866584623923
gaussian,400,266,0.38268343236509,0.25,39.7233892312865,73.6734385447354,64.3411436857333,67.1986620668942,71.8494501723079,20.8110401167702,37.7432713365672,33.0888864379428,34.5140738932348,36.8337777364075,36.8006176467854,73.8030128939373,65.0496704502969,67.1476855454719,70.6899537658003,0.0418312219347915,0.0942296619502054,0.0793233733429814,0.0853941485971558,0.0922367884959522,0.0514046126861029,0.0917493948779742,0.0791889588311446,0.0841087299064325,0.0897179128652206,0.0474839360620166,0.0922263424194857,0.0793548452868595,0.0842004941714353,0.0896181487626442,0.0487971130513625,0.0923386437174078,0.0808418514002514,0.0838862789542895,0.0892168607827877,0.0489051266577262,0.090517931047856,0.0780156999847781,0.0829902390907699,0.0889920876614889,0.0514068290945266,0.0926386279989169,0.0811356481723621,0.0835638781106443,0.0894839737484395,0.0493162086111149,0.0921503382780428,0.0802808600326305,0.0839750324316315,0.0895666811632959
gaussian,400,267,0.38268343236509,0.25,71.5939360667104,68.5579720274685,48.6450469105072,66.3861291370336,76.6219076546402,36.7063806027729,35.1922514760655,25.2608306394781,34.1088970657517,39.2141366861335,70.9562006639275,69.2694587143355,48.8877191431211,66.2540072086314,77.0948781444449,0.0879808033503886,0.0881755574573938,0.0632479142205234,0.0837892742159471,0.0978655032873527,0.0894111576609207,0.0859636402487927,0.0622116284318546,0.0828538316285466,0.0954469863907171,0.0880839936483715,0.0852569498372847,0.0598006498494244,0.0833762565160755,0.095422951342952,0.0894843092736978,0.0856846547768986,0.0600643493445186,0.0834361359042136,0.0959590962419682,0.0891509571483152,0.0851358156723618,0.0600617609084359,0.0825726093862515,0.0954294964348046,0.0906869801565619,0.0876627499834408,0.0631184903026827,0.0844192505712934,0.0974367255386696,0.0892912150357531,0.0855266817819072,0.0601932293176466,0.0832066472592002,0.0956881622159484
gaussian,400,268,0.38268343236509,0.25,27.1860524428939,45.4570942478688,37.8340074364852,42.8166310538452,47.0155772517472,14.5577747854318,23.6704107059724,19.8685262747098,22.353511588403,24.4477658741484,26.2101313404832,45.8253384539343,38.2494261572951,42.8286341805589,47.0482849583299,0.0301195791412149,0.0565008931217194,0.0490519966279071,0.0485436308507447,0.0516419590715894,0.029407085328127,0.0550761627504337,0.0460324616293766,0.0516765353596275,0.0557904950200402,0.0338005555704191,0.0563773299247903,0.0465812206450963,0.0534337479243593,0.0587002529390024,0.0342229174643357,0.0577489887680578,0.0480159666598737,0.0542819826116241,0.0594130081762072,0.033694010473974,0.0573115650167874,0.0476723148162563,0.0538254180490245,0.0590132058481033,0.0357347795521356,0.0592342424814959,0.0494223573896833,0.055792797380121,0.0611731607950697,0.0338479830844456,0.0569012470462636,0.047179869192602,0.0534650425196684,0.058631237712843
gaussian,400,269,0.38268343236509,0.25,39.387919748748,43.8027623521139,30.6452631835364,49.234166405198,56.2381485059271,20.6433121395445,22.8452140100202,16.2830345325974,25.5541977993829,29.047326105596,37.5001150926441,44.3222419089132,31.2814295326702,49.3465352640259,56.2509952430432,0.0512927438064886,0.0544908343399974,0.0345872860383685,0.0637397941937398,0.0704712564637883,0.0478962117913088,0.0537605998739737,0.0363118743078284,0.0603166426365715,0.0695221785213814,0.0489248601028994,0.0531846589895257,0.0370872735628757,0.0595457204810838,0.0687081919156031,0.0494909733008146,0.0551262183007938,0.0384297893525058,0.0618316925946314,0.0707554513592124,0.048884031772984,0.0552075326897909,0.0382717778820733,0.0625904634721241,0.0710964678032339,0.0498721664531148,0.0568514907099601,0.0385962668010944,0.0627952384966367,0.0719792010696097,0.049540591670191,0.0549366000130324,0.0383254312829999,0.061641919694608,0.0705053088708626
gaussian,400,270,0.38268343236509,0.25,39.5643787281245,41.4205215651364,28.4787670214675,48.6217322111548,51.8231754107181,20.7315879306885,21.6572347891171,15.2026920459158,25.2487795382251,26.8455346071524,38.1683301217702,42.0126553703987,29.0507908231776,48.6758362575029,52.1276158870588,0.0519486645038587,0.0531854783618213,0.0378748416897328,0.0608654288942355,0.0665290519994104,0.0490999097930057,0.054043942072106,0.0370118146136103,0.0621712872628543,0.0667754754409147,0.0489857229896262,0.0530208290020332,0.0369857533772712,0.0616972792493915,0.0654337886764293,0.0491812712053755,0.0516339094281118,0.0347080543015367,0.0610840310133373,0.0647705072455482,0.0482984986632452,0.0511455768681621,0.0345137049243924,0.0607199347786808,0.0645622115810536,0.0497071225677446,0.0537650078280284,0.0377361189951208,0.0609393725965767,0.0655775704777118,0.0489169269002142,0.0517515436445928,0.0352839197842354,0.0608382891279835,0.064711931078759
gaussian,400,271,0.38268343236509,0.25,72.1651492540171,64.6326209763852,42.718964990568,74.1332437192115,83.2903075557574,36.9910887866154,33.2342065558125,22.3048724343543,37.9725830020914,42.5398145635195,72.0191721005655,65.9186553047593,43.4578759985835,74.2819051273815,84.470710893115,0.0810112806965553,0.079900112084832,0.0536955503327556,0.0898699809347304,0.0997104481299678,0.0904597545339784,0.0806954170828523,0.0539251557600021,0.0929666021296424,0.104058426876113,0.0904574011252156,0.0823895848764839,0.0547860884087552,0.0937362359860009,0.105282273799133,0.0896524729917446,0.0804907443681452,0.0532238899617956,0.0923294884647066,0.10352144756059,0.0899023496147678,0.0806974759686027,0.0528376736888484,0.0921231227668027,0.103882452378126,0.0922740126727424,0.0829184996258909,0.0558146505394021,0.0944832980298206,0.104857518128835,0.0900975834607543,0.0811917008212792,0.0536478840020844,0.0930279560197444,0.104274855376554
gaussian,400,272,0.38268343236509,0.25,50.830744848487,58.4799945857256,42.9491931252436,62.2908925249193,70.1349606992498,26.3506470353167,30.1655761451954,22.4198008749391,32.066182117703,35.9783999886368,48.8973257879692,59.0630358429583,43.4940646802975,62.4737835486948,70.3470684141351,0.0657055271495668,0.0709218215911305,0.0513390902647896,0.0790850534815549,0.0870827358336676,0.0581736113494598,0.0751650906688418,0.0553746996660796,0.0777395590808009,0.0883810759454341,0.0642914024018918,0.0748306837226247,0.0550293611449317,0.0781669426982675,0.0893523078970923,0.0633485557117618,0.073215198022394,0.0534855121897083,0.0780568872403941,0.0878488778748162,0.0615905515105188,0.0718261080915027,0.0527460362044992,0.0760088481015072,0.0859005539733575,0.0656261663652248,0.0749572153630195,0.0548108775780462,0.0800885664886347,0.090083976722386,0.0635813055909166,0.073266802572989,0.0534081910938148,0.0783472605679966,0.0879283747278935
gaussian,400,273,0.38268343236509,0.25,58.0625821982123,62.2599827655184,43.8849948131258,69.3514160325318,75.1623625777959,29.9574796428029,32.0509000118378,22.886551377766,35.5877122087251,38.4859222435978,55.7668537912512,62.8804789745021,44.4411382379522,69.4000982613234,75.3442016116528,0.0724617941752885,0.0749234952896635,0.0422512801745665,0.0882040760786809,0.0957335285790237,0.0748494874827407,0.0792403867361543,0.0555138669633368,0.088573092936585,0.094933735521188,0.0733704788014188,0.0782344189638291,0.0546802862107033,0.0873532026490819,0.093861943677962,0.0730732100991406,0.0778738116999359,0.05437903563661,0.087213153604412,0.0943393659572126,0.0711762988547781,0.078971738754471,0.0557217446368342,0.0872395783524447,0.0943624818016912,0.0725762529896017,0.0785889682309245,0.0560755508084343,0.0854078918149478,0.0934052014724517,0.0727474777586087,0.0783897793144497,0.0551216034384841,0.08696648487671,0.0944344356213752
gaussian,400,274,0.38268343236509,0.25,54.590283394393,79.8707081790927,64.497405786199,77.0167438261478,85.3787189487211,28.225531668088,40.8341038109048,33.1667880951158,39.4107308749692,43.5814117281793,52.3682875774274,80.48506673407,65.2366181111664,77.1417326168602,85.1420153024507,0.0706650249936385,0.0949502143476877,0.0727314273315365,0.0945495545845835,0.102597565704098,0.0690853219368158,0.100575330862487,0.0816959171183631,0.0963687083831321,0.107210445349416,0.0679574157922532,0.10050036178115,0.0805858472952287,0.0973894001259249,0.10641369245383,0.0686347964081269,0.100742690118712,0.0814284579937186,0.0966439576137232,0.107038872030034,0.0693090830294046,0.100729405061234,0.0812897799762651,0.0971974856368985,0.107706218111608,0.0665867838122733,0.0944996150230825,0.075382552602321,0.093907625674677,0.103248994035635,0.0685432681847305,0.100281215959489,0.0807420777097388,0.0965986342167548,0.10685011473081
gaussian,400,275,0.38268343236509,0.25,47.9091902653639,49.8953013581357,34.6678556609916,52.9438682652486,62.2143846332345,24.8933387311933,25.8839298460022,18.289341499316,27.4044685748762,32.0280231046362,46.0173932632015,50.4503974690615,35.1828441937539,52.9667397679326,62.4601138187501,0.0586976580460219,0.0646591719519682,0.0457816989582991,0.0685957224033707,0.0797757748276556,0.0615805275562431,0.0640701411496162,0.0451144305708416,0.067530996693882,0.0794403150002653,0.0605879272582595,0.0633907583928164,0.0435784521592734,0.0661602091524668,0.0789139813289917,0.060184537209429,0.0624933073058666,0.0433003131392201,0.0659724818643316,0.077997951664448,0.0601044066776261,0.0633793895541381,0.0440271138024701,0.0667492900115405,0.0781125863673702,0.0607572873376337,0.0648266998707605,0.0453547895850101,0.0684651822375488,0.080264279264136,0.0602986075875702,0.0625985627248437,0.043318690559039,0.0662872154958665,0.0781295898447041
gaussian,400,276,0.38268343236509,0.25,47.2640425327305,61.8218178662416,49.1627429231071,51.6952509289767,61.6141920992413,24.5716769429464,31.8324270434357,25.5187205485517,26.7818806218661,31.7290402442522,46.846828452202,62.3619729979676,49.4810384292847,51.4822208523955,61.803655129072,0.0613531903204337,0.079349168686934,0.0631171148166748,0.066716788243775,0.0794369232170115,0.0598529772820607,0.0770618635984944,0.0600174219557338,0.065600017300477,0.0757462300020499,0.0577363166029575,0.0761268628496844,0.0604734903647998,0.064051536286467,0.0743635016375189,0.0589774819985847,0.0769163840729324,0.0610249211670636,0.0640383031973279,0.0763945395420517,0.0582189767431209,0.0768169686374025,0.061480350686351,0.0638032962222002,0.0758336417235105,0.060677953596215,0.0775373733965623,0.0619188206903085,0.0634383746884093,0.0758832955166597,0.0594182644145975,0.0771956923765355,0.0612403575849045,0.0646941835333872,0.076810125840007
gaussian,400,277,0.38268343236509,0.25,24.938210847489,24.3881428796309,15.1693752941609,32.1754161581266,31.8529895878769,13.436895495554,13.1623111304318,8.56446598587566,17.0462736040574,16.8855875458852,23.6228120435622,24.7980183862245,15.6977430066233,32.1253616932223,31.6478878164511,0.0329159598717845,0.0328565690131651,0.0212534877802487,0.0426622769807117,0.0415649590110136,0.0314211407063162,0.0272914445458844,0.0144416970845414,0.0395102339773682,0.0377043888497353,0.0291712064844376,0.0288496458498825,0.0170474810794021,0.039711808283036,0.0390396111117767,0.0308530156775201,0.0308137806660654,0.0192505695281397,0.0403246464895399,0.0396888184004257,0.0308749201350919,0.0296791021794432,0.0174435054714103,0.03977068136201,0.0398039316850329,0.0299526382202586,0.020377438959457,0.00613778827256766,0.0373267550580159,0.0349841857342112,0.0308555609382339,0.0304356441510982,0.0187579629109569,0.0401393572373694,0.0395791641817715
gaussian,400,278,0.38268343236509,0.25,32.5173099620174,49.7033266416265,40.4513251135378,42.3442639427019,52.0544095551577,17.2166279146062,25.7881232251488,21.1737333140399,22.1178930903301,26.9608412933518,31.2707113547555,50.1477102985679,40.9494930763233,42.3955052052887,52.056812086623,0.0405176178930567,0.0511702153466643,0.0395621175629802,0.0427266297283635,0.0534009388659835,0.0414675607997733,0.061895960849591,0.049179198237238,0.0528481852830524,0.0648407146467547,0.0375675546204544,0.0597571246243939,0.0488869202702911,0.0502997326302032,0.0608320628719252,0.0412914823259964,0.0629106913971996,0.0508939482062617,0.053436799049824,0.0657304425055462,0.040675359762648,0.0628574635027103,0.0512284040422232,0.0535934364332352,0.0655323331922535,0.040942377414343,0.0614103004316195,0.0495222980952033,0.0544224442346062,0.0664252955112462,0.0408844211186508,0.0623227133584183,0.0506360707341876,0.0529577393916797,0.0650306024548581
gaussian,400,279,0.38268343236509,0.25,70.3567074702677,71.367969783072,48.9072843814105,80.7471578947346,87.7129570926885,36.0889377485286,36.5935252222887,25.3914739993892,41.2713224171478,44.7455330977931,67.8494009713715,72.0848282402833,49.5182267356923,80.8268364420548,88.0492014012785,0.0904185475182863,0.0896698610589374,0.0620436789284051,0.101267462807493,0.108217400943854,0.0879680197459867,0.0908572828284201,0.0629274867282854,0.100922575968055,0.111234876744481,0.0886376450060399,0.0888666996639483,0.0603367106988989,0.101077298121815,0.108943491656365,0.0883868839109249,0.0889826906801364,0.0605219764383374,0.100927912744888,0.109434327436068,0.0883021808732733,0.0871192326777042,0.0581774452890645,0.100375372867572,0.108209556976406,0.0894442472259759,0.0848852066161853,0.0572402325669446,0.0976839891082208,0.108786647771384,0.088380899001405,0.0890618227842182,0.0606405399094801,0.101079768498224,0.109621787348474
gaussian,400,280,0.38268343236509,0.25,29.7740524269549,50.8905045519117,42.5854959730539,50.0121144384839,48.8139203601426,15.8488619576478,26.3804490834144,22.2384064807533,25.9423950741251,25.3449510913616,28.3485795900378,51.1332022905378,43.0913115703879,49.8277923427037,48.226910506124,0.0394010696306166,0.0658350250644425,0.0555414055944946,0.0648718938507285,0.0628678779389182,0.0390842950739869,0.0644010669905964,0.0531673767496553,0.0638645047621514,0.061318991621447,0.0372102956504123,0.0642418432408359,0.0532010606003836,0.0634608116309701,0.0615238004743838,0.0359664453800333,0.0636877645888474,0.0530806647907497,0.0623950926570307,0.0605755036464881,0.0353697279238839,0.0600082175810124,0.0494970412838682,0.0604352870352914,0.0559209958106007,0.0293494558001523,0.0628017819412901,0.0543646136363504,0.0599274788452851,0.0560024435922714,0.0365132502625637,0.0635914431807886,0.0530970794409294,0.062335299865223,0.0606420834566756
gaussian,400,281,0.38268343236509,0.25,85.9051178150357,80.1254993989963,53.1933136113632,94.3097705375219,99.496076016879,43.8441657012403,40.9613631015965,27.52905635755,48.0357772962469,50.6224412627693,83.6998219561284,81.0889038036645,53.8311156402193,94.2564617116396,100.110370032935,0.0908323207811838,0.102629592823491,0.0670532259995284,0.119591984878596,0.126721076891243,0.103936791949518,0.101895069394028,0.0683104568000598,0.116419685148935,0.124757659847745,0.108558384640576,0.10139896397461,0.0680478607048347,0.119159913160508,0.125637229606592,0.10595588868425,0.0997938485217413,0.0660376765503339,0.117257893256163,0.123640486244632,0.107323268848156,0.0996748154586893,0.0655246929266025,0.118041008883773,0.123978946149659,0.106119586093008,0.0890348778516895,0.0552076968624245,0.108972721262969,0.116475587458758,0.10693957851904,0.100071038581518,0.0661468473365258,0.117830740140991,0.124326358680757
gaussian,400,282,0.38268343236509,0.25,55.1296103614315,79.2517051083393,63.4101518831803,77.8490825115458,88.6701292602537,28.4945184383672,40.5253117870359,32.6244982892576,39.8257799203782,45.2227682761093,52.7700423561369,79.8743331921794,64.0861959839299,78.0833568096556,88.5633969433228,0.0702004970953228,0.100236752982069,0.0809390560682887,0.09794476998067,0.111287350211707,0.0701161549010994,0.0995387050343317,0.0783428999065376,0.0986507803527499,0.112413547125492,0.0670336878176633,0.095051080463465,0.0748007917284161,0.0938200509494067,0.106874600273086,0.0683250895624977,0.0994390142044079,0.0794045323178226,0.097356088602354,0.110872328625428,0.0687386388102101,0.0997963193662071,0.0795489166525172,0.0977512585206125,0.11119088693752,0.0708619465475195,0.0905569954641977,0.0689859640402444,0.0917868070579371,0.108157049781191,0.0691638869391786,0.0996029636427803,0.0794924889820417,0.0976938816682502,0.111333447369509
gaussian,400,283,0.38268343236509,0.25,33.716422528856,37.7983829781921,27.4645497883859,38.2889502796648,46.602162362915,17.8148222125483,19.850594532664,14.6966714580577,20.0953174695357,24.2414399529175,32.5220834815239,38.3164154801563,28.0267421680405,38.3188113604879,46.9004328008241,0.0433444531836348,0.049556520844719,0.0368302754912987,0.0496455256132774,0.059896431689948,0.0426504648757954,0.046945706627054,0.0343075695710164,0.048243006134718,0.0586957982901785,0.0426184068751062,0.0479799142065116,0.0353044766278893,0.0488581505519287,0.0591913307503606,0.0417600454177074,0.0471799456829462,0.034254790675964,0.0469678643352597,0.0580909209225998,0.0428485027919404,0.0485332715212728,0.0356514475517532,0.048273158974043,0.0594237665925065,0.0435535330124046,0.0489951435802853,0.0348187014692181,0.0502799929544325,0.06075161478801,0.0419526745896427,0.0472802352596585,0.0341503535191165,0.0479181564238731,0.0583766593011322
gaussian,400,284,0.38268343236509,0.25,35.9323981602893,47.1843972492181,36.5899247687908,44.2724737831628,53.8423478373365,18.9199026401732,24.5318280545779,19.2479001181873,23.0796029732577,27.8525079226839,34.6372841570305,47.6968080102346,37.2026364334301,44.2871146441238,53.9595531273216,0.0466075814269445,0.055031819489888,0.0431435451234629,0.0510963751423331,0.0646642600529513,0.0465199790964502,0.0601886117245953,0.0472036813755108,0.0561556772105472,0.0688387282458737,0.044239939106297,0.0589208300929137,0.045799535034296,0.0546938874901383,0.0667672541993743,0.0453393903565536,0.0590563544141019,0.0455816277675895,0.055381205018134,0.0674393009373567,0.0457225681341702,0.0602073407460262,0.0468950641780441,0.055927632883649,0.068511134794608,0.0464397988136989,0.0612590708532589,0.0481413816207195,0.0557739208985788,0.0688820683675488,0.0453162768568757,0.0594409154786274,0.0460983060958814,0.0554500630538608,0.0676277239958373
gaussian,400,285,0.38268343236509,0.25,42.3316803724751,36.3627259117912,21.2923883116075,50.5407817622763,49.8998703514261,22.1118194887814,19.1346663959629,11.6184284113023,26.2059907174223,25.8863102887431,40.1434637502123,36.8473873232647,21.83370556789,50.5142412270033,49.9191623043892,0.0542655234062316,0.0455661282310738,0.0279513492448197,0.0648163207253493,0.0619478905319297,0.0534688535766412,0.0460035616981881,0.026158769725996,0.062336605861876,0.0628910260454953,0.0501107794163213,0.0453666950191482,0.0275996802861359,0.0613672093380046,0.0605882422378801,0.0508559021817807,0.0457613502719125,0.0268953622674992,0.0631572416799017,0.0623354480064868,0.0525516247584376,0.0449686650202756,0.0255294803882013,0.0631047692557675,0.0623010300250367,0.0488789074602773,0.0311633456766843,0.0116909472521465,0.0491830954874943,0.0517556430284158,0.0527746958812005,0.0453311384500765,0.0262605739608486,0.0631876854980264,0.062274502855867
gaussian,400,286,0.38268343236509,0.25,39.4060825225213,33.6864042278597,21.3385019887841,37.4133251506531,42.8703699711623,20.6526522635978,17.7998514163614,11.6413497423644,19.6586628674634,22.3804423032236,38.1677542265788,34.1556895731791,21.7145016225104,37.3777330474232,42.9479031737506,0.048802638936195,0.044569424715788,0.0278382660590416,0.0492530994916264,0.0551069242190841,0.0493812296513393,0.0426333548978273,0.0258648264730033,0.0473273346802763,0.0539572297902972,0.0473166147945771,0.0418030622143267,0.0260540261153567,0.0465478613000719,0.0529905144859407,0.0492665065647005,0.0423514393313858,0.0270758457279687,0.0469501318556459,0.0535659237393084,0.0496974561949483,0.0426209486254496,0.0270843574271231,0.0469067003317217,0.0535885302015945,0.0484483607167342,0.0444606999935631,0.0289340914658714,0.0481303219585767,0.055110774173587,0.0490982349374645,0.042187461529843,0.0266572921077067,0.0467644453439728,0.0534919296820507
gaussian,400,287,0.38268343236509,0.25,50.8493719220054,30.6227733332495,14.6033168833869,44.0174409996735,48.7499374972241,26.3599621623271,16.271837710164,8.28213408020567,22.9524191197592,25.3127912645179,50.4618541747845,31.5330707571571,15.2358730518933,44.0632205954461,49.6006491788875,0.0596048595415579,0.0395498543546469,0.0207431175276609,0.0546953771484215,0.0606390046733551,0.0600275482004119,0.0363526676492522,0.0173164139487127,0.055212861910142,0.0575345849037624,0.0633126175933821,0.0338445001970048,0.0137326085338683,0.0523333577156419,0.0569835131313086,0.0633616384964464,0.0380415882942395,0.018131843110517,0.0547038532048825,0.0607712026417831,0.0627618729041507,0.0394065408157494,0.0192204287721062,0.055377450182526,0.0616747096170449,0.0657379699794789,0.0384168029036871,0.0169251928666258,0.0550109130049831,0.0605038358895187,0.0636240611469467,0.03859960297489,0.0185791482646726,0.0552457342973048,0.0612181826094896
gaussian,400,288,0.38268343236509,0.25,32.1756190691026,35.4508179578823,24.3305217638095,42.855180476018,44.6277160598281,17.0464926317902,18.6797242142833,13.1334874461418,22.3727424250006,23.2569021038994,30.8079771344725,36.0593459056904,25.1116750599739,42.888802135473,44.5636059813733,0.0406882752831025,0.042745023423209,0.0310302847256604,0.0530609094516423,0.0493521499333055,0.0404640709252443,0.0441795967994683,0.0309383403926061,0.0538210846312904,0.0557764785913109,0.0382412148452614,0.044028549005389,0.0299990870175992,0.0538824675453194,0.0553511761206076,0.0399570802464059,0.0440075521663211,0.0300376812149472,0.0531391468574921,0.0551593441281406,0.0389645641834048,0.0441911092930473,0.0299380217817488,0.053065660699013,0.0554540450364137,0.0373251886238849,0.0421252821754709,0.0282815106809486,0.0534754825878115,0.0541011236369649,0.0397910024336453,0.044543696775918,0.0306454415063991,0.0535825147703032,0.0555585724212256
gaussian,400,289,0.38268343236509,0.25,36.5131774141818,54.1766903330245,41.4292286360164,66.4728459698561,57.2946612655635,19.2100352050887,28.0194636717285,21.6619264121716,34.1520020032041,29.5747767489993,33.3706763677936,54.19433587471,41.9153310671544,66.5577632166873,55.880697876368,0.0481020397788619,0.0623934049612592,0.0389368855773374,0.0800064189796577,0.0691609462180701,0.0447710497224957,0.0684105604831672,0.0531145495981977,0.0829942663870615,0.0705426733228522,0.0437552632627393,0.0678907860226363,0.0503857119608151,0.0834454408531655,0.0707010827214336,0.0457209036124693,0.0680556412880056,0.0513616768453746,0.0838346394294678,0.0715819329525142,0.045244714741892,0.0675762727924148,0.0514415898347259,0.0831848759953857,0.0708904154297858,0.0462615744122362,0.0622099586213895,0.0449084820108701,0.0767674626914132,0.0673275094410081,0.044909087381404,0.0674720535398331,0.0509935337820466,0.0831781385862545,0.0709412659677137
gaussian,400,290,0.38268343236509,0.25,36.9264354590008,64.9990254762871,56.1969766526358,55.088834577052,61.8327684000023,19.415951291409,33.4169803369228,29.0269997252906,28.4744097862591,31.837968004128,35.1508423527522,65.2557842628142,56.6858321888642,54.8925934187815,61.3689368805981,0.048007781499726,0.0836564319285713,0.0726586494663071,0.0713093467933677,0.0796167176404707,0.0471591805028549,0.0817484443310041,0.0709058886663088,0.067118505421856,0.077060490765721,0.0478077259495492,0.0829002810446344,0.0712219777273622,0.0706855751947721,0.0787129009528836,0.0442119066696968,0.0811933752971315,0.070675229214018,0.0676412380362622,0.0763669139848136,0.0442989854785427,0.0809620622943845,0.0698941567256871,0.0681155030127299,0.0762370805210767,0.0470582617369887,0.0808248306483078,0.0706590853827084,0.0650931472105701,0.0770794454676818,0.0457730422459846,0.081326852419783,0.070208893961558,0.0687671689779168,0.0770717804233389
gaussian,400,291,0.38268343236509,0.25,28.5215830413937,31.2430785012567,21.3527022888673,35.4867654570974,39.6432476304017,15.2238133431041,16.5811805069895,11.6484930807928,18.6977150200357,20.7706739595765,27.3135745657331,31.6119602998659,21.701440640727,35.566687433116,39.8733670620528,0.0381506284949524,0.0330295885727864,0.0175936103167541,0.0439277126738997,0.0473767051741949,0.0366543946397888,0.0392144337235237,0.0267090908915894,0.0448390108405186,0.050393998127169,0.036953999071956,0.0379849956369593,0.0251685208450481,0.0431931166586017,0.0494736447343525,0.0360577099597131,0.038690997817482,0.0259452500662301,0.0441404105892154,0.0494822209761451,0.0347992910580041,0.039538702953661,0.0266923202102705,0.0447505326546249,0.0500935978937273,0.03336450377887,0.0377618852387714,0.0260944281610434,0.0418092407269761,0.0475524770354979,0.0357157875200014,0.0391480475459978,0.0264719633334352,0.0445072314756538,0.0498544078103194
gaussian,400,292,0.38268343236509,0.25,57.1365194179772,57.1798377105363,39.8001945548181,61.0309341190506,69.900058661742,29.4956322101734,29.5171704653477,20.8492068314494,31.4378515441094,35.8613979668469,55.3690240507099,57.8038998690413,40.2834681652021,61.1009083627581,69.960204984995,0.0731034164056223,0.0734623802950744,0.0516665805569883,0.0782199069195369,0.0898216412917354,0.0724833425900667,0.0722047773075871,0.0500716123011636,0.0768878218722311,0.0881600836768108,0.0725060937047487,0.0720115925740513,0.049681251158924,0.0773114656524079,0.0882018543083337,0.0715242798559811,0.0721459445035015,0.0501831996178368,0.0770122494011247,0.0877677599863058,0.0716036218905337,0.0716960403117119,0.0497089685250054,0.0766014521995479,0.0871866543086013,0.0723545859622924,0.0724121182361292,0.0493239245014776,0.0763382025196756,0.0875570203607835,0.0714090310194129,0.0716759797197956,0.0496408533125147,0.0765794521375283,0.0875113939316066
gaussian,400,293,0.38268343236509,0.25,63.5783322940832,78.3995777227998,59.3575631759015,84.36684270244,93.4938749458119,32.708477352798,40.1003154265643,30.6031976085562,43.0765927052638,47.6286848568846,61.2628196410617,79.2985421536678,60.376680817953,84.4866081804257,93.49000301087,0.0818845533458232,0.100459870797092,0.0766228316276432,0.10776713808231,0.119336714775042,0.0799130182182505,0.0995720448065894,0.0748132411311394,0.10706336328666,0.118269237638505,0.0801685946719236,0.0976468686959661,0.0728868823180272,0.105970403654087,0.11754135059948,0.0795917306496125,0.0984902319532797,0.0744763570704259,0.10566246813871,0.117163780298942,0.0803247303830867,0.098041184839074,0.0741775340677354,0.105808785673013,0.117050381684157,0.0800590684009782,0.0978374555166318,0.0749564194549108,0.103801695104364,0.114687840891844,0.0795209367966229,0.0984971651756355,0.0746109696470142,0.105713135051373,0.117182100787531
gaussian,400,294,0.38268343236509,0.25,81.034886074246,69.5406474110474,44.252428586849,83.5262666168351,90.4834004955825,41.4150896210417,35.6821563309932,23.0697789928135,42.6574366702291,46.1273313109259,78.2622989762984,70.393630486143,44.9283362890464,83.5672504939041,90.6622947012066,0.102805591477008,0.0869701880594674,0.0560698586490579,0.1017185560919,0.111869936154183,0.0972219572015326,0.0873759775849696,0.0565231706477273,0.101738795073552,0.112208599190677,0.0994038598885893,0.0869286010484489,0.0556505265274742,0.104801668813276,0.112661133283825,0.100877278146414,0.0869219856256897,0.0550328471924527,0.104504615531745,0.113272986430364,0.0994088246518219,0.0864735678024386,0.0545434086574303,0.103815025891278,0.112305043833643,0.0965826815148213,0.0794946374275374,0.0443434725687602,0.0982308380805752,0.107533516878447,0.100561060288218,0.0868604883344494,0.0548948536551857,0.104438127894406,0.113054945592172
gaussian,400,295,0.38268343236509,0.25,31.3395721249672,42.1133549885493,31.8864828273666,45.2749004558932,46.1325689724605,16.6294884670954,22.0027551986957,16.9021025974485,23.5797194971362,24.0075402560268,29.8956916875908,42.5307318244274,32.5336840092041,45.0976417650798,45.823251311223,0.0344765562413331,0.0546519782848043,0.0419713354884115,0.0577866298571439,0.057601332994611,0.0331695770725204,0.0521601559180358,0.0409729506788274,0.0515049545802351,0.0546102931484714,0.0395497977877188,0.0528441638632515,0.0403331926519095,0.0563997732770573,0.0581798535749753,0.0386336185209673,0.0526282109531511,0.0399771885699862,0.0561101819003778,0.0567186161980651,0.0387843964914006,0.0526137683210884,0.0395903029099593,0.0561360035621609,0.0571898523226552,0.0388395876824674,0.0513988600409802,0.0367691710219184,0.0563902048318988,0.0569656344297079,0.0387937229202076,0.052843726459599,0.0401672779673168,0.0563320059475525,0.0573095021195969
gaussian,400,296,0.38268343236509,0.25,33.1984382944109,34.9717335178697,24.9537859587992,33.6415408083712,41.2375988884054,17.5563428822518,18.4408662791728,13.4444718978057,17.7774322308013,21.5660979608972,32.5294584809056,35.5203926041642,25.4210429021541,33.6585950439483,41.5033220118612,0.0437423030649727,0.0462008291330447,0.0336806597354921,0.0443816177727363,0.0539410270717961,0.0428895326734043,0.0451449984159361,0.0317041678692649,0.0440777813936865,0.053535164312259,0.0408090456501829,0.0446945810170871,0.0319651147792015,0.0418889296692482,0.0525624675859862,0.0420613429834231,0.0439665894319529,0.0311024601851514,0.0424286999637926,0.0515380171425064,0.0431104848229697,0.0452288639791837,0.0324839502821871,0.0436476470879801,0.0531515327550742,0.0364918542506103,0.0413272817176258,0.0310041162126217,0.035328728670531,0.0490577539793428,0.0414863471332446,0.0433341720084394,0.0306381079345947,0.0417434534932418,0.0509252474293649
gaussian,400,297,0.38268343236509,0.25,46.3142737676877,56.5527942101967,42.7307524583732,59.1540847032918,59.1502996383201,24.0981141842632,29.2046631851659,22.3111150642277,30.5019036067329,30.500223649554,45.7120364872495,57.084283301841,43.0080535354181,59.0504556306596,59.4093922124789,0.0589747038277189,0.072169104359188,0.0556607362243607,0.0753887069407452,0.0745032882746149,0.0576845530438117,0.0636085978022519,0.0438483965647542,0.071537774944548,0.0699009021914372,0.0587988926099605,0.0714205616323265,0.0525910874109264,0.0755652852503376,0.0756179507599298,0.0578089508986087,0.070868986448222,0.0532519588518886,0.0744513379409965,0.0740854755755841,0.0566954983003386,0.0698934663046008,0.052569822387172,0.073347624449328,0.072098018001778,0.0530758342979058,0.0727476469112916,0.0520164873462584,0.0750157002911875,0.0753862595900988,0.0575339299903158,0.0701383189336615,0.0525082548798024,0.0737070502793616,0.0733349995807221
gaussian,400,298,0.38268343236509,0.25,52.2925806672816,74.5020705100363,60.3187454667553,69.4597498605728,82.0486990214599,27.0796131853595,38.156446127126,31.0826080385096,35.6416795142905,41.9203929793374,51.2491089040069,75.346803392288,61.0509811602016,69.5869702871996,82.4531902345532,0.0570819178332631,0.0954960890711809,0.0778687022848949,0.0878350455127064,0.103404230630127,0.0562492759067987,0.0933422989886954,0.0744043805201515,0.0884133381313383,0.10253910080122,0.0648285933270659,0.0940772379613905,0.0754415679685556,0.0883543492068387,0.103888286941574,0.0653039007217603,0.0937515434441049,0.0758171275869207,0.0872362209154093,0.102880192684135,0.0648313052814953,0.0933982177572977,0.0757470909763023,0.086948283719159,0.102482055841082,0.062789255397657,0.0932047226460092,0.0750296444401424,0.0886391946741619,0.103171255073488,0.0651806626186316,0.0932262224423141,0.0752154825003232,0.0868250378623361,0.102570338561535
gaussian,400,299,0.38268343236509,0.25,30.9320088452171,28.2419867642325,17.8210964220069,32.8570321244261,36.7035065671451,16.4261605713163,15.0844114133631,9.88704563071264,17.3861809350762,19.3046594907468,29.6270148331408,28.6257733773354,18.1704457500294,32.8722022089831,36.7277416603839,0.0403798790622879,0.0365901856248466,0.0230135020503692,0.0419664706689249,0.0459708856103843,0.03929552943615,0.0347657089161059,0.0215324423220288,0.0420498296120169,0.0460009122905596,0.0392698904232281,0.0351836159772506,0.0226410742426872,0.0415773199107503,0.0459940714579615,0.0381156875365425,0.0352163823633717,0.022232580122924,0.040825955572136,0.0452647917313442,0.0383455944219272,0.0355886192649147,0.0222980304129852,0.0416735070132208,0.0459837387225589,0.0326484010519796,0.0218800606998217,0.0122879567440311,0.021137251237686,0.0331713783696681,0.0389394210017523,0.035631026497321,0.0223639819594324,0.0414068860915968,0.0461837030669603
gaussian,400,300,0.38268343236509,0.25,58.3541124623623,54.8798560164554,35.0848661815804,69.490553619724,74.2812681434314,30.1027447005085,28.3699317002228,18.4972737454378,35.6570923884178,38.0464146971203,55.8839266605428,55.6881755725247,35.9111434554841,69.5920827360186,74.5617290452977,0.0745763439531085,0.0693107314671568,0.0448974593433859,0.0883487234663707,0.0940855430286496,0.0734302369029682,0.0705257982717719,0.0459789990051003,0.0884739660500555,0.0948069691955466,0.0735875191119091,0.0693177361003788,0.0445884282130142,0.0873395645084692,0.0938321222388151,0.0728870902304972,0.0685145362668062,0.0436838540632182,0.0864779319080189,0.0923351939842611,0.0727476399025802,0.0685940968157344,0.0432932213474048,0.0868501365273127,0.0931219218807681,0.071375910430793,0.0708202491232328,0.0462699575982549,0.0848801825853947,0.0933475175838632,0.0729917580890336,0.0688067777947242,0.043869223192515,0.0869178176437347,0.0929667628715966
gaussian,400,301,0.38268343236509,0.25,50.3880099125272,45.8602114978553,31.0695670907078,45.7784682168964,54.022123724449,26.1297174732318,23.8716269328062,16.4948363852317,23.8308094862816,27.9424954081443,50.4666620595875,46.662986283499,31.4546854803746,45.6838212437227,54.8241268158665,0.0601257668405002,0.0420307850900528,0.0183038847969515,0.0509958489324043,0.0579572118644967,0.0639736361851396,0.0560542856651512,0.0370960482289036,0.0568812043360118,0.0664024828156698,0.0628903350269762,0.0588477530560096,0.0402822015360957,0.0584889550120489,0.0686062854064579,0.0625582889713813,0.0573632281733712,0.0389576084038115,0.057031512850735,0.0670049894984625,0.0644944985353378,0.0579424558060024,0.0387792600581483,0.0578021891121465,0.0679553920793982,0.0631037802771208,0.0517683199788337,0.0304514058239329,0.056320297847898,0.0632598150891929,0.0628141714508233,0.0570099201016635,0.0384674140320635,0.0570019223340704,0.0668595353599482
gaussian,400,302,0.38268343236509,0.25,44.6158975539964,53.30842211742,38.9031215065203,59.6701929350457,64.205936220092,23.251030010693,27.586199796267,20.4016682399396,30.7591734642341,33.0213966869678,42.349990732963,53.8409365628594,39.6751314362152,59.7621887058392,64.0022475284962,0.0576298903466581,0.0684361544175715,0.048735859635357,0.0758937597186006,0.0827572438168881,0.0531591218509302,0.0659690783950426,0.0467439777828396,0.0736782882242995,0.0799672462980604,0.0541210993049078,0.0647282797089938,0.0455575117483943,0.0735174969094597,0.0785892840640908,0.0557031688056305,0.0659774484742758,0.0476420310565532,0.0740836011542942,0.0796466354572033,0.0559500856435118,0.0673261305802527,0.0491833261413129,0.0753346800312783,0.0811168715505592,0.0568287638428915,0.0687021552537142,0.0510618760046989,0.0736979093850276,0.0818992513619679,0.0557262462092456,0.0671035178665397,0.0487599984065384,0.0750105375206016,0.0807495088963584
gaussian,400,303,0.38268343236509,0.25,21.7198231868463,28.2813626246463,20.0769269660022,34.6740999857922,34.2137563223557,11.8315841589369,15.104004662419,11.0121383294308,18.2924054773578,18.062955573001,20.3614666200819,28.6659370947147,20.6979687439987,34.7362374378836,33.9164589258959,0.0296048740298444,0.0349157685119283,0.0196912531778765,0.0458294659066047,0.0450769254257533,0.0261602389616332,0.0363376330764399,0.0265658396970902,0.0442654564570529,0.0439861940623246,0.0249698012082099,0.0344075527191613,0.024653430197523,0.0426217045327871,0.0402528219429145,0.0269291963136002,0.0346038872972572,0.0243278370513067,0.0422381456965582,0.0417793057519366,0.0256218077131677,0.0331704969141063,0.0233568214328929,0.0413421096254982,0.0400088548177285,0.0271239608769866,0.0369462156926729,0.0272355787621764,0.0422119371941867,0.0412796002364359,0.0267929556810767,0.0355836001669511,0.0251872580245737,0.043365613383833,0.042567991797992
gaussian,400,304,0.38268343236509,0.25,87.4942197865656,76.1198124006564,50.0128634091643,85.2514519498866,99.6338713853364,44.6366315291033,38.9633896428742,25.9425698248259,43.5178928914201,50.6910361815276,84.7096079346628,77.2648297477216,50.9196932053735,85.248257057562,100.329214133644,0.107515030503592,0.0893173468669154,0.0589512326926164,0.0995373274424774,0.118020368678853,0.107026342580201,0.0913536343584023,0.058753915260132,0.103669558476745,0.120554495184176,0.109164798068257,0.0939266823882465,0.0611112647321168,0.105335942389038,0.124208757421494,0.109004287611833,0.0956279767808986,0.0627012802756283,0.107140497783691,0.12516285989185,0.10911457891047,0.0953420839491158,0.0625572333044579,0.106885414720176,0.124447030255346,0.107355301329971,0.0961551528033424,0.0624592771321711,0.105895362324556,0.125398291169166,0.108781995233089,0.0951441245680679,0.0625235936412841,0.106261594237572,0.124484047151182
gaussian,400,305,0.38268343236509,0.25,73.4312585438544,86.3250332445347,68.1999882669341,69.6002651710831,87.3624142446996,37.6227516902689,44.053466250824,35.0136872046261,35.7119155251447,44.5710197920758,71.3134006987304,86.8748968798677,68.4544998063387,69.4885310057388,87.3692235568153,0.0934472622927542,0.109702083599522,0.0875256757324792,0.0880672062654738,0.111577671656735,0.092560998631554,0.107473881996217,0.0844007770668255,0.0860717550522422,0.107494250797942,0.093602236036535,0.107564167364513,0.0834048953758901,0.0880065679052855,0.108678132457031,0.0920257312626241,0.108218633368765,0.0855248073066687,0.0871542627500654,0.109246073585237,0.0915221945335234,0.108133420880017,0.0849986324686707,0.0873518022341004,0.109141149977465,0.0923550490675876,0.10953766737126,0.0865922661907922,0.0889689760535117,0.111327813799216,0.0914667612485676,0.107723158826191,0.0848587288138045,0.0871113422825541,0.108664660185426
gaussian,400,306,0.38268343236509,0.25,27.2320226274438,40.329828970105,31.6302444937389,41.402532267699,44.3924332028575,14.5806534526614,21.1132003986852,16.7744452656425,21.6481891183403,23.1394579368541,25.893112871948,40.6301511513494,32.1207607886488,41.4767976875998,44.1927531450004,0.0352116986741269,0.0490293043649231,0.0378349373280112,0.0476132346116271,0.0550804879365643,0.0345257172327316,0.0512705145514517,0.0405839557675879,0.0527918239933344,0.0561980178847624,0.0336057289272265,0.049101296753422,0.0382859513697643,0.0502827702869906,0.0544614108936188,0.0342349994571846,0.0507135319715259,0.0397106133105171,0.0522590244359215,0.0557905838650895,0.0344235590120221,0.0505053347493977,0.0392746113339612,0.0520120553175129,0.0554945243305526,0.0297802164883433,0.0479076609551515,0.0388803786470634,0.0497452246486633,0.0520048614677534,0.0343492421306397,0.0506860675525493,0.0395196713740363,0.0519843218417166,0.055737850277017
gaussian,400,307,0.38268343236509,0.25,45.3349603824527,38.7349793875728,23.7801263716489,46.3431778716412,51.3673133353607,23.6095417700704,20.3177839232899,12.859156346318,24.1123016679846,26.6182018389246,43.8294944051856,39.3058535914029,24.1690581114948,46.5048206032735,51.5813675392512,0.0561957743287913,0.046825844469843,0.0248259019704132,0.0583179790938885,0.0660562525528411,0.0570725414300874,0.0497083422126408,0.0311041347999869,0.0588422948773625,0.0645428178994478,0.0578915309315146,0.0500245711378851,0.0307803731347951,0.0598953065619644,0.0658032978282407,0.0559301856741507,0.0479172749695217,0.029360380614529,0.0576053320489927,0.0633312678525499,0.057603624040029,0.0485798282969096,0.0296162641816104,0.0579275800560631,0.0648041835808639,0.0589682154906347,0.0475945693891641,0.0266497549841858,0.0590168529268265,0.0641017009526256,0.0566741500526419,0.048703485573466,0.0298272868499671,0.0583283097693957,0.0643823434616329
gaussian,400,308,0.38268343236509,0.25,38.9310136243611,47.13238195487,33.3963429730372,56.813794461376,54.9949110891885,20.4157707995111,24.5060162376446,17.6553053855188,29.3346104607163,28.4275558396358,36.6706483400445,47.4801666531512,33.9183158180517,56.8452458123872,54.6284518078468,0.0414371132861052,0.052287159563218,0.0369540702587156,0.0676619182143541,0.0619379882604527,0.0480883446064196,0.0575373696404501,0.0397958483437669,0.0714522416117199,0.0686866812169617,0.0482239759353153,0.0597825197701097,0.0417832187870413,0.0725175992324538,0.0692091267373013,0.0486358794308003,0.0589002158445835,0.0412368600833169,0.0711500732681814,0.0687413073198349,0.0465334990627448,0.0586231143089935,0.0416287049454127,0.0703873109259522,0.0678915121542899,0.0444836417673096,0.0587301759290112,0.0420752994527913,0.0717271624575088,0.067763751852188,0.0486097158710051,0.0589121324558133,0.0414086441447365,0.0711046462821289,0.0686760355873716
gaussian,400,309,0.38268343236509,0.25,38.7230438257274,52.6452525585809,41.7640013696462,48.5560051206292,53.6122415169274,20.3121384735612,27.2556142654321,21.8286386762562,25.216155453976,27.7380787699553,36.4788270974942,52.8079287624126,42.1905343023164,48.3761795632323,52.8076489164538,0.0493488892246819,0.0678595956543991,0.0522093529078784,0.063088569479407,0.0694063305665736,0.0487132292932887,0.0659201007848051,0.052342837464494,0.059231214824292,0.0678492709341763,0.0473270248581163,0.0648924854563209,0.0512839485149295,0.0602185704190719,0.0660638593614962,0.0478740821986683,0.0649804217691838,0.051175846176389,0.060094738062841,0.0662625928823251,0.0474584024444738,0.0660992896974366,0.0527533775482718,0.0602074395753623,0.0666811450946157,0.0451027615467838,0.0598651310605554,0.0452239287337481,0.057663906715685,0.062781555240005,0.0477350248292374,0.0658371031755325,0.0522364254549405,0.0604604173838173,0.066495814377339
gaussian,400,310,0.38268343236509,0.25,31.5921545840203,34.5014516645767,23.352525100185,40.4982732760422,43.905487445229,16.7553549215831,18.2062356723236,12.645793331622,21.1972069585177,22.8965101369716,29.7510902873561,34.8917836950733,23.8559784338726,40.5807134159585,43.8698667806715,0.0267785272547772,0.0448373226853842,0.031671716150645,0.049834639669266,0.0552043131212998,0.0372400411732806,0.0381430104645033,0.0244150059753216,0.0479128587189909,0.0512351949957306,0.0390254732130043,0.0435956754800379,0.0296409686049152,0.0510052568698833,0.0553124136463997,0.0395840457303815,0.0439272636528192,0.0298762483609892,0.0512022931161963,0.0555932906353101,0.0390447670756953,0.0432064539881768,0.028572354325222,0.0512855330666744,0.0551686864983216,0.0417295013903304,0.043435371698694,0.0292716590010105,0.052412449825349,0.0562756050920983,0.0393290226802541,0.0433071205909138,0.0293442045679329,0.0504798673586531,0.0548648605578516
gaussian,400,311,0.38268343236509,0.25,53.4910035838281,60.12346308521,41.5453358654703,71.5231382827689,69.9349144743803,27.6777312520996,30.9853155513208,21.7195703893298,36.6709469723687,35.8788971321627,49.7734121896192,60.3470294330113,42.026576849171,71.5049689106205,69.1083510926065,0.0447995926758198,0.0523349006569963,0.0349961337913426,0.0634918661879622,0.0534760785556288,0.0682534927030575,0.0754072133177911,0.05214156245782,0.0894153163848005,0.087601358884631,0.0658412300189794,0.075131805730759,0.0522758800602544,0.0888074846232523,0.0858969884207773,0.0666641847815583,0.0751061180926244,0.0514328578578308,0.089609682940524,0.0877065340739982,0.0662563933534102,0.0750692978386579,0.0517277268333676,0.0894602053528019,0.0875650340816467,0.0689417059570376,0.0697645847484366,0.0441876359100472,0.0856136932112533,0.0852332857675529,0.0663659015875046,0.0752346725950533,0.0516512328533319,0.0896040152801785,0.0874042803074692
gaussian,400,312,0.38268343236509,0.25,54.1039606478857,51.8562170732733,33.1076109141061,65.23147972096,65.3926390290478,27.9830912980032,26.8621064333474,17.511454081785,33.5329131123362,33.6133220315891,51.5751897109834,52.28365910275,33.5022270540494,65.2980155352779,65.3623147564133,0.0672402001408316,0.05992575204933,0.0390491282616209,0.0775924771381394,0.0744049294955774,0.0693032826296617,0.0629255384429151,0.0348524017071112,0.0820559412286138,0.0826193998289348,0.0691621415862835,0.0639516372676884,0.0396544259612421,0.0811876850078189,0.0818804920062696,0.0678764249476979,0.0651494344279127,0.0414790760983583,0.0818401809617103,0.0822929452984286,0.0684476278423089,0.0639273241288957,0.0397687244530519,0.0811948065887071,0.0814328589403594,0.0667587915021211,0.0645150908347146,0.0378255130078822,0.0838584966263274,0.0829669985425593,0.0673873439895356,0.0647779067918695,0.0410651872936787,0.0814512191880646,0.0816623990447377
gaussian,400,313,0.38268343236509,0.25,37.8995634651649,53.4394704120424,39.9985974424982,62.1068185998845,61.6608891624851,19.9010007288805,27.651570222763,20.9481859396166,31.9743280820494,31.7520294888337,35.6894410561809,53.7741265464231,40.5238503783481,62.3833915739967,61.2652891630443,0.0491830582943936,0.0681797401156785,0.051496812347118,0.0777194606578756,0.0790821281519357,0.0489376661318877,0.0671167167232742,0.049027072247562,0.0781876905696326,0.0779170159148494,0.0480401420546977,0.0660738580513435,0.0488823081501545,0.0769315045917378,0.0759559837749096,0.0473742514816371,0.0668777374158813,0.0493010615257465,0.0781616744484175,0.0773465872886008,0.0482745341941092,0.0678915909801847,0.0511013449551004,0.0781484477420211,0.0779588072354838,0.0469119350923709,0.064300245080541,0.0466027699101145,0.0755927634618546,0.0768170117522834,0.0478100109333457,0.0670607016273733,0.0497637138485948,0.0780955935827862,0.0772379117639254
gaussian,400,314,0.38268343236509,0.25,44.4734765220335,33.7800577700909,18.0652945267001,49.0510720361235,49.2647227643298,23.1798339280855,17.8466383442792,10.0092123058992,25.4627931484649,25.5694618454763,42.4998763879779,34.2432162986245,18.2946561710417,49.31698810266,49.5800458577302,0.0573136894046081,0.0439006746300081,0.022958906387001,0.0637374503028945,0.0629191378058277,0.0564950451593949,0.0428193901017133,0.022816933777188,0.0624941879241959,0.061999658135513,0.0514659195262089,0.0390719870011273,0.0191043481622939,0.0607272371934136,0.0582168107411667,0.0562229743097513,0.0426750857058446,0.0223179330772216,0.0623041546958397,0.0623528360653832,0.0551780514117261,0.0413962813775038,0.0212377967615575,0.0611295981334797,0.0607060831028968,0.0474988915771054,0.0447240241640218,0.0242905610989191,0.0635887565913275,0.0633460067355793,0.0557470262187918,0.0421679921553781,0.0218374450500302,0.0617842570418123,0.0618182101008012
gaussian,400,315,0.38268343236509,0.25,44.4646284396492,50.339894811784,35.0334483769204,58.8105412183784,55.970730922129,23.1757129955129,26.1058835944031,18.4718809035356,30.3306420741576,28.9144068425824,41.4714127910215,50.4131697740177,35.3802430790035,58.6280813991997,55.0285766826435,0.0577629868631606,0.0654038232217124,0.0460241456864543,0.074549214120972,0.0724356629162995,0.052746565812148,0.0624521129548031,0.0441995411113288,0.0720847149010334,0.0658920909906869,0.0558925338064993,0.0632534090979978,0.0438818809628527,0.073639223088741,0.0707598003656374,0.0555144229190298,0.0625324613718216,0.0430035851736235,0.0735679715908308,0.0695401691910881,0.0558294591100143,0.0638416747545505,0.0450449782017336,0.073700075042893,0.0706093425070563,0.0552979375547621,0.0630480371961042,0.0434924351416594,0.0742162880212999,0.0681307985185763,0.055263979620382,0.0628455754061539,0.0435064281880243,0.0732521829758242,0.0696181545984031
gaussian,400,316,0.38268343236509,0.25,45.7454010005826,51.34084110795,37.7350546374782,49.8661538855566,60.0023549115421,23.8143147345724,26.6048433331511,19.8189445502466,25.8694865204192,30.9250370529022,43.5305108281121,51.8805585190588,38.4707531498666,49.8283676654128,59.5604462155153,0.0576020604622722,0.0666460172342327,0.0495289377213359,0.0644430141536657,0.0774084664335399,0.0579405681158238,0.0638314265275773,0.047045440971254,0.0607587268422827,0.0733865757503077,0.0565072578897026,0.0655407316136864,0.0489022425781042,0.0628240266361387,0.0740289155458386,0.0571982579674591,0.0644454513428648,0.0474772764353214,0.0626695924710603,0.0749113882997529,0.0567056269931551,0.0642658837093769,0.0470459161350628,0.0625698983797904,0.0746074880284959,0.055502523795384,0.0659204260903281,0.0491285612259077,0.0636081918158358,0.0761075288932396,0.0572799419109005,0.0645535489254563,0.0474586749057137,0.0624379935208065,0.0748954677649193
gaussian,400,317,0.38268343236509,0.25,41.7306388946519,47.8120458694371,33.6889890919782,55.8939507849971,54.5300001586903,21.8119518445057,24.845069932048,17.8013052700445,28.8759043631533,28.1958164929438,39.6185426617714,48.1277333447098,34.1606354348012,55.8198331427962,54.0006130433936,0.0501077344391751,0.0485217674402561,0.028354978366318,0.064684195139497,0.0662213989094221,0.0452659840209997,0.0579094084534553,0.0410439293234518,0.0670529516188503,0.0637724945636364,0.0525852565804043,0.0595419168882164,0.0414690738172546,0.0704637582336183,0.0676896959400093,0.0516489824688053,0.0599922334497887,0.042093934679151,0.070036076706795,0.0680225073174302,0.052272230098408,0.060665752538074,0.0429728324450777,0.0700325959714435,0.068344607931105,0.0543276793950426,0.0620038437778682,0.0445263527659729,0.0720010538167927,0.0696786612879584,0.0518519621898217,0.0593419097597496,0.041463144791094,0.0695227233655242,0.0673833817867438
gaussian,400,318,0.38268343236509,0.25,39.3405205774254,41.1788654650201,28.418446656296,46.2457364333653,51.7937163726565,20.6198978102208,21.536606902895,15.1723945034649,24.0637854422437,26.8308273778777,37.7170855397032,41.7291593241582,29.0813642292202,46.2625751169978,51.7784488912664,0.0516740576993734,0.0518555954436574,0.0337926936990943,0.0587247559051551,0.066333988404134,0.0423299355640049,0.0523161751646452,0.0374316649612265,0.0564281431530336,0.0628433264019788,0.0505388900221295,0.0516506069631182,0.03515325185055,0.0578819923343787,0.0652592453802425,0.0498471656173636,0.0517711005247079,0.0356649916247743,0.0578184515073501,0.0652329838856466,0.0502548555693594,0.0515004120858999,0.0354153357976869,0.058056949395359,0.0651707148737538,0.046984785132991,0.0530340588505902,0.0376159284347835,0.0596946789978568,0.065815806349144,0.0490024402700666,0.05176712045959,0.0356882432735384,0.0579353737933539,0.0648940239881447
gaussian,400,319,0.38268343236509,0.25,69.3593118652681,44.61747891477,21.9467927532097,66.9452156410577,66.9916138593462,35.591909955678,23.2517770812955,11.9448806435773,34.3876135205248,34.410903056926,66.2935472144879,45.2941723011553,22.4517416364958,67.0663222316284,66.9722485552588,0.0858836330734535,0.0561615030755915,0.0293956456737543,0.0800917010036998,0.0828129088533636,0.0856464042868831,0.0567582061667663,0.0289970796014858,0.0825165269361885,0.0839456610074329,0.0862865162970913,0.0567794785026875,0.0277265365122519,0.0851493608304598,0.0844167596052265,0.0867632916925953,0.0559375251252017,0.0273985371323492,0.0840935032454829,0.0839145659291525,0.0878669115082785,0.0563979993239355,0.0268352296348398,0.0850305642187457,0.0853668705560644,0.0890344045246727,0.0480536791581612,0.0142270232414756,0.0816195923423361,0.0822556422029356,0.0863140985879707,0.0555501222246299,0.0270121284278657,0.083683783090633,0.0834300171026921
gaussian,400,320,0.38268343236509,0.25,32.0884845296493,39.5131893787627,29.6709524916049,40.3071882393611,46.2392047608369,17.0031129348274,20.7058662997355,15.7970792401815,21.1019665171197,24.0605327153089,30.6329527671167,39.9653952481773,30.3037494670878,40.2574203083022,46.1144340698839,0.0396449192884911,0.0517501124961398,0.0381919044520012,0.0521071037028443,0.0598237456568079,0.0420238772386664,0.0508783300030376,0.0377851300690099,0.0527591978788443,0.0598510103548125,0.0399877232859471,0.0496214509954072,0.0370301700116057,0.0509160343679183,0.0586910869495476,0.0392840394119955,0.0499390982958564,0.0378660466847483,0.0505251365513165,0.0580638327550113,0.0394726530479107,0.0496907445971434,0.037532212159743,0.0502419960801248,0.0578366522022062,0.0397570070544977,0.0500360326745201,0.0372452754636259,0.0518165979954177,0.0576512319700105,0.0392627139900168,0.0496082014858487,0.0372466540947617,0.0504757497663953,0.0577683063547643
gaussian,400,321,0.38268343236509,0.25,34.1637601322648,51.5684459034894,40.9000658658711,52.415894893445,57.3061017943329,18.0379232318742,26.7183497000913,21.3975949246245,27.1411075088857,29.5800687848997,32.1353095969747,51.9189848328024,41.5623057816498,52.4894573694862,56.9149170785939,0.0290286554746367,0.0574923012184677,0.0481464879111383,0.0544129388205384,0.0582944043080621,0.0445468026271598,0.0665773231251317,0.0532006103131905,0.0670590078588456,0.0733917381788288,0.0419303326339001,0.0646460424107054,0.050422988124431,0.0658819197558169,0.072477890557704,0.0421646647275318,0.0644850808083732,0.0511615667015553,0.0654054366560211,0.0713551491253111,0.0424973203763121,0.0649673598730201,0.0507696944681155,0.0659512932441141,0.0723934551880012,0.0432876103425785,0.066226539349426,0.0510361225871275,0.0679732265584099,0.0740950177632863,0.0428080353245931,0.0649570418048006,0.0514120865796768,0.065777260806447,0.0719575206489999
gaussian,400,322,0.38268343236509,0.25,77.5963692322554,77.7111435030747,53.9475791614478,86.2421238857073,96.7876438188803,39.7000280872156,39.7570522071872,27.9050312794715,44.011974837282,49.2715102656042,74.8248845211748,78.6808719619054,54.8676310277017,86.2657599698986,97.05458113225,0.0992386291673038,0.0996211221699562,0.0690637298874218,0.10944689769879,0.123463405994819,0.0979442003445035,0.0974579463105281,0.0664287781304829,0.108073175101226,0.122325574060429,0.0948144323092463,0.0931783241236299,0.0644002422014945,0.103468034924902,0.116849583382237,0.0963189113200354,0.0970543414924561,0.0671774306372876,0.107548316615834,0.120762271248568,0.095287606185052,0.0977548321989675,0.068368316428753,0.107221560940113,0.120454009270604,0.099094584829911,0.0965011118908471,0.0637243524803675,0.10893468792297,0.122551686578519,0.0967487428608124,0.0972296650201857,0.0675405926749821,0.107667025589969,0.120933519159809
gaussian,400,323,0.38268343236509,0.25,29.3033307642294,43.5400688499028,33.7129199048648,49.0274730962693,54.7266680106913,15.6137875352521,22.7140163582833,17.8127701442006,25.4510563447373,28.2934241955434,27.6268166240718,44.1991848620539,34.6911255497185,49.2114731364268,54.6308279707712,0.0391079989223298,0.0569168253729685,0.0444472697301537,0.0613986321133818,0.0705293244223466,0.0386019285035117,0.0562168763261598,0.0436440314536276,0.0623682117264821,0.0698839573593632,0.0375439115972462,0.0557706765852223,0.0433913348349652,0.0621239790496088,0.069839173738101,0.0360299177032431,0.0554100417122181,0.0431026185294097,0.0615634505073814,0.068857484622665,0.0357668749410577,0.0546010635516769,0.0422469122247626,0.0612077021329202,0.0682117609116625,0.0374084195796211,0.0568099458940099,0.0444636530180267,0.0622826179184755,0.0702721667466211,0.036679243897272,0.0552873600419541,0.0428786376859037,0.0617999508814367,0.0690865037244128
gaussian,400,324,0.38268343236509,0.25,27.7010556055802,31.3152276015675,22.8732210027009,29.0422820774534,34.9258945147287,14.8146642667812,16.6172331221444,12.4068276793825,15.4836019531024,18.4181558420209,26.7837596434112,31.6104355001907,23.1633713446487,28.9972007351555,34.7430237242478,0.0350092401936469,0.0373020793492383,0.02239861621368,0.038314488370785,0.0460162150663416,0.0344709532158891,0.0404461722005644,0.0299338087416191,0.0376559877056956,0.0450513728625901,0.0346320807253581,0.0388064805468548,0.0280368247362944,0.0360425224376433,0.0431474597192254,0.0341224455624843,0.0387726324759394,0.0282939403288477,0.0358947756697653,0.0429014604085943,0.0346856110779035,0.0386340982624145,0.0283764252016565,0.035592035577341,0.043367162686796,0.0281527335859701,0.0353706222739512,0.0268785733488746,0.0306964494307454,0.0348039305736795,0.0346606298140621,0.0389863802832868,0.0283327488659239,0.0362438398632676,0.0433630502999443
gaussian,400,325,0.38268343236509,0.25,32.9348820012521,30.2361637906655,19.6104622161441,34.0023192375896,38.9860563687209,17.4253668628417,16.0789694584556,10.7794230370371,17.9573666479026,20.4430793204853,30.9714471156913,30.6013485744807,20.0416887640086,34.0407164764652,38.7993034508868,0.0321248163694188,0.0342367285488807,0.0246566679129322,0.0301535462720486,0.0394234753559611,0.0371258065977351,0.0398763635088498,0.0268263415475446,0.0432685667952967,0.0492836170414672,0.0400125884450329,0.0374245746611408,0.0251655755888526,0.0412375466008014,0.0480892263379146,0.0407695934566768,0.0374714144386337,0.0239047457990156,0.0426768795067279,0.0484019802651947,0.0413577012565435,0.0377676373276075,0.0238038909712663,0.0436639545369016,0.0491534602170405,0.0370887617171445,0.0364033606297384,0.0226900261664884,0.0412533778513423,0.0455558360361336,0.0403563121223752,0.0379584466615892,0.0246341680081072,0.042516199175211,0.0486535000905696
gaussian,400,326,0.38268343236509,0.25,35.6409846483298,33.2730689475385,21.3965087499481,39.9504557529453,47.8418049323255,18.7745602344554,17.5934972764461,11.670159471063,20.9238768559199,24.8596210669897,34.6386510523286,34.0191231777459,22.1123909034449,40.1592268572194,48.3669736238276,0.0470152129568123,0.0424404998657818,0.0280681804218223,0.0508689606859949,0.0609284497414633,0.0442389342604052,0.042123367055719,0.0270754078229885,0.050707517446699,0.0599188134552901,0.0453494185888436,0.041785438582346,0.0268495001706443,0.0494217375081069,0.0602036002781552,0.0445559742753298,0.0415785444583001,0.0266879219645592,0.0496187681293793,0.0598452607143072,0.0442358885758462,0.0425339030313302,0.0275683337649341,0.0503397079359413,0.0604700231779874,0.044749146707772,0.0402829500229354,0.0258366585664904,0.0474396180014298,0.0571743808876315,0.0450839928361451,0.042032834462969,0.0268500191205008,0.0504429026020879,0.0604589315484039
gaussian,400,327,0.38268343236509,0.25,39.8830309372326,42.42004572208,28.4962501561701,52.4881041421285,55.3548773749454,20.8905742212513,22.1556083135311,15.2111824991635,27.1771495784621,28.6068799166729,37.4299608778055,42.8864806646374,29.1945359050946,52.5367105007118,55.0608957817646,0.0521271879523097,0.0482014478479984,0.0259455053624465,0.067978100394003,0.0696768076645106,0.0508788849153279,0.0523346136905702,0.0345289523171044,0.0653159823682714,0.0696182922711788,0.0497141036565299,0.0523016021854679,0.0350023479474675,0.0641309355106781,0.0684683458910262,0.0503569284729936,0.0536753400370976,0.0359354135309448,0.0662214041411505,0.070025528736153,0.0493520920022677,0.0535300765562449,0.0356381204780208,0.0657205942229036,0.0696680765605865,0.0457999659539519,0.0549122908060342,0.0379897657944956,0.066997514701416,0.069561711103509,0.04926562332537,0.0532448439120694,0.0357641429477999,0.0656231219342245,0.0692857104069101
gaussian,400,328,0.38268343236509,0.25,41.422515217791,64.7311330286405,53.0773097038622,61.1243625104357,67.2781463238246,21.6583594135706,33.2832681908306,27.4709570111884,31.4845593158882,34.5537880140679,38.7995688410403,64.989331984136,53.8293941364429,61.0307142994895,66.3307314900451,0.0542044266973012,0.0719209414652739,0.0514018543769918,0.0719510171053365,0.082671572589828,0.0497102385052943,0.0804402544071974,0.0651723818253695,0.0765714916204135,0.0828276099676264,0.0516380533809206,0.0815051732092599,0.066520475325248,0.0773841418001789,0.0854196728706914,0.0513424671028731,0.0811291295348974,0.0668678184246727,0.0761493712247328,0.0836574291443973,0.0518027095486895,0.0817884605421779,0.0664622307949687,0.0764769300156201,0.0847737968007561,0.0528589201900654,0.0810935790010993,0.0648253470775404,0.0763532233196766,0.084572464700651,0.0514608168692708,0.0810985964044538,0.0664189087555171,0.0762904999746568,0.0839144785538503
gaussian,400,329,0.38268343236509,0.25,38.049789260236,23.9655257783092,12.0144017972048,32.4543632834589,37.1992582040714,19.9761481046713,12.9515277433719,6.99089414528685,17.185332169542,19.5519012704542,37.8357164016792,24.6608511070834,12.4662928947627,32.5057350916275,37.7774006407241,0.0483689868902795,0.0248160408495631,0.00975472698140813,0.0319663780013819,0.044466055845364,0.047115215285406,0.0289844066099285,0.014631501382419,0.0390111552533067,0.0456342039203263,0.0481129718860521,0.0303833495544547,0.0152461461322675,0.0407464488352145,0.0472002675898735,0.0473599825034354,0.0299271111690217,0.0149759757913376,0.0403687050758089,0.0462008250682145,0.0480788916074683,0.0311265404181146,0.0161162098471657,0.0416336522876153,0.0475233502606899,0.047736922981296,0.0309591490919514,0.0162780413883788,0.0415871136548367,0.0469994336956373,0.0475596408910419,0.0298601822766967,0.0148952159889039,0.0407081803310255,0.046343926844763
gaussian,400,330,0.38268343236509,0.25,48.3994883415434,32.8825934174663,15.2144720317067,54.6213553025738,55.0840964748268,25.1378392048678,17.3989007527327,8.58718330090599,28.2409853503749,28.4717018085163,46.2423302164394,33.5694716602357,15.778337293404,54.8726725190611,55.638277708214,0.0608010819636521,0.0428940446826572,0.0202874058094572,0.0707177592900001,0.0712911346340146,0.0626737436330975,0.0432154693507781,0.0211303481810973,0.0697619340595788,0.0707896300397769,0.0608865416646899,0.0376752217541666,0.0138379820710814,0.0681366297776694,0.0673873563036275,0.0612120356867201,0.0410522575502945,0.0181109037859294,0.0688730985558528,0.0695034000064631,0.0613815674213566,0.0420615461380117,0.018922535080241,0.0693949543495554,0.0703991328794771,0.060139501710654,0.0391396783208618,0.0152771942298998,0.0685020614390191,0.069143304823045,0.0609300373486458,0.0412703840814813,0.0186295308426623,0.0687398036950577,0.0694346538503065
gaussian,400,331,0.38268343236509,0.25,57.675323492215,64.5611250364651,46.6571788938531,71.0647956924505,82.372397642325,29.7641892512392,33.1983511433192,24.2688570723981,36.4421399969939,42.0817188029899,56.7601305429875,65.6596180803263,47.5209112894315,71.2834907371629,83.1991037536762,0.0745587734480128,0.0826971737260752,0.0588466491652061,0.0912899233615129,0.105219837414964,0.071023971951816,0.0775405066974542,0.0537997059267495,0.0869661152007608,0.101402378759992,0.072449389706561,0.0820549839815674,0.0589832250197339,0.0906628854354269,0.104772048158857,0.072241261448923,0.0806528146998505,0.0579107639296956,0.0889656767542253,0.103315662839024,0.0717747644243213,0.0807563502436635,0.0583086065031848,0.0893145530926229,0.103098729837549,0.0696759153540287,0.0815467860394439,0.0590314748510909,0.0908484950851489,0.104082421084574,0.0723549658322191,0.0810492232594667,0.0585374499589921,0.0889415419853404,0.103368613485268
gaussian,400,332,0.38268343236509,0.25,68.8911314389945,74.3735257802648,56.8179159530753,64.6481749767571,83.1072434068817,35.358131138749,38.0925100876405,29.3366635449329,33.2420450501377,42.4485330043562,70.699658040966,75.7780832054456,57.4906050816064,64.5577210004651,84.709925464152,0.072255962324391,0.0848630791710024,0.0677214429302914,0.0711297995301009,0.0863356936449925,0.0838435710925147,0.0911150554491018,0.0695229498956553,0.0796484247932874,0.102210110171723,0.0881823736172672,0.094576982944399,0.0720959504475719,0.0823553378974224,0.105769535839199,0.0867181935511079,0.0922368075571209,0.0698162464962935,0.0806056304316775,0.103457602975476,0.0868105161823424,0.0929897016119304,0.0707355833514742,0.080254479517275,0.103343314044608,0.0863481027248732,0.0938795733130032,0.0706597815949428,0.0778035604603996,0.10400394491996,0.0864013831234839,0.0931654152322182,0.071205959553782,0.0807719848775885,0.103947151876604
gaussian,400,333,0.38268343236509,0.25,29.3096794578193,47.130452312684,39.0413349499307,40.4071267106728,46.5456937621885,15.6170697738211,24.5050354961965,20.4706694538405,21.1518123784487,24.2134907127997,27.6479906002829,47.3389140941957,39.4370467554096,40.3581918162992,46.2192587192984,0.039039173242873,0.0593201319335774,0.0490688677907038,0.0519034759148014,0.0596861408171126,0.038618010347447,0.0597267510391963,0.0481988351946954,0.0517996974288085,0.0600690334699115,0.0361387126962579,0.0590779379625333,0.048683143040396,0.0506791235567601,0.0582045377506974,0.0362988631433289,0.0585950199161656,0.048121204389134,0.0503202513515389,0.0578681804395328,0.0358776769992665,0.0586577578180498,0.0489139699109549,0.0500276652743001,0.0574351589367531,0.0381042733475989,0.0580971198506601,0.0479922219665232,0.0505551378821358,0.0576611163998398,0.0363134011980923,0.0588357090324635,0.048617833391322,0.0502695735758768,0.0578037257712966
gaussian,400,334,0.38268343236509,0.25,45.1745177545027,56.1956230608523,43.2896548687503,50.8634495780673,59.4030059513009,23.5297157412499,29.0262882029544,22.5894502279924,26.3669130429704,30.6261678337158,43.3451703258611,56.6321546462801,43.6909713050496,50.8055840139643,59.2496430008907,0.0550926523575006,0.0727016955118713,0.0553058559679647,0.0659581797857268,0.0761021521634999,0.0557186052480117,0.0708403034309917,0.0546016660997342,0.0641406824315072,0.0742127720527503,0.0533617546912725,0.0675174168276032,0.0524220834818683,0.0608691599142636,0.0713262331444109,0.0562096543194044,0.0701937468473313,0.0537891400387144,0.0634331497386357,0.07420418324996,0.0554719886701591,0.0698730456971033,0.0540435287176847,0.0623540254159442,0.0728992902236801,0.0544231785855515,0.070860067203753,0.0544115536612851,0.064371006183249,0.0736355647457232,0.0558686537150762,0.0701976485183559,0.0540904079208665,0.0634125147086293,0.0737902948999016
gaussian,400,335,0.38268343236509,0.25,35.6126360975938,24.0742469840629,13.1179414978295,28.735540692868,36.7761156064043,18.7603377829194,13.0056946051682,7.54119517806175,15.3305943494847,19.3408128190937,35.836079486759,24.8658506460741,13.7077286403068,28.7309600989585,37.6308599341113,0.0391540139149128,0.0325904677535068,0.0174967175578012,0.0365386810490273,0.046867777121496,0.0459729858204313,0.0283904146369392,0.0139905085162096,0.0356470949013044,0.0449229568472385,0.0449879812252362,0.0275566555587112,0.0140499762890793,0.0326751260128128,0.0429451189795909,0.0451550029774376,0.0306574786813651,0.016931252088662,0.0364708060859463,0.0464465829342191,0.0454494462986723,0.030745763607182,0.017355049348452,0.0359075303676632,0.0460838043788439,0.0454312922815513,0.0284583612112922,0.013381383518687,0.0356143457561797,0.0455017363646765,0.0453571698427715,0.0302250240819413,0.0166330854179943,0.0359280942224156,0.0461181959986553
gaussian,400,336,0.38268343236509,0.25,79.9850068887154,94.0885521934835,69.3834177210306,106.440415230326,110.948901314722,40.8914781136581,47.9252325775224,35.6036146034218,54.0858522545978,56.3345933224828,76.3086673509108,94.8086216195423,70.4442774162762,106.491237552022,109.704626492292,0.100509205173047,0.118200921134782,0.083690745153993,0.135549095452644,0.140888093990556,0.0986850080586855,0.117894183432286,0.0871170077525819,0.13219605195082,0.138271361753543,0.0978693255790162,0.118649519770044,0.087706463482391,0.132784821583875,0.138588125499924,0.0997002323570543,0.118272892160396,0.0870024062985226,0.133800662751511,0.139010673993501,0.0990769921362229,0.118210898471638,0.0873183727723978,0.133450855791416,0.13819858616886,0.0983459658564146,0.113650591624636,0.0833114488863416,0.128204192333023,0.133995175235109,0.0998896823169141,0.118154781200437,0.0871224893590233,0.133358151900209,0.138806894324041
gaussian,400,337,0.38268343236509,0.25,29.0196776336555,28.8538314909663,20.5277792272235,25.1666651410118,32.2455694048461,15.472225043196,15.389738399887,11.2372327246441,13.5506568963799,17.0812893148148,29.2141072632414,29.2017480585488,20.5591113617737,25.0973496374152,32.8073740885906,0.0387438227236215,0.0363300051906423,0.0255392398228916,0.033074538431188,0.0412271236329793,0.0367087327491037,0.033298646779643,0.0219220829409032,0.0311717252215697,0.0389373668629852,0.0373755450342511,0.0347045759385785,0.0234383283916549,0.0315683924918133,0.0402367517998048,0.0363622207819065,0.0355112273215501,0.0249260877084364,0.0313245191676953,0.0400306343366835,0.036658773643111,0.0362297402189802,0.0257301365447133,0.0317372937233478,0.0403099280153384,0.0360504166562898,0.0376941457758403,0.0277121372535861,0.0322001895694286,0.0409837473673136,0.0365502070013775,0.0359541573654145,0.0252345617875742,0.0316436552390824,0.0404450899401336
gaussian,400,338,0.38268343236509,0.25,56.6965561958272,48.9620017990319,30.9051141034717,57.7189074239487,65.7371687140715,29.2759535389768,25.4185465470636,16.4128848520275,29.7859046203174,33.7850240523929,55.6833369401397,49.8036948845916,31.3986169232489,57.9118739802187,66.6352765281047,0.0668737732346934,0.0635086108871435,0.038598413100658,0.07464088351541,0.0845925921211198,0.0715933736632205,0.061141815797948,0.0380656808635424,0.0728623980143932,0.082345908967082,0.0684088430128447,0.0598080958498819,0.0378112142725816,0.0707470516880359,0.0802433359492754,0.0713833258784439,0.061599361505911,0.0386556093166334,0.0726983519873007,0.0826304286098244,0.0705065275673815,0.0601154615563982,0.0376677521735843,0.0718497624324528,0.0815285358072064,0.0717895934144929,0.0636207906944743,0.0409920844502171,0.0745035793651607,0.0843150145649263,0.0713536743550442,0.0613156678704987,0.0383373764217042,0.0724423799173428,0.0825366435775133
gaussian,400,339,0.38268343236509,0.25,59.7540307230625,41.7671217553503,23.6259572863429,50.9610257801022,58.9621757707996,30.8010747573155,21.8300782806093,12.7821738641735,26.4155380996229,30.406220205593,60.0239444215399,42.8076822584843,24.2185967039258,50.9847911669252,59.9637983341969,0.076918252138643,0.0525626387020599,0.0306100832860946,0.0637865664648776,0.075616011109775,0.0743173096657088,0.0509218988363419,0.0276900829621832,0.0636302290636305,0.0711284618155159,0.0744970479892345,0.0503197897804493,0.0274130281517331,0.0624924230234604,0.0730330478797142,0.0749114930267719,0.0524370956216623,0.0295679538675583,0.063937928579389,0.0736878581592815,0.0750906834530659,0.0513008261195677,0.0285337857769481,0.0633491738188112,0.0731370061306438,0.0689365004364304,0.0502368695768869,0.0304592684660262,0.0589712481232585,0.0672102007465952,0.0746037452930222,0.052420749715647,0.0296906253024954,0.0639183810462099,0.0736042446163691
gaussian,400,340,0.38268343236509,0.25,64.8447070884109,64.2233227781176,43.4478523979473,75.4291260335622,78.7170823613598,33.3402658959857,33.0301364207816,22.6684809249972,38.6190375513348,40.2589537806791,62.2788435331622,64.9025346134612,44.1434671669449,75.4006981101661,78.7270353441844,0.0835518707019365,0.0719640623873285,0.0352226525914509,0.0963070740561708,0.0980915636031775,0.0816754097100641,0.0803783558201388,0.0539384832612453,0.0951235350091272,0.0976235173311978,0.0799406826993378,0.0783942875357664,0.0527085746429004,0.0929309679278817,0.0963047182066618,0.0809607908687523,0.0800663307702907,0.05346978365255,0.0943961901632323,0.0986130772222741,0.0814016396671721,0.0806009580315403,0.0545032777589478,0.0940576520874421,0.0990522553654177,0.0781064782141008,0.0825442839124877,0.0564629671226709,0.0950775071351676,0.0994825925747618,0.0801979377218107,0.0803217254348995,0.0542102676610934,0.0943382139744473,0.0981874096193767
gaussian,400,341,0.38268343236509,0.25,50.7317649148131,38.515209473049,22.7405201782551,44.9886149578897,51.1176420329659,26.3012209533286,20.2083152485493,12.3407955225152,23.4368123865538,26.4937371387265,49.7108161385884,39.142907201089,23.0502816225483,45.0025379838529,51.7426501011406,0.0633672270167168,0.0390752483743676,0.0156674919974716,0.0535757398559274,0.0596955508437762,0.059668892638012,0.0476478432835963,0.0292443498970535,0.0559812440508469,0.0625680549350769,0.0638206709417282,0.0483138411715848,0.0277253871171018,0.0566605646839648,0.0640834955167504,0.0635527372134339,0.048005151745781,0.0280806876423186,0.0559942843272275,0.0638076744021845,0.0638687088709121,0.0479949641592892,0.027614042986078,0.0567557410685416,0.0640436180101889,0.065752389244785,0.0505175219317633,0.0309209856654729,0.058644967614561,0.0662885832313524,0.0631948403252848,0.0477075100283472,0.0277623761405509,0.0560893495181734,0.0635529736594107
gaussian,400,342,0.38268343236509,0.25,30.1691167085952,34.4431428344898,24.9951275809064,32.621425551086,42.8587126056813,16.0452417937938,18.1770784835466,13.4649483204065,17.2685672046672,22.3743426630459,29.5435695844076,35.0000413126103,25.5125961409312,32.7699121540076,43.2869820987182,0.0401507857303193,0.0438516304980076,0.0323339206083021,0.0425933745310913,0.0538760452480332,0.0387805763342042,0.0420947576464485,0.028853631133112,0.0393124801820662,0.0536687754136341,0.0382077123606445,0.043404457203243,0.0310878906123227,0.0406527699864137,0.054368622026338,0.0383472555713636,0.0433612413260909,0.0313426882115771,0.0406439360080521,0.0538159577429962,0.0380883049066304,0.0435338055537079,0.0317150060838961,0.0404596475965324,0.053818520655274,0.0365387915486907,0.0449679038605545,0.0333512080228634,0.0404956349282116,0.0540318457237742,0.0384103996215053,0.0435623401175748,0.0316666437537141,0.0411007080692766,0.0540132578646574
gaussian,400,343,0.38268343236509,0.25,38.997640579015,47.6947875574421,36.6958291898167,40.7353172317509,49.0922419361782,20.4487921344844,24.7866038575243,19.300898393763,21.3156251503972,25.4836666989998,38.0075037943106,48.0471030506699,36.9268197263478,40.503338298599,49.2306651910937,0.05112481747245,0.0581105967192585,0.0404193245029879,0.0531618186708091,0.0612819037108127,0.0496649078674865,0.0602790769253496,0.0466186485351418,0.0521075691485737,0.0622893322158358,0.0499078498123563,0.0602806512223579,0.0461251021519114,0.0517929856309602,0.0621586268783063,0.0489711205333525,0.0590459255590868,0.045317865146307,0.0502782376709395,0.0606547571005991,0.0485701826617809,0.059964146546229,0.045921413236271,0.0511532668369669,0.0613585506510117,0.0494205872776849,0.0602486474468558,0.0449992882944674,0.0506275765953672,0.061028176157861,0.0488018895018043,0.0595783560832355,0.04564309337878,0.0509114715885024,0.0612218231561825
gaussian,400,344,0.38268343236509,0.25,41.2816934137213,47.3327199490587,35.6490217025274,41.9476059239046,54.2470037906605,21.5880061308504,24.6058607021293,18.7786636975729,21.9200982823345,28.054359346863,39.9798036727152,47.875291499971,36.1097851841393,41.9343513615318,54.6107430926715,0.0535729389613866,0.0502198792625186,0.0326844616134384,0.051662478467278,0.0648585309690362,0.05354048570611,0.0578238518657682,0.0418376707496283,0.0524224270120618,0.0686505521559891,0.0526384758604464,0.0594774914587145,0.0444489494791356,0.0529563748426975,0.069062069151301,0.0521531078303019,0.0591578981868782,0.0443337721588867,0.0524099604225431,0.0680766065478016,0.0516099240452112,0.0602011184607509,0.0447755063536143,0.0536440123534152,0.0691244152543231,0.0534817138090018,0.0601752811973986,0.0448474536558731,0.0547579615689918,0.069852982559724,0.0514245175528706,0.0593206280045785,0.0447030502698969,0.0523751302606599,0.0678839374444656
gaussian,400,345,0.38268343236509,0.25,32.6536509795049,41.2176053599221,32.109725529705,37.0868306255224,45.6848905937954,17.2849921321328,21.5560032381359,17.0135856381866,19.4956949906221,23.7840757976149,30.886354533585,41.5063746320652,32.4166921300996,37.1904385841208,45.4930162773932,0.0385871293033175,0.0482785967892522,0.0358837041350455,0.0450353249530646,0.0541434042715925,0.0367801062430247,0.0488090056086818,0.0388589236694101,0.0442505900545181,0.0537409931707572,0.0396937926095704,0.051957793711724,0.0407628911861435,0.0468499907892076,0.0566767717722211,0.0410587065756872,0.0519131806635499,0.0399002777650332,0.0470551324655683,0.0577352349252892,0.0385285334733831,0.0497166112839501,0.0390942847415035,0.0438985158074587,0.0545350082846209,0.0426786628371305,0.0514022558394942,0.0395248065721696,0.0478091756446668,0.0582266824777961,0.0406000298947074,0.0514018867597233,0.0397414735139674,0.0464874069131342,0.0570605866744931
gaussian,400,346,0.38268343236509,0.25,61.1730472715781,69.718116592796,51.855818505646,69.6586043696684,79.9149958524726,31.5088563692575,35.7705831997387,26.861830081808,35.7409584637191,40.8564054796643,58.8345308251389,70.4367386510816,52.5690508216321,69.6489499506576,79.964621162407,0.0774793017299537,0.0891424876422238,0.0672848100550431,0.0894854294430796,0.101781457763666,0.074716110048932,0.0855263420352575,0.0633723049616378,0.0858605101816007,0.0972858963938761,0.0757876814286104,0.0881013912197383,0.0657533334550157,0.0879798240306686,0.100303493422153,0.0767272210921888,0.08736576612788,0.0647280008315251,0.0874410365961743,0.100176283365376,0.0760328146819339,0.0867116959078387,0.0643825061409389,0.0864040963698993,0.0991229050333246,0.0720466149828366,0.0853812066094479,0.0647231701240742,0.0858537433256058,0.0984414531209898,0.0762335208980312,0.0874446708538887,0.065024301182212,0.0872451446898385,0.0998874081088538
gaussian,400,347,0.38268343236509,0.25,71.286933319988,63.4677952591707,42.0032877883629,68.0354431885735,82.5816100451024,36.5531649979654,32.6531894375962,21.947877724254,34.9312851570273,42.1861975544728,68.1341934858985,64.1358921497003,42.6361961001124,68.217868276365,82.4494207631332,0.0916082531193913,0.0803586369956096,0.0535602160334788,0.0865808542221579,0.104662537290749,0.0850448054352296,0.0773756734203787,0.050118766756386,0.0821918169945825,0.100995991022796,0.0882924286394005,0.0785622277541221,0.0513551394741439,0.0832489755868363,0.102133308440845,0.0894229525837521,0.0794729693941722,0.0524983556749234,0.085175140214948,0.103501902199317,0.0867861964777541,0.0782334674927136,0.0513442849166509,0.0835837095382427,0.101985327574707,0.0886379565823931,0.0815465752260583,0.0535933638142706,0.0874015782804335,0.105558481292174,0.0889552427396158,0.0797158908821905,0.0525934281358976,0.0853821845301423,0.103637755536722
gaussian,400,348,0.38268343236509,0.25,59.2741073401065,53.0692479396877,35.1857184156337,56.5518363577067,68.0333493047255,30.5617651558052,27.4670612382682,18.5477955974338,29.2039677917545,34.9302472358461,57.1658751708608,53.6724510924262,35.6396089814854,56.5176047347159,68.5913941710193,0.0709382755362898,0.068764921561962,0.0462418660616836,0.0718314631912672,0.0873463720677879,0.0716301707357387,0.0630481312552146,0.0410762839124604,0.0677482248051741,0.0818549750571108,0.0701301919520542,0.0655799272036976,0.0426341363500745,0.0691116862886793,0.0839987425071637,0.0748239871449905,0.066200984636964,0.043698800867346,0.0708255824110665,0.085504533881041,0.0742811228946945,0.0678728572833096,0.0454249206811078,0.071966744188121,0.0865915860811411,0.0662261577159807,0.054998462220204,0.0344179728422194,0.0587981915739745,0.0733823799556858,0.0740963187299433,0.0664724096835269,0.0438018637521592,0.0708831865335831,0.0853936047247451
gaussian,400,349,0.38268343236509,0.25,40.3850289692234,56.0026232620362,45.2581504400458,45.8358699950173,56.4812952795202,21.1407407778465,28.9300932914024,23.5714104226832,23.8594385024606,29.1688117710024,38.8151919627186,56.2426737574973,45.5077347358558,45.7277475015153,56.4360755253142,0.0512074603626674,0.0637450978548445,0.0485850589404935,0.0532322851135281,0.0663722250628465,0.0517752277126326,0.0724228368231591,0.0588482573935264,0.059726043887622,0.0728603337401746,0.0500021745337715,0.0701674268034441,0.0566822595491086,0.058008500731778,0.0707020358913978,0.0503902884989727,0.0695286077129314,0.0559281271810705,0.0567721429697007,0.0699953691115146,0.0484682850793588,0.0685947490559747,0.0555051100428643,0.0548010818423298,0.0687330086552581,0.0489564360943782,0.0705861098352801,0.0579225882492246,0.0571983461659823,0.0718000857731537,0.0503882798594481,0.069553674210439,0.0558519222949283,0.0569398339751542,0.070155071568244
gaussian,400,350,0.38268343236509,0.25,51.3884201321379,68.7887405770687,54.0886674227875,65.7035366412455,73.815679791107,26.6290088725524,35.3070827703433,27.9755125127488,33.7683974319192,37.8143495816333,48.2028911472259,69.0501656206911,54.5787788878479,65.6508495280283,73.1762319453014,0.06603268230525,0.0868405835204578,0.0673275529590226,0.0840992926004198,0.093154154269182,0.0654526057580225,0.0874175558525554,0.0692242165077912,0.083339170792863,0.0930168313774204,0.0655937034058487,0.0853529972882687,0.0650445821771081,0.0832579526885566,0.0932961292045586,0.0630188966640843,0.0863261481508559,0.0678022377470434,0.0818680795440903,0.0921753129994697,0.065224313173738,0.0856862214344429,0.0661787752720935,0.0820475896239801,0.0929249080200272,0.0652801679194302,0.087560225524975,0.0689765203258803,0.0832013883389195,0.0928426571275558,0.0633632039707844,0.0858335023490069,0.0672932549860296,0.0819007537393226,0.0918932618974274
gaussian,400,351,0.38268343236509,0.25,61.4042844107357,72.8925783886162,54.7498492792594,71.6505757309035,81.2122450221516,31.6241930922545,37.3539062166128,28.3053413356179,36.7344632828276,41.5033348522233,59.3720383199399,73.4989668027015,55.1991724642784,71.6320715667442,81.4754710402538,0.0758133295750548,0.0933221893886093,0.0706079397716739,0.0883137956670946,0.102137185349346,0.0739375916393841,0.0925561648436197,0.0695641058772016,0.0912950874819627,0.102590433110447,0.0767150195760256,0.0921535714543354,0.069294528652832,0.0902070177400451,0.102060188301351,0.0764626750901425,0.0912212925499086,0.0686263583751171,0.0894254052171364,0.101310492317167,0.0746960256186574,0.0889035363673044,0.0663424283724373,0.0878335461763959,0.0993846325868459,0.0785386702573498,0.0899192285542676,0.0677060588747111,0.087371449543899,0.101849787424199,0.0767269670042284,0.0910950465399564,0.0681150919295422,0.0896202016485739,0.101510578577749
gaussian,400,352,0.38268343236509,0.25,50.6222365324592,73.3687538926722,58.1987110372613,77.2871884035009,77.2230381544441,26.246754955364,37.5914530740033,30.0256667918313,39.5456317414809,39.5138410428566,47.5412040436017,73.5207844521843,58.6099325053926,77.3887071532032,76.4908778320378,0.062549167887277,0.0938489737281829,0.074198870500956,0.0990122370926706,0.099027671263418,0.0610890801013913,0.0925212087653235,0.0723736289353294,0.0960326659197667,0.0971679918495226,0.0634686493728738,0.0930093033056481,0.0733661609050761,0.0974272096402578,0.0973281886228419,0.0634803055609016,0.0919409269938196,0.0722558343854991,0.097140260652742,0.0968873168792873,0.0631464527276038,0.0917600045171829,0.0721352236003185,0.0970887473425183,0.0966400953994145,0.058566525217614,0.0914816043545156,0.0729169094443811,0.0973921947321157,0.0947237638079536,0.0628537744090516,0.0915278359538541,0.0720273103512949,0.0966774490512144,0.0962559110740517
gaussian,400,353,0.38268343236509,0.25,47.853158702124,71.5580114119598,58.5318240847553,68.8536839407838,73.6973265526363,24.8655106104517,36.6883656689053,30.1918085176613,35.3395173426423,37.7553061055532,45.4195341410966,71.7151918732842,58.835713210732,68.8033931360734,73.2191710956224,0.0529845378630929,0.090349106378859,0.075318836551748,0.0840963915386188,0.0906971320174291,0.0562308229666268,0.0901222083959183,0.0737720066590166,0.0849250124873635,0.0912970244386333,0.0612711250011783,0.0914445239493009,0.0752508997423207,0.087407853954712,0.0934573602472215,0.0597613034624863,0.0897369118996354,0.0730815905255428,0.0861572813327036,0.0922920497106525,0.0593508903243179,0.0888415754302992,0.0715132864312311,0.0862332472595403,0.0919552850344386,0.0614828771252667,0.0852397760343488,0.0672400295729312,0.0836690525394611,0.0904852298751133,0.0598115356860117,0.0890673916011617,0.0721596831425769,0.0859527941399857,0.0918840004833061
gaussian,400,354,0.38268343236509,0.25,49.0837701688267,54.6501568817848,38.8729571117445,57.7231908157288,64.6062896460147,25.4792180000572,28.2553615077544,20.3864629390801,29.7881788000997,33.2212326025529,46.9424931670234,55.3088132853657,39.645624797572,57.7131032642634,64.479773006884,0.061998006545687,0.0675309462159823,0.0495847189925014,0.0687001479733659,0.0782144794795096,0.0624544108533672,0.0696845624620738,0.0486645730359671,0.0731940865669179,0.0820625215112689,0.0592911941706074,0.0672173545979276,0.0482506338960716,0.0698907846577643,0.078621452102864,0.0611724344188962,0.0685730372802017,0.0489692316049547,0.0720437707523982,0.0804553558280412,0.0613516268250159,0.0685043688131065,0.048375666854427,0.0724003360942293,0.0809378586734561,0.0605285461975731,0.0706818351151348,0.0510740921956103,0.0740882470113243,0.0825483928578536,0.061667770292892,0.0687574565090117,0.0490189834675772,0.0723399238900616,0.0807574854469699
gaussian,400,355,0.38268343236509,0.25,52.345699108021,52.5536670476484,35.8317636729676,58.38192635667,63.7462660250536,27.1063255819255,27.2098956133934,18.8699460083668,30.1167567375661,32.7922524937459,49.4190274533493,52.9559954458008,36.3233334910555,58.3298693452576,63.5364265512641,0.0661305895699521,0.0635206725314439,0.0438513143124443,0.0712189481627147,0.0787619970576173,0.0640099749255134,0.0667609804483067,0.0453626923406749,0.0749103311360568,0.0803400446665542,0.0655705362511698,0.065399444103719,0.0441369607124051,0.0726586004696845,0.0791216164914759,0.0646012301711046,0.0650013728537285,0.0435658028156324,0.0729068367752293,0.0787966334538078,0.0660280534119982,0.0655804778257492,0.0447352807795641,0.0728896116564008,0.0792991611109344,0.0677131353614635,0.067371589235714,0.0466779170524199,0.072684119636375,0.0802692207117277,0.0650408434743167,0.0656040590343711,0.0445168330193886,0.0728973465012102,0.0794622380776321
gaussian,400,356,0.38268343236509,0.25,43.1747643166165,36.6300023345509,20.9294467096548,52.4182891712119,48.2279857429087,22.5323801588468,19.2680988051714,11.4376155478496,27.1424049680631,25.0525235434192,40.1897487830488,36.7493018613368,21.1272951270004,52.4006635964028,47.8150245092652,0.0506615251984762,0.0482558509729359,0.0285746197779569,0.0680226918579192,0.0627788136500766,0.0535882464479923,0.0470045178875996,0.0273048356859267,0.0654052703412904,0.060446810719076,0.0531245203358566,0.0462616654131865,0.0255415155881299,0.0664916413641967,0.0613247789296703,0.054182753043777,0.0458300724457739,0.0257920248656457,0.0658128285386747,0.060468376572554,0.0541760940802926,0.0454020426713305,0.0252646158090301,0.065637576446042,0.059936693305875,0.0559490679060935,0.0443161493002231,0.0215003345682513,0.0670784568812767,0.0618724665173604,0.0533616979441262,0.0453848052708918,0.0252685089296228,0.0654389158055069,0.0601558823202117
gaussian,400,357,0.38268343236509,0.25,35.2739035163088,54.0344055052392,43.4336115523083,52.0084401394173,55.6307209156103,18.591823757624,27.9483588869389,22.6612885769735,26.9379947536695,28.7446429647395,33.0820438332403,54.2305124347029,43.8473568819737,51.9384044829641,55.1112569074739,0.0399731682670457,0.050089560673148,0.0367144471653399,0.0538442164371395,0.0531944493500755,0.0418048483162608,0.0688094657536548,0.0563440416785399,0.0647155468962868,0.0685351198497497,0.0447895828621879,0.0673256856629536,0.0543541276381909,0.0647377593905102,0.0694104762558775,0.0438491448692641,0.0669111480542705,0.0536246594130114,0.0643133869666364,0.068748556369287,0.0441463333831731,0.0682756894372401,0.0549057914120536,0.0651452604739153,0.0700731061185687,0.0456963338793859,0.0692383136402146,0.055530777748192,0.0673017050369278,0.0718145691830327,0.0433192183843182,0.0673888580893875,0.0541712448719485,0.0644676186703191,0.0689915227951656
gaussian,400,358,0.38268343236509,0.25,65.0067416787047,48.1123345366537,27.8681444557165,59.7408980373944,66.0265491765025,33.4208792060184,24.9947307334357,14.8979722755868,30.7944060330463,33.9297131067058,63.4751654125794,49.054296516871,28.5213842863292,59.9046486808901,66.3366212992474,0.0812150383633801,0.0585788217058681,0.0352710315615671,0.0738799818305196,0.0734358544895348,0.0811005185629362,0.0583923219900876,0.0329602882397674,0.0743568068467547,0.0803164305875592,0.0801090558943149,0.0592926143032407,0.0338485981550379,0.0730311977460354,0.0815597937087772,0.0810187676607333,0.0600266710347183,0.0347860669460929,0.0747278726754892,0.082194544217793,0.0808442059539185,0.0593100555263555,0.0340233420165804,0.0743337765668173,0.0815625172398067,0.0819564581826831,0.0622570225170365,0.0359472340018187,0.0771477373621956,0.084957192383863,0.0811174244791222,0.0602731746388129,0.034851414249092,0.0750474497297519,0.0820922725282906
gaussian,400,359,0.38268343236509,0.25,31.5598681789503,54.3278173583551,47.9212944426992,40.2346353946727,53.2659830368274,16.7390160756285,28.0946553802407,24.8995285264753,21.0657258322159,27.5650824059968,31.6024490460968,54.8755273935243,48.308838275079,40.2366784718708,53.7409923409338,0.0380827835684899,0.0669091809660192,0.0595897977516405,0.048641145897506,0.0657081278424305,0.039182864095778,0.0687392986150531,0.0616065938205845,0.0487146954178084,0.06644718823143,0.0390684791523287,0.0664367881976734,0.0575877229814574,0.0484939890421393,0.0648417439437792,0.0403681679459388,0.0680162778063223,0.0595804119277026,0.0504351394383104,0.0668130656571253,0.0389078479743,0.0669198493484744,0.0593844173125572,0.0486322925111271,0.0653236520866635,0.0405381100080844,0.069959037163646,0.0619773114538422,0.0516255071000576,0.0682088593313105,0.039990017729648,0.0682007840051059,0.0598916686717348,0.0504427527390081,0.066858279988581
gaussian,400,360,0.38268343236509,0.25,44.4320730559164,48.7204952709959,34.3022865764727,54.639439958151,62.9566253224713,23.1591664002035,25.2978625037,18.1068118926621,28.2500873488731,32.3982019600619,42.8572918083962,49.530469969873,35.1935592184325,54.7273279467198,63.2927048487051,0.0580380009732636,0.0628045850662922,0.0439830171843231,0.0705987303127906,0.0811957182275277,0.0564596628331208,0.0576154547510333,0.038564383318626,0.0678471415523235,0.0767559415851364,0.0558146210954227,0.0615081813749904,0.0430225963494544,0.0682656453538065,0.0789882250944648,0.0562704927524037,0.0616224855591653,0.0433118980103333,0.0687576339651058,0.0795013458697878,0.055758128425399,0.0613392619109479,0.0433480072429128,0.0681485054927983,0.0786431886531788,0.0532913756024256,0.0626348118648339,0.0452520589025017,0.0685407761028669,0.078694935769902,0.0559806594356298,0.0613492902206954,0.0432445879411755,0.0683879870149965,0.0790434628211247
gaussian,400,361,0.38268343236509,0.25,52.7518651970036,42.7267579230284,24.2154798638768,59.7271158456619,59.1272814329498,27.3085741179986,22.3087709742669,13.0764414741216,30.7875873300208,30.4885769957643,51.134321817203,43.4745297107645,24.8144854037107,59.8252010886143,59.5314062596472,0.0679753545401187,0.0558928615825914,0.0327626901741784,0.0771032696745839,0.0762976280881891,0.0676471253569664,0.0510327509938822,0.0277985957742533,0.073010912853525,0.0724402053713778,0.0672206348566094,0.0553050761640775,0.0318467754113859,0.0763250816655129,0.0752215093551771,0.0666473763644775,0.0536897229608986,0.029696244989416,0.0753715389214266,0.0742259950497453,0.0669774170753798,0.0538253619873782,0.0299971671805393,0.0757036722612097,0.0747032235372288,0.0674645069744324,0.0556619282934585,0.0325375796135882,0.0770130493319906,0.0757735516349001,0.0663839833548849,0.0535396179109901,0.0300881338956389,0.0749931361623997,0.0739516039662984
gaussian,400,362,0.38268343236509,0.25,47.1812832751496,56.5928810055404,42.3350682258306,53.2389606621908,65.7988245485649,24.5301660644059,29.2242855477864,22.1132702548815,27.5516280504871,33.815742179411,45.6042695727502,57.192248217372,42.8705499501451,53.2894780777827,66.1375627490443,0.06091905478047,0.0717883227633526,0.0543054097817766,0.0662425374596548,0.0807514150987417,0.0598227115735493,0.0704342353149056,0.0524505196593695,0.0654789305072809,0.0829092353144058,0.0610208612169624,0.0715947648564413,0.0531693620790452,0.0672699025702673,0.083671185549005,0.0592734526947077,0.0711188289004799,0.0533682304266214,0.066518857855547,0.0823719332912509,0.0601677246943328,0.0707189780868916,0.0527285720278668,0.0666234586138919,0.082394597712243,0.0585332096051948,0.0722793700387576,0.0546978411066295,0.0649126704523969,0.0822112143883861,0.059426432911268,0.0709579356450798,0.0529737998893752,0.0666401788476436,0.0825447604099084
gaussian,400,363,0.38268343236509,0.25,77.1739859223944,66.4054781311775,38.8761482632041,93.9346263766944,89.3437492389892,39.4893722550636,34.1185483283455,20.388590522198,47.848528364421,45.5589479548952,72.8637036834084,66.9185200420185,39.3454279173651,94.1506881071924,89.0928668647504,0.0988843613759771,0.0847495954373393,0.0505039344280998,0.118136579401418,0.113856473857125,0.0916942599368522,0.0802636102281946,0.0471220144624261,0.113402441407181,0.107275005133547,0.0966669074778411,0.0826347023068868,0.0470774518369291,0.118122804920494,0.111873211217145,0.0954828402972096,0.0823204692585558,0.0473098226083033,0.117235451838817,0.11088321436631,0.095684524351067,0.0812425659532481,0.0457575455909748,0.116809831933765,0.110505335258957,0.097076752789658,0.0833986640845584,0.0460654554123573,0.11904462324597,0.11325758825979,0.0956330203777257,0.0826563761353142,0.0478577311501684,0.117304558350817,0.111071506636143
gaussian,400,364,0.38268343236509,0.25,39.0285583952712,36.3950673976632,22.3853435048377,49.256614462626,50.0857945408872,20.4643135919698,19.1507071436396,12.1634680246157,25.5654095085092,25.9789775265028,36.9895255277419,36.9158349492308,23.0043460124639,49.3725916917995,49.9868823770817,0.0498172879539486,0.0446912560604576,0.0268396603202276,0.0629975131258241,0.0637078804504224,0.0511370122667149,0.046313096814221,0.0286091863067072,0.062893815990537,0.0644825549662817,0.0491200658840201,0.0448000100368379,0.0266982125133706,0.0611463997741059,0.0624851191232532,0.0486599753671772,0.0461378194008838,0.028383325618344,0.0622971094572607,0.0632319170450611,0.0494801500352058,0.0463509575436169,0.0286524489308247,0.0626900066370522,0.063577588394726,0.0498120483555795,0.0457353838385489,0.0274960572149934,0.0618197400829845,0.0632251030917806,0.0487715885363694,0.0459384288395505,0.0281804343608795,0.0618185788724453,0.0629666442902966
gaussian,400,365,0.38268343236509,0.25,44.5694438389886,51.6849518336869,37.7464120396004,53.4542129024643,60.161765807848,23.2276755913081,26.7765487296125,19.8247507224352,27.6590500869869,31.0044494993793,43.1975722980133,52.3262242975447,38.3633992179003,53.4150511180005,60.3965149631588,0.0432420905879315,0.0580179189236174,0.0451011412597305,0.0579964026608501,0.0660204383019926,0.0531356114514287,0.0623199673832078,0.0458684901224041,0.0664241074656173,0.0737263595874725,0.0566110880682323,0.0661790792083098,0.0483579287170782,0.0680336109912498,0.0764321361684597,0.0556918346797054,0.0645712224451526,0.047057688097671,0.0665860082986852,0.0748187629801324,0.0543783580319626,0.06417261539824,0.0467906207020699,0.065876425014183,0.0742636924994498,0.0563139555725682,0.0650500957304485,0.047613275443039,0.0651015164289739,0.0756256613493776,0.0560568701006634,0.0647940832613674,0.0471732883481556,0.0668195888876515,0.0752143219777177
gaussian,400,366,0.38268343236509,0.25,46.6981285950073,48.8820181452663,35.5166339800338,45.6293608579313,56.2201889387694,24.2893406636176,25.3786651423937,18.7127522512572,23.7563836429714,29.0386288468624,46.8443059157481,49.6746546935695,35.9645652214713,45.6106566257894,57.0514922204194,0.0590210265049115,0.0601239322100081,0.0429773112246106,0.0575102715732132,0.0676405181752858,0.0597362420266586,0.0608346424699444,0.0436641764960252,0.0572038518127489,0.0706407228444512,0.0574810137483657,0.0594096209456553,0.0434934190132046,0.0553907792869815,0.0683899723798938,0.0576117670442325,0.060838565397806,0.0441464012515404,0.0566468218210008,0.0695834557693078,0.0586586871892548,0.0600207483104772,0.0431256479172865,0.0566139734450809,0.0684231751756417,0.050783255896519,0.0574885465527173,0.045072680035314,0.0511890874825197,0.0654967391411006,0.0584032730664458,0.0610324245280553,0.0442271476594135,0.0570151572718527,0.0701055061606758
gaussian,400,367,0.38268343236509,0.25,35.203521010885,34.4855250721751,22.8502150376389,38.5873965188312,41.7488899010493,18.5566264416654,18.1984608428811,12.3954454305442,20.2442416427977,21.8210678746971,33.3066640157798,34.7145674094957,23.1081653415201,38.5388974385764,41.512142302917,0.046462408636001,0.0455176214402794,0.0309075472329419,0.0506618593567836,0.0545735913863538,0.0422481980245159,0.0436247731091283,0.0295254078395218,0.0480252005975726,0.0517218375824948,0.0439352259070363,0.0416638363825795,0.0276200744113332,0.0461473452412998,0.050605094846014,0.0439544557110869,0.042402831490707,0.0273686239797015,0.0479720735254467,0.0518862317832058,0.0429989753875869,0.0416047363061415,0.0267887015583176,0.0474591951802072,0.0509427474051616,0.0441697994310329,0.0391848731860489,0.0262645971026476,0.0441413224265596,0.0487215059404285,0.0438496506626707,0.0427238887251517,0.0279904305114437,0.0480179328824676,0.0519460155013247
gaussian,400,368,0.38268343236509,0.25,20.5771495489139,39.3417147287294,33.9902786611492,35.2309617535697,37.5753137424259,11.2615188705096,20.6204354130136,17.9515136205563,18.5702387397071,19.73955749574,19.8747800202325,39.5433543791372,34.3567114125442,35.1265431391866,37.2433289565451,0.0274474358781953,0.0338492677270061,0.0171458413166311,0.0377860519550203,0.0397491576881114,0.0269895916799923,0.0507630529200781,0.0437968269910353,0.0452122920058916,0.0489825791914004,0.0265174795554331,0.0509051269129455,0.0440820602337279,0.0459557837441793,0.0486595364719849,0.0259513211685733,0.0491617556798277,0.0422330585585839,0.0441900077570369,0.0470349188160308,0.0265044143210318,0.04935731666238,0.0421404778758375,0.0434732166018289,0.0471757872104787,0.0279621082309129,0.0505648355209341,0.041746981967823,0.0459489445782048,0.0489452799653788,0.0257092815309563,0.0490921355232836,0.042213707499799,0.0438455273464954,0.0465878902998487
gaussian,400,369,0.38268343236509,0.25,48.7033011718274,58.0566613957296,43.785573935126,56.142104755951,67.4199347265117,25.289364932441,29.9543954190846,22.8367991909433,28.9995381113411,34.6243364694113,47.4738613877777,58.7666776023908,44.4010050728928,56.2248626828215,67.8668384225971,0.0617654026696569,0.0735371676166068,0.0556402033055937,0.0706966246091003,0.0838589109839271,0.0617547178344868,0.0705775841159896,0.051866329696159,0.0683137871461096,0.0834652829530349,0.0613935574287014,0.0719857328983963,0.0542837615630578,0.0699921261958148,0.0839356187896972,0.0614956907095084,0.0731403981146653,0.0551849452728417,0.0706877442745853,0.0848034209800951,0.0603781707611511,0.0725675530963721,0.0548262813609827,0.0697283200185133,0.0839993711622835,0.0619368151209565,0.0744240400733221,0.0564195056328058,0.071703119487489,0.085728531140253,0.061365130119081,0.0729454491059932,0.0548247668275702,0.0704816995101049,0.0845984924883707
gaussian,400,370,0.38268343236509,0.25,34.1278769205199,39.5039300054281,31.1452433397456,27.7579552920996,42.3276446957207,18.0198307014417,20.7013007529134,16.5324636152028,14.8430162451573,22.1096580795723,34.0595715659875,40.0017362026516,31.4164425518881,27.7159611075253,42.8628841134174,0.045099492622732,0.0513950023555062,0.0407208932924487,0.0363612083423952,0.0553346925649683,0.0444950568853403,0.0499574646625104,0.0391250864740448,0.035681032771554,0.0537474004236302,0.0422977973463399,0.0490918616533697,0.0385061109875721,0.0340838155990213,0.0516051179495522,0.0431184110955802,0.0492255144364403,0.0382959404831976,0.0346367690000355,0.0528387131564043,0.0436238024678032,0.0505965607585398,0.0396945391747019,0.0354253677589663,0.0536946518933783,0.040596056554113,0.0437643964113464,0.0350816077271172,0.0252412486162646,0.048938450002872,0.0431714706890533,0.0495203009886862,0.0389882313889119,0.0347329048345791,0.0529388327878997
gaussian,400,371,0.38268343236509,0.25,23.9723734475945,28.1541322985505,19.1786929533423,35.4087655187989,37.0623618384092,12.9546472299698,15.040546703707,10.5642114648056,18.6588101728917,19.4834657988641,23.4902416868224,28.6886813409254,19.7558356136815,35.4803127910122,37.4874107984972,0.0250574144176388,0.0347910109564501,0.0257449815503199,0.0424007112899924,0.0464808336438675,0.0307783080213489,0.0373022947089883,0.0261421354968296,0.0454040038521078,0.0482632731875037,0.0312244233845839,0.0359423901661819,0.0244346064369574,0.0447700855791731,0.0469884947996048,0.0307221978086938,0.0356545036061771,0.0239585622907346,0.044304230941382,0.0468253295134817,0.0307829289243904,0.035677281383804,0.0235935152499893,0.0449778564583271,0.047278342952258,0.0320175768455037,0.0367273447396321,0.0234002729978677,0.0456436343913898,0.0487728601811313,0.030404519121138,0.035287529151992,0.0237627752221456,0.0442684064459915,0.0465676898095344
gaussian,400,372,0.38268343236509,0.25,57.386632974596,68.5228408559706,51.2095359147093,69.21925281524,74.0341098427087,29.6204130551677,35.1746321688383,26.5398542974662,35.5218087916133,37.9233817941569,54.5913270564912,68.7417816469053,51.4381396932771,69.2480655574927,73.5112609480821,0.0694041821273789,0.084762424638105,0.0660030385101096,0.079582009922463,0.0918307326647074,0.0716420021297691,0.0836217568976641,0.0616024716386268,0.085438885138467,0.0895484551443825,0.0717991991447868,0.0845053981153406,0.0619161270657718,0.0864471400556789,0.0912703816947758,0.0715966480301812,0.0852143591619106,0.0631212367407529,0.0864641043079086,0.0922396385487217,0.0723880950105553,0.0860708920777579,0.0640403709069849,0.0871013453851796,0.0928515856970391,0.0694201351311811,0.0869910396491218,0.0662042323119637,0.0878840353505737,0.0913290019756186,0.0718238007960796,0.0857757941720468,0.0638633916980495,0.0868024720725511,0.0925972508880998
gaussian,400,373,0.38268343236509,0.25,42.6895486993706,41.9321536742884,27.847152510262,49.1496955711385,52.2265424609435,22.2902737834567,21.9124287663118,14.887652982636,25.5121290706463,27.0467249090564,42.5795870739939,42.6263969569073,28.247569383612,49.1832057182623,52.8643714664076,0.0553810828050072,0.0439806710462469,0.0245775392390703,0.0594720481248977,0.0589484101476534,0.0552092514573718,0.0515227761302256,0.0322805755662523,0.0614006213494422,0.0660720226597684,0.0536614210159283,0.0527110340790539,0.0349216833889578,0.06125971388879,0.0654256041989473,0.0531294869641212,0.0524602859797349,0.0347221674068612,0.0613804841026968,0.065404455820434,0.0537358889637485,0.0519906373587837,0.0343469417707357,0.0610599125607388,0.0654801612317694,0.0488865546123451,0.0438907472229009,0.0289611085909127,0.0482339731728951,0.0505188861983869,0.0530310637937818,0.0524560722307254,0.034601548143559,0.0616301016816136,0.0654010481635062
gaussian,400,374,0.38268343236509,0.25,68.0266837726465,83.016768104552,62.7911509814809,87.9641316230117,96.1046149868479,34.9272284940522,42.4032366575293,32.3158346354616,44.8707989442021,48.9308662563191,64.7562575578017,83.6531888698727,63.603920629806,87.9953022108426,95.7470610378407,0.0866891118213736,0.106090153127847,0.0809887257091304,0.112343713755016,0.121739548960274,0.0865309479105028,0.10506580057886,0.0799707896152148,0.110550383243626,0.12066557598204,0.0843037843547746,0.10489161065697,0.0793878662218864,0.111265277382567,0.121212822815295,0.0841777963605624,0.103849372365815,0.0783810780327324,0.109601661112312,0.119871515113828,0.0842657025776814,0.1043174462347,0.078991101996357,0.110566519307456,0.120173121947791,0.0844500063391911,0.102216722687072,0.0765387676062918,0.107995504047455,0.117460271485429,0.0846461109444434,0.103776469891903,0.0780961326510983,0.109879636391339,0.120189130989958
gaussian,400,375,0.38268343236509,0.25,37.0093114850049,36.2851563108198,23.0076471063877,48.4311667866769,51.6407805465668,19.4571982135289,19.095703226531,12.4735331077376,25.1536556570783,26.7544786139809,36.4931742860629,37.2812124320975,23.9714420755706,48.6394338904482,52.1952019057974,0.0486533018441566,0.0472286486865362,0.0302568356043641,0.0628636124134247,0.0668446890487572,0.0475384677506939,0.0456253451410495,0.0280935863790199,0.0618630380059897,0.0661230658953542,0.0461202968329444,0.0470070176188063,0.0304774706621345,0.061184977799448,0.0655877286101665,0.0461772294878545,0.0460875545643465,0.0296664675552023,0.0610606542669009,0.0646717062753216,0.0451952195418411,0.0453657481570763,0.0291970474132752,0.0598441169354152,0.0639807141328921,0.0452357411861324,0.0471487857534635,0.0310106429389392,0.0615279693883997,0.0650550677751864,0.0459687284622282,0.0459782852025944,0.0294331848653974,0.060805772936614,0.0647297039132584
gaussian,400,376,0.38268343236509,0.25,44.8055212070171,61.4128899309171,49.2167043698604,55.5704222316548,66.7081551053579,23.3454905443535,31.6282823349441,25.5454638384316,28.7144863527785,34.269469084143,43.1940310088104,62.036848625212,49.9121586010321,55.5406371978417,66.6701809848268,0.0584947207191154,0.0777725988517408,0.0601568284276275,0.0714656405765276,0.0856557350936347,0.0549313241371759,0.0772243412147599,0.0619557634251824,0.0692826904133309,0.0832261067722206,0.0574502256398759,0.0777694887321362,0.0619920559578746,0.0706881124155107,0.0843785370548092,0.0556661586924575,0.0772748508602372,0.0618542697720099,0.0696495899477064,0.0834131856525477,0.0548426630933071,0.0773447690929307,0.0621382301712512,0.0691502639640789,0.0832602910451955,0.0564411830684716,0.0770638872148846,0.0625313016653575,0.0704777285438954,0.0848725582282544,0.0562072727023269,0.0770974706018938,0.0617313412404013,0.0695107800540259,0.0832512724718006
gaussian,400,377,0.38268343236509,0.25,36.2538156678775,49.7795909396908,38.652135439763,49.0601089015896,55.8173839472161,19.0803153997592,25.8261547493311,20.2764012996064,25.4673977249885,28.8377348411792,34.4897724161379,50.2569009716618,39.2832694167099,49.1400794630538,55.5567638835492,0.0466553356870335,0.0646228844573401,0.0502544707726443,0.0634559924349383,0.0722401048091086,0.0444595582401251,0.062115547714466,0.0485818676321273,0.0611848327147302,0.0679778107549938,0.0427288692598772,0.0600276171909912,0.0461581889405409,0.0588689436140032,0.0675537725589546,0.0450172184180483,0.0625849117675632,0.0485452918364795,0.0615884175822754,0.0694313914915132,0.0464298895740524,0.0634516856547548,0.048642122039433,0.0629206591751743,0.0712408172262768,0.0446989039985266,0.0607865792787199,0.0475118105445512,0.0584026993935713,0.0666730707712863,0.0450019550592691,0.0624221650684596,0.04838706929995,0.0614398952624241,0.0695343948010813
gaussian,400,378,0.38268343236509,0.25,43.3346489110093,34.4355802242311,19.7064071017232,44.9866116194476,48.6712516761834,22.6117901130155,18.173471076531,10.8274046128334,23.4357438281179,25.2734739190752,41.7524855291384,35.0175746776256,20.1113507924461,45.1062558058248,49.1178240571855,0.0547342064130059,0.0330882522796947,0.0120882486415334,0.0530034606693218,0.0533581378082715,0.053759880891658,0.0437918357728995,0.0254173046638555,0.0560571286281985,0.0610252575270605,0.055650941281032,0.0424931822472066,0.0234961795428977,0.0560783300941888,0.0607191928615019,0.0535147988459226,0.0430335439461041,0.0248813854961758,0.0561301898752986,0.060401681723054,0.0549058160099267,0.043459648451024,0.024882265856505,0.0561287918189552,0.0608379387949945,0.0557734218444613,0.045330437167531,0.0266167886852309,0.0584438134815968,0.0630895854461131,0.0544277311591435,0.0430242673770726,0.024282444582015,0.056325711226179,0.0610055660965097
gaussian,400,379,0.38268343236509,0.25,26.6713461027481,48.6951088514161,42.8231500537544,35.1254489806981,43.7335679412499,14.3011846131792,25.2854217625104,22.3568558439487,18.5175661448785,22.8110170430823,25.1480645464493,48.7654252624326,43.0858808041661,35.0765859241814,43.0768596156691,0.0354316297738483,0.056522144342135,0.0461839574692585,0.0443149506431649,0.0533406661823059,0.0293623244464077,0.0603468601018153,0.0544128717575672,0.0419162695078376,0.0513643921334729,0.0325126643278951,0.0592398848665099,0.0512963969330439,0.0434469748772982,0.0536632892920558,0.0330518266859202,0.0606800897217789,0.0533284548500103,0.0434683998168912,0.0542601631585516,0.0325133927312228,0.0606785550017454,0.0536397504920075,0.0434951627412064,0.0543683082767455,0.034454938317064,0.0627807436427375,0.0552813623922353,0.0462423374719692,0.0564092795389898,0.0331152424239081,0.0607384936036118,0.0532247708972252,0.0438114423947588,0.0542468276040197
gaussian,400,380,0.38268343236509,0.25,77.2036115800677,68.6549546954808,47.0224538211677,63.9166055713311,79.4514990656377,39.5041212088048,35.2404500544425,24.4511775895578,32.8772825619843,40.6254136740636,75.6972047597284,69.6188411006698,47.582897275029,63.7198620122975,80.1274171155144,0.0985874450231749,0.0881252008513048,0.0612537653433562,0.081430869817262,0.101795861904025,0.0946196755109157,0.0843280684163077,0.057810739060836,0.0776771540954145,0.0986403053926942,0.0979809779137837,0.084890707235063,0.0577164673861647,0.079807873853019,0.0986886247914114,0.0951214567822956,0.0855680947173589,0.058884049077489,0.0794506405732035,0.0983091376253748,0.0958954684917687,0.0855347033546068,0.0580322330574796,0.0793721858215552,0.0987129929148543,0.0983746774144416,0.0837395027705135,0.0574675300910018,0.0785340832802514,0.0973794440681171,0.0959616926672811,0.0856670264823089,0.0589763774376756,0.0795799211693674,0.0986331308324718
gaussian,400,381,0.38268343236509,0.25,40.8889604060085,44.5074344862594,31.625261617179,44.1778843126796,48.3231493614708,21.3921626331505,23.1969568480536,16.7721155389198,23.0324390631212,25.1000720355964,40.6638531252848,45.0309826197651,31.7232646484041,44.2301992187217,48.8293596020606,0.0533860787630309,0.0465796313700406,0.02730766772737,0.0497563308109213,0.052070103857691,0.0516704042439785,0.0569945111756594,0.0408079442444182,0.0563412909210308,0.0615212527157774,0.0509775246116384,0.0568852045485976,0.0413442661237812,0.0567775946769046,0.0608062101179823,0.0515063661627368,0.0553699113348841,0.0387915510627508,0.0553491906727047,0.0604073489885258,0.0511070485063356,0.0560891212608293,0.0393934437041549,0.0562694354510764,0.0611901922788286,0.050639660868835,0.0538586668130599,0.0364509156186442,0.05519639267906,0.0582572005741093,0.0506962950390533,0.0554663251985622,0.0392944703719115,0.0552132916667794,0.0600232638689465
gaussian,400,382,0.38268343236509,0.25,48.2767771305639,59.3658854183444,43.2720683722525,67.1036753872034,64.3925375494536,25.0769396207627,30.6075776890571,22.5809504716193,34.4667384076578,33.1148384978059,45.5403388243282,59.5280288972576,43.5760157910828,67.055228808601,63.2741522850042,0.0342397040573308,0.0649428213418578,0.0480919458962662,0.0732792646520601,0.0590346953425072,0.057213343360143,0.0737741845775474,0.0537010254842558,0.0832421427701844,0.0777793553575226,0.0588003347117604,0.0732795988627433,0.0539140754551382,0.0807860106665493,0.0783504069513335,0.0600014150966439,0.0738257398941154,0.0533730228198413,0.0836232941207667,0.0795762540814714,0.0605109921787615,0.0746240652470694,0.0549122917955646,0.0842193411799393,0.0802946749449732,0.06053962374359,0.0757560259200777,0.0558757691752783,0.0856201494642474,0.0810236085180905,0.059690148409783,0.0737133711988718,0.0532950113760047,0.0836436445628386,0.0794058417820798
gaussian,400,383,0.38268343236509,0.25,51.53432482623,53.1262469733765,36.5766881831541,60.5486904864747,62.6491404913276,26.7019156869923,27.4954497290544,19.2413461005311,31.197515419334,32.2452261650358,48.6484291558801,53.5612639298127,37.2623978053945,60.3792325888877,61.9474928729545,0.0666226516473751,0.0643418180808671,0.043740205538417,0.0744962715852153,0.0786992282216209,0.0656943760880607,0.0676387552695142,0.0468298108072993,0.0754115232841526,0.0789965512466907,0.064824289917488,0.0650660617774509,0.0446426221434956,0.0745804526372298,0.0774815206172315,0.0630750159351307,0.0669458633508897,0.0462132247958746,0.0757656398332865,0.0779686338591434,0.0627565770628825,0.065869889085304,0.045865380220728,0.0739927396625056,0.0766142912880283,0.0657047796177822,0.0665411270743359,0.0460877681954043,0.0761658472060368,0.0802844990454186,0.063657884631096,0.066309755425375,0.0456226024741923,0.0754521242865294,0.0778072390536961
gaussian,400,384,0.38268343236509,0.25,78.4689941091084,88.7767190379911,66.1636503873365,86.662510771648,95.6763196094014,40.1353244806613,45.2762292854433,33.9980894319995,44.2217233300381,48.7176314209168,75.1124528049865,89.2424563681081,66.3984587463966,86.5596325133618,95.2358462198292,0.100478179640893,0.111623808676227,0.0838515269518372,0.10767006636833,0.119721137318572,0.095489377159711,0.111609935948549,0.0834007345585403,0.109428421860763,0.116987612197402,0.0953199741708977,0.106241521713566,0.0793227675038148,0.103949573102552,0.114099753660051,0.097608184146374,0.11043029276718,0.0819019627948268,0.10825323867465,0.118772437161315,0.0969312314618765,0.110634126089966,0.0817311301181901,0.108536897495235,0.11867468824991,0.096882162450466,0.112381129475862,0.0838781169154467,0.109703677718757,0.121548808726586,0.0974397045652428,0.110581852713964,0.0821235725757286,0.107819689262416,0.118668047013481
gaussian,400,385,0.38268343236509,0.25,55.3763012591177,54.3480362572964,36.5985701430836,62.8637300570291,67.9953697987371,28.6179088628847,28.1047778240671,19.2522676994075,32.3520591366879,34.9114581449691,53.1096976254871,55.0658328630676,37.3659755577619,62.8197722214933,68.1991822714382,0.0702383696224868,0.069402960509101,0.047030793429156,0.0804760029984948,0.0862043128512882,0.0678921616608431,0.0696418338613902,0.0477240655489819,0.0777263347195612,0.0850253820731971,0.0681704365379689,0.0669212098629774,0.0436659033674406,0.0785555181989734,0.0842180758578765,0.0681934725372641,0.0676663234013214,0.0454713363229711,0.0784572169412574,0.0846639569878778,0.0698313909154643,0.0677311566486357,0.0450875226762652,0.0792080570150287,0.0851208939162489,0.0685085702762639,0.0600851582213435,0.0389534466004525,0.0736717509214275,0.0789783810807507,0.0687300685475773,0.0678834366030075,0.0456870065203822,0.0783243624473862,0.0847244026699407
gaussian,400,386,0.38268343236509,0.25,30.8871424139719,48.8459481647508,39.1883784468278,47.9163608575118,52.0370964374141,16.4037742299711,25.3605175930627,20.5438628601127,24.8969800692822,26.9522565228053,29.1046051381736,49.2174206009018,39.7896890062689,47.9767881576094,51.7222821669697,0.0378383932926581,0.0634855767126678,0.051480816468198,0.0595226671644748,0.065736952551184,0.0356045725119079,0.0626225348430589,0.0512336700790696,0.0594284856775953,0.0643725382886291,0.0391256903086843,0.0620502968988003,0.0501729255225822,0.059917545253693,0.0651344392169442,0.0378513842370195,0.0616358007078522,0.049630586443074,0.0599282757384266,0.0653033808891043,0.0387594934705337,0.0614979694899023,0.0496121250372091,0.0599513517718309,0.0652555237554367,0.0389282758716945,0.0613633606831756,0.0494285825679791,0.0586023089259659,0.0642551325387036,0.0385916529542266,0.0615699123357707,0.0494147230447152,0.0601779038366869,0.0652573893426923
gaussian,400,387,0.38268343236509,0.25,52.2840551616533,62.7512549732324,46.126096371226,68.1869651698957,76.494847201233,27.0754117730236,32.295726139576,24.0040141784765,35.006885198252,39.1503501555633,50.0640337425838,63.5036475191145,46.9758701183004,68.3240708427825,76.7429661614888,0.0629137391878482,0.078590989085627,0.0592210026617688,0.0789359279783984,0.0937743229609211,0.0665416166033609,0.0793825131786175,0.0578647188725365,0.0869273719626461,0.0969800696828846,0.0642514069174224,0.0790947794569332,0.0587511423250198,0.0857259038011555,0.0958886455323117,0.0658745527762626,0.0788924879261408,0.0577192408219824,0.0857491301584779,0.0962596696812811,0.0661144361630022,0.0790016690286387,0.0576559961954249,0.0859520561701711,0.0963768036825574,0.0668571359235876,0.0732629094927481,0.0490564042546337,0.0840417134912913,0.0952050194596605,0.0649756099231373,0.0787382844813912,0.0577670415344463,0.085296177731342,0.0958726332825796
gaussian,400,388,0.38268343236509,0.25,56.8057528035785,54.130236300867,34.834392331576,69.3491722039648,71.503208231229,29.3305719912761,27.996143176715,18.3725565071769,35.5864572078218,36.6609706206266,54.5323267227256,54.8603635440051,35.5196780616555,69.6099927033224,71.6551701357267,0.0629814723815836,0.0654332961815527,0.0445099847601077,0.073141457952909,0.0822237847871766,0.0724908510347878,0.0677342684788848,0.0436337830218197,0.0868877103477553,0.08800080058476,0.0713842531828688,0.06900034093707,0.0441893718784845,0.0879473679700446,0.0907663730212786,0.070286829314175,0.0676134462313443,0.0433876090678807,0.0863214582813679,0.0887195673010366,0.0710845503966277,0.0680885711873398,0.0441551818611329,0.0867312187266726,0.0896912091904522,0.0709282287051126,0.070083678948502,0.0451420935643188,0.0883548218948123,0.09081669791878,0.0709665078404406,0.0678820262253609,0.0432898838025531,0.087235983679646,0.0892780354044814
gaussian,400,389,0.38268343236509,0.25,33.9786438374309,34.2185570769878,22.5325920556443,40.3645529597141,40.5509541924179,17.9456422904808,18.0654112613091,12.2372298823696,21.1306013147465,21.2236776859956,32.0071849823524,34.305876660187,22.6546368748931,40.3147937036094,40.1141117649679,0.0364872601864896,0.0378078451323845,0.025845926473089,0.0389824220038393,0.0471100216194523,0.0428784097141146,0.0387787721576167,0.0227986792144622,0.0480192803782993,0.0476564394646175,0.0411541857182037,0.041705577893644,0.0275544722158485,0.0490672128417852,0.0487977539136314,0.0426778088171376,0.0421391999707629,0.0268984960133424,0.0502885476461393,0.0503061298665864,0.0435385628006148,0.042244414451664,0.0269280804834424,0.0506966845060276,0.0506972003193,0.0413622616158989,0.0379217874936208,0.0233419353354982,0.0475151343775964,0.0472058984178082,0.0423266580456062,0.042352605332273,0.027312472808725,0.0502402570196759,0.0504016424776745
gaussian,400,390,0.38268343236509,0.25,39.0784129487565,38.3428950069538,26.0402718260934,40.4146388521768,49.745831447591,20.4889187909515,20.122168130811,13.9863372018362,21.1554586591841,25.8093353721001,37.6622274137774,38.8865095908097,26.5266475904988,40.5082759923584,50.1216419496839,0.050072982126715,0.0499135110601952,0.0347414930935163,0.0515382879002386,0.0636397992805307,0.0459804457866168,0.0486707206516624,0.0343001134513198,0.0485443611075288,0.0610335357766312,0.049159303818605,0.0487216122661896,0.0333681883324228,0.0509305017117168,0.062906515486533,0.0488238367373807,0.0480249701107531,0.0320625399645989,0.0505093776011191,0.0623626923550263,0.04946567874023,0.0487111448322863,0.03347062479301,0.0508191676447418,0.0622358342779462,0.0475731757565501,0.0497557505094631,0.0336281170172114,0.0521325642137532,0.062977013692022,0.049148313371205,0.0482616550893464,0.0326431746466068,0.0508620094896283,0.0625131505302938
gaussian,400,391,0.38268343236509,0.25,59.7303865893289,62.1855288326886,42.2601518328367,75.8102504834268,74.9713286157592,30.7897642925766,32.0137387807949,22.0759845519756,38.8091695081946,38.390882581908,55.8519916572221,62.5741569201812,42.9275203253615,75.7291957417627,73.9817513105289,0.0706520775473195,0.0800867741420886,0.0550569490421609,0.0920391745855613,0.0928946216861396,0.0728307547427152,0.0756798794761959,0.0508631536859831,0.0937944285038856,0.0919917285986389,0.0752504643785506,0.0761656219510223,0.050878015108922,0.0932591067250628,0.0921715573488793,0.0735664647415009,0.077989278340242,0.0530480973769462,0.0948155741163151,0.0934327921588941,0.0749807265603045,0.0786215763385605,0.0535203608005551,0.0956936087050425,0.0946290634039273,0.077052992548644,0.0792120735283086,0.0542580073582516,0.0961308204231279,0.0954410717989767,0.0730059442468226,0.077724680433188,0.0527759807056207,0.0945671081270265,0.0931408554859215
gaussian,400,392,0.38268343236509,0.25,28.7378522945617,38.8411272161281,30.4955603335445,30.4397108307619,39.3373721459485,15.3316193200531,20.3707495799664,16.2085195463242,16.1804708000438,20.618272222482,27.5562288823541,38.9989250081737,30.5822040294503,30.5387110994338,39.2475214206679,0.0349643765909221,0.0504035316005924,0.0376872958422631,0.0405410583284675,0.0516692376921653,0.0379002137639667,0.0498773155875823,0.0382696555287207,0.0397404993569513,0.0509795139597866,0.0357145187631842,0.0483911579377793,0.0381740577936579,0.0374508607792886,0.0490300070546827,0.0359820525286702,0.0485169276864876,0.0379960111615332,0.0380521075509466,0.0490602763696317,0.035960520343443,0.0485432923520469,0.0376678843936642,0.0381667861746171,0.0492552749922622,0.0322065697433417,0.0339941003620175,0.0251170122693152,0.0232458370779214,0.0324569210468788,0.0362857060814031,0.0486237203479747,0.0379453130478921,0.038314976358088,0.0492277985642733
gaussian,400,393,0.38268343236509,0.25,40.3313738927776,72.809867003681,63.3387102916184,66.6921837185695,75.6333829175746,21.113868653501,37.3124878295543,32.5889675270094,34.2613064589949,38.7207191633242,38.6692724311,73.2746679471533,63.9668334544985,66.8674640760682,75.4581060117979,0.0528688716798197,0.0873514356844964,0.0724376077132571,0.0840055356969294,0.0917176669746693,0.0482789881577368,0.0911134666677624,0.0787903297393394,0.083223653106366,0.093779383491384,0.0519375453233424,0.0895170249098915,0.0772201940767829,0.0813081322557698,0.0929555829557807,0.0501540063983934,0.0913150673326561,0.0791405910954526,0.0835633334449187,0.0945666055795356,0.0511320414106181,0.0926151094081266,0.0802733272293726,0.084811942756769,0.0960757369476112,0.0519881682404941,0.0862092824898856,0.0722051433778031,0.0815518857776966,0.0922218584976395,0.0506084027038135,0.0912842759188776,0.0790789686591008,0.0835828977447608,0.0947539179249998
gaussian,400,394,0.38268343236509,0.25,33.4308964180468,23.2475280425787,12.5311989099341,29.1432578690628,34.9087142940637,17.6722877837509,12.5934754297747,7.24884984659509,15.5338600962416,18.4093450283553,32.0635196342402,23.5909495954296,12.7282169512124,29.2633414539686,35.1641687219287,0.0425722112416402,0.0169582338791322,0.00307493259550423,0.0301747921872127,0.039209758820083,0.0430212350852355,0.0272360042826483,0.0124256432803112,0.035336246639697,0.0430942340982629,0.041992647728251,0.0305619143861279,0.0165100157304236,0.0382129237635479,0.0450929512783634,0.042231577744371,0.0290592631944152,0.0151854790456256,0.0366645149587822,0.043846611829564,0.040653519064549,0.0277131449668273,0.0145149716663025,0.0361980291765652,0.0427509926602122,0.042319618956832,0.0261185504399535,0.0117568569108021,0.0365706627039778,0.0424572961318674,0.0420746146689747,0.0288108425683689,0.0151341745705715,0.036330378626864,0.0437080253095952
gaussian,400,395,0.38268343236509,0.25,37.1471819809491,65.3873534464222,54.4838947449948,70.6812653459211,69.6731172770726,19.5261581293851,33.6105101364111,28.1725082738197,36.2509567939861,35.7482685513075,34.4176230585171,65.7737329013421,55.4200643506739,70.7525317168706,68.7842203228655,0.0277073300912261,0.0841096769092547,0.0681675872387055,0.0812245382231396,0.0803929248510305,0.0470811319538175,0.0827563834261595,0.0684021178011708,0.0893278172647287,0.088724381725777,0.0473791092587933,0.0814379268615735,0.067109441594605,0.088997666787127,0.087016828678718,0.0463764860126339,0.0823877874421898,0.0686494409186944,0.0886507849423093,0.0871338257107295,0.0452175020994839,0.0824068272882155,0.0690384089459725,0.0882399784217283,0.086856964155039,0.0488608613056373,0.082546801878422,0.0690274459024256,0.0888180838181765,0.0889124340150808,0.0458993444368921,0.0819449686613364,0.0681531689929337,0.088318015471,0.0868191232782909
gaussian,400,396,0.38268343236509,0.25,64.3649099484346,51.4723459986064,32.7532807208351,53.8627497149785,67.2597140914903,33.1005577813627,26.6706051383564,17.3345346128424,27.8627781488791,34.5444992172784,64.549934927573,52.5574807204377,33.2532474824617,53.8635346193717,68.670205931554,0.0766971568660312,0.0567405347901123,0.0344917526659795,0.0577009986408336,0.0742301429984208,0.0787397661956496,0.0648848306086618,0.042367191414989,0.0670857926579759,0.0838701102740578,0.0804323124043828,0.0648577730055304,0.0407497423735477,0.0675015970952705,0.0842862869132936,0.0807152688689149,0.0639616590516483,0.0400225339844599,0.0672221219254518,0.0838633553878966,0.0807681690640143,0.0644515141169667,0.0412103071177102,0.0672078744766935,0.0838718067479956,0.0783472209994536,0.0594390468838206,0.0368970558063071,0.0650578509286518,0.0800005383490311,0.0807439089504576,0.0639773652410238,0.0405355107347475,0.0670353638915005,0.083866135596086
gaussian,400,397,0.38268343236509,0.25,57.7042271127037,62.6745999941268,44.6719903768292,64.947835990524,73.7237560580829,29.7787052625087,32.2576821727998,23.2790094240052,33.3914729865312,37.7683842755417,55.4662348137617,63.2314927018737,45.103881704574,64.9486230192549,74.0031900962452,0.0741539996199884,0.0807233678649282,0.0581631710490525,0.0832396840486335,0.0945026759015715,0.0719615176323294,0.0756305121513871,0.0547498317904338,0.0763875782925154,0.0893387307448425,0.0707311027942958,0.0780394531588581,0.054931685113704,0.0811180210625244,0.0917853310296039,0.0721380241591899,0.0785435700758031,0.0558463334964113,0.081243209475489,0.0923416403033479,0.0729287046299227,0.0796393073157262,0.056692930984304,0.082169563283681,0.0934224142715097,0.0740048818352717,0.075609316697085,0.0519720436162882,0.0811509899083232,0.0917971401856255,0.0719501491499035,0.0783480709329607,0.0556147721899592,0.0810928489023503,0.0922782454353647
gaussian,400,398,0.38268343236509,0.25,35.7318388183929,68.4199545663724,59.5384913365065,62.1274830727526,63.6208184293884,18.82014757305,35.123149361597,30.6934936733604,31.9850255879448,32.7299438760332,33.4125362460166,68.5649326981658,60.2959522353608,61.804666082591,62.5360202107455,0.0415375861787408,0.0782953060258065,0.0709321960329888,0.0613178963203763,0.0677056881116502,0.045403091102423,0.0872049609840558,0.0752998135927029,0.0799003133121735,0.080162215744215,0.0418192739222564,0.0823446051437489,0.0719741784492465,0.0740550587320866,0.0759918110667033,0.0440260591465554,0.0850571896612494,0.0740845564617358,0.0765716646499618,0.078379579886922,0.0442048652202691,0.0843399921667799,0.0735550387207796,0.0750302570267125,0.0766565212631904,0.0437494951991181,0.086120713228328,0.0761012820512456,0.0779274829639597,0.0779443509983961,0.0440738306516345,0.0856535928388328,0.0747182469310197,0.0770914374106861,0.0787808046559996
gaussian,400,399,0.38268343236509,0.25,58.7460865607177,54.2856343081799,36.0246573334946,59.4282347959551,68.8883980984658,30.29820431332,28.0736767707829,18.966097172122,30.6385746480915,35.3567667678132,58.0338037897035,55.2311023566418,36.628605474939,59.4222315519555,69.8477810064324,0.0731789191040522,0.0666568046223781,0.0458897736769596,0.0745533772334727,0.0841697104344601,0.0745638803505569,0.0690625545758907,0.0458230465624419,0.0759887986979544,0.0875558589893746,0.0738914228585114,0.0683147625776974,0.0455876807331685,0.0742573705469516,0.086325983598273,0.0732987206356562,0.0673610545546562,0.04428985379026,0.0732056143656888,0.08551678046075,0.0716722043921532,0.0676776125782107,0.0444586083966121,0.0741644407013499,0.0857810172963535,0.0724496411984467,0.066986332279743,0.0430138910236398,0.0737712099472441,0.0864395635098977,0.073751758269883,0.067650555468041,0.0445647024907704,0.0742200693135483,0.0859823242716693
gaussian,400,400,0.38268343236509,0.25,53.3162112729374,56.8283248642909,39.1929572961467,63.9986906045539,67.0699219574197,27.5901239921797,29.3418845811177,20.5463706814402,32.9180997499004,34.4499419705122,50.7784477159145,57.2263388730128,39.6810222111085,63.9895015737081,66.7185140829303,0.0688886872861368,0.0733323272827309,0.0514240807459722,0.0814220223614184,0.0852011563512733,0.0657645650189594,0.0715431293394295,0.0490050230519203,0.0810888787085983,0.084698825997205,0.0655032172515602,0.0710870963728953,0.04920032538407,0.0795926939921424,0.0832730676740644,0.0670284116981174,0.0712183431253819,0.0486581926224516,0.080327372655858,0.0838911251472638,0.0670910347069574,0.0711765888953598,0.0483933876017916,0.080611963310105,0.0848196403976786,0.0690090659159584,0.0732048969239098,0.0503551091144104,0.0820989950958661,0.0860477909279581,0.0668124854709566,0.0709873412572972,0.0487725525007956,0.0798791064831071,0.0835638095369201
gaussian,400,401,0.38268343236509,0.25,52.9152049708055,68.8711228051075,53.3042080130729,71.3299637852898,79.4499141911385,27.3902463880099,35.3480069256904,27.5840353241601,36.5744848721685,40.6243668511412,51.2706727990551,69.8164593827706,54.2979417248415,71.4115830956284,79.7130239260378,0.0675321592478826,0.0829189153208693,0.064483938933887,0.0895035147917084,0.100734241564556,0.0639151601460153,0.0837782458432318,0.0660786300641556,0.0858659791538802,0.0957016946479743,0.0650329863819542,0.0872893029948252,0.0680523763055617,0.0897155202452079,0.0997673536356273,0.0655598143812621,0.086760935223757,0.0673572713851897,0.0893467506580414,0.0993001513690762,0.0655884165545782,0.0858570413379122,0.0664077538254278,0.0888060690678859,0.0988329514008066,0.0678132130205438,0.0885170329617556,0.0690156418586824,0.0914507946514643,0.101681130350303,0.0660232386414628,0.0864253069957076,0.0668774268464898,0.0892981670062649,0.0993126799308675
gaussian,400,402,0.38268343236509,0.25,31.8639146104472,37.6148269633649,27.4105000398461,38.3565336424901,47.8340459005271,16.8905685319037,19.7589093481248,14.6695241308746,20.1289880960116,24.8558080220821,31.1805092094714,38.3204290395723,28.1405387609164,38.4439259632126,48.2945891179417,0.0419780553893947,0.0487079669266185,0.0358498356097456,0.0478907823978698,0.0616368096034882,0.0420810038464429,0.0483695216689526,0.0349369140577794,0.0496264352682282,0.0610390887041606,0.0386649532064849,0.0470187938141008,0.0337408389147654,0.047775627806437,0.0596507733315326,0.0402941884868561,0.0474074229760434,0.0347146128919563,0.0481142763453104,0.0600774310994236,0.039890146529458,0.046583954961586,0.0334444737460914,0.0478662860524714,0.0596765211360807,0.0417976787464285,0.0465151123866138,0.0346894334720333,0.0484228594134539,0.0603764138967223,0.0400894038574282,0.0474537470158814,0.0346424552837384,0.0480175535726735,0.0600287207717455
gaussian,400,403,0.38268343236509,0.25,47.0856051073945,45.7442460158401,29.1853299515792,58.7472490874655,59.4812494611739,24.4826871215073,23.8136403602489,15.5549776307956,30.2989310208261,30.6650482413809,44.7142496877705,46.2703783936391,29.8426433051897,58.7617709897216,59.3641717928175,0.0590478021242918,0.0487616284693918,0.0287797339085293,0.0700548465637024,0.0699854218370288,0.0588285505547946,0.0564990513608906,0.0356934988587017,0.0732883757043929,0.0729444206289792,0.0588236608535096,0.0581547995130457,0.0373738385557628,0.0743268468251952,0.0757535573915682,0.0589653672515505,0.0566049587999439,0.0356106718756756,0.0730632540964734,0.0738701284890725,0.0567208084682921,0.0580658646166595,0.0370797168391391,0.0741092479145607,0.0749345302780809,0.059034539655305,0.0575475172604263,0.0373267682748548,0.0736539949176906,0.0727907173308143,0.0587483538908885,0.0571400435117358,0.0362931500643882,0.0734190795546377,0.0741932108926925
gaussian,400,404,0.38268343236509,0.25,65.855514935463,54.711603183262,33.6697123979341,64.6343153701321,70.6982009854319,33.8441933090342,28.2862061367404,17.7916483734477,33.2351250928487,36.2595330698067,63.4762080588266,55.4129722023702,34.1533698182475,64.6259792841439,71.086593254001,0.0848167031390301,0.0692142561540487,0.0408842159712631,0.0832928887686456,0.0904746432706212,0.0811423476557351,0.0689765672144868,0.0432908535747108,0.0796741490569584,0.088646323100732,0.08010648056639,0.0679724677436723,0.0416899127394851,0.0790885477338034,0.0870994092177458,0.0824348228702244,0.0682148353350228,0.0416001102308383,0.0808344166806922,0.0883780495738434,0.0832743147055647,0.0687638706295794,0.0422656165669623,0.0815254479874967,0.0886445125230046,0.083441869052111,0.0674756415039807,0.0376291233277757,0.0821058227855252,0.0886393685299886,0.0820839556293302,0.0681650361158733,0.0416873339483843,0.08056669809791,0.0881138537460789
gaussian,400,405,0.38268343236509,0.25,57.9494218610413,39.8684113646593,20.5174146712604,57.9092565576016,56.7122706021979,29.9010975747966,20.883288347277,11.2321637596693,29.8809725726887,29.2841583988461,56.3163953014337,40.5370013985279,20.925306353723,57.9580227646081,57.0594441242539,0.072187277897899,0.049368166440246,0.0269325441671805,0.0738183399263341,0.0686942958119608,0.0732868749072164,0.0438139042573407,0.0180540136253382,0.0707794205771817,0.0665746531217454,0.0711283627292124,0.0496803235754605,0.0253515976700502,0.071921533637974,0.0701835719274634,0.0721313178914663,0.0496109302845023,0.0249787944171404,0.0727689438060518,0.0705067152202956,0.0724066404317016,0.0493986869062521,0.0247972370695318,0.0721139014074819,0.0706748658445545,0.0645918950533674,0.0132428511877422,-0.0159647780394929,0.0489054722509965,0.0370363967903969,0.0722712767157291,0.0492552988658114,0.0245998185265347,0.0722096057686793,0.0703591895641742
gaussian,400,406,0.38268343236509,0.25,50.3935128852627,74.1232513707946,59.279326203547,77.7138872257467,80.8179280769901,26.132865198266,37.96755933829,30.5642494312927,39.758457445402,41.3067386540503,46.9945385928253,74.4854140186825,60.1772200229765,77.8027795920333,79.7254532896489,0.0585564931513165,0.0871565331286502,0.0671504086311394,0.0964159132802137,0.0972797314747539,0.0645063319099181,0.0903343779303391,0.0707583857313254,0.0955559978159008,0.100577504603172,0.063090630534733,0.0940056392453832,0.0752648053484213,0.0984914394385928,0.102366253443015,0.0624044923674674,0.0932584214210823,0.0743581360942678,0.0974252023073515,0.101088691879431,0.0621060376761045,0.0921873123040307,0.073632746011771,0.0965515714724216,0.100031374348807,0.064685189484005,0.0943103351647288,0.0750281056481254,0.0980823551720595,0.102393886350713,0.0620594870972403,0.0928103590837148,0.0740774152638966,0.097086615419207,0.100687725219939
gaussian,400,407,0.38268343236509,0.25,34.9562536693361,48.9542266118103,37.0808331481362,56.5717801712519,59.6624872083091,18.433145330297,25.4144282208124,19.4926953789924,29.2137538270949,30.755256704811,33.080748255565,49.5633551377527,37.9311520791132,56.7961549493768,59.5647802613379,0.0388314991338414,0.0618448472176675,0.0484866520561935,0.0650118820392951,0.0687138886655479,0.043585138745996,0.0626338693125097,0.0475169606028577,0.071782382418002,0.0754661441571109,0.0418919498166821,0.0607783951260905,0.0466693749251769,0.0684212404490133,0.0732028710807594,0.0436445017745273,0.0616341862987963,0.0467705031244295,0.0711048271080601,0.0746762125262079,0.0444050000031693,0.0621397179592501,0.0467878517204028,0.0715436471982436,0.075493412372259,0.0427934636126489,0.0605017313268008,0.0444730267168314,0.0714859003316262,0.0741158696409554,0.0434286477086328,0.061550431179404,0.0466204545550379,0.0707486144102738,0.0744854279453664
gaussian,400,408,0.38268343236509,0.25,38.9093176545565,33.9331516314781,20.3254844040754,44.8434771844555,46.7190806746106,20.4047966241176,17.9229228387052,11.1362529215815,23.3644007473027,24.2998340866545,37.1009810605083,34.4140263873951,20.7776105997767,44.8825605749033,46.9639363779376,0.0500683229529758,0.0431964455797585,0.0269024889228392,0.0565339625154843,0.0578663919888408,0.0460860236429172,0.040519808162851,0.0220664838788365,0.0560268494997609,0.0575355763036984,0.0501716738931907,0.041573484427164,0.0230199186101784,0.0558638892213995,0.0585853622274544,0.0477776120215971,0.0425516987724436,0.0255297434092169,0.0558415306538626,0.0583687194905081,0.0485862167903944,0.043048954107879,0.0263947165056962,0.0565539726249853,0.0585661901837106,0.0470232592096863,0.0395262035844577,0.025353811753006,0.0515235029176345,0.0553488078375511,0.048661425276395,0.0424338491798288,0.0250751580178321,0.056187027358165,0.0585770905222787
gaussian,400,409,0.38268343236509,0.25,58.8648127388988,50.325855728514,30.3185732808317,69.4341502088016,66.2034384202423,30.3581712193262,26.0987910705276,16.1202644775248,35.6289948801624,34.0178946001185,54.9527519841536,50.709284910193,30.9275394384919,69.5088864044883,65.1709441252073,0.0728918586486362,0.0627877142385061,0.0389382869321299,0.0841026702233486,0.0804017503812779,0.0708224242324632,0.0615614550907482,0.0369238625349997,0.0846662346920363,0.0802916257940712,0.0732464255278079,0.0638972943973099,0.0387620051709109,0.0878334789216651,0.0837735264236737,0.0727257038113959,0.0629401299586673,0.0375298631153525,0.0873852124642308,0.0827594251316703,0.073124241636119,0.0637709920967985,0.0380671319400995,0.0875915298661001,0.0830558583783489,0.0621758298701364,0.0610129489315718,0.0374823866176933,0.0847134180319777,0.0768347826946486,0.0723781275325489,0.0628216251662669,0.0375942905351012,0.0866992087449501,0.08235608373735
gaussian,400,410,0.38268343236509,0.25,43.350664919006,57.5467843127205,44.2629202998932,58.0740609314096,62.557439647726,22.619805482222,29.7001540587888,23.0749215975412,29.9631795040795,32.1994018442234,41.7606179354275,58.0021259830177,44.7948081474636,58.05495663594,62.1975527680052,0.0490836075374437,0.0705660709615493,0.0550662805059978,0.0727433550531995,0.0740281342351403,0.0536489485193948,0.0715809538947525,0.0555962245977646,0.0723327769030374,0.0764768146232014,0.0548076063594447,0.0726895363932577,0.0562713644233589,0.0717041318235654,0.0785493335390431,0.0547020000412697,0.0723010387431375,0.0556278155075095,0.0726667637173719,0.078075233037553,0.0549877147996459,0.0730646059781813,0.0562834039072561,0.0729676269936055,0.0788256047418221,0.0471838039946975,0.0707235265769706,0.0564857950522278,0.0668695972930499,0.0729924495338504,0.0542613246740806,0.0719707643324539,0.0551822449322506,0.0725220659580416,0.0778049183794693
gaussian,400,411,0.38268343236509,0.25,30.3992467737335,52.3344961289888,44.1939039169621,46.3530134521092,53.2018039660828,16.1605432336281,27.1004442708654,23.0404234383191,24.1172146495075,27.5331561973008,28.1532528594324,52.5058239823036,44.6563557282395,46.4495279017638,52.3699339309843,0.0403911734308295,0.0679177780656779,0.0577412831376255,0.0604087005899804,0.0686570286964344,0.0371367577804667,0.0667937887033627,0.0562719045572667,0.0591848319664065,0.066559687392686,0.0372716522885954,0.0667410523360929,0.0566414799078477,0.0585831405527286,0.0677381852118485,0.0379987333139535,0.0659089325141503,0.0555234172289155,0.0582742284241977,0.0668959053225874,0.037006313339505,0.0659977147319551,0.0558743735652589,0.0578598198747692,0.0663143505246972,0.039984404251509,0.067227293780715,0.0569485739578653,0.0590474488103463,0.067611630628517,0.0375440660847492,0.0656474982309815,0.0552684058464008,0.0581035435112162,0.0664542826542557
gaussian,400,412,0.38268343236509,0.25,32.7130329752004,40.9827861242229,29.8757037760673,43.2978126854558,45.2078260602259,17.3142773289257,21.4389903590041,15.8995146230529,22.5935547052928,23.5461455220182,31.0674413149189,41.0888328501766,29.9848108543725,43.2716353253113,45.0218061187835,0.0430086797341244,0.0513344462440613,0.0361966121376937,0.0557737745082955,0.0588194707011524,0.0419787271935542,0.0514902059594789,0.0364808800267582,0.0552479667903457,0.0576859401689036,0.0397869296024165,0.0512848447763355,0.0367620989771538,0.0537223799043803,0.0563946420611897,0.0404240231716811,0.0505339708458561,0.0365716809603411,0.0531151591898546,0.055558538629402,0.040624372734892,0.0514982922334576,0.0376253039884395,0.0541033974437055,0.0565904100240002,0.0387963443125948,0.0533893262828742,0.0397938253222973,0.0553273454877796,0.0580894241779951,0.0411366805058311,0.0512462932430457,0.0370767807876928,0.0542118521036486,0.0565518507215322
gaussian,400,413,0.38268343236509,0.25,44.4602713751142,32.0774064340565,17.17662578188,45.4251553714511,49.4754323683808,23.1735958985469,16.997248227734,9.56554006808141,23.6544446108989,25.6745276224118,42.3510686877045,32.7363605353903,17.7998150183113,45.5680925206789,49.652966592162,0.0580566615079016,0.041999519730483,0.0233648777458109,0.0549569203009053,0.0639940225280757,0.0555276677889298,0.0402810736271092,0.0208751134157726,0.0575762413295346,0.062621290642672,0.0570604510575049,0.0410639164834147,0.0218547262691592,0.0580977696080184,0.0633624773937979,0.0554774314666715,0.0408406582267489,0.022206261077702,0.0573173595793313,0.062492885104682,0.0552157278509951,0.0392566317165495,0.020000302765739,0.0561202006564608,0.0614111063210217,0.0568650334336506,0.0420190180786515,0.0225746621894245,0.0590622306612599,0.0640969841689547,0.0552039173662933,0.040409886885961,0.021717493989322,0.0569446942903812,0.062110180515779
gaussian,400,414,0.38268343236509,0.25,24.0332575787107,47.677663774141,40.5511871199477,46.5178328724474,48.3623016165838,12.9853434080853,24.7778632326421,21.2236790988179,24.1994324318838,25.1193854033632,22.3699732153633,47.8430195992694,41.0492136023251,46.6058371778355,47.8674037109734,0.0298088003331409,0.0567341651187634,0.0477080534297317,0.0571711128956708,0.0565105918485965,0.0300447497519902,0.0546915014230428,0.042075305899188,0.0574427260156014,0.0588157332101021,0.0303135070500632,0.0608210409204044,0.051926610676861,0.0587736358208331,0.0611517763791053,0.0299954843962124,0.0598508197654867,0.0505036011990103,0.05851820552873,0.0606870640965089,0.0280587244041437,0.0586193683850074,0.0501236663005312,0.0571115081154164,0.0580558988760368,0.0314933699605603,0.0565591635220663,0.0470413267431017,0.0548420933205701,0.0584584311726257,0.0297260535427487,0.0595987594046802,0.0505589215456318,0.057899448773058,0.0602399492806914
gaussian,400,415,0.38268343236509,0.25,58.8564561450314,62.552404036117,44.5024147418756,64.6091086336711,71.6502127578195,30.3534285156892,32.1968047215191,23.1945312852883,33.2224814135045,36.7343711820565,57.3248487443571,63.1822552604344,44.8592437056316,64.6754737722291,71.9521445149038,0.0753639010071502,0.0728712828543059,0.050063351623411,0.0815952974402784,0.0840455316304045,0.0740529974540829,0.0760902269593117,0.0526286402554731,0.0784514016071551,0.0889085956966474,0.0725092266725288,0.0783858479619397,0.0557333715206316,0.0806100953687964,0.0895243064002345,0.073555092013121,0.0773582164025711,0.0540949306399504,0.0807080839246424,0.0889228641154885,0.0739573505079908,0.0791647691841864,0.0566806100770405,0.0813991380840377,0.0900521402284911,0.0730699712486984,0.0792262271449189,0.0564988833041107,0.0825888463814122,0.0902891335588917,0.0736341219530773,0.0784940349688568,0.0556140486957531,0.0812296726783097,0.0897102720453322
gaussian,400,416,0.38268343236509,0.25,42.6698705722224,47.1111096566076,34.5754968737986,43.7242894768582,52.9573846281329,22.2803845269975,24.4953641639442,18.2432083423782,22.8062793027651,27.4114072239648,41.2700278093759,47.6388337077922,35.0820886824283,43.6388099282069,52.9652004512313,0.0447642990767221,0.0548702284429079,0.0408562465928163,0.0520575643525374,0.0565103441243646,0.0475294435763412,0.0552049884900762,0.0413107716457152,0.0497777590059317,0.0633608947453283,0.0546927663393458,0.0583687170484017,0.0423820450720894,0.0550006088194862,0.0665597440606802,0.0529931902650682,0.0585622094776833,0.0429099732403295,0.0541747618623248,0.0655121349779909,0.0530261281113751,0.0587998780332719,0.0434775090252071,0.0545953074799166,0.0658467481050478,0.0513235816377854,0.0586757156354366,0.0429224787453561,0.0541261585232891,0.0644136775848992,0.0532465701962358,0.0588367350173914,0.0432009651361302,0.0543147914289767,0.065635348899458
gaussian,400,417,0.38268343236509,0.25,43.2524403552839,47.2898503991817,33.6219733808224,52.7109225777269,58.1973363082364,22.5710423671096,24.5844867123028,17.7676948527045,27.2883150063997,30.0246294025949,41.9680385018881,48.019980706393,34.3520479877907,52.6839986371843,58.5731660799579,0.0523483988036022,0.0601577884169941,0.044087880683326,0.0624990849265711,0.0711761885018069,0.0500461126381261,0.0566891114122032,0.0408908049491409,0.0646892916788983,0.0695610179738647,0.054339952321369,0.0602327926898114,0.0432624492620216,0.0670301441463732,0.0737961908812286,0.0541893837014204,0.0598286887893529,0.0424764293768236,0.0661424295234405,0.073291274638022,0.0547149708740735,0.0600735084461286,0.0427921648795868,0.0667564214950144,0.0735480926872001,0.0561793204954672,0.055384485484322,0.036826992205284,0.0644422577033704,0.0694171740745159,0.0538567746691778,0.0594041453038961,0.0421660279450172,0.0661081240486069,0.0729253210273923
gaussian,400,418,0.38268343236509,0.25,21.8990271685985,31.0426380919091,22.9862591310946,36.3658976510768,38.1733060982465,11.9207265696015,16.4810921451948,12.4630931058702,19.1360991572238,20.0376153804461,20.7930502315316,31.4885707784728,23.64007386021,36.5474909997853,38.068504252566,0.0240038595080893,0.0348587134736688,0.026253980940201,0.0406287722370238,0.039453921489691,0.0293051927635456,0.0392714536580659,0.0288255476185248,0.0456922182034662,0.048771628889412,0.0285528158920478,0.0384203751863454,0.0277284367931727,0.0455249631769501,0.0474433065830521,0.0270839003144015,0.0390361585055582,0.0288890575530938,0.0455557292736523,0.0471764568021837,0.0276899063657356,0.0396414439703638,0.029242798313784,0.0462311952856718,0.0485229546141611,0.0293851040930186,0.0373657954579815,0.0256626426915116,0.0463477184135942,0.0493725778843429,0.0277030577991142,0.0391593721387816,0.0288764387832782,0.0457998195001253,0.0478059491621448
gaussian,400,419,0.38268343236509,0.25,37.5253718831952,50.1254866588945,37.4387286450759,55.1840546753034,58.7621121387338,19.7145062269579,25.9987045459718,19.6713260614323,28.5217203668576,30.3062375176003,35.3239126606869,50.4963587051379,38.03745324634,55.2812658527953,58.4746905130273,0.0488252035300491,0.0639755263747259,0.0476310719251062,0.0713425779743917,0.0756702786163257,0.0445182983014996,0.0634406173027418,0.0476038097017191,0.0697687118721252,0.0733692258386153,0.0482574259537663,0.0640654253271124,0.0481898605802529,0.0699918980180715,0.0747984854172644,0.046991634777928,0.0624881908005684,0.0464444171148811,0.0686793392687921,0.0731983986149092,0.0458776138491745,0.0623397956987236,0.046518348517088,0.0685064877610046,0.0728681066990711,0.040201953566514,0.0567295981624245,0.0407330245003054,0.0600300006603731,0.0679511290253814,0.0470275408211461,0.0625592605800804,0.0464727741105161,0.0688769832343017,0.0733946235114006
gaussian,400,420,0.38268343236509,0.25,85.6753802194947,96.9630311706683,69.3327785691399,115.770803648327,116.332011546809,43.7296593820735,49.3588817668084,35.5783859161395,58.7393327086202,59.0194202013701,80.8186953866663,97.7080117695865,70.4526008175298,115.917158545062,115.270940918593,0.10718693185215,0.123545600203726,0.0890397368655476,0.145632662565153,0.147670403448721,0.104013274959397,0.11954334809772,0.0859724555545828,0.140586515241416,0.142239580657171,0.108011758156936,0.121515320000747,0.0867262889976006,0.14534392263349,0.146157217533132,0.106446149456649,0.121497872299156,0.0866230990474985,0.144747746151594,0.145215754006687,0.107314882398574,0.121939098605333,0.0869266155502241,0.145606800711121,0.146103781064327,0.105013835072843,0.121977704551499,0.0879992250613398,0.143540941120171,0.145259372005281,0.106295595293458,0.121363167359,0.0866528608225958,0.144720831585558,0.145075053645561
gaussian,400,421,0.38268343236509,0.25,28.4221928724801,35.5630224284406,25.4665745903347,41.532830490975,43.5038818097296,15.1741367869369,18.7357153365236,13.700217588799,21.7132113951038,22.6962254815525,27.465062729103,36.0541700683286,26.020420645085,41.5754482276179,43.7584474969712,0.0307782543510716,0.0383844943014166,0.0268076640352378,0.0461235188815533,0.0482228777602266,0.037878659157761,0.0462453123061704,0.0337005172493369,0.0528027582862155,0.0554863106922104,0.0349795667179415,0.040842466806851,0.0264806654520033,0.0499679581908592,0.0521798759603838,0.0361988579895727,0.0444436967149367,0.0314555247915211,0.0519001575753225,0.0546534007491423,0.0345215232470639,0.0461551563536718,0.0334221492680837,0.0528492338011787,0.055286182250303,0.0356749955559569,0.0467162759140419,0.0342106263880349,0.0541115299146362,0.0556971486239347,0.0358662622147512,0.0448518014827194,0.0321005374666998,0.0521019450568663,0.0546221430080058
gaussian,400,422,0.38268343236509,0.25,44.7897798678922,80.6764182710884,68.3555672393937,88.49806264036,84.4309879839342,23.3378537543985,41.2360124722348,35.0912368575742,45.1370442741629,43.1087255792723,41.5263033919625,80.8682271842182,69.2034472276071,88.6138174513874,82.965853059553,0.0573702545576713,0.102955469850295,0.087618412808186,0.112673434703369,0.107196562786386,0.0542705278962311,0.0992165573094363,0.0819068658981664,0.108835093930344,0.103195934139222,0.0544535880140755,0.0991786204621153,0.0828504662737456,0.110558506270188,0.103430985038431,0.0554490465736739,0.101404597506781,0.0853432278614296,0.111438534159483,0.105787293214788,0.056501225929075,0.100870383935338,0.0847007270176041,0.111273911840516,0.10602704389337,0.0565272159569269,0.101051955158944,0.0850309494706963,0.111677451083915,0.104700753011697,0.0555039660668869,0.101165970060935,0.0853684859482872,0.110841737496887,0.105501419310801
gaussian,400,423,0.38268343236509,0.25,58.3795711534975,59.2653853803764,42.1129943157901,58.9335956694953,75.4284892717318,30.1153250763451,30.5571535191707,22.0024868540614,30.3917080407704,38.6184602377524,57.8222157752534,60.357875060775,42.8595405981183,59.143621169439,76.5311399444075,0.0744137432517756,0.0762227259467866,0.0544936520697222,0.0760723081925052,0.0967852044104704,0.0750339666587771,0.0754936705867239,0.0540375700307596,0.0751671354987102,0.0961563841725824,0.07328138667495,0.0733597364442451,0.0516685787307663,0.0733761671383833,0.0939638600684703,0.0738192262042393,0.0747738579893547,0.0527738050553991,0.0745317014495758,0.095168055520398,0.0731421855415098,0.0741965618342573,0.0524064917449406,0.0734709021975798,0.0942660610593719,0.0717564063251886,0.0694117567906265,0.0490228656381449,0.0704429611393764,0.0911952433783254,0.0736140359042806,0.074667523187184,0.0529946505496187,0.0743161590786451,0.0949753592573878
gaussian,400,424,0.38268343236509,0.25,73.6865297881131,64.7661807786117,43.4297026261148,66.2694068006426,76.0061678056611,37.7499657651234,33.3010218728701,22.6596014354707,34.0505976297704,38.9071403034991,71.3293131928841,65.3125203370098,43.7608403726734,66.2731300779603,75.6287376431662,0.0883837326627975,0.0805331686833109,0.0555704907120217,0.0839634602550773,0.0922711853964533,0.0903599583947348,0.0772640110291905,0.0495199597921073,0.0828986158417535,0.0899202935736874,0.0940291628913785,0.0796407688297502,0.0516617947579819,0.0832891249582035,0.094595976721028,0.0918118468854312,0.0800769065128162,0.0530573254731696,0.0823759641084099,0.0937422206353021,0.0920205144688048,0.0816512126449729,0.0545775126824921,0.0837357911469973,0.0952092865147401,0.0937168609433305,0.0821778003188951,0.055164702265583,0.0838636576295321,0.095895609890093,0.0918383286623674,0.0806644203427918,0.0536521024381573,0.0826576794551103,0.0942180976761287
gaussian,400,425,0.38268343236509,0.25,58.9354757127538,52.2973227131779,33.0868141410459,63.2699363623902,68.6703038037037,30.3931183198761,27.0819938846869,17.5008720531289,32.5545382720042,35.2480204530081,55.5512544648359,52.7525890575762,33.6564146706902,63.3989869333002,68.2407025753828,0.0573340880291961,0.067766285115319,0.0438531829145412,0.0797456451611814,0.0840716162430999,0.0716730241456431,0.0655622985359931,0.040980240679469,0.0778356933408321,0.0851775053465242,0.0740865271116671,0.065708222941249,0.0416825608595609,0.0790930725729104,0.0856451304089019,0.0723814688836888,0.0654078328950787,0.0414070098349577,0.0790360217400105,0.0854376950149119,0.0718714613727225,0.0651051884739445,0.0411272924487244,0.0785188957910275,0.0852099792117014,0.0757330766487252,0.063303470825815,0.0387523082216121,0.0786491463520802,0.0863961959954508,0.07326178482778,0.0654175368673712,0.0411768038645276,0.0793389318176305,0.0859913322709497
gaussian,400,426,0.38268343236509,0.25,31.4913041411899,39.153769386655,27.8411869705536,49.557450650668,46.9239164822136,16.7054003470926,20.5266629798446,14.8846371001992,25.715469257075,24.4021272795957,29.5796492758812,39.557713129699,28.4547744185598,49.6387726227341,46.5371148144709,0.0327416728308319,0.051341268382258,0.0359113459952225,0.0636506480849711,0.0562719362232915,0.035339219761128,0.0479863714665047,0.0346150110021863,0.0616175177778542,0.057458656891788,0.0384929862001385,0.0495293510044435,0.035206528294177,0.062377564311613,0.058966204023726,0.0374067669228583,0.0490868437796788,0.0351170280633904,0.0622808386428681,0.0579347667717447,0.0394398670717871,0.0494448040425929,0.034337917724341,0.0626293385910481,0.0593153708738648,0.0411756551662704,0.0505757209143328,0.0364218425045006,0.0623328230450213,0.0609855519531526,0.038311275093154,0.0488336759532122,0.0344060624954597,0.0621044732478461,0.0583167307365421
gaussian,400,427,0.38268343236509,0.25,40.4546618342094,45.8358436693542,31.9476793516663,53.8965693836061,58.0829771922353,21.1755332859232,23.859197676275,16.93251626021,27.8796278653058,29.9675476553388,38.4417898695365,46.4979098988441,32.8236091997799,53.9304127479186,58.1529477538777,0.0522078011091429,0.0597165624930303,0.042086935392315,0.0693250683922344,0.0741651300813737,0.0509796770019095,0.0558677437063666,0.0372520099776144,0.0668155097864644,0.0714183724377877,0.050831606907185,0.0573700559186219,0.039897343777594,0.0670652968428957,0.0722872349043408,0.0505316133839115,0.0581976956699411,0.0406794464924871,0.067820366314649,0.0732254028863415,0.0490567514588033,0.0562753304534966,0.0394787685614181,0.0661446564841414,0.0708165294638654,0.0510496557340511,0.0555860995946556,0.0384323624397937,0.0656529958518553,0.0714611202032525,0.0507148260710366,0.0576959281462454,0.040201199124327,0.0675260021011652,0.0728313572889682
gaussian,400,428,0.38268343236509,0.25,52.027801815421,42.941096935132,25.8272627301834,54.9514525277747,59.3065578388375,26.9477040213219,22.4155758131319,13.8801550773299,28.4057015867896,30.5779274272735,49.6777944098449,43.5532520528844,26.4845536447676,55.0598231060275,59.075901591132,0.0621110126949731,0.0561762652200414,0.0342721632257632,0.0708696683369509,0.0751791619980011,0.0671837230148726,0.0539873452999692,0.0317545544696423,0.0693997225965282,0.0753851446271229,0.066319685034408,0.0543139601326466,0.0327233060090535,0.0696413213643107,0.0754333078498717,0.0650567927887957,0.0537609238353071,0.0322971116578329,0.0686010926496502,0.0740975549143645,0.0643976572849636,0.0523805056636419,0.0309957571966141,0.0682726615623409,0.0733042704378985,0.0485001681893122,0.0502085533520101,0.0321362670337949,0.0623069252796522,0.0662175166001727,0.0649568619161812,0.0539570193737019,0.0324037858808559,0.068969538168475,0.0741842207936701
gaussian,400,429,0.38268343236509,0.25,62.496693675504,89.7550165257383,73.5235410159662,81.7448424204783,96.3670129597372,32.1688429111542,45.7638489679781,37.6684688923151,41.7688931106911,49.0617224920496,60.690546291793,90.6593048454085,74.3721276989172,81.8212277585345,96.6407584429387,0.0751561869488896,0.113144932688142,0.0943297126357224,0.10031687182109,0.119523482671346,0.0757389560040872,0.109990373635635,0.0897484299720783,0.0982721381920914,0.117120296666846,0.0771254449658887,0.112577562958082,0.0926646721486087,0.101940582573161,0.120272767728837,0.0791073816376913,0.11260461772206,0.0919410383958773,0.10272732476617,0.120822210767024,0.0787529240701524,0.113446913477002,0.092819259320561,0.103123078722663,0.121194608708531,0.0801355342299634,0.111726471493369,0.0893769007100723,0.102419200670862,0.12079514683483,0.0785209853397612,0.112854277152452,0.0923672782725175,0.102607928929318,0.120831212335066
gaussian,400,430,0.38268343236509,0.25,40.7691630746949,41.7221454275108,28.1549835018301,48.8065006300859,51.9325237162137,21.3325164652169,21.8076490191276,15.041071947398,25.3410641741627,26.9001312297556,38.7611005285002,42.173747330847,28.7537121380719,48.6824613743783,51.8413868589988,0.0461651702044734,0.0455212676237494,0.0307785334694182,0.0482735004742272,0.0570193167865349,0.0506974597565496,0.0521306131973121,0.0341797340096023,0.0622794946541951,0.0647279395773008,0.0516634517655265,0.0533010042860142,0.0359531936397201,0.0625373493112618,0.0662380811565407,0.0511779482339985,0.0525120752294522,0.0354444501631421,0.0612485413238004,0.0653086336426281,0.0509226881964781,0.0527022048638043,0.0354318011270427,0.0618352553972687,0.0655978363596921,0.0529936402341829,0.0500216697780286,0.0309616450912216,0.0598415582036479,0.0648210226878734,0.0504046241987049,0.0517615571349809,0.0348109879572085,0.0604479262828813,0.0643050928443555
gaussian,400,431,0.38268343236509,0.25,39.4165895371932,38.3186500647806,24.2313183959096,49.8363346698915,51.6827921904899,20.6577131811669,20.1101146897879,13.0842019227021,25.8545570584893,26.7754530797291,37.4610305871622,38.8102301508993,24.8201187566835,49.9184842748657,51.746968786825,0.047719758324341,0.0484771590286762,0.0308220268498401,0.0628845015334819,0.0638322348242466,0.0481518599501295,0.0464195099811897,0.0297746285400293,0.0602591976941181,0.0617240810769641,0.0494395428299912,0.047566287233076,0.0297021472566439,0.0623095521329622,0.064544026361894,0.0495656412737375,0.0485741889185951,0.0306237429272232,0.0631324004388104,0.0653836271883184,0.0495129622775486,0.0477623901149467,0.0299549504672305,0.062083014725473,0.064618257425476,0.0502003936115367,0.0499500806888718,0.0320487002438109,0.0645644614200719,0.0670407889154533,0.0492606316738231,0.0478958745886062,0.0299078822716798,0.0624788435224179,0.064764020008588
gaussian,400,432,0.38268343236509,0.25,48.7914535088991,51.1804491495855,33.4226420641792,65.9281219601645,65.5189299649628,25.3334383433475,26.5248539288961,17.6682268056772,33.8803242805691,33.6763301815475,46.077113641266,51.7134124048382,34.1749775907535,66.0590050089739,65.1399897130929,0.0602884550559633,0.0587358614552741,0.0360717531428783,0.0769463320524001,0.0755220516781944,0.0607153732565884,0.0653283423091994,0.0432413058669234,0.08423185445912,0.0823691907080386,0.0622040117663162,0.0635164180506485,0.0408969201544782,0.0830185866357501,0.0818941259943397,0.0608712818354134,0.0645257207075548,0.0422791991949294,0.0827276332519552,0.0818317951969706,0.0611885860380134,0.0650354751911427,0.0427713501517293,0.0826622664693741,0.0824310828624673,0.0623744963633022,0.0661038935717708,0.0440711794222419,0.0838998534222343,0.0839001466131057,0.0612112562943893,0.0642504252629165,0.0418330871850607,0.0824719067485247,0.0819564377824019
gaussian,400,433,0.38268343236509,0.25,43.8328214282203,67.6327238118757,57.5841158119076,54.2763978105372,66.0633154597603,22.8603273017149,34.7305948059541,29.7189707414516,28.0691675918115,33.947871758432,42.8273786603595,68.0336389392336,57.9310158488997,54.112912294494,66.1490872082776,0.056539314802991,0.0859410249014148,0.0729745658667763,0.0695267433642336,0.084894084752766,0.054204935211498,0.0845760240952456,0.0726101265999455,0.0680869409603077,0.0818221308006027,0.0564399984998666,0.0849059552811647,0.0718601632722008,0.0688389402356253,0.0832336159050445,0.0550228375781048,0.0851713414705264,0.0724023862032235,0.068218897383529,0.0830958251585726,0.0552718362612554,0.0839785106366432,0.0711317500034113,0.067775954569631,0.0817935648847094,0.0552588394305585,0.0867018144545434,0.0742302391477466,0.068742425234933,0.0834619956008955,0.0548663029890246,0.0843679127118271,0.0715277789936775,0.0675303766065257,0.0823533703460253
gaussian,400,434,0.38268343236509,0.25,64.0495176342228,52.7530356377737,32.0420326544095,65.9532075935689,74.7237748522299,32.9433897715427,27.3091560694446,16.9796443819016,33.8927146269668,38.2670790347637,63.1492805396571,53.9080458627069,32.8300157464687,66.2367269792689,75.7069925257238,0.068058261461685,0.068377253173556,0.0418137855926782,0.084243518755222,0.0912041625627582,0.0819378607881378,0.0665309449357607,0.0399920605914574,0.0827301369158721,0.0945206754892233,0.0798570183490909,0.0657677848201512,0.0398671543433979,0.0831182282782777,0.0938400168425514,0.0808132418696615,0.0662851028917565,0.0400289173608997,0.0828415982188954,0.0939506741209557,0.0806427394537921,0.0661140818709948,0.0400945792886416,0.0827972602892035,0.0937218780927551,0.0793061266543982,0.0658020479940579,0.0393781634332837,0.0823259370916041,0.0936503804074852,0.0804051867173781,0.0664405816297357,0.040282141547967,0.083043399276423,0.0939664103494903
gaussian,400,435,0.38268343236509,0.25,31.4565926327228,64.2102384611453,59.4826086088956,42.2061521882748,58.8670696866373,16.6876859861664,33.0233830885098,30.665446196183,22.049059613292,30.3586833935431,30.1364120735779,64.5929378642531,60.1436391012674,42.1366998783556,58.5057601936143,0.0352585484235699,0.0826454566817978,0.0767849503363096,0.055193791306629,0.0753555664567886,0.040590774717967,0.081373917107807,0.0746536801692907,0.0540942258963067,0.0740015563025354,0.0358028252860115,0.0780214904518195,0.0735364246981531,0.0500488417312304,0.0704975893920166,0.0387034997094117,0.0803257090091502,0.0746210228920525,0.0519894751308911,0.0730973653117379,0.0380124212658054,0.0807765477939265,0.075233783988929,0.0525132617251734,0.0726984569793729,0.0413184328072814,0.0811041585327754,0.0734065352488414,0.0534616884866774,0.0755573254745168,0.039392774425997,0.0806750488805007,0.0747799505640217,0.0527617477865737,0.0736234800598732
gaussian,400,436,0.38268343236509,0.25,39.9325013419089,46.9944836497072,33.3923777430858,51.7752987059908,57.8449601850551,20.9148039946583,24.4370964812424,17.6532338601242,26.8214722797952,29.8487168465636,38.8301289784886,47.603294182006,33.8463102012,52.0765730733523,58.2408878725065,0.0521525104914759,0.0612289788389414,0.0438354498996376,0.0658316124410149,0.074675812220509,0.0515609745433122,0.0606053098048159,0.0428115814820666,0.0660826038343804,0.0743276798936659,0.0513244264938022,0.0606220071823239,0.0434211431067305,0.0662801114056666,0.0738595896238865,0.050407717361879,0.0595831278527411,0.0424101563764794,0.0653394616999998,0.0729698149479975,0.0509027967501158,0.0601706707369655,0.0426722498483823,0.0658451319936235,0.0735214241042171,0.0513057274490039,0.0586472806753307,0.0421641160028393,0.0652502255303745,0.0734453641389044,0.0505078493863015,0.0590239004172246,0.0415138679214301,0.0653737688910392,0.0728504404453694
gaussian,400,437,0.38268343236509,0.25,25.2314957865573,26.981324129379,18.3425773397346,30.9419865565758,32.0259399591842,13.5831811290117,14.4557400288718,10.14717343158,16.4312219206721,16.9718512543831,23.7030669857356,27.2103244717173,18.8110131317696,30.6981295669417,31.5851406783247,0.0326483743259144,0.0360254969784547,0.0236920928419467,0.041148390415814,0.0421213308144952,0.023303027628668,0.0288340197333853,0.0200979288021726,0.0281419005582284,0.0321927384617362,0.0331879489916022,0.0350444470421638,0.0236019446819361,0.0402610667104619,0.0417969293362915,0.0317977124438747,0.0346027789438855,0.0233574379325764,0.03939152363747,0.040768542531157,0.0314765075193694,0.0347970616033533,0.0240247436962675,0.0390739590868923,0.040506221938959,0.0294561854695478,0.0340059605158386,0.0237000016765992,0.0394725547448745,0.0394368661314905,0.0310996358241519,0.0335674618617552,0.0227746429465984,0.0384033038214263,0.039661974981286
gaussian,400,438,0.38268343236509,0.25,29.5780427298968,33.5180245828968,24.6810160572691,30.8543201651126,40.8562183756889,15.7508406819858,17.7157009024911,13.3082508549886,16.3872735770419,21.3757038480541,29.4715946597027,34.2201416612819,25.2724960083864,30.9305578140342,41.3925808394651,0.0392570296775468,0.0442149666695129,0.032029034640843,0.0410589849194376,0.0534266941390661,0.037574111379743,0.0436259362967489,0.0327247961559013,0.0395678220876467,0.052019756212053,0.0379362324719883,0.0426356708484416,0.0318181052267822,0.0386285541661042,0.0512354357202602,0.0367700646159999,0.042234069414116,0.0311667836205196,0.0384253540445464,0.051232138089723,0.0356942391931392,0.0413595776887199,0.0307902435477231,0.0377637251927589,0.0498545557781483,0.0386601981509853,0.0424580991313435,0.0307645793301264,0.0383527889079961,0.0522187985260973,0.0367786810555178,0.0422395733390424,0.0312516135354391,0.0385909337974553,0.0511148671338649
gaussian,400,439,0.38268343236509,0.25,42.9077486464225,39.7965402511752,26.7423031364648,42.3041914065344,52.4593735694035,22.3988845066356,20.8471973851921,14.3364655559186,22.0979351772677,27.1627069884619,43.6387292424624,40.7323978384693,27.298219771396,42.319530493314,53.6492206121548,0.0551782004447479,0.0514116052978701,0.032526127213937,0.0548651631292676,0.0679955492081285,0.0551596096961624,0.0509374514120394,0.0340001530947317,0.0536635022681405,0.0670461172268222,0.0538280926487995,0.051030521331029,0.0342125690235531,0.0535414476239268,0.0668017460481516,0.0544545443845805,0.0502336283831159,0.0334290244794078,0.0534305391775135,0.0664438727348076,0.0545452654772855,0.049069744015937,0.0323524462023181,0.0527941979668449,0.0656206149365742,0.0554033833800335,0.0520200042587851,0.0345849333318904,0.0545661081340354,0.0677769966594552,0.0539158260806971,0.0501166126450187,0.0336705935429536,0.0530382937536756,0.0660744160447634
gaussian,400,440,0.38268343236509,0.25,58.3768859738916,68.0170712108018,47.8798527960171,81.6946332403585,84.102321231297,30.1141227495584,34.9220997097095,24.8788263375536,41.7438469368975,42.9446154477749,55.277500390116,68.5380159433579,48.6315989988215,81.8315209746611,83.7631173377935,0.0711090337037621,0.0861532380184341,0.0618928279594436,0.0990019937664234,0.103470979910953,0.0753387121823158,0.0862253917513557,0.060340995131012,0.103517387118096,0.10672494773766,0.0723068462159034,0.0850222603144626,0.0592427770831271,0.102586268091688,0.105181553739145,0.0731359767087129,0.0857778639260171,0.0603621585423083,0.102716918483599,0.105983927020152,0.0730915811550221,0.0857029064372543,0.0607799518155913,0.101450551567538,0.105159149118798,0.0750538979081259,0.0870507370386829,0.0611904024814273,0.104459134150142,0.107420050490749,0.073284637516927,0.0854375878414583,0.0599414707823211,0.102417396956432,0.105606854399472
gaussian,400,441,0.38268343236509,0.25,43.7379238508336,64.1456559021652,51.5707582016315,62.7149125225998,66.4238276708539,22.8134392090749,32.9913766080723,26.7197117799096,32.2778717089215,34.1277777807469,40.7500858746703,64.3571015309319,52.1886957797843,62.5858833363562,65.5449364645482,0.0439984851993282,0.0813571452168368,0.0669371911086308,0.0792832130946129,0.0792995166204295,0.0553004379328624,0.0799963207121782,0.0645087033713583,0.0781575995808007,0.0834350355827032,0.055411849076874,0.0810009171234504,0.0646365971918408,0.0790186312571887,0.0839965156294498,0.0535293465251011,0.0804645612502943,0.0648946475084761,0.0780821335758694,0.0827498709503924,0.0542104656346644,0.0797300849172034,0.0641294213832519,0.0778107076056675,0.0826786715396529,0.0424072693088358,0.0798850683511338,0.0646366956484762,0.0742470230472416,0.0772019128350103,0.0533367776722554,0.0802348843265124,0.0643387175205459,0.0782417097973798,0.0827302404773775
gaussian,400,442,0.38268343236509,0.25,39.9438023889319,53.6625521401733,42.2308582778663,51.9439793310636,58.415861783328,20.9209858682187,27.7628142478067,22.0612377001071,26.9058083007682,30.1338540942529,37.7717205063911,54.1514088920201,43.0244576021902,51.9022943358928,57.750910566211,0.0214118277003472,0.0568037263855369,0.0502840803915054,0.0503548723133474,0.057955870897523,0.0504314913622057,0.0687065029923703,0.0542310008471441,0.065664583998979,0.0743718468896462,0.0487036532415073,0.0662451372500711,0.0525920446073394,0.0639070737587591,0.0712363502270372,0.0492741503781143,0.0675687252265415,0.0535717687805684,0.0647123778007671,0.0726113121714538,0.0491651395984627,0.066283450473121,0.0527017433338549,0.0621863806082064,0.0705669736117841,0.0517269384917576,0.0691520984467722,0.0540178387048541,0.066916144200547,0.0755039315445929,0.0492698051341236,0.0671798442295351,0.0530160568788491,0.0645796940619448,0.072488378788154
gaussian,400,443,0.38268343236509,0.25,19.6588036855155,48.2552729872284,43.431305621959,47.3986589657263,45.9795075266817,10.8034864271364,25.0660551744163,22.660416161973,24.6387182809044,23.9309621916004,18.1219130888613,48.2130794553676,43.7963970155844,47.5157105646953,45.3434023276403,0.0110253999664704,0.0410960026744835,0.0381050937469733,0.0432091548324103,0.0415744346189405,0.0263675380193598,0.0624717828272026,0.0562799651512925,0.0611849486772979,0.0595980630782086,0.0244216922392496,0.0594208050178338,0.0525354541999378,0.0598042872463548,0.0567139997577493,0.0243301171547994,0.0608819401579527,0.0542358964732515,0.060043206049349,0.0579039310738978,0.0252054269293396,0.0609330343559827,0.0544871398109884,0.060033400165112,0.0582024317003418,0.0222256212476899,0.058764570686084,0.0540707271408967,0.0548168288159994,0.0554927646125227,0.0248789810992373,0.0603712421565321,0.0536271588851321,0.0595310124418724,0.0576709143804555
gaussian,400,444,0.38268343236509,0.25,78.4069153531802,64.1799913620157,39.5812446409216,78.1097162301514,87.9979017545007,40.1041821930094,33.0084523855031,20.7400130950855,39.9557897861053,44.8875386970005,76.4860479431551,65.2582420201209,40.2673109766217,78.3566410670383,88.9363558669043,0.0988613970397798,0.0778352082568298,0.0441339411767479,0.0997703720903134,0.111636565839047,0.100120511619031,0.081504541910865,0.0498922914498001,0.0995051383123099,0.11147789217111,0.0982727612820747,0.0801040282387149,0.0490075060637059,0.0979095894019735,0.110180682449383,0.0977912547243327,0.080951785435568,0.049735978554156,0.0984992743181465,0.110806999975211,0.0982068631070729,0.079886256297316,0.0492763862832751,0.0971226834157296,0.109756490588981,0.0987926811420924,0.0818340364487511,0.0497677465769137,0.100076901119736,0.112383475304626,0.0982690084006531,0.0805547556704749,0.0493313499708077,0.0981354649168195,0.110499526440085
gaussian,400,445,0.38268343236509,0.25,47.2362870196766,40.996128673195,25.3354732166469,51.0951008379932,56.3428513466799,24.557831575396,21.4455447572115,13.6349790455583,26.4823065029514,29.09962449057,45.4677602915438,41.5888220549957,25.791046821133,51.2634636410779,56.7235408692238,0.0587362905778019,0.0537444394109333,0.033299801734753,0.0663686489684248,0.0724819487330796,0.0597750098645442,0.0497512562660153,0.0304402624869568,0.0613658393681038,0.0693176130031351,0.0601039002791127,0.0514615150096559,0.0315057475626479,0.063929288723888,0.0710210501506279,0.0589758817971489,0.0516655585279611,0.0319700322361091,0.0643300033154225,0.0708687766138992,0.0590882265822182,0.0517761931802596,0.0323645685800564,0.0643216747560751,0.0709422508262359,0.0580875723802885,0.0488392674928118,0.0277008402511178,0.0643925355950249,0.0693009617454201,0.0591531987223795,0.0515020261687373,0.0315348097744823,0.0641983291139238,0.0707680793006529
gaussian,400,446,0.38268343236509,0.25,27.8648653272429,71.3453498888521,65.8715306657683,72.0644883490604,68.0051277344455,14.896684528265,36.5820936000672,33.8521975683141,36.9408509471196,34.9163511983609,24.8366676823302,71.2631064738679,66.7373709670298,72.0958789414468,66.1921881184273,0.0291528912927907,0.0914868076668178,0.0847883326571288,0.0925422354025582,0.0856761133041396,0.0341124396883606,0.089288806281589,0.0827364517087246,0.0886468819064052,0.0851810938337119,0.0343558715752253,0.0901726324214409,0.0836482905384475,0.0903800135699736,0.08499064129409,0.0349688865440785,0.0893042107945875,0.0821454737171842,0.0900595106160534,0.0849904233845754,0.0326151636420866,0.0877871686671219,0.0809807865836425,0.088543267438119,0.0833536346654361,0.0288582045610106,0.0901788846917242,0.0805574668999696,0.091162095254192,0.0858989732370952,0.0343133440167273,0.0894818695153583,0.0822387839831991,0.0901597378549562,0.0850610289531309
gaussian,400,447,0.38268343236509,0.25,45.7449971904849,50.2787483299098,36.2591660077932,51.266814778481,59.3978045257295,23.8141999897621,26.0751683328013,19.0829343194743,26.5680296734617,30.6233924875249,44.0773627802757,50.8728226236349,36.8280628493787,51.3145470127586,59.4825667073611,0.0520103532962403,0.0353377531675768,0.0140736793644812,0.0383504569900476,0.0500677965418282,0.0567210610820477,0.0622620984087109,0.0452161766800512,0.0619130889666178,0.0728302745218012,0.0544864909415568,0.0618721280254033,0.0454400524491929,0.0621122852488064,0.0722767146853442,0.0572637214380153,0.0633795313882177,0.045501120008988,0.0644423346569962,0.0746905183337839,0.056697743644479,0.0627470742695847,0.044500966362693,0.0639690748142241,0.0747096029831422,0.0549524469324615,0.0634305273372371,0.046104396666322,0.0641206748563016,0.0746300423173177,0.0567344808429022,0.0633237619920119,0.0457031941236955,0.0643466352989974,0.0744657198400266
gaussian,400,448,0.38268343236509,0.25,50.541454426945,68.7314702480006,53.9063092751233,71.6057869332203,68.1566477716952,26.2067955062819,35.2787581213028,27.8848027980276,36.7122892023264,34.9923526419659,47.4574970158437,68.9010550246014,54.4314975897504,71.3584454189452,67.0762246076006,0.0644810334153958,0.087824475554336,0.068490563062251,0.0912564369045796,0.0872598865664989,0.0620822773482197,0.0844254045029882,0.0660594978959751,0.0859438683512847,0.0817726731775562,0.0638865828068866,0.0863096016023717,0.0676060746383211,0.0890371172086269,0.0850470520219541,0.0624877056193463,0.085954811483631,0.0673562830615443,0.0889359481893501,0.0845200545120578,0.0628962633849533,0.0855910800274373,0.0666008239302175,0.0888039010682275,0.0840361853310087,0.064433580170725,0.08702908661616,0.0675487059380329,0.0903353064417041,0.0859129984282211,0.061533978302612,0.0852227266171569,0.0666424112722462,0.088794632024067,0.0838717421436482
gaussian,400,449,0.38268343236509,0.25,86.001985911317,90.9539066692708,64.5840708350645,97.9202267842635,106.621183219181,43.8922898976318,46.3619400857404,33.2101038592413,49.8363841199143,54.176245383458,82.3720961977571,91.7455945707343,65.3050809745596,98.0214808566504,106.327181048832,0.109626816363089,0.114878692119159,0.0826576025321026,0.121912623124683,0.134967433090194,0.109245179268414,0.11483283282558,0.0818844395900477,0.124092804021926,0.134421810349851,0.105953121603636,0.114482491870173,0.0821292681653809,0.122400637210831,0.132736562918079,0.107189468620636,0.114022715894264,0.0808979413627747,0.122575852325401,0.132971329883397,0.106982320084827,0.113957298229773,0.0811837657974142,0.121588744243546,0.132319873597531,0.10909611880588,0.111736776440675,0.0739701885067084,0.124726182186483,0.134299102400876,0.107567712246898,0.113986702808876,0.0807554353755051,0.122540192920374,0.133006264327243
gaussian,400,450,0.38268343236509,0.25,50.1401074599106,42.7114072157164,28.6138704985161,38.3612747478929,49.391089770244,26.0059383663678,22.3012474019104,15.2701462634891,20.1315650541902,25.6327386938307,49.9076813939353,43.2808870014815,28.814684388047,38.1285171378664,50.060014218382,0.0603969167023753,0.0558825590413602,0.0369240705396646,0.0470458476841292,0.063001006531079,0.0606041856643227,0.053610002612885,0.0368682732488015,0.0463976179494345,0.0606327134004735,0.0621312895318015,0.0529207091297592,0.0349124048857125,0.0471277271434091,0.0609884476775276,0.0632662860722636,0.0527342768741998,0.0347601212176765,0.0474815164229985,0.0611397635641114,0.0618104011303869,0.0514071494757337,0.032937699172332,0.0465967234120703,0.0599200004409257,0.0621351276217331,0.0435856125429354,0.0242879830924568,0.0393531423673012,0.0521853574010064,0.0628475564634283,0.0527212524891265,0.0349783417541343,0.0474465759484166,0.0611070103463073
gaussian,400,451,0.38268343236509,0.25,25.3083931199064,46.5922846450773,38.018681920891,51.8895587079789,52.3361020009333,13.6212663843661,24.2364348704625,19.9605378128601,26.8784697961378,27.1012226387119,23.4448415710027,46.8869386725334,38.6790085061031,52.1471460924069,51.68734833581,0.0339424311475358,0.0605926318214325,0.0490293509441558,0.067230550059992,0.0677182859257868,0.0300685144812859,0.0556377326915361,0.0423927923413022,0.0638365710578342,0.0645993275002786,0.0325304330913421,0.0580479085054401,0.0468105087182635,0.0659851805549809,0.0658325582134934,0.0322584537402471,0.0594592892839009,0.0483808686852278,0.0657414025713353,0.0664648288821454,0.0313198168914951,0.0584963346746259,0.0475157193950842,0.065190974318196,0.0653876326644065,0.0295718877734304,0.060473953523695,0.0487226270295313,0.0649270822984022,0.065703257007233,0.0318809098895914,0.0586000289597963,0.0474265049726504,0.065260477265383,0.0657665278608107
gaussian,400,452,0.38268343236509,0.25,36.661790036274,66.2736329282544,56.5433277224933,63.3384692212269,69.1671040792404,19.2837776236525,34.0525558867959,29.199729701338,32.5887250092239,35.4957096504233,34.3991246562588,66.5536923601787,57.1946338777077,63.4131667949843,68.6569639745861,0.0334668355559049,0.0852760027996774,0.0711166789757002,0.0766836350434867,0.0844504040058334,0.0441371927801767,0.0823588608436236,0.0704393951047341,0.0790300468000871,0.0854173568853352,0.0470227168125954,0.082128256653979,0.0685100423882874,0.078960943881233,0.0864010799315158,0.0463797243488913,0.0837032005459188,0.0710595648953245,0.079562887657439,0.0873321200026263,0.0464301929111687,0.0828544692136676,0.0699097503161982,0.0791081607214023,0.0868916258054458,0.0465787684421827,0.0841696194765882,0.0719586636366171,0.0808667981781363,0.0872477540848347,0.0459078574098666,0.0832895183047887,0.0707965308568087,0.0793978157468385,0.0867378771510749
gaussian,400,453,0.38268343236509,0.25,25.3480507291701,42.3432415665169,35.2737899673125,36.4781139016276,45.0620822987985,13.6411089621937,22.1172269139319,18.5913863530938,19.1920948544818,23.4733901665774,23.7495543624383,42.7051354243082,35.9645879539748,36.5984742313432,44.672361662675,0.0315092359526896,0.054544607023176,0.0464091760278067,0.0439666091607025,0.0561070921422996,0.0315046321391209,0.0505324712327898,0.0397941543474011,0.04631617963099,0.0558972757930427,0.033053556768831,0.0536508666018978,0.0446284329558876,0.0458041214370888,0.0568927945604111,0.0320468011043803,0.0535578863465628,0.0447799975430943,0.0459489935202026,0.0564099791884535,0.0314389885227633,0.0537250298346725,0.0453557082213858,0.0455536283745202,0.0561470642411707,0.0301290881577113,0.0542816868827551,0.0462856369366618,0.0439777687280711,0.0570608812783293,0.0315403850313412,0.0532170054196498,0.0443409122528148,0.0457776467149094,0.0563351347541198
gaussian,400,454,0.38268343236509,0.25,41.5829527282764,35.3607067847023,19.3240312686908,55.9168302941368,52.4829939668834,21.7382743111889,18.6348596036016,10.6367831731782,28.887133424112,27.1745545494896,39.3561392620249,35.9172087702737,19.9676797329965,56.1313647813523,52.4650138312586,0.0344778578838866,0.0424340267658652,0.0240463668635854,0.0665455040691894,0.0614289066608599,0.0529222179124868,0.043273168235547,0.0228029127940693,0.0685594834555725,0.0648546251422239,0.0512260149726024,0.0416724242000067,0.0218106280450959,0.0671817414955859,0.0633715760100168,0.0524265372750399,0.0441408882909724,0.0237737195313497,0.069999937451753,0.065925189366853,0.0506965747869245,0.0428716902220894,0.0225730425174891,0.0691325493241008,0.0644511203942821,0.0523754387152641,0.0460122930640492,0.0261001306965917,0.0715605843792805,0.0671380385300347,0.0518141707547481,0.0442422838152592,0.0237618870640489,0.0699705684084071,0.0656890643369832
gaussian,400,455,0.38268343236509,0.25,28.2159045955324,41.1040141527061,31.4305934474755,44.6168218442574,48.8798133009056,15.0713300400834,21.4991970329787,16.6746944883583,23.2513016240753,25.3773657872208,26.8543154970185,41.5759105463992,32.09076976863,44.7236303340502,48.9429156112599,0.0376551266600233,0.0532857162989903,0.0410489764020966,0.0556904257433229,0.0613181295042252,0.0369026084625666,0.0535874101565729,0.0412642774456916,0.0570783054881205,0.0628634283477008,0.0353748164511545,0.0534285112704243,0.0412675781556387,0.0570298513940139,0.0624571322159356,0.0354287060734807,0.0519327037732501,0.0395671135649797,0.0563479979091496,0.061885262963712,0.0346500990533537,0.052076870063998,0.0400459074146918,0.0553121175215868,0.061137502800333,0.0356296379498441,0.0523576796138385,0.0409315589245668,0.0570803600912254,0.0619994079254329,0.0354978868072337,0.0517872903578137,0.0395420733660921,0.055812378816399,0.061517573059558
gaussian,400,456,0.38268343236509,0.25,35.6836658643208,48.6908239437468,37.4833718217428,49.9394054913424,54.3318573690032,18.7962783749861,25.2831908192352,19.6935422374575,25.9060141306053,28.0968134231798,32.9138693071658,48.9270848832433,38.1162337359424,49.9291317933886,53.4539713507191,0.0409462090943867,0.0621310110403459,0.0493082192194225,0.059001609171169,0.066337466935076,0.0439760490501853,0.0603676775189402,0.0458164989944063,0.0619248160119179,0.0677057274102819,0.0444985295653141,0.0598803648993715,0.0447325016718721,0.0626862658186765,0.0675899467594142,0.0432601133322245,0.0606164014756327,0.0467313188554756,0.0615332070753118,0.0671032565361221,0.0447617176970175,0.0624013779144417,0.0480579387715094,0.0637887488069935,0.0691291708899322,0.0468082268876706,0.0610148993885831,0.0453885083071011,0.064142755815739,0.0698398701777274,0.0439677563941819,0.0610147039923231,0.0469278022146145,0.062315765864146,0.0677514164946354
gaussian,400,457,0.38268343236509,0.25,59.6924878949351,81.351235077143,64.7552375571798,81.2581482486524,87.649501730439,30.7707715145191,41.5725580314141,33.2953710196919,41.5261986333028,44.7141348518957,56.3842871171047,81.7377204368347,65.5430365828071,81.2845430109982,86.0839960874849,0.0770685683168535,0.104136177295436,0.0831904095118093,0.103991713048379,0.111789537414194,0.0711229948021653,0.102147785199122,0.0823541485960817,0.101856646488861,0.109371713131561,0.0734458648923256,0.10234299679409,0.0797986948833115,0.102521206568652,0.109740554126388,0.0740476605743771,0.102198719069451,0.0813592726917621,0.101955095828569,0.109350594882091,0.073814433001304,0.102182554916928,0.0814150815770929,0.101540171243451,0.109352060441758,0.072495116765182,0.0990963783750612,0.0790277582376977,0.0998244013938517,0.106293342845384,0.0740715145472304,0.101824602522247,0.0808675019286483,0.101677783714825,0.109191143333839
gaussian,400,458,0.38268343236509,0.25,32.7363490187018,42.8161283209828,32.7567212606686,44.2494651654898,47.5768677595812,17.3260398199044,22.35328483254,17.3362310400355,23.0682366644023,24.7278064623064,31.7892487474818,43.2821591005425,33.3232411852459,44.1186643090333,47.5623140845571,0.0430054766843194,0.0556654035527907,0.0426429495214787,0.0568236008764685,0.0601381113767205,0.0404093175649896,0.0542824086966819,0.0426263508706314,0.0566844626332175,0.0585137332633411,0.0414472088512684,0.0529393783286859,0.039726756939662,0.0541491355465274,0.0584587157331195,0.0408908436031241,0.0533167957732549,0.0407691598489356,0.0548877488308049,0.0589489200458869,0.0414571391484161,0.0542766998192194,0.0415520981255471,0.0556062656574831,0.0604352376696227,0.039708904144969,0.0493084422183389,0.0380222296340582,0.0511851374707648,0.0536606030280906,0.0408099397347217,0.0533905050030387,0.0406201774774473,0.0549714012478889,0.0591157292499938
gaussian,400,459,0.38268343236509,0.25,50.1187357414654,56.1516142886906,40.7997108592136,55.8490860299056,66.8693506263815,25.995245069126,29.0043028726191,21.3477076449814,28.8534280686447,34.3496651252103,48.1727209771561,56.5975846105729,41.1354371019246,55.8986770293644,67.0496703212855,0.0650035558979145,0.0721641579200119,0.0534408004111206,0.0674008367320794,0.0855518206766086,0.0588065897630273,0.0655245478233102,0.0465939174677719,0.0642632940132589,0.0777365134897775,0.0638129319317032,0.0692447021563539,0.0491518555630001,0.0697011481894366,0.0834762804202161,0.0634365056529679,0.0706684430102925,0.0509810635550546,0.0703036579978362,0.084253802239031,0.0628699560141062,0.0687420964701774,0.048580198331204,0.0695679136206725,0.0834316762310263,0.059306791876046,0.0708315480493413,0.0514930020358906,0.0698247203635851,0.0821766308178032,0.0629686000614387,0.0703696140957197,0.0509004714235644,0.069871136782373,0.0838812766384094
gaussian,400,460,0.38268343236509,0.25,46.3276770412029,57.4856340312272,44.5142554174212,55.5511841749545,66.0836094786756,24.1049132550394,29.6695317202495,23.2000976506097,28.7048106137133,33.9579908223753,43.9040920135174,58.0537956702145,45.3044654182619,55.6168849172042,65.4740511993584,0.0500204114971103,0.0530860655547703,0.0396594592105492,0.0491157908969035,0.0704243632154093,0.0542840716325273,0.071011861667384,0.0559390837611467,0.0654668126590527,0.0786325961055864,0.0591123484377558,0.071666256518522,0.0547202491143314,0.0689157212089399,0.0828856006584327,0.0577311255071502,0.0719776677105124,0.0555459807729409,0.0697151093827436,0.0823560341423911,0.0567604901107743,0.0728988391615061,0.0570089254974424,0.069807811527763,0.0826481433742156,0.0526143323917272,0.071646231432543,0.0547677877586357,0.0699822630122767,0.0789726026354925,0.0575075653556787,0.0720603080187445,0.0556161692612495,0.0697236630242632,0.082525228087875
gaussian,400,461,0.38268343236509,0.25,59.1099058169979,68.5318876388055,49.9829972403401,77.4430555611352,77.9982032891107,30.4799489792655,35.1790637963642,25.927914218594,39.6235401834944,39.9005315373559,56.4847934252571,69.0560281861705,50.6867499612028,77.3249320177951,77.4642338866359,0.0705857873779747,0.0880036789064603,0.0644440850859652,0.0956929424554578,0.0992744626652592,0.0715196737346384,0.0864076774706804,0.0623048118121185,0.0973712483773872,0.0974138357426928,0.0738907459612202,0.0865676809254706,0.0627149849666412,0.0976129271292252,0.0978235768234269,0.0745564397945263,0.0861013563315554,0.0626199736154013,0.0970831597103875,0.0980692363993768,0.07398887009053,0.0868500255356752,0.0635025849947971,0.0974033136129255,0.0982356839027062,0.0759910178039264,0.0858332373823716,0.0585913972379627,0.0991863278673817,0.099666768249636,0.0735958642394988,0.0856662207574085,0.0622449122505125,0.0967578535803819,0.0972665073506869
gaussian,400,462,0.38268343236509,0.25,44.9477638805021,62.447553434014,50.0449385321807,58.5740958321333,63.9439181116107,23.4166275691139,32.14451470829,25.9588213538494,30.212612784469,32.8910009712647,42.9990190189696,62.7850950249225,50.5161871646312,58.4813400753013,63.4369587530117,0.0586816738297214,0.0781075495422408,0.0630940189079494,0.0717261572925566,0.081859101488576,0.0572985777350995,0.0798312450579349,0.0644296030728839,0.0750535359578948,0.0808781201757364,0.0554870683304807,0.0761993792863748,0.0603636488813994,0.0724855403922271,0.0797537462281999,0.0556541528204361,0.0779193614387367,0.0620503858482827,0.073242246618292,0.0792564205461528,0.0564620737808018,0.0792332210627117,0.0639465567189721,0.0740115218819669,0.0800532327827373,0.056972163765099,0.0769507650618932,0.0619888653560529,0.0695821222262936,0.0782836873579442,0.0558656200071471,0.077966787004867,0.0621754207562657,0.073153365718364,0.0794188349279859
gaussian,400,463,0.38268343236509,0.25,48.8199762581807,54.7583289809496,37.53513764558,70.6888239538579,69.3637190674015,25.3480871739566,28.3092429636697,19.719152285369,36.254766831678,35.5939684387785,45.5248344170904,55.4004664036788,38.6101881335083,70.7365919435295,68.6973172213893,0.0630448648514142,0.0696656946716784,0.0471671354583994,0.0898590416034825,0.0888751302872095,0.0626038334028335,0.0663883428474924,0.0438042129628246,0.0890535782524586,0.0861245847917506,0.0614446678437319,0.0690170737534236,0.047224807417769,0.088725366303689,0.0880061768982022,0.0606501811696312,0.0686273987491962,0.0471969294811883,0.0879529722636703,0.0861343068927723,0.0589299745756977,0.0684723125287683,0.0469973264032512,0.0883621909474707,0.085841462603011,0.0498059123948404,0.0555385315491798,0.0344447568134987,0.080343163081915,0.073921411367023,0.059754533894079,0.068720112467722,0.0473029121197787,0.0880621734701972,0.0862003319599045
gaussian,400,464,0.38268343236509,0.25,32.7766499643788,45.3068607139864,34.394704833133,47.162198963224,47.8921903363956,17.3460997993089,23.595578317328,18.1532567359842,24.520946261064,24.8851211042932,30.8458757071872,45.4734545202605,34.7990300478558,47.0715550236001,47.4330760518036,0.0383918014941336,0.0589235871379323,0.0452879912171813,0.0568040849132332,0.0598344296192369,0.0395321392878337,0.053969136176371,0.0395933071301957,0.0568778905427537,0.0579440109814437,0.0413666078112983,0.0570758291882328,0.0428495498440373,0.0593559877760725,0.0600217655979,0.0406517102534427,0.0568919794411097,0.0432004429045058,0.0590217422753466,0.0598292594289318,0.040304761618783,0.057053032482606,0.043481166770081,0.0587154256138091,0.0594255394969112,0.0384885720308505,0.0541132129185829,0.0419997784499301,0.0537556217672654,0.0576953619131931,0.041295308016158,0.0565930358385111,0.042625774686076,0.0589497571724176,0.0597797922999568
gaussian,400,465,0.38268343236509,0.25,35.9815491423036,53.3340938758508,41.486878791664,58.0724550450743,58.0275277201354,18.9446952717676,27.5990246717944,21.6902778433251,29.9624120314231,29.9400950056862,33.4483227536593,53.5997970365989,42.2207144843293,58.0179013386999,57.1764944480828,0.0458482939496009,0.0640391775245948,0.0508434877903725,0.0682444779604846,0.0677905428999325,0.043855163600497,0.0643915023334851,0.0498359511576934,0.0690598031851077,0.0689090760635342,0.0456303118962655,0.0677084056578438,0.0529578306609544,0.0734701244896995,0.0735753638973917,0.0452185795821719,0.0667685045769323,0.0514399388586455,0.0727016675047699,0.0724623994971758,0.0444337918339225,0.066811122342452,0.0519856071450051,0.0727632976141539,0.0725980846617637,0.043613312773947,0.069086949758677,0.0541248638258102,0.0749620414347658,0.0737293243497672,0.044710106537255,0.0668622532148913,0.0518934402211226,0.072747358446281,0.0723970522334775
gaussian,400,466,0.38268343236509,0.25,35.1782886035232,41.8998134413975,30.5841784781559,45.9755281078834,49.238932896882,18.5439743226499,21.8962639350211,16.2527073324019,23.9290393128587,25.5566639781236,33.9007313022231,42.4003833878634,31.1690502460115,45.9534818358082,49.3565791855429,0.0428942266859535,0.0537759867699521,0.0407138540113828,0.058108979402826,0.0631902361044197,0.0425073463897038,0.0544037312228744,0.0403666767124566,0.0587389321542456,0.0631523287210638,0.0449918923093262,0.0533140908781154,0.0392011054714699,0.05829153135879,0.062388588207394,0.0429936902007379,0.051749047586013,0.0374242760582014,0.0569811729402829,0.0607759374874926,0.0451899929308382,0.0533664014903963,0.0390922832693628,0.0583157463910056,0.0626816348127539,0.0463363941003463,0.0548297320967586,0.0406465503354448,0.0597989218472381,0.0639775404512833,0.0438748843833649,0.0525917206617743,0.0382355156333745,0.0574850182983902,0.0616465054040764
gaussian,400,467,0.38268343236509,0.25,52.8766423567757,57.8238808583457,42.1132529094545,53.4342450450256,63.0944288043132,27.3709164809355,29.8384993718846,22.0029384460611,27.6491234702399,32.4671808801496,51.1104995844451,58.2220758197502,42.3041229118915,53.3514084169739,63.3518836728772,0.066659537637171,0.0736363515508213,0.0525567891327169,0.0691050334692021,0.0812236529231671,0.0620244232809996,0.0656269768987071,0.0468319011830304,0.0606503914137653,0.0713386965997354,0.0667494135080469,0.0725949535190102,0.0530096589806742,0.0667207187558062,0.0789409321682262,0.0655944942812802,0.0722242915698029,0.0522110134633594,0.0664683231129196,0.0786936041068382,0.0655610764858539,0.0718092145444911,0.052370473664579,0.066476592209757,0.0778338053282349,0.0601234306131443,0.0683544403543936,0.0512541336501535,0.0609903498381312,0.0715342079180148,0.0658619025494157,0.0716406702652241,0.0517072312379888,0.0664040635442439,0.0783281966628722
gaussian,400,468,0.38268343236509,0.25,38.4675379381067,36.3269594709083,22.7683352364332,45.7606839453921,50.9488983095471,20.1842127986837,19.1166336539734,12.354371701555,23.8217145892891,26.4093215415317,36.9823509868943,36.9878112300789,23.4057343605259,46.0191973616268,51.3201267177287,0.0491839157356856,0.0478998737205845,0.0304014286053952,0.0591779579051454,0.0661832680252068,0.0498548633768984,0.0456377758746866,0.0269444857639349,0.0589029195990465,0.0652865479002248,0.0486484430955255,0.0440659912299167,0.0263325168105772,0.0573336925156152,0.0635520482200095,0.0490813480380376,0.0460075380198571,0.0288248829438042,0.0577770615361709,0.0641700659290609,0.0483017927049452,0.0455712813948352,0.0280194101588821,0.058110625608395,0.0637425878087636,0.043256306375022,0.0469334322796637,0.0306199908743189,0.0574511895713367,0.0642579540513353,0.0483420979931759,0.045311168237498,0.0281826617163494,0.057153909405184,0.0636216309934454
gaussian,400,469,0.38268343236509,0.25,51.7508724100419,54.6816314274739,36.5034998180772,69.1815128651901,70.6970638651823,26.8094121646809,28.2711081087712,19.2049642073687,35.5028670796407,36.2588145847713,49.3063527145001,55.3452886064055,37.2105620774706,69.400139949687,70.7721938614175,0.0670895824496858,0.0701045106416965,0.0463421156697057,0.0883702085249876,0.089823024334397,0.0643696271235276,0.0674922472118917,0.0439969263061128,0.0868664089385899,0.088825186752138,0.0656164811490428,0.068492800793732,0.0444467021699186,0.087270542498674,0.0892258937848332,0.0646278084526198,0.0688435336004346,0.0458793645962191,0.0866238410033886,0.0884948659702697,0.0648951965933455,0.0687139515162907,0.0458599027856381,0.0872743699631582,0.0888656990710737,0.0635141825909103,0.0704874724338945,0.0480136783158498,0.0874601085323388,0.0902318727182332,0.0647755278724497,0.0685382998078188,0.0453944490617045,0.0867001182977097,0.0884791182638389
gaussian,400,470,0.38268343236509,0.25,57.134463001297,51.2709543035029,32.360862383229,61.9802469035412,70.2608775575911,29.4942708256562,26.5700310487421,17.1388388938095,31.9111860895854,36.0411722190325,55.2729253152156,52.0744275552137,32.9134550329301,62.2694331638042,70.8543203625663,0.06877084018868,0.0602337918743907,0.0351705588604775,0.076018638856291,0.0856453899791967,0.0699863879994079,0.0600035390788896,0.0363437967848358,0.0745456765979783,0.0837664281438362,0.0715901755524639,0.0638026791287366,0.0401242078614581,0.0770624328254482,0.0872308961251781,0.072205170475047,0.0647690953612736,0.0406456509929661,0.0782024325419719,0.0886130972782232,0.0732372025200097,0.0642696648049648,0.0401913948054787,0.0785490301299148,0.088852638690455,0.0723585760697003,0.066186752690796,0.0424620590305081,0.0798573483669131,0.0896183617052109,0.072059231139113,0.0641739136237028,0.0401438704506689,0.0777349664501852,0.0881307461412581
gaussian,400,471,0.38268343236509,0.25,48.864365916824,44.9042245836041,28.7776275653934,56.13109493677,57.4866934847787,25.370167001396,23.3948079448551,15.3518089901297,28.9941421181887,29.6703122053327,46.4300562691385,45.414912746494,29.3550737085598,56.1006084352886,57.3988498157647,0.0583281315381041,0.0492576868495627,0.0288473599562886,0.0666565143314652,0.0639779552182077,0.0612573258428423,0.05798087335969,0.037923516945616,0.0721388999212692,0.0737007470645303,0.0592567904467605,0.0559649438278934,0.0363135636798073,0.0704962556706935,0.0722127142489959,0.0596396902444421,0.0559700525469425,0.0354568864920453,0.0700172811675442,0.0716181630607187,0.0611889045273557,0.055759185365563,0.0347039988019891,0.0708895534697666,0.0724385416761647,0.060474857077461,0.0572059379206371,0.0379505333445565,0.0667370676855244,0.0695025534901951,0.0599517613863376,0.0558915679806989,0.0353946156434989,0.0701033222344997,0.0716843281132042
gaussian,400,472,0.38268343236509,0.25,52.40137513798,44.899475748273,25.2426734347348,67.6468087438357,59.7421000122254,27.1339672625279,23.3925167005989,13.5889389646261,34.7375724025574,30.7952509781344,50.180442675998,45.3902936203678,25.5995566369182,67.7327154523971,59.7552540651455,0.0652675853168899,0.0557571215803086,0.0249039427127271,0.0869956558690279,0.0770983694180979,0.0636506601899034,0.0504804304466307,0.0238474911598772,0.0793208378196466,0.0691571338048322,0.0666703527879378,0.0569101857396195,0.0317127905332448,0.085438582506938,0.0755624171384729,0.0655598594283646,0.0556972890842191,0.0304677951006901,0.0844804435056492,0.0745439850916259,0.0666778261358222,0.0549081901426992,0.0296895270920622,0.0840063616882705,0.0744183891835627,0.0655299415281073,0.0550701242404492,0.0308851625520041,0.0831760953927292,0.0754839605125396,0.0657515989792739,0.05615864833324,0.0311129866335665,0.0849115589026972,0.0747280689818733
gaussian,400,473,0.38268343236509,0.25,34.5335594206768,47.157742082688,36.8363175923268,46.5003021555685,51.8647577113855,18.2226449620402,24.5185414946689,19.3707314358892,24.1907570011496,26.8663906364533,32.4565531149098,47.5851934352193,37.5227626376638,46.4943376424849,51.3969195866977,0.0456549039531723,0.0614467820361856,0.0482674360713231,0.0600046368277462,0.0669039343755325,0.0411837437415458,0.0601644437455463,0.0469720459264711,0.05885253334827,0.0656389934051353,0.0383945472268,0.0594497473410221,0.0477357282981498,0.0565055084040116,0.0633849728273631,0.0432890093860929,0.0596348369209116,0.0467177254363571,0.0582439057184349,0.0650537700175784,0.0415390811668033,0.0592605152124305,0.046475608435491,0.0577198512504715,0.0641817084183788,0.0388853264848887,0.0607277820444247,0.0465841614107056,0.0593451289178386,0.0637173059061099,0.0428087065761319,0.0593447396321443,0.0464052016793042,0.0582994864192425,0.064848006890234
gaussian,400,474,0.38268343236509,0.25,63.8507878288559,70.3282637531085,51.6762230365445,67.9223354799278,78.4604010590868,32.8443324646745,36.0749911755502,26.7723869045201,34.8750168908719,40.1309754683519,61.5871121302002,70.8932332063204,52.115817587428,67.8959610830073,78.3954074326487,0.0810488852429365,0.0847943193124892,0.0620575518238886,0.0799737890255885,0.096137535790604,0.0772178490857615,0.0877314844022767,0.0642512188840373,0.0845437640332198,0.0976094111522346,0.0807353430572975,0.0876339263619015,0.0637225405841346,0.0844456465784642,0.0982283886100305,0.0801142641269135,0.0881992865089199,0.0647850921689832,0.0852758976482994,0.0983294509708655,0.0793267266111192,0.0863243933871155,0.0628468626945605,0.0841048767376124,0.0967439044491842,0.0814349513439724,0.0893513616988432,0.0653239483418229,0.0873664349545783,0.0990216954867038,0.0799055881076742,0.0879897503803953,0.0644143642168932,0.0850068873950174,0.0980475555780089
gaussian,400,475,0.38268343236509,0.25,45.9854573517952,33.7402590096469,18.603490408379,44.7142836162807,47.4770267220421,23.9341153833692,17.8267311459187,10.2773167901642,23.3000046493485,24.6780801931635,43.9817521695219,34.2712049299719,19.0745495058628,44.7005523341146,47.4905524044121,0.05620119574232,0.0446735502144695,0.0257350949063784,0.0581816509006131,0.0613205733759216,0.0582971394582574,0.0426218576502041,0.0234964538829104,0.0574861641921493,0.0601717982257961,0.0591513428077948,0.0423087684783685,0.0231819834682663,0.0561843303145988,0.0599574149735708,0.0567746450599939,0.0419029747691478,0.0230317304206491,0.0551692776807119,0.0586714251181263,0.0580856761482285,0.0426111422161965,0.0233183002622461,0.0569781461795688,0.0595959516965747,0.0553965652378543,0.0420331599861208,0.024984149145352,0.0524716626855016,0.0563668373230396,0.057229122299234,0.0421411464221203,0.0229881605371617,0.0559644763626512,0.0591506656461038
gaussian,400,476,0.38268343236509,0.25,28.9964112882212,42.8870713102259,33.9869897685957,41.43222468329,48.2567566615693,15.4606989087768,22.3884766416132,17.9495700408848,21.663048110061,25.0667438248982,27.5030290439037,43.336330898339,34.7371217773923,41.4371428129543,48.04647338354,0.0385195278965557,0.0561010061800382,0.0447176850545091,0.0530969181664518,0.062715579778911,0.0373729000076208,0.0553767207392773,0.0445159261917263,0.0535877689888982,0.0615553511069984,0.0368385423918883,0.0535622165488481,0.0427238185189185,0.0516195237955181,0.0603616481088541,0.0356355512677235,0.0535698357319856,0.0425984462875865,0.051094160382632,0.0597754598918065,0.0341211942447811,0.0531143495215484,0.0422508459169459,0.0506028637112224,0.0590980404814906,0.0380731302648904,0.0543113048969682,0.042602416641218,0.0537405369067564,0.0618478696913554,0.0363906854833166,0.0540790698769062,0.0427553024295762,0.0521240086899775,0.0606937221849241
gaussian,400,477,0.38268343236509,0.25,76.9307662983536,70.8762731790218,46.9424654817533,79.7791225614177,88.9161767629901,39.367922859199,36.3482708907766,24.4114451989272,40.7884787632086,45.3457198226255,74.8558971088695,71.76918934316,47.5033728365156,79.9273583019125,89.4079607691556,0.0986623556712914,0.0898804599836847,0.0599250070270555,0.101060361409485,0.113387661169559,0.0953413630378769,0.0901084711586294,0.0591438087100064,0.101696748626549,0.111862757446617,0.0956296891550738,0.0892306301175087,0.0592891937155538,0.0997043508165572,0.110680788430295,0.0955695753787204,0.0883283568308767,0.058298198037608,0.0996375333817564,0.110642149691099,0.096196876762959,0.088095502192431,0.0576672880243804,0.0992999938920686,0.110342440317054,0.0929712191538345,0.0866272340864592,0.0564676238339938,0.0982511453931178,0.110660898518491,0.0963767250556548,0.088651915910115,0.0585242707101526,0.0998349481528862,0.111053677864883
gaussian,400,478,0.38268343236509,0.25,39.3134752731291,52.4145885581106,41.0974501224083,51.2168924447403,57.4476215966176,20.60644366163,27.1404513357008,21.4961470645863,26.5430647454573,29.6508160346018,39.2625576344192,53.1583550126424,41.6349688731508,51.330584351766,57.8431946975921,0.0494751925474894,0.0668166981271725,0.0520682356506009,0.0659991561055016,0.0733184330025469,0.0486581094790174,0.0628487272099494,0.0485322111765118,0.0623416775696231,0.0694858834153844,0.0491577352924495,0.0653818765652137,0.0511529251937074,0.0638799971711085,0.0712631299942627,0.0489271979766129,0.065575196253578,0.0512289560438323,0.0641337380446403,0.0714796154329422,0.0481946860209858,0.0642061013330252,0.0495723533379495,0.0632487117631493,0.0700758963601272,0.0418988213947716,0.0580405494118282,0.0462166740695964,0.0512512126415605,0.0621803330436388,0.0488716266639591,0.0655944295478729,0.0512906531678251,0.0641540963430983,0.0715785084065142
gaussian,400,479,0.38268343236509,0.25,48.6629219554497,49.8278997600118,34.491511151208,50.95844264914,56.7222188286958,25.2692587434259,25.8505074393224,18.2016367623507,26.4142426819665,29.2891643836209,47.0190720420069,50.2257429398551,34.6866682640696,50.9839834561542,56.6779663121416,0.0588789055119865,0.0559387727013042,0.0365954349909359,0.0579587115172275,0.0556846541513677,0.0617295987901799,0.0610156538951533,0.0411264715129763,0.0641035334237257,0.0704107702400365,0.0612688027338389,0.0612151334817232,0.0423332207773447,0.0623522429292473,0.0698329542456822,0.0605632644790041,0.0623440822567954,0.0430637089441271,0.0640894492259085,0.070610043776631,0.0609499492311309,0.0621548286272039,0.0419007947476053,0.0643686968174272,0.0712398932132878,0.0605275395164104,0.0628119441679196,0.043586387693513,0.0633217300457756,0.0705965397108567,0.0610931976335013,0.0619949825178995,0.0425709700966126,0.0636377707614018,0.0703862251996999
gaussian,400,480,0.38268343236509,0.25,61.6381141961818,76.5511238878053,58.3885777497602,76.2145788634992,84.0571050205259,31.7407865646698,39.1785700748631,30.1201322340557,39.0107074305027,42.9223930919227,58.8678714564033,77.0716675171193,59.0126845845272,76.2628440424521,83.4974271172657,0.0692342310865163,0.0933095671335703,0.0719589409599883,0.0959750723451782,0.0987209300406428,0.0756348099055029,0.0931459648677622,0.0714023329289388,0.092253542674175,0.102436778103812,0.0760625373547194,0.09555772839552,0.073021814406819,0.0942892358303267,0.104181837581571,0.0771378629573013,0.0960010572593703,0.0729134804472084,0.095929564842827,0.105249750108151,0.0777806150435454,0.096237335361825,0.0730298971992723,0.0965942569380988,0.105577255834476,0.0733162209768398,0.0970978653090026,0.0743109796751358,0.0974919574431653,0.104931899308078,0.0767974917585112,0.0960078031727879,0.0730684529851873,0.0955359438157929,0.104791285813797
gaussian,400,481,0.38268343236509,0.25,44.6158973822438,46.9917698489955,32.0912098230659,55.3368207550158,55.342188861109,23.2509016856776,24.4360594404474,17.0046307269318,28.5980286902982,28.6007464883664,42.7830169265659,47.3228981483287,32.4050910230488,55.2597740382241,55.4244313928186,0.0504400599323667,0.050449680004401,0.0320058497023495,0.0646411045856867,0.0600808833482773,0.0532354097418632,0.0577250808184843,0.0397889809193557,0.0668372568143609,0.0671913466390996,0.056221031139139,0.0588855392799212,0.0396439129435591,0.0696462985871099,0.0697087670256856,0.0559578176625744,0.0582042207452054,0.0392038271571243,0.0687568331225794,0.0687694162669988,0.0569846026009101,0.0600450112514947,0.0412197214701362,0.0706844458366959,0.0706805314883175,0.0536859434339763,0.0604948753239457,0.03974144766489,0.0715104331894711,0.0704328870183151,0.0558717303302651,0.0581755278491015,0.0389713042709393,0.068967167794234,0.0688814451522579
gaussian,400,482,0.38268343236509,0.25,53.2965818676226,50.3829540832904,34.2449261774997,53.1137747939432,69.4832797840609,27.5802164619668,26.1269518741644,18.0781441623461,27.4890650035545,35.6532189815977,52.3087970905848,51.4894841809244,35.1501724003563,53.3330717319731,70.5055535159659,0.0615786171324043,0.0642926052361883,0.0452034133511563,0.063705330982421,0.0853628046262768,0.0650831212048706,0.0630234019770641,0.0426702296371568,0.0648601992482062,0.0864552921852627,0.066540426316238,0.0630769558752637,0.0424162760460502,0.0670271477167822,0.0872028057954091,0.0674163612985314,0.0632981635704766,0.0428655705690863,0.066661694755976,0.0874578068370125,0.0670479909051613,0.0635002481427633,0.0436315693271428,0.0662773776071602,0.087099281371034,0.0667180837291387,0.0640372529824012,0.0418771924535389,0.0670432015306996,0.0873536706948321,0.0668186531930489,0.0635263592443736,0.0431792172215507,0.0667953229283074,0.0875087958333531
gaussian,400,483,0.38268343236509,0.25,65.8250199077325,65.4582119502002,44.9657755985416,75.1528649180878,81.0430155244913,33.829037375201,33.6460092906841,23.4255013483159,38.4812480812428,41.4189546927269,63.9752743744035,66.4082446609779,45.7363150588949,75.1192687680837,81.6731309228625,0.0844095263106656,0.0830635276941635,0.055977594647402,0.0960840917488994,0.103751392174408,0.0806845105371623,0.0821651381242003,0.0567700572655375,0.0938517873865578,0.100624835887221,0.0819450034706786,0.0811083198329192,0.0554455005602549,0.0945984805635161,0.100667467688968,0.0829099412063248,0.0820507259248037,0.0562006997703595,0.0942023733024724,0.101606791056501,0.0831050485753912,0.0821600273511552,0.0562343529915775,0.0947982482880819,0.102236037487029,0.0784575297565402,0.0795839321313027,0.0542026717350839,0.0917601647681013,0.0983669938622214,0.0820859140780696,0.0818737426088658,0.0559927283692873,0.094078273983714,0.101494616007584
gaussian,400,484,0.38268343236509,0.25,36.3823146337123,37.6162380363705,26.1089589702189,40.3040560551431,46.891042766655,19.1443693249209,19.759755037207,14.0205248309498,21.1003886652278,24.3856742558918,35.4174202473063,38.2681636291612,26.78448648002,40.2914416509795,47.164587015935,0.0424796067042765,0.049239390620745,0.035130545033374,0.0527466592721396,0.0604781852508344,0.0465911206231912,0.045694990226985,0.0308626863894587,0.0504756509585423,0.0587084622135254,0.0443223165097038,0.0450381234049296,0.0309933408708049,0.0483169861779656,0.0566293935693653,0.0455637739827641,0.047222589090351,0.032748579806002,0.0505584352606166,0.0584941885951584,0.045259688837161,0.0464011648233357,0.0324348039932894,0.0496080280232106,0.0575938462066485,0.0305178478653634,0.0408980843221892,0.0308980867833909,0.037401395365981,0.0449745512885703,0.0454755677718736,0.0470953727998829,0.0325786157976929,0.050440274272943,0.0585785371302379
gaussian,400,485,0.38268343236509,0.25,63.0038167434195,57.3001980264582,37.0691870147577,67.2692644986073,75.5584914215094,32.4217623172456,29.5771618136085,19.487122695224,34.5491660855886,38.6834325509156,60.9253400050878,58.1121276122235,37.6468789730339,67.4315674628717,76.1173895204411,0.0812541703288759,0.0601477010875934,0.0288992861122132,0.0786661234492323,0.0908712479963205,0.0797248818927331,0.072425016523217,0.0457439872736617,0.0858320144403796,0.0956919334290989,0.0792033786936294,0.071602620162813,0.0460163622028404,0.0843961292617981,0.0946333170051123,0.0791247959132091,0.072624816678049,0.0469890185532059,0.0850168963285537,0.0953650218611551,0.0774562904266893,0.0706388253022191,0.0448618693239306,0.0834847907909145,0.0931219854747729,0.0799398662202724,0.0687483769037962,0.041990768113549,0.0834083036784613,0.0942259166928663,0.0791169745802845,0.0717446032070657,0.0460599280776057,0.0844412057993204,0.0947100051622068
gaussian,400,486,0.38268343236509,0.25,68.1379429448598,63.6774152959256,42.1865771640599,74.1453295791674,83.1097862923443,34.9826878301346,32.7577367481713,22.0392955272027,37.9786161714602,42.4496526662845,65.2292601734226,64.4419522071021,42.8925094851106,74.2969202280571,83.1300879539341,0.0863353538998027,0.0818823442759367,0.0539387633873315,0.0949001149140515,0.1063324051472,0.0859624112677789,0.0765134028880214,0.0488702762899717,0.0908647334001996,0.102839926588967,0.0845389654932464,0.080110623685354,0.0528283032876582,0.0922227820957214,0.104148324354963,0.0852837397818277,0.0803666452891741,0.0532033576660133,0.0934304213607655,0.104586704662255,0.0857170866331868,0.0796695212405366,0.0524440361256096,0.092639736332923,0.103828445907609,0.0858519141704237,0.0819049021659508,0.0551493621200523,0.0949972515886807,0.105853132233641,0.0849770815335633,0.0798050782528713,0.052583216732677,0.0929014634257898,0.104054612802765
gaussian,400,487,0.38268343236509,0.25,40.6121911758257,65.4110502079512,54.8033497704435,55.5790629207165,63.3064861260598,21.2540870824927,33.6224775417168,28.3319699735305,28.7188260587744,32.5729949945202,38.6554014733777,65.6306985630724,55.2064504840641,55.5038381983474,62.6716866129198,0.0531806039586765,0.0802354934832938,0.0623959933152919,0.0700334093782135,0.0809196186878025,0.0513422696052298,0.081327621567146,0.0686114989960313,0.0691707767319758,0.0775812994379182,0.0474986494802136,0.080229969157927,0.0675364721569455,0.0680261655577346,0.0756432130635627,0.0500152667529382,0.0820540582495256,0.0688273596768713,0.0696139500130333,0.0788557164312859,0.0503442963514478,0.0822471254586539,0.0692800648252735,0.069479298662506,0.0784319362441058,0.0515653476888691,0.083084554355265,0.069622046877993,0.070756840194395,0.0814728721124344,0.0507349448352707,0.0816481811667235,0.0682089010167994,0.0692080802182852,0.0788452757302667
gaussian,400,488,0.38268343236509,0.25,50.9892051643378,56.7064792657684,41.3975082751601,55.3682404354109,68.691534766045,26.4295708646244,29.2808735542353,21.6454964804459,28.6136303462842,35.2585743375703,48.6925153494486,57.3647954861568,42.2242634643843,55.371121211282,68.504174941946,0.062261857524473,0.0733147380954009,0.0536890393211726,0.0714177832409312,0.0880645272450028,0.0657220058989513,0.0680649295471623,0.0482383779517317,0.0663104564497237,0.0850926570782919,0.0636515491380236,0.0705614529898393,0.0512294969681871,0.0691429226217685,0.0857973293267919,0.0634260773577354,0.0707299650807268,0.0517741998850677,0.0682050625243351,0.0850849445823615,0.0627409656365246,0.0708837930753658,0.0520446001623655,0.0685547247956602,0.0852146866991303,0.0649296063560015,0.0701036539989074,0.0505728691981272,0.0707921608499777,0.0855452195350581,0.0638226790194319,0.0713429931701497,0.0522458001852168,0.0692605691501634,0.0860475797140991
gaussian,400,489,0.38268343236509,0.25,62.0969688273416,53.2112540898689,33.4268334666346,63.3667867482215,72.427171725809,31.9697462551859,27.5377094996553,17.6702308441905,32.6028979327881,37.1217103283687,59.579436358542,54.0517171165396,34.2531184131597,63.4104727982379,72.7201818718436,0.0801208805007503,0.0657755318440282,0.0403482890378672,0.0781875865021451,0.0910660714525499,0.0754136248834784,0.0672303790416764,0.0424373031788576,0.079946299793421,0.0905542710576912,0.079555464772795,0.067599703742704,0.0425584509397557,0.0806349113191304,0.0922469705072953,0.0773117390472856,0.0671332629920584,0.0424252799762672,0.079620446735791,0.0909890438809008,0.0767701258741651,0.0677647816416103,0.0431694461918549,0.0798196995345018,0.0914851101999395,0.0796153987712852,0.0680540660503598,0.0430012284838735,0.0816097270721379,0.0925884217218322,0.0773040051549338,0.0665510421260941,0.0416507552332066,0.079195017485105,0.0906384821626602
gaussian,400,490,0.38268343236509,0.25,45.3697741464831,65.1315813248654,52.8582251549315,58.3366976566508,69.8355633850202,23.6269211811218,33.4829546956208,27.361610046012,30.0942185896662,35.8292128045007,43.3242412740465,65.6568111810328,53.6941828301034,58.2229210022655,69.5584714315857,0.0581877624801095,0.0836867952648657,0.0685521312779475,0.0744474154578614,0.0886654178366266,0.0577433570858857,0.0824006701290656,0.0672315999345931,0.0737234852297944,0.0881281439847356,0.05300596376015,0.0788441094867561,0.0645853815062054,0.0687426293549667,0.0833275882683519,0.0569495785654872,0.0820654727330874,0.0668403686406048,0.0728796168506374,0.087485792686294,0.056317443118049,0.0812660756524396,0.0658289960942175,0.0728396612274191,0.0869592133790384,0.0545632810743359,0.081465851620248,0.0669674637053879,0.0732220291391931,0.0869591576701659,0.0568784180870034,0.0818969463814971,0.0665766513092708,0.0730358060883048,0.0875032126197329
gaussian,400,491,0.38268343236509,0.25,40.7097488030101,55.7550725604753,44.8460871409892,46.6831381743747,56.3159308197665,21.3030738943161,28.8065447580247,23.3656453950746,24.2820628032921,29.0864838202238,38.5219675152262,56.073265391271,45.3305101352885,46.5001661362805,55.8769642372498,0.0511651620946327,0.0721909987503759,0.0584261714399783,0.0601635503454709,0.0722429932217253,0.052104672605156,0.0708253137217552,0.0565826255928606,0.0601698884463844,0.0714232391665509,0.0501425775019403,0.0693760302211397,0.0559327515859065,0.0581151012591328,0.0699040392322893,0.0506660429615729,0.070139188361591,0.0563524218871701,0.0588704338122093,0.0706159915775755,0.049518038697397,0.0692933810138669,0.0560690169995133,0.0579152864884064,0.0689184250548989,0.053313402001278,0.072173046573794,0.0579861339285962,0.0605881078857169,0.0726933066339403,0.0504218211705736,0.0697496651563818,0.0562845507166155,0.0581322443667471,0.0700473866361045
gaussian,400,492,0.38268343236509,0.25,44.124178274755,67.9671657894489,55.4153445213084,62.6530849018326,67.8111534775847,23.0056724454823,34.8973425049904,28.6372842697114,32.2468896309586,34.8197225088904,41.8348007657612,68.1889591070428,55.8092928396302,62.7416826200331,67.1823379102574,0.0401913610033372,0.0868394370309385,0.071687839218138,0.0799159097358103,0.0838187010455577,0.0553355622326535,0.0841892175408141,0.068528176262091,0.076737339879887,0.083384626901865,0.0565240281140622,0.0853833694749291,0.0688243266052506,0.0795733694900315,0.0855619917325473,0.0554781007275324,0.0850874312585763,0.0690926962429051,0.0786135041935628,0.0846360331075386,0.0525914301510676,0.0855281673521122,0.0704665782926324,0.078290050907876,0.0836141326359827,0.0544870457958645,0.0794022431572348,0.0640971549613417,0.0709344764849903,0.0814999633430072,0.0550652598073641,0.0847063923124794,0.0687303925515624,0.0782152880112127,0.084128084683541
gaussian,400,493,0.38268343236509,0.25,39.0302504660524,42.6736964392103,31.6947493927794,39.0617544055037,48.0686733162858,20.4652905301588,22.28221146183,16.8064750160259,20.4807667840143,24.9730917764406,38.5884032998334,43.3070633629946,32.1540113130251,39.0821979081083,48.4136533723731,0.0421441358390342,0.0530837723794749,0.0409062439870081,0.0482454691245972,0.0595093985065083,0.0509641984181739,0.0549178872182307,0.040045822336783,0.0510589478352493,0.0617019589763661,0.0494394201859942,0.0538763833795344,0.0397029268367587,0.0497141883297939,0.0602139654383385,0.0482166959274322,0.0532351612258449,0.0394438830658155,0.0491604746050809,0.0600688304159623,0.0478936442120299,0.0532879896837509,0.0393220821035838,0.048512202802589,0.0598856468565785,0.0509108222712698,0.0555292969161378,0.0420080393623846,0.0502148226462899,0.062293503315786,0.0477617015922033,0.0533886338624858,0.0396911807557332,0.0487679390149474,0.0596479486272681
gaussian,400,494,0.38268343236509,0.25,78.868614732114,68.6051695666538,44.7120616056069,74.1512900719951,87.7401082731629,40.3346040659554,35.2154626892785,23.2987807983712,37.9816776016756,44.759090422246,75.6642326620616,69.3963999205445,45.3625397803417,74.1877962280718,87.8462831762769,0.0999848204046696,0.0879303010598048,0.0583302102690871,0.0927670750425725,0.109952153264215,0.100948288704169,0.0870062537686782,0.0573843151342045,0.0929842874798549,0.111510106317334,0.0977878117224495,0.0850597420889149,0.0551145532960819,0.0917211075039452,0.108892317290903,0.0985044030143356,0.0856533790108104,0.0559406961016475,0.0926591343383339,0.10928799459748,0.0971222008622093,0.086233337696117,0.0563395423539327,0.0932270794980089,0.109842610460432,0.096594790106381,0.0873035584944941,0.0575437005617141,0.091858984569222,0.110765847107175,0.0984185742991952,0.0860074134171964,0.0561102751690381,0.092768730206114,0.109759215008948
gaussian,400,495,0.38268343236509,0.25,64.200864637591,84.3955962958647,66.4534629125563,75.5313451345824,88.9591857280532,33.0190773130264,43.0909529099483,34.1424023636253,38.6699391649289,45.3672038715734,60.9761533511592,84.8133383320023,66.9646496162336,75.6018973883722,88.3072708655593,0.0822922446730313,0.105543071033931,0.0843306465805544,0.0941609533512995,0.107041305525074,0.0774630878337886,0.106301818371706,0.0845925474650692,0.0938958620286383,0.108354043507542,0.0808465044720726,0.105283606523661,0.083198556215144,0.0936645354346776,0.111039940212012,0.080008989030691,0.105991775009117,0.0835329462609509,0.0945882681042274,0.111219903820305,0.0802227542831775,0.105994208236103,0.083328178045488,0.0947471390273575,0.111026760549106,0.07945750032276,0.105114973906333,0.0831616587296319,0.0940888835667336,0.110809595245435,0.0799099977394865,0.105592918705223,0.082964990365403,0.0945027361747289,0.110861533130817
gaussian,400,496,0.38268343236509,0.25,29.9605998816508,29.0546639905432,18.4341118161967,34.9932649847965,35.8760363386065,15.9416064275515,15.4898110817772,10.1928651423567,18.4517092716512,18.8920035659444,28.6487025909736,29.3661827255364,18.7813198062129,34.9022829263883,35.9126463007926,0.0270628043366089,0.0376669827010919,0.025328327201636,0.0443356244818593,0.0441468010375369,0.0328065970642039,0.0346772199178426,0.0213972806968217,0.0432238444628139,0.0431108234851374,0.039081361548832,0.0378262011499784,0.0245249957506564,0.0446197900139439,0.0463696919764004,0.0371617761208645,0.0363566198645246,0.0230130612615272,0.0436395146479946,0.044723886766177,0.0379072756417855,0.0365024870556918,0.0231876314020504,0.0440502198742589,0.0446514212296232,0.0336579779721126,0.034011536369037,0.0203576833066771,0.0419569714736958,0.0424760601274419,0.0372146446236416,0.035804672448615,0.0224450657100828,0.0432121801324163,0.0442515862516257
gaussian,400,497,0.38268343236509,0.25,33.1489298393535,36.5544468192924,25.5297328980522,40.1001930051122,46.6277152248055,17.5315913682139,19.2301247249927,13.731632117541,20.998628458755,24.2542165569421,31.7066484979993,37.0709462602831,26.1567972441959,40.2084940599481,46.7095305467186,0.035666338437141,0.0378152366968372,0.0236970271606745,0.0381498665261786,0.0512754266384033,0.0418227476815803,0.0468238344761352,0.0330231715607808,0.0504754284748789,0.0590812419796729,0.0409512639088953,0.0435762669568997,0.030092764986386,0.0472136235587327,0.0555534738960902,0.0419557533115404,0.0464261443404214,0.0323713836463117,0.0508211119573646,0.0589935099369305,0.041509832040316,0.0461985251958025,0.0319458042128026,0.0505635408417005,0.0587115238964547,0.0406231609711293,0.0474726899945846,0.0342040425770439,0.0502649410181401,0.0595116324483895,0.0420236008862785,0.0460204677199982,0.032058550341147,0.0504424309226783,0.0585199223736619
gaussian,400,498,0.38268343236509,0.25,56.9163928233241,90.0089081957037,76.3386183976234,75.6937575218784,86.9647961385861,29.3861393835807,45.8906668826727,39.0726473853462,38.7511260230867,44.3725654896973,53.6572142285899,90.1702665157531,76.7229748571889,75.4849955106755,86.1449548055683,0.0705357568180205,0.107273532733977,0.0911104848548326,0.0838074280211855,0.105195951877379,0.072163192315457,0.112692749355856,0.095454985297239,0.093897179162529,0.109029545547257,0.0699409504529654,0.111429811470477,0.0952283452950777,0.0907273721246796,0.106731288157916,0.0701577054063135,0.113047373965377,0.0958348540254223,0.0947647597042731,0.10877818246165,0.0695435603114605,0.11238335261812,0.0959059650508063,0.0931597500147377,0.107775261026022,0.068909884519022,0.113019378135705,0.0975477682222151,0.0883713859961225,0.10753162490076,0.0704088887765009,0.112331502662849,0.0951426046649486,0.0941881119359241,0.108292272811781
gaussian,400,499,0.38268343236509,0.25,43.8722997599455,55.2009946056415,40.0212431878321,66.4603961488708,62.0667619158317,22.8804251707115,28.530292627697,20.9595205303464,34.1459483628818,31.9546863293589,40.9677537161746,55.472055670179,40.5988632063668,66.3428768696956,61.4590457428107,0.0570689549383938,0.0709732888371202,0.0525212047299963,0.0833228885805651,0.0772915595299474,0.0541797243995839,0.0701732513511401,0.0501643348195043,0.0837733460036742,0.0788457727658211,0.0535392199905716,0.0692711331784103,0.0500088191236761,0.0839078398972746,0.0778223382174785,0.0536999995826844,0.0690462082082558,0.0500300036926672,0.0828890753366354,0.0772438121006886,0.0535322275597683,0.0679982020626222,0.0487717873795409,0.0824448349729519,0.0760319746016522,0.0520538334783849,0.0684570094060276,0.050041680558199,0.08088458684738,0.0759281138118572,0.0543849184624959,0.0693216833995711,0.0499901876155642,0.0831206188237311,0.0777055232906255
gaussian,400,500,0.38268343236509,0.25,30.3208304378779,54.032535128542,45.0393063957545,54.7429099032586,56.9647865381988,16.1212002744065,27.9473137700944,23.4620112230101,28.3017956771808,29.4099501453742,28.48390857877,54.3540780545611,45.8076209722603,54.679125866752,56.4521122697798,0.0386401142686229,0.0573300453781527,0.0438970019650026,0.061274574540123,0.0685631035584159,0.0342870788789253,0.0688872551624699,0.0583204644148933,0.0685693830977672,0.0701154058290802,0.0370825524763081,0.0677634075631137,0.0570107415311164,0.0668498503392324,0.0705991533959756,0.0365621876198893,0.0674631794392675,0.0563100319068152,0.0682366123675385,0.0702075317090104,0.0381460743117049,0.0685509860385349,0.0572483494654584,0.0683947039912238,0.0713755537905732,0.0398511848275287,0.0698022289669049,0.0587674031122586,0.0698983472630648,0.0733434960637346,0.0377973978677233,0.0676296534615443,0.0563841346733274,0.0680091410627946,0.0708519238692332
gaussian,400,501,0.38268343236509,0.25,56.1909818750939,44.1922945954381,24.4865154207219,65.7721165044877,62.3081783203314,29.0242955916382,23.0396797144934,13.2115204919624,33.8025790038266,32.0750310630513,53.9084002881018,45.0142836225305,25.2767578209878,65.8122441006128,62.6027086991596,0.0721137264487581,0.0574778755607556,0.0316679311607874,0.0844499559166908,0.0797260957507744,0.0657887421575418,0.0532982908011091,0.0294156523342879,0.0802758524159691,0.0751110348757333,0.064696211129137,0.052458511216051,0.0282517593166393,0.0787397200663537,0.0733590114205173,0.069042682357567,0.0546436969715077,0.030004064778857,0.0813974963706904,0.077076815548942,0.0699799186623434,0.0547403027656923,0.0292309155914496,0.0824811708472651,0.0775999829535703,0.0712226553357921,0.0560908094326841,0.0291727160442782,0.0833760738215033,0.0787951769649665,0.0693012968581694,0.0551885918340621,0.0303504598258573,0.0821554244799969,0.0777080076504627
gaussian,400,502,0.38268343236509,0.25,44.2526774881689,32.1460164543489,18.0056384889288,39.4166320368386,48.5165946621996,23.0696305922792,17.0314394720408,9.97896614004006,20.6576835321594,25.1962510887847,43.05681395241,32.9004328339901,18.5892891058498,39.5719907690554,49.1804102485155,0.052755385298553,0.0297301238854141,0.0143967108513526,0.0389792260218609,0.051360654585905,0.0539593321156055,0.0425529608218361,0.0246328231665717,0.0515708024117836,0.0622800546981491,0.0552130885161045,0.0402900679966868,0.0224306575268827,0.0498182633427103,0.0612348784397855,0.0551923674350792,0.0404322304376623,0.0229207196549327,0.0494886282259733,0.061125913314183,0.0555044126128501,0.0404729574515428,0.0226991780449262,0.0495125616148583,0.0610501448516467,0.0567004783330904,0.0424849543748008,0.0243765411302649,0.0514762064834112,0.0626429329783007,0.0553910081809446,0.0404297210205605,0.0227060018573899,0.0494609204281643,0.0609210075340074
gaussian,400,503,0.38268343236509,0.25,25.6468272361103,32.2699281094727,24.2590470383249,32.0547761985034,35.8757656341055,13.7901116559558,17.0933709369621,13.0979869845686,16.9861061250528,18.8918918991466,25.2961030231869,32.7502770146111,24.7782811390917,31.9765893082769,36.0339978702231,0.031432076307976,0.0428307813649806,0.0313016928320818,0.0419880913842551,0.0470013295114816,0.0322038629727083,0.0383164186025199,0.027816401646555,0.0390871952817512,0.0417429795279329,0.0311448644647264,0.0390830059044664,0.0298193395117663,0.0379058023064857,0.0428635856482933,0.0320701257087045,0.0402390103718738,0.0301908193295251,0.0399142111100073,0.0445141386716647,0.0315611584982903,0.0402377622734686,0.0303232718470204,0.0398529333687595,0.0449940666012914,0.0290357769130885,0.0398132450273098,0.0318538657438327,0.0372514037721091,0.0425983052938873,0.0323096576166262,0.040504135440609,0.0303836685505984,0.0403309436999932,0.0448641529378311
gaussian,400,504,0.38268343236509,0.25,66.329371543688,64.3176481738684,42.6245613501744,74.0814512378424,82.4093137400317,34.0801951278362,33.0771190647792,22.2579055385989,37.9467405308688,42.1002243375304,64.1732339858093,65.1003362976445,43.113916523033,74.2676699233132,83.0474494075807,0.0776991276520057,0.0808795953618421,0.0550924042145124,0.0893640524921436,0.100811431627556,0.080866217774089,0.0796758236370326,0.0532849122704843,0.0889004236043748,0.101006881872393,0.0832324082323414,0.0805401740708086,0.0531980466045809,0.0934477984387376,0.103690263586702,0.0834951630579759,0.0801912827741934,0.0524566181150298,0.0927606081149138,0.103147472727901,0.0834161982139886,0.0796454351019171,0.0516018735051435,0.0925905869044154,0.102740261040563,0.0811353738267711,0.0825316336898061,0.0557606248015789,0.0927823450654293,0.103688089915326,0.0837114177413238,0.0805086989658222,0.0529941453187874,0.0927835208808385,0.10328164529044
gaussian,400,505,0.38268343236509,0.25,22.6619925444007,30.1544194314576,21.5279289904703,37.2644792143122,34.7222867050161,12.301492583314,16.0382209863087,11.7358236590888,19.5843779447072,18.3167269912157,21.4419020816462,30.5276112110048,22.1158169416457,37.3038426673109,34.3010251001215,0.030429314863284,0.0391344474666212,0.0283026424070629,0.0486088626576096,0.0431790472073524,0.0280136156825042,0.037455336701301,0.026791012855403,0.0468446202711834,0.0427934604754049,0.0288913751293377,0.0385495269085956,0.0272820532831291,0.0472670463639497,0.0433803257686381,0.0277493860378026,0.0375373768446219,0.0268743230781533,0.0463292851100761,0.0425033765344534,0.0283368165709018,0.0376423528559464,0.0268426990815092,0.0462506538060429,0.0429398463223744,0.0216471614815309,0.0370396875354665,0.0269486017507282,0.0446914173128347,0.0395278357549622,0.028064675062825,0.0376425150097734,0.0266956818699895,0.0465614463150803,0.0428149440624533
gaussian,400,506,0.38268343236509,0.25,64.1025194751096,68.6781627497616,49.5758925194935,66.522750954203,75.3727852371059,32.9699703374207,35.2520957907794,25.7250530199131,34.176897922562,38.5910651399985,61.4033628786023,69.0141677979236,49.6553588079425,66.6209790884277,75.2256466970985,0.0781365367866375,0.0882209563937932,0.0641406527418433,0.0844679096110804,0.0954137073875245,0.081197269465907,0.0816514610341745,0.0552337134148455,0.0824036644181695,0.090692893506903,0.0782034500196605,0.082534531522909,0.0576103242988751,0.0817080304753407,0.0919511923432266,0.0804363809282115,0.086208981846945,0.0616685903707545,0.0840648048338726,0.0948045223251713,0.0802205862126421,0.0852900949719392,0.0605636201100484,0.0836188613137765,0.0940965177773325,0.0749621683401922,0.084894892511321,0.0619753161309266,0.0791002824201121,0.0922779889214199,0.0798483312566986,0.0853538212805638,0.0609666395392574,0.0831154084732524,0.0937147916451891
gaussian,400,507,0.38268343236509,0.25,31.8263670821973,23.7209124978728,11.5877858999374,38.9381522157623,40.2196174222571,16.8718701112808,12.8294084650438,6.7781435345914,20.4190225144873,21.0580281197132,30.6474950734303,24.3566555136326,12.1512017464528,39.1472021566827,40.7262914950544,0.0377487408961581,0.0260436572010767,0.0129408434161455,0.0423945732103553,0.0443430731142016,0.0406944462823806,0.0319088869437168,0.0164289890967605,0.0500471115629309,0.0523780996367136,0.0404537025396001,0.0273504058402666,0.011032200471247,0.0479413250188299,0.0493640993536144,0.0403401415157053,0.0293964165498719,0.0137203472157663,0.0486575532700827,0.0505355495169527,0.0400289106192283,0.0301124245217641,0.0147810893933722,0.0491324479463556,0.0507188591522773,0.0422644215339618,0.0304299100022504,0.0137796574623333,0.0502331489150021,0.0525230163799089,0.0403308706488121,0.0297731612679009,0.0143496454055718,0.0488333329738161,0.0506436360916548
gaussian,400,508,0.38268343236509,0.25,93.3284954164238,83.7398635596008,56.2490977262202,88.5006966057431,107.196026542201,47.5462815757119,42.7638100046227,29.0527982015912,45.1383662780407,54.4627246094951,90.5134697977142,85.0036720999426,57.1520962759798,88.6260168341235,107.890915669297,0.119067764762907,0.106130527288204,0.0723430754840208,0.112029348499602,0.135472457808652,0.114403631461781,0.099072318335441,0.0654243007072621,0.107583664000404,0.129257934090203,0.116871938746189,0.105422579887396,0.0716161583086997,0.111317475837597,0.133711566480554,0.116436382274961,0.105517053360025,0.0711941925199732,0.111156772397804,0.134303019289832,0.11799631738603,0.104671885087439,0.0700883728757385,0.111102807857581,0.134175729403866,0.115461072691657,0.106685402557488,0.0722173924696732,0.112781351348852,0.135499631564624,0.116870263820401,0.104959104853729,0.0705411037656235,0.110689529127125,0.134060171257031
gaussian,400,509,0.38268343236509,0.25,29.645758691938,41.7641188808725,31.4108230123189,47.2435222770345,48.1225262965816,15.7845310300715,21.8284947347756,16.6648669705506,24.5614613901479,24.9998320602806,27.9330085285279,42.1185139000131,32.0197818367739,47.1950440060602,47.8972263421002,0.0373288742863035,0.0445476219603216,0.0312166052999971,0.0559872584973367,0.0555427032152146,0.0386792088407586,0.05307207766975,0.0400338534684214,0.0593189032291415,0.06086091805419,0.0322736654774767,0.0498536529358574,0.0384408846068891,0.0543690496634498,0.0550097518689475,0.0369068307922284,0.0525012157832635,0.0394409593027016,0.059188433381367,0.0603025295580174,0.0359706299398883,0.0525392785967111,0.0393010047562909,0.0586344992060936,0.0600185972033048,0.0338279891445407,0.0518751663508892,0.0391839703291395,0.056666566255005,0.0587383442808894,0.0371606208277839,0.0524694432634704,0.0394151272187929,0.0590366192271448,0.0602584183231692
gaussian,400,510,0.38268343236509,0.25,49.3508766741626,29.9467534183746,14.5900315068231,41.2162935411143,42.699922458815,25.6126937113434,15.9349192055929,8.27584922952853,21.5554179175162,22.295688486057,48.1192140175324,30.4002712551413,14.8149594366716,41.1457236370347,42.4592617341866,0.0641184607471869,0.0384724076600366,0.0190460543356277,0.0537816019979885,0.0536650020532912,0.0626530003425436,0.0382544397355694,0.0192949915861159,0.0532580456989033,0.0543279518347931,0.061191747675579,0.0383008975997874,0.0189319738781358,0.0523467052022839,0.0545470842708607,0.061370859590098,0.0370138227080605,0.0175956435235881,0.0517721384821469,0.0529085982109063,0.0620503307373454,0.0374128722388325,0.0176108550253036,0.0522266103878074,0.0530440943921327,0.0630046958870125,0.0387430847673009,0.0163771474036101,0.0535793576861127,0.0557355437000274,0.0610361334111879,0.0368526145000915,0.0175571970363317,0.0512462093981845,0.0524110732060406
gaussian,400,511,0.38268343236509,0.25,41.8362121248837,59.2641387610942,45.5142145780643,66.3966510472938,64.729743380395,21.8645504425798,30.5567674226044,23.6991903297829,34.1141045386406,33.2827486725809,39.62840721652,59.5718673256475,46.0161872604022,66.3440051371314,64.4685931471838,0.0547067086730904,0.0765759291875873,0.0593829295981332,0.0854696298488768,0.0831970803126692,0.0522099675125195,0.0712747094413444,0.0543107770773122,0.0801479621394671,0.0787174865334322,0.0532313494325659,0.0755626652274796,0.0574604535964487,0.0837719131222597,0.0826512602917698,0.052464470780794,0.0735788215785449,0.0559707616264109,0.0826508000433161,0.0802859469891484,0.0525016725039283,0.0746380082088957,0.0572933127810834,0.083398916456221,0.0816127450739043,0.0532469254951328,0.0702641516211918,0.0493269726782446,0.0823054496257586,0.0812745523032933,0.0523186148920682,0.073859938151084,0.0563487055564865,0.0827191474823671,0.0806806509586562
gaussian,400,512,0.38268343236509,0.25,45.4226822650647,43.1921245388779,27.6795867905951,53.710993635071,57.8769527544295,23.6532971015876,22.5407663392842,14.8040193020185,27.7870592513825,29.8647566057752,43.4068762921753,43.7962402785541,28.3135751461175,53.7630042201286,58.1640328776692,0.0564646560956516,0.0564051649389063,0.0365702379045112,0.0696283204571738,0.0746726469190079,0.0541379955747499,0.053352264246903,0.0351111945508993,0.0649445614311133,0.0709826496719042,0.057617679715229,0.0548548459105583,0.0350598817807954,0.0683106145257419,0.073081405117994,0.0573174932899256,0.0543006051036906,0.0344073916026314,0.0678133340623896,0.0732222911918078,0.0568178067782832,0.0532369160965006,0.033790667704994,0.0664943213915833,0.0720803645934477,0.0584158548170724,0.0554936798826051,0.0367035117101438,0.0652362078983864,0.0727897956404117,0.0569832700804017,0.0542874469339122,0.0344977721431659,0.0674227780261518,0.0727884988701897
gaussian,400,513,0.38268343236509,0.25,72.6418627601826,87.2058665801464,67.4080025077823,84.2301773899256,99.3342080584531,37.2288305916355,44.4924795097839,34.6183471357892,43.0084257869011,50.5417027404073,72.9247285361568,88.5930165983693,68.3281245545713,84.3592668917546,100.302021056447,0.0927970057980047,0.111092713087834,0.085872979605646,0.107784649116708,0.125362625981424,0.0909245081390603,0.110092049264591,0.0855692717814463,0.10632973016217,0.124287650590065,0.0895484662364765,0.106797212546585,0.0824095360323452,0.10333663048855,0.121769221181497,0.0913920505496323,0.109655693693375,0.0848028013894843,0.105930327663419,0.124669772530721,0.0910111506211149,0.109658074436586,0.0846255112409815,0.106121972647403,0.124666827168938,0.0925133026902679,0.108763032313458,0.0838898144775253,0.105661032329799,0.125250148081677,0.0909006331345574,0.109452011329046,0.0846361785219989,0.105534751574638,0.124189197873749
gaussian,400,514,0.38268343236509,0.25,48.6171315014527,43.3680477647132,26.274667757866,56.7915394344918,57.3811789121454,25.2464828426174,22.6285808944715,14.1033882895251,29.3235441519476,29.6176344008826,46.2778329757306,43.8472101858042,26.7739824342993,56.7706361035411,57.4240267215702,0.0606931641827655,0.0517577172192877,0.0302336654474664,0.0728732147469222,0.0699675979768647,0.0599716702373107,0.0549863980165516,0.0344129653201713,0.0712370486764232,0.0711284919810949,0.0602986941602907,0.0551428269495254,0.0339683305974072,0.0717907036003151,0.0721863056713455,0.0612880974901616,0.0544531748021901,0.0327139657699372,0.07135439863896,0.0719868128809382,0.0597939412254701,0.0546548871706121,0.0333134840257414,0.0714627829768663,0.0721280067791463,0.0627933418851705,0.05036554667735,0.0236830325295201,0.0719824145502824,0.070495240570276,0.0609541943892191,0.0542470837515146,0.032615625503197,0.0709891496707544,0.0717658379663686
gaussian,400,515,0.38268343236509,0.25,30.1288836838971,43.1683075169698,32.6323486533753,47.6810956092277,46.4144245283387,16.0256432442825,22.5289200972729,17.2741918869823,24.7797399914903,24.1480824218617,27.9483870260054,43.3142841882416,33.1059876280249,47.6077596478502,45.6968301522009,0.036347762634927,0.0563185346263774,0.0417142150832096,0.0617095346511622,0.0602822657450175,0.0359891254090074,0.0534570517781967,0.0402932598556214,0.0586307626675072,0.0559206140523349,0.038155346064863,0.0511696497049247,0.0367818759232748,0.057915187027209,0.0566790669460633,0.0377365199633442,0.054407359282061,0.0411533357087301,0.0597504937482141,0.0581790547251792,0.0361353254522374,0.0535800757240341,0.040329073574342,0.059310474350774,0.0567797132403976,0.0387625948253993,0.0444423722956555,0.0274585648120869,0.0544559210098584,0.053889294135397,0.0374877903999522,0.0536677407258058,0.0402744375651755,0.0594605636428455,0.0574469232458091
gaussian,400,516,0.38268343236509,0.25,47.4227409542864,36.9821497900049,20.7136854768001,51.2623654574712,54.2858857854869,24.6508767579486,19.4435584910843,11.3297963193916,26.5657899850948,28.0737166229524,45.3058436467589,37.5783448257666,21.221971383844,51.3609193454357,54.6045863888922,0.0598657435149636,0.0378720071603036,0.0130479884792471,0.0580122434065006,0.0628289199902132,0.0611601803103855,0.0458801641937,0.0248755859663151,0.0651156805698017,0.0678556827700818,0.059341808987293,0.0478363168777414,0.0271444098665752,0.0657275577956589,0.0694210475882287,0.0579538470055828,0.0462529730074867,0.0258483717665275,0.0640349062516297,0.0678522138897898,0.0584025337152858,0.045294648645363,0.0246377065355927,0.0635881207455479,0.0669478984061026,0.0605844101159162,0.0455779036948319,0.0252689425343287,0.0644770494297858,0.0685225491216149,0.0592059768344948,0.0463082503100632,0.0257188501023558,0.0642409761010474,0.0680972160849076
gaussian,400,517,0.38268343236509,0.25,37.8852146830778,29.148790590405,17.4213372569768,32.6074956009632,39.5104484938529,19.8939889286019,15.5367186817001,9.68769451195053,17.2617344261307,20.7045807314383,36.5306737984023,29.5745924262148,17.7590107706643,32.5994973783835,39.7670459018815,0.0449540091916865,0.0372225135386752,0.0236336739121301,0.0429642258180275,0.050372163750889,0.0467985395012879,0.033764080126849,0.0202368684987268,0.0392709121656208,0.0471096694814991,0.0435370277570486,0.0354578903408495,0.0218185116317723,0.0383973794138006,0.0471305307984019,0.047093874657321,0.0368455144001146,0.022106782605414,0.0410250736628923,0.0496551474688547,0.0458754967117971,0.0372568485386281,0.0230028858114376,0.0402757265988166,0.0492904463731436,0.0494710495851782,0.0381952240614235,0.0226155887723934,0.0428445673084153,0.0518625001389134,0.0475041996606837,0.0368432377402703,0.0220782484732242,0.0411510783316459,0.0496973439753778
gaussian,400,518,0.38268343236509,0.25,50.1272207557933,49.3258333906299,32.2652679870957,61.655000258228,64.0767109403602,25.9998389144174,25.5999317750153,17.0910733760432,31.7491368924767,32.956995911541,47.2831964673812,49.8527326798977,33.0141554108751,61.7072547526256,63.6848403248762,0.0393273399387709,0.0582261883703094,0.0401579011461786,0.0654945751695394,0.0742226415436135,0.0578788947917731,0.0588917806377042,0.0373700483708306,0.0741631380278691,0.0779292504658134,0.0622688307473657,0.0609090345323114,0.0385188929941789,0.0776477802579673,0.0802860947612069,0.0615907098754181,0.06159969932185,0.0401736285966867,0.0770921502621726,0.0797167954701019,0.0628427384315915,0.0632478038294602,0.0416433250496461,0.0785532395182927,0.0816587128910012,0.0509099420240853,0.0609112650621676,0.0417659296566343,0.0731231107716976,0.0743439857754915,0.0624721137739645,0.0619511382456018,0.0405059688109129,0.0772366832878414,0.0802730890912592
gaussian,400,519,0.38268343236509,0.25,32.0773279237119,35.9820487223116,26.1228196982592,34.7498353421846,38.1514843074004,16.9975656537443,18.9449128529388,14.0276838725548,18.3303036510476,20.0270187656725,30.2638994632753,36.1112811436382,26.3120852482944,34.6240169152379,37.6976728022347,0.042465175195974,0.0473931311223924,0.0344768659100487,0.0451994019698564,0.0501521454959776,0.0407659488989114,0.0466257591159934,0.0344069608493468,0.0440009996273355,0.0490745662728464,0.0387693912250703,0.0433596247896396,0.0307950384880697,0.0421712158401545,0.0464641326340852,0.0403834964895132,0.0449382340147163,0.0323483032319965,0.0436949779197029,0.0477042418313957,0.0393336105548184,0.0454587432847069,0.0330805388962632,0.0438490720095758,0.0471914489001331,0.0387358212474856,0.0458137061330625,0.0343201851433667,0.0417110346965756,0.0455623177045016,0.0398134307069873,0.044886751556202,0.0323089794036482,0.0435434627957233,0.0474498058670375
gaussian,400,520,0.38268343236509,0.25,54.7415835458131,80.9768860969064,66.0103996778201,76.8360107736863,82.0712043270478,28.3010604520055,41.3860659081754,33.9217172542886,39.3208588499177,41.9318709700947,52.0273329306871,81.1286319224166,66.3911436149576,76.5654188992906,81.6182859584145,0.0709269693347603,0.0991702359994197,0.0776731057811032,0.097818260246423,0.102904587737509,0.0656327278421139,0.0933837518078505,0.0735279197050031,0.0890959881536403,0.0930569853720118,0.067835988332792,0.101922256923575,0.0834625587377209,0.0955776387774772,0.102180227698738,0.0684559850818512,0.100720967937131,0.0817407272933043,0.0954939228887727,0.102158638974888,0.0690140880022925,0.100964823320653,0.081397481153375,0.0963173083138783,0.102960541137224,0.0626418546397977,0.101122387014778,0.0834843626084201,0.0926469105418834,0.098680924015714,0.0684604883394265,0.1008647644938,0.0817998986578643,0.0955577186598061,0.102235794065232
gaussian,400,521,0.38268343236509,0.25,59.3505393557429,56.5664534741792,37.5905179438642,66.4913790855432,69.6208380905894,30.6001470088151,29.2112751879848,19.7470676623374,34.1613758471671,35.7223292326007,56.1844465869823,57.1193923274152,38.2933209893758,66.4007616186744,69.2207763513491,0.07603959132737,0.0730554309634993,0.0494537799672913,0.08556555203652,0.0892230879035117,0.0730230941356036,0.0718526247963803,0.0486859928373507,0.0837435587700118,0.086971459208459,0.0740840681287021,0.0699246582036955,0.0461056343454642,0.0832297572542377,0.0862015134651916,0.0737185478515747,0.0703447380281767,0.0465910010279708,0.0828897125464308,0.0866723286499458,0.0738363810419176,0.0697133794418234,0.0451524268874189,0.0831371946936509,0.0866362797213942,0.0763829694217904,0.0708923051595114,0.0453525611564629,0.0841360366818614,0.0887162959434805,0.0732131442686161,0.0705024824040493,0.0468095985618103,0.0828789630620842,0.0864797514926529
gaussian,400,522,0.38268343236509,0.25,74.3937286645486,84.0043054946917,59.9584413637991,100.015636837692,102.257642580731,38.1025982822946,42.8958704284129,30.9032944245438,50.8814358795878,51.9996179507422,70.7165305253006,84.5643733895605,60.6853402931419,100.149573896408,101.863162062426,0.0860912203944531,0.107257921530073,0.0773570718100378,0.12718951039104,0.128959139713419,0.093922726861887,0.0995685345274781,0.065597704274213,0.123902476270634,0.125931276645772,0.0933968989311437,0.105431821966017,0.0747964711487813,0.125133703523487,0.128364944382428,0.0933972474152346,0.105473279816491,0.0747437723138935,0.125644839774546,0.128587519666802,0.0939732787254833,0.104985206907769,0.0739875411034411,0.126064750904411,0.12864703687045,0.0936339690108443,0.106899588837557,0.0771574963284803,0.125324536165722,0.128492022105173,0.0929688011033889,0.105015753622676,0.0744361750051785,0.125163683513643,0.1280379275608
gaussian,400,523,0.38268343236509,0.25,32.7159970643613,38.8678088936465,25.6527822556582,55.3625228551345,51.8946866789598,17.315714882048,20.3839285016625,13.7932029030273,28.6105635816337,26.8810727817389,30.6412801734355,39.3218150254342,26.2693677401051,55.7279797139292,51.5920574750814,0.0316935786050181,0.0410871547259383,0.0252150524851809,0.0641303451997851,0.0546378834481031,0.0426056888275933,0.0492275661815459,0.0327099833381726,0.0697396930151794,0.0656931512768844,0.0422148927607139,0.0497330305395876,0.0317952985251791,0.070730364630184,0.0665971271744218,0.0411334782744733,0.049052137220596,0.0321016213171654,0.0697234018789653,0.0650834021768177,0.0404655501747441,0.0493283407666714,0.0322647987719118,0.0695835055162875,0.0650863251893549,0.0393195923529774,0.0482006371238733,0.0304594057358874,0.0690678414192762,0.0657139772406233,0.0410177860117571,0.04881394794181,0.0316836513728451,0.0696897847852103,0.065152720113738
gaussian,400,524,0.38268343236509,0.25,45.9840984194484,63.3304517982287,49.7200481015484,66.4269927823079,70.6525438453652,23.9337277358944,32.5847082234297,25.796670841596,34.1290872780501,36.2367186266428,42.6147576088685,63.5977830253443,50.3702288761168,66.5514128132353,69.6503187139427,0.0596790931855077,0.0764585477800714,0.0568011262798509,0.0815171560309109,0.0880765410024196,0.0559518660920355,0.0794011206856451,0.0622471919654706,0.0839489051684676,0.0877264451206078,0.0576639979283541,0.0786161427183784,0.061313071873597,0.08268723100284,0.0879008054417396,0.0570256145298232,0.0798577277756925,0.0625856831491691,0.0836174899718094,0.0888159280901905,0.0560776758518597,0.078887729686966,0.0613393646767278,0.0833415407902839,0.0882201542791575,0.058660095277669,0.0744448019363257,0.0561205724746699,0.0792365621607231,0.0868041481911963,0.0567873642558522,0.0793432871694868,0.0619526029855132,0.0833839599609545,0.0883889758056609
gaussian,400,525,0.38268343236509,0.25,54.9596709852652,63.8229391037677,46.2897420117469,70.8284678389059,79.3613345075707,28.4099248927585,32.8302075890751,24.0856372413377,36.3242826945559,40.5800116761736,52.3626597384273,64.5425903951202,47.1355331309642,71.0455748651205,79.3823933860242,0.0711081616142219,0.0765790407755461,0.0512093835925287,0.0890635761030067,0.0994529244991026,0.0693827292518851,0.0806302640432703,0.0576298756393647,0.0894220826757903,0.100217514508475,0.0667209339181159,0.0798154655795607,0.0587196760106755,0.0874084998236714,0.0983838119777137,0.0676520146350332,0.0794807542603092,0.0576318484091169,0.0875771751914334,0.0984972705527316,0.0684898777461427,0.0810630588381566,0.0592495167361798,0.0890815275367215,0.0998723882419838,0.0695271728809094,0.0822174139045876,0.059842861661075,0.0905862857167205,0.101379644253208,0.0685400989627174,0.0802922184468577,0.0580908949324494,0.0890021160615095,0.0996981742259704
gaussian,400,526,0.38268343236509,0.25,43.5108456294302,39.5323632471528,25.5051314350652,46.7195358446165,52.8940320151739,22.6997721329507,20.7154059769927,13.7193178117514,24.3001105749613,27.379653873322,43.1826271351025,40.4293329671018,26.2981780038037,46.7136029543208,53.5261541135535,0.0556731834047355,0.0434659118487333,0.0249054696358027,0.0554162561587382,0.064682299070284,0.0555221978825767,0.0516024932925994,0.0339576944226179,0.0597579917350767,0.0679085813982806,0.0551731000335594,0.0474877939782996,0.0297333405834007,0.058017052821231,0.0648527250774097,0.0541882607572034,0.049678054187848,0.0322401981495116,0.0586528858137907,0.0659406334506556,0.0541089880469396,0.0486364484073323,0.0312617278711583,0.0571639658475011,0.0652241906524662,0.0531856252599417,0.050518125985786,0.0334044647322142,0.0595566441043218,0.0670935430154588,0.0543465017435993,0.0494576459706933,0.031946595324548,0.0581599491753405,0.0659839339977436
gaussian,400,527,0.38268343236509,0.25,44.7602770233717,32.787393206989,18.6668457069615,39.1652274559789,46.0196725941599,23.3229042997036,17.3514657731103,10.3088735935289,20.5324404341704,23.9510397403094,43.745267377536,33.4020044324287,19.0388547873832,39.1108998893254,46.6259432877624,0.0581511151115965,0.0434841568137918,0.0258334460767249,0.0508848450089452,0.0599407052848463,0.0562042401727784,0.0407041537112562,0.0231956296849048,0.048677930799115,0.057169668687188,0.0556689443484274,0.03997437774221,0.022083483232407,0.0480777369144593,0.0565733493884882,0.0553470012449915,0.0404976284649046,0.0230711157001804,0.0483637930577171,0.0569331432204953,0.0558156324487515,0.0400441178892142,0.0227275310433855,0.0475321465508725,0.056422936678547,0.057742578129713,0.0425729975047119,0.024185718993818,0.0504389606496311,0.0576591405097348,0.0561501782812499,0.0411960849631191,0.023452620479743,0.0492183630723006,0.0578449159427167
gaussian,400,528,0.38268343236509,0.25,44.8077944737641,47.524948591853,32.1627807152456,57.7857388584203,59.3990922519053,23.346867836982,24.7017209946267,17.0398864686199,29.8193752090876,30.6240929825427,41.9466973277584,47.971559029006,32.920646497386,57.7960026717549,58.8460677528128,0.0546704556431998,0.055931843705816,0.0353539673893867,0.0692781843176253,0.0699785229316519,0.0575558985820756,0.0614057173520974,0.0425269059735449,0.0720143084634748,0.0756544740977808,0.0546868895296046,0.0587869680267846,0.038322019274318,0.0713067366387945,0.0728257616385346,0.0556601721239668,0.0595276313621077,0.0404143017868104,0.0721674049263077,0.0739823761002074,0.0543451187469255,0.0591760268112628,0.040341933365586,0.071432026222277,0.0731404299446863,0.0537532375187446,0.0612728987791301,0.0421836606646879,0.0745745955321111,0.0757785871035081,0.0556613413847037,0.0598709413861078,0.0404750801439235,0.0723680693944263,0.0743549922676466
gaussian,400,529,0.38268343236509,0.25,38.9119974296367,29.0575140320107,16.6084698151223,36.1205004270475,43.4079221756647,20.4062408866859,15.491046563354,9.2820895418407,19.0137696000723,22.6483535994846,37.1294551294564,29.660481354956,17.2172799071306,36.2101457092112,43.6141749802339,0.0495080005913067,0.0319935060715858,0.0133640320616586,0.0442382245343403,0.0518067023785598,0.0504774347277657,0.0370472100228773,0.0208455586221083,0.0464571121135887,0.0555114841813115,0.0500959077125945,0.0375757293991847,0.0220151112340014,0.0458062371593277,0.0554074921492139,0.0483559981833384,0.0361082444132518,0.0206995893765737,0.0448120426095073,0.0542377402778578,0.0485376786440152,0.0357848935433417,0.0196963381258301,0.0447742277003666,0.0540123176860083,0.0492928307656034,0.0312208347144777,0.0118138064967051,0.0443448548732465,0.0541505968229948,0.0482253281670172,0.0366583929502459,0.0210668640282634,0.0454182196163387,0.0545184433937692
gaussian,400,530,0.38268343236509,0.25,59.153883058066,59.9658906316122,42.8012051361255,59.5775241595964,69.7423555850748,30.5017938424783,30.9067545660662,22.3459692883553,30.7129852038948,35.7828195926618,58.9895617933486,60.8326666622706,43.1734835454755,59.6340028122148,70.5030033885735,0.0763847532957834,0.0774412390282786,0.0557811803623121,0.076930673692466,0.0896766585908052,0.072849027677058,0.0725192446833822,0.0507491261240993,0.0728732504428378,0.0846141327496462,0.0739934048558692,0.0752345078023211,0.0536032383719732,0.0749912224287472,0.0875470055343572,0.0739902491482374,0.0753005139948268,0.0538230134546821,0.0746899662137534,0.0872831623564667,0.0737889184565675,0.0754471241202264,0.0541843429811327,0.0748106245256298,0.0872785100362105,0.0717675453465637,0.0763859362491312,0.0557663540954082,0.0730282764216666,0.0855278611333343,0.0738146544987796,0.0748203282890448,0.0531193254496342,0.0744754840655864,0.0869299910771454
gaussian,400,531,0.38268343236509,0.25,62.3373300900325,80.0455105364745,61.6894116985474,82.5628892951533,89.9272050589038,32.0895637286848,40.9213303688304,31.7663323717477,42.1769370167872,45.8498770995811,61.8339500326716,81.0159604691504,62.3997074842991,82.6071682204644,90.5869749448585,0.0786025856308999,0.0999387130451494,0.0762885815210812,0.104475228204355,0.112179879399575,0.0800915147811057,0.100487002901148,0.0753351402117738,0.104450510568561,0.113770416615624,0.078852154991061,0.101056427143207,0.0782927137022563,0.103729012785018,0.113076420591292,0.0783617862037472,0.100059345785114,0.0767883499573587,0.103013048777461,0.112621373862373,0.0783633518040907,0.100678575736745,0.0772342857806138,0.103603429463134,0.112984886449761,0.0799599250296891,0.101060410923082,0.0775588521814892,0.104057504721269,0.113379877255304,0.0779616482950391,0.100472182212534,0.0773283684867101,0.103303500749669,0.112665849981987
gaussian,400,532,0.38268343236509,0.25,30.1526561696371,31.1725979231544,21.5096143355426,33.2121057529963,40.7620254712751,16.0372964631209,16.5459564006685,11.7266116758902,17.5632029881021,21.328673143639,29.323529161324,31.7533363289694,22.1016001398922,33.3091777085095,41.0494443989961,0.0401408825340689,0.0380684132261389,0.0249269751050376,0.0435388049482806,0.0527039937468815,0.0369415629982211,0.0409055046303923,0.0282888766447595,0.0426447745375528,0.0522632103185495,0.0374964691886718,0.0392365766451828,0.0274032116243549,0.0414024176047514,0.0508715503944985,0.0376423565697166,0.038959401882214,0.0267305455769245,0.0417020081001573,0.0510397729996395,0.0388727253822635,0.0396305022717773,0.0274371668798284,0.0426900568352232,0.0520534765216353,0.0382593130083511,0.037246070978518,0.0233485639085313,0.0415172211252453,0.0496031634708118,0.0378442748430461,0.0391033033333631,0.0269930908256171,0.0416161614009356,0.0511608002523787
gaussian,400,533,0.38268343236509,0.25,52.6060050730228,49.1400394622613,32.4203282397084,55.038949173292,63.3328552230886,27.2358949784659,25.5073212372997,17.1685445466988,28.4493448840418,32.5859112866887,50.5356389062548,49.6816240492448,32.8482695212541,55.1342800966817,63.6050295268114,0.0682575061579773,0.0627018377356471,0.0393080288286423,0.0712241454237011,0.0815749784863328,0.0677406703373317,0.0627496949303083,0.041907806894725,0.0707650464850395,0.0802608837163707,0.0674977893450823,0.0625786855591392,0.040975650424437,0.0700437546016582,0.0806561243309374,0.0662000375388278,0.0616555786732138,0.0400050596780057,0.0695214666520071,0.0797510231642732,0.0666076715923513,0.0611465838464305,0.0398776764881735,0.0690397469801537,0.079413754927698,0.0672454204908721,0.0601941273979278,0.0388578408541259,0.0688559484318847,0.0788228577352744,0.0658383781150028,0.0613318767860218,0.0401366685369342,0.0686283357324859,0.0792590660435702
gaussian,400,534,0.38268343236509,0.25,50.2751376590162,36.8049558837912,20.3523842562327,49.0627833776698,55.8325141588385,26.0737214246413,19.3551050942189,11.1494306228693,25.4687492584904,28.8450699132555,47.953488301226,37.5188525339562,21.053295575794,49.1509007540997,56.1870414388909,0.0610459754864325,0.0474715881665289,0.0276867149729473,0.0576010192518317,0.0689880324662182,0.0617667429905671,0.0466189611770924,0.0260441137982108,0.0615021259888668,0.0693410107679514,0.0581129876003754,0.0461066307977155,0.0260595677824191,0.0599605711970775,0.0687153477579798,0.0629733831854162,0.0464815720110765,0.0257214118990954,0.0616832740374689,0.0704772721340469,0.0626933700469959,0.0454489720613227,0.0239802679022248,0.0613318984194475,0.0698603580811286,0.0639121496058197,0.0477232583462806,0.0274999782892827,0.0624786777537348,0.0722311180404926,0.0622056794672885,0.0462245937513577,0.0256406732012834,0.061343519046553,0.0700385186431169
gaussian,400,535,0.38268343236509,0.25,46.5647472128378,45.3563175358025,31.5572703053032,44.6037717741436,55.1021865633252,24.2230244228487,23.6201993927951,16.7379263364265,23.2450055934396,28.4809275182795,44.9551405641923,45.9229756177129,32.096601071432,44.3892270507895,55.54735555801,0.0606894351286153,0.046459152162454,0.0246201552485734,0.0517803290050671,0.0637156712079378,0.0569457268998039,0.0549289499753553,0.0360112706737937,0.0557751050590725,0.0687340998538159,0.0572711559829866,0.0564982271376943,0.0394294553444316,0.055630653491545,0.0686056024118781,0.0583886284902244,0.0573435485915282,0.0400984734145891,0.0559877289986811,0.0694695861169293,0.0585368387563614,0.057684750904338,0.0404326341101144,0.0562206644775047,0.0694349546408651,0.0584565107378222,0.05865872527241,0.0393972710744143,0.058215384774366,0.0713238546067979,0.0578104246330171,0.0564416502971596,0.0393337791981889,0.055293579071706,0.0687158691477922
gaussian,400,536,0.38268343236509,0.25,37.8022208692329,30.6887766726332,17.9804108926217,38.6585265651102,45.0686712541988,19.8523385357301,16.3047164780596,9.96658461752641,20.2795501220527,23.4765374586135,37.1780019691021,31.3260456322698,18.3809784726286,38.8486908227074,45.7757862316487,0.0482805009392087,0.0408244831749378,0.0242540501799836,0.0507436272854237,0.058835234857266,0.0469317756832737,0.0393918736502447,0.0243112489730753,0.0488120021547395,0.056574835792215,0.0475139551008439,0.0356566490138689,0.0186179297449573,0.0463305776116305,0.0545213056921156,0.0481420104630244,0.0385063765670824,0.0220399762165646,0.0489834487964414,0.0570014745201557,0.0477324115187561,0.0388554724027028,0.0223876291207845,0.0482974521234872,0.0569466768919901,0.0495581686738183,0.040791884004662,0.0247927384203967,0.050423062912732,0.0585681677196544,0.0476881110123438,0.0384385071239117,0.0221719471102024,0.0485440007860977,0.0566838716897523
gaussian,400,537,0.38268343236509,0.25,27.875291183416,46.3232168398317,37.6272912369219,43.6551193635447,41.4953242390403,14.9016102301287,24.1026185885839,19.7655547441898,22.7719948647391,21.694904643109,26.3045305819332,46.270097436693,37.8606042921935,43.2755500151223,40.7681787105128,0.0370890709062616,0.0556332039968422,0.0381000149014308,0.0562142132494921,0.0526086914891103,0.0360780972324474,0.0571450469412579,0.0436988820315404,0.0555129375468789,0.0521264735806897,0.0339379493500514,0.0584253201200649,0.0484818311092485,0.0543502622870667,0.0507328025187461,0.0352654775877963,0.0575946944677425,0.0464335692012309,0.0542127016049625,0.0513979905721781,0.0334786565834481,0.0579000624085123,0.0464390161562921,0.0546677679564202,0.0516209499658523,0.0368340467082979,0.0603187573329714,0.0493899927417941,0.0564110524468493,0.0542735346490238,0.0343209180922192,0.0572297705999812,0.0463728415498215,0.0537532556469851,0.0505005399030935
gaussian,400,538,0.38268343236509,0.25,34.1720467958768,45.9100946536237,34.0389495796675,52.8520807207514,50.9782495679969,18.0422971253321,23.8963825099563,17.9757336356819,27.3587381091354,26.4242943328483,31.7616043003713,46.1287291288906,34.5775287850189,52.8223569093655,50.1584217721587,0.0430993114879991,0.0561842913422019,0.0374123888725919,0.066945789510242,0.0655795094521524,0.0417537560246546,0.0526043984040296,0.0362040708048196,0.0639509961942803,0.0597613382464048,0.0445829398957928,0.0580100062912719,0.0426145180252978,0.0670907858727498,0.0646849139274396,0.0428516395519726,0.0573204440377507,0.0420004667495875,0.0662074074471731,0.06346574555945,0.0414241390473393,0.0567368354285514,0.0420100208196269,0.0652624391093077,0.0631706355123217,0.0427726869398203,0.0556889181406218,0.0400629646044106,0.0639628392403711,0.0629071115648505,0.041968337782262,0.0572739397592368,0.0423397887697128,0.0659597788156377,0.0633717221968379
gaussian,400,539,0.38268343236509,0.25,69.8343473372727,51.2687776670768,28.9772705064959,65.9924409840161,69.6429275078464,35.8286879583893,26.5692053251758,15.4514635405561,33.9125200939466,35.7332189374843,67.8428494965747,51.9117432527942,29.3216835122163,65.9404336412416,70.0995924282104,0.089201900893344,0.0665764781496754,0.0385540993462714,0.0832578535638632,0.089507629378294,0.0869639907822642,0.0655259656896138,0.0373473774194773,0.0836029371773383,0.0880738414040112,0.0845484355148398,0.0649341643390715,0.0371790358353341,0.0823295786917007,0.0871663986069597,0.0864857766357022,0.063843774998346,0.0356186259542347,0.0819191881558911,0.0867751370769727,0.087086859329263,0.0635656339899669,0.0344209200124882,0.0831701570603877,0.0873435170467592,0.0852505185972994,0.0665832584613116,0.038041976422793,0.0847813338724435,0.0895175433997639,0.0871529746138429,0.0634726747620429,0.0354736463154793,0.0821597171358174,0.0866756623758829
gaussian,400,540,0.38268343236509,0.25,56.9688941353139,63.2951070260432,45.1101557118121,70.5432093580017,76.7755069590359,29.4119353333032,32.5671268208946,23.4975990783273,36.1820394807502,39.2904514159235,54.5964242277181,63.8924262036913,45.6926039251359,70.7062123421229,76.9084112136562,0.0730217381291902,0.0810595131077173,0.0576944785599344,0.0906712912503563,0.0980334116419702,0.0702645174374046,0.077400654931649,0.0532415197338344,0.0881427721546656,0.0950636038536389,0.0703258643659434,0.0788425723249097,0.0561863200123798,0.0874137578587661,0.0954790020691882,0.0713677013451337,0.0791814404498703,0.0559612438702614,0.0887105519094568,0.0961176806649961,0.0708720021261718,0.078542220209956,0.0553013434134598,0.0883700561566596,0.0956460288840433,0.0732880772967054,0.0812119924157015,0.058255998993721,0.0900085302406842,0.0970896943363368,0.0713377035485318,0.0791268704812106,0.055888502064637,0.0885005316446905,0.0961219086836299
gaussian,400,541,0.38268343236509,0.25,27.6386093346072,36.8441358305937,27.5611759773885,38.0318270255839,40.2546778625992,14.783266798052,19.3747857774199,14.7450844696419,19.9670742989776,21.0757871341304,26.5330126084669,37.0801509987387,27.8547198803485,38.0882236096905,40.2398494159937,0.0364362066377244,0.0482597673031705,0.0368703430300379,0.0485944453585794,0.051468734889285,0.0337224501409726,0.0466891924507735,0.035914759299472,0.047422526624296,0.0497125948657277,0.0357846905998144,0.0469732895571167,0.034180934853394,0.0491803928751528,0.0516567657174067,0.0346602129791768,0.0463487569228329,0.0344000308263994,0.0479169279807576,0.0505619356575641,0.0365187727678005,0.0465310514756352,0.0340606673477342,0.0484473381879119,0.0512997451088345,0.0368733045057945,0.0451316977619496,0.0330580531305691,0.0465039794910984,0.0480266081019274,0.0348677094891085,0.0457938539283541,0.0337281058380226,0.047519089670223,0.0501050280310922
gaussian,400,542,0.38268343236509,0.25,49.5035375848145,53.4081332595057,35.8210694534355,68.2951693187871,66.1606262448436,25.6887262895169,27.6360454421478,18.8646815142955,35.06091537491,33.996383655485,46.591067281394,53.7776449114295,36.3644247835415,68.3655644311888,65.6347595391893,0.0630327139525564,0.06620136139424,0.0406066881606753,0.0872327114935391,0.0847040036995992,0.0605054652367361,0.0676564431067507,0.0449764102406295,0.0868011400551268,0.0832552796783785,0.0603067298629572,0.0651856338087424,0.041684221882168,0.0850900117262014,0.082472212021558,0.0615611895809781,0.0666906931325836,0.0444558558030766,0.0854952043894753,0.0826773894743796,0.0601301834239413,0.0672812688596123,0.0450638958351051,0.0858083829286355,0.0824352971877309,0.0640544328933843,0.0664517566050226,0.0440217035787984,0.0868223136191236,0.0834930961798966,0.061807633730614,0.0665482773743185,0.0440827772385176,0.0853846537492799,0.082625788952387
gaussian,400,543,0.38268343236509,0.25,64.0834232468198,62.8780466336131,40.11237104366,83.0634522376054,75.396328641332,32.9603886832708,32.3592581083216,21.0049663030234,42.4267122056035,38.6032357436156,60.7673867144801,63.4024536368618,40.8137960303623,82.9926170773915,74.4779101928132,0.0750645584901933,0.0698315380531826,0.0433310120652332,0.0965523722007973,0.0862442459686187,0.0797487719564337,0.0791129947662573,0.0513837500609732,0.103405856416676,0.0922278098215225,0.0797160626670793,0.078582554155996,0.0503789609231301,0.10320415315222,0.0926827969608296,0.0804560254972902,0.078358333637812,0.0496792056892894,0.103878821729226,0.0932780610430745,0.081404733134144,0.0792589582823383,0.050958984691873,0.103939025742602,0.0933168565052552,0.0796499788905723,0.0770257439547083,0.0492802414645614,0.101127313204812,0.0911805527096715,0.0801659275493666,0.0785778012266486,0.0499952634630659,0.103865380170975,0.093239923717151
gaussian,400,544,0.38268343236509,0.25,53.0969286166181,64.5556974249976,47.2059526373357,75.6173948604831,74.6778815519407,27.4811472391706,33.1959013321534,24.5429509273058,38.7128178400508,38.2443701864485,50.1356044663361,64.9389355325792,47.7464602835005,75.7511874410943,74.1975599125736,0.056200520103591,0.0827350506283666,0.0613506475683747,0.096102806709123,0.0933210076054272,0.0645224729038933,0.0771740316487002,0.0551443653005868,0.0924325895358089,0.0912897862177613,0.0655141809241106,0.0800394603450639,0.0577565356064576,0.0937508138287029,0.0935711979577929,0.0658322746204536,0.0798957758875758,0.0575158972206733,0.094215604489283,0.0927196304053357,0.0663186560492633,0.0791850273809198,0.0569074854943541,0.0931232232905238,0.0921004396941811,0.0685843507905778,0.0826900942462694,0.0609063839357947,0.096499499830011,0.0948046641379357,0.0658979544521955,0.0807584858464235,0.0585251469417654,0.0948265918286834,0.0933849521298624
gaussian,400,545,0.38268343236509,0.25,50.4820782725338,45.5716787692665,30.4079277203843,46.7975277777326,54.6864486344501,26.1767710978401,23.7277185425476,16.1648508455607,24.3391123959896,28.2737218545663,49.006409826002,46.0914423026958,30.8426094530903,46.6295557465745,54.8901061987314,0.0655456303628912,0.058330360695072,0.0381821303346054,0.0535254205747752,0.0697207538408461,0.0626901833458109,0.0506619606361905,0.0306083913026092,0.053195882086294,0.0641564182878935,0.0633018754967066,0.0556737562387229,0.0360419605365857,0.0573783708552163,0.0672686509977057,0.0629183658566095,0.0571453458716744,0.0382397476595123,0.0588009329210639,0.0683640362993362,0.0627131889770356,0.0577543260215366,0.0389079515958758,0.0586707596555696,0.0690513305351444,0.0586878124242127,0.0564676069054368,0.0381217496449851,0.05690827260321,0.0650543128056197,0.062912343823638,0.0565305870195823,0.0375161344847061,0.0580835684207363,0.0679343859409464
gaussian,400,546,0.38268343236509,0.25,37.2215632882125,33.333685314282,19.8023406123811,45.7296660564306,48.933638217955,19.5627412880363,17.623846042263,10.8753352626953,23.8062403692204,25.4041249503505,35.6680808598307,33.8695439281725,20.2499277774451,45.9864982290804,49.3507561777376,0.0481038668548764,0.0429976176666024,0.0244541851918234,0.0596388136799026,0.0636517485948784,0.0474391598037643,0.0430707846761016,0.0247594442049772,0.0589490582360287,0.063349837338652,0.0480869781618205,0.0417409496441901,0.024599842877845,0.0573967489330979,0.0615722792892898,0.0467356170148607,0.0419331731805772,0.0249110691686707,0.0574145309759621,0.0614991070095647,0.0477270560387135,0.0425032735437462,0.0248155132986303,0.0583189915151219,0.0623772811819137,0.048961150114707,0.0439447750195092,0.0269679537829282,0.0596512799129528,0.0636646835373904,0.0469299280063674,0.0416502131907008,0.0242257072830391,0.0573627521182018,0.0615392486103586
gaussian,400,547,0.38268343236509,0.25,43.3079962555,40.5019168132375,24.4159635237415,57.3882487490664,57.0159344051121,22.5986151180336,21.1989389604153,13.1761833398156,29.6210347947567,29.4353662354369,40.9430627544323,41.1298321622577,25.1879178715567,57.5446299678529,56.999928346812,0.055971691581766,0.0476677595104899,0.0269944770398275,0.0690812388169365,0.068957361416949,0.0524281357710561,0.0522959051936711,0.0318135551263102,0.0737792517454648,0.0717361972156518,0.0542986374911762,0.0478040977892102,0.0275058345862745,0.0695011687382062,0.0694516375760638,0.0534940975681232,0.0508950256299897,0.0306378198640887,0.0717736574417506,0.0710881535998628,0.05502863812654,0.0511208952212238,0.0299559346597913,0.0725552820484082,0.0723252211870708,0.0527301541731631,0.0509486299371106,0.0317341322251632,0.06895834297422,0.0696116063382411,0.0541625986644081,0.0507809192307936,0.0304453967835703,0.0718313726521189,0.0710701020997689
gaussian,400,548,0.38268343236509,0.25,49.513004834705,53.1364398754005,37.8651300605422,55.2247841546567,62.8046764516175,25.6935139370141,27.5004461600841,19.8838652757498,28.5421525453269,32.322688073056,46.9399583457145,53.5828026579105,38.5634357430261,55.1469863720316,62.0801510970818,0.0623556239514364,0.0679494404111102,0.0476083157646103,0.0711693511881166,0.0803520588421116,0.0629724857950205,0.0686005282965095,0.049403159344448,0.0710615267887531,0.080324957926421,0.0597974958571287,0.0661540021406064,0.0477089238597875,0.0684492812200904,0.0764077090356945,0.0611398936823498,0.0662088490250541,0.0469548035024048,0.0687944674377515,0.0781452684144167,0.0600271409676621,0.0659207967533969,0.0474671524001879,0.0675403671616088,0.0770419325830289,0.0589282766162063,0.0626017912597015,0.0461992487025826,0.0580927138757365,0.0716416029443718,0.0617414317996954,0.0667172820964126,0.0476519756451756,0.069038653988517,0.0783357895780911
gaussian,400,549,0.38268343236509,0.25,31.4081075970759,60.0456186896637,51.868256083593,56.1127641862141,59.8696056638768,16.6635079650975,30.9464065323261,26.868073383961,28.984985424844,30.8586605716343,30.1937111536828,60.4208679230634,52.3456655373625,56.0801890557483,59.8566706343101,0.0318884493608016,0.0695585268444713,0.0638335111859391,0.0579904307384437,0.0651633430806565,0.0401964548429238,0.0734445822737267,0.0618084677586665,0.06930328802062,0.0741112245878186,0.0399945989317204,0.07609688354357,0.065638685047513,0.0710037440422179,0.0756188534628,0.040103990802861,0.0758520408323522,0.0651938128782535,0.0711369304248655,0.0756023931036593,0.0401464011129998,0.075190539920132,0.0640083137611915,0.0705189787038923,0.0754080499506169,0.0374948339040345,0.0750864007264424,0.0663694761883153,0.065697143341134,0.0709672999741217,0.0391366899994803,0.0753487722599013,0.064903386995531,0.0701057028904752,0.0749169550844649
gaussian,400,550,0.38268343236509,0.25,41.6902459139651,55.5783413818232,44.8782240904391,45.6667212837517,58.2727015322805,21.791672785287,28.7183928302465,23.3818109504411,23.7749683176953,30.0622784116526,40.7491696121738,56.0643973310254,45.2688138267993,45.693866959311,58.2688423477132,0.0494937777775433,0.0646898575339271,0.0520875589217977,0.0540001959314663,0.0684741208578727,0.0522264405255013,0.0709204855384326,0.0576702657034795,0.0575747523306669,0.0729261679330754,0.0538565883298868,0.0705195182160921,0.0568465637818826,0.0584002883994067,0.0739207372793894,0.052355021951645,0.0693782851982772,0.0559206428303124,0.0570122730037899,0.0726928532213406,0.0522535089046842,0.0698069837710116,0.0556974235300586,0.0578785309829291,0.0733354353518894,0.0529150975258671,0.0694501403743888,0.0546710293059421,0.0587813963911524,0.0731800317581303,0.0520954310590758,0.0693701020619156,0.0559298604163738,0.0570168431385438,0.0725763467843293
gaussian,400,551,0.38268343236509,0.25,53.4263520171234,53.3710990514584,37.3957272005627,54.8372296803052,67.069513740824,27.6450503529191,27.617465862978,19.6497924866233,28.3487858627042,34.4495450275914,52.1086860494445,54.2174136379483,38.1357259112953,54.8333155170444,67.6922062603364,0.0679914575849853,0.06882813654558,0.0486720824497028,0.0710421994321325,0.0855128725952726,0.0667780708049693,0.0665594292262483,0.0469365276324643,0.0683214236475381,0.0830050348161189,0.0675772995087505,0.0674014866696049,0.0474102775312287,0.0691748204842473,0.0849459565519227,0.0661571713063424,0.0671510737442874,0.0472912726515692,0.0684361392651985,0.0839282146021183,0.0677275890958081,0.0663473978023994,0.0457823575483789,0.0685802400194819,0.0839321115020435,0.0691294208986426,0.0688196524786417,0.0484057442354194,0.0709296470514709,0.0860741645047278,0.0668159200645911,0.0668834006550481,0.0469478931878565,0.0683881490968593,0.0838995257879327
gaussian,400,552,0.38268343236509,0.25,54.8414402033188,56.3415958321893,38.8599882964336,59.1644032308783,65.1099426012364,28.3508993319739,29.0991687460271,20.3803384713694,30.5070220100165,33.4724093475731,52.2318263242798,56.6494351197553,39.1407322414208,59.1249535916189,64.8735032900259,0.069988742438731,0.0618586425700087,0.0342617010746342,0.0721929367899241,0.0807370419628023,0.0679097922881984,0.0712251625804112,0.048940532233769,0.0756530690521132,0.0828977215598073,0.0676068551594405,0.0707967821146188,0.0490796716691429,0.0740801635309524,0.0809627067769729,0.0687677037936334,0.0700299614733457,0.0474525791851024,0.0741427908994302,0.0810938654202405,0.068575719565873,0.0714864178127693,0.0490392189487916,0.0750053378132287,0.0823192196605519,0.071014776723878,0.0725668219104584,0.0502805357880334,0.0752739170647142,0.0834926154041234,0.0684423143479929,0.070276650160572,0.0483377923970183,0.0736842225675105,0.0810900805224629
gaussian,400,553,0.38268343236509,0.25,50.756596260024,49.8410199464227,32.3392772358586,63.9724526191001,60.2819149963289,26.3139688557428,25.8570656246683,17.1281713398225,32.9051100346223,31.06462338563,47.5994106968499,50.1963579354508,32.8940624029004,63.8265478156727,59.6697602499484,0.0451247431896775,0.0524512526246158,0.0381167998247414,0.0556731306177878,0.0593053171896468,0.0606007371355711,0.0590468638911225,0.0374357637649938,0.0783099285849357,0.0732834928572237,0.0631443027518126,0.0636052379714435,0.0414702658116671,0.0811612223736333,0.0763036353585097,0.062942728136913,0.0618722416044287,0.039504956105082,0.0797617130644588,0.0748165573594736,0.0639916791056948,0.0619509620243089,0.0399730504194932,0.0797451151116274,0.0753056581810043,0.0657691153255945,0.0630613242621694,0.0400352525230744,0.0812103252754496,0.0749197909972075,0.0626572410996501,0.0617512194454158,0.0397169106071243,0.0795366761842895,0.0745572390773483
gaussian,400,554,0.38268343236509,0.25,47.4814076137137,32.0922765773616,16.361518277811,46.2070453609635,46.1332677773114,24.680226509075,17.0049307245002,9.15935475423879,24.0445084740432,24.0078423694766,46.7047076510322,32.7015816906739,16.6449339405258,46.2288930383238,46.6546294451171,0.0569177634203223,0.0415832925745689,0.0226071281674251,0.055969854171651,0.0581819939020526,0.0570414404380976,0.0408642770503341,0.0213502374644419,0.0587020523369017,0.057671620338407,0.0588191175475636,0.0391030556136919,0.018458989588363,0.0571222136961355,0.0574510699593672,0.058597084563619,0.0398230060416269,0.0203301829647621,0.0576771635271854,0.0571230284391358,0.0599244986849697,0.0405974991179171,0.0205308919551142,0.0584128040360339,0.0583366578565001,0.0521572584393458,0.0381470998336446,0.0174481205818316,0.0556797484858368,0.0532908582689749,0.0589765448865493,0.0402668646678965,0.0202842497704857,0.0580566753162602,0.0577551709316073
gaussian,400,555,0.38268343236509,0.25,59.9851587237355,54.8073564136973,35.7607392103337,61.3005770180483,68.3786486504104,30.9161209426438,28.3339944272392,18.8346905462349,31.5723645835114,35.1026363847645,58.1790044420975,55.4146920315501,36.1284720744141,61.3489057266437,68.8096637970417,0.0774565616029536,0.0696027147045204,0.0444586046489529,0.0791095119269737,0.0856288050292359,0.0742560495949117,0.0682616715155516,0.0437048722980549,0.0758192516795377,0.0852635360570881,0.0760117479507631,0.0698614425465026,0.0459009063035167,0.0782554074193977,0.0870840944097906,0.0752936893002725,0.0679457628656828,0.0436795720149203,0.0761557467823359,0.0851949868970485,0.0743818434290974,0.0685162339186849,0.0444245478288898,0.0767841202223576,0.0855519548156218,0.0754252607921623,0.0707917027834766,0.0468451207357765,0.0786584264232359,0.0871874099782526,0.0753179605166862,0.06787827352908,0.0436877766415532,0.0763346571641165,0.0850642174119155
gaussian,400,556,0.38268343236509,0.25,34.8040447094699,43.2040531047169,31.2759936503366,51.0057280580676,51.6062003080479,18.3571934699667,22.5467351645669,16.597741378317,26.4378751722654,26.7373246262016,34.4065654192764,43.8662174345508,31.8752229913892,50.9744374438726,52.0691046819528,0.0459965632762517,0.0558309960040575,0.0413488121023315,0.0621288854691089,0.065368156627074,0.0431768041472613,0.0507220421153202,0.0354071511322818,0.061129052018561,0.0625259279045966,0.04332229496995,0.0529000396411896,0.0379831241053058,0.063189656357679,0.0633497301899541,0.0434236744926658,0.0542871006115232,0.0390234333787599,0.0638910214814761,0.0647811367929564,0.0433990954731514,0.0537975058412266,0.0390831463097988,0.0632941704274346,0.064066387801223,0.0406752393590388,0.0534633858113207,0.0390793886463511,0.0634650963151554,0.0630745288601029,0.043785989962578,0.054206051448297,0.0390461024867577,0.0639720484114265,0.0647450300740259
gaussian,400,557,0.38268343236509,0.25,57.6021132514399,70.3381752504147,50.5477964447744,85.7036736229909,85.2080781960564,29.7279313723442,36.0797704029258,26.2095068431256,43.7433190485653,43.4961728102134,54.2812309171327,70.8833079494493,51.3427958365118,85.8976629156995,84.8445748458743,0.064970956318083,0.0900898767232367,0.0617292611494329,0.109235896035585,0.108814278366315,0.0727083900600714,0.0899981667883077,0.0643759777856745,0.109060927045106,0.108626188965462,0.0718458869378893,0.0881106360379076,0.0627444200755512,0.10772357252628,0.107046018612131,0.0721333198323537,0.0880221602155099,0.0629210035518907,0.107317855850821,0.106578900806549,0.071584761230689,0.0871247818815644,0.0622842535406068,0.107091409609985,0.105974222356852,0.0740941653612288,0.0898355998531125,0.0642548874776333,0.109361083903409,0.108645098577375,0.0714575050105947,0.0880175051539573,0.062823707852862,0.107198857262577,0.106407888934059
gaussian,400,558,0.38268343236509,0.25,17.9862525517608,32.321485472758,26.4725792778876,33.1530011653311,36.1137199754768,9.96924337438935,17.1189272202563,14.2018714938127,17.533752258048,19.0103599883684,17.399533623635,32.7533451201597,27.1108385545819,33.2096039820369,36.1465262764952,0.02080604721344,0.0421390250667655,0.031991184947549,0.0431450761356254,0.0475858112792862,0.0219748134598034,0.0416896803727462,0.0330048184149526,0.042721221502176,0.0465100522601061,0.0233746840428988,0.0403527855754911,0.0332246433372733,0.0407907078842566,0.0450954279056719,0.0232826401621157,0.0408722934172214,0.0332121171008513,0.0421566089848949,0.0457639756226592,0.0234061950837169,0.0415135987621571,0.0339866426100982,0.0421485352471615,0.0459821918171726,0.0249476239860418,0.0395363800864584,0.0311651394178662,0.0397786025080045,0.0446598933916043,0.0228515755581532,0.0406424788003657,0.0331308497882951,0.0415151035017355,0.0453019771885313
gaussian,400,559,0.38268343236509,0.25,34.4760282758515,40.0911567713047,28.8722300884399,45.927846726972,50.8684128260428,18.1937891137106,20.9940845481232,15.3987708907994,23.9051523086185,26.3692211321748,33.6694337437433,40.8035923048543,29.6037867391532,46.0566666395294,51.1840075806047,0.0413898122658617,0.0524584290261942,0.0385847296385163,0.0598964781331182,0.065856473248036,0.0436052103399679,0.0509985422689917,0.0373114601394076,0.0563922509762444,0.0636967029782849,0.0421953886231342,0.0510091631949263,0.0367036338628758,0.0585438533828808,0.0641437962473178,0.0430922714981513,0.0507057028469302,0.0363291529773366,0.0579462643787031,0.0642342661132309,0.0424687088655312,0.050980753788114,0.0367655804475709,0.0572470627649891,0.0640360936287015,0.0403925924285379,0.0499898356114257,0.0364250527339585,0.0551541144132391,0.0617336754259963,0.0430401090732234,0.0504874646445495,0.0361999429967795,0.0577988670401587,0.0640206170070461
gaussian,400,560,0.38268343236509,0.25,32.6839286772011,37.1514559539526,25.5934404043905,43.8129694702464,41.9141497222945,17.2999980138152,19.5281686591418,13.7637599392388,22.8505359785884,21.9035953775507,30.6299481841215,37.2537870005384,25.8272238955057,43.7110721674084,41.5257976775692,0.0278606792811538,0.0463826233907854,0.0342091754500904,0.048887607660807,0.0490675312204214,0.0411337395353014,0.044948690088702,0.0297332114267556,0.0534564227310195,0.0518284770601494,0.0407343466730032,0.0450055923803489,0.0295406541403422,0.0537102540786289,0.0519697324018404,0.0400641101048694,0.0458586238008151,0.0315147671576496,0.0542925775369696,0.0514627068261775,0.0400810360285424,0.0468803055378029,0.0325771764129671,0.0546465550592332,0.0523797572739432,0.0426745322097777,0.0420321561027576,0.0248104646009567,0.0529781513878237,0.0481997614010837,0.0403272253132073,0.0458757832769935,0.0311623438393028,0.0544606000187011,0.051720952844034
gaussian,400,561,0.38268343236509,0.25,36.143532033878,36.1500417615372,24.4916285408439,39.5616038283313,46.0421350121287,19.0252110646867,19.0286271531148,13.2142261842131,20.7300509290189,23.962104166732,34.5740522126334,36.4701796191351,24.7794677582318,39.5972525105971,46.3272189618514,0.0475767297735814,0.0475994959074618,0.0329508789029172,0.0519312371871203,0.0596023185049075,0.0467905224566895,0.046494295912438,0.0323248615513885,0.049826920109683,0.0591944265916458,0.0459302794949767,0.046241769751308,0.0315233217641077,0.0504693448768852,0.0588201627965861,0.0446955743622411,0.0450424973645052,0.0300136780236508,0.049744707679167,0.0575159802088885,0.0445552795252137,0.0457198286633013,0.0310869902875426,0.0495450613436066,0.0577876994993146,0.04397126139654,0.0458670325635004,0.0323009019731892,0.0485500841398111,0.0581392616272662,0.0455129686341569,0.045341193566414,0.0304189550537525,0.0495709072924557,0.0580035675090682
gaussian,400,562,0.38268343236509,0.25,35.0443349979224,60.2367902016032,50.9925056704873,50.8969002616832,57.5081556249759,18.47723873812,31.0417842211589,26.4312513539993,26.3835980364074,29.6810860404968,32.6897332914407,60.2885664025283,51.3442209968693,50.8358963817176,56.5356460094622,0.0427924789061344,0.0777952869915566,0.0660195161927348,0.0660305746224304,0.0742015743733342,0.0426263808709312,0.0735206134732532,0.0617292204967195,0.0632177459522914,0.0690148866734068,0.0414745999209632,0.0757096131438429,0.0643760095176335,0.0633352781626979,0.0713763167053544,0.0432081334500596,0.0756575723303277,0.0642019803984597,0.0636445168736258,0.0714936298645971,0.0436504222711435,0.075011364343547,0.0632327332330677,0.0633113214881789,0.0712087865160824,0.0456534681025013,0.0762580828293268,0.0637821711073053,0.0652030982664513,0.0734259120972893,0.0433133644357621,0.0752762548405948,0.0637372626884088,0.063325605223053,0.0712793042304062
gaussian,400,563,0.38268343236509,0.25,36.4062803117083,37.0382156750755,25.0679235888177,42.2031436057645,48.4415735853454,19.1563285575146,19.4714795712661,13.5014360033829,22.0474649017277,25.1588172712446,35.2323182666509,37.5958000605546,25.5809611320266,42.325632621568,48.7738763274096,0.0476152846867371,0.0454919289484268,0.0318570594151291,0.0467393653593361,0.0604920476505955,0.0457097846193608,0.0466915896622507,0.0317421871359292,0.0521737934299274,0.0604593650377438,0.0426296062301362,0.0463709499345965,0.0315531355704153,0.0505042567493226,0.0594148525616816,0.0460488044738386,0.0468162783393256,0.0317776839234588,0.0531754750719152,0.0612345856454593,0.045665762575712,0.0478456556940719,0.032696172395827,0.0536890766003917,0.0619351280661865,0.0452089145861872,0.0454084174996029,0.0268693044018185,0.0527527417000939,0.0608982193668468,0.0455282515417896,0.0459526882668464,0.0307341702900277,0.0525836595497989,0.0605103749969776
gaussian,400,564,0.38268343236509,0.25,51.2644619664517,58.5720884350932,42.2349237841721,63.1338217548497,70.7513236152128,26.5666889994432,30.211474627448,22.0634838055295,32.4866163533759,36.2858483300197,49.5627342561263,59.2637812880064,42.8181407892978,63.2951083694866,71.1426029566765,0.0665569798255884,0.0746769980267133,0.0535279750524074,0.0810787878590683,0.089695541772989,0.0656529412395205,0.0749095218079707,0.0545038579598233,0.0802459421675767,0.0900744402082903,0.0648198821249776,0.0714518197702817,0.0500298459077069,0.0785768762982354,0.0877328578503099,0.0643403737669019,0.0725054784248649,0.0517284103240531,0.0786980453290304,0.0880438415727021,0.0647473926721381,0.0740136764138597,0.0532777131717621,0.0794613424241485,0.089261520030074,0.0639583194442999,0.0740754193989476,0.0544549039957891,0.0772274977903333,0.0861936130259961,0.0645681435500678,0.0735278383964302,0.0527180616838835,0.0793634731602127,0.0888147486590521
gaussian,400,565,0.38268343236509,0.25,31.4492573363626,34.7730156011307,25.0842543334628,32.8203517635207,40.8408316929925,16.6839383109089,18.3416885962027,13.5094079489012,17.3679448238248,21.3681404377387,30.4903533708606,35.2351597693522,25.5523815047498,32.7232156259298,41.0331674203327,0.0322695784365534,0.044727827321453,0.0338520497346386,0.0381659712035287,0.0501605786400955,0.0398069058657204,0.0452594524463475,0.0335012340480501,0.0424242791308765,0.0527415311903209,0.0406456064506335,0.044027968499121,0.0315176730939392,0.0421044672199125,0.0519321742189629,0.0389844926680376,0.0428869937085435,0.0308132187321697,0.0403163050886635,0.0502212850711933,0.0405797271967025,0.0444537541796944,0.0321598250980087,0.0419154978834219,0.0515550956008113,0.0412717900720034,0.0438438629432991,0.0315015177483954,0.0420393368882011,0.0527345849903692,0.0398608031008007,0.0436456709007253,0.0314561007829398,0.0411225223929034,0.0511701810482222
gaussian,400,566,0.38268343236509,0.25,52.2866189253253,59.8889743862282,41.9709828356842,70.1923657645647,69.3678021003015,27.0767525178834,30.8683829518257,21.931957176494,36.0071533432978,35.596076633397,49.3244424665146,60.2233479861678,42.4826553371012,70.2598258765152,68.7869122537469,0.0581240743836305,0.0716029447417797,0.0503965135525137,0.0857857057188969,0.0777229179218842,0.0673711820599912,0.0759986698565906,0.0527652855900171,0.0888911892869503,0.0877449011345166,0.0644622539856057,0.0748315450420888,0.051007932603774,0.08833518265815,0.0868446382496005,0.0655380669693008,0.0753201787163942,0.0524601000013492,0.0883825445993308,0.0870854177724472,0.0637990629943256,0.0748019774030258,0.052372718795296,0.086622457097316,0.0863103254163982,0.0647342334395176,0.0773097800268756,0.0547602640683459,0.0893623142381441,0.0886631219735937,0.0652815340553865,0.0746761065022372,0.0519052681043016,0.087583434067104,0.0861706079200698
gaussian,400,567,0.38268343236509,0.25,49.1723481592389,61.3755853270181,48.4457236672049,54.3143660315214,66.9903434872694,25.5234803910554,31.6097395972556,25.1610493224453,28.0879415895445,34.4101668138131,50.439299085955,62.4485661430962,48.9396027671893,54.4125114043375,68.1130029595013,0.0639610299694666,0.0790082568004774,0.0618328598940604,0.0702154447612745,0.0861605882294895,0.0598083340047796,0.0778582658300252,0.0615099468273277,0.0679786801999596,0.0837959769825672,0.0600365320728583,0.0763974032436247,0.0601589759029226,0.0683300849737308,0.0831324989450425,0.0614851299233985,0.0770221466611901,0.06077335686072,0.0680999356113753,0.0838342394340071,0.0616389438747463,0.0764051133769179,0.0597517840752182,0.0675164743386412,0.0831932497950328,0.063389324459118,0.0787772092742218,0.0624243789757178,0.0681716008015244,0.0858057328866731,0.0612886651403951,0.0770767593221316,0.0608586214352544,0.0681301149730794,0.0838290889387585
gaussian,400,568,0.38268343236509,0.25,54.4726176259693,82.1480789139134,67.216812366858,78.4625883442106,84.668773794709,28.166938571423,41.970066280346,34.5232603724443,40.1319499627464,43.2274220037682,51.7944278345793,82.4702736217693,67.7828904669024,78.4405895739123,84.0287887784255,0.062931219977307,0.104743800966259,0.0865201444549628,0.0977632541962457,0.105485473090534,0.0660146778275608,0.0987822736675239,0.0795042213716936,0.0928901401846536,0.101712615310493,0.0672909972225141,0.100978957317506,0.0811736147871352,0.097219473852953,0.104298623418258,0.0681298031915789,0.102779388209193,0.0835683967059508,0.0982725550527821,0.105405607281761,0.0682771301111854,0.100990873553526,0.0812873030732775,0.0974458444740915,0.104276090907182,0.0705501751349482,0.104063847398283,0.0858648613816207,0.0951863700165389,0.106877797007947,0.0678290962506589,0.102500777660171,0.0835563947728947,0.0977758129673257,0.105042946123922
gaussian,400,569,0.38268343236509,0.25,55.6825036794744,38.074615844788,20.3092221311891,53.0149614093623,54.0783273303359,28.7706663928579,19.9885435423605,11.1280655288083,27.4400050818032,27.9705451169362,55.8592383029954,39.0249821742816,20.8949736885151,52.9586293014434,54.704022114683,0.0680357595934725,0.0495290155385459,0.0234531026410451,0.0687195760359432,0.0700945461485108,0.0689576791934595,0.0490275443658591,0.0266426180862764,0.0668415207029746,0.0678257586268875,0.0674840708077413,0.0463493268849101,0.0240217055437457,0.0647373769078577,0.065696171929657,0.0694974295626933,0.0478075038431692,0.0255283438761753,0.0663449829443452,0.0676213771250189,0.0679972168484159,0.0479410500854463,0.0264663148366234,0.0660005405804723,0.0671779909331063,0.0702713457112868,0.0479317600240424,0.0249268000218438,0.0682799157801928,0.0689906880404963,0.069309015898391,0.04741838102182,0.0250906265462519,0.0661727438437711,0.0672329268080265
gaussian,400,570,0.38268343236509,0.25,65.5386265716291,84.0420185133815,65.5385862368549,82.589916514718,92.4400788017019,33.6861428383581,42.9146566364557,33.6862241862459,42.190428417831,47.1032286930412,63.0107687085673,84.734108112403,66.20556555591,82.6016702233344,92.5612879840935,0.0745816379925071,0.107283271012524,0.0843882874798894,0.105288646986165,0.114104325040719,0.0824551601673436,0.105794956114707,0.0826425968960923,0.102684861995539,0.115763605075358,0.0826053171298865,0.104825209163829,0.0804169473097692,0.104445493719185,0.115685982413907,0.0827223572879065,0.1052867291992,0.0815573454154454,0.103599632390742,0.116008246548278,0.0811060869521192,0.104686771568662,0.0812166626942076,0.103189862646316,0.115258605366408,0.0750770634002098,0.102868033861151,0.0807543251052638,0.0997254070255991,0.111122462749599,0.0817238379439844,0.105308674194515,0.0818091103093914,0.103449396172402,0.115567982989193
gaussian,400,571,0.38268343236509,0.25,37.818072859212,57.8229774747972,47.8603784633699,47.3797391057422,61.6879851631289,19.8603474235727,29.8377524235784,24.8689943376843,24.6292828462165,31.7654334464538,36.2610533474923,58.2714643678649,48.4029530656381,47.4923684503892,61.6892264777672,0.0413188904910218,0.0673630115479969,0.0576921067703872,0.0521212528530058,0.0718536109142151,0.0487928646295827,0.0736859419288965,0.0614133574046794,0.0594648470814456,0.0778118073736963,0.0485519262140758,0.0730907987668268,0.0607490609313533,0.0595723362347739,0.078158763291122,0.0474625810114574,0.0717488915311004,0.0592467305303746,0.0585917128831517,0.0765932042467443,0.0487036115354563,0.0736743434827626,0.0605480289885917,0.0603823006784357,0.0787230904581492,0.0496656654625249,0.0740350376607136,0.0610737036026231,0.060352193948194,0.0790354545480477,0.0473402340191099,0.0724831012958097,0.0597831552986026,0.0593731369639751,0.0773504864236924
gaussian,400,572,0.38268343236509,0.25,16.2277421399137,35.7568054500335,30.7947904589951,33.5640581751284,36.6142129011553,9.09225247268617,18.8322499824136,16.3574960625019,17.738760455527,19.2599986342469,15.2499974798331,36.0626811818481,31.445831784566,33.6336093794634,36.3786054944153,0.0158770853455309,0.040885263047987,0.0349790035440512,0.0392769616067825,0.0434803004929938,0.0217632770007225,0.0417701768904849,0.0341181324977948,0.0412707210271252,0.0437400728286023,0.0205292032182818,0.0446646651219499,0.0383056946171952,0.0408703017153862,0.0455288012699492,0.019726240457232,0.0453026314992542,0.0391601665052337,0.0422452174403486,0.0457843810008935,0.0211470967124525,0.0464533867089302,0.040148664033092,0.0434278548275169,0.0472853863513442,0.0189714848971125,0.0390172832595086,0.0299968186179124,0.0399490595914342,0.0435905313738606,0.0203657008120096,0.0453962304894942,0.0390784945886413,0.0423959670202744,0.0462183298285754
gaussian,400,573,0.38268343236509,0.25,60.0624433178768,93.6788367775188,78.5954594092869,83.6477547268499,97.0178541693797,30.9546613054671,47.7209307330819,40.1983003641937,42.7179155604993,49.386263904497,57.8547616385694,94.2137754217666,79.1665554794774,83.7640508563711,96.9507740378232,0.072535845043133,0.117549405904508,0.0997731897015716,0.103302054745326,0.119917628482322,0.0768981697869864,0.118882785249805,0.0995463502712935,0.106664741383386,0.123512908951362,0.0745878528792577,0.11885139525028,0.0996852077930388,0.105456954668403,0.122506027944631,0.0755638208069766,0.117322901414293,0.09818342164755,0.104530606061496,0.121450747829541,0.0749502147879824,0.116579598733464,0.0977335870792981,0.103619627416464,0.120822472845534,0.0770374866343225,0.118978540797673,0.100217769719385,0.105135208549695,0.122822940134856,0.0758295508214557,0.117592071038915,0.0984309876506798,0.105016126898669,0.121732870053114
gaussian,400,574,0.38268343236509,0.25,47.8858934064618,74.9234335229643,62.2751204862366,69.9690293314,77.125553230074,24.8819670571791,38.3667503992411,32.058550340117,35.8957718662548,39.4651301927111,45.7008960262382,75.3075365279685,62.7504079760247,69.9527265752509,76.7588801211598,0.0608164427587638,0.0961500898735396,0.0801371138269503,0.0899468800275984,0.0988989841713773,0.0581940046185485,0.0915475644660504,0.0754062507832189,0.0871305632862149,0.0947599602599273,0.0607169999413115,0.0928903401263512,0.0766663265398581,0.0876393220199267,0.0966771523472001,0.0597664295334594,0.0939065055165717,0.0777602038156399,0.0878091508495966,0.0967536990350372,0.0603077413959685,0.093865987803891,0.0768582062906606,0.0882354680108269,0.0972476628739601,0.0612047279632827,0.0953665244158973,0.0797261457858222,0.0873097462164018,0.098240808430139,0.0599297232213979,0.094026305670759,0.0777595329855751,0.0878772884579469,0.0968094089519992
gaussian,400,575,0.38268343236509,0.25,41.4550239273835,48.7657522155602,37.1351121388643,45.1022891897071,57.2571191339756,21.6746273711578,25.3205253498484,19.5197379306248,23.4935446637295,29.5556660770702,39.4598148921324,49.3051512766857,37.8420952281448,45.0090412074318,57.225463411762,0.0526823071674608,0.0597103458144355,0.0460950629147818,0.0518538334106211,0.0685365447240816,0.0526810761939374,0.0621656026133406,0.0476099840038576,0.0566824724982182,0.0726542030908743,0.0511264604763725,0.0622128017437203,0.0473470091931154,0.0574153339863487,0.0723739273910262,0.0516801654394964,0.0610511093431719,0.0462428765765964,0.0560843834721817,0.0715399997439549,0.0504648046248552,0.0609747564207097,0.0470326776732841,0.0560082397571925,0.0711928930449959,0.0540150049004309,0.0625188781199271,0.0471530202462387,0.0582031103370028,0.0727886772681099,0.0514480601148456,0.0612294641393417,0.0465627655812483,0.056364505519201,0.0717585757144348
gaussian,400,576,0.38268343236509,0.25,45.99243315826,63.975483177163,50.9421381050526,61.3029423325279,69.1878174209958,23.9377796185684,32.9064494751226,26.4061920306945,31.5735553254339,35.5061168508332,42.8598275295555,64.1560551515561,51.4667765040423,61.3111852744928,68.4056728806295,0.0262949534930104,0.0678251700606571,0.0612526342819241,0.0598769797627949,0.0629896052517412,0.0520176667136618,0.0785836043116165,0.0640286522091279,0.0734884845701227,0.0826293841492778,0.0574805907981255,0.0804809402728581,0.0635274365758319,0.0773929151920472,0.0876535978118999,0.057036829593624,0.0799171895653804,0.0632262529519732,0.0766195218796027,0.0864414861321446,0.0570330875457008,0.0795115773017953,0.0624921355744594,0.0762528155881605,0.0862939194511047,0.0587762237647933,0.0808356672060608,0.0636246591118493,0.0777377419900775,0.087257498003675,0.0568463499698012,0.0797285047142128,0.0631407373444152,0.0764200945359976,0.0863624651129839
gaussian,400,577,0.38268343236509,0.25,44.843721176674,75.9531720614796,63.0777252423061,79.3050420886525,74.3050604379744,23.3650049023524,38.8804855504353,32.4590740998728,40.5521690634292,38.0586064931082,41.1241782904714,75.7851758240649,63.5081824197893,79.2206829806591,72.7269684566992,0.0585543456283341,0.0974265769182321,0.0811325640862487,0.101605400593277,0.0953667425401391,0.0540531034386379,0.0966030668394347,0.0808267941484828,0.100065051773263,0.0935436817912347,0.0554665075589653,0.0940874557156147,0.0757260261669478,0.0988186655586356,0.0928308282095831,0.0549469122903094,0.0953962615538314,0.0786538515736346,0.0997705929207071,0.0931302172728711,0.0559603013164096,0.0939605945542952,0.0765640942977168,0.0989459508437673,0.0925436941874227,0.0572161852191675,0.0970072930988796,0.0807075448088053,0.101346721330738,0.0949167832201942,0.0549666322517651,0.0945353458897175,0.0778423072881715,0.0989579770759182,0.0922593282641361
gaussian,400,578,0.38268343236509,0.25,37.0600697218608,54.036020283009,41.5683653590696,59.8979186402814,56.3037764878127,19.4826840685487,27.949258530428,21.7311774745065,30.8728281209733,29.0805001085641,34.2151782002331,54.0329913920009,41.928183218346,59.8852365078202,55.1310160786383,0.0427215031716529,0.0640093681804685,0.0485032879919815,0.0698277325963462,0.0686166998113283,0.0482914093722864,0.0692750155504243,0.0534216786877496,0.0761145317179805,0.0717933660508448,0.0428056739272415,0.0690537691242873,0.0528785069938011,0.0755894296416073,0.0705694305343281,0.0464661443598137,0.0667324763718542,0.05042132008917,0.0749606042164968,0.069894337695871,0.044479400520148,0.0662236305683312,0.050131366659525,0.0739736518920998,0.0685721391131211,0.0432931353964524,0.0647332988856197,0.0496733553479029,0.07368541872503,0.0685258699400496,0.0456429790076712,0.067631638596331,0.0517965375443028,0.0749082158292685,0.0699132437455772
gaussian,400,579,0.38268343236509,0.25,27.9329553103095,33.1014282024344,23.4671346435149,38.1297476236118,40.54717143258,14.9303086287565,17.5080336262645,12.7030057333843,20.0159813536346,21.2216364306217,26.6344849733603,33.5204378046102,24.0655916680233,38.072452060183,40.5670790516256,0.0367625808867124,0.0428993800596002,0.0315669674294404,0.0493584212747341,0.0527992467352645,0.0341259703055196,0.0391792110668768,0.026595286915278,0.0473477044674504,0.0492710120244814,0.034743950967785,0.0417959937406945,0.0294363608377244,0.0479450189007249,0.0511660792546093,0.035789778151787,0.0422234879594542,0.0297581047531062,0.0483510104002349,0.0516039009193342,0.0340714183079,0.0408434385063618,0.0283904227942565,0.0469643680287558,0.0501731160774221,0.0354839338803747,0.0413604208191602,0.0298757917727886,0.0474826975834088,0.0502475202168113,0.0350205281978334,0.0413476443014574,0.0290411353004614,0.0475927424995661,0.050731874775049
gaussian,400,580,0.38268343236509,0.25,55.7168803720092,42.5052239669802,25.9140753037159,45.9708184775059,57.0093795244207,28.7874429831492,22.1982246758664,13.9233757488634,23.9267602164605,29.432192951015,54.4861696022347,43.2738250792618,26.4561199168491,45.8525162883268,57.696545305143,0.0712403534297126,0.0438131706971981,0.0178932090581349,0.0476391540877313,0.0628743043685457,0.0714430351279634,0.0545234459198954,0.033475422220104,0.05877426272979,0.073141469398283,0.0684552937215127,0.054247055788635,0.0333432096564094,0.0578964763418242,0.0721225594947624,0.0696798303434109,0.0532476671600712,0.0324021962265564,0.057445385091995,0.071400805735331,0.0703414939112617,0.0541695805794332,0.032856061072621,0.0579689293519771,0.07217130875085,0.0693186602581832,0.0532034505245628,0.0330220476150027,0.0584780593886882,0.0708488139049643,0.0703901674315724,0.0534491094680182,0.032636370718879,0.0577398018042912,0.0716426204889467
gaussian,400,581,0.38268343236509,0.25,53.560077439639,73.8543355525188,58.2963274732723,72.4432599056332,79.5975398758453,27.7120767602083,37.8334531269537,30.0739296779026,37.1297908984728,40.6980885147645,50.5623366761729,74.2933320713091,58.9546478621421,72.4432065636332,79.0050726639453,0.0645585219358031,0.0936303601264021,0.0736655361204099,0.0930389611262775,0.101243042576503,0.0664269275120236,0.0932984677019234,0.0742074987472377,0.0913239322436419,0.0994878493294993,0.0682959887442091,0.0942793717913271,0.0747949645476255,0.0925490835680988,0.101300317240776,0.0662772979881498,0.0928719037969005,0.07343620189853,0.0905580802011787,0.099443420838101,0.0645337500383203,0.0920704899280041,0.0721601962343806,0.0908937645876408,0.0994926212225521,0.068812299473001,0.0947254994498112,0.0746516175863925,0.0927499884467925,0.101757464264283,0.0665137540568652,0.0927048477914154,0.0732104878091986,0.0907769951981072,0.0994638620917744
gaussian,400,582,0.38268343236509,0.25,24.508785162371,32.4534417836437,24.1695316060198,33.8784692424011,38.8364569628167,13.2226065805475,17.1847444189554,13.0531782683864,17.8955821332133,20.3683464858142,23.2350111895832,32.9050123802939,24.7446783818037,33.9327887264024,38.8964616492807,0.0314093199468247,0.0427311512211641,0.0294020962130319,0.0416524688330603,0.0497526372378579,0.0252201055377849,0.0419088251212062,0.0314300342233028,0.0432005078079403,0.0489076436435705,0.0272379210695156,0.040470415623591,0.0305314581045542,0.0409022052976192,0.0473723869355992,0.0311688187233293,0.0409802682547637,0.0301284923221078,0.0430744856014305,0.0491385369522137,0.0299625280007272,0.0399363885315256,0.0297852406207549,0.0415226486985726,0.0482226291908503,0.0325199693487463,0.0383361101713349,0.0273370396454421,0.0404474013801462,0.0469420575093142,0.0304799366297549,0.0409809019087235,0.0306033041187094,0.0425300521623364,0.0487433468390884
gaussian,400,583,0.38268343236509,0.25,48.9013343485632,62.1708788946784,46.8220907649827,64.4901260600989,66.9241333588349,25.3882983236355,32.0065211357192,24.3514733884187,33.1631889439702,34.3773284378457,47.0533662946115,62.5961205094405,47.2659591288996,64.4901789992423,66.7431971807216,0.0594690318546661,0.0713313867456455,0.0498175270911462,0.0784007458640652,0.0783473610676288,0.0627587281508131,0.0775038910112574,0.0579476730679889,0.0810960693205763,0.0827082801685892,0.0619924549145195,0.0779770905246147,0.058296725773212,0.0812378200200654,0.0838868635760923,0.0617633965089087,0.0774849743226436,0.0576614243558411,0.0807057959823287,0.0832651118946263,0.0615162910781542,0.0767268581351443,0.0574293200761882,0.0786180667565424,0.0823724019742383,0.0627867527971099,0.0789626430522775,0.058297230496999,0.0828542025686168,0.0845143984049675,0.0610821668702845,0.0777614835434756,0.0582448593581102,0.0806457391629987,0.0834383335662694
gaussian,400,584,0.38268343236509,0.25,30.5145350937173,51.4849502077207,44.1153630717722,41.9575356769583,51.2802584349955,16.2180965010384,26.6767563587605,23.0012063040297,21.9250746501884,26.5747979099672,28.7062980750853,51.7300637606052,44.6430198066861,41.8977643482223,50.6962222154838,0.0179378294657047,0.062655937790813,0.0563869170645291,0.0477341815651778,0.0573185977107792,0.0369545587370412,0.0608274380900377,0.0491272834073512,0.0522581185106649,0.0630297747534297,0.037700104673544,0.0655658557683754,0.0567548941739567,0.0530767994205324,0.0645622299340337,0.0376847513678321,0.0643476637661623,0.0547950842625862,0.0525800730489135,0.0639819689215065,0.0373867775516303,0.0644757314858763,0.0552874626052119,0.0525486597796621,0.0639447873281493,0.0394165062147814,0.0650594523106583,0.0560030595392983,0.0527178990361925,0.0648494714650069,0.0383226777431769,0.0647569503247938,0.0553865471520837,0.0526708176488224,0.0644172077085732
gaussian,400,585,0.38268343236509,0.25,38.30342569663,62.8923395809132,51.6022997301997,59.424479252334,63.7999003874121,20.1026269014352,32.3662339797232,26.7354762028228,30.6366701174684,32.8189231342249,35.8170312778897,63.011238139261,52.0646319488642,59.4502204103139,63.1354641855215,0.0498987086779687,0.0757889107140951,0.0607108542023113,0.0718459606062421,0.0802610552413071,0.0491519332619893,0.0799311145834918,0.0650891806578945,0.0763309754356336,0.0818170023603046,0.0471376205229571,0.0784408585469202,0.0634726906941582,0.0740180519454424,0.0795611859356916,0.0470670834535049,0.0787469519450453,0.0647161414488708,0.0740770807408544,0.079388794127851,0.0480708295107981,0.0791046110193987,0.0647556460438651,0.0746915653847315,0.0801604884024344,0.0460573942956507,0.0804805322471756,0.0651757797329271,0.0766891583791324,0.0821766487092525,0.0474312750178821,0.0787649729963083,0.0643909798991113,0.0742339962882738,0.0796647942519233
gaussian,400,586,0.38268343236509,0.25,21.1463305776463,45.893192795937,38.979027077549,50.6748952223215,47.261859370298,11.5456391324971,23.8878124502677,20.4394135683992,26.2728986740798,24.5706210694325,19.2388937527329,46.1106117876933,39.8306070149536,50.5879121851464,46.48894933509,0.0278690001427639,0.0595700605826418,0.0511437194183356,0.0656860034565052,0.0614587963325468,0.019385764010151,0.0543121979327282,0.048229627535267,0.0553902717910969,0.0507894880085624,0.0268895584268896,0.0594752379672881,0.050672674681789,0.0646649125281916,0.0603033774400577,0.0259271455192934,0.0570368097580271,0.0483433374828498,0.0629054925931525,0.0583600922701789,0.0269220934821339,0.0579023483074223,0.0494178497867393,0.0631726954562662,0.0594092390010537,0.0263879361731171,0.0590141631149346,0.0507350319536155,0.0647624614126306,0.0597107241619462,0.0261506435828628,0.057890144482445,0.0490868822834066,0.0634582315815241,0.0591977671559243
gaussian,400,587,0.38268343236509,0.25,76.1463318248089,74.9755828817704,51.2028308160158,85.6947431843555,92.3967864628368,38.9768231387872,38.3927559064622,26.5361634247818,43.7389936172611,47.0817468885859,73.5002409223445,75.9163578668278,52.0870033343883,85.6785976683668,92.5822282576763,0.0964653398574328,0.0863534982257175,0.0572446665851178,0.10199238229394,0.108720651509924,0.0966373057320775,0.0918370182002951,0.0623122330114201,0.105159329017957,0.114089333196977,0.094775602222734,0.0934780619502201,0.0640323485235972,0.107239633346189,0.114876036447878,0.0948794012213836,0.0937906824669965,0.06374949206408,0.107319457667951,0.115499631429035,0.095429086873827,0.0923772344889432,0.0622209815788856,0.106038128563178,0.114259485294296,0.0951290316572971,0.0941392535755894,0.0635910556078746,0.107596981942711,0.116633906743876,0.0951112870651367,0.0937946746114427,0.0639200145777654,0.107046972715263,0.115290632811796
gaussian,400,588,0.38268343236509,0.25,27.5198536482973,53.0832431844948,44.9976292894414,57.4029819697756,49.9384093771454,14.7247379217871,27.4741078864998,23.4415278435367,29.628587056023,25.9059000180093,25.4274143561697,53.1446535003028,45.5522185619659,57.2390627797667,48.6798942995082,0.0368381670188965,0.0641326514300814,0.0498377865864592,0.0742350118831067,0.0649226098143706,0.0333738126156824,0.0661521302532758,0.0559088329226941,0.0712426006221075,0.0600785768587208,0.0283087937113304,0.06533907654639,0.0567541456887421,0.0687571640590136,0.0588277212839743,0.0331267210363478,0.0663340158531157,0.0558775717668822,0.0719631279476022,0.0616865728991595,0.0303137085393953,0.0645639075639319,0.0547086925575592,0.0697723310297908,0.0590128288497529,0.0353960990916136,0.063658708272063,0.0528579754323867,0.0712014073664042,0.0604755649771588,0.0333698755499847,0.0665253646869622,0.0562118895382723,0.0717652281178916,0.0617621985934062
gaussian,400,589,0.38268343236509,0.25,31.4297157434341,44.5209033381867,34.3708924067251,45.9108930058285,49.7909590710645,16.6741638887085,23.2034825612492,18.141312075898,23.8967652080037,25.8319177404504,30.1108510292347,44.896853555514,34.8782475936807,45.9493306845453,49.7976461061971,0.0414917324294429,0.0562259330648074,0.042148584164947,0.0593084451913761,0.0631192919404562,0.0409886018324281,0.055508091096613,0.0411114692416955,0.0591293664868292,0.06314715787012,0.0381257622990864,0.0551511461477593,0.042391140424002,0.0568848285280629,0.0615499748812836,0.0394817687683632,0.0554892204541551,0.0425537695878431,0.0574712562304532,0.0622884123795973,0.0386742698170226,0.055370202963046,0.042993969774607,0.0561657975447353,0.061420846632245,0.0416172048091713,0.054091622700763,0.0391995095460945,0.0581676713044626,0.0625030613460979,0.0394740460693789,0.0556056607804085,0.042734568941458,0.0572560960717099,0.0621850424523812
gaussian,400,590,0.38268343236509,0.25,60.8115140141245,61.4874898916967,42.9672708772021,66.3685704794827,74.4814099567774,31.3285516920598,31.6656926494491,22.4289596848557,34.0999942473805,38.1462568185407,58.9121903892358,62.1150150346986,43.3643161273245,66.4476932881333,74.9232987019104,0.072768098788093,0.0786366143099291,0.0509663009652212,0.084959249227376,0.0953189338697662,0.0778624206692788,0.0789135076676197,0.0553425439951523,0.0850268710306494,0.0951053576456429,0.0771875212895619,0.0774963367423742,0.0538485182547829,0.0842952749454209,0.0940011005737627,0.0760451071371629,0.0765060640436262,0.0527803368908046,0.083266362493882,0.0933034432329912,0.0744022666884402,0.07708937381794,0.0540324428672019,0.0827689940319989,0.0929849598721895,0.0758586251917543,0.0767263701630341,0.0530482411093631,0.08303810074014,0.0923765099485043,0.0759141869358918,0.076907125212675,0.0532364680912934,0.0833717744804278,0.0934080774438921
gaussian,400,591,0.38268343236509,0.25,33.7284212907727,46.6162744012093,37.5325058470717,40.5833366127952,51.4929450177785,17.8209332976746,24.2484682655578,19.7179842650243,21.2396294920091,26.680770117833,32.1426566450525,47.07957344344,38.0932194976849,40.6194720583043,51.4459542681763,0.0423321743765876,0.0595865983462322,0.0467097318805469,0.0531262264414918,0.0668447033113681,0.0433668293201791,0.0602145711146002,0.0488027647186444,0.0523123209948501,0.066044739668325,0.042947885886795,0.0592602354797724,0.0480201388902524,0.0513954788546601,0.0655361619111995,0.0427006828952697,0.0583772206966703,0.0466526334364072,0.0505246019355086,0.064742013976163,0.0428090999212906,0.0592157222043576,0.0471120880877905,0.0519090589872388,0.0654583557835733,0.0446593292103189,0.0566854003739696,0.044470127740337,0.0491120372054253,0.064649424298744,0.0418127615692835,0.0581990163471639,0.046701105864519,0.0504495618543565,0.0642464089520829
gaussian,400,592,0.38268343236509,0.25,55.5804114076921,60.9937937978734,43.8877237843147,61.6396692304352,73.3696435584157,28.7193524926051,31.4192043495179,22.8875831752584,31.7414274458134,37.5917968564147,53.5459140944872,61.7232651191827,44.6360175682714,61.7646272789596,73.3768958597522,0.0650788143721101,0.0771776622492348,0.0563776362318317,0.0777370789224618,0.0916513061762542,0.0691574928466186,0.0776422784546485,0.0560714400681208,0.0768573043418708,0.0926372206246675,0.0705031547102508,0.0768723132504199,0.0556496436198633,0.07697651646608,0.0924247395023365,0.0696604511159779,0.0770152450112628,0.0556501482470422,0.0773092966342973,0.0919154870769753,0.0701234539317061,0.0775429801008801,0.0558380702427202,0.0786789260298967,0.0932371242603578,0.0654405941886869,0.0754534598638092,0.0555237290136911,0.0759784052614279,0.0902269535965989,0.0695914900613411,0.0765486678485949,0.0551603127165177,0.0772090462053853,0.091745161560053
gaussian,400,593,0.38268343236509,0.25,44.5361242648623,55.1517562141745,40.6288537189465,63.6398195140235,64.0417072070613,23.2113932155727,28.5056208795655,21.2623755549649,32.7391558665934,32.9396425924782,42.092467444145,55.6534337953052,41.3841906722824,63.5452406225054,63.6417338745055,0.0578941628765708,0.0669514437226006,0.0482260324628015,0.0789922054578599,0.0778369909666137,0.0578433346409092,0.0696713961953792,0.051171451850193,0.0809082091741679,0.0815057885976724,0.0553897001272178,0.0686454818098863,0.0509160626903192,0.0779506677017832,0.0788515367458747,0.0544217807068541,0.0687661169608612,0.0504873738290086,0.0788812378212343,0.0793787643205508,0.0554599871967839,0.0680565023742764,0.0496443934493151,0.078748909497214,0.0795100920171243,0.0575119195001508,0.0713276763545689,0.0525461958951732,0.081419399918692,0.0820981854905249,0.0545619202201291,0.069108805920356,0.0509438530951421,0.079347223747207,0.0797426306624523
gaussian,400,594,0.38268343236509,0.25,61.2096687655791,88.7622878913451,70.7038240779164,89.6406628691459,93.9803568809733,31.5272460809217,45.2688239384638,36.2622979673285,45.7069704433123,47.8715504263415,57.36635760298,89.0203710939785,71.33145288014,89.7008889843314,92.8140242597703,0.0758786431413504,0.112878955748937,0.090852731918721,0.111776348286402,0.118413200170836,0.0782283691202071,0.112604834913931,0.0899470267180377,0.113553575454515,0.118399498704266,0.0731099638840876,0.111395981343289,0.0885682879929675,0.111865035865222,0.117065010328379,0.0761846768944885,0.110390114155335,0.0874059886064195,0.111672965480211,0.116675774914967,0.0770520719250953,0.112330874570784,0.0895824547638736,0.112923059640069,0.118401086667446,0.0786604832750658,0.113334843041734,0.090713752322492,0.114295903663626,0.119531197480551,0.0760808693424189,0.111228163575416,0.0883747092467237,0.112137762004583,0.117259093417592
gaussian,400,595,0.38268343236509,0.25,33.4967048916095,53.1634425289507,42.678344912302,53.0455396848696,53.9045977814092,17.7053741810518,27.5139627507608,22.2845612691125,27.4552517195586,27.8838501443065,31.573333972389,53.4070333915513,43.1986491533765,52.9749473079044,53.1060168310665,0.0441138084693024,0.0679568202459369,0.0546947580527126,0.0682990473949662,0.0698301708144192,0.0414495254548257,0.0657579600122299,0.0528311099167462,0.0650905713757132,0.0663696574286935,0.0396955163962408,0.0663879897559233,0.0538976101769008,0.0660278002087669,0.0661647853101661,0.0416349875656708,0.0668898146218763,0.0536231497540366,0.0666134405194762,0.0673099015579133,0.0424151037406979,0.0669717115350137,0.0538361640894776,0.0671900677655682,0.0675101574918215,0.0403013187139342,0.0675854543971825,0.051118617965545,0.0676925836828172,0.0692799891052957,0.0415327621539705,0.0667009308266697,0.0535728033161349,0.0661814479423543,0.0670210421659325
gaussian,400,596,0.38268343236509,0.25,59.586683553344,58.7450173535137,38.3189594745027,73.5566439743044,70.0818292852033,30.7178491209166,30.297967071785,20.1106912878668,37.6850959479606,35.9522718807278,56.0470856516714,59.0077217199177,38.7284227622486,73.5989864929811,69.3034685727434,0.0757986627879021,0.0725268307728221,0.0483186236592424,0.0894490269390809,0.0843585070065627,0.0694868307217859,0.0657982333862114,0.0385844892898032,0.0881410189510586,0.0805140750611075,0.0741413660963052,0.0733320685235949,0.047832049453135,0.0920848811829595,0.0882045894975136,0.0737431521211795,0.0734724263714248,0.0479312735719494,0.0919341886381573,0.0869586467053827,0.0749002431687733,0.0719513055964522,0.0447942933339615,0.0916743916791474,0.0868929132640302,0.0729680332404284,0.0672465770712362,0.0426117820760591,0.084223760595253,0.0816474539419374,0.0740272434446923,0.073022809014753,0.0470192540669648,0.091991092343705,0.0870007922548584
gaussian,400,597,0.38268343236509,0.25,39.8573792673268,42.5128093816874,30.3068108180762,43.2032384513132,52.2333983061911,20.8776531017636,22.2018828038358,16.1141233875211,22.5464026344692,27.0501372814799,38.5317600107722,43.1957176270967,31.0645996035765,43.1215598103268,52.5166503122031,0.0498988174107578,0.055036220657108,0.0386291732460554,0.0558215024212977,0.0677823349452528,0.0519353875334712,0.0540426365583281,0.0373866853889367,0.0551420484086942,0.0662215897769555,0.0509116118455106,0.0535481895961707,0.0383833182596582,0.0552948974689726,0.0657489172510783,0.0491213306224152,0.0532685887000382,0.0381690795310627,0.0535262007496388,0.0650043971013786,0.0498892643643385,0.0541569381327862,0.0386546670151553,0.0546527360064898,0.0657364560557407,0.0516337164252926,0.0554850271423753,0.0400394337559847,0.0555079492112846,0.0674218277354611,0.0499681024718717,0.053518010151014,0.0382607830563938,0.0540323157213251,0.0653935862286113
gaussian,400,598,0.38268343236509,0.25,43.9144719105493,41.4874873974401,26.7801279096655,50.5628981649237,54.1326902640024,22.9007676513823,21.6906379665683,14.3555361608216,26.2168919675388,27.9974157589855,43.7872518581627,42.2910430902505,27.2280386969321,50.6987804077756,54.9769553125448,0.0553096557969009,0.0535825108561011,0.0357879754168476,0.0628417054942232,0.0642305650859162,0.055926568784291,0.0514348782527235,0.0306815130992036,0.0648390889365077,0.0691165946473275,0.0540754182066527,0.0530069205016448,0.0351130710267468,0.0627724143018468,0.0679281319621125,0.0559443251705597,0.052145242980917,0.0334505714621143,0.0637110539689628,0.0679922663358386,0.0548983986130583,0.0521303885171659,0.0338511379135016,0.0636496396563482,0.0677277696204293,0.0561920190424721,0.0531555595441901,0.0343221178306911,0.0633913909257804,0.069329158554165,0.0555963690158126,0.051699906207326,0.0329993776682264,0.0633637227615762,0.0676391284757511
gaussian,400,599,0.38268343236509,0.25,50.2363166610065,60.4639379448217,46.2373770176175,54.4494350243985,65.662496024694,26.0541235379096,31.1551373584527,24.0597517828163,28.1553972701042,33.7479243864634,48.2321568723648,60.8925761464212,46.6631569469706,54.416605889335,65.7449013732833,0.0649491507911651,0.0728786476687261,0.0541663044986582,0.066002581399819,0.0813070377124764,0.0633091333583787,0.0767807431423264,0.0578955050548499,0.069421337447394,0.0840768889882269,0.0628651281701822,0.0726162272427598,0.0540651444877741,0.0660404308301434,0.0797540061472258,0.0630031008267422,0.0751737427300951,0.0569536028257456,0.0680783287645407,0.0819960482896742,0.0618060543013873,0.0748466512351779,0.0566065064759951,0.0675162917257106,0.081416357106763,0.0631537585829003,0.0776934293111989,0.0593191248620555,0.0703511796370688,0.0845483152457044,0.0622809750704882,0.075222427059662,0.0573028749227193,0.0676906094415449,0.0817518663149282
gaussian,400,600,0.38268343236509,0.25,52.1038927404391,53.7870848488599,38.0453390147899,54.9540537553875,63.0462461183514,26.9856829995322,27.8250740526513,19.9740004253916,28.4070304887088,32.4431142711538,50.1077972045569,54.2544224892833,38.4157412498712,55.0025178603981,62.9156456603495,0.0623571178742718,0.0633350376155297,0.0424443305418211,0.0641918441185057,0.0761507470964027,0.0611441539230686,0.0641137839491626,0.0444868633048467,0.0647760515061913,0.075922526257784,0.0657266141198785,0.0668460174275987,0.0468459987044949,0.0691743441702508,0.0786296235328455,0.0644374420540321,0.0669916315956582,0.0470504085357346,0.0685313506162949,0.078422781931358,0.0629936897995595,0.0668569446457078,0.0468943769055857,0.0679479400775188,0.0778007387979712,0.0664285931407731,0.0586393571178286,0.0285240888130654,0.0678386617009221,0.0788251263767081,0.0649507260425875,0.0670147426295546,0.0469899675115361,0.0688340994417549,0.0786028272289895
gaussian,400,601,0.38268343236509,0.25,70.364078245053,47.3808812640154,24.4906745495841,65.4903683490528,69.3298711224209,36.0927030843429,24.6300116058988,13.2136619276573,33.6619806088258,35.577083430922,68.3638632908633,48.2784913471478,25.0311721561815,65.6305724258414,70.0277672872359,0.0831189555077847,0.0571323958230609,0.0268095926356302,0.0792330653322173,0.0802807450115394,0.0872591115815503,0.0568357511776702,0.0285354066976694,0.0801855633886788,0.0858569229067384,0.0890295482714225,0.0608047897802135,0.031897931567552,0.0839456258714304,0.0883065496151052,0.0884759714214736,0.0589228300891262,0.0299023408832567,0.0821869996244291,0.0865025417475687,0.0856088029886038,0.0578238142604014,0.0297804119858874,0.0803938339857225,0.0848164073880365,0.0893967241656165,0.0614512540480221,0.0330275874770335,0.0829691523306324,0.0890018917574512,0.0882598934290231,0.059166329814047,0.030269992851082,0.0819720347475914,0.0866249042951423
gaussian,400,602,0.38268343236509,0.25,32.2191199701546,46.9612540108798,37.0731204633466,44.8943931772973,43.9646309300148,17.0684365615762,24.4208122661746,19.4891317345824,23.3899642616211,22.9265407618897,29.9646733700041,46.9717150544206,37.3659049609466,44.6777673626929,42.9537164092369,0.0407592522731231,0.0611627648333746,0.047571045546845,0.0578334779606882,0.0572510981927748,0.0397635588600258,0.0591909428538913,0.0470025820072264,0.0562126379363584,0.054620508934286,0.0401573595713535,0.057194782859448,0.044202205551947,0.0539752620302985,0.054407042549913,0.03988859181317,0.0583439158996758,0.0458023870107315,0.0559121570404558,0.0543479462025288,0.0385069519526457,0.0581734003483656,0.0461002154508305,0.0549663226179467,0.05368914831422,0.0422212062185057,0.0572934888244045,0.0435929304023495,0.0565593738168201,0.0557954642440443,0.0393141469585277,0.0579490915136509,0.0455746293779233,0.0555307577804017,0.0535447222151749
gaussian,400,603,0.38268343236509,0.25,44.8028191124119,56.7933131929467,42.6451314151562,61.8675401325262,64.1020778626487,23.3444432758018,29.3243205355261,22.2678963517554,31.8552570430843,32.9697870255168,42.6459932736062,57.367664223487,43.483405263821,61.7322380330416,63.7951435128946,0.055404386776293,0.069322064474441,0.0535976926158525,0.0703940121138353,0.0732422828760141,0.0567541467536557,0.0719121267779648,0.0542511007743395,0.0781501317378306,0.0809931357924669,0.05653972997344,0.0713977287428865,0.0532071303537175,0.07800831138248,0.0806249065541311,0.0549702631335197,0.0710220777470278,0.0533203742710161,0.0769554203605918,0.0797236598370605,0.0563510890409697,0.0714665374836132,0.0537759554919444,0.0782963884898811,0.0809277898266822,0.0569345057912567,0.0677795577571793,0.0456834352930283,0.0789910445283709,0.0804990103922261,0.0553688539560636,0.0712123659080631,0.0536040125709301,0.0770064779520596,0.0798725794879256
gaussian,400,604,0.38268343236509,0.25,59.1459219968751,64.002747328004,46.708288435791,61.6085871596877,72.8520240982282,30.4979199759777,32.9200797464009,24.2945284892446,31.7260018621202,37.3337262291464,57.7202032215634,64.73334416731,47.1661844595316,61.6279883221187,73.2495417913967,0.0763747625705594,0.0725575337646803,0.0471850964929435,0.0741159843318293,0.0909742938712304,0.0745952068239308,0.0799081768841015,0.0570735705902304,0.0771937120107813,0.0909872444535032,0.0748103459154377,0.0799224394424168,0.0578317294307381,0.0776658073408321,0.0914618304638415,0.0735809044027593,0.0797409885805026,0.0581304607099691,0.0766645181047999,0.0909271334726578,0.0735226063777593,0.0805121663174238,0.0592371107869542,0.0774893439407465,0.0911726043495293,0.075161625067011,0.079395125530431,0.0572974997170928,0.0785653455738561,0.0907015591940528,0.0735315104606277,0.0799839643573468,0.0582468884111169,0.0770408027677165,0.0910411868416582
gaussian,400,605,0.38268343236509,0.25,49.7753632150439,64.0000918710317,49.4455877955837,62.2273101398471,70.8807107816137,25.8240383583156,32.9187515947972,25.6599321509175,32.0344724377181,36.3504139203468,49.9050908127255,64.7565646771239,49.8150068351634,62.4036888405972,71.61135601208,0.0642864321763771,0.0778127589691307,0.0571155803578578,0.0758984354191686,0.0887811623229712,0.0636763484027382,0.07690603712749,0.0564571086225671,0.0761137381387142,0.0876702897093637,0.0622199540927128,0.0795784607026375,0.0604404210536195,0.0785288579640843,0.0884227588630281,0.0624941759588287,0.0792136267458828,0.0603976959514726,0.0775108784714737,0.0883053677059739,0.0625746233580198,0.0802855637909848,0.061421054806557,0.0787610992550267,0.0892512726311168,0.0606073433288287,0.0789988718142881,0.061421820082247,0.0781288112348928,0.0867454680997965,0.0626148815947464,0.0800883145853452,0.0614876238025843,0.078112954022908,0.0887755663940963
gaussian,400,606,0.38268343236509,0.25,45.0117869104864,52.4187851581382,38.3489770960735,57.4925997069698,66.4572770981031,23.4484659838837,27.1423798988271,20.1251596470175,29.6730066335598,34.1441469489215,42.6195662576941,53.1078029763308,39.2601756527365,57.7013597604703,66.2778000763422,0.0577862291974843,0.0649432938254747,0.0473898407966936,0.0715279530349649,0.0821316666426862,0.0548137905647095,0.0643471010221449,0.0475542676480961,0.0687973755712077,0.0819995972295303,0.0577403592294993,0.0669572004215059,0.0488064280821088,0.0733138280744289,0.0847093967638585,0.0567059149494177,0.0665667134763435,0.048667537184704,0.0728247066931713,0.0840541126489383,0.0549092591068795,0.065368285692377,0.0480185197592289,0.070785092543833,0.0819374199443781,0.0576185018526211,0.0583828092091682,0.0378055497479082,0.0703010527145419,0.0795753387709066,0.0560128557518229,0.0658997148581923,0.0482611395659182,0.072165279994357,0.0831182287998365
gaussian,400,607,0.38268343236509,0.25,26.3505039686813,32.8893987796769,22.2454463184739,44.9472646036128,41.1295391762065,14.1411020830811,17.4022831023748,12.0937459217415,23.4161541387524,21.5121204642559,24.6376497063818,33.2357119560248,22.8272428087477,45.0139832533685,40.8267970598785,0.0203614024452011,0.0330213584947437,0.0219194552811869,0.0484384876745561,0.0372150192775782,0.0333556662533695,0.0434148287273725,0.0300942701930066,0.0578123487561529,0.0530517837736611,0.032582271175547,0.0419531417767328,0.0283301053321745,0.0566450542862041,0.0516179791104303,0.0325056322610761,0.0406139851492689,0.0271130970272856,0.0559807005555879,0.050642493031977,0.033007565001991,0.041721716241145,0.0281834689536614,0.0568497951484547,0.0520159265686293,0.035356846014505,0.0418672070976525,0.0275207214798664,0.0580451230359727,0.0537043517006478,0.0328270602447971,0.0412151389656449,0.0276393390526432,0.056301719074069,0.0513766855100248
gaussian,400,608,0.38268343236509,0.25,30.7248992647345,56.0105078060953,47.7320508592245,50.5616853595827,54.9468386972511,16.3228091867527,28.9339028265467,24.8051217647095,26.2163780955077,28.4035163303033,28.9508637899145,56.2029956290109,48.2097459868127,50.5489581945771,54.397489438928,0.0403427980078182,0.0697612531441686,0.0598415658872923,0.0604317694436119,0.0670026645967018,0.0389379172754694,0.0683553455233505,0.0561821397799652,0.0624102734253347,0.0684144426614795,0.0383592720753244,0.0711184710149561,0.0607172585076735,0.0640757778754381,0.0691550510399836,0.0376069529878564,0.0702182259035119,0.0600328174433292,0.0632305735875194,0.0683056419859788,0.0385577354752194,0.0690690954073873,0.0584010762682053,0.0624159963871238,0.0679055206393624,0.0407143591606056,0.0716820579549781,0.0614183356947501,0.0643947632215274,0.0700639511786574,0.0384538251850761,0.0702538214496978,0.0596449838945369,0.0634243731283716,0.0687049347553804
gaussian,400,609,0.38268343236509,0.25,59.5016600315194,53.1180010698769,32.7801572100165,68.156773042086,72.2933206286039,30.6749735396075,27.4912857010444,17.3479337113831,34.9918674788244,37.054925354292,57.437219627077,53.9353683660494,33.4674641985974,68.2712447085195,72.8498203939823,0.0740139486691497,0.0681657134396964,0.0417842289057575,0.0876049805679981,0.092820887142593,0.072966073263819,0.0646496655294213,0.0384867285993084,0.0857489067399411,0.0894790146748406,0.0755908650630577,0.0650842691015805,0.0390037996044748,0.0852422625119821,0.0903033862397419,0.0745589325087409,0.0666984911396054,0.0408664610756519,0.0855079761026517,0.0907274929502856,0.0753821949191086,0.0668127189951274,0.0407306573825401,0.0857731871447263,0.0906933763344854,0.0757077209258282,0.0686906874743183,0.0433746163024883,0.0857495123282597,0.0915836746584512,0.0745528437763275,0.066190915632375,0.0403982260920803,0.0850634120614851,0.0903164078462949
gaussian,400,610,0.38268343236509,0.25,46.7109780536731,28.922659953771,13.0426115014117,46.2943074602124,49.0142542300925,24.2957582464159,15.4238382115469,7.50374059202962,24.0879217960364,25.4445284991181,45.4821533088813,29.7652528386912,13.708011277302,46.4745376196006,49.6441433317137,0.0562221332351689,0.0375135573651771,0.0165183229002203,0.0590314981104094,0.063765536417399,0.0587009163121084,0.038508283224328,0.0183105949889469,0.059974686056791,0.0637573668984019,0.0572493990801068,0.0339414468678716,0.014803673474699,0.0556826052659966,0.0585154590338517,0.0579284346222332,0.0358127670200154,0.0156797949966851,0.0580392257604415,0.0609493643981867,0.0592845780690776,0.0374884086440784,0.0172340887119254,0.0591335069496376,0.062349319415657,0.0600235546318061,0.0350906106170191,0.0141123079997315,0.0570895830224145,0.0622342784718141,0.0583887307074062,0.0361217460636807,0.0160242617637613,0.0580051194508789,0.0610863671870473
gaussian,400,611,0.38268343236509,0.25,66.3158058455208,68.3029256505028,47.6907764549259,76.175694997893,78.6567052313712,34.0737401976903,35.0649870537798,24.7848781042719,38.991392529548,40.22911068568,63.6963695233849,68.8679888884029,48.1704532187744,76.1284863394319,78.5353348984428,0.083455068032585,0.0878659325593039,0.0616174428165415,0.0977039963613735,0.100014609485682,0.0831662016479481,0.075995787026794,0.0470170134668662,0.0909265206823979,0.0931986901326531,0.0821223026438894,0.0830336693677316,0.0559156993987237,0.0949504479525881,0.0952197870014152,0.0831488861780022,0.0846225323696026,0.0579877422820792,0.0953620204418573,0.09777634359551,0.0822596403394954,0.0855343557154149,0.058962594750704,0.095758860164601,0.098126509870889,0.0846353859714781,0.0858973630515713,0.0580939756702537,0.0972085411483196,0.0992880399051349,0.0830085289953874,0.0850567040481923,0.0589250829025441,0.0949919403476523,0.0975373766915888
gaussian,400,612,0.38268343236509,0.25,27.8366799462663,36.2232663815029,26.6508367611477,40.9875710454135,40.4050928468019,14.8823144853011,19.0651748533992,14.2911243310594,21.4412698897657,21.1508667023004,26.3723909471966,36.4488805237377,26.973918654651,41.0076269897149,40.241452262391,0.0369593272666001,0.041037330562544,0.0196925510992163,0.0521228785880142,0.0498009988872756,0.0347239840497658,0.0464364503238817,0.0346019185958399,0.0525024392672986,0.0509252720170759,0.0348588537657876,0.0447387038370725,0.0327474760022244,0.0510256541348788,0.0496641671914618,0.0353262696873368,0.045792328418904,0.0336557912930846,0.0513355113369693,0.0508738958008979,0.0347800346258397,0.0452969019944825,0.033060073432607,0.0512352931618106,0.0504311024441107,0.0372499722627009,0.047413586656038,0.0348195173489773,0.0533011904274635,0.0527485483707215,0.0346244905674712,0.0453657781919495,0.0331429476373313,0.0514187050179715,0.0504525643086043
gaussian,400,613,0.38268343236509,0.25,46.2001922266188,56.081092549308,40.7274573306185,65.8994686902567,66.9880869403893,24.0411163306093,28.9691917427006,21.3117957983598,33.8660556502059,34.4089643527841,43.8282693818023,56.5342084100735,41.3211904312016,65.9520202990596,66.9792824029451,0.0542305391885986,0.0699822624893414,0.0527554105272252,0.080686099787919,0.0804281485112527,0.0577510255574801,0.0713767668021395,0.0520174843452099,0.0835986950328817,0.0848268015245414,0.0576645737265427,0.0696200567362465,0.0497873088512524,0.0818128680372363,0.0828691719599703,0.0579817226691979,0.070156937899185,0.0504600447246903,0.0825050703579358,0.0839456221170278,0.0585978875543496,0.0706209931542868,0.0512191772679258,0.0828402897847082,0.0844906448034575,0.0573406909931688,0.0645306696713332,0.0454425329929022,0.0753995714158698,0.0781832556031069,0.057448944813119,0.0700744920829559,0.0504692326265207,0.08238183447632,0.0837098640443607
gaussian,400,614,0.38268343236509,0.25,48.4933073792107,75.4482817988345,63.9067898094573,64.3903087100823,75.992732580325,25.1846746768401,38.6285372669067,32.8723556095615,33.1134318456488,38.9002080290364,46.7038007585448,75.8806824949785,64.3956434904404,64.297690894503,75.8062887970935,0.062226167306266,0.096479438722026,0.0810138514613731,0.0819009676889387,0.0972931626030645,0.0574909090071049,0.0857615407132995,0.0723851504006751,0.0674682280934682,0.0845463635207047,0.058714769160373,0.0936584162117021,0.0797631540773267,0.0790802230085711,0.0928628007722344,0.0603703840437231,0.0945861670383135,0.0800538824270659,0.0804352501623941,0.0948471921832817,0.0613871973209865,0.0949624576552783,0.0804550323223363,0.0809597434705925,0.0949278637502098,0.0626801128806778,0.096036546677923,0.0801014619259744,0.0827919606890058,0.0970861474386279,0.0607723479619004,0.0944466742243784,0.0798610083241964,0.0804207871995862,0.0947797114604247
gaussian,400,615,0.38268343236509,0.25,55.1821837480105,47.401656193796,30.1966396603455,52.7688611582113,61.2399723651905,28.5209350771827,24.6402949936728,16.0593056546963,27.3172619425261,31.542185190323,53.082229019675,48.0096496210758,30.6659658855793,52.7081848996887,61.5513985556527,0.0623616329233998,0.0564398585774724,0.0370680056138917,0.0511425804215108,0.061908447516766,0.0681001228015058,0.0590034721701729,0.03795282181934,0.0654877778438306,0.0761599219323358,0.0673700619738889,0.0598156853423559,0.0386975365669036,0.0651396141170462,0.0763220205354053,0.0684290282980727,0.059530638593368,0.0381522930072493,0.0658405446714862,0.0765667142659278,0.068979921259066,0.0582613493930894,0.0361590048325204,0.0652635283014689,0.0760483727024835,0.0694697406448202,0.0567461048780041,0.0358674293961022,0.0635007900456789,0.075222631502544,0.0686919145323919,0.058738803895499,0.0372473496380925,0.0654938099002756,0.0761752914905606
gaussian,400,616,0.38268343236509,0.25,101.16636738002,61.8593846135912,32.384149066809,79.236872363469,92.0342857283725,51.4553557481917,31.8511725134241,17.150532278231,40.5180132006721,46.9007938710773,102.220406716036,63.464982835555,32.9754226850978,79.4205468378013,94.1650732452777,0.128320857505148,0.0786300958413762,0.0416269330686328,0.101287413330335,0.116747131311715,0.127483457224836,0.0786409685984104,0.041395338497372,0.10059899225929,0.116925012514694,0.127144096710368,0.0775769620129366,0.0403745288900372,0.099869837808464,0.114844177932464,0.126485422508696,0.0773829903523133,0.0400118578671696,0.0996077900971851,0.115415497632544,0.126725934616887,0.0774699427738528,0.0404704171329735,0.0993739587135978,0.115382494989226,0.117183862286314,0.074879037686236,0.0413518826315615,0.0950649195320431,0.110136072252016,0.126716937803489,0.0771336006087421,0.0400717133728363,0.0990783511493259,0.115073661988429
gaussian,400,617,0.38268343236509,0.25,19.9990396541518,19.5136047617111,11.953937897934,25.1990095347048,26.5743013749722,10.9733592536098,10.7311043874186,6.96078085728032,13.566717358843,14.252725340972,18.79834643477,19.845068408501,12.3967374347393,25.2451779167495,26.3910328155082,0.0272785186406952,0.0254781790468645,0.0150732111027815,0.0337978411594564,0.0356962582891866,0.0266825610648452,0.0214719439967358,0.00910027631637913,0.0298546634789436,0.031812689961318,0.0252803448638495,0.0240584992726226,0.0149586317176391,0.030880440691251,0.0333222742786042,0.0241230719236843,0.0239589677788504,0.0144442318115162,0.0310907297535555,0.0326557930388468,0.0253597716024142,0.0251194952592327,0.0156466625693607,0.031428380012219,0.0330337786891576,0.0228044960685204,0.0228032833344864,0.0142489708875525,0.0269528353321866,0.0317576791735724,0.0250281344377884,0.0247287815747389,0.0151544315522509,0.0318571214591673,0.0333164796952596
gaussian,400,618,0.38268343236509,0.25,47.3091159172968,61.1718088279262,46.6104175971362,63.471235272726,68.6555279519357,24.5942432455466,31.5081241395091,24.245777829211,32.6549855576609,35.240707756,44.6120854632901,61.4825332919786,47.1521655244465,63.4934469492356,68.003686294691,0.0600714828673616,0.0787525706822217,0.0602753716200145,0.0815520280093209,0.0882739218761961,0.0566618032328437,0.0761522287366779,0.0573849256260776,0.0794281771602221,0.0840736976271847,0.0583952914405415,0.0777025750586291,0.0596467210621566,0.0804168617721617,0.0863846958865045,0.058658265461901,0.0764206397918077,0.0579930370292412,0.0789562371600153,0.0852524089852347,0.0599918631776796,0.0774520587616162,0.058805886475707,0.079787183134515,0.0867856194090426,0.0609015792028724,0.073308139233985,0.0507250576190478,0.0806930168889239,0.0866992090564511,0.0589088661472556,0.0765425212268276,0.0580274445566755,0.0794259954931283,0.0857246936410654
gaussian,400,619,0.38268343236509,0.25,61.7232415437375,65.070077027108,48.377383842738,57.6173136384549,73.0354523495722,31.7832989407733,33.4523773370597,25.1268053764582,29.7354931242506,37.4253185658457,62.1471783614912,66.1693922297305,49.0187745340256,57.4227538921894,73.9459554474357,0.061077012953022,0.0604840970699386,0.0460568542012483,0.0590604795361999,0.065047142418775,0.0782440070630412,0.0816945138756572,0.0612404394358266,0.072507909789493,0.0911803434890135,0.0750693289969582,0.0810895825631328,0.0612166185371947,0.0702705117489014,0.089859593708324,0.076922959957638,0.0815123712819802,0.0608723236423341,0.0714073445995118,0.0910443104278918,0.0758920878126735,0.0806485127542503,0.0605339386829276,0.069443799581499,0.0889381795216024,0.0789051634228222,0.0805528941357929,0.0589646161139954,0.0733791224383464,0.091011455103865,0.077402100864748,0.081600878661493,0.0608676265201955,0.0718400410074017,0.0912054843705763
gaussian,400,620,0.38268343236509,0.25,41.1242845385353,67.2092642070357,56.6549213022698,61.3940487835931,67.704459224734,21.5093521431513,34.5193758088581,29.2556272384989,31.6189996638226,34.7663390834705,39.4663328917824,67.5018402014362,57.0271187878581,61.3781634225728,67.6143545677454,0.0502327466306335,0.0603984662492545,0.0409669199577877,0.0638226654604738,0.0680446055502694,0.0534510395030198,0.0833313349340228,0.0687725888498096,0.0775325374624823,0.0855176824757612,0.0525276741788996,0.0837818187489675,0.0700513062964892,0.0766379195303724,0.0847543543160683,0.051522635689933,0.0831329038237973,0.069234296387582,0.0761392124088639,0.0841207121719771,0.0517084001338822,0.084333571967759,0.0704954889262138,0.0771984967196426,0.0855580125852058,0.0466652044359148,0.0847284800517519,0.0724464515681549,0.074904963228127,0.0826675180711857,0.0517623306263402,0.0840305702009882,0.0704008788051918,0.0768051238979621,0.0846852822503996
gaussian,400,621,0.38268343236509,0.25,30.8921033704149,40.4000668239217,29.2158115035201,48.4016036540594,49.2710604369531,16.4063130222883,21.1481473460645,15.5701295764921,25.1389420784312,25.5725998762618,28.7626104305495,40.7824320642801,29.8264905221695,48.5506543711644,48.9853231535353,0.035823281432365,0.0501260267710447,0.0355392720263911,0.0628611836163763,0.0621758114835339,0.038304348368934,0.0485627334227921,0.0334561349044875,0.0586651253384648,0.060989230130182,0.0367806705451939,0.0501773842150327,0.036506485232822,0.0588823472088741,0.060742699574867,0.0378675740015542,0.0511539872383171,0.0373222478929794,0.0604012317696381,0.0614185352943999,0.03584336379251,0.050984532458883,0.0378493052747522,0.0599974028981636,0.0608137555816521,0.026779321029616,0.0491450842430527,0.0373601268974145,0.0563630639164193,0.0561809783366612,0.0385844402008773,0.0508997513986277,0.036586137533933,0.0609756409352529,0.0619785256206383
gaussian,400,622,0.38268343236509,0.25,58.9359257749864,51.0116223109529,31.5941200079854,63.1519293104893,69.2873040519915,30.3928368382004,26.4407592814692,16.7564491543348,32.4956734565412,35.5556994832105,57.0548070064973,51.8342286026961,32.2266852863807,63.2817367975465,69.90134823032,0.0756926616209003,0.0643292490076142,0.0390957979512196,0.0805148794006157,0.0886627693782869,0.0746345383134021,0.0647403725749652,0.0402240360530738,0.0802935841471664,0.0880751905836416,0.0743190175789167,0.0648737338959281,0.0409831601870935,0.0783647418382724,0.0875186214120773,0.0737634380490984,0.0638335818773279,0.0395220949527481,0.0790272957954983,0.0867200315607506,0.0738243312497565,0.0632463309800862,0.0388599896436179,0.0790565130572218,0.0863447328301655,0.0722192792107726,0.0648340398011528,0.0410067167977646,0.0793238433029212,0.0868881306491068,0.073891888723702,0.0636280145640675,0.0390653206756273,0.0789424471059265,0.0865911553952398
gaussian,400,623,0.38268343236509,0.25,45.6776313739517,62.3665050869005,49.7850719961397,56.9818580692044,68.1038149028033,23.7802779198683,32.1039776504108,25.8291775354545,29.4183451414032,34.9654047682348,44.668346723929,62.9656747362618,50.2126409279775,57.0842253032405,68.5811984518264,0.058552541541809,0.0740336794123475,0.0518986973412554,0.0735766083045054,0.0860690616496763,0.0584933537966859,0.0794482489818748,0.0638378085780374,0.0714125409777912,0.0860491310458945,0.0580135350237488,0.0790949703416616,0.0624447528588951,0.0717537340886472,0.0865398100190241,0.0574023208559842,0.078679642437807,0.0626105289431994,0.0717013300536307,0.0856808241959775,0.0568878706609106,0.0779810178647118,0.0618989616649698,0.0710174237652821,0.0851013347321579,0.057347537732815,0.0782815468290268,0.0641093186200434,0.0698631191979706,0.0853044337223602,0.0575033612967906,0.0781890531101209,0.062208698423845,0.0714581324295216,0.0852830913648918
gaussian,400,624,0.38268343236509,0.25,27.324460053762,41.1152530546722,34.0080841577972,33.4453314434676,44.3650362845436,14.6267796462712,21.5048158712351,17.9601502371742,17.6795695876074,23.1257309216361,26.5839089664864,41.6350607130877,34.6236072610581,33.4564150255837,44.4733874820007,0.0362157338107324,0.0520834102990371,0.0420970455670047,0.0442586535896051,0.0574361845885982,0.0304503344282349,0.0496628313589495,0.0395466866961431,0.0397727734984113,0.0535960930455538,0.0356078019840032,0.0508134909122177,0.0418536404403339,0.0413996375902611,0.055529795396224,0.0347961077202685,0.0517563592705612,0.0427184394298819,0.0419777464519484,0.0557860851513118,0.0344333925854421,0.0524826907842734,0.0435118424418851,0.0427404669811993,0.0559543232790715,0.0337210917749759,0.0532527029307926,0.0449393692464483,0.0416684590634431,0.0566460213337306,0.0342308664585383,0.0517248989655907,0.0427207999203991,0.0418833392161632,0.0556557852711619
gaussian,400,625,0.38268343236509,0.25,55.8970713598061,47.8469104092864,30.0234289527225,56.5198721157792,62.7937149536882,28.8773350647388,24.8623997806816,15.973015034694,29.1880422762993,32.3171635767152,54.2874541594681,48.6246134385083,30.6489117513718,56.4966696014253,63.3071329172755,0.0623001384707551,0.0324223499285246,0.0140486848345847,0.0448094413402063,0.0522097009753352,0.0709843310546611,0.057896903397922,0.0351813970481229,0.069102777585089,0.0761520679127482,0.0691576086780338,0.0584915993476164,0.0360418944815679,0.0692427616901588,0.0765221842040257,0.0694812968595392,0.0592685711561927,0.0366215481861837,0.0702112840370807,0.0780115960185791,0.0701658914267948,0.0591769273181162,0.0362572295818078,0.0710740046015997,0.0782838113315584,0.0719096697800163,0.0622545582677798,0.0398379819077566,0.0729151596910064,0.0800082351061067,0.0702476221054524,0.0598754657365088,0.0374000784095991,0.0707186909008089,0.0785793735546765
gaussian,400,626,0.38268343236509,0.25,55.7986185301284,67.4672770629042,52.0017384101938,65.2390199090348,74.9095067610775,28.8283712521791,34.6480928283785,26.9348457106809,33.5366802587141,38.3598474128281,54.5547578038444,68.0862741859721,52.4785135761425,65.2154019623021,75.2763842157758,0.0707347173559313,0.0845685203976469,0.0647960678643507,0.0838966310348281,0.0945352331320662,0.0707366187865045,0.083005327081089,0.0625055925866746,0.0808461309225351,0.0941386062808378,0.0704227580562263,0.0847880988451542,0.0648120078158832,0.082444308686382,0.0941855567077892,0.0697679850911764,0.0836400832136329,0.0638526145944649,0.0815150753079988,0.0931077153215598,0.0667926818646203,0.0836448820147463,0.064842298528922,0.0800278811227991,0.0920224192332652,0.0718065390660008,0.0863487325016339,0.0660025464650667,0.083819786946407,0.0961229623591928,0.0695333638574125,0.0841810381449551,0.0645264454589101,0.0813918577283538,0.0936049362920017
gaussian,400,627,0.38268343236509,0.25,47.8070840918956,40.24351754814,23.9186745501448,53.012202582799,57.151183794384,24.8425424758997,21.0700846944019,12.9280835295134,27.438584692482,29.5028168296779,46.3419807517109,41.0546472251463,24.687232934706,53.0210185195145,57.601656351172,0.0621991224917882,0.0527439371432225,0.0322616005627106,0.0686766257334598,0.0737858495235658,0.0614201175786995,0.0507366495447344,0.0296450467754059,0.0667434286850663,0.0725768849279664,0.0586446053208014,0.0487555233079703,0.0287157316406416,0.0656712553959428,0.0703256858557687,0.0596519650773026,0.0509204853730809,0.0306507303850835,0.0665510259633674,0.0718632299954724,0.060012740293666,0.0502120452907707,0.0300712234561211,0.0665784781310553,0.0718625292599304,0.0600226763917525,0.0512417655295062,0.0300298412413375,0.0667720333395183,0.0711648226500935,0.0597511200090572,0.0505124908030914,0.0301692249873393,0.0662907943632389,0.0716387642326457
gaussian,400,628,0.38268343236509,0.25,35.8171269553511,36.9532117288307,25.6319999130064,38.3679190372657,44.8415628424129,18.862671147749,19.4291477469815,13.7827363126076,20.1347814724981,23.3634714931879,34.3087293150092,37.3803855157607,26.0712068697683,38.2960573402076,44.9963004282592,0.0355533277173597,0.0427439802284221,0.0314991122325616,0.0434594747942211,0.0537717957997789,0.0466398431752407,0.0458632207678838,0.0307166294577423,0.0478955275872323,0.0561082244117153,0.0431244865107966,0.0462546067917163,0.0325721571953902,0.0472159593940217,0.0555979473767758,0.044832103272169,0.0469341672879667,0.032796090037836,0.0483575004354898,0.0566173073023692,0.0447199739401869,0.0471345261886067,0.0327539624932068,0.049036577307853,0.0568928876077547,0.045212497156988,0.0457537007867048,0.0322887700770576,0.0478323990459403,0.0555290194575351,0.0444433309347527,0.0460796108625837,0.0319390722396604,0.0476298098106733,0.0558451901740181
gaussian,400,629,0.38268343236509,0.25,51.4577407296283,61.9979328438218,48.9034546093895,51.9344019701454,67.0453618052303,26.6633676442203,31.9201567303206,25.3893293107053,26.901004580787,34.4376825680087,50.1632313065983,62.7167892919963,49.4647894041413,51.9102986456646,67.3149456859513,0.0658569611795441,0.0799314729082206,0.0622277124133512,0.0673611521765933,0.0862936328289192,0.0665735726479201,0.0790858201136884,0.0619646888639961,0.0670722918142163,0.085813214398595,0.0651117526048316,0.0777424833679609,0.061220817778735,0.0651429148592944,0.0845028375483223,0.0644848302675949,0.0772192499518799,0.0607058574857233,0.0649157286070668,0.0837212264503018,0.0653212325919326,0.0779302234199143,0.0608617298584334,0.0656219084139125,0.0848182025322965,0.0613481482793329,0.0797378761608992,0.0625776373316143,0.0673024395875605,0.0859105843321236,0.0642154435552308,0.07764166134152,0.0611614761642993,0.0648801760683754,0.0836810055779989
gaussian,400,630,0.38268343236509,0.25,41.7929282528742,65.7510976468355,55.2198668590111,57.3807439997228,68.7716508948082,21.8431140484047,33.7919136474559,28.5395175906328,29.6173038528666,35.298603099356,39.4163083736906,66.1265887472999,55.9584684138333,57.4469241202824,68.0015982800761,0.0524594274723994,0.0808226171916732,0.0659318406820976,0.0726230023325554,0.0815770475882804,0.0504467229303268,0.082181832002239,0.0688795019688365,0.0705205415633659,0.0845171473494863,0.0513921559169207,0.0819218132095245,0.0682676895481558,0.07147554177892,0.0860214664593695,0.0524725586640857,0.082592664670758,0.0690314278682164,0.0724271950377949,0.0863715798544421,0.0510241421550144,0.082423670585553,0.0696834390260923,0.0710276018470403,0.085138939537571,0.0490632349708435,0.0810793327928137,0.0697575208193748,0.0662097861850011,0.0826757213634081,0.0519595348011534,0.0823732894666286,0.0690389376785267,0.0718715130894611,0.0858133594681354
gaussian,400,631,0.38268343236509,0.25,30.3141524757591,53.7193042537677,46.2582286562194,43.8259443719295,52.9697547872828,16.1178829992458,27.7911104518158,24.0699463393002,22.8569048212845,27.4174067097831,28.9822925085321,54.0655735912206,46.795303434885,43.8180314091973,52.7779179441568,0.0365965910025078,0.0690653242446339,0.0603227798400819,0.0546042992246318,0.0667725188250537,0.0398764122982011,0.0673135710940924,0.0570473466273916,0.0559984381610513,0.0675583124472449,0.0378500315582066,0.0675053053270137,0.0580735748073997,0.0551776063425101,0.0667813000991009,0.0382143619198295,0.0675587872336646,0.0578446392580428,0.0551164657693357,0.0664977283012855,0.0381761868014907,0.0684105634342225,0.0587138255073095,0.0559540466745536,0.0669656370007757,0.04005763112446,0.0637159576993871,0.0529431222845182,0.0526132958907201,0.0655562159220285,0.0381604295256767,0.0673929506334089,0.0579838556930793,0.0547766248144101,0.0661869256178751
gaussian,400,632,0.38268343236509,0.25,39.7196085505832,38.724889884966,26.4177708201441,40.0649272089371,47.9442728723957,20.8088222722194,20.312710709535,14.1745647378563,20.9810957569713,24.9109785859225,38.9588986624386,39.3951497994354,26.9340257915987,40.1009861964831,48.4086500308698,0.0511632118970616,0.0508990714137899,0.0351138369861336,0.0501034949180061,0.0618779686660187,0.0494642283273498,0.0480899881656473,0.0334179078749565,0.0499101248175247,0.0593845004383659,0.0495202583521962,0.0489214831796685,0.0337087615125447,0.0509084770695234,0.0607133773232614,0.0499536821783893,0.0483067709326594,0.0329977652139768,0.0500207432953131,0.0596599883392727,0.0500153514327317,0.0485185453348598,0.0331350762430447,0.0499031495852142,0.0601208512021082,0.0508322461129934,0.0485092545265357,0.0328569777306882,0.0489347417451054,0.0593859744839862,0.0499590692884058,0.0484763467776777,0.0329634376839565,0.0501811831622291,0.0599529833814487
gaussian,400,633,0.38268343236509,0.25,37.3381785704552,34.0212292178517,20.3231486464695,47.1928927584192,45.7979368682423,19.6210831392044,17.966832163056,11.1350340931551,24.536151575705,23.8406025784497,36.0592643856981,34.5665893786169,20.906156155598,47.2688739891441,45.6797075879422,0.0430999121480963,0.0368438751589493,0.0222833670282857,0.0552225287671745,0.0517741629524493,0.0462751759432984,0.0432756609537672,0.0257662177771878,0.0598549650872226,0.0569089815345869,0.0477078983959102,0.0425246013277286,0.0243028274371515,0.0598262387946291,0.0567603563866362,0.0460364161653145,0.0422853693753964,0.024950352797807,0.0588946443048263,0.0564365580325383,0.0462994539239219,0.0425624305191949,0.0255564076040504,0.0588121662944353,0.0564972711468114,0.0465778609892102,0.04213764013298,0.0254122705981402,0.0599232539019986,0.0563444073566085,0.0467771667145491,0.0426610078114598,0.0253440342695921,0.0591933965669921,0.0570066485622074
gaussian,400,634,0.38268343236509,0.25,47.1434172323676,54.9919577021709,39.6976875592083,58.4907156485571,63.3729636115458,24.5116468393021,28.4259014659381,20.7979338265856,30.171007179178,32.6060797754168,44.4991297934148,55.4002842483508,40.2912629593922,58.4579024257958,63.0476469056683,0.0596814239453635,0.0712384627839311,0.0519155599281168,0.0754956639602501,0.0816628237752484,0.0604533270055412,0.0659714487727908,0.0427426901502342,0.0733306232102126,0.0789283625741479,0.0590338385336778,0.0687283698259063,0.0487475808128399,0.07309794968553,0.0798412070436094,0.0582548233384456,0.0685413848972185,0.0494015819115082,0.0725975594023406,0.0789186402827078,0.0582964389420004,0.0683690154304363,0.0492293664637407,0.0727113806657582,0.0783502416020674,0.0546106585714788,0.0686648026186611,0.0511779257209157,0.0704462338588223,0.0759574276010921,0.0584653322152334,0.0689315760881055,0.049810808503071,0.0729568752731326,0.0789867169133151
gaussian,400,635,0.38268343236509,0.25,41.2131099351015,40.5108470680364,26.934869737726,47.4942576970901,54.9823111639336,21.5539175209082,21.2033245447628,14.4323503278633,24.6863854596986,28.4210129824129,39.0731560564004,41.1736511661811,27.7321258642004,47.6496744168513,55.0367194985057,0.0540086088515367,0.0447757814165986,0.0223526325470435,0.0590876730643993,0.0697847972586279,0.0491647411619226,0.0503589775385806,0.0336880558772003,0.0579937744396392,0.0681602760840495,0.0524572505768621,0.0515743615569396,0.0338650387531743,0.0598096500139297,0.0700943071739965,0.0510692792824166,0.0507028643703048,0.0337558910335941,0.0588532696455451,0.068481359810682,0.0518352311286325,0.0516972473377357,0.0344464884913818,0.0600908716677045,0.0699118622817937,0.0460446904406666,0.0530052938368431,0.0357524424172029,0.0612104697599988,0.0696730468968072,0.0516250928257078,0.0511214731660418,0.0339572061512702,0.0597165666543302,0.0692306133362097
gaussian,400,636,0.38268343236509,0.25,47.431387266757,46.2654792110528,30.559816266128,54.671767871926,59.9817421021527,24.6553349399721,24.0735843017975,16.2404475058009,28.2663309324167,30.9145501941901,44.6927760231764,46.7418782840218,31.2484167841363,54.6048686485671,59.8927355369209,0.0617548540946423,0.0569106487686282,0.0352784605830061,0.0702670622540011,0.077080642031242,0.0581573012450496,0.0534238472942147,0.0320528818927266,0.0673355885377491,0.0723985734954406,0.0600360629192267,0.0587733780415012,0.0389669091847514,0.0696874278886971,0.0761654400904535,0.0593396381354752,0.0583600497675183,0.0385337380951987,0.0688207917810311,0.0757021355460183,0.058891810986536,0.0584684952878142,0.0387957304474775,0.068465987410467,0.0756387283406228,0.0573568368333651,0.0601813434160773,0.0406114111674685,0.0697744549241188,0.0764327816740124,0.0589344040738371,0.0580353035420075,0.0384183285980166,0.068308130396292,0.0750938061198448
gaussian,400,637,0.38268343236509,0.25,79.6910354232545,91.2850158009815,66.545966503791,95.7656668053766,103.39663040837,40.7446398270879,46.527157719699,34.1887005859255,48.7619461351681,52.5678719612929,75.8366647811324,91.790443526179,67.1467190476069,95.6563400845293,103.103186683657,0.0569032100912814,0.0784028426471384,0.0602842937756056,0.0607673260387147,0.0745830963083595,0.100090869405637,0.111511254109818,0.0787065059279735,0.119205705444236,0.128551709155804,0.0962902713094465,0.114324361115412,0.0837135152836067,0.118509257279872,0.128467969025637,0.0989021845508108,0.113038563034194,0.0819952152639858,0.118669426719047,0.128105260736624,0.0995395360375323,0.114217457672192,0.0828720300983954,0.119654416251687,0.12926216323631,0.100157669530953,0.113517322936706,0.0834025033646695,0.119021790911574,0.127861662302245,0.099576580011278,0.114091114610206,0.0829091149063981,0.119472575187624,0.129140900256401
gaussian,400,638,0.38268343236509,0.25,42.7349449950447,45.0956767834273,30.0808114547872,55.5126196838717,55.8624326250141,22.3127790702033,23.4902121571054,16.0017487607779,28.6855520697664,28.8602167323938,40.4822512447579,45.497309925693,30.5253968084979,55.6868222559784,55.6122548290119,0.0426119568337124,0.0463742177649778,0.0292502767396225,0.0640488547646136,0.0592583550183512,0.0556977171210579,0.0571012804534184,0.0378000977263639,0.0706453602452688,0.0705187611180016,0.0545675707615129,0.0560451087485355,0.0362355411569735,0.0701222006526631,0.0697240236025451,0.0538400289984292,0.0560556673891775,0.0368137489010645,0.0694683554395455,0.0692716232121129,0.0533672925845574,0.0563706771287504,0.0372280597286077,0.0698041319691821,0.0693255977141372,0.0536079964580821,0.0581904160486825,0.0397797523042871,0.0690219181330113,0.0699689603209439,0.0534751179535372,0.0564258104206088,0.0373833225768809,0.0695651728252836,0.0696941155671247
gaussian,400,639,0.38268343236509,0.25,26.1134220118629,52.7235909430651,46.1162967287285,49.0865772195533,51.647601882109,14.0228374414577,27.2945510850979,23.9993410214807,25.480561664909,26.7580858978817,24.327996813726,52.8784794879235,46.6649868834809,49.2077939238639,50.8343727826948,0.0342537973206114,0.0683734219205806,0.0598805244443193,0.0638380668249119,0.0669450254017938,0.0344783190229034,0.0651417507795049,0.0549033569301793,0.0619759169179825,0.065487061848758,0.0300733893963978,0.0660179921023074,0.0581923565102345,0.0614633219179293,0.0633918644622356,0.0326468836364142,0.0656238128375481,0.0570675987287542,0.0610969503279288,0.0642718077362693,0.0335465774169457,0.0667516735871468,0.0578573726778191,0.062640871766334,0.0655647426606015,0.0345582742710225,0.0659526092400433,0.057059558878266,0.0603642758105632,0.0653470290061885,0.0327545566127846,0.0661135869021866,0.0573046015595266,0.0617935180122818,0.0643740384870497
gaussian,400,640,0.38268343236509,0.25,52.1845500018767,53.4426922306383,37.1640222159804,57.3347038581106,57.069531338776,27.0259928578124,27.6535692049224,19.534690867337,29.5946120417378,29.4626296968255,50.0664189994031,53.7785511860803,37.4304400667026,57.0616814770975,56.8832794507644,0.0669281835532392,0.0637178222377439,0.0416844021817844,0.0737522201294937,0.0709175840694722,0.0671283677636831,0.0671422078227688,0.0472134401451389,0.0719140869019093,0.0704149715667007,0.0644680974751871,0.0639688263419782,0.0432919631669606,0.0690167586774797,0.0677349666257589,0.065465163280395,0.0663364434965047,0.045223906981897,0.0720847042597786,0.0710220112646706,0.063688167479928,0.0646010404956147,0.0439113611116588,0.0709656853767399,0.0685572887230492,0.061500578089354,0.063574370973238,0.0456962608990708,0.0678768039693036,0.0667513358552923,0.0651536887725952,0.0665874388710949,0.0460983395735187,0.0714428898022029,0.0706938233900487
gaussian,400,641,0.38268343236509,0.25,48.2192718779386,68.5133934312351,53.057053885048,72.2537560945141,72.8267917136827,25.0481780311348,35.169809087124,27.4611733441297,37.0352780269747,37.3211609202392,45.1141136517054,68.5900856009091,53.3889014970405,72.2849003031498,71.9395021041912,0.061776221501745,0.0875381483602056,0.0684326516770299,0.0918451247597753,0.0911972162228823,0.0621261728300205,0.0872377788600739,0.0669548200715398,0.0926739856826896,0.0926980117860693,0.0600740047478776,0.0866842755711283,0.0666407976195708,0.0915654596222232,0.0917439469004683,0.0602560271677039,0.0861779454204526,0.0663123966916197,0.091154504252079,0.0912666309659046,0.0602332985339957,0.0849898611433392,0.0645845352092783,0.0898686364100544,0.0911344698165938,0.0559615067598805,0.0834647500329851,0.065682442433116,0.0874728938025326,0.087797665388756,0.0601422102128692,0.0855122265206853,0.0658198625279466,0.0902468638678872,0.0908679573528993
gaussian,400,642,0.38268343236509,0.25,52.9616047159672,77.2304227706654,63.8953020331673,67.298255993235,78.6812875233324,27.4133820077289,39.5173335089694,32.8664802509161,34.5637659254746,40.2411389000606,52.9660715495255,78.0849166382624,64.5740574910262,67.2207406112628,79.1240883270367,0.0461020159516645,0.0823979000072593,0.0707664719442966,0.0651806319594469,0.0830562951597679,0.0665655697997113,0.0968023708480359,0.0801663564371145,0.0838270623538929,0.0978727794389993,0.0639683338303587,0.0947563781183136,0.078882013944394,0.0813537257333405,0.0945639421611361,0.0668419040852247,0.0966886005001378,0.0798836735728846,0.0840747655409953,0.0980211371472864,0.0665327585712659,0.0962218786082908,0.0788555249484851,0.0840519006997252,0.0984498313090796,0.0679887761978685,0.0950437642793912,0.0780386294045231,0.08158948542784,0.0969387251402886,0.0661631667909043,0.0964112108397233,0.0794947617724485,0.0839684858031547,0.0979021351940183
gaussian,400,643,0.38268343236509,0.25,41.3264513544362,34.7724270869024,20.9415780290174,44.4693360163723,51.8291563284779,21.6101928465884,18.3412924537013,11.4431634973773,23.1777628696455,26.8483390447575,40.7577250923747,35.7186066888929,21.751388361301,44.5578458413329,52.697275981402,0.0497114811179825,0.0454238756636355,0.0285485490886013,0.0570723014952401,0.0648909201387517,0.0511305656114528,0.0441420225043632,0.027491901879551,0.0539571808228119,0.0641752672520765,0.0519600997063557,0.043791996153757,0.0268593041507476,0.0539304651899752,0.064568700497059,0.052398215545134,0.0439688979901036,0.026658434309435,0.0557960260837246,0.065414136277184,0.0512725969932623,0.0436767515180496,0.0265892778840659,0.0554312270830297,0.0649602194845526,0.0505093870010159,0.0452556209695267,0.0284016331391528,0.0540572821394606,0.0649624354001032,0.0520999976083486,0.0439885947298467,0.0266905883577383,0.0558887612083303,0.0653521782428403
gaussian,400,644,0.38268343236509,0.25,25.3922948018317,32.5923173843062,22.8725219034085,41.0478570974526,41.6719551169881,13.6629885913771,17.2540435343025,12.406438054847,21.4713127399372,21.7824798152947,24.0420464376112,32.9914809230873,23.42843382605,41.1151163625234,41.7042066428544,0.0341102378809848,0.0388230440516617,0.0262952816915675,0.0497539427564197,0.0517033074194218,0.0317824569471436,0.0407357631696258,0.0269552921773745,0.0521346067720988,0.0523427948154414,0.0324978666793745,0.0392752741523147,0.0259856921993687,0.0507348385633728,0.051541911166579,0.0320702235031531,0.0415542836708846,0.029163889807964,0.0518658463943605,0.052989849719866,0.0305802161567341,0.0402497539037375,0.0275946441590992,0.0505524572114008,0.0514822156234402,0.0339426743714004,0.0399724228121042,0.0264268256148634,0.0517252550684158,0.0527849108559612,0.031999872259252,0.0410946503339067,0.0285489350019858,0.0515089836355964,0.0525236352480527
gaussian,400,645,0.38268343236509,0.25,22.3691860821897,35.900798584472,27.9287749024076,36.7735824078066,38.3895570495125,12.1554249190886,18.9041080349554,14.9280810996327,19.3395025645281,20.1456351625935,20.6699951151829,36.1475191695999,28.4919477624882,36.8756505435331,37.7002825506235,0.0275460651556932,0.0464488392590094,0.0343154327245822,0.0484381847983749,0.0502574560677189,0.0272341802750418,0.0471588445992472,0.0368669102237426,0.0478612199278052,0.0496014912497652,0.0268214235597793,0.0437835722639733,0.0339941891401721,0.0452694272533372,0.0452743220671762,0.0279717625269424,0.0449306301700848,0.0349564300323345,0.0456772261392882,0.0472887473552067,0.0272311554940002,0.0452077802876659,0.0352335563709205,0.0461270198915158,0.0475472070107505,0.0239327605964766,0.0453290251699966,0.0364616413806025,0.0441488936464987,0.0467997381146999,0.0279873661182934,0.045180261037153,0.0351671452027676,0.0460386116837895,0.0477190069894951
gaussian,400,646,0.38268343236509,0.25,35.4092289075616,48.5538350332984,37.0917603908238,51.3249165704811,55.7483627561553,18.6589512289496,25.2148713824934,19.498301210409,26.597015270624,28.8031307567715,33.674551271359,48.9228750641764,37.6403493523094,51.3583323249949,55.638801844901,0.043732846014738,0.0631187155412808,0.0481228900194242,0.0665671958697915,0.0719871371483245,0.0438842738682031,0.0588900486090882,0.0438937427653494,0.0631675083900869,0.0688694342831891,0.0448218827777045,0.0614188180380658,0.0467996160933756,0.065038259342359,0.0704115873669046,0.0446766906816375,0.0608003398913731,0.0464972708556217,0.0640084194182637,0.0695726959438558,0.0443501033275027,0.0600766528183096,0.0455474093399666,0.0631545363209171,0.0688052263909147,0.0408073281765816,0.0592114436726305,0.0469611165594297,0.0533898494668353,0.0645892792802228,0.0445597008400676,0.0608361342997673,0.0462111301530506,0.064243603290436,0.0699424938609392
gaussian,400,647,0.38268343236509,0.25,42.0597530456377,43.0467301620924,28.7450408586083,52.5636848826488,52.6930190933514,21.9759929726549,22.4683207889966,15.335485898979,27.2148192020963,27.2796318445528,40.565709605668,43.604624107103,29.2709315780449,52.6514814100751,52.5894903142038,0.0545970912785531,0.0538155030961639,0.0355941324744051,0.0671004227850754,0.0662363552171946,0.052535604903035,0.0558502110209747,0.0381197745750153,0.0671270100245386,0.0675661415368789,0.0528668625355204,0.0547412554873153,0.0367327348328152,0.0668859657977271,0.0658691952439945,0.0522619817724662,0.0530440642071537,0.0350756996311806,0.0649562549695551,0.0640459547066533,0.0519401431797216,0.0525528702475041,0.0345379603887412,0.0650069638784254,0.0642540249658927,0.0550036700770253,0.0558541479909931,0.0383230498200003,0.0672598481239063,0.0664081215956646,0.0530086236632839,0.0539007464141689,0.0356665988421869,0.0660863693156255,0.065661177380518
gaussian,400,648,0.38268343236509,0.25,55.2485959219369,63.6966288146242,45.3128894474222,76.7287427442622,75.6464652484371,28.5542107993243,32.7674245125757,23.5986123086229,39.267303985736,38.7274890005556,52.2151220792369,64.2086549482325,46.109118954365,76.5772092309419,75.2563571587451,0.0636148976189657,0.0645831485764172,0.0448795677985493,0.0809541658408544,0.0800256977793202,0.0689668266565421,0.0776481876220942,0.0543032125928165,0.0948184354694362,0.0933147754987063,0.0690181460557846,0.0798423486711871,0.0568678388825004,0.095748825724178,0.0950323877831353,0.0684926554095546,0.0795865421596932,0.0565526963711373,0.0957188975754987,0.0943056490429262,0.0677932504314703,0.0787482573951166,0.0560145943063029,0.0945727231118777,0.0932963212256198,0.0683112228969296,0.0815583947599621,0.0569485116448322,0.0966323994711411,0.0955425897301129,0.0684271874700474,0.079594716972063,0.0565265660259701,0.0956526565493606,0.0943773917775022
gaussian,400,649,0.38268343236509,0.25,40.1587146988788,46.9100780001745,32.3628100416264,60.9729925885557,60.1568951937964,21.028043899328,24.3949768115444,17.1396032829256,31.4089618615493,31.0019429253409,37.9149051475629,47.5502285175556,33.2710098900898,61.066121133473,59.9260370293405,0.0515135406602895,0.0576967772130337,0.0400401304716161,0.0753240280388225,0.0749108383059389,0.0380769935126141,0.0592866276941244,0.0409387708078954,0.0756497456720603,0.0724213888338416,0.0508358962919063,0.0564127772316952,0.0372005964284257,0.0749199868703127,0.0741237429139808,0.0504920815112109,0.0587318050757639,0.0402919584909462,0.0765795277432889,0.0754216169474041,0.0495416309570922,0.058636502198174,0.0404650032657574,0.0756529194948901,0.07505204152254,0.0489989721525024,0.0607685794427325,0.0420247857693889,0.0774772871131859,0.0766991064087785,0.0496144068613011,0.058934423224831,0.0405716048338904,0.0762679360422825,0.0752365043515502
gaussian,400,650,0.38268343236509,0.25,47.8474603997475,37.9121888729161,22.2622001751634,47.1342048645326,53.186458083835,24.8625362225371,19.9073751194324,12.1019688890516,24.5068849873022,27.525544951931,46.6067451838818,38.709601170762,22.9435638728156,47.1965827642092,53.652805385134,0.0499159828693942,0.0376551512383284,0.0235110808875292,0.0491782473807524,0.0539689415902572,0.0547303970559655,0.043631554381048,0.0256773492520644,0.0525439421128971,0.0595725162334305,0.0613099162622686,0.0484108072047906,0.0280174496720603,0.0602833277862714,0.0674255409056898,0.0603092658303062,0.0476381675545441,0.0282787841715506,0.0588862473974438,0.0662669206760347,0.0601994154822287,0.0476573476928137,0.0278878257430421,0.0590726740190138,0.0668433314089969,0.0586670185363635,0.0456164611700462,0.0276708044939851,0.0548196267934049,0.0659624972943029,0.0602986504969676,0.047709131987506,0.0280216162540519,0.0591503731537793,0.0665322040811074
gaussian,400,651,0.38268343236509,0.25,40.4600977120227,50.5157116081391,38.9327622227936,46.7837352612362,54.2416503948936,21.1782545792912,26.1934640368193,20.4165183546906,24.3321696643008,28.0518736832327,39.1840440039892,50.9733408310686,39.4223465286986,46.6937787287236,54.2300717559624,0.0525360438201659,0.0650388245620229,0.0506501956110368,0.060086688695521,0.0697088906186611,0.0514434450336745,0.0644984451100733,0.0496172862929397,0.0603361393872088,0.0692314739033382,0.0505788858797156,0.0642701317951428,0.0501878704769145,0.0590603675055389,0.0683556411366154,0.0509664610200277,0.063615271559961,0.048985961070358,0.0588707303718531,0.0679249617045117,0.0497899366823201,0.0624569932050616,0.0481500401512792,0.0572939366265584,0.0664854949521222,0.0514580796598769,0.0646929209982329,0.050837364117359,0.0577011767232175,0.0675599537561049,0.0504006113504891,0.0635678033715433,0.0490192436626809,0.0587820991835685,0.0679490541686224
gaussian,400,652,0.38268343236509,0.25,54.0542134985887,54.2292549574754,36.3426222993832,61.5680821625574,67.0117676773603,27.9581266283844,28.0455957908014,19.1247747533417,31.7058423205994,34.4208055800144,52.1010835303513,54.7915296186079,36.7595643659697,61.5541273363363,67.3602847442902,0.0608638428632236,0.0622151487329175,0.044108036188108,0.0635564279956852,0.0744597687514136,0.0666970370447227,0.0671218944501631,0.0449497889691487,0.0758902318687183,0.0825484900579434,0.0674917867569968,0.0672979202145864,0.0445244306878824,0.0767568530944621,0.0834788711351449,0.0678293849253271,0.068115297882811,0.045482854354881,0.0773855589403541,0.0841737177380804,0.0685688508419021,0.0685797900937713,0.0457008003419163,0.0783404971681408,0.085166257144572,0.0700255408190649,0.0694695154156199,0.0458685916382276,0.0782851511626862,0.0857722591617127,0.0679608134403045,0.0679668811240228,0.0453416800464658,0.077096031933538,0.0841318481582396
gaussian,400,653,0.38268343236509,0.25,20.1991594685856,34.7372789538862,27.2360086378225,40.9308965131306,39.7869858827035,11.0730228242445,18.3238151985207,14.5826533636389,21.4130126671351,20.8424772660314,18.7530339978777,35.0594079617964,27.9994253145798,40.9434418770672,39.3488292490455,0.027136523098252,0.0396304381415509,0.0292211302840505,0.0498290527096332,0.0441499373734733,0.0226303645452873,0.0404713966110105,0.0315980398336845,0.0485427370510742,0.0476111822694061,0.025240000413286,0.0439925874930359,0.0344149920055296,0.0520213698290257,0.050030714124503,0.0252093112127142,0.0435628775746452,0.0340451977490329,0.0507682444882903,0.0494974541989575,0.0260865286094704,0.0441629266720418,0.0346343123441789,0.0517591684992438,0.0502608294393937,0.0193700780004102,0.0428326241414793,0.035117429208738,0.0515089078695027,0.0462789924109432,0.0255854199954501,0.0440520061559225,0.034471122370263,0.0514222499721412,0.0500872619997696
gaussian,400,654,0.38268343236509,0.25,35.5599817027232,41.0902189842018,28.1703040311303,52.2071467953252,53.5603154833123,18.7342249717301,21.4923517393022,15.0487303670696,27.0368624037982,27.7118177486766,33.6997308442611,41.6174496296948,28.8487679897569,52.4880626799865,53.34614456168,0.046899166193339,0.0514591195451358,0.0338814982287559,0.0674824210622617,0.0689079086424436,0.0397275669884129,0.0497596868242446,0.0336090374932765,0.063351628385831,0.0637614976923918,0.0428105121178864,0.0508596281275695,0.0351715382242598,0.0641809435481221,0.0656698154612567,0.0447654380471173,0.0515449433911022,0.0348552432798389,0.0657690384510906,0.0671580740678264,0.0457788187338799,0.0521961123857866,0.0358512240285607,0.065928661297115,0.0679080438594447,0.038570517661497,0.0499506893827847,0.0326371132943626,0.0629274599403794,0.0648535191923804,0.0446247055073883,0.0515483082510613,0.0349429861300732,0.0654661753751812,0.0671822892325276
gaussian,400,655,0.38268343236509,0.25,76.8474031930083,65.5481182620761,40.2266849370815,87.7044778064334,87.1008587109914,39.326893042956,33.6908419988357,21.0618327136495,44.7413634600418,44.4404618919497,72.4100920397742,66.2496049645135,41.1236964832195,87.6990677850725,86.5609420471338,0.0980194421933422,0.0836464502071867,0.0520747577487853,0.111439622899321,0.111214196390222,0.087187806055868,0.0780582455004193,0.0481624672308272,0.105494691076754,0.101325432066752,0.0959285414793745,0.0818221718005751,0.0507236890362235,0.10963250100766,0.108175436293832,0.0949401642189418,0.0822178560394585,0.0506216932079204,0.109393227010571,0.108506872454416,0.0946540438060494,0.0827187094261185,0.051085861597045,0.109750140171436,0.108782851928516,0.0959633856825001,0.0833014380041074,0.0517037944293217,0.111391405392892,0.109280131146669,0.095029037648113,0.0821628445860355,0.0503951247893043,0.10977256794948,0.108720293925766
gaussian,400,656,0.38268343236509,0.25,47.231797606706,53.5522009039685,39.285677726794,53.8104534987718,63.4474300549499,24.5557495000467,27.7077966959131,20.5924316779637,27.836666611883,32.6431118876281,44.7372861581801,53.9890692403481,39.8729379975519,53.8395643932155,63.0829384924916,0.0522949950468284,0.0679215898971963,0.0508158316359048,0.068513657521689,0.0797034551688941,0.0543732690911831,0.066037428428414,0.049029268167141,0.0665137082106668,0.0769922952288328,0.0578055743061423,0.0672214389136293,0.0498920170105706,0.0674165785867432,0.0781918159129389,0.0589012557071034,0.0671069121695986,0.0489052919414003,0.0673370907014013,0.0796151042459142,0.0589487745718338,0.0663562093539646,0.0483650331596848,0.0667436060008941,0.0792852455731509,0.0542028655063953,0.0653036700129593,0.0480473351701657,0.0659717970358257,0.0756380923778336,0.0586218265076661,0.0672159099165331,0.0493333504280508,0.0672677563590018,0.0793029733717378
gaussian,400,657,0.38268343236509,0.25,83.9809370624101,79.699225873049,52.6004322790979,94.3534581328392,96.8094251634745,42.8840884123931,40.7488822057866,27.2335341891917,48.0576395066695,49.2825604940843,81.1247512251397,80.5705177720574,53.2281206315972,94.2086288286893,97.3917869159164,0.0997520424572576,0.0987369766662873,0.0645439195740872,0.115962833890466,0.117157275858327,0.102128878158072,0.0914292266958034,0.0548037855371953,0.111415784540778,0.114390598630297,0.106647224100028,0.101212488088567,0.0668536925886921,0.120112021425366,0.122828217969368,0.105752895600301,0.0995841587090764,0.0654937327979106,0.117562428926547,0.120827967105933,0.105022430720386,0.100078130142955,0.0653230197232615,0.118606373396404,0.121451711844428,0.106778727381847,0.0982392379168163,0.0655951595410162,0.113953231532872,0.121227095050892,0.105194507707226,0.0994471044330946,0.0653227420192226,0.117719732660336,0.120797518909069
gaussian,400,658,0.38268343236509,0.25,75.847850376652,64.2233156221762,40.0042528494144,76.1793011645266,84.4587600570651,38.8279212123472,33.0300897909766,20.9509439876152,38.99312660529,43.1225196038406,72.5142512173575,64.9596333797293,40.565578380095,76.2611482051817,84.674671521959,0.091363943769756,0.0827718270894007,0.0518426043184572,0.0968317274482004,0.1054728447403,0.0913660879129415,0.0804494302264211,0.0495318236638923,0.0953540134243268,0.105233545784508,0.0937722104916475,0.0804808450935758,0.0498264447499236,0.0959157530861437,0.105603636003968,0.0947889426210139,0.0803177971559501,0.0497168466588443,0.095239426664457,0.105421212348273,0.0951863192742424,0.0810890438043878,0.0505216064639349,0.0959461813902862,0.106272468716463,0.0910855465125219,0.0814414777802256,0.0517880873734651,0.0944425303994405,0.106787272085644,0.0949505753579017,0.0805104122063083,0.0498643314231774,0.095569121921362,0.105866154907703
gaussian,400,659,0.38268343236509,0.25,41.111359223084,51.0953951914911,38.4286854805485,50.2470449268093,58.1110642760177,21.5029142087906,26.4825566780103,20.1651817991209,26.059481598041,29.9815147644516,39.2778392776159,51.3943247057512,38.7634655862337,50.1915906120945,58.1815392798893,0.0483840263775628,0.0577906496829341,0.0434940583750948,0.056196927601143,0.0677020100593806,0.0494421125114374,0.0616905708656109,0.0454856154466414,0.0621876098353651,0.0713257438091188,0.0530660639061424,0.0636347993124304,0.0467824969682703,0.0634917840349059,0.073527377995284,0.0513115162361507,0.0637991699985031,0.0477542313897195,0.0623052416404179,0.0725861707332057,0.0511700930580425,0.0637372914429136,0.0477823980717505,0.0624432500901885,0.0728548785935835,0.050044812807425,0.0618520070314112,0.0473896836525742,0.0580668256174094,0.071052646910154,0.0516168827376285,0.0641756661523726,0.0481031170463816,0.0628849269424057,0.0730475724919285
gaussian,400,660,0.38268343236509,0.25,55.7799096531485,41.1761400764308,23.9440421398128,48.9577932109057,55.9388539784467,28.8189629133361,21.5354206080541,12.9409826484963,25.416460506149,28.8983272046177,55.712241552163,42.0278755523847,24.2710803958533,48.9404964039813,56.9492518341273,0.060921312253242,0.0537492731245253,0.0324263702295376,0.0625090080513108,0.0712848612101543,0.07130932864997,0.0518049631131087,0.0305335927196699,0.0609871236700778,0.070671480660252,0.0714073756751438,0.0517354889948461,0.0298035683701195,0.0624635540323573,0.0709824387962873,0.0695798795288902,0.0514684749716852,0.0300474861957646,0.0612535355361036,0.0697081523950727,0.0704296159040901,0.0517607305971563,0.030024977052141,0.0615638624103743,0.0707155544650917,0.0697295706379594,0.051423905831022,0.0289338969426909,0.0624117804817903,0.0710104223560448,0.0699363446587046,0.0511199641267467,0.0294091946460292,0.0612101591606813,0.0696538428843611
gaussian,400,661,0.38268343236509,0.25,42.6000101434329,64.0515227579949,52.7037607727348,57.6498252503858,63.8136126646716,22.2456641838708,32.9444471768706,27.2848978891654,29.7515625786262,32.8260199713631,39.8795483873999,64.1393832955715,53.1045790025526,57.6424293485804,62.7479435727159,0.0543095397844994,0.0819763825207001,0.0680793575637239,0.0726499568988914,0.079806473086808,0.053571346641754,0.0796863753971634,0.0645406323512644,0.072244582972298,0.079920884803478,0.0537577409124628,0.0799140745515039,0.0657628882450105,0.071351574589556,0.0792400796616059,0.0524036492566011,0.0802272720195703,0.0659894183047044,0.0718319134480286,0.0790867406309864,0.0522357985212966,0.0806192249135047,0.0662758004915482,0.0724068979940711,0.078531796326496,0.0548441984648389,0.0796486633371756,0.061536159933892,0.0742559582883376,0.0816882286850996,0.0529115717191492,0.080273675825598,0.0658400245139847,0.0723143329170657,0.0795263149469826
gaussian,400,662,0.38268343236509,0.25,56.2429718275975,68.0417680198817,52.4468156589815,59.4564330582166,72.7958333066172,29.0499519612078,34.9345915382108,27.1566835787973,30.6527178078926,37.3057028275839,53.7960407686552,68.3989018531575,52.835751643427,59.3116071435916,72.6119928240591,0.0718191860208485,0.0860886706635237,0.0660017699772319,0.0765254205889732,0.0926241755706718,0.0681554669156555,0.082589082726725,0.0631918295698292,0.0727632221943102,0.0889364660326278,0.0700313111995979,0.0850362534487984,0.0658497934798524,0.0741084780373389,0.0903815267167371,0.0705139131988932,0.0850684857668223,0.0658308895495023,0.0739971182122047,0.0908201793518776,0.0698567240310641,0.0837790889529494,0.0646423239265465,0.0716243079026642,0.0890445147631637,0.0698316088074552,0.0845060884008423,0.0659680466250039,0.0734516036818578,0.0902984602050447,0.0700710011208521,0.0849141268712871,0.0653150873360232,0.0741047168662995,0.0908550760661817
gaussian,400,663,0.38268343236509,0.25,57.9238213567615,73.1038366807965,54.4640929520479,82.0393665805799,85.5537953738458,29.8881915042497,37.4591509972493,28.1627703461683,41.9157452969352,43.6686591739348,54.76647691934,73.6083545642229,55.2870039848624,82.2093648830783,84.8528408759165,0.0543578816236957,0.0932110095736699,0.063417655831133,0.103118750989234,0.108747692511492,0.0733138567916081,0.090273418529648,0.0649619157824681,0.103961563225542,0.10680912856258,0.0732619176779268,0.092019436417262,0.0679939619691412,0.104241171562501,0.107764348615053,0.0728050330630465,0.0918465935158151,0.0684187223494767,0.102876476205185,0.107298378060856,0.0727169408953698,0.0904357486470741,0.0668001606798476,0.101469745064164,0.106241017504389,0.0730018824677062,0.0921852374960063,0.068723511634726,0.0995520688356261,0.106527904774521,0.0726501519468803,0.0916670904162677,0.0678702011397143,0.102933574665688,0.107069451634919
gaussian,400,664,0.38268343236509,0.25,38.8579556343714,56.4954034224495,44.6495044911848,56.3242189337241,62.9790778207252,20.3791172421654,29.1756503982281,23.2675566603611,29.0904378874709,32.4094973380258,36.8861155700305,56.9611748470245,45.3927916205174,56.3100479622916,62.7147681518153,0.0508686111852063,0.0719752592049414,0.0546994950954399,0.0724139170228092,0.0808831641109412,0.0483354246210019,0.0715831193036062,0.0555598217897115,0.0695997473490626,0.0797664219700098,0.0486141089017119,0.0708372393584233,0.0559237391084156,0.0701799159223366,0.0784457372170392,0.0487918983611964,0.0708565327865194,0.0556487872937734,0.0707061954609451,0.0790107888507402,0.0491534022326099,0.0718497904428862,0.0566964770139427,0.0713858069117251,0.0794709261953749,0.0396418520311894,0.0649875496943611,0.0530930619706092,0.0612287698040017,0.0706823437252888,0.0486843798732492,0.0707573453788524,0.0558995445801353,0.0700896687054355,0.0786134597790431
gaussian,400,665,0.38268343236509,0.25,44.6321683063347,50.7498900648316,37.5256981084572,50.0727069860212,58.6272666692795,23.2591021445348,26.3102110828101,19.7147252279469,25.9724938004691,30.2390586468407,44.7190031223661,51.5144504337602,38.0095531495839,50.0713873628256,59.2928541831657,0.0575973067144878,0.0614065440198638,0.0451600780487705,0.0620050449688402,0.0743601032901373,0.0573574631600021,0.0649829902567356,0.0479811191813803,0.0647127041891315,0.0750747193298248,0.0575198061145513,0.0633187570176852,0.0464102574762718,0.0632456056005966,0.0736624322120106,0.0556185514535877,0.0638554758095167,0.0473516046913936,0.0626024242642698,0.0736025385620812,0.0553944683713802,0.0626505877472668,0.0458274141382499,0.0626134202127701,0.0731726977268255,0.0551529024820989,0.0654273434177441,0.0491542084599738,0.0643259818741826,0.0749459863055397,0.055743187795628,0.063417029813628,0.0466174906572992,0.0626494990931009,0.0732854188970918
gaussian,400,666,0.38268343236509,0.25,36.3415722790057,54.7013899543829,45.228897161909,48.0170361735904,54.3028921535819,19.1241184295023,28.2811231619573,23.5568628561638,24.9472470037568,28.0824171705674,35.5092375762789,55.082641048507,45.5242589208882,47.964019154749,54.3958880474821,0.0468606765409397,0.0708580502605036,0.0587246815353488,0.0623066222937834,0.0702995700507992,0.0457158184741999,0.0706274428038534,0.058196408842932,0.0616330815186816,0.069743498391223,0.0465537549507481,0.0694938270643752,0.0565025571103278,0.0614715225862098,0.0695517102292262,0.0453860359919685,0.0679020586418928,0.0557099592492954,0.0600039402681003,0.0675659569948243,0.0460880234186734,0.0681690799675524,0.0554759793146043,0.0601425980178127,0.0684093545992258,0.0466401032130782,0.067546892629937,0.0534461649871496,0.060945791665881,0.0687276256694281,0.0453177347840696,0.0680278664589667,0.056042120275551,0.0597875157727348,0.0674094897757496
gaussian,400,667,0.38268343236509,0.25,42.7507861282313,47.3001020691527,33.3153849054135,50.7955979773122,57.7790971695556,22.3205423137116,24.5895392070122,17.6147288602499,26.3329860215236,29.8160114358355,41.0697558199154,47.8801632357172,33.9486302068446,50.8776337889494,57.8658268052164,0.0436731184625041,0.0556458579736996,0.0416638441325963,0.0523040402187551,0.0626462177821624,0.0549688172800032,0.0585080766326413,0.0412378402491463,0.0613205640579017,0.0726326987385281,0.0543747745863628,0.0599009442196934,0.0425349525430695,0.063388392987045,0.0725441989074138,0.0536644654811958,0.0597295312403057,0.0420941959041654,0.0642391614305134,0.0728401293913699,0.0515133561945019,0.0589635870526647,0.0418753103256313,0.062658521825944,0.0712929935294889,0.0490643937645975,0.0525610872291756,0.036173319870447,0.0561695216154647,0.0632219835687426,0.0536597784122571,0.0592904453456745,0.041657779284487,0.0634483096872774,0.0723406838049011
gaussian,400,668,0.38268343236509,0.25,76.9057017426422,98.7265927223301,78.1029694070418,92.8870357038392,111.31165965859,39.3552174384127,50.2384166698344,39.9524918510052,47.3260182887762,56.5152509994473,75.0770561768036,99.836888796241,78.8799761455027,93.0268291581319,112.056937473189,0.0975869552430504,0.123485499088926,0.0988849751697615,0.116697059517132,0.13721994559676,0.0903146634367502,0.120217267461474,0.0946566865409618,0.113488772318392,0.135941084409999,0.0971179644766545,0.122106318014724,0.0948442554877214,0.115114399905507,0.139130089962113,0.0961859911336192,0.123406409093943,0.0972805611616116,0.116164493022509,0.139222654129845,0.0962254971918678,0.123243162749517,0.0973617149780299,0.115355641785991,0.138896942405992,0.0886044472352048,0.11964583951089,0.0955799757575242,0.111151751692841,0.132261635377309,0.096320840254229,0.123663655774956,0.0976901693616642,0.116122059713556,0.139311020479982
gaussian,400,669,0.38268343236509,0.25,39.3096944997374,54.6522356028916,41.306642538245,62.0578384306723,65.450635286258,20.6041897104738,28.2563685674273,21.6004994079094,31.9498566539877,33.6419981625759,37.789760470242,55.2167098023245,41.8472077302149,62.3961794509203,65.6204620499601,0.051602091761607,0.0704655727915895,0.0534580185021409,0.0798433370982788,0.0836447266292308,0.051216736078835,0.0698787303930424,0.0518562882641721,0.0786548706316363,0.0837291912935278,0.0496412990690053,0.0700455178546523,0.0529901792070188,0.0792620224299058,0.0835674538421324,0.0498388516898885,0.0685385905779674,0.0514505557406737,0.0778634598328729,0.0822338783442961,0.0488243438347703,0.0680125944962966,0.0513967695495667,0.0767671132142474,0.0812623369632562,0.0492870490662764,0.0543252966849033,0.03060500113684,0.0717655206514647,0.074821413849424,0.0498258334614766,0.0687368462095084,0.0515364345414252,0.0781186020038702,0.0824031566972745
gaussian,400,670,0.38268343236509,0.25,41.0879126572687,33.6931196059682,19.9354437026175,41.7003373116822,44.8441242232549,21.4911955389567,17.8032874147342,10.9417416970029,21.7968687506233,23.364780219417,40.0731271735545,34.197570095304,20.2952479399236,41.576140069488,45.3204049218807,0.0436798583345668,0.0266769082539596,0.0153966928204437,0.0329359236495438,0.0403516477024159,0.0530232342977925,0.0426222584348232,0.0254016643198454,0.0536471385139433,0.0573058134786551,0.0518608490702967,0.0440875884082279,0.0267848594889769,0.0531127741599734,0.0575187552456245,0.0518065978059081,0.0425967697821634,0.0251443142811822,0.0528188772847926,0.0566254719209993,0.050805649597185,0.040182484883234,0.0226648547932163,0.05070029865134,0.0547007965315797,0.0499545778232291,0.04373982845872,0.0267615036959315,0.0524017955729485,0.0571902296384141,0.0516427022949699,0.041903009848798,0.0245398153822125,0.0519107190821818,0.0559710936384901
gaussian,400,671,0.38268343236509,0.25,46.4439694444388,57.4580905748712,43.0451023166875,62.3898818275269,65.4340881340262,24.1630124523463,29.6559373088251,22.4675656420868,32.1157041482015,33.6340643392583,43.4073973751794,57.7644939303181,43.6964654876837,62.3595314056187,64.5920045234023,0.037885997419526,0.0723517150763339,0.0558752439342973,0.0773235593059494,0.0746475802607963,0.052884586200272,0.0721415670065825,0.0548202196495035,0.0780511835656646,0.079666892974051,0.0577822144528647,0.0713628891505019,0.0535090692699619,0.0781100161936581,0.0816885970018382,0.0584392372029773,0.0720940321377775,0.053591900639354,0.0784257925327496,0.0821891667596763,0.0586962747429592,0.0726408902684889,0.0541943449189293,0.0789362089135533,0.0825381571917311,0.0535343687470701,0.067997009257934,0.0523170352618538,0.0732958605622909,0.0778393588692791,0.0572512614222347,0.0720229420861084,0.0537558768560144,0.0780667859797623,0.0818165636430256
gaussian,400,672,0.38268343236509,0.25,84.7525868275227,63.0627441295312,36.0815300413572,83.7769371432721,85.6429752804064,43.2691448723869,32.4513979549396,18.9946615801845,42.782453610722,43.7133671942088,84.2308612525793,64.277752001664,36.744204224397,83.8528239464625,86.663284709791,0.10552451441623,0.0576877663642277,0.0176124263592299,0.0955419964583728,0.0923089279069347,0.106078750180334,0.0790236598204149,0.0450727212638733,0.10524671716978,0.106918768613128,0.104617053772498,0.076202841095097,0.0429641228642665,0.102838242968608,0.103589490729731,0.106182664877677,0.0791569788636587,0.0451389794465271,0.105427344044296,0.107100351166107,0.103642531216695,0.0778279521491691,0.0442271233676797,0.10374495752102,0.105488325734706,0.107681539287862,0.0797563728056326,0.0459772927301828,0.105007290148493,0.105198718143824,0.105788760688448,0.0785355615116049,0.0445711261710578,0.104518523664236,0.106603292349013
gaussian,400,673,0.38268343236509,0.25,42.7652360432485,60.8610556124639,47.7312867749427,58.6415043774939,67.046089523679,22.3278430615935,31.353008289953,24.8046025684537,30.2461136069309,34.4378846869145,40.7586954088167,61.3399382685963,48.3227645517905,58.7364476748444,66.9156852173043,0.0558590564045816,0.0755015618879045,0.0581248750864808,0.0739515883301853,0.0849850969043021,0.0548510228979305,0.0767461043751196,0.0600411384937792,0.0742177347032447,0.0845978773793922,0.0544364610773524,0.0779788277693657,0.0615502288582127,0.0744971387863964,0.0854750922715877,0.0533638148277452,0.0770934570864033,0.0607681181084333,0.0736145157251355,0.084381841387255,0.0548963231693494,0.077238161484818,0.0606515226600493,0.0744308043321878,0.0849576608005822,0.0557421507099983,0.0777903869334339,0.0609221541414767,0.0755091533006583,0.0857310442010841,0.053538029917527,0.0764685387773947,0.0597951013645607,0.0734946773989305,0.0840323708083783
gaussian,400,674,0.38268343236509,0.25,46.9719900560397,54.4257660166747,39.0241086273337,62.5813854451144,60.7539330791351,24.426371858007,28.1437101588604,20.4622024029129,32.2113936241962,31.2999938310809,43.926315978973,54.6144014367103,39.6205275821313,62.3147292060497,59.9222155728125,0.0437511923276617,0.0579207770919339,0.0443972671728463,0.0543904802259111,0.0549673293095724,0.0602933651341938,0.0683282842677155,0.0484496703885949,0.0788802673737044,0.0775888492311453,0.0597321790706203,0.0687705385507416,0.049162177782568,0.0789831059082651,0.0772215471942884,0.0568082820537008,0.0669553458826096,0.0480550931499052,0.0763469452923539,0.0742897961536951,0.0590202553555829,0.067458071787521,0.0480898894298195,0.0777665750615261,0.0752984749970288,0.0512242064652614,0.0627610756226911,0.0448954011949265,0.0624288619096048,0.0693204028801885,0.0578511799743579,0.0678491376694501,0.0485769929800316,0.0779180239660334,0.0753917354401983
gaussian,400,675,0.38268343236509,0.25,67.2298921538872,81.2449684285057,60.7179834271834,88.0047531246754,92.7562400586936,34.529713345343,41.5196333656893,31.2819611225286,44.8910898328363,47.2609634255489,64.1285791014406,81.8870502818354,61.5502696103975,88.0040779699472,92.5656551452248,0.0751330906164887,0.0791406281919408,0.055761544804012,0.0861020562744823,0.0905275327233074,0.0854638187475448,0.101439309275027,0.0739149583859059,0.110959644381265,0.116900545330185,0.0838172062139951,0.100909983145207,0.0750496759952798,0.109844996550927,0.115556624012233,0.0825318991400785,0.101471288694765,0.0757486309739524,0.109684143200083,0.115377603648619,0.0839260551312454,0.101394786915032,0.075003646298064,0.110310349943553,0.116069224427673,0.0830657521743823,0.10192045283453,0.0775010248196413,0.103790777170324,0.114827672003643,0.0839938223963248,0.101698432633054,0.0757669575897334,0.110144774276774,0.115851324352762
gaussian,400,676,0.38268343236509,0.25,37.5530003443755,75.9509122828721,68.6527063393977,64.6286104456544,74.3407576885416,19.728529148306,38.8790302142391,35.2391231998432,33.2321703867658,38.0761592686768,34.8063947085444,76.1932785541506,69.5330240767669,64.6776062961865,73.2507925967524,0.0494238098190562,0.0973097842623185,0.0871808742884407,0.082581358891639,0.0941322937562359,0.0463855581025019,0.0962252610684363,0.0872201059295075,0.0823399725279365,0.0933134369354805,0.0440747501678063,0.0940301836068994,0.0853426694521861,0.0781729958075838,0.0898024339688505,0.0466299859877175,0.0949643346372526,0.0858920103923403,0.0805241220047169,0.0924549757682983,0.0476204920642779,0.0948377064401002,0.0850978292778135,0.0807733312012709,0.0928082689379039,0.0470934755380027,0.0964384697071003,0.0877453685707616,0.080156772178696,0.0936960682892897,0.0466944949300518,0.0952984818457992,0.0861158930716559,0.0808897192205274,0.0927767406807312
gaussian,400,677,0.38268343236509,0.25,19.1334224435597,34.9379245593363,28.1785952998952,37.2276873057919,34.165935285682,10.5417105904311,18.4240692478995,15.0529439764402,19.5661377304347,18.0391881708058,17.2838367426174,34.8956165910277,28.5778967824188,37.1001205545823,33.2262063290765,0.0256955206038739,0.0460234393299978,0.0376917187363193,0.0488168407729142,0.0447008944521669,0.0217412191516338,0.0438043361429165,0.0346040367247545,0.0480024089344665,0.0423384360753739,0.0252211310374795,0.044372893857549,0.0357479720897679,0.0468499175570044,0.0428628064006007,0.0235717757178567,0.043435558451319,0.0350014134492827,0.0462118608047484,0.0422020485435193,0.0237162313335088,0.0437024159639556,0.0346482225861525,0.0464757550494492,0.0427655005005333,0.024557627233449,0.0420101148652266,0.0332146276753047,0.0456239505853941,0.0415256235467374,0.023611664155718,0.0436282020699574,0.0350239656990392,0.0463124236205388,0.0422663853183765
gaussian,400,678,0.38268343236509,0.25,43.3102800289417,61.3875043619698,48.9621914396142,60.2094965854357,67.3129123517706,22.5998222494943,31.6156656769394,25.4186964601409,31.0281188438516,34.5709925644482,41.4113265485213,61.8892022234301,49.5655111487477,60.3312935873358,67.2151573929776,0.0389055303894916,0.049850865056579,0.0385582128065864,0.0496227533419904,0.0606975399013592,0.0481892756755129,0.0768572091495666,0.0626053678964698,0.0705426743991112,0.0809173869289788,0.0549689966523037,0.0780942459689179,0.0619446901918016,0.0758029224063749,0.0854020581812083,0.0540575676330457,0.0771700273083422,0.0613923844147517,0.0756272959076161,0.0844779870318757,0.0547473435721299,0.0760716346490573,0.0599152093290543,0.0750705492176816,0.0840837262548107,0.0561528770459071,0.0780380341765024,0.0611063032424266,0.0765352244780745,0.0863019025299021,0.0541017460422152,0.0769587524608169,0.0610614626145871,0.0755549709672082,0.0843386917058748
gaussian,400,679,0.38268343236509,0.25,46.295199675108,26.6287631007111,11.642605991717,40.5096229972839,42.2481113429737,24.0882898312956,14.279963168654,6.80572862323032,21.2028972920619,22.0700416707353,44.8296278027933,27.1232424063356,11.8852466675954,40.5679794458164,42.7009745292144,0.0545962897564382,0.0347244542207239,0.0167724646848653,0.0512359638581365,0.0503337224799272,0.0599547383186456,0.0342873102623085,0.0151099156107096,0.0526353975394766,0.0545878264461681,0.0575766674798371,0.031327092686738,0.0114088308993823,0.0490254872243178,0.0511589105988071,0.0586366406022845,0.0339540607255761,0.0151703462868382,0.0511485416631557,0.0534473768595994,0.0584757752773798,0.0332259935033981,0.0148506163493662,0.0508038662130505,0.0527903744835759,0.0581568333541747,0.031339097379979,0.0121679323144533,0.0493227917745956,0.0499904609337264,0.0583496427118863,0.033128345903498,0.0142009217778501,0.050828420693796,0.0528553001847716
gaussian,400,680,0.38268343236509,0.25,53.5444533311359,61.1465662426314,45.2066749156885,62.9816461322395,68.2587895539153,27.7043266921781,31.4956678913241,23.5457359057487,32.4109415332049,35.0429414685768,51.052761203174,61.5525694730836,45.759462377971,62.8002202192617,67.9741238210074,0.0596928969821432,0.0697063268065296,0.0489018663173917,0.0748092600857113,0.0765438651694931,0.0668371702525769,0.0761767089308361,0.0550040453048742,0.0791905311670965,0.086249810390226,0.0671178524949793,0.0778653676377713,0.0573010675031974,0.0802175945111636,0.0870853431169324,0.0663966306281228,0.076134734179645,0.0561288578228077,0.0786866045356168,0.0849487899135448,0.0667494536939961,0.075914554549215,0.056048730398551,0.0782804106382745,0.0844689935537001,0.0646980130524633,0.0736669210429904,0.0534278698106379,0.0780686964972883,0.082808746688838,0.0664609550870663,0.0761474025497184,0.0561571273779736,0.0783590160215701,0.0849684412251569
gaussian,400,681,0.38268343236509,0.25,29.6483322334371,20.1000039605483,10.1997982046675,28.8370752483849,33.9492073254123,15.7859466379048,11.0234728992477,6.08574412014696,15.3811615631061,17.9308099649564,29.5813529880046,20.8884385905976,10.8468231294871,28.9440428744959,34.6556169061728,0.0366625057295272,0.0274669957111186,0.0152036778942382,0.0340640624580192,0.0424441771534491,0.0347209049080705,0.0249904351038948,0.0134353751141725,0.0354249779335353,0.0417617908002268,0.0380770158428127,0.0256356510467162,0.0131076368958336,0.0370536193240837,0.0427681703344755,0.0371723039280063,0.0251764732644239,0.0126869515175141,0.0363248048283817,0.0427807849413868,0.0372156814850088,0.0240964367056003,0.0118215038446564,0.035320578433412,0.0420563038998174,0.0378811803853336,0.0255612463127871,0.0132718218680834,0.0375644805688212,0.0433935138265462,0.0366755543823149,0.0254328450717576,0.0131362086738811,0.0360079671604225,0.0424454146721985
gaussian,400,682,0.38268343236509,0.25,70.2786445170104,60.7429263109734,39.6277446602029,64.927964865028,76.2655368032852,36.0500462329708,31.2942926664954,20.7631906820724,33.3815173078913,39.0362684164749,69.1353386814782,61.7145867111008,40.2078900897654,64.9777900262672,77.0582332936869,0.090267046250053,0.0687758963153683,0.0347385138835528,0.0815400828426186,0.0930086228210705,0.0893525118815807,0.0770021214394045,0.0500679643829891,0.0827889098279716,0.096382029843977,0.0888724322231853,0.0765744527663951,0.0502126394323324,0.0805169327575719,0.0952554427578517,0.0884202135656744,0.0758640659884399,0.0494413941005775,0.081438549187802,0.0949216892302751,0.0888424451021762,0.0767492738949161,0.0504422394905294,0.0815794167140009,0.0953935252995122,0.0892210628696312,0.0783627439815544,0.0512622527506752,0.0827260324884753,0.0975155238807165,0.0879786311363699,0.0757671569084152,0.0491666660489638,0.0810724066534891,0.0950330094627013
gaussian,400,683,0.38268343236509,0.25,54.3078278042538,57.2744032177147,39.5272428758417,66.8789509579572,68.5182806786388,28.0847714650055,29.564423159829,20.7131683835953,34.354700035931,35.1723111752525,52.1299581899443,57.8673881706182,40.2142093587832,66.7528772761701,68.6508971512663,0.0647454236277962,0.0712155004591004,0.0505163878300457,0.0850275986931101,0.0825837861169204,0.065952347897452,0.073430968031907,0.0514711351286639,0.0846395262689656,0.0864775723992265,0.0657913332944287,0.0709724864712083,0.0487161718157019,0.0827521505034359,0.0845458829847103,0.0675151659725672,0.0712976975573941,0.0486172198633147,0.0834720900860639,0.0854113819948757,0.0692404966785515,0.0720737893448954,0.0493889375032965,0.0841150170496866,0.0863476688580485,0.0662903997016683,0.0723561455149529,0.0503006199110798,0.0852282518386328,0.0858606987217636,0.0683127225906096,0.0714152579106937,0.0488908024670696,0.0835353127217097,0.0856658889597124
gaussian,400,684,0.38268343236509,0.25,45.0843292986432,44.6089691721423,28.943277895869,56.8895977653391,56.1970874578785,23.484613715751,23.2475086445964,15.4343980054075,29.3724000477275,29.0271066694447,43.3656281855998,45.2010258387075,29.508662489886,56.9346006815974,56.3629300654088,0.0511135360699211,0.02734564704007,0.00220782896969375,0.0522369628192546,0.0543177354778365,0.0571532507034609,0.0572155344996896,0.0383439206549919,0.0715151118433772,0.0708626602889958,0.057478562325573,0.0578650365899652,0.0376109311875462,0.0727292877724611,0.0718765505836236,0.0566321361321951,0.0561716120331518,0.0364463201015984,0.0711625465901716,0.0703556666505275,0.0555943916251132,0.0553694630404205,0.0356132171580174,0.0707118913250879,0.0699397174435255,0.056038950159158,0.055171072813566,0.03114618167613,0.0727018236268357,0.0707022828781522,0.0561491240126682,0.0558416163054382,0.0360530076757177,0.0712249428621901,0.0701982859433971
gaussian,400,685,0.38268343236509,0.25,49.2866423202831,47.8948405554763,31.839424498977,55.5244931332256,60.6611600127083,25.5803288301635,24.8862619965015,16.8786604411111,28.6916548701618,31.2535112863018,48.095613082821,48.6663488492999,32.5304730307884,55.4206120242225,61.1881293817624,0.0639896211175995,0.0619277110646178,0.0420776928647875,0.070040528577962,0.077123183630675,0.0612354617546143,0.0589017610569478,0.0377086242276416,0.0678788681661487,0.0743395295991948,0.0629717889422276,0.0601710186099004,0.0400016463917622,0.0689749665103973,0.0758878927968655,0.0623962344356017,0.0602261890474251,0.0397560104663069,0.0699852130856172,0.0763926993685157,0.0603107822055633,0.0596946631452952,0.0396741425776645,0.06939564168609,0.0754268622668869,0.0610831095731426,0.0478276926942867,0.0286032643792704,0.0595619839932169,0.0652243825573895,0.0621243182297397,0.0599293497338879,0.0397186994590378,0.0693051617703279,0.0758729241596119
gaussian,400,686,0.38268343236509,0.25,49.4648749319909,31.9101827321402,17.7566700373055,34.6272295839834,44.031517261794,25.6692646488446,16.914027308491,9.85494238829843,18.2691563674924,22.9595709601466,48.5050562044135,32.4485458909124,18.0375188986897,34.5054139727634,44.5751987267033,0.0628279859209512,0.0412675205546029,0.024188554586372,0.0439376357093763,0.0552398585324327,0.06309438517215,0.0420859829504247,0.0243158481272102,0.044769500612792,0.0567797767216253,0.0632691943219841,0.0416747847618954,0.0235655404088949,0.0447637406429507,0.0564491438858292,0.062155565567074,0.0396815246338933,0.0220393427323602,0.0433229851074994,0.0550808251894007,0.0627901547176079,0.0404973289382761,0.0225682648851583,0.043588059870015,0.0554558986419686,0.06015137692428,0.0391319982176422,0.0223075013800718,0.0433774168788333,0.0529115223052187,0.0620831566234714,0.0398144105860321,0.0221918322509221,0.043145611017145,0.0548303976913089
gaussian,400,687,0.38268343236509,0.25,69.7794469275743,73.8466909282741,53.7211712673888,70.9705446106287,82.3828981864588,35.8013527724299,37.8298176019195,27.7922535413476,36.3953813755278,42.0873976611917,67.8746770259029,74.6122978734514,54.2132701036399,70.8417544792443,82.6737976477648,0.0894792398900503,0.0912747906744418,0.0629691006861781,0.0909615432487778,0.10237197429726,0.0881021150556888,0.0918763014994939,0.0664406965975772,0.086935300519924,0.102569913231306,0.0864655904946862,0.0914651572217597,0.0665668806502644,0.0886811915325027,0.102229605884067,0.0874182301835246,0.0922212229782969,0.0670995883409034,0.0884808052312432,0.102616971282961,0.0878859798940916,0.0922591150994481,0.0668921981626338,0.0895441185762239,0.102803681281129,0.0807240453935897,0.090738079708661,0.0681859348178489,0.0839656694467306,0.0994282206972052,0.086988925441398,0.0924094673297934,0.0672338897894338,0.0887828315180313,0.102720102002551
gaussian,400,688,0.38268343236509,0.25,36.7485356458039,32.7900012297795,20.1605829280599,40.7168910731809,47.5466533121637,19.3267747531763,17.3525677984943,11.0536893003259,21.306222480103,24.7124781183748,35.7477680081026,33.5463588628287,20.8857362187525,40.8174990664591,48.0780619201357,0.0404793222051582,0.0434838118183575,0.026467073599992,0.0506076926993292,0.05894658555103,0.047870890620474,0.0404784825738596,0.0241026247404679,0.0513549460649299,0.0604153587315382,0.0460953365329912,0.0419660443383147,0.0260442419779691,0.0514052712988066,0.0602080207480907,0.046669827958019,0.0415494109466225,0.0256665761763115,0.0512139316024643,0.0599002896015468,0.0466748721693798,0.0403677354127697,0.0237597221699182,0.0509833385855314,0.0594192057804634,0.0475453435350836,0.0426819356399787,0.0264197002344994,0.0527455645752252,0.0611637995565535,0.0466059244778001,0.0414165834703496,0.0255666672692859,0.0511968201938959,0.0597211058844765
gaussian,400,689,0.38268343236509,0.25,57.2824501687898,64.0668120718071,47.2574286563543,62.764154962238,72.6040848938568,29.5682097947354,32.9520665523828,24.5685533079315,32.3022773778522,37.2100680307973,56.6399305884453,64.8571379670777,47.6889418095614,62.8644966896039,73.2179697620959,0.06595381150365,0.0786435228894844,0.0560158966691096,0.0762169076617515,0.0872202213376855,0.0730088793268707,0.0800047785253534,0.0584846904499306,0.0781530196485153,0.0906312381915234,0.0699622981380733,0.0767717960832298,0.055219561293611,0.0763041149374017,0.0869744765263475,0.0716026789941741,0.0804148599616367,0.0591648507613749,0.078636141897966,0.0909309347424466,0.0716045085651785,0.0796014423183379,0.0584099575895949,0.0777054306564989,0.0900720341039023,0.0698064154243721,0.0806550226084894,0.0599192207701906,0.0781514738227266,0.0915065138655249,0.071791221655677,0.080102202029905,0.0589132382983016,0.0784689643864149,0.0905812705056613
gaussian,400,690,0.38268343236509,0.25,54.5006344503184,51.7215684925465,33.0610162351134,64.074476467641,62.4336926620249,28.1810420117328,26.7949843476361,17.4881558021292,32.9559332863193,32.1378238344818,51.9266674226383,52.143668199025,33.4560520810098,64.0297342144256,62.1190831778866,0.0706043196921031,0.0670436138424571,0.043620309276078,0.082436688725891,0.0803069791775499,0.069158603011182,0.0641940124940015,0.0403148591384793,0.0806867037066271,0.0787444371331994,0.0692937784239565,0.0651374693163184,0.0416180791356035,0.0813360594610789,0.0786713849684244,0.0679413618457605,0.0645003854803411,0.0412313246776513,0.0799074607053201,0.0771445937560962,0.0670579477959712,0.063709287728034,0.0392133350495565,0.0801679754643629,0.0772518139942807,0.063393275162819,0.0647230577193857,0.0410559443790012,0.0811235165688393,0.0773095261500499,0.0679752140455672,0.0644252822238674,0.0408738872564299,0.0798948005879894,0.077403337022086
gaussian,400,691,0.38268343236509,0.25,31.1385752491471,19.7417221920206,8.86521538082801,30.4956522762036,33.2530942860019,16.5288040065944,10.8449693593636,5.42054826477078,16.2082809144716,17.5835875817314,30.6386733569319,20.3057574212478,9.15087959218245,30.7481516605028,33.9995533763786,0.0413555439250696,0.0271745813978896,0.0134439875891566,0.0405977429670469,0.0439143165371266,0.0394844010309714,0.0261883466995748,0.0125792119615301,0.0391036444674773,0.0425458474199913,0.038341605334794,0.0252338075303202,0.0114142448774712,0.0383173148712904,0.0423977416209905,0.039487941307091,0.0242192273374092,0.010024329205139,0.0383926830579216,0.041624959710641,0.039351071995437,0.0244207095402289,0.0101712643547447,0.0378700631977798,0.041479775370771,0.0405402283498848,0.026454120786702,0.011955995261911,0.0401960974635301,0.0434375953238488,0.0393470433951706,0.0248662279246173,0.0108902764244414,0.0386326206786916,0.0419675659578023
gaussian,400,692,0.38268343236509,0.25,54.7167556251768,68.8592149663778,53.9322592192517,63.9626259026794,72.7533992278473,28.2887618009817,35.3423709021929,27.8977444936275,32.9001018135798,37.2846030203258,52.8131342167997,69.3166627325142,54.2249781202166,63.9087984840107,72.9161678546299,0.0708678279392548,0.0789391499910189,0.0548353852056402,0.0782142790014907,0.0873954549675351,0.0666384366602233,0.0873920930267222,0.0691096165116508,0.0787660763747681,0.0916249473876651,0.0656151204344709,0.0853166223152111,0.0649853852069749,0.0785989042711502,0.0897542728771687,0.0681958757099775,0.0858337755511478,0.0670553801006039,0.0797121487052973,0.0904413138509246,0.0689720710618742,0.0870396022730641,0.0683164675015941,0.0801535965043128,0.091794752751515,0.070480246743006,0.0837055207393094,0.0649322516468494,0.0791385697598167,0.0904334538425491,0.0683270026293702,0.0860907629448255,0.0670250918579093,0.0799453349336241,0.0908674490302063
gaussian,400,693,0.38268343236509,0.25,28.5585439732216,22.7359047824918,13.1819955114077,27.152371164009,29.3652841252374,15.2421385522562,12.3384556763345,7.57357446699023,14.5410568930477,15.6447659832387,27.6061360070335,22.8933801138458,13.2685691079645,27.0466754034008,29.4736726590445,0.0374462874090915,0.0298881507932524,0.0176441601958061,0.0340049670559641,0.0391231459563415,0.0371838501647697,0.029853143837981,0.0174848876583458,0.0357002116014116,0.0386454422085242,0.0371888493917208,0.0296837922236065,0.0178040211212306,0.0347753053775414,0.0377415444291321,0.0360929754294951,0.0280129631568007,0.015916748675828,0.0337191862143728,0.0366217221692947,0.0350384072260636,0.0275191821631573,0.0155184596131661,0.0326578514457011,0.0355594615804883,0.0353939067868399,0.0295181689890649,0.0172973075495176,0.0359080750471108,0.0390814906171243,0.0357969890734772,0.0279630311902987,0.0159426442045235,0.0335881759532599,0.0361544801568808
gaussian,400,694,0.38268343236509,0.25,49.45943851268,38.0395502381947,21.8298072524952,48.9191759742147,51.5801606046212,25.6667248010288,19.9710392918035,11.8865595696921,25.3971324755163,26.7245879536127,47.1657101349595,38.5351199055639,22.261649614504,48.9942684222266,51.4455880753601,0.0581091412868598,0.0494166915709756,0.02809832856702,0.0615804745594035,0.0625143987908757,0.0635283217414754,0.0464694548229262,0.0257253497530828,0.061437408572992,0.0637120639216697,0.0621848948967018,0.0454981950470022,0.0240426075071346,0.0602149734025196,0.0617425267761031,0.0611335521151535,0.0465643345522509,0.026539443972564,0.0598587878516122,0.0630313167584548,0.0606555305382708,0.0462813697931593,0.0262392023226768,0.059940063179937,0.0626341891663933,0.0618679787699575,0.0486578176171594,0.0277080505217509,0.0631959979927711,0.065594514611227,0.0614586600602686,0.0473612845349009,0.0269390956007293,0.0610497510871248,0.0638875091285077
gaussian,400,695,0.38268343236509,0.25,29.841839754863,56.0644799883803,48.1824354087025,51.8678295645715,54.1030313106538,15.8825592635132,28.9608372410761,25.0297379823672,26.8678349623173,27.9827837018403,27.8496686583904,56.2403368880799,48.785659145222,51.8230073387281,53.2162035497388,0.0393118601033879,0.069059654894204,0.0602040174455792,0.0607725448718077,0.0690376462134187,0.0387563902361492,0.0716395156271344,0.0613668990974813,0.0667616494988171,0.0688480654550532,0.0372352312867338,0.0714718163379157,0.0619070954429627,0.0656253438618874,0.068389929647416,0.0369870329971379,0.0702613701992714,0.0601112056516176,0.0649707657966619,0.0673831086031543,0.0377283212455433,0.0707873091799453,0.0608342489726126,0.0654777579105001,0.068180158445416,0.0264209358368544,0.0692046139005876,0.0610984734203675,0.0633652051199211,0.0624062745450491,0.0368019717024736,0.0698858277528107,0.0597746087131875,0.0645392496207703,0.0670651847271481
gaussian,400,696,0.38268343236509,0.25,55.1808330265919,79.7562364764462,64.0459612827208,80.640599241803,86.7178710386816,28.52044210223,40.7770586429382,32.9417320763457,41.2181494714698,44.2492279060993,51.5746129515855,80.0235328180795,64.7559693943444,80.7306046050175,85.8591765228374,0.070131818340173,0.0999570170923411,0.0789252936954139,0.101916978979705,0.110390092449741,0.0712036757982423,0.100960612165263,0.0803940427885981,0.10248544743897,0.11039359294737,0.0664581168039651,0.0992381051180563,0.0795716997960797,0.10049466758639,0.107549395692374,0.0683235802899406,0.0993431507550832,0.0792079445131682,0.100621084738935,0.108047988520922,0.067883320707636,0.0993658349249475,0.0787200000346176,0.10122646529679,0.108544467449534,0.0687862183760818,0.100767571766033,0.0802052380329574,0.101374487046159,0.110125161651424,0.0687634001818866,0.100043591106985,0.0800013571330009,0.10112996725573,0.108701610594453
gaussian,400,697,0.38268343236509,0.25,75.8791987094836,81.1266717423925,60.1143475091812,78.3197381069632,87.8724943503025,38.8437142719722,41.4608490802525,30.9811043405692,40.0607836987052,44.8252907840678,76.341889210015,82.1126516718623,60.4192540761585,78.200232610619,88.9379502469407,0.0972558326174608,0.103300202776719,0.0776192810252228,0.0994994792908771,0.112237548601888,0.0898016643749247,0.0985110395542373,0.0735871154230932,0.0945007174888941,0.106921118024456,0.0958191819169246,0.102174915439371,0.0755375080613841,0.099188737736076,0.11057305982024,0.094073650765202,0.100678278309634,0.0739450058502598,0.0976307630023064,0.109604115599177,0.0938998316847577,0.100886313834031,0.0743377499239734,0.0979285804645309,0.109037796860155,0.0950014142756136,0.103517033975534,0.0774251754460576,0.097290206497413,0.111279163665257,0.0939561675455574,0.100722793825565,0.0742582133864355,0.0973482985412998,0.109222183483574
gaussian,400,698,0.38268343236509,0.25,49.4294556942183,50.1387751421536,36.3768952702221,45.3732418462649,61.4453454326093,25.6515290492435,26.0053468446839,19.1416617035531,23.6285841742908,31.6444786739054,49.1397451997707,51.0751209355909,36.9892998331638,45.4230736607501,62.5026685390168,0.0640393585032036,0.0646643217813645,0.0479512543428109,0.0588653472969071,0.0787348711060124,0.0633986793027246,0.0647492012838474,0.0472812751966041,0.0590864217437263,0.0787534770850439,0.0610961755970617,0.0631996611828866,0.0461263965481612,0.056661151562617,0.0768863286685684,0.0618435167464581,0.0632762156586238,0.0462596343923575,0.0566630497657979,0.077154455931295,0.0603598212671089,0.062553798097154,0.0455037868559638,0.0561034899074858,0.076336565947487,0.0564627848849915,0.0596125158844552,0.0414519794526224,0.0549632947518639,0.0730383560178269,0.0620252848832518,0.0628637433910919,0.045680801192416,0.0568227065242209,0.0770690983477795
gaussian,400,699,0.38268343236509,0.25,70.321087741582,49.6723370862777,29.039803076214,56.2905898126287,68.2844786104722,36.0712786571672,25.7728453420566,15.4824109525807,29.0736295770525,35.055691260206,70.3521917248422,50.8120893928137,29.5041417312287,56.3618908968338,69.5656361170854,0.0903885088143249,0.060940171253737,0.0353449687563004,0.0727539260659991,0.0875219973573439,0.0885665213044013,0.0623448219506907,0.0328227812530117,0.071656570592644,0.0861542634766065,0.0866030559513044,0.0603026570302515,0.0355327023975347,0.069217002623002,0.0826847649792688,0.0876992985796534,0.0619402664311742,0.0362769836168285,0.0700991952420113,0.0848334383727238,0.0875116780738527,0.0621706869711238,0.0365313309363576,0.0698097496270867,0.0847697752445234,0.0903053262791356,0.0645526076234622,0.0387516094075351,0.0727399058869331,0.0875806237889035,0.0880484425063282,0.0618452693181659,0.0358596621097966,0.0702754940729051,0.084993114996169
gaussian,400,700,0.38268343236509,0.25,34.5346279003967,42.4469996316481,31.4607924054943,44.6609147257421,51.5598828131981,18.2229678412654,22.1690262661306,16.6897361774394,23.2732704680802,26.7141331567565,32.7543027646694,42.9391057429855,32.0972568265531,44.7843762948011,51.4610962813335,0.0375290669212753,0.0555537730040145,0.0406276205004624,0.0567868121778705,0.06534746440544,0.040081643715695,0.0549354339776466,0.0414737814941885,0.0557028798300756,0.0650617545573216,0.0423697160223349,0.052885786858445,0.0383030336724929,0.0557128398803212,0.0635340915351226,0.043533593531248,0.0532701691398888,0.0392357901827797,0.0562846025202202,0.0647698924325759,0.0426732946059066,0.052943342372289,0.0389509905010589,0.0559075821740466,0.0642810518857398,0.0389971344310548,0.0549277098594191,0.0413846609867973,0.0561667877331438,0.0643583002569466,0.0428588350838799,0.0534334614440676,0.0396407696469858,0.0559094129163134,0.0645933074083743
gaussian,400,701,0.38268343236509,0.25,29.6351998267016,52.1821123752174,43.5057742624425,51.3507306059137,52.8540073065603,15.7794704241,27.0245150689926,22.6973420731467,26.6098436488022,27.3597514525717,27.6576427318969,52.3679602995395,43.9179571038043,51.4440832356511,52.2096806576698,0.0387961385046934,0.0673444207713251,0.0564231613524159,0.0656423982940368,0.066755666241103,0.0354136970635859,0.06605187047485,0.0555740551719131,0.0645718367687381,0.0662325940188783,0.0356743163638932,0.0658305858153734,0.0525440545215173,0.065795629035764,0.0667713384840084,0.0365779618914129,0.0651061430481036,0.0539168047888183,0.0645393829033344,0.0656030065302202,0.0369661447610479,0.0656713732157248,0.0544830659769307,0.0651792007450647,0.0662078630267614,0.038213629717136,0.0660772822357447,0.0531641852275412,0.0665879573399381,0.0683831793027629,0.0369192482147501,0.0654811817367023,0.0542746425864358,0.064393448241902,0.0661363151020351
gaussian,400,702,0.38268343236509,0.25,31.4854441389272,55.0706180284328,45.6665846421904,55.600825365373,58.5141852080793,16.7020939230165,28.4650459469411,23.7748844722428,28.7295836410572,30.1826804859814,29.6745698496086,55.4638070904912,46.404180338899,55.6839310412494,58.0900290373111,0.0418182276949238,0.0713087161447361,0.0585781508332398,0.0683920115559098,0.0755067784492614,0.0378011128383283,0.0696220819808673,0.0570411766526543,0.0703995485462223,0.0731592202869772,0.0406574872100006,0.0697851032890729,0.0579053388005636,0.0700981918657062,0.0738279135388782,0.0390682577520024,0.0695608381352361,0.0577237347199157,0.0701084997717202,0.0734807056758626,0.0386949534553391,0.0685438856955218,0.056397488061379,0.0691674608440356,0.0725943306239961,0.0377037735241401,0.0602819532361533,0.0484054294941033,0.0613293120189032,0.0648209455273075,0.0393843817039437,0.0690795672416106,0.0571129295661187,0.0696328375444302,0.0731658479233209
gaussian,400,703,0.38268343236509,0.25,59.1583807526064,66.0978917106068,47.8635871669125,69.5975952012755,78.07566859088,30.5039404219374,33.9650380382462,24.8708424403456,35.7105010761839,39.938899108847,56.9320545895357,66.752619449266,48.4346698741373,69.6400517457203,78.3920249815186,0.0717232011280263,0.0821548416641178,0.0595581459011451,0.0881325434105285,0.0981715100403915,0.0721842903143967,0.0773513563271648,0.0535778365253753,0.0828786055382786,0.0930457386230613,0.0739740702818423,0.0829013788565669,0.0602159596351487,0.0869986233122712,0.097529669291292,0.0742326529840535,0.0828271080130391,0.0597334660728008,0.0872390269429515,0.0980456546709327,0.0749999923490848,0.0830015489190657,0.0588355960047896,0.087964201662849,0.0987784992363292,0.0749633852927759,0.0850629930416101,0.0620334564551971,0.0893117219875801,0.099526565393611,0.074099222116017,0.0827930581737804,0.059768734071766,0.0871603773718407,0.0978354841926209
gaussian,400,704,0.38268343236509,0.25,57.8511142752252,69.8635247628819,52.289160672485,77.1042008321288,76.7716301027259,29.8523876432441,35.8432176821719,27.0780878259212,39.4545159761213,39.2888895917034,55.8401791189236,70.491666843574,52.9869422446869,77.0196652755015,76.3219743949827,0.0668824082137176,0.0838116702540874,0.0624692535302669,0.0952425431010231,0.0865457324738699,0.0706382449253095,0.0887266355889622,0.0671526342257111,0.0943304886534447,0.0955219910628541,0.0679655169874919,0.0874397717256268,0.0649557628743064,0.09755305866362,0.0957736676224215,0.0723688463733477,0.0878077093187147,0.0657904153089261,0.0965719100640002,0.0959375708490257,0.0706560045012583,0.0866701160349235,0.0649376386255033,0.0947425851946221,0.0942428165392972,0.0708962452963003,0.0844747648571381,0.0629829244848741,0.0945427124051168,0.0922868808386734,0.0716204895565056,0.0872629126029155,0.0650498617963777,0.0963555289315637,0.0955202646979097
gaussian,400,705,0.38268343236509,0.25,31.8986229189577,39.0208178057675,27.4883929901089,46.6735854820863,44.2771690191394,16.9083169858709,20.4604349456452,14.7087920082861,24.2771619528384,23.0821160741793,30.4187477936936,39.3287824097522,27.805804910966,46.7381417100089,44.087753771237,0.036389735629056,0.0511543827997545,0.0352514883815268,0.0608080454823611,0.05723622644956,0.04038763546504,0.0493932203373902,0.0339994529913521,0.058602318318595,0.0567099472766593,0.0403123438383347,0.0497128457807254,0.0350113187663733,0.0592856656179214,0.0567048326945501,0.0396761713838201,0.0491808652517352,0.0344171456944996,0.0589208912558476,0.0556615688038536,0.0389341043922954,0.0485739422961236,0.0342827915331372,0.0583546795708761,0.0544787459810019,0.0419841476133544,0.0501521188468081,0.035438860432578,0.059878008839301,0.0570567320102099,0.0397112756443291,0.0488830614264022,0.0342912256554764,0.0585019516659113,0.0552019205752885
gaussian,400,706,0.38268343236509,0.25,69.2647343190509,53.7857916358295,31.6936087938052,66.1794852784476,71.7870190927277,35.5443170690198,27.8245733443447,16.8063196876572,34.0057421233577,36.8025205302853,67.4453389484351,54.5344698711516,31.9992997615354,66.2139971041421,72.651264666782,0.0887269112017396,0.0691065446304439,0.041228568357881,0.0832582788812854,0.0911381470968037,0.0882167069655236,0.0681361182055369,0.0392819329157571,0.0844753292057643,0.0916187101229306,0.0852852620791371,0.0659339919282798,0.0384138326087041,0.0812057266885241,0.088059254978553,0.0868727163741398,0.0675928975262841,0.0394894319031294,0.0828841609219815,0.0902214790929409,0.0862260236422772,0.0672760593596109,0.0390554192517911,0.0821343308417343,0.089535975693773,0.0823127651799624,0.0648098934600785,0.0368940675356621,0.081016426007723,0.0865550017527038,0.0870224131969702,0.0671564243811277,0.0390959198081547,0.082897746976474,0.0898990944033396
gaussian,400,707,0.38268343236509,0.25,60.2980305485041,59.533865752429,39.0919787466284,76.490215388941,76.2173805553534,31.0726775820912,30.6912137642576,20.4958787879846,39.1483163877359,39.0122038518221,57.0185811158536,60.144238243413,39.9608518316345,76.388684461773,75.9406569243273,0.070475686669556,0.0757004127217882,0.0513569072060538,0.0938927859361308,0.0944578587017813,0.0750487847951731,0.0756328528665622,0.0508338693265673,0.0943433732491375,0.0958015746714582,0.0757021884894778,0.0746065373406912,0.0492907643786868,0.0952131613325217,0.0951086015861375,0.0745832807829965,0.0745572952325191,0.0490489587651437,0.0949323635204008,0.0950209801112755,0.0747945621914473,0.0738537258854433,0.0482896517352395,0.0949129336559442,0.0948258698410948,0.0775977110522338,0.0733987503063267,0.0452147067741955,0.0973043109779442,0.097409594118767,0.0746768799596309,0.0745554202061603,0.0487530759386301,0.0955075077759564,0.0952363057154787
gaussian,400,708,0.38268343236509,0.25,52.6120482495907,63.5324966307417,47.3494894925866,69.8218135326275,77.9795413781843,27.239147364959,32.6853444628481,24.6141414946325,35.8222551725078,39.8909360129347,49.6989942876862,64.2187233968757,48.3610793010633,69.9593580886732,77.5818535064935,0.0677099151490172,0.0791675027685065,0.0599973893573664,0.084585859687894,0.097163224180546,0.0660536973954756,0.0800591973119388,0.0598318871624895,0.0871012827958113,0.0969742040808849,0.064493176686736,0.0805636408977998,0.0606005962000552,0.0870191838141449,0.0980182807477622,0.0653186061849526,0.0799719292998612,0.0595040598280621,0.0878885960996691,0.0978636104101447,0.0647105220401199,0.0805079094361763,0.0604465852585187,0.0880222866812104,0.0978989932598057,0.0667877985315521,0.0794956927682469,0.0556677800913517,0.0894313265782653,0.0999499304159213,0.0656109131336021,0.0798695609540423,0.0594636593123249,0.0875566767748163,0.0977916991885691
gaussian,400,709,0.38268343236509,0.25,58.5578660885585,56.5670503320305,37.1554594644887,67.732550978083,68.841955844542,30.2046843260864,29.2116235034937,19.530154153242,34.7804694725845,35.3338373444601,55.6273237118756,57.0506141049959,37.7540217893072,67.5741819240258,68.6354422910806,0.0707311025659237,0.073171117099267,0.0487473726085882,0.085949410251324,0.087273293649944,0.0737642530546223,0.0713071497435358,0.0466841626734437,0.0854528622011786,0.086146599371824,0.0729940172545175,0.0717529616335808,0.0469219484715035,0.0862361510424696,0.0867139261079338,0.073123344221681,0.0694685661085422,0.0450883728586149,0.0838426523825266,0.0847227762769987,0.0724432791711505,0.0715021699695844,0.0471402749098146,0.0854272525937754,0.0867360386634134,0.072401331261493,0.0687262358506488,0.0396726969852367,0.0855780522270492,0.0871130309149533,0.0729556528593473,0.0703763183657168,0.0459169714934338,0.084383946083256,0.0856304072525077
gaussian,400,710,0.38268343236509,0.25,43.879393356523,60.1090855257213,45.6627392117542,69.2301594551082,70.7131140612577,22.8837412191758,30.9779227997298,23.7728518011016,35.527212921477,36.2669329395148,41.2301566440579,60.7273103102369,46.7434255595496,69.3174049147468,70.2260196598847,0.0571388114189403,0.0772819739342537,0.0590272118250191,0.0890360210041101,0.0904801212105704,0.0549130129745896,0.073785244414138,0.0547879208443728,0.0834544867498766,0.0871120712568839,0.0552438710098719,0.076013567144597,0.0578548953470497,0.0877095189138851,0.0890019899299764,0.0549841290325808,0.0762315517088862,0.0580092060828176,0.087356604520988,0.0890254780078562,0.0545884866618961,0.0760077042653955,0.0572932483471277,0.0872478748646754,0.088973421982391,0.054770579668341,0.0768790230793837,0.0589369917229033,0.0877560501686993,0.0893469018720308,0.0543590340443193,0.0752778448812885,0.0571630588366862,0.0863674037093497,0.0876754425769442
gaussian,400,711,0.38268343236509,0.25,52.0818333153586,66.1908634390104,49.7048931897102,71.4673163644612,77.3780981044647,26.9744287612087,34.011307796687,25.7891145024202,36.6429195538261,39.5909824176362,49.7627172072009,66.8022689213099,50.4373476520543,71.6487702946733,77.3285787839831,0.0585244357236884,0.0766263412262984,0.0554398402524556,0.0854264205085358,0.0919085488185434,0.0665365875467041,0.0812085215641543,0.0582842692694329,0.0889222539428089,0.096268966721252,0.0657229458397151,0.0832260958372978,0.0625883001981498,0.0894630802734292,0.0969647232270468,0.0656350948773888,0.0829393707396391,0.0617625439407641,0.0901015383047733,0.0972867640882082,0.0646541763240295,0.0823909607715352,0.0615790312101395,0.0894004956579352,0.0962754919912568,0.0672309756370818,0.0823329163406637,0.060588667072656,0.0906668950709763,0.098045826071158,0.0654342518642891,0.082957818150721,0.0618789612916127,0.0897284552351898,0.0970008643734971
gaussian,400,712,0.38268343236509,0.25,46.1486899901484,44.6099391096651,29.9466363745178,49.4210560144033,56.3416277163706,24.0155336752647,23.2478910300498,15.9346446734425,25.6474567913475,29.0991404349197,43.5659046618011,45.0272496160187,30.5266491815407,49.4546548053268,55.8652385875159,0.0335670020381649,0.0578572937926331,0.0388147221115434,0.0606171760849457,0.0665934256179925,0.0586737158591586,0.0562014265411617,0.0381688686776888,0.0629817122305791,0.0708344954397559,0.0559310847669681,0.0556500418296465,0.0374222345085438,0.0617977956344219,0.0698441447974387,0.0568255875556972,0.055543565967415,0.0373256713341183,0.0609779805627251,0.0698796427773588,0.0577217608616231,0.0562788645296506,0.038435231010007,0.0607542485467311,0.0704454891497822,0.059585804163672,0.0575345337729318,0.0389909897251966,0.0638645349955057,0.0726192671047521,0.0575578108442827,0.056173862386816,0.0376533207733845,0.0621369271151021,0.0707224452190627
gaussian,400,713,0.38268343236509,0.25,28.4166474474232,56.7918867310029,49.5773329952257,52.8557958596218,55.7138042062512,15.1716215041063,29.3235889643628,25.7254394241875,27.3605581329855,28.7860483048373,26.3778827635505,56.9414920932873,50.1634921149441,52.8371273317935,54.9484203053612,0.0365515728759566,0.0698788232510628,0.0618340515792717,0.0655149851842033,0.0669546339852825,0.0347053399855238,0.0711320944875972,0.0622575417328521,0.065049513892101,0.0690936580014915,0.0370624340933836,0.0727985965575188,0.0636375147419638,0.0675059960702392,0.070792368477945,0.035596955093858,0.0711682092143924,0.0619130592424167,0.0661529007664924,0.0694623448763012,0.0344837188372022,0.0709333381492845,0.0619926978262601,0.065137131596693,0.0683010522517379,0.0375768595942337,0.0683591326966314,0.0572021016986592,0.0656720784688016,0.0676745820624529,0.0353252007704482,0.0710176252132856,0.0617979413315586,0.065852523146625,0.0692474076033553
gaussian,400,714,0.38268343236509,0.25,51.442812521302,85.2361667791547,73.0501498171191,70.1255519463968,85.5760174888344,26.655563355942,43.5101272892546,37.4324872607507,35.9737786370138,43.6796877030827,49.6381960233538,85.747773565826,73.6105276669624,70.1912672833261,85.5458864683962,0.0664193029159584,0.108990588808021,0.0936482261083084,0.0899879879859239,0.108757099660296,0.0625047953873199,0.106226209139089,0.0913954844542521,0.0874604736224499,0.105976350878632,0.0658761889420661,0.107575808992669,0.0920822793734271,0.0883567851227796,0.107980595819534,0.0647786377454875,0.106980197136377,0.0914722032426843,0.0879452326482608,0.107259040452291,0.0653912162025325,0.105416516381164,0.0898127564340018,0.0865533826243275,0.106285922345558,0.0667497205782651,0.10458226611467,0.0866098966898012,0.0879443059745995,0.107275184868276,0.0649134277908009,0.106668349915937,0.091164247568512,0.0877929542378523,0.107000252137416
gaussian,400,715,0.38268343236509,0.25,46.928245810441,67.2521906934534,54.4239255631492,58.015972614595,71.5756641542131,24.4039182976451,34.5406153493241,28.1425811229563,29.9341689058052,36.6969898065774,45.9630653219813,67.9000916135276,54.9426999597631,58.0454690060224,71.9670724873534,0.0601021544149983,0.0865589607780632,0.0689832034897845,0.0738854593663315,0.0912150734487386,0.06012482786827,0.0821490578560489,0.065066784001234,0.0711632498431169,0.0889926496142297,0.0574204238083725,0.0804967450529936,0.0643533635899061,0.0695015102418755,0.0860619294972915,0.0595525157583076,0.0844454096585185,0.0681001651966789,0.0728887774598923,0.0899100321248043,0.0593753887593769,0.0841702498353699,0.0680666882859796,0.072401521144551,0.0894891596015761,0.0602891467973284,0.0854556764258855,0.0688027625342041,0.0743970788493961,0.0913879116937244,0.0590043062187637,0.0843397021294457,0.0682021820417262,0.0724876902315267,0.0895181969665975
gaussian,400,716,0.38268343236509,0.25,41.0634618481076,34.8844511916807,20.3816207131581,47.7284759063953,47.5966410534975,21.4792726456561,18.3974047037937,11.1642582990649,24.8032914355717,24.7375697449571,39.6503447998297,35.4086477682318,20.7660593623849,47.7885077703525,47.8816837342521,0.0537998547649533,0.0445532629665819,0.0267001230127444,0.0596701680869752,0.0598761585207201,0.0485033738440885,0.0448675586208072,0.0268941687581048,0.0603721250783732,0.0596788355142982,0.0527790217145601,0.0442770855314335,0.0257248105045698,0.0605408306180512,0.0604314709610743,0.0509173845860183,0.0432558067190501,0.0246418479839293,0.0595559332445409,0.0593022985224037,0.0521761073006227,0.0435221785169584,0.0256230913156071,0.0594800801607988,0.0593493883817391,0.0490234170420531,0.0459905195166415,0.0277326793241642,0.0612015576595344,0.0611084490989313,0.0511818613995779,0.0437020772323176,0.0252644844649109,0.0598221609478791,0.0596397302764919
gaussian,400,717,0.38268343236509,0.25,38.7836455111746,68.6185397955279,58.9649938844603,59.442389224536,65.8631446553562,20.3419746054362,35.2222455877195,30.4076696602914,30.645741622674,33.8480285584034,36.8648322260757,68.7597742718702,59.3894952683998,59.2531038399712,65.4794815083426,0.0508255977108916,0.0856101444544684,0.073207329626256,0.0737798432158925,0.0821608069855538,0.0500208713963097,0.0875210512837298,0.0747006073368874,0.0754838201868541,0.083438948112507,0.0489703928759276,0.0860445164479066,0.0734904079886235,0.0744649138620707,0.0833648233022438,0.0489006225521967,0.0848495353017321,0.0723581880079826,0.0729511852911745,0.0813401675731447,0.049445808765377,0.0869389752379666,0.0744723184073139,0.0756342429062047,0.0835335289383694,0.0506976529989577,0.0872045823184155,0.07508636251179,0.0757769475231022,0.0837460862888827,0.0486695417370203,0.0854622570722899,0.0730432216464026,0.0739454023606364,0.0819499713812544
gaussian,400,718,0.38268343236509,0.25,19.4989448620098,51.8771662087706,50.0648290778852,28.3622476762551,35.2879209406105,10.7239908872165,26.8726463847688,25.9687714143974,15.1445922547712,18.5989986003935,18.1470056128596,51.4950729071161,49.8768403315469,28.0698119326565,34.2117512370314,0.0267397423900536,0.0672823533321862,0.0650584855786406,0.0376405778006058,0.0465756930634953,0.0233725684435379,0.0654833647109366,0.0629939791408084,0.0360282548124032,0.0444586824272116,0.0244367520787071,0.0647886629119829,0.0622499963546236,0.0351710602316462,0.0447660329490295,0.0235072880754817,0.0644796660815377,0.0623444549975762,0.0347369155112739,0.0431512888663472,0.0238570901832742,0.0642335987065807,0.0621378135735125,0.0341854213081057,0.0427400361156426,0.0227782952841495,0.0560083837682829,0.0527438662112831,0.0287529931428509,0.0343348733835931,0.0241457999467374,0.0644792361385007,0.062104200393447,0.0352230701458931,0.0432537876869518
gaussian,400,719,0.38268343236509,0.25,70.0949327651795,102.949184110262,87.0818230797491,84.8440826019018,102.722620113524,35.9586485173446,52.3445858995758,44.4308166700013,43.3147442420685,52.231719202374,69.7216555896319,103.91598100994,87.6788504954604,84.7562382426711,103.253594838866,0.0869981291376711,0.12241915999962,0.0893750467234672,0.104765901855404,0.130094596052639,0.0877537136030741,0.12852211334958,0.109720726711989,0.106091460038161,0.127840084804651,0.0823627530256544,0.127024086773346,0.108783023806734,0.102017772820595,0.124552065740453,0.0868386529105465,0.128429398727181,0.108737757197611,0.105526338463275,0.127687271474961,0.0857226930449892,0.128045792676135,0.108263532083557,0.105287099304951,0.127221815378329,0.089454611214341,0.129394115164976,0.108280770902934,0.108164571252581,0.130534998871361,0.0875741637189147,0.12893599708632,0.108980417031016,0.105988613387824,0.128360870772563
gaussian,400,720,0.38268343236509,0.25,19.5485720326935,32.8415461131838,25.8189456837964,35.9402063803866,35.1564939513895,10.7486864662874,17.3784557935279,13.8760489232954,18.9239654921917,18.5330620932587,18.3086541596317,33.0330534664492,26.1884036958091,35.8733162050301,34.9835277842328,0.026822591801425,0.0420653939607194,0.0326789248566716,0.0456421001705735,0.0456256973576131,0.0195078420184133,0.0383956178462396,0.031891358558836,0.0377130931577703,0.0393073298491012,0.0176432325941374,0.0380075992759437,0.0304259919318688,0.039855655026908,0.0396063962197203,0.0240799391414885,0.0411213052826595,0.0323688398705611,0.0447410785902127,0.0437121272485437,0.0253375083604937,0.0418752364047999,0.0328011227287269,0.0455279180521588,0.0444094958910168,0.0254965680354595,0.0428567974375766,0.0343670188148361,0.0459741331844635,0.0447207537876762,0.0241393084371462,0.0410540662623052,0.032058019874979,0.0447911511327634,0.0438677496119199
gaussian,400,721,0.38268343236509,0.25,32.6529017764138,40.2057709537567,29.4551413584971,42.2628066566427,48.7234744364182,17.2842879503528,21.0512077226785,15.689390913041,22.0772638395631,25.2994663368724,31.3096640280056,40.7383059606083,30.0949268019683,42.3290384715893,48.8754010347949,0.0326523833540012,0.0520151986443464,0.0393188611685797,0.0505497971452403,0.0572539540245032,0.0428739442026177,0.051045764292314,0.0370399727479044,0.0536211773572762,0.0625818120488677,0.0423716478264315,0.051461383259739,0.0375195035028357,0.0543003614003431,0.0622421691528614,0.0406643947849532,0.0502701779723796,0.0366551377275131,0.0527462803388965,0.0608935935767268,0.0412225407080765,0.0506638217695266,0.0367084577316335,0.0529864033018875,0.0614312980909826,0.0430220217893455,0.045656027385834,0.0287477820307393,0.0516318815972307,0.0586405167169723,0.0409455628556492,0.0506631808969482,0.0370827465409595,0.0531446920100774,0.0613003042716981
gaussian,400,722,0.38268343236509,0.25,42.7696693868605,49.7559618336706,35.907099145545,54.9945478982174,57.7044683198097,22.3304157056741,25.8144806980187,18.9074082235286,28.4272964353923,29.7789802983582,40.145937931013,50.1112748457745,36.4866384966686,54.9553336322214,57.1117073143737,0.055722026713746,0.0610368845830663,0.0418596381898945,0.0667074519962424,0.0703974335314772,0.0532266713961023,0.061177239807532,0.0443396318751644,0.0652865071082702,0.0697649483702436,0.0524888356693329,0.0599631489576233,0.0421002873744929,0.0679090985995983,0.0699239930767655,0.0529355670537485,0.0628617351570359,0.0453013374110298,0.0691862552804387,0.0725361513377595,0.0532879200814009,0.0626987866942033,0.0455185480806092,0.0694930438363551,0.0722446294068706,0.0559199933545814,0.0635052164224222,0.0452356410521869,0.0706842161877659,0.074548510267316,0.0526363760974088,0.0621297852960222,0.0446723235446479,0.0685761355998624,0.071591740420935
gaussian,400,723,0.38268343236509,0.25,33.6719775010381,37.9203661777356,24.821969870548,51.9525159461677,52.2352873175691,17.7922802260857,19.9113823709138,13.3787560498986,26.9099781896692,27.0508265216241,32.201166985811,38.4696627332783,25.49923010435,52.077231836516,52.4986272226798,0.0445424373351107,0.0451757486613479,0.0260098799016196,0.0656802549036239,0.0652615993025883,0.0434466156406965,0.0477757576575737,0.0310655128089539,0.0658476969241556,0.065253440202445,0.0431643745811928,0.0488427226559983,0.0321940754472238,0.0657606359764495,0.0662845406864226,0.0429763042216421,0.0475758063825983,0.0303190079073873,0.065523856238321,0.0660253434740933,0.0418949812054603,0.0475623818263432,0.0309395797930176,0.0643759641537508,0.0652526215601408,0.0439094191529872,0.0494761659441702,0.0333310948243673,0.0651602835506707,0.067482604514529,0.0427802963334217,0.0477518568787077,0.0310757922701239,0.06503623951237,0.0658008287134965
gaussian,400,724,0.38268343236509,0.25,47.5615017798262,79.1941556990524,67.3469960465649,69.9966035276568,78.9418487517261,24.7198940028399,40.4967368321233,34.5880166778646,35.909663850808,40.371075146702,45.6731519978132,79.672030933529,68.0793735733364,69.7926078822454,78.6996369688796,0.0619309324685943,0.100623346862378,0.0860674400714359,0.0857230475578092,0.100948693116922,0.0578209332292685,0.098218873214305,0.0845023871969144,0.0861047219966625,0.0968755919513621,0.0584621967502905,0.0971572885824933,0.082512657444349,0.0847400794345603,0.0956895572203708,0.0599400928532875,0.0992613843918838,0.0844418341026859,0.0872112349684532,0.0987263876222494,0.0594226771084766,0.0985219352078287,0.0837475703875778,0.0861883448794744,0.0977880120683443,0.0593996913244997,0.0999645694976673,0.0846591400109635,0.0891860058246401,0.0980965594733602,0.0595313759605467,0.0991737266598986,0.0843296483757705,0.0871960702581498,0.0984423881335777
gaussian,400,725,0.38268343236509,0.25,22.9766643918959,29.9600803496065,22.8586280647755,28.1596421575438,32.2913961308725,12.4583270176027,15.9413814058922,12.3996099356907,15.0434477474845,17.1041522388768,21.9596435453781,30.15403982747,23.2100794675802,28.018702514013,32.1444626894664,0.0239307373491559,0.035271841199383,0.0268808687771635,0.0340215773825605,0.0349611440069877,0.0307562955152744,0.0391928449367846,0.0295507594622762,0.0373268910031768,0.0421893247264178,0.0274221865863666,0.0380471084031835,0.0297158707073411,0.0331504978762808,0.0396297120646412,0.0293627494754036,0.0377855120086416,0.0285123737796028,0.0356547337627234,0.0407875016578975,0.0284565145669248,0.038599380147837,0.0296179199441334,0.0356554152125914,0.0405496397727022,0.0232361210010145,0.0365464637937456,0.0272070420546485,0.0357528871137299,0.039343993892119,0.0286182040601257,0.0374740319287238,0.0283736637211781,0.035214314234985,0.0403089223872753
gaussian,400,726,0.38268343236509,0.25,48.0470058398391,46.7264477966974,32.4932526393197,46.6415875933479,55.8252783431775,24.962340887092,24.3035306895532,17.2046497944531,24.2613968023607,28.8417403772708,46.4475851697283,47.3958760914098,33.1779357271809,46.3829021341664,56.0623717428349,0.0623812813944572,0.0595183456416526,0.0393880297080215,0.0592207692787732,0.0721837802215,0.0614497772266599,0.0588986486680967,0.0399953677872546,0.0594397646508797,0.0710722780479708,0.0598704199302974,0.0587194154675841,0.0411242882051876,0.057736898672308,0.0700690099740835,0.0600513316341255,0.0585199898013135,0.0407516553003927,0.0580393476966084,0.069773005576889,0.0597983122770354,0.058470968631835,0.0405576056547136,0.0581698258608027,0.0693064429170888,0.0625582820560654,0.0608196078725171,0.0430445846089897,0.0605972533934244,0.0720903164353763,0.0599497115414736,0.0584330738843229,0.0407391048968102,0.057986919138609,0.0695415685637315
gaussian,400,727,0.38268343236509,0.25,33.881682716265,46.4836518302368,36.427507029012,45.7003741155976,50.9701401860937,17.8975575348817,24.1823417558508,19.166831872403,23.7918039825883,26.4202153679143,32.2844808313792,46.9633760061923,37.1225362018858,45.6811416721076,50.5026566667016,0.0408350962870923,0.0605884222948483,0.0477291159672997,0.0595163764910436,0.0654286918325243,0.0401956928186854,0.0596519042344695,0.0457584270013551,0.0593895919121749,0.0649583991795229,0.0416978389914075,0.0581020515805747,0.0459677651804737,0.057157490303757,0.0639363301347184,0.0423601360900893,0.0586011280315538,0.0458656092501847,0.0576672552523358,0.0641880520662001,0.0419002546195634,0.0584221225629594,0.0460427628175269,0.0567181252130768,0.0635829703862192,0.041799036416417,0.0581639781240738,0.045309020546823,0.0578730093945728,0.0639406796741437,0.0418583878806947,0.0585107492693557,0.0459777734336936,0.0572811154446892,0.0636745676936091
gaussian,400,728,0.38268343236509,0.25,39.4964019829406,55.9553296742979,44.0697001846244,56.9976595109876,61.4855365578248,20.6978347823193,28.9063525821517,22.9784731562462,29.4262849401487,31.6646940730602,37.1097702160961,56.3184382425395,44.7560966250938,57.0333656638119,60.7548085718463,0.0518616632344378,0.0690648718458655,0.0505124258593688,0.0723888804880294,0.0773765706129869,0.0457371315832937,0.0667548384344197,0.0526939495353981,0.0673522489675046,0.0732153103435871,0.0482189774474178,0.0712562150511236,0.0566446780041073,0.0722948557676293,0.0773151376993749,0.0487823970541464,0.070192578412859,0.0555164669620669,0.0705932106776022,0.0765377474452532,0.0479797038838438,0.069370005755339,0.0546464462750773,0.0708395938098568,0.0753504769036711,0.0468413147840628,0.0612541131020282,0.0458599284080254,0.0671202964945723,0.06747028878308,0.0488450594685545,0.0699710935513961,0.0550003608935609,0.0710899398775036,0.0765203125534504
gaussian,400,729,0.38268343236509,0.25,54.3781033579665,49.6209192809318,31.6087195596421,60.140757664963,66.7858409055612,28.1198016561206,25.7470391450273,16.7635159167196,30.9938699325195,34.3081323159356,52.3538695031672,50.4005417384157,32.338771511524,60.2569960524062,66.9993699665342,0.0686137493343979,0.0550014731740001,0.0282533425841779,0.065787101331201,0.0831491228735211,0.0701510922724574,0.0623536002859209,0.0394860290515222,0.0749364176188343,0.0838095679755794,0.0682774413505342,0.0628801585663605,0.0400388520549387,0.0759293858712158,0.0841451403603821,0.0687542046931414,0.0626997500194508,0.0399028433663765,0.0757619550323026,0.0842797948252996,0.0666481202221516,0.06169386737617,0.0391839722874507,0.0747635741888003,0.0826241926663209,0.0702737427203386,0.0587534485930634,0.0334575527377988,0.0720442658938992,0.0841843910969954,0.0681471527003273,0.0624034467268518,0.0397457895341911,0.0755158844527567,0.0837427823667755
gaussian,400,730,0.38268343236509,0.25,36.7651904434268,62.8782858413798,53.687330605042,58.05016564697,67.2699913489791,19.3351292347132,32.3591087056871,27.7752519583508,29.9512034513931,34.5494718655783,35.6438433558205,63.4767367887399,54.4641280112241,58.0794632861012,67.4672671107964,0.0479836074344092,0.0810894093339794,0.0696091538753075,0.0748729582186383,0.0858234821555002,0.0465245290866461,0.0800673080726969,0.068813286396445,0.0731821029555246,0.0853028640543622,0.0464236687016719,0.0802604480973362,0.0683090705766639,0.0739262515110898,0.0854047102975418,0.0462105888007629,0.0794635039604836,0.0679866645679321,0.0728473751280139,0.0845878380610371,0.0473519672880567,0.0784487168911469,0.0654677039116498,0.0732179520586212,0.0848438805106223,0.0474083221020015,0.0781895152492177,0.0664139818313061,0.0739204440617619,0.0834364155843096,0.04664302041185,0.0788610766445689,0.0670523632773476,0.0725278699073002,0.0844157787884398
gaussian,400,731,0.38268343236509,0.25,32.8423147222421,55.5614306002576,46.6646778857579,49.677654007959,59.3880415465298,17.3787318852709,28.7097878111775,24.2726180529754,25.77538837438,30.6183429093921,31.4751920137848,56.0092921164372,47.273101103365,49.7701617833902,59.319515071073,0.0430944836747429,0.0701070009932158,0.0602538677075791,0.0577233294978668,0.0728442599062588,0.0386046177327217,0.0674496831063119,0.0565233784650388,0.058195826465912,0.0720243117628222,0.0422078990904392,0.0707332463853147,0.0594675751601034,0.0627293413429532,0.0754098885818007,0.0410054160147644,0.0701766912044785,0.0590406657174383,0.0620350299766738,0.0746085486750267,0.0407953220504564,0.0703668203043004,0.0594161206150928,0.0626689508345893,0.0749208520631105,0.0433082594037005,0.0714119564482424,0.0597137962370266,0.063118686968432,0.076276790885033,0.0413062872706164,0.0701114382655351,0.0588188052650738,0.0623855126819476,0.0747849088087707
gaussian,400,732,0.38268343236509,0.25,26.8360142714949,33.3438973795742,22.0811077294391,48.7762124321227,46.7792681534069,14.3831784682423,17.6287341893893,12.0115095920501,25.3257211139738,24.3297713850715,25.0205940734276,33.977541036001,23.0502148241207,49.0213170722011,46.5507063607267,0.0336708143227668,0.043875609306938,0.0300117351825485,0.0609430843281448,0.0589498718898508,0.035485096774463,0.0421603360972023,0.0281173204392347,0.0612090443928705,0.0592681256838215,0.0325924670104165,0.0404533282022093,0.0262474168805611,0.0597720003707847,0.0572044425951355,0.0336398966889383,0.0420846756331128,0.0278946271049069,0.0612569822235957,0.0585726543432647,0.0335450989025005,0.0423001778424204,0.0279807026004003,0.0614636291589999,0.0585650573039556,0.0357352060130657,0.0429736574132983,0.0286420518229211,0.0621434620718236,0.0606717216742283,0.0333193212615308,0.0421761315339219,0.0279302318052937,0.0611584558174651,0.0585290063472316
gaussian,400,733,0.38268343236509,0.25,36.3126374672458,36.1888941721131,25.0560534309236,37.0752789319054,43.3940948541744,19.1098431526469,19.0479375631113,13.4954227057336,19.4900694175975,22.6417061281937,35.3427822453486,36.7800771589117,25.6192355280726,37.0023977053592,43.5531052018729,0.0455217338577498,0.0477212604657693,0.0336212091784073,0.0470664390461911,0.0547299297418949,0.0455230237912185,0.0448730751612322,0.031300925870271,0.0470445524085748,0.0543487306821229,0.0446583814105563,0.0443850829835129,0.0312007548819576,0.0446003350895923,0.0525694072657107,0.0454323331753931,0.0452280641948561,0.0311208783135639,0.0464790021746687,0.0540565192358196,0.0462774120742128,0.0469304480692497,0.032635396603958,0.047593342020789,0.0558233913479326,0.0403244637251998,0.0439956914046591,0.0319054564036855,0.0421516792700288,0.0506782602056639,0.0448527415301989,0.0450232542302341,0.0310797367197156,0.0460444939783947,0.0536142503648797
gaussian,400,734,0.38268343236509,0.25,50.6377525159723,74.7494771824115,60.4612626796626,75.7978146722799,84.4930773135429,26.2543120232194,38.2798185036737,31.153694612355,38.8027980970847,43.1394971661218,48.1008744033767,75.3446532240092,61.3681425745117,75.9014373832089,84.1064496987719,0.0652958711472971,0.0896505086587322,0.0717628748111721,0.0917683842273803,0.105728826703995,0.0632056308283322,0.0949810557201817,0.0775238548432546,0.096804303369473,0.106729103044413,0.0626247737336265,0.0935075273352448,0.0760253428262676,0.0934306507623572,0.104815452948838,0.0633956504968232,0.0939500003601368,0.0760067733625828,0.0949736040553349,0.105819813966713,0.0626675029423679,0.0939372356976022,0.0756714624743558,0.0951080874080467,0.105832560647185,0.0651118146264324,0.0937085309486753,0.0744842581712064,0.0961875734134118,0.106298536517415,0.0634173192679974,0.0938572436333723,0.0756544764110774,0.0949310428567677,0.10602722221475
gaussian,400,735,0.38268343236509,0.25,55.4739440848136,51.8687619280219,34.0135737453052,61.3227875511891,65.5985244723836,28.6665548263675,26.8682810517172,17.9631189924692,31.5834351133495,33.7160475778468,53.8955328875905,52.5641520318691,34.5549657292129,61.3916517446126,65.8267368961722,0.068768898303008,0.063453524825231,0.0403212083701142,0.0769072263785458,0.0817621117769052,0.0658734198040704,0.0630314740481633,0.0426360176968449,0.0721497686096862,0.0766876868268422,0.0687366666547011,0.0642685173686543,0.0418202513373999,0.0764442618762563,0.0817542799111263,0.0694177893899931,0.0655996662657333,0.0429345084856365,0.0775494238918238,0.082608534270531,0.06785300910233,0.0644087450749541,0.0414481494717017,0.0765079958324021,0.0816085277764955,0.0702451158139347,0.0629578766542733,0.0388462474652022,0.0765112271284549,0.0817715686750785,0.069133661774893,0.0647583252010646,0.0421651621372535,0.0766822647364805,0.0818889461754405
gaussian,400,736,0.38268343236509,0.25,40.319475190613,22.8430040065721,10.408173902246,32.5111444985137,36.8689908647387,21.1081492154835,12.3917630130268,6.18998379014406,17.2136495468428,19.3871017497918,39.6299585928577,23.3717851185462,10.6316003719366,32.5667124367757,37.5113237072401,0.0520555993563993,0.0286289408551035,0.01433892211286,0.0402134409629637,0.0456632154061974,0.0474733149598833,0.0239081570003332,0.00956374197915198,0.0353669036531315,0.0401010895691269,0.049922392140974,0.0289601839030596,0.0129855341633562,0.0402220879302899,0.0459511116119049,0.0508972308062171,0.0286822030856209,0.0128603747817145,0.0408080845994946,0.0463684973439786,0.0504104464237423,0.0292247812168303,0.0130321030780638,0.0415485844391624,0.0469210607516325,0.0516754520321553,0.0288160202560647,0.0124254753327789,0.0422527055658432,0.0473614609511971,0.0504278388480123,0.0285963374366956,0.012920535395007,0.0408935758252453,0.0464022680162886
gaussian,400,737,0.38268343236509,0.25,39.9242243534807,43.0385571138918,30.5585638184659,43.0659508316436,52.4545074122994,20.9107812840065,22.4641313941268,16.2398213221496,22.4778350318435,27.1603232794502,38.4836625974296,43.537763164354,31.0043271477915,43.1237973374966,52.7120199150798,0.0505958098031352,0.0481161653524032,0.0337858885451217,0.0498276649887111,0.0616614122339614,0.0505477874947418,0.0549837310257834,0.0397582449076467,0.0548725272128575,0.0662124877111456,0.0492306544481692,0.0529890803036014,0.0371184338166315,0.0530424969808394,0.0655544884700308,0.0500247285273287,0.0536876691264171,0.0377577999915816,0.0534040801185039,0.0654202066915878,0.0505261560701813,0.053474958864883,0.0374782366192671,0.0537195808557764,0.0652810812342606,0.048148805938642,0.048288213253333,0.0336355258408336,0.0486073093904396,0.0625394505466208,0.0502565898212361,0.0541771066073371,0.0384342147898622,0.0541576324766903,0.065960177147725
gaussian,400,738,0.38268343236509,0.25,34.8274446610722,43.4554861638344,31.6927428401654,49.7034306470438,48.6870079109271,18.3690299812216,22.6722723052913,16.8057526028089,25.7884305012113,25.2815161196923,33.0381337072874,43.6917829637279,32.0510381440463,49.5456670948764,48.3588893702609,0.0422451522428693,0.0528005724590543,0.0269479288308443,0.0642982334930907,0.0633586256778315,0.0435662961916012,0.0559113858290046,0.0397800229371832,0.0635345585574904,0.0621097039486376,0.0414975965705815,0.0551431649232585,0.0405543104095145,0.0617142246484367,0.0611068000667945,0.0427394709870288,0.0533848872971292,0.0386567904866938,0.0614056832836347,0.0598165823904907,0.0437335879126929,0.053395774271481,0.0379299689617834,0.0619799510719512,0.0602979390672834,0.041014441251364,0.0544536886063556,0.0403353181613262,0.0597739099256846,0.0590695083460414,0.0431786315429316,0.0541346926488361,0.0390051025606983,0.0619509813648783,0.0605073957850035
gaussian,400,739,0.38268343236509,0.25,60.5147931486923,49.6716355037406,30.5177899366226,58.7442805054348,67.9113438262063,31.1805031395232,25.7723849373761,16.2194942267333,30.2973440024969,34.8694410015649,58.8288437032285,50.5671205730289,31.14484318183,58.9083150339068,68.5664532134109,0.0779407301143661,0.0639306619142482,0.0402049283213886,0.0759295084861002,0.0864842264106059,0.0742368181515243,0.0634505561606723,0.0396522526359663,0.0735102572363576,0.0853036203736972,0.0752101943716181,0.0628534372518301,0.0394832656287029,0.0724608049171656,0.0850547698354526,0.0749520044952516,0.0621270868673098,0.0381098521503029,0.0734618625908669,0.0847067412155744,0.0763444953901679,0.0621757083436121,0.0374888562563299,0.0741156853403551,0.0853846359517469,0.0740771442132958,0.0597159157175866,0.0362659683749361,0.0679749976941559,0.0804453004967709,0.0757062477065162,0.0621075035977108,0.0378390036548623,0.0734924887640744,0.084942464218081
gaussian,400,740,0.38268343236509,0.25,34.70653128355,57.9465821050367,48.2327222445807,54.1355629226497,62.7510535242519,18.3084359896725,29.8994124282827,25.054767308253,27.9987713112546,32.2956112888975,33.0717311217329,58.3533269758198,48.8522175579159,54.2196031103442,62.6610530388443,0.045881103744192,0.0740879533685745,0.0611396887621084,0.0701661982123191,0.0809385013775778,0.0432966783305555,0.0742336447213641,0.0623905668271745,0.0685441432768673,0.0791570117463612,0.0439305763494889,0.0736775726278102,0.0610987920974842,0.0687804524025796,0.0794258459685724,0.0442654524383006,0.0733761583738973,0.0609112903660303,0.0685452599185796,0.0795521082324961,0.0436635468489519,0.0729207124337706,0.0605303054734619,0.0680025148602872,0.0787996574869285,0.0351356188234099,0.0652242171983208,0.0560582194323878,0.0570249478674746,0.07240171240115,0.0437164207431442,0.0725741635447257,0.0601611051247568,0.0676087521361683,0.0786709791679969
gaussian,400,741,0.38268343236509,0.25,49.3699394921621,40.0727394659743,24.5460176304139,47.6767796452973,51.9326370417705,25.6221756790304,20.9849813516572,13.2409376151738,24.7776064696551,26.9004481527337,48.1371889906647,40.8540953410514,25.2744000010541,47.5823927435929,51.8995235820918,0.0567008641244749,0.0519564019688635,0.0330508554078812,0.0617581717525041,0.0652017511977153,0.0592544500689772,0.0517491238876736,0.0323386325477363,0.0589574614801922,0.0649558930485043,0.0617375579634419,0.0507117304086913,0.0317607166297984,0.0598826035150609,0.0642677854520883,0.0607335819124181,0.049988489944069,0.0308519136306644,0.0591268070811037,0.0635580872664824,0.0620999421031468,0.051086812192318,0.0317642446467741,0.0605503260177261,0.0651144434250533,0.0617282959978876,0.049799696148413,0.0302132248286366,0.0599385247742301,0.0628904588701364,0.0613930810646981,0.0503312425776565,0.0310410244430679,0.0595360836325154,0.0644479966181209
gaussian,400,742,0.38268343236509,0.25,59.6929688640643,73.9266257665956,54.9045432076563,82.2697039543389,83.1245793314114,30.7706022961606,37.8696382722712,28.3825166998405,42.0307701326576,42.4573500538104,56.8042554123651,74.4689409085623,55.6017738290088,82.2337753869562,82.7342468051441,0.0717801208410794,0.084794191094479,0.0592001049711097,0.100237024382109,0.0936549702803828,0.0732772609324191,0.0931969703910317,0.0687520248841221,0.100855152250889,0.104093862791681,0.0731425671082549,0.0937316917335349,0.0696396588189874,0.10344747158034,0.103838300377639,0.0751921991485637,0.0927208770560121,0.0686390696882048,0.102873726895997,0.103744555780221,0.0742053426730232,0.0913483388937886,0.0673093051267058,0.102183853024665,0.102527130432472,0.0760299429407953,0.0947148083518423,0.0706865066996688,0.105206613131459,0.106172903246137,0.0744126653974704,0.092466857839266,0.0684754913931681,0.102838360125563,0.103469207200978
gaussian,400,743,0.38268343236509,0.25,60.0137558325768,84.6430699244075,69.4256386914814,71.26270317488,85.8314741465975,30.9305298191961,43.2144679529721,35.6249081726933,36.5410389683324,43.8072140947684,57.8271030901041,85.0350831876037,69.7814804504248,71.1921188468342,85.6304712355016,0.0723526056095185,0.106708210674801,0.0889514062947127,0.090126936862764,0.106304555456359,0.0769058136988728,0.106382419453638,0.0866103889469263,0.0905931943587161,0.108784170762238,0.0760539746092406,0.105890284502228,0.0859900889726776,0.0892475015191713,0.108042699303081,0.0751891391254297,0.10586690621475,0.0864666559885686,0.0890372286663379,0.107253639995248,0.0756939218675511,0.10661689222821,0.0873254566377398,0.0897296650909764,0.108289009712619,0.0756494561045281,0.107977797938815,0.0888781205950284,0.091460200213493,0.107539976835644,0.0753508546311791,0.105986510057682,0.0866247555468584,0.0893044818666375,0.107507530021603
gaussian,400,744,0.38268343236509,0.25,54.2035473143751,59.5323540607731,44.7601586643086,53.3374717966324,66.8249315217275,28.0331233828763,30.6904479315386,23.3228234375061,27.6008196718207,34.3277600336169,51.5857874723473,59.978789371149,45.3221400772275,53.2745485932523,66.3252839967901,0.0567206699484039,0.06454107896094,0.0503406628409991,0.0563612995910933,0.0724668810001865,0.0686290946592932,0.0724294587579529,0.0534341742498439,0.064074100074027,0.083831469631239,0.0649065011088591,0.0728436888571102,0.0546043476074764,0.06525158184583,0.0813369841072045,0.066903864635893,0.0740629673582782,0.0556620767843644,0.0661981233128715,0.0829579673362988,0.0662088523972142,0.0748381274814668,0.0562541128267432,0.0667103322299456,0.0833602695178408,0.0701360561017533,0.0751536931766497,0.0559957143233914,0.0678138326381088,0.0851888287388634,0.0668789213540844,0.0744695343901063,0.0558660930686441,0.066624170135498,0.0833644678047279
gaussian,400,745,0.38268343236509,0.25,43.5221245193144,65.1104687743297,52.6878146353195,57.93251942258,67.0022646428695,22.7054238735659,33.4724739867773,27.2766915778642,29.8926222278366,34.4161248422753,41.9347618832636,65.5535770528494,53.1792361945994,57.8642865953338,66.9211408632579,0.0460067278236472,0.0745266913269723,0.0626688867778337,0.0659819451550979,0.0781708139223181,0.0512017717441555,0.0791919125374849,0.0646222776122897,0.0695830260741473,0.0806988712404528,0.0544681600821433,0.0810262704695151,0.0656556883626272,0.0726781291730959,0.0839089481122987,0.0545609730680832,0.0818847147801691,0.0661767661657783,0.0727391365041128,0.0839354474783133,0.0540285064787987,0.0815182376183267,0.0664541495773046,0.0716060029341933,0.0831699302650735,0.0567589011328961,0.082218493496623,0.0648983343809537,0.0744007109012428,0.0856605556525292,0.0545285056478647,0.0817919590949403,0.0661807533677667,0.0725013396070427,0.0839443527531073
gaussian,400,746,0.38268343236509,0.25,57.173603058423,65.0335391075538,47.6617150632408,68.7229441651948,73.6316992021764,29.5144170008037,33.4342091439201,24.77007493196,35.2743204076451,37.7226732226195,55.0184527068732,65.5897159160094,48.2390845784355,68.6988170918404,73.2253017043892,0.0676456735206223,0.065962079579563,0.0402480672065218,0.0800712843318884,0.0791510603500548,0.0673726539599433,0.0801585069223454,0.0592694252510333,0.0853239345756527,0.089412506178042,0.0726220161975716,0.0826384643242105,0.0613125678244658,0.0861493708639443,0.0932734758838726,0.0707125528684303,0.0814574125826605,0.059769762024413,0.0859236532150124,0.0915830003078543,0.0714049901715724,0.0807198435872258,0.0580710961654317,0.0859014022138932,0.0926591767640766,0.0698396553249443,0.0808578167612304,0.0603396898483965,0.0855189014982486,0.0895834466842694,0.0708587255661032,0.0812015965863896,0.0593119014920832,0.0858252984919613,0.0917806172113055
gaussian,400,747,0.38268343236509,0.25,49.519343505378,58.6438361258423,42.8364025721918,60.3190045294747,67.118964401771,25.6964385411961,30.2473017339741,22.3634594923933,31.0827975964136,34.4742992552873,47.8089716122346,59.1870587315625,43.3538485449172,60.3819059684031,67.2308595758813,0.0609505136511556,0.0674322950711255,0.0468966619910633,0.0638863725833267,0.0811849701213957,0.0613640462505471,0.0730782025882513,0.0538069344186282,0.0732089262559636,0.0826719185937064,0.0632772982140536,0.0745799900931795,0.0540687870587144,0.0771001268706905,0.0855357478782848,0.0613564095132712,0.0733430714047533,0.0535495799931142,0.0751092808166829,0.0837710871100261,0.0621910088890325,0.0739436947101419,0.0544372560620794,0.0755763329487192,0.0841448858994784,0.0639248763724068,0.075466385492817,0.0559496702218378,0.0774655731740866,0.0856507637999962,0.06216337340645,0.0734357391026253,0.0533314678435528,0.0755895422478322,0.0841552429327694
gaussian,400,748,0.38268343236509,0.25,47.4497790155983,59.0201500669794,44.9710873405017,58.1632093925769,64.3162572553227,24.6645034783281,30.4350033647983,23.4280430922994,30.0077171396109,33.0766168707022,45.6663828882502,59.5525953645579,45.5775363781626,58.036098473147,64.1997399262683,0.0553627254835729,0.0750679867495644,0.0561149939472024,0.074371266017571,0.0828019575110389,0.0585331608827993,0.0740021014842119,0.056202318292623,0.0737737128957308,0.0810784625732538,0.0583549754850405,0.0729716824727496,0.055455598239313,0.0715579293434126,0.0793795979265342,0.0582446138119639,0.0736797268990989,0.0561615868136056,0.0725493190786546,0.0799410436851526,0.058196488014209,0.0733695692789938,0.0559355282243381,0.0723512444599192,0.0795819676889919,0.0548754091466512,0.0761503154083965,0.0573785775283238,0.0717290928447996,0.0827436600975817,0.05889366624157,0.073530327744133,0.0559506312468528,0.0722085642092073,0.0798074878243029
gaussian,400,749,0.38268343236509,0.25,50.6466855275721,67.3717383858918,54.2548805059012,60.0463246126762,71.7687976689057,26.258605831549,34.6004099771479,28.0585367783726,30.9468610810987,36.7934181629875,49.8663964675032,68.0108045271475,54.7563585493363,59.9620225051106,72.2554734194518,0.0627574738716811,0.086606021221059,0.0699818651592017,0.0775254421466063,0.0920119467616517,0.0597116076778676,0.0804317967007223,0.0650209755559164,0.0711177613643484,0.0853429796371321,0.0622182184351851,0.084380493432347,0.0685808823176316,0.0735276128125341,0.0884842135415892,0.0643221700039384,0.0843170369325882,0.0671206899600854,0.0755448753828517,0.0901858708045665,0.0621478499249514,0.0825500905212806,0.0657607078870887,0.0740034444937081,0.087734497943162,0.0651627196245797,0.0860999118502275,0.0692362040501959,0.0774626038271636,0.0920842498912491,0.0637831966373862,0.0842138046116409,0.0674139207943312,0.0751458153549042,0.0897759252058439
gaussian,400,750,0.38268343236509,0.25,38.7604976313488,59.013204469656,45.7838321876137,73.0147567192453,69.1516621075988,20.33060252066,30.4314458725815,23.833490796077,37.4147935439656,35.4880289602722,36.2378537054108,59.4157832733441,46.6983002231798,73.0804060350427,68.586511903633,0.049691085526423,0.0750023447265666,0.0568920645168416,0.0932828007543417,0.0885095597658066,0.0474284734735991,0.0740878118489712,0.05786593021242,0.0897248897084619,0.0853771963798048,0.0479248421294595,0.0732923962813357,0.0560444526418602,0.0919636810740852,0.0865760251542738,0.0484817032323683,0.0739007884939003,0.0568832510637374,0.0912108395988764,0.086653115235834,0.0467277821187962,0.0730605980207118,0.0565966252299986,0.0898685845433647,0.0849713009903979,0.0494755265981177,0.0723901280414155,0.0558884789119816,0.0898371114461,0.0852278235561149,0.0483495955428164,0.074060668883898,0.0570309633934101,0.0915124024697211,0.0866444261051012
gaussian,400,751,0.38268343236509,0.25,42.9549183040107,44.3724805250061,31.4079380755382,46.7265988861703,52.1159670949892,22.42286044541,23.1295349885721,16.6634712529705,24.3037306112515,26.9917031318229,41.3796471101832,44.8925783166801,32.0083569137097,46.5626928687991,52.0768561171107,0.0547249298748466,0.0462363548393214,0.0259417404487466,0.0539207892018517,0.0594462473517414,0.0488320003762015,0.0549429540452857,0.0398163755728961,0.0564067649863593,0.0608641425851442,0.0546764209884077,0.05560807059124,0.0386165751694388,0.0592092906439083,0.0657590835110343,0.0525523871232847,0.0557579984636535,0.0396155927757475,0.0584016254171906,0.0650621025163587,0.0521291699412167,0.0558321745862565,0.0398628843312875,0.0581398345618621,0.0649581771796649,0.0557035021380557,0.0577161316414064,0.0414028869082092,0.0603968932695212,0.0674325251589,0.0531467493073627,0.0555766475199091,0.0393137140123307,0.0583399271927811,0.065048366048705
gaussian,400,752,0.38268343236509,0.25,34.0918890309606,31.3184344306408,19.7583893924345,37.9614904546831,42.9672963112347,18.0019552083657,16.6187280845907,10.853263198646,19.9319512457206,22.42863543017,32.7934013080451,31.855887894356,20.2602581310966,38.084135050722,43.1761328187487,0.041240986209171,0.0392591648732611,0.0260847652915197,0.0460013816143252,0.0518700046357252,0.044157421796215,0.0406637995479909,0.0265781199596557,0.0493981628671477,0.0544529649695056,0.0401592587460751,0.0395669967901393,0.0252234433483179,0.0468347196868635,0.0529088185688304,0.04277771183193,0.0391560037231653,0.0245390781788984,0.0474927631322307,0.0536153444243459,0.0431466279692736,0.0395328143021257,0.02537623637679,0.0471355725273443,0.0537052462521276,0.0440897776215692,0.039978524849405,0.0245595289938916,0.0487211141844762,0.0547967599168762,0.0428329195319698,0.0394603627851719,0.0248925431157461,0.0476797253162018,0.0538427617384265
gaussian,400,753,0.38268343236509,0.25,47.0750042025377,88.4365766714204,78.3870237956574,73.8419902620901,80.767771137128,24.4778673974896,45.1064400434725,40.0942391872053,37.8275308442364,41.2819740803345,43.5706838380931,88.4320494778842,78.9418904585471,73.6533157485091,79.249720906587,0.0611722704459886,0.11265620213382,0.0998022589264842,0.0947845430824275,0.103455260083323,0.0589954278986057,0.110669928007494,0.0978507578004586,0.0904270074108727,0.101277304284367,0.0568721655396421,0.110509521913266,0.0984342773705537,0.0924297443645446,0.0998580643366921,0.0582926457625303,0.110979954384808,0.0982591634251829,0.0925949212463189,0.101005076491854,0.0571991615600468,0.109640752118799,0.0969287301284677,0.0917310097399094,0.0993097413484981,0.0594844238069782,0.110189002019165,0.0969469187843558,0.0932985270382319,0.100661571771038,0.0576722782109201,0.110511023308217,0.0980316868278606,0.0919530667398116,0.100167927411393
gaussian,400,754,0.38268343236509,0.25,20.7901082659765,32.8954120236125,26.2070918010313,29.2139028996037,35.1693266308021,11.3678635061643,17.405152109267,14.0693638949842,15.5691352711364,18.539384719333,19.2207236992966,33.0864799315205,26.5954088171243,29.2777444086504,34.7395008215426,0.0032368015814407,0.0428399961169087,0.0349215206428612,0.0340198972197176,0.0416044627208361,0.0258428938643425,0.0427943192584175,0.0344308808686927,0.036885121885152,0.0448003976899617,0.0273051695766588,0.0428147594462365,0.0344967127555086,0.0380821840220093,0.0454750257122483,0.0260141177031023,0.0412216205598775,0.0326770355445586,0.0362702487587747,0.0439235688135096,0.0257926144853,0.0420687012035806,0.0339784799097822,0.0370814424928276,0.0444347327616594,0.0171117105404792,0.0392095138905565,0.0317168743555132,0.0328844432034393,0.0398515998283249,0.0259592505925686,0.0415658810392232,0.0331747629015449,0.0366792366288087,0.0441739673847103
gaussian,400,755,0.38268343236509,0.25,24.8659034378305,50.0962932143734,43.0415454718315,47.891047913544,48.5569959183429,13.400503569627,25.9842560239385,22.4659063395632,24.8843762687173,25.2165501742055,23.4144349069339,50.189441704161,43.42290642687,47.9097464023227,48.1235251925183,0.0325820052640227,0.0585125800287216,0.0466389165639292,0.0603355234628992,0.0578431401142393,0.0314516541864033,0.0646720253994498,0.0551849274263565,0.0620813802914021,0.0624255696061751,0.0288039078531707,0.0601913978766688,0.0516432042379067,0.0575792106442843,0.0568399354885608,0.031654157686812,0.0626895180862687,0.0532866575513626,0.0601000634303923,0.0610412477047098,0.0308641252753802,0.061883636684146,0.0530113656623575,0.0596326877031212,0.0597472354957195,0.0297846589515032,0.0636323994516733,0.0560371249373252,0.0580593684978127,0.0590476949044845,0.0315903999297477,0.0627034246837322,0.0535165669017064,0.0599791730306016,0.0607781141607454
gaussian,400,756,0.38268343236509,0.25,45.8683747128552,61.076337104376,46.7478072936411,64.3161653177032,69.9812050769755,23.8755377982819,31.460458162619,24.3142094512008,33.0764300196354,35.901777922283,43.5913616729991,61.5387130920284,47.4846526762566,64.2852784187551,69.7558194127039,0.0595469330589499,0.078814244845726,0.0608581779104371,0.0820868634228119,0.0899439561361594,0.0585839257742161,0.0775283976739124,0.0592359473506425,0.0818588877994625,0.0885462441883877,0.0586805289464585,0.0771926379750392,0.0586968827189595,0.0813301706178614,0.0881131031011461,0.0579396085833183,0.0765129271715546,0.0581990514554578,0.0805283604801486,0.0877668246814901,0.0580500814791909,0.0771406532151077,0.0592649208724764,0.080671916307839,0.0880998109648218,0.0513014926647817,0.0700280510581329,0.0529433509745113,0.0739254363861702,0.0822851797000373,0.0575793279506024,0.0765665781688703,0.058426831686061,0.0804514608364734,0.0876398380940386
gaussian,400,757,0.38268343236509,0.25,54.3281179684038,51.5455477526013,33.0569046515597,64.9152388749327,70.6745904776327,28.0947754227879,26.706956764851,17.4859548794935,33.3750104255145,36.2474730916975,52.1067775161917,52.2949472960452,33.7194970820917,65.2089580522203,71.0623496644307,0.0672961607465523,0.0655576441640028,0.0384721349374247,0.0834766805416318,0.0907079881284292,0.0683213213973257,0.0635306956771807,0.0395084158390126,0.080876508958526,0.0880624682423433,0.0664424371371938,0.0641331879632358,0.041315471300645,0.0797259956937762,0.0871363261926554,0.0687871969157647,0.0645353045564429,0.0407566673635463,0.0818377639113951,0.0889856350431286,0.0691324507232922,0.0651115751692194,0.041454471848438,0.0816680851769958,0.0894389715163302,0.0648994171796981,0.0632904797681214,0.0372157239473462,0.080471527251515,0.0882923413859392,0.0683999644995528,0.0648496297099011,0.0412789578787085,0.0816718539463442,0.0889956563977505
gaussian,400,758,0.38268343236509,0.25,34.6392971619765,33.1401069587085,20.2231210609748,46.3121334506196,42.6508878662018,18.2754039635493,17.5273817651971,11.0850656967768,24.0969918516946,22.2711281122346,32.0042485958328,33.424409011835,20.8536517445887,46.2217890850216,41.8162214700075,0.029727729015493,0.0325610617045937,0.0205633142021992,0.0426422588551055,0.0429991027977285,0.0423708048598287,0.0418402311864332,0.0265094332964404,0.0582097687006844,0.0518405421596759,0.0424490536182483,0.0416182738405073,0.0260195683967712,0.0581216395986181,0.0532333742815327,0.043004160131921,0.0421084902793341,0.0258720378353452,0.0579311103826461,0.0532624719452663,0.0428417746738534,0.0418789555155984,0.0259400887710436,0.0576592425651208,0.0533506345785403,0.0246183015600406,0.0430166219688388,0.026467146051038,0.0519530346990895,0.0491031129685239,0.0428982271027515,0.0414998545685521,0.0253337308298278,0.0578786180486606,0.0530036128733545
gaussian,400,759,0.38268343236509,0.25,34.6377879176096,50.8597076546729,39.2136575825552,57.4814545346657,58.2632843257498,18.2743628506171,26.3648765355195,20.5564750380401,29.6676494658184,30.0575027715159,32.4581492099715,51.2501343868305,40.0492241323072,57.4152698759373,57.8774889329151,0.0453143909629251,0.0651615218824496,0.0513271139713349,0.0727901575874627,0.0741842347111226,0.0446501140279211,0.0642570361429471,0.0482453485262206,0.0737897160407397,0.0742938550439915,0.044483042914888,0.0648548321548922,0.0496176870399082,0.0725586297505888,0.0741718654417168,0.0420977153413265,0.0636158949931651,0.0490987167024831,0.070947401396684,0.0722322230187166,0.0437531654946352,0.0639183253487455,0.0492780038466421,0.0719961937235977,0.0731634795602471,0.0412133410696626,0.0651825070399777,0.0507315562275084,0.0692853828789606,0.0722211938585902,0.0431550420070018,0.0638372868489705,0.0492008920230964,0.0716311619253034,0.0728729987876762
gaussian,400,760,0.38268343236509,0.25,49.8628193415027,73.3008663202065,57.9415037292788,75.5883189904465,77.1975723302504,25.8677248862988,37.5575057021793,29.8971889093229,38.6983898167808,39.5011497446494,47.4140162584584,73.6487521572666,58.4812437275238,75.6178054296332,76.6959145251249,0.0638475085824806,0.0933409183883749,0.073970583252484,0.095929576980651,0.0973506770000074,0.0635646479853208,0.0936134102463995,0.0748568619209584,0.09603515860374,0.0975748594886895,0.0626139495045432,0.0921377587525066,0.0726715606162239,0.0949298672455228,0.0967112138869229,0.062878862620217,0.0918785110391924,0.0724032925917731,0.0947296547581274,0.096432803447362,0.0624379798306117,0.0915882332543502,0.072466971452403,0.0944538479834448,0.0960557524484028,0.0615054475099941,0.0926458123611112,0.0739252588459227,0.0948969411204037,0.0972907640513213,0.0628561569925545,0.0916991580625676,0.0720050939638958,0.0947207108297289,0.0963848676514247
gaussian,400,761,0.38268343236509,0.25,29.8691164185948,35.4342181814859,25.1786344157702,40.6027687210891,42.4362485767748,15.8959939992205,18.6716161910725,13.5568227311606,21.2493974846382,22.1637587213208,28.5688007217901,35.7608460224697,25.5589573629249,40.5589025858363,42.621835471535,0.0383462684074957,0.0405587402863015,0.0218790037264341,0.0515938614117988,0.0545650158733728,0.0385382400260007,0.0408671051820727,0.0243673895198265,0.0484467211682804,0.0521707378098385,0.0368193699421417,0.0436832563070911,0.0303045802927751,0.0498670187459259,0.0520238507733617,0.0371493576575187,0.0442372077221371,0.0310084261701904,0.0506837949822087,0.0530559938224522,0.0359868350649844,0.0426763476369942,0.0301525224864613,0.0484603262966306,0.0509979943071133,0.0352092434807329,0.0453261376090176,0.0336391110905557,0.0493880701439893,0.0504000157850828,0.0372791672917076,0.0445670253820787,0.0314454923520582,0.0508447195284072,0.053417467607894
gaussian,400,762,0.38268343236509,0.25,49.5788790193009,55.9994477309085,40.1691085493151,62.206234935891,70.4404736383677,25.7262227001665,28.9282928078968,21.0330190172098,32.0239990865177,36.1307239100062,47.5889798985115,56.7061428355719,40.949729287748,62.3188923764502,70.7056172014269,0.0641278169394394,0.0713793093670165,0.0488353012478,0.0796456003277065,0.0905056563192097,0.0640707912565671,0.0709322139347066,0.0508830953470063,0.0788125021588581,0.0887306604099119,0.0621774344037917,0.0690212529620488,0.0492173225352618,0.0766107403096264,0.0877312726979426,0.0623067463634639,0.070618064338359,0.0504407061987238,0.0785872830353146,0.0887577327199356,0.0625087692404644,0.0713024164557626,0.0514200607741216,0.0789398317987602,0.089039619512576,0.060162269398919,0.0714401724202237,0.0513427646756366,0.0792832778044319,0.0893639717015365,0.0619138974325486,0.0702984661056482,0.0503279425387801,0.0778826445137554,0.0884087848680331
gaussian,400,763,0.38268343236509,0.25,73.9259736032733,79.2140009801917,55.5129609841113,89.3529689978583,97.8199923550262,37.8693114773852,40.5065721638069,28.6858224900501,45.5634107136116,49.7863493760024,70.3094476322112,79.9457652701298,56.3960022870498,89.5220945955613,97.6842183332633,0.081211534885719,0.101439504595366,0.0715262025864084,0.114065880661185,0.124690054245996,0.0926588467001952,0.100701002310885,0.0710596258230011,0.113541115146736,0.123678143801683,0.0928226611475634,0.0994945604563164,0.0699424321362281,0.112491320354398,0.122975060790247,0.0929115791731051,0.0995183036758206,0.069682533848141,0.112100263200099,0.122612820442922,0.093134228419251,0.100351321454567,0.0704486001049297,0.112891206360823,0.123295265958517,0.0859007296259663,0.100046499539273,0.0716961139137698,0.107025537328621,0.117244607920418,0.0922647948981703,0.0991794851457414,0.0692098867623276,0.11176462816295,0.122357930711171
gaussian,400,764,0.38268343236509,0.25,34.7292228991617,39.1720668478409,26.3922613958913,50.7602236328407,49.6463472971955,18.3198672355222,20.5357692665816,14.1619688449712,26.3154098766645,25.7598641683746,33.0072986612743,39.6294448826246,27.0676818078951,50.7552457360645,49.5202826781614,0.0365401029266935,0.0501587079284569,0.0345040184443744,0.0644069673474249,0.0589725553435932,0.0438204246691629,0.049834425027161,0.0337050158233341,0.0641937811283624,0.0624874374723599,0.0431687935609833,0.0486010064536073,0.0318636729244003,0.0638478428204598,0.0623653263917612,0.0434740955504682,0.0489855766850912,0.0327516711439771,0.0633709088510001,0.0619636681877779,0.0434981393487149,0.0498643902992075,0.0338742368690327,0.0635930568977897,0.0624834493052863,0.0457587774818921,0.0500107552823001,0.0328003311797147,0.0659253685230305,0.0642366147777786,0.0434991053604595,0.0490310786936371,0.0329338354495089,0.0633971965382353,0.0619777641843875
gaussian,400,765,0.38268343236509,0.25,21.9134297118804,41.7627751601961,35.7583469466763,41.2542436894774,45.9957616471401,11.9280202040955,21.8277105892078,18.833093067007,21.5742023265742,23.9389998042992,20.8926565281882,42.3060912526686,36.6394743399832,41.360461440414,45.9847102326469,0.0273599691747362,0.0544413011745411,0.0471978996802354,0.0538655518494775,0.0585071741478438,0.0228035781765039,0.0516695196257606,0.0449095671858804,0.0504086940074798,0.0557684980886855,0.0251105673051978,0.0500396226083765,0.0428856460913853,0.0481073598249848,0.054540454208724,0.0266441225794684,0.0528999649391589,0.0454998153598822,0.0519566670917459,0.0575640116649676,0.0258103679015752,0.0523267854316396,0.044848986351628,0.0509582372029949,0.0569878590213651,0.024524468655328,0.0532293292219149,0.0455237709972465,0.0513297959602378,0.0577342540009964,0.0273894337644695,0.0525042596542986,0.0447830907429563,0.0515815638602658,0.0575232599887215
gaussian,400,766,0.38268343236509,0.25,35.9028829990243,45.3878273003198,34.7647563322797,42.111329177325,50.8726751273231,18.9052920815426,23.6358280590665,18.3376505512591,22.0016938649949,26.3714345670939,36.1739590702717,46.1042520063491,35.2508305638471,42.198253455545,51.5051173994067,0.047371729999529,0.059163967019782,0.045258694718465,0.0546951107359315,0.0660429597621189,0.0443557199954639,0.0570988449506406,0.0437283054536042,0.0532763656863357,0.0632717720405105,0.0442177222367091,0.057523261986159,0.0445115828500501,0.0532020601390433,0.0644253000137811,0.0446380500272857,0.0570363396431753,0.0436107866949855,0.0528399694090203,0.0636062107421079,0.0450948395758799,0.0568746183394836,0.0432823145242755,0.0529324264338542,0.0641670509958364,0.039002820081926,0.0587005800761433,0.0447719334245014,0.0531094502780426,0.0640878752011783,0.044684665961774,0.0567751422306812,0.0433582806359381,0.0526867471943111,0.0635366912120381
gaussian,400,767,0.38268343236509,0.25,39.6501190403093,40.125406711554,26.7633748428078,48.7379396505734,49.6214573028606,20.7745405300213,21.011326129156,14.3470402314072,25.3069372781591,25.7475428866084,38.018458010304,40.645810097066,27.4184430057087,48.5208582532117,49.7010217151366,0.0516307947844228,0.0526209093604604,0.0359482525422737,0.062293317362251,0.0636177376800548,0.0395424715524019,0.0479528998517504,0.0327238626943969,0.0585269587288925,0.0589928194524782,0.0494699409981231,0.0505802327989986,0.0337408512359424,0.0613370955929356,0.0625647211690712,0.0486193810840589,0.0500054451255552,0.0330920049042427,0.0604087630618172,0.0616907458853429,0.0496304807636494,0.050857709503921,0.0342873700546124,0.0608519271455972,0.0622362884360462,0.0438917320750361,0.0506904904420798,0.0344051291492753,0.0605389186642248,0.0597043196913827,0.0492735934003803,0.0499217476325657,0.0330516475120947,0.0606272560533872,0.0617006772812485
gaussian,400,768,0.38268343236509,0.25,31.2909242937684,53.3359395628887,45.6928057784626,43.1833849395184,50.8899895458085,16.605254121242,27.6000153852331,23.7880580300358,22.5365211955167,26.380257872226,29.2615302815983,53.4475465596778,46.1113357286028,43.0459459998293,50.3292173412598,0.0409807132711114,0.0648282268183488,0.0543725681172948,0.0521110336127781,0.0640352792982144,0.0353661194805007,0.0649632867650759,0.0559923591825666,0.0514710960107712,0.0601530225218936,0.0400995517934351,0.0682163452444262,0.0585107760259925,0.0553063213823388,0.0650259906602788,0.0381116881994396,0.0660718667391696,0.056512818938019,0.0532856473203342,0.0624050217961454,0.0380316057008262,0.0676401390418267,0.0577217113774397,0.0547566673871597,0.0644192136967918,0.0370380710908783,0.0689545649270524,0.0591556958153195,0.0549858345480092,0.0643862341837771,0.0390342084267012,0.067071845581147,0.0573925754743275,0.0542159630840902,0.0636613597631921
gaussian,400,769,0.38268343236509,0.25,52.1254475306611,63.530592394928,48.4365555056495,61.1000624667292,75.671386994572,26.9961528936362,32.6843739253422,25.1562621802049,31.4722806740261,38.7397058039287,50.3701798698844,64.3948270465889,49.3137494596947,61.2281494459296,76.0155208873289,0.0672498935057181,0.0786804783651584,0.0598283384955016,0.0775698230340085,0.0935661324346736,0.0665243796658841,0.0803264570553748,0.0612815663740251,0.0783070619145505,0.0959158167129403,0.0644647687856021,0.0808031348501735,0.0620314627134604,0.0772330847921618,0.0953959365220646,0.0650877667883096,0.0799530896452511,0.0609842957930596,0.0767597434879993,0.0947306514948473,0.0649221641335238,0.0796342533827628,0.0609472832104403,0.0759485103016462,0.0947049170376441,0.0668079584785386,0.0819108617421899,0.0627615401140702,0.0787285715653389,0.0963964328205114,0.0654613671266274,0.0798083666039955,0.0608954723335565,0.0764929326712027,0.0947699125140649
gaussian,400,770,0.38268343236509,0.25,36.5237427513967,59.7603409632395,50.0582981882145,50.5819583557454,57.0706522356457,19.2148721206544,30.8042519977643,25.9655128108929,26.2265143765767,29.4628597635951,34.934395359963,59.8828692080138,50.2141982557883,50.5368274360974,56.7119092439666,0.0431020486367212,0.0771581147971557,0.064175449433949,0.0653644334097722,0.0735689581934923,0.0459794951210409,0.0726288019611552,0.0587588334443206,0.0636612615150723,0.0705559119702,0.0460750446494069,0.0747954346880798,0.0626834228165163,0.0637424313638025,0.0704665730144167,0.0457326825796208,0.0748163468532852,0.0624937172021578,0.0632943746375945,0.0709760438378145,0.0468929460492519,0.0755254266530871,0.0631611625387887,0.0638887702011716,0.0721867707464337,0.0469220943921838,0.074411185765374,0.0618211257334295,0.0621984192043318,0.0716039045778908,0.0459026406197156,0.0748262715184561,0.0624642972654622,0.0633524183433607,0.0712361064445555
gaussian,400,771,0.38268343236509,0.25,37.1560242800945,45.7607081740031,34.0093868894023,47.7847823930848,50.9925756166284,19.5302546081942,23.8219729096886,17.9611876614403,24.8313898765535,26.4313325009496,35.8050421478274,46.1011122489725,34.3389750878218,47.7881551837766,50.9781366943993,0.0462703563048156,0.0443333745746055,0.0247347349327762,0.0566516760285569,0.0545621603159913,0.0469501847592062,0.0580668244315881,0.0432568028312162,0.0606301254632932,0.0644954548003614,0.0452677091360432,0.0574227716725079,0.0427315166006638,0.0604598402804606,0.0635461968432472,0.0464243415048948,0.0563130194483114,0.0410322914023549,0.0593167060303802,0.0630530272220427,0.0466439777699642,0.0568963070630243,0.0415614673613297,0.059584514793616,0.0636781661767007,0.0468155388475243,0.0546949934590852,0.0394308178146567,0.0568709001001384,0.0611834924323526,0.0467000677120848,0.0569178462265995,0.0417586492739618,0.059738690814701,0.0636048012368411
gaussian,400,772,0.38268343236509,0.25,46.9591857733509,41.1099704867444,25.4022166041899,50.4393963038404,53.9644601785602,24.419533244045,21.5023014926676,13.6680934987083,26.1553830862077,27.9136591707748,45.2729155478152,41.7653020622034,26.0412705732525,50.4602681814334,54.0897205980615,0.0610737406903908,0.0538851363431886,0.0339748086959357,0.0651228240557271,0.0699219547036749,0.0607129878577222,0.0532562451665764,0.0329792718979115,0.0649849829868425,0.0694556804210729,0.0566172622175338,0.0491972050000516,0.0303465437002349,0.0609609787076272,0.063112186413811,0.0589900249383129,0.0516057458788813,0.0319416875352047,0.0630537324599565,0.0672325202523649,0.0596993389844057,0.0519600371719835,0.0323344735450028,0.0639492252672811,0.0675645897482284,0.0594912889824971,0.0528333798834423,0.0333565686515149,0.064448326062302,0.0670190078886656,0.0590405578675773,0.0516021010308487,0.0318310885238186,0.0631969829512511,0.0673375508006491
gaussian,400,773,0.38268343236509,0.25,60.9024859416186,54.2873531230349,34.5257931952203,66.405363745011,71.2027846819078,31.373789970193,28.074573078223,18.218620307006,34.1184032749555,36.511108719509,59.3628188884205,55.1673067736431,35.1858813597677,66.4185274158779,71.8852086286603,0.0776992099198271,0.0701405505344654,0.0455911674107393,0.0835842737801134,0.0900345751310216,0.077754056957296,0.0702144329085717,0.0453048993995336,0.0845019289796794,0.0912497314656206,0.0758018877676602,0.0671692446325027,0.0428412244107946,0.0824414626641627,0.0884483968221204,0.0761093028024541,0.0670727667714472,0.0420081627593077,0.0823493720540175,0.0885354529630872,0.076151759495383,0.0672202715421383,0.0424509816050319,0.0823017150101368,0.0879661066731101,0.0781763411024313,0.0696408669791439,0.0437274598201529,0.0851602383069653,0.0913326796922276,0.0764041345018452,0.0680870025725225,0.0430851804636711,0.0832564828400444,0.0893069354796757
gaussian,400,774,0.38268343236509,0.25,35.8398937631274,43.837866590547,29.8738181163428,61.732899819286,58.1938686476439,18.8740031757713,22.8626987982682,15.8982672950099,31.7879221621686,30.0228054576696,33.5223849181234,44.4440195983633,30.795103707117,61.8933788169629,58.0470830587655,0.0437582568642841,0.0474776657131828,0.0293076889053752,0.0719967550604907,0.0696109888873734,0.0448409128679949,0.053090184050019,0.0344444628642503,0.0772963720378163,0.0703539754833613,0.0439147023145052,0.0557202367930733,0.0383448720910386,0.0780382915435149,0.0732416261381768,0.0448819944996134,0.0553348913691301,0.0375192516708022,0.0770972929041875,0.0731694585538125,0.0448701409240091,0.0551239061545068,0.0373714863913147,0.0778450540796465,0.0732898491237723,0.0440675253940947,0.0532727299136162,0.0367171496348209,0.07579448217636,0.0710581187648784,0.0447421039461857,0.0552946413371858,0.0374987628069814,0.0775023027304989,0.0731511402203819
gaussian,400,775,0.38268343236509,0.25,39.4184066923444,31.6685250903337,19.2932183238695,36.067524537404,44.7407434141032,20.6585727449203,16.7933378530538,10.6211716801937,18.9873894485038,23.3130830543357,38.923216159829,32.4137537292786,19.8408048043449,36.106911351623,45.5252651350865,0.0517725590836503,0.0329335345504989,0.0135387699766909,0.0443151692679543,0.053967011328082,0.0498033252479174,0.0413176036883574,0.0252821786683869,0.0467927682654436,0.0577057974759318,0.0489632660904309,0.0412814177969647,0.0257549710296014,0.0466379011081264,0.057394230541448,0.0498924131525257,0.0397587450805221,0.0239714880740301,0.0455004560469469,0.0561542316802609,0.0499885247148719,0.0393880517589596,0.0238654912895102,0.0446446355304034,0.0554594155834628,0.039142001189294,0.0394539158229038,0.0257018795034376,0.0386240163332088,0.051732152710126,0.0495987136920678,0.0397226682945389,0.0241914118168917,0.0451943490105351,0.0561564088212385
gaussian,400,776,0.38268343236509,0.25,56.2808824577903,35.0094256172318,18.9442096492636,38.4223569266713,49.6067137052353,29.0686353442253,18.459759179126,10.4472258375799,20.1619429288027,25.7402082864244,55.01254834718,35.623610349667,19.2503867182003,38.3528510315427,50.0924926837683,0.0672327081437046,0.0348892155743145,0.015061787856774,0.0398805819866379,0.050873533954303,0.069780008166594,0.0424800608368737,0.0223797325009176,0.046291578397219,0.0592631902834552,0.0708744211240446,0.0406570723093415,0.0202008995438759,0.0458801410436906,0.0602055327121028,0.0709265933367472,0.0437894337786794,0.0234466473469966,0.0479604025106149,0.061994766016589,0.0700355876735013,0.0443337735694092,0.024558695509951,0.0475908942504222,0.062217729040572,0.060734080236037,0.0422702258184756,0.0233354050750507,0.0419442838762947,0.0552961296907451,0.0707693028595014,0.0433770061261391,0.0233477892607185,0.047820975658943,0.0614945116910535
gaussian,400,777,0.38268343236509,0.25,88.1952025151692,82.1456803516896,55.7771363482212,87.9102647512744,97.7246024957495,44.9860588627316,41.9689682277835,28.8177459582471,44.8440201527756,49.7390375395955,87.4826980904925,83.3327021266973,56.3429168502381,87.8591349104593,98.7794425914787,0.1127405264398,0.104993668787121,0.0722186388641435,0.112312784365088,0.124639236422683,0.110699863603094,0.0988191667068806,0.0668321957753255,0.108539814842741,0.120946290216161,0.110908670328893,0.100538262282919,0.0674939026172237,0.108257878794436,0.119329859743356,0.110404636588849,0.102370345985026,0.0692486879142444,0.109925755090095,0.121655349672239,0.108269675257353,0.101239822184574,0.0685507275528072,0.108348875637518,0.120836672494113,0.100044702720306,0.0971065027222528,0.0666446871864044,0.103025781866115,0.112614334552675,0.110095219914594,0.102466516241838,0.069423994302175,0.109663044188911,0.121700083061853
gaussian,400,778,0.38268343236509,0.25,38.3342352214727,49.391214918892,35.5967544540617,60.8314016269727,55.5045200510499,20.1180185882217,25.6326409087105,18.752732892492,31.3385327832855,28.6818892042632,36.181330445076,49.7411259014027,36.2115196930394,60.6582419064188,55.0366463495044,0.0500307705944249,0.063516061992839,0.0457095832892136,0.0784781706335482,0.0718700208408403,0.0497677151573802,0.0623503987578969,0.044018838355227,0.0773571496946492,0.0698145386405575,0.0478599835532306,0.0620923598616091,0.0451815277519735,0.0761381740304357,0.0697125982178257,0.047993461472932,0.0615207713269898,0.0444396626583126,0.075462030327605,0.0688740204011005,0.048741117468868,0.0613489073351599,0.0436393984182955,0.0756261490984604,0.0691549638906248,0.0418525979700373,0.0609537274833924,0.0449603918814123,0.0745106876898275,0.065639646514939,0.0480007699526966,0.0615087538257474,0.0440050602183306,0.0757829357086862,0.0687627778314079
gaussian,400,779,0.38268343236509,0.25,56.0933156699815,49.2862802258754,30.1874252174228,62.2819070785075,63.633003130607,28.9753440371664,25.5803535480843,16.0549386209068,32.0619051718763,32.7357426940949,53.2875865113251,49.7151940815739,30.5473266024965,62.2184532870079,63.6820749095874,0.0646764848535916,0.0639591599299498,0.0397068435133154,0.077460313217878,0.0802923071614961,0.0711647482122706,0.0617988035216859,0.0379272714860518,0.0781152184555363,0.0798925786754768,0.0696744419099128,0.0606119922611794,0.036479738451671,0.076551197709256,0.0788232204562782,0.0704555312841216,0.0612815221351414,0.0367477947430254,0.0779879222743101,0.0796391393663521,0.0697880164338012,0.0620681668959978,0.0375920882792899,0.078746005666388,0.0802950212322324,0.0723619301710876,0.0639225288229211,0.0400648344047913,0.0801400573190083,0.0808003080811078,0.0700404255283966,0.0614416246085274,0.0373387818646516,0.0777302338980808,0.079414357746382
gaussian,400,780,0.38268343236509,0.25,42.8738288274133,56.8084053609956,42.6791638290523,62.509012766251,66.0054338171831,22.3822562594302,29.3317567780271,22.2848615547979,32.1750493843672,33.9189314769728,40.1334850149449,57.2566577902717,43.4235092047682,62.5853596905243,65.4518703838226,0.0549221510117714,0.0576868106634067,0.0385961170363994,0.0673420464946178,0.0789203166828163,0.0557237232421368,0.0726862325229862,0.0548731169300276,0.0794187923874631,0.0840143865335058,0.0549015278405779,0.0705040063362061,0.0518273373796364,0.0789840628256982,0.083369917118827,0.05331471481949,0.0717505397874322,0.0538142424435062,0.0786437418141683,0.0827607705524126,0.0545883105123899,0.071780281719165,0.0537799462439214,0.0790813705777334,0.083180454882439,0.0427039599386365,0.0687509281801306,0.0534481707211852,0.0739549796723634,0.0806717164477168,0.0531931067187466,0.0715572937514633,0.0536705378083513,0.0784949939394866,0.0827360573958975
gaussian,400,781,0.38268343236509,0.25,49.7886811976774,37.0719614685539,20.5704063075087,48.9646338658361,50.5330780273867,25.8310039895622,19.4885122496809,11.2584895125199,25.4198916392909,26.2022393774445,47.5601045557322,37.5229055752242,20.8889019406672,48.9252309662606,50.6523064604019,0.062404054423391,0.0445215083847776,0.0184139791860739,0.0625202370681992,0.0651205071816141,0.0614653448780268,0.0448148785182794,0.0235870709442511,0.0586104587848904,0.0612631076552367,0.0637277950664708,0.0481800873004373,0.027204685093217,0.0629644979168579,0.0650224102567645,0.0619998159860648,0.0463863066292728,0.0255627045274359,0.0613204481276575,0.0632128685357124,0.0626916817547751,0.0471790296226802,0.0259988618923592,0.061564247421798,0.0641012885861862,0.0638554432352766,0.0474888872995902,0.026844755433489,0.0625461126284562,0.0649312475418838,0.0619906942821276,0.0463027506722457,0.0254592535976282,0.0613365112905986,0.0631276173248308
gaussian,400,782,0.38268343236509,0.25,34.9112204858671,40.7898944663726,29.6217499553364,42.5097905155876,47.9808894215821,18.4106625922232,21.3426682368979,15.7726676944606,22.2004808250364,24.9292097360095,33.6555478283211,41.2566359165614,30.0806584166242,42.5141198859146,48.1575533798444,0.0401020466871193,0.0533205505435646,0.0391111034071713,0.0533815030411525,0.0616540448348308,0.0424521496548041,0.0520104486016619,0.0375626693809566,0.0537161767585193,0.060594233000994,0.0448000035718759,0.051585047092786,0.0366283237961637,0.0543096409767471,0.0612298263895594,0.0428359250326071,0.0502719021686729,0.0365374577749036,0.0521789114272958,0.0583675868189528,0.0418817195109463,0.0504488906425963,0.0362627364855217,0.0527553177392764,0.0592353310124253,0.0417529767622668,0.0525485792150319,0.0384538308979655,0.0525659657447893,0.0608641773722699,0.0437895867144995,0.0512231069253827,0.0370575481878967,0.0533057383177138,0.0601787522043828
gaussian,400,783,0.38268343236509,0.25,46.974180437284,59.9388787999176,44.4324384455262,67.6040159286905,68.6411416656625,24.4271407549848,30.8931973903736,23.1594961428674,34.7162120581896,35.2335982987344,44.3624638461889,60.3596863135903,45.0900433761466,67.6480642221111,68.1038228442063,0.0608919442406158,0.0746642405535467,0.0548068387608638,0.0848199809053225,0.0840120188733812,0.0589015795918259,0.0759346336824971,0.0562757158096295,0.0850738626158899,0.085927430000461,0.0595482406969261,0.0755465358430107,0.0553104717282696,0.085601326371957,0.0863841708849354,0.058824574769176,0.0751519010243985,0.0555603085639337,0.0844376741375606,0.085791983799002,0.0594858865846444,0.0758476305956598,0.0559599736096467,0.0855106896220593,0.0866128531475145,0.0498913053195566,0.0711431864866025,0.0522963469208885,0.0829146863768341,0.0793940792582608,0.0588844340421852,0.0752234610708414,0.0556446307624869,0.0847938529381015,0.0857904887636575
gaussian,400,784,0.38268343236509,0.25,42.2604516345379,60.9390090760783,48.3526901726508,58.6943126736554,64.7313059094149,22.0762253145829,31.3919922518595,25.1146741647557,30.2724898896284,33.2834985539064,39.8863874488794,61.2478900218866,48.8087875522782,58.734852452939,64.3237768230146,0.0545812770433392,0.0784939925774462,0.0629169919648798,0.0755482089161274,0.0828809406952103,0.0539381702228942,0.0775603746634852,0.0619016629451654,0.075101735625799,0.0821213246695473,0.0527489200615121,0.0776580246809927,0.0615638002435004,0.0739335709430806,0.0818161082394445,0.0530366941275178,0.0768228552393002,0.0608707853808974,0.0741636222234963,0.0814919266741377,0.0523177942136225,0.0748459588952257,0.0586001370364481,0.0729072892410938,0.0801601421768224,0.047638237339569,0.0779446415980964,0.0627935319668433,0.0739798710669018,0.0810511475573388,0.0523243951516922,0.0761487028806223,0.0602645069803314,0.0731957539662811,0.0805354844835382
gaussian,400,785,0.38268343236509,0.25,33.3958851836355,46.6706622648192,38.950087591024,35.2938633868743,48.7212673695973,17.6549924929944,24.2756658566447,20.4250875644256,18.6015516176485,25.2984257105515,32.7357685303591,47.1556478575842,39.3894845809972,35.2476101909325,48.9192724612011,0.0314554984720217,0.0592772602035012,0.0511873112447964,0.0389918342060857,0.0578775048473922,0.0428931934557072,0.0598984718519891,0.0496854843228622,0.0454003386276879,0.0622819032571124,0.0374570887291799,0.0558623915457693,0.0471128282277788,0.0417803655499969,0.0572673693167329,0.0424617976222948,0.0590708235007808,0.0489255644456404,0.0449353976013559,0.0618468196287192,0.0413897417473098,0.0570568963826974,0.0467723604007715,0.0430177760628498,0.0599982631978979,0.0433904595966115,0.0607217017267122,0.051184808519282,0.0458604806047636,0.0633052549926073,0.04107303897162,0.0584555445980026,0.0488056572731574,0.044018919240876,0.0607421817598552
gaussian,400,786,0.38268343236509,0.25,54.9517679111796,59.4784817969264,41.8732879276435,68.1546052097047,74.0581201649154,28.4060542502229,30.6635248985364,21.8831317288206,34.9906575259757,37.9351313272309,52.7900448298431,60.1422678485601,42.5117566904123,68.4127019599003,74.007080022065,0.0692841578991127,0.073420543753971,0.0513575154227815,0.0791483636742313,0.0923703964470452,0.0692604471780641,0.0767255387342897,0.0547935061677645,0.0866995522784439,0.0946570264113104,0.0653980066084412,0.074416243693326,0.0516122283505168,0.0845857177381115,0.0922173063984762,0.0691864712110474,0.0753368523486116,0.0530945587707841,0.0861666779464895,0.0934207871618103,0.0690542633181082,0.073860680746627,0.051425636294846,0.084716933256243,0.0920157194030422,0.0679960179697284,0.0731073743497872,0.0517934569465599,0.0826944726860286,0.09130099615801,0.0682325706940923,0.0743663434340051,0.0520623028978927,0.0853689141709079,0.092458908703732
gaussian,400,787,0.38268343236509,0.25,30.6083428438295,54.0684402729761,46.8965497805926,41.3975086149774,48.9314555137046,16.2645671337626,27.9653858100126,24.3884155761693,21.6459213493495,25.4035367725111,29.2237582074653,54.1829510546674,47.2947666410281,41.1145676434971,48.4506904493011,0.035445501276837,0.0700854405084073,0.0603850390663717,0.0538448611683441,0.0619915988406727,0.0387249102076983,0.0670270977254182,0.0578922066090415,0.0512646899226739,0.0602866760348137,0.0351430602904306,0.0634864206151153,0.0551703145162317,0.0471186877699743,0.05562080092367,0.0380172536479771,0.0671669333087665,0.0584363801533402,0.0505134540977324,0.0600422995598094,0.0370687998191389,0.0675050342434357,0.0591427116122299,0.0505094773798595,0.0602777388415496,0.0397810715642639,0.0692987881483965,0.0601841377374974,0.0536511462147673,0.0630938092786482,0.0385684571072352,0.0678811980884623,0.0588771631652624,0.0516935506749885,0.0610075969018077
gaussian,400,788,0.38268343236509,0.25,51.6823879431356,50.73714519385,34.3364885418815,56.5167836097296,64.3222235723494,26.7754223064887,26.3037351299689,18.1239568649372,29.1863344528722,33.0795108308297,49.7457960605178,51.4690656558679,34.9655115139758,56.718599049377,64.2798471398073,0.0585061748654315,0.0586725685915224,0.0407803132383524,0.0679200321918016,0.0751636892040006,0.0589643444360599,0.0598509333233455,0.0408064379007815,0.0653117392860904,0.0740949707403785,0.0644513349771756,0.0635151953845013,0.0435340836508404,0.0700299367742409,0.0797508829059855,0.0636037361053843,0.0633977392890651,0.0428056859226226,0.0706081513797092,0.0798904765858683,0.0645533927008729,0.0643627224231802,0.043716380157414,0.071364648081303,0.0807645199781075,0.0605597805370282,0.0609569096686892,0.0426819656377477,0.0683313953483632,0.0776455318242568,0.0643345360710744,0.0635839747900653,0.0429544210536604,0.0708648434856445,0.0801303740389431
gaussian,400,789,0.38268343236509,0.25,83.5641464786408,96.6790970852226,71.8766875811114,97.222086074451,103.132380327394,42.6764725497,49.2176054532815,36.8475511040662,49.4883945503008,52.4363155896977,79.8292291925286,97.0906505646755,72.2198439887704,97.0208974095331,102.739635494394,0.105250055491578,0.119445228046496,0.0870977358814851,0.120925512343173,0.129987286063811,0.104310948851989,0.120802164548926,0.0904736748430803,0.118876696573993,0.126135417386884,0.104773949300446,0.120097176716115,0.0882272790998519,0.12232514455858,0.128061353132655,0.104211098462271,0.120115197249196,0.0887421979440015,0.121074623759633,0.128063434027162,0.104710377523771,0.120710573623864,0.089481249277476,0.121654857682922,0.129147079783097,0.0900933659973997,0.11137101080566,0.0831724120342064,0.109801386518274,0.1116331864368,0.104510042882502,0.120572681232414,0.0892501725671715,0.12150077978917,0.128495049659468
gaussian,400,790,0.38268343236509,0.25,56.9643873411331,36.324309198414,17.8679668297792,51.1909497814344,53.7970878502836,29.4096500903582,19.1156387925438,9.91064776921194,26.530275758456,27.8301216960589,56.0601298671702,37.068064705253,18.2888942483005,51.1484466272172,54.5595961547535,0.0656482381977622,0.0478092812796857,0.0223003951984816,0.064540615896925,0.068802434623067,0.0691348110554104,0.0426553848934452,0.0185194873686605,0.0597267659612244,0.0635982282263376,0.0707563376101844,0.0416179017293204,0.017364211539227,0.0627591204007294,0.0656574125128934,0.0717002061621125,0.0459097651078345,0.0223556745371274,0.0645124031950851,0.0678940441282754,0.071819394314853,0.0452332875330784,0.0219405285636334,0.0637969169309217,0.0670039268008241,0.0716727512198893,0.0476989030635822,0.0247696809217125,0.0645075592128106,0.0684564972030891,0.0714543564573272,0.0455429977768309,0.0223183482665044,0.0641681650875281,0.067337809495783
gaussian,400,791,0.38268343236509,0.25,69.1442556403108,56.0255632500969,34.823573444356,65.8968894609061,75.4530408581497,35.4842055652142,28.9414860555608,18.3670754332456,33.8647951215065,38.6309008720427,69.9580984003553,57.3691528742859,35.5237790636317,65.924553357845,77.1118335691378,0.0837061567839356,0.0724912154470426,0.0451848402184451,0.0843527711042895,0.0953789463773114,0.0844518223191915,0.0626723339856941,0.0356575812405121,0.0768632220998333,0.087848823449585,0.0856694172197464,0.0706364800480851,0.0436729348214056,0.0832975363275676,0.0944538646850713,0.086501135028464,0.0697000176919729,0.0433155809158167,0.0817184041328406,0.0938470596528898,0.0872587035874819,0.070576356691347,0.043702518708671,0.0827300277011523,0.0947583070469547,0.0888746250393846,0.0724715169884354,0.0459135351734273,0.0846602788366091,0.096671263158936,0.0869888446259824,0.070154775637511,0.043348792275546,0.0823896860301994,0.0945417852883805
gaussian,400,792,0.38268343236509,0.25,52.3335003854687,75.8918521372904,62.1894862753136,68.4933348172549,78.6407863345704,27.100454175824,38.8497257957927,32.0157244016524,35.159824262545,40.2208518732086,48.9775467591119,76.117766963016,62.810336216581,68.4095812118904,77.7042905828824,0.0663159796253402,0.0969934505011973,0.0795091309234597,0.0880544491931671,0.100664042509037,0.0661855863913791,0.096665003769513,0.0795762032001771,0.0878788902373148,0.0999254438334665,0.066791633210862,0.0948717634327917,0.0769282998198785,0.0860638684664441,0.0989853379765841,0.0648128791625244,0.0951928434906568,0.0779476468416749,0.0858768195062843,0.0984850235121063,0.0648275507553544,0.0957372948717877,0.07856165010805,0.086274373488041,0.0988534975666637,0.0644798818837106,0.0934214811176386,0.0750113748897587,0.0868744103809822,0.0978051085121779,0.0647011095742366,0.0948820482915311,0.0775480120252983,0.0855551157137332,0.0982062503498065
gaussian,400,793,0.38268343236509,0.25,68.0066856475481,54.1378420740608,32.604265588188,68.2702312594577,76.3118537972172,34.9173216172108,27.9999438013642,17.2602367945724,35.048377016906,39.0591020411262,65.4478594434776,55.0196413616987,33.2262497535507,68.4710725214585,76.9840190012261,0.0797716420353754,0.0605881962136646,0.0376010206815971,0.0727400496118251,0.0897438053708334,0.0844153988910209,0.0683646780868312,0.0409776031885687,0.0863418105342309,0.0966141690242466,0.0836821461333643,0.0684561955051172,0.0405448839623105,0.0868925589573485,0.0968794068369841,0.085183093486362,0.0683970862999763,0.0412377778610409,0.0860448381141478,0.0963436405106976,0.0841154950496363,0.0657463033922447,0.0385448663338243,0.0833036355917405,0.093942224707571,0.085673236642183,0.0662404920187072,0.0386922793519793,0.0845814231873055,0.0954621586694548,0.0842611979408077,0.0677839913456365,0.0405655338416486,0.0855676917297337,0.0957148383644361
gaussian,400,794,0.38268343236509,0.25,76.9791744041762,67.263687841642,42.5440321415065,82.6345883549696,82.2158815693673,39.3921977737123,34.546626643496,22.2177976346509,42.2127622920999,42.0043336562549,74.4500564224701,68.1489405420159,43.2340670230677,82.6185740028741,82.3558169952054,0.0874087899211568,0.074573978928795,0.0477409826327399,0.0893517137757391,0.0919201668730208,0.0979084615119205,0.0835153991444895,0.0532862627482169,0.104011470398789,0.102759760423169,0.0964445028611359,0.0834072525716452,0.0511486204241639,0.103205157157644,0.101572858000879,0.0957195595820385,0.0837580644777288,0.0529321705524917,0.102840774863414,0.101545439194864,0.0959237667181806,0.0860857946387784,0.0551538033323036,0.104759781060278,0.104169389083353,0.0973999049076489,0.0826216722691681,0.0510743385028315,0.101748282873523,0.100887321771668,0.0958963634583436,0.0838089016804221,0.052749823166231,0.103201778162749,0.101806221176465
gaussian,400,795,0.38268343236509,0.25,46.9564540045197,62.1721878045415,47.1406137405142,68.6070827887376,70.8189962912076,24.418227669362,32.00705998091,24.5101966092796,35.2165427575852,36.3196968329253,45.1418216463036,62.7801787404627,47.8653309643025,68.5667683795357,70.9109680166015,0.0593749256647215,0.0800890496087754,0.0614038911436076,0.0863004759284777,0.0895685364785528,0.0588978607754755,0.0769199458209237,0.0588621893142958,0.0836608080076605,0.0863774487307192,0.0593798103429621,0.078790288475091,0.0599743436862956,0.0869506710265254,0.0886492893300702,0.0586258005697857,0.0777985257398769,0.0586967597590379,0.0857812563101876,0.0885845577959647,0.0597532900854737,0.0777630379554148,0.0588550388523883,0.0855290374663909,0.089004938699451,0.0607262478768404,0.0799526295254158,0.0612671023073804,0.0880078369421071,0.090471746175922,0.0590069596722423,0.0779917227735616,0.0589577999823335,0.0858447859456422,0.0886573982962656
gaussian,400,796,0.38268343236509,0.25,48.3695110320247,42.6152300860311,27.3611741953099,47.9002142198364,54.8209513860532,25.1229941900918,22.2530927253654,14.6452084354163,24.8889374732568,28.3407258099519,47.319257043262,43.3337101254907,27.8504406208947,47.9517103426349,55.3866832693606,0.0626540471767253,0.0510715184097421,0.0323151629550109,0.0581683787090497,0.0670787675579922,0.0582585165302662,0.052854738095737,0.0341382054719932,0.0586378482767583,0.0660808189129548,0.0599795038192442,0.0524629910445743,0.0336334831427861,0.0597230274789202,0.0668583356649181,0.0605035747202336,0.0529549171030108,0.0338747367955487,0.0596268033170941,0.0682185939281893,0.06201032965823,0.0536733826443068,0.0334643039190791,0.0608043829800739,0.0696596694345268,0.0523671351389042,0.0445057226918681,0.029602785475279,0.0548530113539742,0.05929172595739,0.0603334116009056,0.0532523793959808,0.0340564564529239,0.0599297666726541,0.0683966417764973
gaussian,400,797,0.38268343236509,0.25,30.0840416846902,39.3452401052959,28.6274278624057,46.8905129549787,48.5419372854377,16.0033791004757,20.6220064854124,15.2765545501836,24.3853141264639,25.2089911480486,28.0619313328198,39.8314941032503,29.4266883521854,46.9952892638455,48.1740337215443,0.029645811898191,0.0484996570680218,0.0378034202955356,0.0520969778561487,0.0587293128205497,0.0373251923074873,0.0501496979490703,0.0370657481284946,0.0599489580479822,0.0612984436622418,0.0365516638011575,0.0481435892178302,0.0346354390686065,0.0575782620601595,0.0587848145153336,0.0371120425800544,0.049859368747124,0.0362919857579521,0.0591908182151111,0.0609951085992209,0.0368429320491932,0.0494448701078566,0.0359506820794045,0.0591117517009077,0.0602217089400203,0.0384640226749496,0.0497447337117696,0.0360192050972764,0.0610788940176324,0.0611931898717068,0.0365789798558726,0.0495788409867214,0.0360965476012015,0.0585795527220544,0.0606657877410567
gaussian,400,798,0.38268343236509,0.25,46.0681709977943,47.4575233906809,33.0594820485886,48.8672457629035,60.1254488694742,23.9751311626298,24.667989263238,17.4870250365817,25.371162417969,30.9861694965908,44.5465355972702,48.1630228645516,33.6642466476198,49.0214947181099,60.4477911586446,0.0575655657070136,0.0500666500330458,0.0312133725003195,0.0535133038334296,0.0697543140293663,0.0572415315212538,0.0608711071106491,0.0425686561201109,0.0628838038930653,0.0766704032919803,0.0589013438992352,0.0597012280266491,0.0413509363049151,0.0619920031578722,0.0752414712805519,0.0575153994550735,0.0594633542900195,0.0415570772819818,0.0608944005070508,0.074830138367902,0.0585385174424051,0.0598926249250453,0.0415887805851593,0.0615028993683898,0.0756759923685522,0.0594618333011535,0.0608191084628579,0.0425418649346958,0.063129400690218,0.0768208147538556,0.0577178280883128,0.0595129004722888,0.0414731362381014,0.0609943229720993,0.0752025686359436
gaussian,400,799,0.38268343236509,0.25,32.7218411534776,79.7638332640267,74.0901723627041,70.3292704798515,71.0557928103248,17.3191697524356,40.7809123783392,37.9513423585846,36.075445192204,36.4379342151563,29.5552000304643,79.5363675028147,74.5678356728566,70.3010031316546,69.3899061578149,0.038535170567956,0.0797645289257239,0.0653094903926965,0.0757359984921551,0.0790018314501984,0.0412117057341874,0.101511805571577,0.0949114440691962,0.0890787700412124,0.0894547285499833,0.0412972137720663,0.100981692399123,0.0927206072051199,0.0898808712074916,0.0901159033180383,0.0403227901849221,0.0999632468820296,0.0923475211792536,0.0881063876985124,0.088950393015173,0.0414738798628888,0.100758424158755,0.093161392279042,0.0891899459421513,0.0898339164514326,0.0433961570883116,0.101306714462264,0.0942413808344748,0.088516709277984,0.0903846765066505,0.0395548759849167,0.0999028465608005,0.0925091389701272,0.087896594635139,0.0884610583858231
gaussian,400,800,0.38268343236509,0.25,36.0243158965091,27.2489393418449,14.4330830045795,38.3088861810499,41.2380720006192,18.9655582445178,14.589193906904,8.1975234149144,20.1051951549882,21.5660745951914,35.0456373256153,27.7544084260781,14.7247930331517,38.4730199346943,41.8446137387415,0.0471479244033715,0.0324738050704774,0.013345854866769,0.047244955157887,0.0526980152989536,0.0453139036993868,0.0357869423069296,0.0179195026738991,0.0497650699857873,0.0539013421701237,0.0458721835580356,0.0349974282478479,0.0188056328402529,0.0480884766125182,0.0521138821910617,0.0452931676806337,0.0336744848438497,0.0170318392467548,0.0478179827451157,0.0515476033322722,0.0459391663338317,0.034822979459229,0.0185525474511875,0.0485680109747307,0.0527284832759469,0.0475248011236876,0.0364842447331572,0.0198782142939863,0.0503614559201986,0.0540439717851784,0.0456402534834663,0.033641318101099,0.0170034052853377,0.0479156904047083,0.0515577294692593
gaussian,400,801,0.38268343236509,0.25,51.8333389875761,40.3767084244758,21.1837022121738,63.1151393925689,61.3685065376664,26.8504626347443,21.1365959196855,11.5643019369887,32.4773265426539,31.6061242404889,49.3211353365975,40.9627596550184,21.6758564614112,63.2860102024132,61.6454524651682,0.0672563668687106,0.0506230587293775,0.0262265290275169,0.0789161882744212,0.0783193936072775,0.063667096951361,0.0506903779349631,0.0272540572575892,0.0778872825221019,0.0765466363563567,0.0652104263728603,0.0514428175224665,0.0268673407233999,0.0804888516776725,0.0783451947896963,0.0648732364423731,0.0506656590888322,0.0261471865724488,0.0792597068616231,0.0771564397687094,0.065054250644741,0.0511336828945454,0.0269874528075438,0.0789498876912813,0.0773448479395968,0.06674187143571,0.0507206237337095,0.0266814859173273,0.0789687030688584,0.0778198994398038,0.0650854117729578,0.0504107791824696,0.0260542321641435,0.0789080026176741,0.0769005931078288
gaussian,400,802,0.38268343236509,0.25,70.9416041323901,69.1975938935683,48.4369399540433,68.5822118929973,83.7011295612586,36.380858833898,35.5109509882471,25.1566217679851,35.2040615050597,42.7446345354922,68.9217034047173,70.062373871602,49.0769269219107,68.6427701229701,84.0935467749003,0.0862296469343788,0.0866382398175553,0.0617464012867954,0.083303020180968,0.103930224762849,0.0894807673143639,0.0887404996036385,0.0621458122939047,0.0878808584037306,0.106908765986233,0.0896026916001729,0.0852159684692126,0.0583460239534408,0.0847481752264591,0.103922869096821,0.0887817780068796,0.0870649149326572,0.0609757247003524,0.0861556442560477,0.105166679479873,0.0892293015823423,0.086705609853342,0.0608646489927712,0.0851166801491446,0.10444849728338,0.0873424661363223,0.0847166584758206,0.0608111887544367,0.0853564690389029,0.102554691884113,0.0886635894119469,0.0865892749851799,0.0604991716127852,0.0858013088844831,0.104714281538686
gaussian,400,803,0.38268343236509,0.25,40.7754212879408,44.9796750487003,31.0298911830469,52.2281814680801,56.9324965624795,21.335266946917,23.4322558557542,16.4749350132106,27.0474862332426,29.3936865341038,39.1109408076073,45.51009597786,31.6128652140016,52.3080201812236,57.0856232618273,0.0525793580664135,0.0554374867809992,0.0376213916481821,0.0668339658893274,0.0723217212351245,0.0533683049417322,0.0556493544696913,0.0376395313877853,0.0651624437373926,0.0718749624751279,0.0494585693775528,0.0547494865061562,0.0374732102393734,0.0630877473517302,0.0688983172130898,0.0507782710266152,0.055803771730054,0.0381671502822914,0.0644854441283566,0.0708138896286193,0.0510005319963556,0.0556490681783209,0.0377158632099869,0.0647571771213375,0.0705905742867873,0.0533275410377745,0.0575441109714442,0.0399645819365509,0.0667513136205987,0.0724188461001478,0.0514607951445819,0.0561649866451863,0.0383329989139982,0.0653204624595534,0.0713048979926216
gaussian,400,804,0.38268343236509,0.25,40.4446151269474,42.2156683925313,27.6355581837116,55.3322139822447,56.1776464101207,21.1706232404418,22.0537160655404,14.7820279185102,28.5956095660396,29.0172286738001,38.1725444745281,42.7552888846441,28.2685630193113,55.4441727483061,56.2167646218643,0.0530453213241285,0.0552445756000244,0.0370346630872356,0.0713125896220962,0.0726675087428841,0.0503866838213056,0.0527415880955888,0.0340320179894616,0.0681655937577998,0.0695587577695608,0.0483113000971693,0.0528101233558339,0.0346315955980168,0.0688230874677859,0.0693249104185505,0.0499227352401329,0.0531479738858074,0.0347242989709464,0.0691872777598559,0.070434511969656,0.051777706455826,0.0537356871810479,0.0348991942315462,0.0707428285353219,0.0718129020669899,0.0430019685948935,0.054338058512423,0.036972772202451,0.0692874525303526,0.0677509944684758,0.0506382901538563,0.0529072036539928,0.0342035763871748,0.0694113834517345,0.0705731741666224
gaussian,400,805,0.38268343236509,0.25,47.256554083295,63.0067283177064,51.18584170758,49.6746857847541,64.3797796481914,24.567968093113,32.4232836517066,26.527560430645,25.7741357943634,33.1082564845121,46.0960763887872,63.6143634011122,51.8160675757711,49.4262356540217,64.5937024483869,0.0585913649329022,0.0773814386775366,0.0626113145783173,0.0609878997046899,0.0773233890048745,0.0567868142943506,0.0786311390153909,0.0647503671572454,0.0618591819188283,0.0797759393432124,0.0586422741576049,0.0783824458086537,0.0641208626879213,0.0608620207066881,0.079223999938155,0.0591258907499893,0.0787019182111781,0.0640436081448758,0.0617210110436774,0.0802360224651679,0.0585007490255293,0.0782365258658901,0.06416477556447,0.0609510925626737,0.0796528789735842,0.061122055853235,0.0783859051903535,0.0622452900655787,0.0624879632711563,0.0818038187402282,0.0588164010241196,0.0786332422455431,0.06398638686146,0.0615766913240713,0.0800102037375297
gaussian,400,806,0.38268343236509,0.25,29.934456503578,52.6472943633779,43.7616533724943,55.9332418861265,55.5452186783476,15.9286369276444,27.2564852044226,22.8249523755328,28.8953389984247,28.7019856649153,27.7504092735043,52.8901690417241,44.4759725265086,56.0455291902963,54.7973459908712,0.0349780252978491,0.0662843364851393,0.0536502063437379,0.0721769837171896,0.0705503217068818,0.038668019590539,0.0663491908314018,0.0551529276300483,0.0701056514625797,0.0704111143058783,0.0376764898559075,0.0647114683302519,0.0525732506389099,0.0696501482902803,0.067758939469613,0.0371600242726275,0.0659274137376843,0.0544274315257636,0.0702280479251648,0.0695859629408201,0.03610333215856,0.0647120090359473,0.0532021122149891,0.069127068204473,0.0681430866064587,0.0390289984953626,0.0681162907848436,0.0566901253844519,0.0722368707367713,0.0717900331931934,0.0374864804419683,0.0659194527470477,0.0544227553001581,0.0702317848738591,0.0693004684432531
gaussian,400,807,0.38268343236509,0.25,24.2090222429106,40.145267755238,34.3308416270029,29.7114326891896,39.7680732891109,13.0729377530061,21.0210922968851,18.1211707179769,15.8173479575891,20.8330515526441,23.2587490367023,40.4570299146567,34.8129293341754,29.6373028452668,39.7305938547036,0.0321696019445981,0.05246150126047,0.0444752970522729,0.0395692050466602,0.0520436396816246,0.0313147230178954,0.0515167309848437,0.0428355153110971,0.0390561659121649,0.0518013769089692,0.0307048163455673,0.0505878991864275,0.043094993068187,0.036736790907786,0.0502822363568848,0.0296364595304122,0.0497930581769949,0.0425766960780863,0.0364479228675035,0.0490727965441073,0.0304846196605264,0.0512673150687931,0.0439275828239114,0.0376797379368629,0.0504757711710943,0.0325846550065065,0.0524016604330042,0.0449605014504758,0.0396086619809581,0.0522044687812595,0.0301575067186497,0.0502532434701803,0.0429049948834334,0.0368717484348733,0.0495734352494533
gaussian,400,808,0.38268343236509,0.25,45.4240033793835,71.5769558821861,57.8547272303835,75.9867364546371,80.3088872340395,23.6538788918387,36.6975474414669,29.8537994099485,38.8969570579136,41.052615801148,42.7035395025361,71.9513228775253,58.5939271202479,76.2041166711148,79.7450598574509,0.0592794879372687,0.0918317280115633,0.0744730197562717,0.0974424746726516,0.102784569979059,0.0515269306001043,0.0891141530937373,0.0707537544744093,0.0954425174742473,0.100067839608782,0.0581153451686204,0.0902994351771276,0.0722709806800395,0.0965354169730228,0.101905046577918,0.0575088705992044,0.089226948419962,0.0712344992340317,0.0952665105404235,0.100600838164812,0.056538954358541,0.0899023368995625,0.0726083045956498,0.0945537892797853,0.100230652088346,0.0578148938648352,0.0902579863367107,0.0730762698940044,0.0969745384143325,0.100355386243533,0.0568624803001502,0.0898925234086396,0.0724127666346643,0.0953063850060015,0.100662278417645
gaussian,400,809,0.38268343236509,0.25,70.4636341198676,97.1979743601547,77.9894235768346,91.7358647952309,107.205521477612,36.1423021653192,49.4760717571575,39.8960134889556,46.7518549032408,54.4672857218016,67.5630339565799,97.8718882194088,78.6500913806554,91.8978847640403,107.300876844006,0.0886869719778782,0.123988518560646,0.0987819507238768,0.115753813814635,0.13574280034748,0.0899540507334228,0.121919355164026,0.0967955905085365,0.116189048072356,0.134666273519247,0.0888328544759242,0.122519134936007,0.0979426563669368,0.116329666348855,0.135109289820541,0.088460203500952,0.121939355451757,0.0973956280181096,0.11528010296599,0.134625578644595,0.0884262072312849,0.121916529106979,0.0979554342758911,0.115043999240048,0.134272084681185,0.0901658429835361,0.118023261453616,0.0916754123228828,0.114336699771382,0.134549169404145,0.0884236020030621,0.121711227478316,0.0971978623300997,0.114804806036896,0.134362078747327
gaussian,400,810,0.38268343236509,0.25,52.5722989954184,68.4610444921174,52.7187296553892,70.8095671354282,75.7392798537889,27.2191090934556,35.1436760073091,27.292362539172,36.3150106149209,38.7737469465905,50.8389034842673,69.0305229301361,53.3406027070409,70.7830980149416,75.7362151982318,0.0651933949925286,0.0849981513221285,0.0666759468418715,0.0813771969205493,0.0882863830809107,0.0648203927729203,0.0825130333402849,0.0620394378058472,0.0864411849363143,0.0921628643841436,0.0653120416893267,0.0855675600825013,0.0654915483563009,0.0890897076615211,0.0943074545661046,0.0659668913176538,0.0859728185890891,0.0662572380606204,0.0884366794416627,0.0948680884676704,0.0654191986563629,0.0846939278251536,0.0650314567422438,0.0869333704158781,0.0935405063809383,0.0675269593358823,0.0854063859065166,0.0657651707038986,0.0845909609329666,0.0956270622639848,0.065978333893079,0.0857879612459812,0.0657158308057983,0.0887012337656842,0.0948390760818646
gaussian,400,811,0.38268343236509,0.25,32.20774775864,52.0976014989376,42.5037629443593,52.3423878946891,56.7733877310616,17.0624212806921,26.9822538813275,22.1974207345798,27.1044555019916,29.3144410861987,30.0342408682823,52.4331245245625,43.2979981651636,52.3885372584932,56.1712793481828,0.0405911109145926,0.067478253467915,0.0556164059462154,0.0673394626936633,0.0733425542512654,0.039671228560728,0.0658093553062093,0.0538510252325292,0.0651400948198818,0.0708548632458499,0.0410666134226057,0.0664201367619054,0.0542586736055175,0.0668887793576914,0.0718222786149538,0.0400348152810389,0.0652163721120502,0.0530940125437448,0.0651797238803843,0.0707842286688892,0.0392229696463781,0.0660453986079857,0.0538468075641239,0.0652884767511526,0.0711827978209735,0.0405954214090605,0.0649547289210826,0.0499198575860363,0.0672013787279748,0.0720492422299342,0.0399398588225218,0.0653748228745625,0.0532869539105026,0.0653863217095827,0.07079248626333
gaussian,400,812,0.38268343236509,0.25,51.125624725104,46.6597008851204,28.7952226736012,62.8681782806689,64.6715268825488,26.4975347759688,24.2701982143176,15.3604375046851,32.3541545725832,33.2535793280018,49.5728594885628,47.5385608606726,29.5596323658338,63.0060614616167,65.2665607643695,0.0654838492793474,0.0607799645914561,0.0379903630827791,0.0793325164719936,0.0830100956548253,0.0642210889939879,0.0598873091132875,0.0372253540229449,0.0789403993276778,0.0822066737071268,0.0643071451480614,0.0598053658730322,0.0371677103957437,0.0798707560430555,0.0820579807553085,0.0642534624529904,0.0583093697412382,0.0356606055291279,0.0789504239657416,0.080795811239614,0.0647769815803355,0.0596522886659391,0.0371586809848488,0.0797253131010795,0.0819929638889063,0.0663256451717425,0.060230273747827,0.0379288839598366,0.0779296053485902,0.0829102175916347,0.0640814118629837,0.0585502621707221,0.0358737707230489,0.0788597925115385,0.0810471262898331
gaussian,400,813,0.38268343236509,0.25,45.846426810307,42.822097319027,25.8694967171578,58.2262287198907,57.8768942286312,23.864511948964,22.3562186938404,13.9012576887658,30.0390202168102,29.8647404863803,43.8351560870198,43.3556195642629,26.3230853011476,58.3430906569735,58.1032387326258,0.0557264625156474,0.0343958004540584,0.00870256413635565,0.0573375483053719,0.0609632527123029,0.0551386073744586,0.051782258542288,0.0313911193029513,0.0703529487229604,0.0699666187152707,0.0562668159416192,0.0533815414754562,0.0318382543836948,0.0732206457968212,0.0723088563289744,0.057523366053247,0.0531723283202828,0.0319836419840479,0.0721993417233417,0.0721551340922522,0.0582621101106984,0.0529412389144357,0.0314759221281864,0.0727112336768428,0.0721188600312817,0.0520709318553439,0.0548267823711872,0.0345574855994779,0.0737063881967968,0.0718445347605612,0.0574030885902344,0.0533536032073298,0.0318330059878073,0.0725979946963906,0.0722759533295742
gaussian,400,814,0.38268343236509,0.25,54.0489674080957,43.5865879787467,27.5640621470068,46.3308385770834,59.4047150978268,27.9553850549235,22.737504683599,14.7463394426184,24.1062138116982,30.626714643847,54.2893216168458,44.6145917899695,28.1672819038601,46.3604579730535,60.7349250627438,0.0684802397004007,0.0569187099438738,0.0367353820012239,0.0596476235004439,0.0763527454661548,0.0641790128812077,0.0476217951448652,0.0290081496456868,0.0496504666320548,0.0677464196972225,0.0682347784830345,0.0545575081957096,0.0341620285843772,0.0584859052090473,0.0746553154851458,0.0683253289654458,0.0546807875220852,0.0341769594014989,0.0582708162837193,0.0747776351992025,0.0676015002615637,0.0528290181065151,0.0326040850494831,0.0561544265551764,0.0731341967644094,0.0647946961581473,0.0523452223927154,0.0334339790155862,0.0528150737375647,0.0695526354027961,0.0684627592917147,0.0546615894826038,0.0344325021463443,0.0579834096560844,0.0746231558375502
gaussian,400,815,0.38268343236509,0.25,43.130107836725,51.6536839248159,37.1455013870757,59.3324137984578,61.4085456606047,22.5096512297624,26.7609473163285,19.5251706002408,30.5906659242768,31.6262704181851,41.5216273211691,52.2405775472859,37.7868964837052,59.4931061205785,61.4678566061701,0.0518777002326676,0.0670053731516179,0.0485071786685945,0.0757860078000826,0.0767586351926345,0.055500805157181,0.0621299609761323,0.0412149018285611,0.0746223386976207,0.0759104783038597,0.0547898986917853,0.0658603047419756,0.0471104788883591,0.0756452237258043,0.0785044207729549,0.0545607986965822,0.0647861634541607,0.0461810452731741,0.0743259672624356,0.0768130514005429,0.0534915296544761,0.064024564255905,0.0459595408796406,0.0733204376360728,0.0758223128475936,0.0560879853629059,0.0631333464132357,0.0437255885006345,0.0732633900292756,0.0772649682602226,0.0542898007570014,0.0646856944668591,0.0461459212737606,0.0743842513752572,0.0767102967410587
gaussian,400,816,0.38268343236509,0.25,43.190796537918,50.8186157123156,37.501123399423,50.1254812068298,57.3692968686079,22.5400179483424,26.3445289876738,19.7025391959169,25.9988391725831,29.6117136896049,41.8009451598509,51.2852949122437,37.960088270949,50.0925922656423,57.4620357898179,0.0533297095747741,0.0566435779055658,0.0379526923775156,0.0602202780723699,0.0685791546539877,0.0552717011491108,0.0625324525149966,0.0458026859393759,0.0627242794289029,0.0723747139269332,0.051378234562751,0.0623003664505094,0.0463367053787146,0.0610966565525499,0.0696183561074607,0.0541348725821139,0.0634822809216058,0.0466655703455226,0.0627156428499554,0.0716196460357229,0.0552114501908542,0.0637102178221043,0.0466296331201288,0.0633088554269653,0.0721146948739405,0.055643335078783,0.0635694241070818,0.0458927253085708,0.0644023210617564,0.0733920157855888,0.0541922820747824,0.0634723145529919,0.0465935071764222,0.06250318437959,0.0715809076809021
gaussian,400,817,0.38268343236509,0.25,31.032856168367,31.7661057954015,21.9742897061695,33.3858594442675,42.4014659543041,16.4760913942153,16.841954320139,11.9583639394187,17.6498939420613,22.1462770922489,31.2813960904959,32.5053395822195,22.5561042885052,33.4278063685074,43.2597098649333,0.0333118141736711,0.0365845039667142,0.0268260588452509,0.0384037255852649,0.0480089709615974,0.0395128171701012,0.0401081603972061,0.0281793465385375,0.0420698681833861,0.053439424454742,0.0400755503658569,0.0406222583871615,0.0279066627254622,0.0418937329009377,0.0537745591497815,0.039316200459049,0.040267252683436,0.0278989069910777,0.0419289695535578,0.0534713392003898,0.0396998059201899,0.0408169061546946,0.0282748928237934,0.0428061789103889,0.054139505278625,0.03875000100898,0.0420278915655823,0.0286352133206513,0.0433278317567205,0.0548132058506431,0.0395311629280665,0.0400986936930353,0.0277490459224297,0.0419296095662268,0.0535222048848833
gaussian,400,818,0.38268343236509,0.25,27.5776965251894,32.4700215120885,22.2456338293035,39.1908702920595,42.5581276526531,14.753057339463,17.1930092128255,12.0936938504429,20.5450860591221,22.2244643679144,26.4008649004644,33.0104252327413,22.832094885849,39.342896177947,42.7752857974315,0.0367368501057723,0.0429715745149707,0.0301785251010164,0.0509756499068704,0.0556502562428334,0.0332307931538705,0.0413479657198525,0.0291457604333253,0.0494730679254719,0.052583232928265,0.0334364407102794,0.0368231229321163,0.0232933463828987,0.0467168919201816,0.0505593716431718,0.0349981791776187,0.0407854268308888,0.0277721345838403,0.0491662391006633,0.0535079515339965,0.0346647225222426,0.0405465716529166,0.0270277286453088,0.0497084006932605,0.0539537492805416,0.0344056391393448,0.0427751660814036,0.0284771559703125,0.0511251422441357,0.0554636600858981,0.0345546562004355,0.0410373999065976,0.0280093315537454,0.0492277080505229,0.0535802425876091
gaussian,400,819,0.38268343236509,0.25,30.8675053308471,30.9391185971572,19.3643536911189,38.8928431882225,39.7865611435331,16.3936954147133,16.429671781938,10.6570414675958,20.3963868615969,20.842170831736,29.5605075768814,31.2169114335215,19.4187731887825,39.1608805094923,39.9365564587724,0.0408856230326723,0.0395396595259573,0.0247333440712761,0.048098557970855,0.0513075979362665,0.0396186471215445,0.0405062636332102,0.0261820014160219,0.0504389850136628,0.0513809955258382,0.0397528234152996,0.0382241070306929,0.0226274208532871,0.0494369667752445,0.050464594029413,0.039115169136287,0.0384601264200468,0.0234210482676633,0.0488384527554431,0.0500543723746883,0.0395312380685132,0.039232605758032,0.0240611013444278,0.0494399543092063,0.0503729300191252,0.0248721223812045,0.0368671792886488,0.0214731959151234,0.0453530292256332,0.0435702949587624,0.0389943916658981,0.0385658316725323,0.0234610220610144,0.0489200766389238,0.0499491375069287
gaussian,400,820,0.38268343236509,0.25,46.5091996982786,46.8446371391179,30.2820259381902,60.3477094534707,59.6008657305371,24.1952474572702,24.3624778468543,16.1019403739233,31.0972228672306,30.7247232252306,44.0824322737343,47.3366432427784,30.9218566775799,60.2712405524231,59.4833662001939,0.0471151692783374,0.0454765962827607,0.0236202299982116,0.0696968606988731,0.063372884405183,0.0600444081217354,0.0589284056069885,0.0383876093142089,0.076258483806598,0.0756947626187611,0.0593176654135329,0.0565537804933851,0.0360721933822113,0.0736695733152341,0.0728548602100888,0.0584654514678701,0.0587977116896278,0.0378779074523671,0.0758075929850024,0.0747357450996745,0.0568533692999651,0.0572309105562457,0.0367979505491915,0.0731331615773714,0.0726630826584409,0.0599690328670985,0.0589182781108922,0.0379411241231673,0.0746330814341448,0.0751376444874374,0.058454702161135,0.0586868661436716,0.0377437477371091,0.0755466515781401,0.0746250865738729
gaussian,400,821,0.38268343236509,0.25,44.2723105945022,66.448212211352,53.4675303476825,67.8437487864428,73.1153804972305,23.0795543862888,34.1396400698472,27.665639706333,34.8357797437314,37.4649845534481,41.9860518591181,66.9292475900316,54.2265488246547,67.8630357054204,72.7734933031429,0.0510556975984773,0.0834612024532615,0.0687033712093046,0.0851389134683252,0.0888434878346028,0.0536330927496051,0.0845702116039657,0.0685159419512732,0.0845807649502222,0.0908903107883684,0.0559848441287949,0.0831289139808537,0.0661385328390677,0.084903105150857,0.091722770198794,0.0557723447883524,0.0831293443705203,0.06642672831244,0.0846559840459445,0.0914466010861431,0.056302180800311,0.0835178718107229,0.06696079170674,0.0854418089002448,0.0915336047790221,0.0565324316235472,0.0820566877432461,0.0645746044937545,0.0837988661057178,0.0912576811753043,0.0552977827334728,0.0831612600415142,0.0667664825567984,0.0847064886453593,0.0913485335145439
gaussian,400,822,0.38268343236509,0.25,46.7136737256668,39.7637685336322,23.4684882119723,53.6912074909738,53.6059259437304,24.2973382862885,20.8309761333827,12.7038821599422,27.7771857033318,27.7346941172496,44.220485403375,40.2073152936721,23.8797891881684,53.7795310888129,53.6190175244841,0.060757513182037,0.045443763169797,0.022549687638767,0.0672781849073399,0.0661570867022552,0.0572206840310434,0.0444631950176335,0.0238857863443043,0.0618329664352162,0.0630441333395488,0.0580664511528128,0.0508863793880494,0.0298285371447586,0.068277839941019,0.0679837208401935,0.0584330633670775,0.0503434030100327,0.0296317018668204,0.0678887101004215,0.0676146504710032,0.0582131456197867,0.0484680693439497,0.0279197833393729,0.0658232920347281,0.065875780857117,0.0550523573519998,0.0499894772986824,0.0305242360556341,0.0654376973213856,0.0667676410687409,0.0579401844420685,0.0498704902149926,0.0291903671360583,0.067379998136727,0.0672200697440217
gaussian,400,823,0.38268343236509,0.25,44.4793335010887,45.6528960482315,30.9348633635005,51.5978018907848,58.4559497985785,23.1826208112965,23.7680579142237,16.4276116144124,26.7330423879233,30.1534935409635,42.8528998596583,46.2238960408906,31.4505629746027,51.738714416812,58.833832671296,0.0578768957696217,0.051204741445272,0.0299033745044084,0.0570311037337907,0.0675497833929778,0.0564538195591966,0.0532827810576053,0.032891771537439,0.0629332058538482,0.0719330877789054,0.0552955469859808,0.0555526195395615,0.0359504800707625,0.0641186129322332,0.0721259013644839,0.0553952925328078,0.057458381437531,0.0390149157512615,0.0646830694327378,0.073469075385662,0.0558779935646747,0.0571885653529317,0.0381486126274863,0.064293264486067,0.0732820325360302,0.0579713169507754,0.0584527873714033,0.0395235313275709,0.0669088071814518,0.0753168739218937,0.0559642911049468,0.0573572385102997,0.0387007055086311,0.0647693404888766,0.0734899778308212
gaussian,400,824,0.38268343236509,0.25,23.5448325577954,42.1775320072254,35.358342191563,39.7740668947066,44.3080493669901,12.7418108692219,22.0346797518118,18.633714948659,20.8360355853914,23.0972839513744,22.0007405428231,42.4082930881681,35.8706968176322,39.7838781870349,44.037922391989,0.0314056013840558,0.0533522068281455,0.0443796400401986,0.0519642064666891,0.0576137955847937,0.0313194126301807,0.0511847290250321,0.0412161726823802,0.0495470629616303,0.0558999558948478,0.0308321980174597,0.0532735480406045,0.0438552355931304,0.0511355265962291,0.0564894115693687,0.0293021941542504,0.0527904792932455,0.0441587475328115,0.0497202593877719,0.0554099840958804,0.0292849808825945,0.0536239264856382,0.04505412113533,0.0496130959583077,0.0555394658814791,0.0203467464090914,0.0475371861309886,0.0418693519545055,0.0424378343094224,0.0459278597538285,0.0291447005799389,0.0528634868840105,0.044040061704015,0.0497257194520445,0.0554734749696405
gaussian,400,825,0.38268343236509,0.25,55.387074254105,61.7594213418552,46.5427038307081,54.8055143058314,68.0078205935761,28.6231276519132,31.8011990196575,24.2118171917084,28.3330575875396,34.9177721586054,55.0909063890688,62.6675131086751,47.1477924212053,54.6836435892084,68.6530112591293,0.0717334341115694,0.0796959523290808,0.0606655312922175,0.0710047397885841,0.0875067571122438,0.0707282481686168,0.0778307492862728,0.0580924665381902,0.0704876710286007,0.0863097199343805,0.0678854411536355,0.0768046851895322,0.058374068892439,0.0669475224377163,0.0830449346320994,0.0684870229083616,0.0766654216443011,0.0579575281629944,0.0676242547973098,0.0841628267979315,0.0697151811741242,0.0775715598084009,0.0586730831973265,0.0683640256889432,0.0853628726559648,0.067703648672388,0.0791153225545254,0.0584473712972666,0.0702538509258869,0.0867701334706463,0.0689966652073179,0.0775580738699793,0.0586774258961197,0.0686376555314776,0.0849396015833803
gaussian,400,826,0.38268343236509,0.25,38.6870121687224,32.2030661306921,19.6781605099338,38.1106292370299,42.9485604653664,20.2940227487721,17.0600156764994,10.81323723652,20.0064275522785,22.4194113556493,37.9532562396681,32.8425821144501,20.1883564894319,38.1023604798591,43.25392882764,0.0470939644800765,0.0402416742504329,0.0244345736684001,0.0476639822445081,0.0529240837039251,0.0499811294438627,0.0418294393130913,0.0262802353244854,0.0496319156497043,0.0553447355517578,0.0484067246529847,0.0398173673695978,0.0241978963304292,0.0478793106400826,0.0537497333573654,0.0476546659402733,0.0399015806542531,0.0243345352943666,0.0472199350776518,0.0530293066890554,0.0479536553778449,0.0395225333069642,0.0242341621677184,0.0463990403893771,0.0529581588737359,0.0406445232881418,0.0304303437796124,0.0186063851835525,0.0398518425813933,0.0418089900089747,0.0480390321500513,0.0405757088008007,0.024923410467408,0.0478512847301542,0.0537153544766029
gaussian,400,827,0.38268343236509,0.25,41.7263070041503,57.6161332357051,45.4244521322355,56.7953149635844,66.2077572911606,21.8096219406008,29.7346047904415,23.6541505551334,29.3252536050588,34.0197084160502,40.1266302189931,58.2160602408441,46.0882004674722,56.9791191884333,66.2936076339346,0.0484272729482413,0.0693649340590603,0.0555295138672311,0.0665759523420512,0.0804712588329455,0.0540120048336851,0.0727411403961804,0.0573890620135758,0.0712913635602209,0.0833015335515177,0.0530894168867273,0.0733092859873652,0.057396149912293,0.0724120776012335,0.0838463016762605,0.0522392415657365,0.0718970199518969,0.0563316005946107,0.0708165207053723,0.08275790299605,0.0531330773435745,0.0727665009543699,0.0567859740390082,0.0718782991407294,0.0835568246754244,0.0526449852351124,0.0735988620160676,0.0565030566178901,0.0731641027494406,0.0852124308560022,0.0526222465645112,0.0723635857690098,0.0567894869366477,0.0713967534618624,0.0830983164901301
gaussian,400,828,0.38268343236509,0.25,33.1694699022141,47.0258599255323,37.2376768940031,47.1800360480331,54.3387556724788,17.5419792425933,24.4527136599176,19.5709043021773,24.5297480130011,28.1000916372931,32.3076661731689,47.7514578880884,38.0573479336034,47.2059869936392,54.6965376558041,0.038928856697406,0.0462160151276379,0.0331742912904623,0.0546412102544225,0.056526623985654,0.0409889190422615,0.0576667192623787,0.0451494020643112,0.0571153360257345,0.0672744923138028,0.0419840127556351,0.0590288596051001,0.0471154033055106,0.0585907441454708,0.0682711449081599,0.0416633370078988,0.0594694219445307,0.0472950985319195,0.0590578469072675,0.0683140758270808,0.0409273355901475,0.0591858982674245,0.0471624235858829,0.0583013467178284,0.0674042862226903,0.0429940415333718,0.0592364686853929,0.0471883378632568,0.0572963883615966,0.0678644553090667,0.0415175261483238,0.0591342229382762,0.0467797257173157,0.0590765979594948,0.0681443653652009
gaussian,400,829,0.38268343236509,0.25,37.0696001355795,55.4870527288147,44.5343140607871,56.3030335406255,61.6471992676238,19.4871752840397,28.6727990753402,23.2102797999526,29.0797938625807,31.7451595389621,35.754587914234,56.0243536236536,45.1457646886351,56.3984464740193,61.8438657049172,0.0433147678698862,0.0717687515374434,0.0579656803153905,0.0723030286180508,0.078315729204647,0.042284365611815,0.0678897432995225,0.0547781982545483,0.066657062889648,0.0752736916479629,0.0455588434328512,0.0700607721008843,0.0568978503409782,0.0703346233475904,0.0778849009738443,0.0458283845694234,0.0693764492818195,0.0555499005286907,0.070189161936348,0.0770940787416392,0.0469050075682573,0.069411755043173,0.0555172560183319,0.0704577958926453,0.0772104167525213,0.0468014188300247,0.0688431979740084,0.0512339809695511,0.0722728526606088,0.0784952110966239,0.0462359934307013,0.0696541828626684,0.0558271952658709,0.0703544954334315,0.0771392184568907
gaussian,400,830,0.38268343236509,0.25,36.4596312572404,49.704921423864,37.9452670021682,52.314138892433,54.6044034491614,19.1827994935125,25.7891116112584,19.9241535509025,27.0905038963262,28.2326572246435,34.8178960376079,49.9342624038546,38.3623770923696,52.170446302181,54.5453703070847,0.0399577579357063,0.0626076956673723,0.0494013491099451,0.0645688383623352,0.0654749591969533,0.0474967777834988,0.0641626443305152,0.0494552298260528,0.067088574786515,0.0698642378242242,0.0433281689877129,0.0609452835155582,0.0461912645369539,0.0647638462272284,0.0665921356629682,0.045606423163506,0.0618561441821749,0.0471373296542073,0.0648552798127891,0.0680744053329363,0.0461721787117876,0.0619266014918626,0.0463654444313984,0.065889165988248,0.0684150038315389,0.0458357868764798,0.0589342963486741,0.0428861713640035,0.0640975318814969,0.0675298348639707,0.045752980007702,0.062053551893033,0.0470228818425646,0.0652991368730057,0.0682890000797015
gaussian,400,831,0.38268343236509,0.25,40.0676743820616,45.9606856904179,33.4341551838089,45.7013728695183,52.4691483235716,20.9824348984302,23.921645839886,17.6741728731034,23.7922797804714,27.1677039239276,38.4980359696677,46.3081235582749,33.7445174001869,45.7229874991799,52.5033950018392,0.0525536717334399,0.0593472762520777,0.0436841120768754,0.0595048055210649,0.06731957735813,0.051337408030998,0.0592550456164075,0.0433888082760002,0.059003551197842,0.0673374163659754,0.0511792292588678,0.0578602514603744,0.0422062137594056,0.0568882035037291,0.0661993572965365,0.0501139511764138,0.0576510554948029,0.0417742668778375,0.0572713908077141,0.0658537936509523,0.0512884623085285,0.057864186205481,0.0419270511571958,0.0576719759234346,0.0664500934733864,0.0478114371329895,0.0558577450455352,0.0422487100022065,0.0539392086883603,0.0619378371479035,0.0505315369358105,0.0578045798581394,0.0417981902772859,0.0575240802658608,0.0660087633397254
gaussian,400,832,0.38268343236509,0.25,51.7433722531577,58.7210696835703,41.8580931411745,68.0127954101142,72.34584167279,26.8059257632045,30.2857340984886,21.8753982943154,34.9200688307941,37.0811617705338,49.2687496033392,59.4316654599911,42.7541653859664,68.0772389234101,72.3386732503168,0.0199612268224658,0.0553941523331081,0.0455957384799269,0.0572707950140268,0.0625668428052433,0.0652472235214877,0.0740224524324328,0.0528880802699227,0.0864092955891079,0.0913302908975854,0.0658998163791572,0.0743677569604276,0.0531237616156963,0.0851597767473444,0.0910887421892321,0.0644928547371703,0.0735862976835916,0.0524375143381958,0.0852473494315743,0.090499450492154,0.0649541451423299,0.0735562644760684,0.0520806046755554,0.0856358206510694,0.0905376407856561,0.0667454105376898,0.0758428904154869,0.0540946398395395,0.0872186250432395,0.0928629934922872,0.0643691003255042,0.0738114851608339,0.0526087066493659,0.0851834108251573,0.0906314015670703
gaussian,400,833,0.38268343236509,0.25,48.704850970575,59.9409211982508,46.5579825688944,53.2854945652202,67.7387014062806,25.2901487233298,30.8941292092473,24.2194405496632,27.574822423378,34.7833484465605,47.6868401339448,60.6929887851348,47.1845021299206,53.3407274437392,68.1866467490251,0.0561825907825511,0.0772959787663544,0.0578828429065921,0.0690594164395889,0.0871224295524258,0.0593099660550414,0.0759083214443158,0.059225290359026,0.0639308834469613,0.0837403949255224,0.0615775776472196,0.0729863214407557,0.0563468551633913,0.0645502554221447,0.0828398504546945,0.0613342998023943,0.0748075701422568,0.0580524904764227,0.0660481821169905,0.0844146352055034,0.0607775674018308,0.0753870345403102,0.0590606647362294,0.0668319514516166,0.0849286066113811,0.0620795883165353,0.0756939621496763,0.0583159099273848,0.0673803767645757,0.085432044176255,0.0612194266037199,0.0752618968048666,0.0584018502125608,0.0669967372464056,0.0850137553240126
gaussian,400,834,0.38268343236509,0.25,48.7461192579393,68.3879570064069,55.1314705197995,61.614603680195,70.3402422852486,25.311070181014,35.1072014321774,28.4955857847052,31.7290627874571,36.0810684325883,46.4006688369982,68.7580326611038,55.662200846291,61.5275909545469,69.8479998241869,0.0581880831837438,0.0850611408642949,0.0700171399977946,0.0742988465896798,0.0835372958067427,0.0622393287992541,0.0866097002550499,0.0686012584224864,0.0790515476377231,0.0895889279668663,0.0618669280009573,0.0863586471573197,0.0698565605722231,0.0775438257583181,0.0887732686342769,0.0599787189450834,0.0851463958192734,0.0687129171434889,0.0765082956503661,0.0871113861140575,0.0612052144724329,0.0852608048350943,0.0684129260591259,0.0769211416173108,0.0875628930608107,0.0528341585881608,0.0858460649681455,0.0712768470672472,0.0731695636806165,0.0860720497994359,0.0603714872393604,0.0853038029429008,0.068796972523597,0.0765551065752669,0.0873976519227783
gaussian,400,835,0.38268343236509,0.25,49.4314390667708,46.1495357357082,29.4672698506402,55.6044466206273,57.2252866191749,25.6526789744127,24.0158342161578,15.6955623850415,28.7315838952817,29.5401117408416,47.1039658119735,46.6495159559521,30.0812403975055,55.4362787815455,57.0203691597855,0.0629284710732698,0.0514004513953699,0.0297665418166167,0.068992627397565,0.0664911319868438,0.0611298653057857,0.057184101712734,0.0358856056974826,0.0693202565902161,0.0697540669580485,0.0621587861817511,0.0581164314533245,0.0369845998473174,0.070159905671254,0.0702655431952428,0.0615629670748648,0.0575261266583883,0.0367285370655217,0.0690990432929024,0.0708515317188169,0.0598628663499756,0.0567716762490705,0.0365307675642098,0.0673814321096339,0.0701186506912646,0.0572512808221518,0.0546615431516759,0.0342858403779597,0.0683801452067375,0.0660501176426477,0.0618603652011105,0.0576030448570779,0.0367428592616538,0.0692714449053672,0.0709845478199367
gaussian,400,836,0.38268343236509,0.25,60.6704602900269,59.9106722729163,39.7171213799911,76.5202501911868,77.7002421274396,31.2584722860714,30.879176846087,20.8078912693392,39.1630654350739,39.7516322236147,56.9573303806572,60.3676851171972,40.3531036003785,76.7066326980547,77.2314217978642,0.0709855440483168,0.077311077906989,0.0508702260406121,0.0981428834635085,0.0990353308942191,0.0768288439144612,0.0762664874907099,0.0501343263390059,0.0976100814706266,0.0992670738577722,0.0744954204609643,0.0745808184725415,0.0480944135171386,0.0963856071297831,0.0975209261101633,0.0745495154485552,0.0752921410260773,0.0494960893349759,0.0963313092892134,0.0975560530768807,0.0754693108852056,0.0754672964204446,0.0495509978109308,0.0962011984961626,0.0977743551675521,0.0735957221241502,0.0743728371994036,0.0492955388669225,0.0927465248103103,0.0961272494816971,0.0753012028035244,0.0751356700164868,0.0494777401552475,0.0961727448014825,0.0975232717377026
gaussian,400,837,0.38268343236509,0.25,44.5815363266215,45.038829231945,30.5155028448469,51.4909006063099,55.1174632580199,23.2338013159704,23.4619008211722,16.2185405472268,26.679805536443,28.4885921967443,43.2232464719099,45.5745040654317,30.9516716668624,51.5260233201734,55.3871317107052,0.0579179515461712,0.0559804771632477,0.0359240524083853,0.0657042943782821,0.070499274865244,0.0569440131797115,0.0563364365012899,0.0377936071720147,0.0656948389964114,0.069630033931404,0.0559965786389586,0.0573186628734825,0.0389703648160904,0.065422961643414,0.0693807467682502,0.0551120962329673,0.0555685495953682,0.0373399080586666,0.0634593450497552,0.0683084463186604,0.0545839529890308,0.0563656832796419,0.0386966642946962,0.0640147757377039,0.0685803923947125,0.0579930764780625,0.0567458123055334,0.0381139414242,0.0665237729759484,0.0706748430241669,0.0556206010087098,0.0563085303052668,0.03802724906316,0.0644843143517073,0.0688976575176735
gaussian,400,838,0.38268343236509,0.25,64.2090904416452,66.4079433422031,47.1152319553565,69.2315785786949,81.1643795194678,33.0229246025648,34.1196191338725,24.4974990023978,35.5279204855211,41.4793760605733,62.6590631989938,67.3134345451031,47.7185392831452,69.3103712126368,81.9225167020744,0.0827456580159811,0.0837792030265898,0.0554838344789049,0.0889517251853015,0.103721272387126,0.081865749239498,0.0846044765018752,0.0589726424383782,0.0888659207170956,0.103582019454257,0.0801471735413041,0.0805490757718196,0.0562633700404751,0.084495882989241,0.0998925654616963,0.0797170526898357,0.0831066815088239,0.0591367589035688,0.0860889691477353,0.101215164188026,0.0809744457740852,0.0833202115165276,0.0586257723389168,0.087023960008469,0.101844881658639,0.0823918857308986,0.0844708824450035,0.0586349102408982,0.0882137685660711,0.10389809223693,0.08054096192316,0.0832768147711254,0.0589799497235361,0.0867039737445814,0.101699027182712
gaussian,400,839,0.38268343236509,0.25,45.8244033026285,66.752337815519,52.170448475372,71.9172210568448,74.6352251553768,23.8537593452021,34.2913503626037,27.0187737587167,36.8674331396919,38.2229504176577,42.9622619970243,67.0722517849507,52.9176088374458,71.9253523867789,74.1430828041861,0.0582500455231162,0.0853464064829689,0.0650507232361627,0.0923814396988215,0.0957913674158891,0.057567018802611,0.0838643218998235,0.0659114092582644,0.0882327321037826,0.0934597960320306,0.0563085544332504,0.0808956011145772,0.0627097092861566,0.0875893585818022,0.0914488355377939,0.0572572423962993,0.0837642807114885,0.0650784133357829,0.0904201425625986,0.0937910902258081,0.0563064328833785,0.0832110885647628,0.064713344043236,0.088790584926405,0.0927812228640222,0.05749082707265,0.0766660386779874,0.0525282368354635,0.0883700592017274,0.0913328881328269,0.0573775429999227,0.0837088816489848,0.0650477166154412,0.0900036853238147,0.0936690377117644
gaussian,400,840,0.38268343236509,0.25,47.8770453723585,53.958480269223,38.7994651440168,57.8781904719916,66.1190118121901,24.8771278966771,27.9104494232054,20.3500348861189,29.8654312955399,33.9754476001306,46.9480976628404,54.7626167553264,39.4318133355669,57.9446705985352,66.8656249956366,0.0601332323535224,0.0685096669206757,0.0474614814431438,0.0748326858859509,0.08513035740929,0.061960405397961,0.0656539425788054,0.0440730575017048,0.0723803850971902,0.0827493709346829,0.0584107599114551,0.0667336050195879,0.0477463590433303,0.0706479373554208,0.0817264825440329,0.0606603627205956,0.0677257882942121,0.0486435160267291,0.0724681467875436,0.082989521508503,0.0614094268972522,0.0684955810028248,0.0485813744369236,0.073798348518873,0.0842935809811549,0.0587854359539283,0.0690448690965065,0.050510475016283,0.0732419878839409,0.0837387818695023,0.0603800438491095,0.0677762365285457,0.0486377027957578,0.072564760182033,0.083061395883221
gaussian,400,841,0.38268343236509,0.25,34.5999485763228,56.4641281362617,48.1328095198023,45.7434048001328,54.1425439410535,18.2557362228594,29.1602170209552,25.0050119698485,23.8133266948222,28.0024576563591,32.6984664522139,56.684901137216,48.5898743839897,45.6154385484015,53.6429262723961,0.0456805673173181,0.0724173520694317,0.0609720867031515,0.0596777871894431,0.0701342913301176,0.0397441034699815,0.0717199639893053,0.0600308776472145,0.0583138826563759,0.0682380612649829,0.0409848857808919,0.0692529103303638,0.0600970507619279,0.0544667202150063,0.065583680929133,0.0415484256980092,0.0705641832496385,0.0601601409960206,0.0569076950769213,0.067045677615166,0.0425293379398519,0.0709794823363078,0.0605132706379731,0.0570033959183319,0.0671499131359337,0.0382752407835912,0.0717833106135367,0.0619197674285605,0.0585423943177798,0.0678231174786433,0.0428158612780203,0.0707664921018303,0.0602508090032506,0.0572044819602362,0.0676440847066376
gaussian,400,842,0.38268343236509,0.25,54.6178785353549,62.4725162459119,43.3904365116802,76.2381508988778,74.8598164557596,28.239429647259,32.1569469395309,22.6399932647291,39.0225276709443,38.3350322746249,51.5368631314673,62.7977780620622,43.8560308222126,76.2392436378346,74.6196546653235,0.0522859789984408,0.0741422662936103,0.0385400139775803,0.0970111385265321,0.0958644232903439,0.0656271177123893,0.0761591792611688,0.0519200722962776,0.0958261939308051,0.0914887436732465,0.0684101422803325,0.0772970460316119,0.0528942763572619,0.0935328181973148,0.0925445187294413,0.0681633237512407,0.0778757650778805,0.0537737212591972,0.0949571917270842,0.0936600702083573,0.0677990554487088,0.0780461449564229,0.0535814069155286,0.0950246713389416,0.0934351230613603,0.0685303301187509,0.0777519961653981,0.0495528585154253,0.0963555743296828,0.0955057924842252,0.0680847053132431,0.0779532605367772,0.0536622915623974,0.0952534312638168,0.093561843920493
gaussian,400,843,0.38268343236509,0.25,31.7819102489394,50.8692722946362,40.3294038121676,54.3732409870719,53.9779013837043,16.8501542739071,26.3697281360389,21.113077057947,28.1174276689271,27.9202722573443,29.2788180434218,51.0010381616041,40.8898061705699,54.3289160434811,53.0486918611634,0.0307172133315278,0.0660306128027856,0.0514991366128478,0.0703940358921263,0.0684372320748389,0.0414791437521248,0.0652696678557038,0.0512165834201947,0.0702321529771723,0.0697133476195578,0.0349661854491214,0.0619293459688789,0.0486163634939606,0.0660575007716781,0.0649947494054943,0.0396968717828009,0.0644272049094572,0.0511825449754615,0.0685771678317365,0.0679242335588727,0.0392976282296669,0.0627275770453826,0.0493315208950408,0.0676059189686202,0.0667058156444589,0.0407950863324545,0.0642818938720083,0.0502609554955109,0.0696036589435043,0.0688568495277072,0.039360977418724,0.0637945234988575,0.050397037304513,0.0680015945551144,0.0674655110108197
gaussian,400,844,0.38268343236509,0.25,39.3527686764461,61.9409751123539,52.3868959140699,55.0068768149059,62.0491240706548,20.6258853262311,31.8917888612648,27.1267803638914,28.4334709869986,31.9458841904482,38.5232816110903,62.5092751040263,53.0100272267027,54.8740296546142,62.1434284282164,0.049844833106225,0.0691426675811466,0.0561313920881493,0.0575667628063573,0.0674751037263915,0.0498153950218976,0.07859947359355,0.06598618336833,0.0695885607712112,0.0785564025855642,0.0470627240417134,0.0758204631976701,0.0631887187590105,0.0674321656521646,0.0756530678737298,0.0491226355184476,0.0777886716574473,0.0657284048817175,0.0688384434544575,0.0775464864574907,0.0485422393855152,0.0772216629034329,0.065727917630647,0.0672906912162996,0.0756125460061728,0.0457351254329977,0.0793709744416357,0.0677083760866578,0.0670422208905076,0.0760488675727054,0.049562402614604,0.0776838667196975,0.0655844797897927,0.0688956095082674,0.0775821596249705
gaussian,400,845,0.38268343236509,0.25,49.5693800952487,69.5665461608599,54.9700788713763,69.6429449709993,77.0253833818519,25.721493253786,35.6949309872891,28.4150634871355,35.7331364314825,39.415064022277,46.932221228864,69.9783822353219,55.6396738886142,69.6525715425777,76.6384324407335,0.0613734820998563,0.0894581787888045,0.071191857831486,0.0888608521387538,0.0987783297305957,0.0643150250581736,0.0873932175670527,0.0684612862268826,0.0877673316156718,0.0977705648607906,0.060900986084809,0.0861050543889781,0.0670666056648595,0.0868901579986178,0.0954097212413489,0.0621300579920441,0.0867191795164251,0.0677951275129179,0.0870516555166402,0.0964847160867606,0.0626514908823361,0.0867792539273294,0.0682631697864658,0.0864205832781723,0.0962918321875429,0.0608176329909903,0.0889447053183678,0.0701361877931315,0.0890279013006688,0.0977400192763496,0.0618641925814847,0.0872791281978602,0.068907219297658,0.0871776597399763,0.0963847418064431
gaussian,400,846,0.38268343236509,0.25,88.8954786982167,81.7634100123021,57.5686451027915,76.1696353501003,98.6458512979411,45.3355258573344,41.7781429283002,29.7109806184481,38.9883392412967,50.1983199210924,87.2162359971267,82.978219686826,58.3146861283187,76.1522503300796,99.6130292611602,0.113194760305029,0.103523887809914,0.0729690553824108,0.0972872696121687,0.125139444503866,0.10957170953656,0.102323962308111,0.0732267518757831,0.0942579959853867,0.12232310065307,0.112267365256764,0.103531658286364,0.0731671643629335,0.096786336521896,0.125120036888579,0.110360761763969,0.102839483886258,0.0729223371327505,0.095412710467304,0.123363863553321,0.109776188974347,0.101677046954088,0.0710690120996487,0.0946422212486283,0.12296433745272,0.106535406534293,0.103953422020211,0.0731870200397861,0.0948933162036425,0.123457651793508,0.110840040536534,0.102422617012114,0.0722576573503839,0.0952720187631761,0.123311214642676
gaussian,400,847,0.38268343236509,0.25,47.3021215603743,60.6936776879201,45.7226783672689,65.1833424077144,69.4654005509487,24.5907890197194,31.2696485462968,23.8030034688785,33.5088923188738,35.6445649403326,44.6220616603015,61.0670505305387,46.2801030572339,65.2273741645316,69.059637159909,0.0615744520389753,0.0685742391344565,0.0485824333918801,0.0742160018803099,0.0841580269550132,0.0596962098806589,0.0782071769949668,0.0596372980261389,0.0828892617679646,0.0881480668211847,0.0598127963346472,0.0763226334848309,0.0563202734575813,0.0827045133371319,0.0881709368930559,0.0589706455651833,0.0758287468027021,0.0568472139747978,0.0813560875457987,0.0868512069715123,0.0575821072372415,0.0767545866631175,0.058176942064033,0.0821675708477759,0.0872323028665598,0.0595093686968262,0.0783001671394939,0.0588675700511107,0.0832443723893463,0.0889860807718826,0.0589318860156226,0.0760257144782372,0.0570164905584222,0.0817545977158169,0.0870189768868439
gaussian,400,848,0.38268343236509,0.25,27.4531450735352,36.6464697309382,28.0938933365221,34.0956846584728,39.9384228424708,14.6907276092522,19.2761470331228,15.0106712955943,18.0039637631108,20.9180224348688,26.4354284484382,36.9085964290426,28.4159507833463,34.0866991145031,39.9459886375543,0.0350476087934948,0.036655837906765,0.0164258963552375,0.0429653108423255,0.0474368920653395,0.0329572367489413,0.0471937007588099,0.0370585644480563,0.0432155804957866,0.0507356867599217,0.0351866444596394,0.0462681304957988,0.0350647162976935,0.0432809664765177,0.0505338563177837,0.0353186159872859,0.0466720763978869,0.0356824412364726,0.0432294808151887,0.0507529288864731,0.0357100592750036,0.0462222257094458,0.0350056445123994,0.0433374807385375,0.0503216948058502,0.0284220012326026,0.0450047806752706,0.0360914141455644,0.0381026393531487,0.0454294076393156,0.0350326538961766,0.0460281970242522,0.0349613583765019,0.0428546618881147,0.0501681936050079
gaussian,400,849,0.38268343236509,0.25,66.6644644124602,52.9737296888179,30.172369737313,73.4560023228699,76.7600528773762,34.247736690614,27.419292441635,16.0473008589827,37.6347350608739,39.2826581455746,63.2153878169254,53.6425972362858,30.818298347092,73.7571872108898,76.6334243444048,0.0846184750248218,0.0608890291606305,0.0337931715552905,0.0874793432127566,0.092174635554994,0.0836269338115791,0.0674382775836296,0.0382494941034982,0.0927418535484435,0.0970111795922827,0.0850406308487384,0.0678538401532351,0.0388557154895437,0.0934283249562133,0.0974902443710196,0.0834598170241868,0.0665966867692029,0.0375475350678179,0.0922947611508909,0.0965426277513651,0.0827027238021719,0.065533933277425,0.0364146472644558,0.0919771519344219,0.0956241811297756,0.0829923391243372,0.0578337266516318,0.0286278851591801,0.0844940059812589,0.0896258765766854,0.0835550381508239,0.0666040047655018,0.0376785121342097,0.0923297822765407,0.0964822873519877
gaussian,400,850,0.38268343236509,0.25,34.7354228362561,46.1704698817298,34.4960298641666,51.3182669328674,51.568716127926,18.3231394247095,24.0262690994268,18.2037508886029,26.5937847155917,26.7187401837308,32.7226927905924,46.4509761003867,35.0142384346805,51.2255370100887,51.1994673789323,0.0384585657430928,0.0601606272381744,0.0455222036067839,0.0666473512044387,0.0654783233158614,0.0409153783544876,0.0522410287447837,0.0392955693141248,0.0545521924063611,0.0588296666830165,0.043640379077128,0.0588248409822823,0.0439876532938168,0.0646943084058198,0.0652734313720043,0.0432323905664949,0.0573119133030599,0.042794780898953,0.0636658149932346,0.0638998415285388,0.042622783478285,0.0581052092569169,0.0432776889060902,0.0642094267524041,0.0635861360596217,0.0455297244508852,0.0580700995837901,0.0428217035194363,0.0629613743641223,0.0645510810369813,0.0433506003829644,0.0578366013794266,0.0429835389960439,0.0640949210605741,0.064371546219143
gaussian,400,851,0.38268343236509,0.25,39.6117271141373,61.6756925385549,50.5672738387654,57.2974576253039,63.2322920968349,20.7552366774548,31.7594270683788,26.2191957108138,29.57582387458,32.5358791190597,37.860866076427,62.0615700400468,51.0621346529782,57.3120704435681,63.0375405441427,0.0416113623772089,0.0671655529444045,0.0525174753508742,0.0672043633398223,0.0719410837406544,0.0495677585147318,0.0777679928725221,0.064279768681905,0.0713110468258475,0.0794352425091423,0.04708556143592,0.0758734415310622,0.0628096583972962,0.0701460978357588,0.0774497625178871,0.0492438337921123,0.0772399144925624,0.063064255644689,0.0715931524957129,0.0790095285182813,0.0497658151650545,0.0769460064841262,0.062645683966502,0.0717374135561115,0.0791288991916835,0.0485983336985835,0.0733326074816644,0.058405888395199,0.0729528494756075,0.0765489599573601,0.0490701344059226,0.077190115400616,0.063083594039272,0.0716769213208008,0.0789613024944
gaussian,400,852,0.38268343236509,0.25,43.0839612397081,62.188552055415,50.5836374773729,57.7024595971971,61.7537013309198,22.4873860179414,32.015404858101,26.2275932136146,29.7779515578171,31.7985844422115,39.8180794207499,62.1664782512726,50.9211730088595,57.5054764975206,60.8254173997363,0.0545159795490735,0.0765967498933054,0.057929323636725,0.069381992443496,0.0795975335227037,0.0535802964546228,0.0793592413176753,0.0650262853959067,0.0724782107930645,0.0779306906830222,0.0481379588316751,0.0791867787838246,0.0644425070995358,0.0737067804851337,0.0769754607987787,0.0534421753192256,0.0777788006673896,0.0629112600130272,0.0724699925385528,0.0773386803932159,0.0522555539144605,0.0780795489298058,0.0631920813928085,0.0727244752065968,0.0775760860865671,0.0555803109156762,0.073161104991183,0.0571558069793318,0.0692720792153727,0.0757862498459688,0.0531899297808545,0.0777136510208095,0.0627072085282181,0.0723657643789513,0.0771811189728712
gaussian,400,853,0.38268343236509,0.25,42.4313948955606,39.5401920720372,24.9080832534483,48.7396572326301,50.2583068552357,22.1614530315453,20.7194347547632,13.4217596835432,25.3076751253494,26.0651215467579,40.1413179909416,39.888480096742,25.3457420649819,48.7174015315856,50.0907508813809,0.0553921767972819,0.049263038198901,0.0292484086453745,0.0604700518064004,0.0639500792976915,0.0530250826864915,0.0510460964354544,0.033074809753932,0.0618016789539541,0.064173001808688,0.0502245015443079,0.0480913407472896,0.0305478431562173,0.0588448619724899,0.059294430036616,0.0524649933226099,0.0502487113056709,0.0319273609798943,0.0612949903172774,0.0631006136262998,0.05386934199934,0.0504143079915707,0.0318386728444109,0.0618578361598564,0.0638807078713321,0.0508842696641641,0.0502209715143605,0.0322242818331921,0.0617682227613765,0.0638236360119577,0.0529406232531867,0.0494249558278298,0.0309148801251715,0.0608988456119565,0.0627258121335245
gaussian,400,854,0.38268343236509,0.25,32.3858016907604,48.5092407592301,38.4748630187893,49.1769262880398,52.9386478819824,17.1509697715106,25.1926904333546,20.1882373406052,25.525697425077,27.4018345652453,31.0564332952155,48.8326888963314,38.9075860429435,49.2142463762676,52.9096560705955,0.0422771224314328,0.0611897888277661,0.0485055009642945,0.061416808632769,0.0677051396009044,0.040137690574541,0.0581065438193877,0.0448239474112655,0.0604329229390859,0.064393902573118,0.0399013909446681,0.0605924786700883,0.0480018462279187,0.0619797077867712,0.066173614974035,0.0406187994333441,0.0598334631955735,0.0468136605663096,0.061170471790333,0.0657514445156934,0.0411557493790382,0.0601269759885428,0.0464893100194992,0.0614500878436961,0.0659681944052002,0.0415552786478781,0.0610016439638515,0.0479259806160257,0.0620109371452337,0.0669951869846482,0.0408969480698558,0.0608075487419867,0.0478208377904479,0.0616691390324839,0.066463622976044
gaussian,400,855,0.38268343236509,0.25,30.0348530833239,38.675485059677,27.7494368737598,44.0374935141817,42.9211192628234,15.9787861920516,20.2881848500433,14.8389761707546,22.9624152425623,22.4057453217167,28.0130391989574,38.8085781022236,27.9729309139234,44.0890673958205,42.4380626875308,0.0400391749544099,0.0502793364229552,0.0365715999954653,0.0574810320193594,0.0561478448042624,0.0371237344812204,0.0422711429460345,0.0275487739456573,0.050971909457154,0.0481158988282106,0.0375532372277679,0.0483775126488645,0.034134729199642,0.0554071069149243,0.0530901432034514,0.0378180818932363,0.0484036296908171,0.0342552009201013,0.0553865353051632,0.0536640436485997,0.0364187685154844,0.0484378610098944,0.0343783403265654,0.0552589913204435,0.0532572724653297,0.0283382387809368,0.0465837074940274,0.0347092961077083,0.0525369606439382,0.0490991679022541,0.0376730435629225,0.0482572978558687,0.0340314962499275,0.0554587492752445,0.0537848763694068
gaussian,400,856,0.38268343236509,0.25,63.6467028850253,47.713593833918,25.3298490089222,71.4796441949432,72.0514753866009,32.7424593881626,24.7958218056951,13.6320670980646,36.6491318287633,36.9342656285705,61.0259048995078,48.5082568379724,26.0333050783333,71.6480813637441,72.4298680877797,0.0807721906531375,0.0558819880870219,0.0293158281430294,0.0815436485471617,0.0886154265231122,0.0815896632020076,0.0604822475802206,0.032896242592267,0.0886651333011631,0.0906394413701347,0.0785463109443518,0.0598716061797179,0.0317287555637711,0.090350599799343,0.0897899251965478,0.0796274646069897,0.0596943333993403,0.0315478975585665,0.0895182295005458,0.0903894910783528,0.0803578681173971,0.060471330703613,0.0322610543841547,0.0896035261073694,0.0906460344259661,0.0743794245826963,0.0614648529843785,0.0340062911150053,0.0900592123581835,0.0904025254831266,0.0796581930753095,0.0597589296642982,0.0314761974574109,0.0895361110764653,0.0904066732873597
gaussian,400,857,0.38268343236509,0.25,46.336773180927,59.8410349016637,45.349610003697,63.7767708400005,67.5730163744353,24.1092373357595,30.8444407726907,23.6170343254727,32.8073548970988,34.7007941872378,43.8657924808717,60.1519495004792,45.7984201392228,63.8244368559333,67.0946429866756,0.0474797396061096,0.0698519684273599,0.0551889278581034,0.0661105745846942,0.0683032865516849,0.0564938348891743,0.0748366414789087,0.0569702527536836,0.0775296131291521,0.0831702979749368,0.0560032252213529,0.071246540066743,0.0532474712568354,0.0772502493652992,0.0819935504113431,0.0576880685717331,0.0748931432839734,0.0567130445446734,0.0798529972444477,0.0843549042870801,0.0570385070624376,0.074111044658545,0.0551053460393137,0.0797687742917696,0.0836757475879673,0.05699833079506,0.0772666234289762,0.0578062535538903,0.0799156806722247,0.086181499223984,0.0578418781513466,0.0750859241751307,0.0564605920844408,0.0801676615742996,0.0846180431782324
gaussian,400,858,0.38268343236509,0.25,42.6538294095031,53.3932052730851,40.9081075943202,49.3155423011512,57.2825185515535,22.2724694047115,27.6285876930093,21.4016912017749,25.5949141269024,29.56849956042,40.7265236282874,53.7335802460212,41.3857562382648,49.2267858242448,56.9826380110936,0.0543987964761569,0.0634270648164948,0.0494752778409313,0.0596564374003172,0.0719693387349684,0.0549056825684391,0.066523611719744,0.0506383530054909,0.0624131709206396,0.0723346753642157,0.0527832279280686,0.0675025190019465,0.0516357432264624,0.0618101867407892,0.0718707026003675,0.0526068308678039,0.0664596503874969,0.0510726123554078,0.0611112724767474,0.0710533044861995,0.053614919433473,0.0680391592517935,0.0526435952727051,0.0620150181018422,0.072019658462893,0.0540208837034427,0.0665444589157623,0.0503507140202122,0.0620003989195476,0.0714662649487218,0.0529723692061182,0.0664981617851289,0.0507256346968902,0.0612935175343034,0.0712139560687418
gaussian,400,859,0.38268343236509,0.25,31.4371485249687,33.8323549771711,22.0494948623286,45.7891879617432,44.0556051303013,16.6782030453829,17.8726094015114,11.9960796106271,23.8360220650349,22.9714673665297,29.0834992215404,34.1052735009883,22.5710411998316,45.906071418171,43.5186326060407,0.03235903017498,0.0370897291647385,0.0240596914084683,0.051124571328221,0.047775533728252,0.0349770193547402,0.0426263061752082,0.0292912220970359,0.057032502838243,0.0534298776783411,0.0378678466137408,0.0405696662809598,0.0246545731448817,0.0565923837692131,0.0541487480775949,0.0395456243292109,0.0427387630546027,0.027778754820878,0.0578422457981144,0.0555273457968205,0.0392198988230702,0.0418193552270934,0.0262993603507329,0.0571571005795634,0.0549624881703504,0.0365448062280754,0.0362339687004533,0.0189892770372658,0.0533398500936041,0.0491508976150871,0.0389476741937167,0.0423321392465964,0.0272618354398611,0.0573763371548518,0.0551257577866594
gaussian,400,860,0.38268343236509,0.25,86.3232708065174,56.7876924362205,32.7773351128223,61.8208110770331,77.6581204020871,44.0524932274462,29.3216291139646,17.346422179722,31.8318858349043,39.7308034628943,86.7285969489923,58.1341876037032,33.3411721783807,61.8033231904478,79.2941544528091,0.0862420145020424,0.0599311390893788,0.0376108604093759,0.0515718414508605,0.0796558799220083,0.107360441198002,0.0631700955847824,0.0320460707704368,0.0717168573492626,0.0910453545473243,0.106832978911057,0.0714193182060319,0.0413748634309644,0.0775205364668111,0.0967581712711066,0.107866379712587,0.0711553195082919,0.0412212473974219,0.0770184642393368,0.0970689764579611,0.108497050587202,0.0707242603613764,0.0407731393623741,0.0769330736790539,0.0969537761107277,0.108278679925276,0.0716216816808465,0.0423184033838955,0.077176192482554,0.0967106024274491,0.10775806955762,0.070869713430097,0.0409766015309414,0.0772074130394607,0.096879248563762
gaussian,400,861,0.38268343236509,0.25,16.4691054476708,29.2389186233062,24.330247955021,25.2473329268621,24.6061632663709,9.21304776059331,15.5818050165141,13.13358342744,13.5910833015626,13.2714719869547,15.1681959667218,29.1625563537551,24.558188891745,24.8958044462307,23.8676517738176,0.0198565823059853,0.0311634764983006,0.0203746358851626,0.0298315508711909,0.0248315927209792,0.0162660863581883,0.0308586385683378,0.0253207651546381,0.0267170016313581,0.0199059196147379,0.0201262077485631,0.0377180317204102,0.031490410495218,0.0326428808914668,0.0309253800336883,0.0190836846804422,0.0352774501976065,0.0294459267165007,0.0301233405688065,0.0288285643712828,0.0201320749299139,0.0363594130241804,0.0298765355762299,0.0315728556279311,0.0304883366233295,0.0218889107944495,0.0387690071877957,0.0327492494313073,0.0336654982386919,0.0330324591783181,0.0199251972649652,0.0364903884523897,0.0304349271875485,0.0313540573176606,0.0301890134275569
gaussian,400,862,0.38268343236509,0.25,52.0876985529374,75.9117945845206,62.215182230738,69.5064995605997,79.3515455936574,26.977684094118,38.8596388522484,32.0285098061405,35.6650982840736,40.5753779429485,50.1945052086108,76.5101908002433,62.8916786183141,69.4799036161212,79.1417479316562,0.0660140043882338,0.0949589879454587,0.0724921226400008,0.088661646744267,0.101335675122179,0.0577233594785636,0.0935950296616318,0.0785218796363924,0.0832195557145154,0.0957267585446006,0.0653588922502489,0.0945414920247992,0.0756696124364612,0.0871196457288891,0.0997393631319709,0.0658898620182553,0.0958003242588192,0.078459243192937,0.0877776557088527,0.100077653017903,0.0643049651278254,0.0952999361875589,0.0783008187769836,0.0869537108942947,0.0988181835894086,0.0663801006449671,0.0939148215875239,0.0775234081338269,0.0843435838956762,0.0987090836794203,0.0646311520866054,0.095399320363651,0.0781225328648481,0.0870998866636779,0.0993515301124663
gaussian,400,863,0.38268343236509,0.25,30.4293376426365,22.5210920271083,12.5555426935412,27.7734290560005,30.3609511267568,16.1754773650294,12.2313275719029,7.26114293470862,14.850833333655,16.1413429981134,29.2039749285685,22.7065377251267,12.6545447536149,27.6219972780177,30.5238815345825,0.0403527386237475,0.0306443883699587,0.0179372888225131,0.0365985150729063,0.0404179211948331,0.0379410258277818,0.0279579031892553,0.0156927583190651,0.0341174875174292,0.0383994079335237,0.0381384052998296,0.0261520118181637,0.0118245756664447,0.0350812812961131,0.0376773003609121,0.0377612241280659,0.02728092596527,0.0144672749587382,0.0340825822616127,0.0375288542260355,0.0384404605309921,0.0284680509924265,0.0157025943065289,0.035398155920787,0.0385086636999513,0.0403554358467353,0.0292019588639104,0.016352133522509,0.0348026732381137,0.0394207290211909,0.0376442682895459,0.027362743371932,0.0146782261168225,0.0342544387459011,0.0374469921833522
gaussian,400,864,0.38268343236509,0.25,61.8504486941193,63.5749800335854,44.5574180634806,67.2121270895714,73.0842392098344,31.8467927302171,32.7068481300961,23.2219758098532,34.5208231170795,37.44970468908,58.7365130900506,63.9393073970973,45.0010551480515,67.1556061750934,72.5747716136675,0.0790262106929628,0.0788822936350338,0.0528425408677861,0.0863994461503545,0.0916217461593024,0.075467547768361,0.0784562495867066,0.0544891273941962,0.0839361241466442,0.0908039321542303,0.0738209361331276,0.0766110784120905,0.0535580596334558,0.0804490567177977,0.0860068301310336,0.0770550101530569,0.0797952353429592,0.0561342997500105,0.0840428706110237,0.0912210314762526,0.0773921607037815,0.0796349345030822,0.0551171584702633,0.0845337218198063,0.091388729634014,0.0702545938272882,0.0792288975642266,0.0562325538113839,0.0796152581999301,0.089653808513887,0.0773388684332462,0.0794554611653498,0.0553772021876655,0.0840079289823438,0.0911594031399746
gaussian,400,865,0.38268343236509,0.25,32.8273751869195,35.7850544281401,24.5254771066538,41.6662619437094,42.5460631183675,17.3714387501914,18.8465497968616,13.2308479131422,21.7799064915685,22.2187509757209,31.4476503198883,36.1647167363978,25.0927170562536,41.5031188053404,42.226125769537,0.0408913861354004,0.0469161920217083,0.0331458386856717,0.0519749816963316,0.0524847879639578,0.042222669749307,0.0432152957745401,0.029339718520099,0.0510221052068554,0.0524009936515299,0.0410072870500297,0.0448403276698626,0.0308706838637226,0.0517679664766844,0.053173968850835,0.0414659631612228,0.0445811680918252,0.0302963214973902,0.0515092012764046,0.0527688260071709,0.0406601562264165,0.0444397933297338,0.0303042452730382,0.0519327353075892,0.0526261394276011,0.0382719469799156,0.0436989788093709,0.0315642610049875,0.0513361543046474,0.0507070181528647,0.0406019231225347,0.0445537703271987,0.0304786275761654,0.0516529392669337,0.0523610017634792
gaussian,400,866,0.38268343236509,0.25,26.9621403773472,38.3420801035642,30.4647212102649,35.2306971390049,39.7929461022971,14.4460831085613,20.1218814253391,16.1931084955037,18.5701417341803,20.8455669054295,26.7140862419996,38.7737949452749,30.8874126392715,35.0754183541875,40.0600934361056,0.0301784954758018,0.0478464677531742,0.0393825110169516,0.0426958363308191,0.0486498212502686,0.0345014939613847,0.0480794354388901,0.0375243917631921,0.0450949843004928,0.0487938525519582,0.033391531032966,0.0486053712809098,0.0386279401112776,0.0443800332549595,0.0500466471640035,0.033987901595866,0.0484465537498984,0.0384627301552121,0.0443987819375573,0.0500682073578768,0.0348980014505516,0.0488323035807665,0.0386487168728311,0.0450582810901654,0.0503902405821407,0.0357125763008415,0.0455448845687583,0.0349800958362841,0.0426711060340927,0.0487693835497154,0.0338724986510274,0.0479231841388183,0.0378586379984483,0.0439514008495462,0.049645752429268
gaussian,400,867,0.38268343236509,0.25,40.9392155204699,45.5336192160656,32.2808865071252,51.7258406594192,60.6675527176682,21.4170278488892,23.7083819607056,17.0986720576985,26.7968259354816,31.2564144016298,39.9915848294932,46.4520228298451,33.1674321750375,51.9644124025266,61.3403210864705,0.0536435774320336,0.0590314221086374,0.0427362469781689,0.0648371928970469,0.0775199486555077,0.0477829008495883,0.0559664022488195,0.0404196076839318,0.0651342769028035,0.0753477043211834,0.0520516732270968,0.0580120975573462,0.0415490054418569,0.0657468984505781,0.0766347443741569,0.0507857350649766,0.0572260310743584,0.0405026172720689,0.0647640019096989,0.0760981693233038,0.0519144473373922,0.0573883693418398,0.0402859190218663,0.0656488720143364,0.0768006384349107,0.0512841795929079,0.0582599922678455,0.0425475205826008,0.0640983764125242,0.0766972286135854,0.0514579307680817,0.0573397965208338,0.0405757156434612,0.0648579857818839,0.0762929371218068
gaussian,400,868,0.38268343236509,0.25,27.7042743117991,46.1011789382605,37.5243952553312,45.124911563503,52.3288688740132,14.8160425121525,23.991457174211,19.7139134651532,23.504625299638,27.097532608516,26.5031214685514,46.5991755180956,38.1717772448677,45.3525422176538,52.3722539639929,0.0369966174759601,0.0597424742641818,0.0487929854455739,0.0583922728131252,0.0678614131968815,0.0349038308194353,0.0579744929273014,0.0469827557951508,0.056232414706428,0.0659408271444632,0.036158209618272,0.0585100519640395,0.0473709059211685,0.0577332581866817,0.0667178900463426,0.0352524134998388,0.058099707483388,0.0471649875658921,0.056386751379418,0.065854269783772,0.0351747705915595,0.0581964188642214,0.0473646702729585,0.056358764495956,0.0655853160959581,0.0351909469634341,0.0535654680942907,0.0424509756332411,0.054805900336571,0.0618603166002486,0.0353162667425959,0.0583826031275369,0.0473909145164458,0.0569884929743535,0.0661666259052161
gaussian,400,869,0.38268343236509,0.25,83.4591137765001,87.202309990691,61.9645997216174,91.7410067186139,103.379971979081,42.6239977655975,44.4908175340244,31.9036219125276,46.75452383448,52.5595409063432,79.9210281181324,87.9010553852379,62.7753481913579,91.7894055066874,102.926831629118,0.103843978709507,0.110562247108817,0.079129307519157,0.115873274173809,0.130910644388591,0.104261343026238,0.108035311631458,0.0770751519535141,0.112053859125142,0.128128794535628,0.104452079447346,0.107514796679428,0.0755486118796098,0.112737519241255,0.127130197888455,0.104037371923965,0.109653892076594,0.0780872929911558,0.114858099011933,0.129081446342173,0.102831553937361,0.107729833270418,0.076526156041372,0.112215445600288,0.127418273988062,0.106730640602828,0.110937908566452,0.0793988143590782,0.11614741853946,0.129939650641252,0.104153839679594,0.109153588115528,0.0775184205045586,0.114504967015538,0.129061397879557
gaussian,400,870,0.38268343236509,0.25,39.7156981105613,36.54788611738,22.7081156103033,47.8555120143244,51.1050800022566,20.8071196503497,19.2268648420011,12.3243028100554,24.8666715096068,26.4873437960702,37.4915271773989,37.1272466433689,23.524281612418,47.8686067822557,50.9547492600332,0.0519484755383153,0.0472381875322546,0.030697624884325,0.0594638580954523,0.0650386291749447,0.0506941848128147,0.0442285100200376,0.0263244698364383,0.0608763254247587,0.0632948950743751,0.0472533758103674,0.0459652373823098,0.0292021351597908,0.0588650513016757,0.0629308378390138,0.0500219662785107,0.0460920348417543,0.0286570840332162,0.0602452549813822,0.0644797627732688,0.0496799370366016,0.0454755980632379,0.0285974679419424,0.0587274851902336,0.063486149355427,0.0516744102396895,0.0471042719634012,0.02884435014587,0.0620181788623849,0.066252090311102,0.0493902970772635,0.0459486359266438,0.028582050048406,0.059869590446469,0.0639906416501344
gaussian,400,871,0.38268343236509,0.25,46.2148969793956,48.6082605599996,32.1674617291,61.060372203639,63.2583399584044,24.0483125103117,25.2420168812417,17.0423307925067,31.4524932536804,32.5486775086274,44.3563825564794,49.2350753522189,32.7182665948618,61.2234902022161,63.5794037618776,0.05773467125674,0.0626460064752228,0.0400453394990205,0.078665724738586,0.0814334152939105,0.0587514103393488,0.0569152829584978,0.0354594811543673,0.075078097784931,0.0763979834736572,0.0569223737010603,0.0611504395566539,0.0405479608127066,0.0763973043697662,0.078686042275749,0.0581081226559439,0.0615143509150636,0.0407247910506726,0.0770292522563995,0.0798442267949472,0.0581117522610971,0.0617108015218163,0.0408135390761316,0.0769933797360008,0.0797667895815422,0.0598563606634841,0.0617995282820369,0.0404189769596627,0.0770855254513642,0.0806967372371343,0.058190099371139,0.0611751809815667,0.040236644668643,0.0767055266474077,0.0796149744849712
gaussian,400,872,0.38268343236509,0.25,35.8562483208343,41.2012690799004,27.011385796342,58.3894481517149,54.0292819258439,18.8820083880131,21.5477510919275,14.4707380000461,30.1203053050368,27.9458546545185,33.5760469258108,41.6680066499056,27.7036582612697,58.6626855528517,53.5352343609375,0.0472952077448528,0.0537326284727061,0.0353186254953911,0.0744054867487202,0.0696101111923914,0.0451979837084467,0.0480217843963277,0.0295884875671017,0.0711750431838123,0.0631758998481494,0.0457262025275511,0.0515431237788762,0.0329664696406963,0.0741036321725259,0.0679774343778043,0.0451113785458193,0.0517964505037511,0.0338191997852516,0.0733386451171294,0.0676038918533187,0.0431698745048209,0.0519440260747539,0.0341877354382103,0.0726787257188738,0.0664556198555465,0.0456319160236338,0.0538813602639751,0.0359661078895266,0.0742644801228203,0.0686365255094607,0.0449040041702354,0.0517533381741415,0.0336382145796476,0.0732821420261672,0.067501580437401
gaussian,400,873,0.38268343236509,0.25,39.0785520337842,39.1729647787989,25.4831846618147,50.2730593037958,55.4628366458491,20.4892003524284,20.5360122580869,13.7082739533526,26.0723215260843,28.660644744512,37.2946574729082,39.9702715269704,26.4356867112997,50.4228164660896,55.7091908042232,0.0501996646914198,0.0513147167586449,0.0342906820011378,0.0636075455904358,0.0713098656244736,0.0502293550308945,0.0509681786359459,0.033812047496766,0.0646939303000927,0.0710483230060201,0.0506093799328284,0.0496714918153079,0.031648879178061,0.0635253263960769,0.0704727309875256,0.0490483144315057,0.0497622772367772,0.0322648159858133,0.0637061462715917,0.070270347769203,0.0492354912326425,0.0492603738941586,0.0318068343574755,0.0632166600098601,0.069928600913022,0.0459166499672843,0.0458700858459461,0.0293969333567234,0.0570566342255615,0.0662485497097685,0.0487923600261719,0.0496542331214447,0.0324880864915826,0.0631923518344065,0.0698194659560667
gaussian,400,874,0.38268343236509,0.25,64.133843538821,61.2273056951548,40.8527991397614,67.0022627501431,76.266769361716,32.9852625460228,31.5358591246176,21.3742315897013,34.416090478319,39.0366676929034,63.4227852069019,62.0880998908034,41.1563353261153,67.0667439616952,77.3236750365734,0.0764089599453558,0.0664716679373169,0.04166865271981,0.0768938725918587,0.088130413209752,0.0819696153906054,0.0750920954500519,0.0492186374719443,0.0833987720650736,0.0948128367967685,0.0816362454188393,0.0754051474200123,0.0498220533011753,0.0832925737930057,0.0949240358072879,0.0803386319761508,0.076573970885339,0.0509462645062509,0.0837196866428927,0.0956121821005774,0.0812470267130738,0.0775858861151131,0.0523577444964385,0.0843636678525634,0.0965312799264232,0.0823775047080548,0.0774204103330167,0.0498892804175363,0.0834565739074394,0.0968613853746747,0.0808693141072215,0.0766467701989327,0.050861194873067,0.0839483010193062,0.0956892303759388
gaussian,400,875,0.38268343236509,0.25,53.5028729832694,63.2450306651497,44.6110259552843,81.3386341094823,74.650410014516,27.6835043749307,32.5422852585128,23.248864927465,41.5663175459662,38.2307187383883,50.4756707992103,63.6062280931055,45.1612504767685,81.4444367746255,74.0670765531568,0.0593082338926059,0.0814795482312944,0.0579248748934802,0.10377226402967,0.0951129754383759,0.0638035092232816,0.0795578901916734,0.0565631220155604,0.101763484572596,0.0928128894500603,0.0680293789059377,0.0806432462832872,0.0570828125233842,0.10360444050998,0.0947917302486318,0.0669153397752146,0.0787950526552689,0.0549715302041987,0.101831171163286,0.0931075235114448,0.0661481660267875,0.0791380203009605,0.0550259278110199,0.102071040535419,0.0933775673191075,0.0682294676357313,0.0790392212056629,0.0545889516077676,0.102862330161938,0.0943362954858347,0.0663692641617566,0.0792339576168354,0.0554880249761042,0.101956094237481,0.0933615535992127
gaussian,400,876,0.38268343236509,0.25,49.7703243138986,61.0890097382409,46.279821658135,61.0890183060444,70.2604155023411,25.8216064910646,31.4668033219576,24.0808203116035,31.4668711467051,36.0410656362453,48.2338406452405,61.748787204963,46.889228824613,61.0909931834828,70.5874035154873,0.0493768081912679,0.0781593233426883,0.0603473748080737,0.0773046686580036,0.0882282038337207,0.062733341222417,0.0777686614832155,0.0588806552825881,0.0780443912059411,0.0892460562627328,0.063681625046572,0.0752307384510578,0.0562488984852768,0.0756872571785747,0.0880207440458496,0.0621343438964415,0.0765662631297079,0.0581260322271358,0.0760976919431175,0.0877629662482597,0.0627426536846037,0.0770048546914518,0.0580990035479316,0.076918005262659,0.0884118893658678,0.0621459248319797,0.0745611547956724,0.0570153577442417,0.0755225423199685,0.0875855306529676,0.0619776401653657,0.076382226916474,0.0577190447426358,0.0761854649374254,0.0877433468587444
gaussian,400,877,0.38268343236509,0.25,46.9706344422577,50.1639291872884,35.026130667339,55.840589882341,64.03097421647,24.4251594550891,26.017885325889,18.4680696442589,28.8491132309495,32.9340143672173,45.3390747348315,50.8583964855095,35.6278842162022,56.0047162499018,64.4845795617926,0.0592980764674752,0.0639748496033273,0.0462652340655807,0.0684559651495724,0.0781587453107778,0.0600432547544237,0.0635431406593128,0.0435101135390645,0.0707393682187906,0.0807456757855148,0.0593484724299083,0.063154800808155,0.0439369912357284,0.070803249215617,0.0805335028349903,0.0592031953353859,0.0630901367054216,0.0435634901309893,0.0702282569982994,0.0806326549709109,0.0593533678536151,0.0640155301383284,0.044650931919453,0.07070701861446,0.0814344912560406,0.0592257747498216,0.0645183275343008,0.0458640514612995,0.0711683420014889,0.0819295115178157,0.0591130369464598,0.0629702370554231,0.0436090121284189,0.0701987188979792,0.0804476211659205
gaussian,400,878,0.38268343236509,0.25,66.5123140915617,87.6212788755934,70.3434580494345,75.2049576997949,90.4711130465458,34.1716570553694,44.6998091609735,36.0826056428419,38.5071340621208,46.1213232126026,65.1329965092615,88.4034991267177,70.8903641774559,75.2721792325662,90.7632413039006,0.0855531676341898,0.103454168793306,0.0724764422183008,0.0941403204752565,0.107584782610701,0.0831828976401586,0.108629003249669,0.0869338540835005,0.0924009034865663,0.11237942706084,0.0840189016765127,0.110079703683321,0.0875645548028641,0.0943368414151279,0.114015389623929,0.0829629968102785,0.109630755675521,0.0876587080308934,0.0942185106505599,0.112907601610741,0.0838288894479858,0.110059450636863,0.0884949494413094,0.0945864740041685,0.113357009451212,0.0854322451666669,0.109939346857121,0.0874445654681208,0.0946326162494117,0.114750953072895,0.0833275147981453,0.109431593462793,0.0874914496244753,0.0941725954417821,0.112896232702081
gaussian,400,879,0.38268343236509,0.25,49.6191458449189,63.9804010546317,48.5801536327801,66.935190340785,73.6960726070251,25.7461986504745,32.9087904969378,25.2279289219926,34.382689714438,37.7546538555037,47.5929983175407,64.6797675272618,49.4628904530431,66.8803711553418,73.6935594870239,0.0628940171777857,0.0760532686078734,0.0543271479669498,0.0827394523291531,0.0904449274320229,0.0609706831471635,0.0812045714475896,0.0621477115733863,0.0853221711848319,0.0922020043168193,0.0565495116642995,0.0775191725330063,0.0588836099282357,0.0807885234352521,0.0883090680033434,0.0621266977975366,0.0797864609803068,0.0603641286661503,0.0831851893943688,0.0918641879480919,0.0612397003509158,0.0807053528338067,0.0618101100049442,0.0828980385649257,0.0918141369144088,0.0629953208109384,0.0795899525747786,0.0601678451822875,0.0825277187931124,0.0916249323524603,0.0622946121929678,0.0804352249015517,0.0610846893696514,0.0838778088126876,0.0923010731137405
gaussian,400,880,0.38268343236509,0.25,28.6054040028393,51.8792693515234,46.1646544762528,36.2647558723332,48.0319187683537,15.2656005690867,26.873465948665,24.0233465701248,19.0858402882846,24.9547152602118,27.6122534654682,52.1226443236179,46.5813921429632,36.1324590734682,47.9111739047518,0.0365252437142206,0.0669021765512232,0.0602057838950603,0.0469940243437846,0.0614923064379569,0.0371984933916942,0.0644198897828633,0.0568026790220179,0.0457331086298613,0.0599228287971717,0.0344278758581705,0.0649969208862717,0.0581726280356961,0.0443543248180665,0.0595384472189136,0.0361684268623919,0.0648644905937027,0.0572686455026518,0.0454813326286903,0.0600748689121996,0.0363165112541632,0.0652538888053675,0.0581680622125914,0.0458482701114455,0.0601824556836006,0.0313193933748348,0.0535278925227175,0.0469509602523859,0.0376711928298675,0.0489944227286574,0.03621864474483,0.0651204150567619,0.0577190060298133,0.0454768663671097,0.0602096286101914
gaussian,400,881,0.38268343236509,0.25,48.8442344881226,37.0653995005009,20.8072527272515,48.0489244329376,49.8235030919018,25.3598614212962,19.4852481233215,11.3765920741783,24.9632393876338,25.8483063769532,46.7210327436845,37.4406759691105,21.0978742390555,47.9349563024379,49.9113458894119,0.0629322366903691,0.0455484158168273,0.0257366541295401,0.0580779330514321,0.062000324530877,0.0631864822353291,0.0478511069865883,0.0264706517386394,0.0621300230205905,0.0638410222545553,0.0620571277340965,0.0465438037120606,0.0251340442480065,0.0614479964932007,0.063079770154441,0.0614000705922707,0.0463391860583588,0.0256715943220389,0.060001349128346,0.0624227527837872,0.0610427987694519,0.0466003216075599,0.0257034179421577,0.0604816557816933,0.0629135205079131,0.0635048224921942,0.0482346380573838,0.0273959797480548,0.06227298740783,0.0643508191305188,0.0609208137467259,0.0465595701224565,0.0261171790447139,0.0600190141071352,0.0623595810869856
gaussian,400,882,0.38268343236509,0.25,52.4294918371452,76.0758397861249,61.4253108954751,73.7582735371244,84.6726266496293,27.1478831809223,38.9413320718471,31.6344521009136,37.785579625304,43.2290698948471,50.6465229199967,76.8453423743747,62.2795510559407,73.8558231324923,84.8256217079754,0.067404759154537,0.0923819866079,0.0742812738153846,0.088465079192961,0.102623413456074,0.0668336113809285,0.0953429498472689,0.0767443284795369,0.0928556607482565,0.106243576872723,0.0639182034849643,0.0952911494225304,0.0778846617005255,0.0902704216066526,0.10445577492899,0.0660936625085445,0.0960429266761752,0.0775582525895697,0.0931195969768602,0.106701836308223,0.0666328425304778,0.0960314438623641,0.0773497827661036,0.0929782162395361,0.107020666123807,0.0660760622446455,0.095221347852064,0.0760529091278164,0.0929530665676588,0.104820823851665,0.0657595022094126,0.0952227136818016,0.07671594236633,0.0924603171199273,0.10597938375595
gaussian,400,883,0.38268343236509,0.25,68.1044252062395,40.7247326026503,19.2471648648818,60.0309093467936,60.4137681305827,34.9661296490728,21.3104065193542,10.5985971274915,30.9391728376492,31.1302496106978,66.3562814623041,41.4649946585866,19.5421457298727,60.0443697012223,61.1156521375868,0.0838101360314846,0.0486065460607053,0.0190272519783134,0.0747309538064234,0.0720603338313335,0.0867363232822286,0.0510736562226151,0.022795124585871,0.0765289454303392,0.0765707492767482,0.0841386867475931,0.0511978836761014,0.024644236066797,0.0749401455695453,0.0759758731998892,0.0845458496536912,0.0511273749725262,0.0244618413821148,0.0751850454050478,0.0753324811771262,0.0848638758673219,0.0508182987838813,0.0236785548951832,0.0755705860534689,0.076311822701553,0.0766908876280496,0.0525840016295311,0.0261438439502612,0.0763757130282286,0.0753395644396709,0.0841749535530916,0.0506412795272707,0.0236470853466087,0.0749378319734297,0.075061731218641
gaussian,400,884,0.38268343236509,0.25,33.4245532848791,58.9957592791713,50.5594614315031,53.5799155219567,58.7988881082414,17.6691524246204,30.4227994818404,26.2153048325933,27.7217059084149,30.3247221440964,33.0706904780241,59.5630402035392,51.1087917484552,53.5778939420928,59.0194436032873,0.0438044084771815,0.0762193661723952,0.06509296146081,0.0689111492230206,0.0756472135286881,0.0385539928942012,0.0734743702480185,0.0636368086623695,0.0654191241253582,0.0701991417572697,0.0414974206601331,0.0745976082512097,0.0634544211050536,0.0673961180489668,0.0739526576213746,0.0423073322757448,0.0733478050289959,0.0622804495909661,0.0669090483835871,0.0733189292001691,0.0405127845605385,0.0740501447511908,0.063148197014682,0.0671895828366251,0.0731619360791359,0.0420537706948326,0.0756704494349489,0.0652660100107858,0.0680526082037791,0.0743597415149013,0.0419118926733336,0.073869733484684,0.062953502612497,0.0670190799944031,0.0734881698774258
gaussian,400,885,0.38268343236509,0.25,32.8788407634212,44.3756071194657,34.653214558285,42.518769322273,50.1007577030086,17.3971156848614,23.131030756446,18.2821302057484,22.2049594475373,25.9863750463413,31.2587584091318,44.7025617427404,35.0722930555092,42.514797018445,50.1123220897422,0.0428791048444019,0.0512010122930805,0.0363450697814514,0.0487062924411546,0.060720517375086,0.0404713448987796,0.0553329079872347,0.0420903639816334,0.0532578332571101,0.0630279184057765,0.0429112943994231,0.0562240456895687,0.0430217505600733,0.0547767182075049,0.064477767209392,0.0412729733040279,0.0548164369064391,0.0422359474522774,0.0525359263979328,0.0624795252676439,0.0404898167170648,0.0558973627827602,0.0441840788949845,0.0532168137039328,0.0626682311074419,0.0409743610080091,0.0571826665627799,0.0445220221249047,0.0533647608203963,0.0630756447050527,0.0410816795122356,0.0557385857622241,0.0434069728880184,0.0533573343816411,0.0629374661284715
gaussian,400,886,0.38268343236509,0.25,58.3266533804501,58.9993740455178,39.6818093627777,68.5548541900105,67.0636933679236,30.0893031231928,30.4249022056805,20.7904268912919,35.190627945344,34.4470755675879,55.5042134428706,59.2751500164715,39.9337148098354,68.3596450517126,66.7778492552825,0.0749900622073981,0.0747432883995545,0.0468478583864723,0.085320509865856,0.0863212205931645,0.0750804578440498,0.0749971394089162,0.0506209423885702,0.0872375321998805,0.0853057734228364,0.0734038239866652,0.0746691024745526,0.0509137155916575,0.085286211818618,0.0841654424636723,0.0723253987580827,0.0732141861869539,0.0485472261720992,0.0857686257676896,0.0832371762644645,0.0701596607212814,0.0730549267000642,0.0486937091963453,0.0851973448916851,0.0834884851607302,0.0699965358575808,0.0701685728495534,0.046219626752904,0.0811807214899815,0.0798514181672412,0.072549331252361,0.0732205789749328,0.0487544485592597,0.0852778700295129,0.0831791689563004
gaussian,400,887,0.38268343236509,0.25,60.8742779248418,69.0623790397727,49.9240054266782,74.8616890101565,80.7837198003384,31.3596901782208,35.4435739947722,25.8984651314055,38.3359721322758,41.2896760007815,58.3730058691652,69.6919622631904,50.5893355616054,74.9033720908653,80.7754894378045,0.0723624144330082,0.0827405526007398,0.0605345379820869,0.092216054145007,0.0938088808898578,0.0775916240140598,0.0860044770745357,0.0622345291655751,0.0921564726809907,0.100436474447184,0.0766274591003362,0.0872049127150125,0.0634229377327336,0.0931249345674176,0.101325686373094,0.0763057735561596,0.0861958160516072,0.0622614434666471,0.0929988157249635,0.100328283999376,0.0770321190320505,0.0862054360047417,0.0623207142912226,0.0930968167858058,0.100234050651674,0.0782093300963898,0.087652283845956,0.063220365739745,0.0952576693181496,0.10169548346119,0.0761453549134923,0.0861700094636633,0.0618323590461235,0.0936649786437814,0.100773580199043
gaussian,400,888,0.38268343236509,0.25,40.7226261795889,43.9570044747169,29.0434540128173,58.2009041601139,55.523162138262,21.3094100695301,22.9222086567919,15.4841223944608,30.0264139328463,28.6910615800216,38.7470769031943,44.5783516361932,29.7789104520586,58.2704830413001,55.3192674966284,0.0475343875370447,0.0568058987277465,0.0387934316277495,0.0713581952803621,0.0662810428782929,0.0477402728943831,0.0568563315670033,0.0385557053194849,0.0731854875023563,0.0697269858388584,0.0518588199794359,0.0561191445418695,0.0371653247547798,0.0737696935396167,0.0708328835514718,0.0491670361427641,0.0549241560238201,0.0364365890900256,0.0725803688918443,0.0680061220270611,0.0516839938246084,0.0551778397211375,0.0361560830165855,0.0733723583156482,0.0692281066246143,0.0487034903347206,0.056175908486786,0.0367947050852268,0.0743360293591707,0.0713543221252755,0.0504847792039236,0.0552867971425675,0.0365347512801827,0.0727665659813368,0.0693413763458214
gaussian,400,889,0.38268343236509,0.25,37.0921493633683,29.0040426104114,15.9674761897267,40.1559306325074,44.5409218187778,19.4981947919697,15.4644303954191,8.96260893020523,21.0263591584779,23.2133051231361,36.4445241397973,29.705992745029,16.3988082992856,40.4033451200962,45.3646961894873,0.0450188129554078,0.0326076288579629,0.0173716696005855,0.0502853583687683,0.0535415214267305,0.0481468976012717,0.0359408647678705,0.0166587416238414,0.0525666338652135,0.0573518084458821,0.0474184658159868,0.0346520544589375,0.017834410073892,0.0493296387430277,0.055278493495439,0.0463915355521103,0.0363732207735804,0.0202143467761236,0.0502068054070076,0.0556177054071272,0.0472673092536972,0.0374608536491962,0.0207643414420488,0.0514943789954314,0.0567117910786523,0.0432814669306944,0.0382021839282186,0.0222821734809897,0.0513847608884942,0.0565948834569039,0.0469588391136555,0.0363371489127535,0.0197086122698823,0.0505840885075931,0.0561000389565205
gaussian,400,890,0.38268343236509,0.25,34.0214828872832,42.28926767249,32.0543597701394,41.9771930838474,41.8108250908945,17.9671135042095,22.0907624096819,16.9861916738083,21.9350465750395,21.8522850055241,33.4336558121675,42.5516152539602,32.1971186714362,41.7018519552558,41.7065048459031,0.0426673962372094,0.047882817339872,0.0329469100570212,0.0493466529378397,0.0453533345934235,0.0399499451921342,0.0529812218046515,0.0407636931969032,0.0532789590875868,0.0501794406383202,0.0396338404598993,0.0520580799510032,0.0401787284573666,0.0501057467310598,0.0499082945984534,0.0428115238685865,0.0524349995469141,0.0392517149564946,0.0525306015696271,0.0520178454817325,0.04277474398435,0.0532557604341532,0.040518227481564,0.0527850950395531,0.0524780674523082,0.042122339079325,0.0523943549316565,0.0401408904943828,0.0507573456079981,0.0501712821645666,0.0426279743668551,0.0524353565674522,0.0391913972866988,0.0523664730543978,0.051703538173116
gaussian,400,891,0.38268343236509,0.25,63.6024082750831,59.6290118088897,41.3520383618496,58.0577698757016,73.7855627142549,32.7204399366289,30.7386658938246,21.6231173477042,29.9549782105427,37.7991850071723,62.1071831469343,60.4937219978646,41.8920933042298,58.134974241703,74.6022274372522,0.0784965822446471,0.0760443342584142,0.0514923449008928,0.0746503657215528,0.0946175785313618,0.0815404599846565,0.074029672947579,0.0512069609560569,0.0722259343518135,0.0922933747534248,0.0799471142858708,0.0760214209969977,0.0532999206185661,0.0740514547426057,0.0933315074954288,0.0794647613757996,0.0749144210939797,0.0518768497293178,0.072825420147701,0.0926406070691544,0.0805221158059379,0.0741259160098164,0.0504381813909077,0.0728660806731565,0.0925961189405291,0.0816882325965431,0.0753256614327062,0.0506837839079163,0.0746885845872174,0.094172733253659,0.0796227837601099,0.0747054350457888,0.0515782771733047,0.0729896301676833,0.0926693890974398
gaussian,400,892,0.38268343236509,0.25,55.0861063664821,78.0713802979789,63.6625969458381,69.1349826339657,82.5562578612281,28.4731605971079,39.9366758747772,32.7503319276599,35.4797422647509,42.1737004670356,52.2514554007872,78.5521214909417,64.3076354130988,69.1787049577931,81.9462995024196,0.0602889573097196,0.097039418929164,0.0808838098901132,0.0780772602449912,0.0921883562887277,0.0693798309887782,0.0974485609821825,0.0790771246314755,0.0877154597653737,0.103209731233996,0.0701489350689586,0.0995407329445848,0.081446895152665,0.0883448148290336,0.104843336642362,0.0677561725057037,0.0976389881736963,0.0798609066942142,0.0861282183892659,0.102262036784203,0.06703979314,0.0970771890807175,0.0788368266684667,0.0851362801384009,0.102390003539986,0.0685045029299593,0.0994755643104664,0.0816429566083544,0.0861127043009972,0.104503645604881,0.0685693279301445,0.0981057412992216,0.0800369329700269,0.0866891171202472,0.103278441691885
gaussian,400,893,0.38268343236509,0.25,46.2823324756768,62.2484814033462,48.1147185877174,63.7001042342912,71.6767553931574,24.0819497066289,32.0450180426266,24.9959360673973,32.7690770603301,36.747391110963,44.2210298990423,62.8062352798211,48.7859198574189,63.8084840585534,71.659408189435,0.0587514688927519,0.0746672772150226,0.0548620609297347,0.0812978256159659,0.0905841792250263,0.057847050640239,0.0786543296128654,0.0613093920344199,0.0790789715078788,0.0889479133775851,0.0568061171044929,0.0756217708857733,0.0584649657012115,0.0763472649149348,0.0865507876568569,0.0578503596389037,0.0786464641944348,0.0608588211360343,0.0797885581761084,0.0900081940151606,0.0565450626256465,0.0781011612070772,0.0600832746111935,0.079548901252246,0.0896453361562342,0.0594268747705259,0.0769320782859327,0.0584096815242849,0.0785580405305372,0.0902160990017798,0.0582206221973137,0.0780721094927589,0.0600357389097147,0.0797768423337958,0.0899204757287194
gaussian,400,894,0.38268343236509,0.25,38.2538589004036,37.2121865141525,25.5273219708493,38.4215259332155,46.4182698805174,20.0778818348447,19.5582473738432,13.7303771231416,20.1615509861244,24.1498686142724,37.773134061734,37.9444666759355,26.1356752487604,38.2993427492552,47.0174398297125,0.0425224458508628,0.0417597127395087,0.0297157270088783,0.0416395081317326,0.054441917737556,0.0467797817472711,0.0456933076642431,0.0320411401008839,0.0478337033061053,0.0563825753427956,0.0463999684491388,0.0460235358092325,0.0322771284075933,0.0469119334851253,0.0573870416776881,0.047785363980934,0.0472259938631735,0.0327282481551425,0.0486010653740947,0.0584449414088485,0.0475775240394225,0.0472871611811017,0.0327135110215137,0.0486212729486671,0.0584124908756954,0.0470404193816881,0.0467745624236241,0.0331818442462921,0.0467822202193688,0.0574111863165411,0.0476670812357044,0.0466193704430769,0.0319180700019056,0.0478796054667464,0.0579354183998754
gaussian,400,895,0.38268343236509,0.25,51.6034833453382,36.0949520152301,18.0322017325536,55.8368483790929,56.3527612193526,26.7358682618658,19.0010900611148,9.99243572249158,28.8473024317406,29.104595755808,50.8734380133065,37.0483754882089,18.7046422947212,55.9676167190131,57.3171272762182,0.0624741060829765,0.0431403148245156,0.0158823312440387,0.0720816094691558,0.0728324663958956,0.0655976492502472,0.046950082812769,0.0242555606905282,0.0711750316198954,0.0720705659388708,0.0634969854055743,0.0443364355521355,0.0200748038105701,0.0689603439727523,0.0702870499536723,0.0646864718662515,0.0450655904362044,0.0223612793005328,0.0699322599133927,0.0706941105034705,0.0657069730347199,0.0466653661255583,0.0236968849912739,0.0711150882115573,0.0719082293938002,0.0631917874881258,0.0409833921686075,0.0200085940044651,0.0650411957765282,0.0671629087452931,0.064409975032909,0.0448586367579605,0.0221276668694488,0.0695818564248946,0.0702897592135219
gaussian,400,896,0.38268343236509,0.25,36.6292644217022,66.7092344634566,56.2170445982637,65.1040577424387,63.5322202249487,19.2677536140383,34.2699772017348,29.0370599725016,33.4695326998716,32.6857023746011,34.0561385228064,66.7341615275063,56.7375216576475,64.882572018826,62.4456089477152,0.0481109713510134,0.0858473024668967,0.0725861991755192,0.0827452659537653,0.0808509328482105,0.040091312442824,0.0784296375157105,0.066234307428044,0.075473150403242,0.0728459375534678,0.0442464900153795,0.0813831640700461,0.0681705667887863,0.0785542120609466,0.076921777702062,0.0447735349083457,0.0829971541970601,0.0699517355126148,0.0806799068442668,0.0783629671898091,0.0443586721036143,0.0839365113290796,0.07071267534455,0.08145504922793,0.0792631107450564,0.0446522399072035,0.0835622897140777,0.0696357993469561,0.0827301246917665,0.0778491163719172,0.0454574515847912,0.0835456257346721,0.0703130574785771,0.0811308146330575,0.0790348522636529
gaussian,400,897,0.38268343236509,0.25,35.5795543066789,34.7648113192922,22.7644270333834,41.4371366155342,46.2051650295669,18.7440042432915,18.3375972193224,12.3524640050885,21.6655038556495,24.0435211541713,34.352684304658,35.342343134013,23.3786655072248,41.4379589108009,46.4662992429952,0.0460044720376074,0.0459533288872223,0.0303481534471224,0.0532432582966281,0.0589618059094253,0.0451455812609047,0.0426119882642913,0.0272878672045699,0.0521468863030225,0.0572644289279421,0.0436801364688609,0.0423709739229205,0.0273796699506772,0.0496186679915932,0.0562997757898636,0.0444755579865069,0.0434056132202783,0.0282750673174031,0.0514332925672291,0.0575437182146927,0.0454527943036613,0.0444753742823144,0.0292173847904554,0.0532520176558115,0.0590226005321729,0.0439371313116377,0.0444822825491192,0.0301148874312919,0.0514436817936011,0.0581212844363139,0.0448171545272302,0.0437536245117125,0.0287459812954981,0.0517893295923967,0.0578800973070856
gaussian,400,898,0.38268343236509,0.25,48.0644678324223,46.518095894673,29.3147370861534,64.1359501767079,62.9509461116921,24.971060632489,24.1995300809928,15.6194278823745,32.9864862417709,32.3955633972592,45.6917489644173,47.2472610791424,30.2330911790848,64.2339862229378,62.7813695650507,0.0450581526808249,0.0380831311857544,0.0235115911803647,0.0603918198538405,0.0589132657275373,0.0598618653220969,0.0597082923161105,0.0384192747778192,0.0813588807066328,0.0798659099387297,0.0598501133708652,0.0588967765246049,0.0374269383784338,0.0800955555291336,0.0795037260866918,0.0601105467201755,0.0589966053383025,0.0375070935615049,0.080629106120763,0.07883882330509,0.0614382364319449,0.0597909817704896,0.0380924933379632,0.0816524280263879,0.0801908282581523,0.0617728515852477,0.0554233415776262,0.0317451754217177,0.0822041668603476,0.0784212099457544,0.0597957856464003,0.0582748878572026,0.0366146844621739,0.0802957640997978,0.078483324500173
gaussian,400,899,0.38268343236509,0.25,61.8560946789242,54.3028234301766,34.2962984850439,66.9930440576126,69.6201763836783,31.8495393174614,28.0823081954927,18.1041246294255,34.4115535889025,35.7219175909869,61.9310798450972,55.3491474619486,34.9292514853649,66.9645505606747,70.5678088786138,0.0789243466933159,0.0699038987092108,0.044137413831673,0.0850278423108435,0.0887927018887631,0.0787776969265536,0.069685363455506,0.0439913228906626,0.0857747066070777,0.089304765763294,0.077324528202726,0.0687742344338867,0.0436807984193451,0.0847978138437621,0.0873386758419563,0.0778136559942122,0.0679063486295126,0.0428120452615138,0.0837852331110661,0.0871275407474365,0.0781818588296687,0.0677365030402727,0.0422999143623462,0.0841086311507276,0.0873779754019912,0.0797249093136138,0.0698787907667149,0.0451275068344482,0.0861251632358308,0.0894612391155346,0.0770870527993296,0.0679555590754974,0.0428869037556687,0.0837977412722173,0.0868897314822672
gaussian,400,900,0.38268343236509,0.25,45.4426986409149,72.9253610671201,60.9926767304711,69.1796016213831,72.6216987807755,23.6633783378159,37.3702339768551,31.418923341874,35.502040147952,37.2190972225742,43.1395056751837,73.2699200254179,61.674899115244,69.1775534980545,71.7784863947072,0.0552287203165052,0.0903639888862388,0.0765886876380175,0.0859914333026833,0.0875218635181835,0.0578623653643995,0.0905341021211354,0.0722478122939954,0.0886897395717274,0.0915649213228493,0.0560719384988857,0.0919748660197783,0.0771393649654849,0.0872459775031622,0.0903840488636583,0.0559444485145927,0.0908877363297273,0.0759904253319214,0.0862019214478934,0.088876191650569,0.0563693339591796,0.0914718995105518,0.076431269419888,0.0867965954584327,0.0903170505692137,0.0580253868029259,0.0921962816001494,0.0774962745268215,0.0864169311800056,0.0920900966239347,0.0566866875891558,0.0913091064957818,0.076132375084648,0.0866297600700454,0.0903206244888861
gaussian,400,901,0.38268343236509,0.25,37.4069088777315,48.4885293062232,36.0593343916369,54.1587484728184,53.3855098722138,19.6556907613796,25.1824542668537,18.9834942952041,28.0105401986667,27.6249212613335,34.8998450015625,48.6302538742205,36.4616667654586,53.9780619024664,52.5974734720943,0.0436725375010855,0.0601494844833365,0.0468112920279036,0.0611780794198499,0.06179157063235,0.0470431757381123,0.0624833418357683,0.0471104658723425,0.068649816110632,0.0678063027438271,0.0471896297707539,0.060962008817079,0.0448775917193656,0.0678831274392513,0.0675069284566546,0.0464877482301891,0.0604827570008164,0.044723698866618,0.0675007588343725,0.0665308957751071,0.0473146172127611,0.0620246869796393,0.0461238634988677,0.0684852963270865,0.0677898471889146,0.0492456824613541,0.0609046243650255,0.0436499571815785,0.0696400776435637,0.0680194947892456,0.0461313307948934,0.0603909218086617,0.0446859241599341,0.0673562546436667,0.0662679617145231
gaussian,400,902,0.38268343236509,0.25,38.73618890366,55.0642784036023,44.3342378403063,49.5030027841483,57.0633087391077,20.3185736633013,28.462007635357,23.1104375947426,25.6884154233764,29.4591729320935,36.656601551837,55.3644157665734,44.9300648705768,49.3921877230154,56.5581104009673,0.0467860933248012,0.0622840525607116,0.0509708998833474,0.0507822064011321,0.0682846194928291,0.0464747296815805,0.0672852732298356,0.0529180387327108,0.0617164388491818,0.0693084428266167,0.0496844523971095,0.0687648844383865,0.0550528002905848,0.0622404255011416,0.0716066618306298,0.0482914469091102,0.0692596469858791,0.0555378186911858,0.0622535769624306,0.0715767916737169,0.0481369654767878,0.0702144592411544,0.0565182023534491,0.0631479456839134,0.0719836350778563,0.0494807665395965,0.0681934959958323,0.0542507529107904,0.0590689314620528,0.0716996097070834,0.0479510351033497,0.0687018494051603,0.0552794932983833,0.0616157417237092,0.070965709919336
gaussian,400,903,0.38268343236509,0.25,51.434658173471,67.479872210594,50.94466453214,75.5523294456889,72.013015705258,26.6521079523832,34.6544946210323,26.4078203020952,38.6805071934508,36.9153645533041,47.9911594337163,67.4553332959848,51.1982799026488,75.4777898062156,71.0287883720354,0.0665667879459768,0.075592547181001,0.0468807005366661,0.0912912458007101,0.0888567921226251,0.0614795449557824,0.0812907096078625,0.0589451804817333,0.0928608019227667,0.0883834897448743,0.0614995747048462,0.0853102679018961,0.064742373930214,0.0950938386286049,0.0897138321276453,0.0634660457497165,0.0838659055937966,0.062567787444282,0.0945192189946917,0.0897050320700507,0.0653398561936743,0.0852202876757788,0.0638910841513931,0.0952218776791267,0.091020867150432,0.0565377501995287,0.0824073116281852,0.0632086341812621,0.0917897052558755,0.087296359245173,0.0638017085619889,0.0841805389293392,0.062962885392433,0.0944238352086835,0.0899368978262523
gaussian,400,904,0.38268343236509,0.25,40.4973754150365,30.4895563042136,16.0803325461306,44.963850906029,48.005105865562,21.1967530798578,16.2053434411475,9.01888429580895,23.4243798363741,24.9411017785459,39.3649318033961,31.2165614892383,16.681081410334,45.0998412213669,48.5872477880973,0.0376514243850049,0.0361063158581911,0.0224667141206001,0.0412075042231742,0.049655713661444,0.0518839165138127,0.0377063225378533,0.0189561391793745,0.0560352704891879,0.061251328574928,0.0507335629956989,0.0394621770329443,0.0204464961115956,0.0573827871124769,0.06150643083601,0.0507074334292308,0.0385781538736886,0.0205168997997367,0.0561753236217296,0.0604631188378342,0.0507805124864103,0.0372905461104357,0.0193659653926298,0.0550843431954568,0.0595238498358107,0.0527990498168097,0.0397345249293166,0.0209098952528357,0.0584308482894593,0.0621555623004214,0.0506676341072723,0.0381713713796723,0.0198856430354414,0.056295547827731,0.0602621560540644
gaussian,400,905,0.38268343236509,0.25,39.5050078761613,45.8611665311492,32.5102965526759,51.7062989346072,56.7093658294751,20.7018510766257,23.8718477333532,17.2131788446219,26.7871926814804,29.2824925223694,37.4882283330918,46.3858089045606,33.1577100190988,51.7810101894133,56.5985271655234,0.0317685218096272,0.0482384918815025,0.0363133485239076,0.0508201634290726,0.058068276824565,0.0494765027932543,0.0589436116989644,0.0425873189337316,0.0656547090986371,0.0716581774495092,0.0503271146967323,0.0580273660963372,0.0411619995708049,0.065169044284104,0.0718712338100495,0.0494418311623093,0.057945798689034,0.0410981959132704,0.0648671236092033,0.0713416268219976,0.0495450792997378,0.057893881179881,0.041249024843737,0.064918050587523,0.0704815801124586,0.0493691322312426,0.0574090704816464,0.0397895485553901,0.0643382548138199,0.0689688608958055,0.0495257584872743,0.057685409438986,0.0407537924328147,0.0648850409760596,0.0711152072386842
gaussian,400,906,0.38268343236509,0.25,36.7544239384733,44.9302207005055,33.3544837615966,46.0703465204086,52.971326953876,19.3299782993837,23.4076036060984,17.6343387338701,23.9762362584096,27.4180829206425,35.2929484375065,45.3857070812143,33.809390410439,46.1831075689327,53.0526049651948,0.0484290963288822,0.0578087928286291,0.04374019083556,0.0588760831099826,0.0682935610303755,0.0464406210567558,0.0562489966184693,0.04143513628715,0.0580654922314293,0.066780246312866,0.0477477710073874,0.0577280044116408,0.0424712696955063,0.0596800154294915,0.0684384858351007,0.0451798400890837,0.0553376211255843,0.0404773486458604,0.0568780222454143,0.065629863701186,0.0444956431798846,0.0552275620313706,0.0413206181590065,0.0564011738214983,0.0644453153212575,0.0463903041253102,0.0586273656215188,0.0440972351839636,0.0588722474217492,0.0683394243478323,0.0461354160032842,0.0562457826820273,0.0416168874643798,0.0578502133659822,0.0663286046681765
gaussian,400,907,0.38268343236509,0.25,32.1619859421426,41.0604314832355,30.4050744359268,44.961041253707,46.7543329222092,17.0395500445394,21.4776663726449,16.1634887018552,23.4230523870287,24.317451444957,30.3879165746737,41.2749508868491,30.7057567467635,44.9588204002187,46.6151125235609,0.0422032291487921,0.0513151445751788,0.0381921091026707,0.0551259488576312,0.0588032595141599,0.04146915636781,0.0516158472448576,0.0378774364634183,0.057445941245517,0.0582343389189946,0.0403736237965054,0.0510682641665286,0.0378412726412286,0.0562307352599701,0.0579241048117843,0.0402076770118591,0.0511082391516876,0.037146199990175,0.0562916916909527,0.0584490773148493,0.0403098353380744,0.051093398293192,0.0374911536006493,0.0558476934863785,0.0584889582326006,0.042581809017727,0.0525704505279564,0.0384968057285906,0.0569278686260556,0.0603195249631175,0.0403341751136593,0.0510256333533414,0.0372500584192139,0.0559958152993104,0.0582936051967309
gaussian,400,908,0.38268343236509,0.25,31.9902114129904,12.6369932856723,3.37272821418326,23.9626875581859,28.4575077426988,16.9538625548411,7.30138595376493,2.68088900296338,12.950052008884,15.1917738744475,30.8615113576467,13.1560734530344,3.67898005640115,24.0980044689221,28.9754626468023,0.0407994093193096,0.0172571796268654,0.00301485124485352,0.0324359911512131,0.0380608116592187,0.0403459747158442,0.0168286701608133,0.00586206930902901,0.0299236101937012,0.0361903071817959,0.0381831270898197,0.0160938350109553,0.00440799033156989,0.0302286789431714,0.0349236810063096,0.0407764721527299,0.0158464758737033,0.00338555942432511,0.0305737847485258,0.0363548706947567,0.0402533616049712,0.0154269834223218,0.00300922790814635,0.0301588156112321,0.0357702693254612,0.0420439230341828,0.014057116346311,0.00232634289184125,0.0246296691626944,0.0349528923390972,0.039995774144731,0.0161474234052316,0.00442298658373617,0.0302773750905463,0.0361168125907614
gaussian,400,909,0.38268343236509,0.25,71.8846195239259,68.4850940143564,46.7452113411129,71.7208228351483,79.5377560165069,36.8512891637935,35.1557189665614,24.3130257009232,36.7694659676229,40.6685753837178,69.1856603897297,69.1143127213369,47.2538456498954,71.7705796165871,78.9577743021074,0.072885765143913,0.0871222743087449,0.0606583575244061,0.0886422490883901,0.0991943352912798,0.0891372917587781,0.0810855433452728,0.0541818958800255,0.0885490391042733,0.09300545735188,0.0892890563007196,0.0850118800493102,0.0579417438413344,0.0889703711843382,0.0985965876779675,0.0897521000328353,0.0855157779430832,0.0580383129064958,0.0896658000751239,0.0981741163739756,0.090571972437833,0.0858081801559521,0.05850227566411,0.0895948157615062,0.098531042880524,0.088462208384484,0.0862186325509667,0.0588301955725001,0.0896007421875946,0.0986828382130264,0.0895086981254789,0.0853760885084943,0.0581394509598665,0.0895413240103423,0.0984529303985927
gaussian,400,910,0.38268343236509,0.25,61.0335549634654,97.2948291986759,81.5566431176454,95.0613620748362,100.370926890433,31.4392976834563,49.5244218468856,41.6752041385391,48.410454719419,51.0588113446054,58.1391456246594,97.7469848371737,82.2984928506352,95.2119368232054,99.3434656127147,0.0744161454891324,0.124070903563931,0.1044296689777,0.121300393481924,0.127282282599406,0.0771218042497393,0.119834846887732,0.097852406996975,0.119341239411335,0.124946842744942,0.0761151913570419,0.121085397447634,0.101002930799345,0.117461877683253,0.124405228444374,0.0761217419098316,0.12199344800051,0.101990366428213,0.119015214509636,0.125369653144654,0.0741277795334641,0.121612891507507,0.10201892871285,0.118478591079735,0.123613640744505,0.0764135703535195,0.123715767146341,0.104013139949431,0.120820772658218,0.127517787142012,0.0762044841622106,0.121991406331593,0.101893739400339,0.119360312216264,0.125511709640382
gaussian,400,911,0.38268343236509,0.25,34.5424774753088,53.8725482635398,44.0267620598076,50.1591889717203,55.7689022924575,18.2269601893492,27.8675814139987,22.9570475800098,26.0156447659244,28.8135521493123,32.4937052220374,54.1377332594468,44.5779591213582,50.1297677602826,55.1769680700557,0.0452784940194956,0.067816325717467,0.0550897141616502,0.0651367473017786,0.0717032145209986,0.0441710849195204,0.0670718806483181,0.0533371139228456,0.0629194431033543,0.0704990758447358,0.0429408763902383,0.0674382197475352,0.0547411469026306,0.0623892194693789,0.0689426323904435,0.0424045002470709,0.0680173021804429,0.0557176724523307,0.0627655285386867,0.069374092859563,0.0429592757909587,0.0666781421123369,0.0543002191228552,0.0619176134972383,0.0687819013890594,0.0412578194921493,0.0631224462405666,0.0514238702955755,0.0556329608576455,0.0657003891976103,0.0428374618565311,0.0674721426001323,0.0551391942777809,0.0625804478555384,0.0693988960190805
gaussian,400,912,0.38268343236509,0.25,23.0437137937764,52.7825885408351,47.8337782470943,43.0394390315848,46.5816452152108,12.4919741799268,27.3240025072588,24.8558232773135,22.4647390179951,24.2315085415152,21.177230525115,52.7786823395487,48.274669627131,42.8967378679711,45.7152829949217,0.0258623428522317,0.0644208738421918,0.0605877887860919,0.0466322329525009,0.0542406420714208,0.0269491607511779,0.0676180992996032,0.0618311730996137,0.054263812056104,0.0590075372671308,0.0286862251905182,0.0656845119201966,0.0601595053218642,0.0522633005311497,0.0566549629455542,0.0277603414513688,0.0662306734729216,0.0601827390764616,0.0534628054632171,0.0574786164670453,0.0282590011673163,0.0666072173710308,0.0604991681918931,0.0540873560771598,0.0581421294870884,0.031281801776554,0.067742814957247,0.0608595018830235,0.0560286877092516,0.0604732499062004,0.0282768226676664,0.065923026768311,0.0596707610957888,0.0535485424165324,0.0577217000392064
gaussian,400,913,0.38268343236509,0.25,24.0253811057767,27.6988644387213,19.2760076522198,31.4406505881795,35.9321380759057,12.9812169424553,14.8134359343382,10.6126844835407,16.6796021439659,18.9197452002904,23.5955776479715,28.2121740232765,19.7238085911509,31.6796136995979,36.2821061826942,0.0325299069442038,0.0328203858799186,0.0196759620721139,0.0417206426259896,0.0464560733385336,0.0319108772803225,0.0368522006362808,0.0261489552425873,0.0415875112785086,0.0473018863649378,0.0311953930010422,0.0349165880272439,0.024207816097821,0.0401421640421018,0.0457805932897399,0.0305808979224079,0.0352910426091639,0.0243904636797105,0.0399243874788498,0.0457118857612959,0.030685129426004,0.0351575537241882,0.0244819353075047,0.039280095948784,0.0449089674877001,0.0287621020331319,0.036996924063369,0.0255316840694657,0.0414792206454174,0.0470890585263576,0.0303181877457204,0.0346805279166886,0.0238399202494884,0.0394187761939827,0.0449521535566584
gaussian,400,914,0.38268343236509,0.25,26.8703177768556,19.2127078422647,9.14299678981308,31.3116474552878,32.7867872254311,14.4003686852724,10.5809912154848,5.55886318986843,16.6153156991092,17.35097851981,25.2146708380045,19.6931000813791,9.62135681889314,31.4761652360945,32.9962610114514,0.0358494318939364,0.0263597834939935,0.0138877202146781,0.040786418641873,0.0434776454569028,0.0348962938891506,0.0256633128552613,0.0130124051331725,0.0409328111978774,0.0429683098315573,0.0331597254712862,0.0240244485912249,0.0114975961335249,0.0396817089750416,0.0412568357551338,0.0338173677538584,0.0245279488938788,0.0115161588801244,0.0398184469953921,0.0415677079187009,0.0330705738893275,0.0241215321351883,0.0111247735513038,0.038750468717628,0.0408071497155319,0.0355945137719372,0.0248767963553721,0.0113243094833499,0.0416263517642497,0.0431887570425212,0.0337269308428614,0.0242833759411321,0.0113902275250946,0.0394537578498029,0.0413954300644528
gaussian,400,915,0.38268343236509,0.25,48.9247789506015,49.9426959264806,34.9402167998691,54.5480924518395,55.3594382185335,25.4001800132636,25.9078611446134,18.4254376944776,28.2047733130917,28.6096378929309,49.3114797007596,50.6657427207101,35.3233467982914,54.2958260643944,55.7838099700694,0.0602831879779149,0.0590025671315084,0.0419528023704741,0.0643532415005516,0.0628556429350218,0.0616510404325634,0.0587520941456204,0.0400179346650308,0.06733311711396,0.0658344859294048,0.0608720178459796,0.0621218236410243,0.0434624448575356,0.0685476712208171,0.0689655026526181,0.0599941012149955,0.0616208194124785,0.0430812875343134,0.0670376921493577,0.0673785149611763,0.062490932160178,0.0624332473901795,0.0427142133976,0.0691945418992548,0.0694120335870483,0.0619706254554924,0.0648744941073825,0.0458769010913585,0.0691734777845339,0.070429389462115,0.061090652003915,0.0619958769989184,0.0431173018732266,0.0679175525890545,0.0684942781894021
gaussian,400,916,0.38268343236509,0.25,56.5560254640766,38.3771564110009,20.2222965510193,50.3800517619807,50.0036689170273,29.2061386557945,20.1396343087964,11.0849725442558,26.1259437229335,25.9383750559743,55.0738999814011,38.8217135361361,20.3344302810647,50.2004316221618,50.335649205941,0.0715035871881845,0.0486011946676153,0.0259095246744219,0.06527386089676,0.064416040985003,0.0704896724477516,0.0472154034674326,0.0254000762892549,0.0609975683833683,0.0604373332334958,0.0713367206588411,0.0472509001117695,0.023846490201764,0.0628563201219526,0.0627108140200402,0.0710169784069592,0.0472208819311699,0.0244046284683906,0.062772352696899,0.0619283346782156,0.0706395271912287,0.0455505436535855,0.0223495501035697,0.0620099259833061,0.0612205262881976,0.0680054163897373,0.038693743646609,0.0158232994138232,0.057175876086492,0.0506079604350303,0.0706234413056803,0.0476888870544715,0.0248942859953802,0.0628348243325033,0.0621209778357299
gaussian,400,917,0.38268343236509,0.25,59.4168028787262,81.8057402131449,64.2971272031233,85.0976033492611,93.4665021649826,30.6327813673758,41.7991339479421,33.0667999272049,43.4411046761558,47.6150698550429,56.6896737748396,82.5149864364156,65.2672984498531,85.1439505583084,93.1639810582927,0.0763321228525671,0.104733646005746,0.0826629631869468,0.107079003488333,0.118194681427372,0.0719389161701042,0.10391821089877,0.08200569047683,0.107341403092311,0.117153645880155,0.0757806755768449,0.103548662298417,0.0810002349119471,0.108478399249707,0.118703201445885,0.0743991216804877,0.102502639375859,0.0805979715878818,0.106229213291091,0.116613084850082,0.0752685373677359,0.102449373495073,0.0802445570524301,0.106879192434008,0.117133785136399,0.076760176427248,0.0984634757080224,0.074497019703019,0.103248250007878,0.115572712886494,0.074382705701027,0.10263781909214,0.0806856934443311,0.106271068890673,0.116900628362115
gaussian,400,918,0.38268343236509,0.25,36.4604285578775,40.2517370490344,29.4052343091319,38.738567045831,50.0826410789784,19.1831901694683,21.074126045105,15.6644547255853,20.3195663175753,25.9773044118381,35.8554831719261,41.0055364200855,30.0749369739045,38.7703800864215,50.7479867247479,0.0445916296141483,0.0428412339876308,0.0298186450257385,0.0385002712260868,0.0556781484842898,0.0477579848395747,0.0498317197712169,0.0348329047955232,0.0489338196071749,0.0640305587199794,0.0459900058697593,0.0509716285405964,0.0372051526330444,0.0484986268214021,0.0628334460728275,0.0464540760808797,0.0506691756313606,0.0370109191269323,0.0485487831930009,0.0628633293295092,0.0459140822394753,0.050654714155357,0.0372625325776901,0.0477852154263468,0.0622792395142408,0.0469687530489763,0.0527137555457133,0.0388089701661771,0.0505896549539557,0.0648489632260286,0.0459343571337283,0.0505412379178958,0.037038334448847,0.0482752036142077,0.0627436295226464
gaussian,400,919,0.38268343236509,0.25,36.1802687720081,49.3358362623897,39.5010546651418,43.2506782914331,51.1900273479706,19.0439401433147,25.6049638565542,20.6998537252263,22.5701269683723,26.5299373854819,34.1442478012742,49.6286104740929,40.0572953382333,43.0647373610128,50.5815058210909,0.0477247667163648,0.0593822917518166,0.0444693122125045,0.0534200289527757,0.0652907836802212,0.0467200354834888,0.0626285809700227,0.0500964174686991,0.0547751054131657,0.0648655967966921,0.0447846561041563,0.0606053543081461,0.0480216774378807,0.0534007652218557,0.0631300898690836,0.0441193085895054,0.0616858457214873,0.0497766991710365,0.0536009616634298,0.0634714826674031,0.0444574044547667,0.0610323190060439,0.0494404564209271,0.0528228728411676,0.0621889081587737,0.0408556636257636,0.0519138046517798,0.0388236659066643,0.0450284064012887,0.0550567734609919,0.0447068697861391,0.0619427184508421,0.049670670978194,0.0540053474049859,0.0637459325548219
gaussian,400,920,0.38268343236509,0.25,28.1657451514691,24.0418200368765,15.1265609843826,23.9619641213132,30.4092884667367,15.0460416633183,12.9896735128083,8.5433025950734,12.949758450956,16.1653830010983,28.2866446209111,24.4254277696395,15.1798591190648,23.9896977038393,31.0188729717866,0.0376997286275096,0.0325468366102917,0.0212155629925077,0.0324344416571376,0.0405097922164135,0.034926200873366,0.0302391578682659,0.0199009139022949,0.0291300147741913,0.0365994514163069,0.0350487179405097,0.0279445588068045,0.0172425742932994,0.0276251955207556,0.0359550495426708,0.0358531291989343,0.0294983834136032,0.0182632197604963,0.0296653007982853,0.0376218863702325,0.036736342128773,0.0313691747768728,0.0198487197202335,0.0315879396400601,0.0392272050534219,0.0366247605244792,0.0312705584789278,0.0195930551475086,0.0313689040010554,0.0393211135026159,0.035742116361405,0.02960702931158,0.0182995792973085,0.0296627563878983,0.0376246396217537
gaussian,400,921,0.38268343236509,0.25,58.4094890734226,58.3244705972269,39.7122682956238,64.0796561918096,76.3365660902773,30.1302847962754,30.08790639831,20.805225086085,32.9583090085404,39.071307349827,56.1903182134912,59.053577506455,40.2722339530382,64.3000403033904,76.8326189861197,0.0577658830889194,0.0697621401787475,0.0489572909660471,0.0645403798255542,0.087716913125161,0.0736986225512757,0.0698700320975104,0.0465252529416748,0.0770722042481098,0.0940990278895305,0.0744255925968244,0.0748876980624073,0.0508523469960509,0.0818489471526062,0.0973158877862899,0.0732861828849946,0.0722862647660097,0.048564200957818,0.0792048055058962,0.095193695703383,0.0716244942881166,0.0731417185232899,0.0503968410291295,0.0801685218720013,0.095297179264292,0.0726571166929869,0.0704028046316534,0.0488745994226489,0.080453312394628,0.0953789574655951,0.073173263895184,0.0730407019075605,0.0495206776943532,0.08016798789336,0.0957901913030569
gaussian,400,922,0.38268343236509,0.25,75.6519197964514,67.9591112305625,43.0825765441874,84.383664001819,85.2906503607384,38.7301483220941,34.8934162220646,22.4863723313306,43.0851046264802,43.5375974300125,74.1317695872852,68.930493294394,43.6941000804101,84.4021096828658,85.8954091235265,0.0917111074859096,0.0724451267686738,0.04419057498081,0.0953298726217234,0.0932460533744133,0.0961196291226667,0.0870791513523425,0.0556234267308139,0.107532973154818,0.108227365840177,0.0948673810142183,0.0853428538423528,0.0544805783272377,0.105669295833998,0.107158950829191,0.0949444895000073,0.0842419739254416,0.0527876664473014,0.105333604040451,0.106087469389289,0.095250320843838,0.0850752009223733,0.0533946501380406,0.105661484105982,0.10666095372698,0.0939381486809064,0.0824968253437533,0.0524831909059849,0.103218248219727,0.105912672046899,0.0945155437719952,0.0845763460187906,0.0533540654994399,0.105186471330886,0.106103276382936
gaussian,400,923,0.38268343236509,0.25,23.7900056859893,35.7980937646635,29.327709211203,32.3603046912437,40.0689515037436,12.8639386251498,18.8529701612732,15.6260237114449,17.1383902691466,20.9829961986728,22.7965453976736,36.1487119025217,29.8175401467859,32.3959586747959,40.1056360478457,0.0321825524089424,0.0471627862690156,0.0389378104084992,0.0425735970974473,0.0524625599207879,0.0301600836343459,0.0449399947808884,0.037153034242779,0.0402640414946112,0.0503454686509386,0.0289580809938244,0.0447256629047541,0.0359489993826929,0.0397197029962122,0.0502430878834804,0.0302772759508506,0.0447809911365322,0.0361228848666235,0.0406422449375548,0.050330901428791,0.0297246470796135,0.0445927495049379,0.0363781497275576,0.0399762646164478,0.0498382807735316,0.0319285381625396,0.0444224113505163,0.034894647472281,0.0414920187897785,0.0520208821589853,0.0297205350012361,0.0446420266019265,0.0362853791104013,0.0403133091738195,0.050091150263922
gaussian,400,924,0.38268343236509,0.25,33.1762913748224,56.0877134555,46.5319910385952,55.9474157097206,56.6445211026014,17.5456260333751,28.9724852753822,24.2067218073572,28.9025271892403,29.2502973038101,30.7524464838517,56.1939526135467,47.0094708838231,55.9055754301145,55.8800772926482,0.0395859357176508,0.0683037739903277,0.0565293905235996,0.0715439921277502,0.0687781743390775,0.0405946229980028,0.0678924221141696,0.0552377067760409,0.0673631403072799,0.0690316886091327,0.0412012138067034,0.0704049555530441,0.0576510998787242,0.0699657870640179,0.0706066513886121,0.0419961736039646,0.0701754457565376,0.0577556902637518,0.0699768130054503,0.0708425383583054,0.0420783827080198,0.0701289253539076,0.0573552969562597,0.0698490982928508,0.0710534267117316,0.0312758904447231,0.070752592422766,0.0582035410333685,0.0710265464407474,0.069122778313988,0.0410653613079804,0.0702815148118327,0.0581114528885868,0.0699987818307932,0.0707300573728488
gaussian,400,925,0.38268343236509,0.25,42.5960345425336,57.8394721354089,43.2483596982255,68.2364283314806,67.8032285616329,22.243563617838,29.8460718617433,22.5689627426429,35.0315215129859,34.8155107118985,39.9464559790791,58.1990751953592,43.8968289123845,68.4343096918277,67.2606580493314,0.0400910989574319,0.0719005944068925,0.0565538259079726,0.0762126535200921,0.0753813330668235,0.0549357424442882,0.0728779118255191,0.0536338469405043,0.0870516970448603,0.0862876814973336,0.0537934257690347,0.0733302446924857,0.0543763279697438,0.0865478768780195,0.0858115059945107,0.0526672317174374,0.0725028038097573,0.0538253833754673,0.0856561977682134,0.0850180557498921,0.0539126624998683,0.0722466036131457,0.053123686566389,0.0858528840930355,0.0850584235349278,0.053353196594071,0.07276583023383,0.0543140423242053,0.0857218352709068,0.0860238984036144,0.0529248135953117,0.0723866890843377,0.0538143532997528,0.0853530904316046,0.0847348791169367
gaussian,400,926,0.38268343236509,0.25,38.066709207118,59.9081227104259,49.7239058809854,51.6970242227439,59.0915168595799,19.9845766509318,30.8779408457092,25.7987113048194,26.7826403740627,30.470658287098,36.4424944937941,60.1117659785344,49.9560857402644,51.6618159071629,58.8717714147199,0.0498508896440591,0.0693954464498443,0.0554619455168127,0.0555856726259693,0.0715256862555139,0.0470363955575727,0.075786998076075,0.0602727199755323,0.0664002987774699,0.0750376554532637,0.0476774119742709,0.0745696007270004,0.0605882762662325,0.0648353897482914,0.0741347490925393,0.0474262400107962,0.0751685276538945,0.0620831172924405,0.0648230555735493,0.0738973469253239,0.0459795424884245,0.0735549918790467,0.0610434240867282,0.0627719395037658,0.0722009646938433,0.049896130774764,0.0750990661078852,0.0616152170046676,0.0660032553509125,0.073959093774671,0.0476245498589318,0.0746458962032038,0.0614821330780768,0.0645973711852615,0.0739066159305487
gaussian,400,927,0.38268343236509,0.25,32.0385896687379,41.3418721802627,31.6570080409306,41.2548081638517,40.2749492631791,16.9782576973025,21.6181705193128,16.7878529937192,21.5747504170574,21.0864096812008,30.7766507226644,41.6108911618551,32.1171546849322,40.976152813786,39.6627586117402,0.0415142669827264,0.0540712736622594,0.0420051958350982,0.053782772128093,0.0525289015237611,0.0411910911986854,0.0514140916754995,0.037759310158063,0.0525489561509905,0.0512103988751264,0.0376246760884759,0.0509653629533914,0.0390254029729837,0.0500151648037419,0.0482567245854263,0.0386656662882283,0.0516133937992715,0.0396058059806618,0.0515098027521435,0.0492477730121458,0.0385518434386416,0.0512336200615724,0.0394010526869024,0.0509460388882362,0.0489876543279498,0.0365935125535749,0.0508547724487449,0.0396246477507581,0.0497384301211786,0.0467230030705371,0.039409589150781,0.0514895781771761,0.0393311956150841,0.0513894802897191,0.0494329120224732
gaussian,400,928,0.38268343236509,0.25,35.1541433307298,39.3356819396664,28.7492334498812,38.2344773474783,44.1092480613275,18.5318642135919,20.617469275535,15.3376106682472,20.0681547348813,22.9983474745808,34.2228785134012,39.7363192706389,29.0274301045005,38.2662372464203,44.2631071847584,0.0349347532315716,0.0427020188617521,0.0324129968136599,0.0383374309554592,0.0406339440080798,0.0460545214162573,0.0481640464783038,0.0338476437282941,0.0469199373813441,0.0551895267746316,0.0426650029734112,0.049340931298041,0.0361566697381002,0.0477848756571157,0.0550358924259995,0.0434054067970788,0.0494125891927159,0.0359445847598228,0.0482656123423298,0.0548873290915102,0.0426839387238,0.0483333961499423,0.0349589318459966,0.047215817658328,0.0544123875154033,0.0403599219940715,0.0492682938300188,0.0368276741724508,0.0462352140268522,0.0522038054462017,0.0443427273016474,0.0493814819682458,0.0357659003646424,0.0481111006847192,0.0552763146707442
gaussian,400,929,0.38268343236509,0.25,45.8468522111762,80.901746936583,69.1841521292805,80.8776588229205,81.876173076776,23.8650638581621,41.3484427737185,35.5045034942143,41.3364423144844,41.8344967639126,43.0092360333729,81.1055797451299,69.7838740242279,80.8793086956511,81.0625575278268,0.0594658435868377,0.103215330988427,0.0884073579898019,0.10338927499425,0.104482833526386,0.0563731502479505,0.0958426810669413,0.0800894585672183,0.0977974217399711,0.0996306720662448,0.0588640248592333,0.101890344095043,0.085865481474964,0.102243150427969,0.103625826791226,0.0566591970330957,0.100649785050242,0.0856038715177375,0.100473266647663,0.101706931188337,0.0546891254348076,0.0999105697847257,0.0849698500012023,0.100041904731998,0.101282486342019,0.0535498461100155,0.099104118865348,0.0862346069373234,0.0952368775164348,0.10053708672648,0.0568922912181816,0.101073979750575,0.085967332099592,0.101203427819329,0.102194261434637
gaussian,400,930,0.38268343236509,0.25,24.0431064069156,22.4448773237229,13.4504278320888,30.610868843848,32.6378347321366,12.9904301549123,12.1930372792379,7.70714341709638,16.2658822128803,17.2767621254208,22.2025277945855,22.8034931072242,14.0144741207995,30.6514319517452,32.4391434267327,0.0289441043356,0.0305541743995983,0.0191748097495089,0.040578955032786,0.0430282108061131,0.0282932419499122,0.0289232810294444,0.0180373047859235,0.0384646360976134,0.0405289037826424,0.0269414873194243,0.026399550403444,0.015043482460357,0.0374823448172721,0.0389202125900439,0.0307163726145879,0.0287818431905053,0.0171864309799428,0.0392219832888952,0.0416959977403622,0.0312718552066139,0.0283996999098912,0.016666648275635,0.038695215994502,0.0417368181796606,0.0317385061537293,0.0289974618495249,0.0163836120144902,0.0400067126302191,0.0424856515658284,0.0295296890996428,0.0281407608064502,0.0167898204491627,0.0382375177121048,0.0407706084185602
gaussian,400,931,0.38268343236509,0.25,39.5627670954584,48.2346681791737,37.524663116619,39.6202528587051,52.9110455586308,20.7306403219447,25.0556834117627,19.7140616949532,20.7593593898534,27.388100830674,38.5475718173426,48.7940344855621,38.0212019695552,39.5645391801825,53.1740392785357,0.0475108819306752,0.0589103494156367,0.0475668806053993,0.0428877539461476,0.06384766334676,0.0490871811471501,0.0622297084394121,0.0490416455095749,0.0513551877919345,0.0678090538368831,0.0499806339231058,0.0608410888458614,0.0473637114894901,0.0503665885531519,0.0664695919742115,0.0494656580543521,0.0603044764629269,0.0469006455781536,0.0493097463082022,0.0659704585261818,0.0484635260886319,0.0606947314674795,0.0478287063042942,0.0492321236091647,0.0656612711118845,0.0488335426172451,0.0627226407837467,0.0490545213922595,0.0519585795522979,0.0686217176652012,0.0495140239195101,0.0604621631655581,0.0470311615753912,0.0494355879441094,0.0661916568143189
gaussian,400,932,0.38268343236509,0.25,15.3437169757175,39.7598181004634,35.518373374977,37.3548462274289,36.4145886504235,8.65155306949987,20.8289062882007,18.7135944487508,19.6295026905512,19.160558017043,13.7288591597602,39.6904709786902,35.9006104495073,37.2950142368906,35.602877667852,0.0059652366901609,0.0486894685722913,0.0462249042302727,0.0430275790757304,0.0415748813446044,0.0213756791950131,0.0476722713640081,0.0405776826056632,0.0461971425817949,0.0457562594215816,0.0198808917286191,0.050663471912433,0.0446360962567397,0.048031030463293,0.0466275683906133,0.0186975930072173,0.0494841426848074,0.0441078390366332,0.0462413764383423,0.0448926761224008,0.018896105308045,0.0506392431343674,0.0458329473508045,0.0461130438427787,0.0457013923604557,0.0185503656029224,0.0517433978190939,0.0449340724629354,0.0479133210965854,0.0473377095571925,0.0189328281876646,0.0498732818003318,0.0444650719883134,0.0466797867976622,0.0454049357046149
gaussian,400,933,0.38268343236509,0.25,52.7460622132345,38.5944070683685,20.4292127081916,55.2540258784256,54.4303595023368,27.3058793773109,20.2478062908375,11.1880312609294,28.5567167453694,28.1459853182316,50.2579687334959,39.0669922779234,20.8389558994238,55.2500897491189,54.4554693584501,0.0683982141727664,0.0502202691500784,0.0279383032570684,0.0706481873873943,0.0704722755215421,0.0678218826964088,0.0484538069529097,0.0243357473835204,0.0684794789420264,0.0681671139740746,0.0669624770748923,0.0478549778597425,0.0257433497035322,0.0685676015760889,0.067912264890622,0.0651418033405383,0.0482638092205572,0.0251740499959618,0.0695690596232551,0.0680267601110561,0.0654086376200468,0.048072830093177,0.0250762575097638,0.0685629544006821,0.067865773601562,0.0606571199080683,0.046500313117322,0.022779445256107,0.0668788769955797,0.0659513920104766,0.0655587054593074,0.0478181212967554,0.0249188202178545,0.0686564790406772,0.0675120749931338
gaussian,400,934,0.38268343236509,0.25,37.9001242508435,31.8929032827629,19.9137657370081,37.2927142624283,43.2432030465675,19.9017562157817,16.9052957372333,10.9307257070409,19.5984924691581,22.5662961420559,36.0458736186403,32.404217014743,20.479854115588,37.2670305533595,43.3693128544689,0.0498480861283715,0.0421623560226447,0.0273918033066686,0.0488927969696958,0.0564119386525828,0.0465948750713525,0.0404769006497715,0.0244717676206332,0.046884611653599,0.055387372393064,0.0452302037282671,0.0392682622798007,0.0247411776377257,0.0441283315510564,0.0522030478558985,0.0466396622890073,0.0396352722229628,0.0245868534828619,0.0463312132241461,0.0537443789497028,0.0474428250746786,0.0389369783832395,0.0237518994800923,0.0457281511808903,0.0536726236747912,0.045780703620685,0.0414562069424355,0.0268780881131283,0.0487413291950853,0.0549920207427233,0.0466583353678592,0.0398741260613899,0.0248591931886035,0.0463401732128221,0.0538458598231803
gaussian,400,935,0.38268343236509,0.25,52.2346970458159,45.67843794793,27.7051062601145,57.2531100892688,59.7043760089751,27.0508490164613,23.7808566567233,14.8167976448904,29.553646779695,30.7762786540602,49.6527997882115,46.1548695572868,28.0563137005254,57.4110164737786,59.6918203565414,0.0521398044614439,0.0486160675358483,0.0290711875966037,0.0602029404507408,0.0630789411045131,0.0653961032696926,0.058380825182277,0.0361850924838656,0.0714224927978254,0.0756863523456955,0.0660118725827289,0.058116775552642,0.0354159659846744,0.0724718502866137,0.0754242597603612,0.0655424815131057,0.0575825038634866,0.0348457960732793,0.0720598442196614,0.0751996607301187,0.0642460225738512,0.0555870015682437,0.0328766412296509,0.0706077792195751,0.0732619858689404,0.067656972631751,0.0560556701272395,0.0312939405476524,0.0716323684836839,0.0748661108108284,0.0650416842585464,0.0567649082438499,0.033972842813295,0.0715420498822087,0.0744118456350757
gaussian,400,936,0.38268343236509,0.25,63.8337603789462,67.2955616656601,47.8805683465021,73.5137054801526,78.5082349710476,32.836150496958,34.5624483843235,24.8792981590515,37.6637866444284,40.154894799172,60.566367347108,67.7911413191482,48.5675184560846,73.3743040651812,78.0410348519418,0.0809590062387882,0.0857783494929263,0.0615857113817501,0.0926708119249253,0.100587907736519,0.0799519064951117,0.0832902604399191,0.0580249999295486,0.0916166251904871,0.0982329961120604,0.0768420679651136,0.0827825012752429,0.0579408209437066,0.0920413232966107,0.0974518749357382,0.0791001494676758,0.0835658457073151,0.0589028610879343,0.091268408065127,0.0972244851512996,0.0792212457532941,0.0844471417151858,0.0602337071235223,0.0919238275371567,0.0981424553162532,0.0819390337400382,0.0859668858600096,0.0614384541278442,0.0934971783505602,0.100376908484474,0.0794149087081943,0.0840135727100743,0.0593607917160174,0.0919209697175482,0.0980110521526373
gaussian,400,937,0.38268343236509,0.25,47.9098696165397,42.7173692174112,28.5637084260219,43.3225689908242,51.4944273865566,24.8938705972837,22.3040470306252,15.2448887125623,22.6059060548909,26.6818200992782,47.7652534897408,43.5171343791049,29.0214159992567,43.2689246165374,52.0354983607099,0.0358812226928668,0.0241063180583648,0.014101115757288,0.0211758179944727,0.0298013844493888,0.0573590972988554,0.0492397569871905,0.0317351549537786,0.048967483568395,0.0613254567745001,0.0597292421919866,0.053597622259136,0.0363252907694098,0.0552351648120137,0.0643742766526526,0.0592526932123217,0.0537068480651079,0.0362234696820474,0.0540676843654124,0.0638742953981054,0.0593918139351654,0.053049083264079,0.034963122195859,0.0542172996788466,0.0635453145227068,0.0606554565749347,0.0516653514886571,0.0331861313264878,0.0539858969011705,0.061579666287269,0.0599904827089677,0.0535818744445153,0.0359012703350777,0.0542934089117941,0.0642189373398749
gaussian,400,938,0.38268343236509,0.25,15.1942093351264,32.4472207000929,28.0326675712258,27.1251463978543,31.2134190797825,8.57677955870759,17.1817162364818,14.9800973590979,14.5273102963011,16.5663812766078,14.522351568503,32.5963606229563,28.1992435802557,27.2595560441598,31.1221692945234,0.0105455719158895,0.0312221671887783,0.0300897932807397,0.0197947950933611,0.0262245871765496,0.0208853533630204,0.0401141373806785,0.0329294538133494,0.0347975281527689,0.0392108950896963,0.0201857303433959,0.0416175600035617,0.0356053704843411,0.0342559338042201,0.0399781529156318,0.0186224259824117,0.0407327092449053,0.0352044196112708,0.0338139565914865,0.0388825101715232,0.0194418680576126,0.0393773435615576,0.0335897768620082,0.0326944078234333,0.0382858093451723,0.018864969814367,0.0366263760586014,0.0302782318218591,0.0322370844820832,0.0371606646940221,0.0189968454048645,0.0410819156945285,0.035265808115622,0.0344369958800921,0.0394000930797969
gaussian,400,939,0.38268343236509,0.25,64.7222198754932,68.116464793742,47.6989543001192,76.1982047389187,78.9339577562529,33.2790773874327,34.9719518300828,24.7889371292646,39.002583482454,40.3672040622278,62.1001795026941,68.5758856282976,48.0487373076827,76.2134536340199,78.7548849563668,0.0735935916573303,0.0876429351986693,0.0596032319712737,0.0946935946094404,0.100610023223547,0.0826038907916076,0.0835441035410549,0.0557168106384398,0.0970701764431833,0.098852496065746,0.0821243983758888,0.0837389095032783,0.0565622230552366,0.0945508129339585,0.0994552353054312,0.0807268724287564,0.0841408720545423,0.0580820690017593,0.0949512669992835,0.0979340580308185,0.0813472703626131,0.086016831022865,0.060393475121927,0.0962732500398271,0.0990209856071299,0.083005622638522,0.0867938426043242,0.0610665415699557,0.096859201997357,0.100233330240293,0.0805491959045017,0.0846909897635662,0.0587625291658518,0.0952045992750578,0.0982862221084709
gaussian,400,940,0.38268343236509,0.25,66.5132958523353,66.1992379507948,47.1702450762355,64.6457999150724,74.9749676497552,34.1722515982433,34.015705359668,24.5250639622301,33.2409051705708,38.3926872603837,65.7031346647446,67.0782506978258,47.6806393623782,64.5313963131176,75.675727965124,0.0843673895843353,0.0814285481597754,0.0543442805722115,0.0811022898028239,0.0954101618133627,0.0847387137229974,0.0850579743503533,0.0610568184467326,0.0832221244129769,0.0958167943178997,0.0839383894612484,0.0823532125442109,0.0588596173819136,0.0796105134129935,0.0931677459229605,0.083148379982052,0.0826415677445363,0.0589205519456485,0.0810327042988823,0.0932906789877787,0.0838678297693643,0.0838858159536475,0.0598209138849194,0.0817072904576426,0.094541825652529,0.0709794574949674,0.0738342834416168,0.0520185398526053,0.0743975400431959,0.0740071955571848,0.0829203636253154,0.0823428005034807,0.0584964660094266,0.080418296183799,0.0930777679430964
gaussian,400,941,0.38268343236509,0.25,51.2369548554425,63.8097057981002,46.428270799996,75.1042271317775,75.4092792649548,26.5532372170994,32.823747377762,24.154900732888,38.4569608545291,38.6090987450658,48.2434188231851,64.2540917889711,47.1719566755741,75.1199773372881,74.9817702633006,0.0665231097302816,0.0817439579793241,0.060424259176873,0.0927743414706238,0.0940690658943898,0.0643077170361016,0.0808264332618802,0.059176161391768,0.0948616925928912,0.0952180240427116,0.0649987611800105,0.0788064736008568,0.0558966493594706,0.0935240975864123,0.0937050177620355,0.0635465602737163,0.0803748532148363,0.0585912680527871,0.0938571715953338,0.0942345699857087,0.0649720027103665,0.080365852674235,0.0582857623684996,0.0940681448190208,0.0947525751466355,0.0612888943473999,0.0800528979044516,0.0591374328957434,0.0934485344758644,0.0934138691596666,0.0637875351874185,0.0800164058823036,0.0581186873969002,0.0937729859004093,0.0941910501670196
gaussian,400,942,0.38268343236509,0.25,59.7844076878398,59.3210842758639,38.6623989319248,76.7112157564397,77.9105927517326,30.8163996114377,30.5850050769384,20.2815737340498,39.2584209230738,39.856588430583,56.6385790127156,60.0255151865873,39.5501277361315,76.7867864028003,77.8198726334321,0.0646643584088798,0.0739510804963199,0.050447058059395,0.0908566882414249,0.0929883702307991,0.0733703496407988,0.0747212542309263,0.0493202063158706,0.0966126987431064,0.0970749648369557,0.0747772522776594,0.0737383904230277,0.0472774888268325,0.0955837403352793,0.0975195313041162,0.0750431869968923,0.0747605164076719,0.0487337594503021,0.0963425290437758,0.0980711781853518,0.0734488207851376,0.0738550348133023,0.0478711201014991,0.095656782321166,0.0970476214346978,0.076474414453126,0.0711118145610924,0.0444126899169494,0.0949953794482394,0.0960531371425199,0.0740371116447132,0.0745302622134905,0.0485784003989778,0.0960108662451543,0.0974663033715978
gaussian,400,943,0.38268343236509,0.25,37.6992021583916,46.982753976155,35.8192229248819,42.278406425585,51.944845285481,19.8013570655248,24.4312778784634,18.8634521878769,22.0851294809761,26.9062454067696,35.7198440222974,47.360063858866,36.3793680304344,42.2107105473132,51.6631479415595,0.0447886318343561,0.0511019829692242,0.038958834645913,0.044900875813584,0.0585992113333433,0.0418175914685459,0.0599444561007827,0.0466050716607122,0.0510581136048576,0.0637634361100436,0.046784835467117,0.0598270857341763,0.0458487469425556,0.0544078320073377,0.0657475593469099,0.0474939768720281,0.0592943644961987,0.0451191533318101,0.0531139693891591,0.0655942012128244,0.0487953299625189,0.059771892542301,0.0452195961083954,0.0542694216999241,0.0662526533716028,0.0397155355594601,0.0588367402933031,0.0440119113841817,0.0543263113561331,0.0651148678949422,0.0469171513675419,0.0591099785911813,0.0451831153518202,0.0528994391173415,0.064956793751204
gaussian,400,944,0.38268343236509,0.25,58.8917324042873,71.459735860916,54.0852412781827,68.8478414450699,78.4588530584647,30.3709539015107,36.6392238588347,27.973782810475,35.336564862057,40.1302050104159,57.0684404661938,72.0726185720316,54.6852313903443,68.8884109341688,78.2879136113564,0.0755955336124076,0.0911042331969758,0.0696140652910364,0.0864429446683368,0.0981388087636538,0.0730189006515247,0.0883598738222462,0.0667236364609013,0.0848526790936209,0.0961785217903055,0.0737657606309793,0.0888577421440693,0.0669921571509117,0.0861287284187256,0.0972892280317904,0.0732757595751343,0.0891435447926126,0.0674042969114837,0.0859133861332745,0.0975673365713255,0.0740318041693935,0.0902570690159797,0.0688151369622301,0.0863694393684411,0.0987516346534764,0.0739593339125849,0.088319204827323,0.0670772264512993,0.0859407879479743,0.098458693741346,0.0735206585646859,0.0895486929909885,0.067612485196059,0.0861506922360582,0.0978460804584035
gaussian,400,945,0.38268343236509,0.25,63.1151403394515,59.4993885725875,39.9515523641506,65.5602378588125,70.9807131720862,32.4772853058836,30.6742028605829,20.9248492429531,33.6969989599398,36.4005192144193,62.7712081426299,60.3312016062227,40.344832676839,65.4323094912513,71.8074373930593,0.0806132065783937,0.0724714957511673,0.0514371734398785,0.0763846243954842,0.0859624201418746,0.0791573892284527,0.0732227716797949,0.0479911891702579,0.0823125170926772,0.0881953217292781,0.0788139377590516,0.0736226655470211,0.0496972410620131,0.0815425589863224,0.0878561999825212,0.0784090777422498,0.0732895395802051,0.0483543243562016,0.081129348112096,0.0878474237975599,0.0803983043199536,0.0743074459866375,0.0492070256472792,0.0824567892459708,0.0889858439976777,0.079704475658559,0.0745079872207366,0.0507705112088463,0.0843341313084494,0.0901008462210109,0.0791009509928824,0.074193685473149,0.0495279535387671,0.0817172052834316,0.0884755674212783
gaussian,400,946,0.38268343236509,0.25,50.6109907464116,47.935440977012,30.5257208169221,61.2320050547795,58.0516571708103,26.2412463233394,24.9067211814177,16.2238097042332,31.5382458209276,29.9521911278734,47.7668440409295,48.1918034840791,30.8316303549483,61.1857499534003,57.6854375165933,0.0651966788061885,0.0622635238522169,0.0402110899656627,0.0786359771636697,0.0745768503486548,0.0596538715354118,0.0538922604360103,0.0317257184073966,0.0710989048051501,0.0653054965243173,0.0633278117617927,0.0574504071815667,0.0351199688491802,0.0750537480396923,0.0709952673671165,0.0622828823017296,0.059556185339269,0.0373971142947259,0.0763440817009767,0.0722184685852481,0.0606443556743022,0.0595364690684324,0.0376952007907876,0.0755507212804068,0.0716623171146236,0.0630777734077725,0.0582385259299628,0.0349538778326481,0.0758026177961738,0.0713168316468284,0.062892015357095,0.0596528389933432,0.0374734033554913,0.0765290611761815,0.0721919342175698
gaussian,400,947,0.38268343236509,0.25,21.9921842408139,41.9507618429384,35.3161616853424,40.935126143534,42.0641401441919,11.9673120965757,21.9216439775347,18.6128105847357,21.4150754289429,21.9782552298992,20.6176775661383,42.0849512287376,35.6654718750591,41.0139736947404,41.6385087427092,0.0227540982452059,0.0424719041993546,0.0340455807700698,0.0467839326272349,0.0470594333210409,0.0297802124917979,0.0534417469427986,0.0442938226137579,0.0526502854851892,0.0544279870966713,0.0279341511632529,0.0530551000775069,0.044917878534067,0.0515181607966247,0.0535483321167542,0.0272468654025611,0.0525240601583531,0.0437913464502138,0.0511702008644327,0.0524162370967031,0.0279588864649001,0.0532209273379042,0.0445151840241849,0.0523805037547892,0.0533532335239521,0.0289143778655187,0.0528739986322625,0.043331045253867,0.0520674036094415,0.0539974670919417,0.0276821390934091,0.0524472513148673,0.043798191765563,0.0512174761156001,0.0525582767985405
gaussian,400,948,0.38268343236509,0.25,87.9091194114983,89.1061806304429,63.2076111666532,94.8346311879113,107.095038446536,44.8433929042929,45.4403924250697,32.5235300929096,48.2975624191594,54.4124537444139,85.8896349079543,90.3355177099514,64.1459701210655,94.7697600871402,107.879116868508,0.108559459648332,0.112430624951408,0.0765556721281004,0.120861910124973,0.135720124470443,0.111257999801982,0.112682822592482,0.0799658304859829,0.120665117570037,0.135791775112163,0.110248665913424,0.112073139458305,0.0796392468344737,0.118010801141406,0.133630594599236,0.109871833210091,0.110899962451589,0.0784934999787877,0.118184655601905,0.133206582926381,0.109607182980446,0.111887681667632,0.0793381185988381,0.118880823260885,0.133470365032673,0.111819276500088,0.108929237596725,0.0753915277273581,0.118903768081812,0.133917295370211,0.110254619956489,0.111669995332697,0.0791620091101991,0.118657675495477,0.133985027040967
gaussian,400,949,0.38268343236509,0.25,54.6018150423087,60.4532746729101,42.7412386958453,67.7766273858362,69.6336873900898,28.2315052613044,31.1498410811994,22.3160267041214,34.8024377090421,35.7287757871324,51.7665871610527,60.8600311756005,43.2816685223333,67.6185034321546,69.1471396446155,0.0706624253827797,0.0712249709615467,0.0479625023238183,0.0787398150646461,0.0865867289504484,0.0687542803323423,0.0727741741662713,0.0491684354745331,0.0846388371793289,0.0875048048111302,0.0673000980240467,0.075467040386219,0.053658690133579,0.0836663769045533,0.0863346238045756,0.0680438233258783,0.0748243529597849,0.0525265378532952,0.0842555387208111,0.0859789327894933,0.0688041236150099,0.0756174181856804,0.0533957199334221,0.0843596670037158,0.0871999383815114,0.069387612634442,0.070639563342996,0.0469086800332341,0.0791394475727096,0.0835513753760444,0.0677866756984073,0.0754575841905339,0.0532167726148112,0.0844806676592386,0.0864432129038147
gaussian,400,950,0.38268343236509,0.25,45.744523601889,41.0896106079282,25.7027165424039,50.9385631706438,55.8173251682048,23.8138035383895,21.492117971859,13.818044139204,26.404237467849,28.8375565083851,43.644527296705,41.6686172216892,26.2620342760849,51.1084947987251,56.0272598218944,0.0596157691945339,0.0449219706632023,0.0181732687255329,0.0625335551552574,0.0649187562762831,0.0570425450112689,0.0529483903683524,0.0343845764569995,0.0644348979824264,0.0697927497559785,0.0584077157392007,0.0522073254371591,0.0323611195220959,0.0643239079635404,0.0708989005913164,0.0577952757014144,0.0517570705181755,0.0321455103941897,0.0641597786228924,0.0702442686001954,0.0581630746905518,0.0520544141908086,0.03271591495251,0.0647974271799848,0.0706827961694661,0.0561599061036582,0.0497471266446571,0.0302360277737116,0.0647780571761947,0.0683663245824812,0.0574889443089866,0.0516911927665385,0.0321838126814905,0.0640895892828442,0.0701202949634142
gaussian,400,951,0.38268343236509,0.25,38.6096909700422,38.8589759071565,25.2055069502095,49.2630661890325,52.1344641977961,20.255301280078,20.379559059631,13.5699854771637,25.5686638421766,27.0007241940648,36.7582987630055,39.4296339116706,25.9328627194296,49.3034889008643,52.2261117582353,0.0456940213727835,0.0485578438264116,0.0332252279015523,0.058602219059827,0.0629187665284998,0.0478378150335502,0.0467563424184901,0.0283626540495451,0.0600375224769403,0.0635476654687363,0.0483011711598463,0.049294178195557,0.03191344395531,0.0618463363360737,0.0656897950021512,0.0485224691227449,0.0488018679377218,0.0313408736213773,0.061601852515749,0.0654507636359036,0.0484748366770425,0.0487409999832298,0.031531316822006,0.0612230367851328,0.06479927051909,0.048286861894984,0.0421342485231142,0.0258589542586694,0.0563530371181055,0.0634694371422206,0.0483243699172826,0.0487322425602565,0.0315078008733331,0.0616357003363805,0.0653208246533583
gaussian,400,952,0.38268343236509,0.25,30.2939741379809,32.5326317504222,22.2590091298878,36.9114963158759,35.3441909161468,16.1082261166119,17.2245799374245,12.1006903347553,19.4084499473736,18.6269804879493,28.2415718784359,32.5724753376369,22.4221043731948,36.7809895701315,34.6107176486378,0.0265502112610738,0.0375529816555239,0.0260981928753019,0.0436545345480425,0.0411759048903928,0.039387156857922,0.0423375048413832,0.029503663740325,0.0478276644081337,0.0454126434247808,0.0354020843034549,0.0387474789439384,0.0260481583962753,0.0452075299880042,0.0420383709381809,0.0372870212965647,0.0401329926133237,0.0268735073752303,0.0460748941930642,0.0434670485991923,0.0374974882203366,0.0405078028457006,0.0281635744070876,0.0461071712216264,0.0440087208650994,0.0349189082890832,0.0410070971456028,0.0273322375245749,0.0468949811819376,0.0450463759417987,0.0368752086145077,0.0400352056300265,0.0269723034612416,0.0457034952080852,0.0432256583078
gaussian,400,953,0.38268343236509,0.25,47.2155490990351,64.397638700208,49.9149809137759,66.1836632866442,70.3779583234573,24.5474511826786,33.1170379673723,25.8939873982519,34.0078374319456,36.0997539262215,44.5351616957143,64.6281853210507,50.4811000214298,66.1638405506989,69.6775605894137,0.0546534096425919,0.0793701052504717,0.0629460054451979,0.0814118100345603,0.0839361696563873,0.059291682027913,0.076390071424014,0.0576827659901987,0.0792188109474579,0.0840499490079345,0.0582146210511083,0.0791048696494976,0.0602483080085875,0.082209970289541,0.0862173446485403,0.0588987398376314,0.0798752214694835,0.0614963340175625,0.0820649602160618,0.0873630775741203,0.0582282841560179,0.080477896419289,0.0619970045615877,0.0826350510640111,0.0876612530349866,0.0606307796672156,0.0757332145741828,0.052318230777746,0.0811937423066999,0.0856068927200598,0.059228386959557,0.0805108746230856,0.0621135480516593,0.0826990781101131,0.0879044902290143
gaussian,400,954,0.38268343236509,0.25,39.9231203792645,29.8307265818082,16.1396945076238,41.1221793892399,42.6103949485477,20.9104394770934,15.8768567328396,9.04851279465194,21.508467584237,22.2507371005832,38.1165251950489,30.2806338280328,16.5860092696884,41.0845141914446,42.7177610242475,0.0398068572848356,0.0132439051772317,-0.00541510547672792,0.0380100105595227,0.0384325403511056,0.0515384540619915,0.0389699909814485,0.0210705601158471,0.0527183375189828,0.054768481054094,0.0486282698661099,0.0364737365918302,0.0201608611828496,0.0498084807080672,0.0514569527666834,0.0497854232469887,0.0371918515274694,0.01986641854091,0.0514062710124984,0.0530760468214886,0.0497256005654331,0.0365312788421797,0.0197873602138964,0.0502198864962766,0.0521497055639427,0.0500754497234726,0.0396684113432984,0.0226679165895981,0.0533661606922371,0.0551334736005413,0.050028257362162,0.0373838339544403,0.0200470134007528,0.0516547945977521,0.0534502698866216
gaussian,400,955,0.38268343236509,0.25,53.9754767401942,48.3561574867465,31.7779534497004,53.512012020028,61.2072790170404,27.9189443086906,25.1164092123728,16.8481833937871,27.6877591362798,31.5259102663864,52.6653907414073,49.0271266876226,32.234294086648,53.6344326784148,61.4774402187924,0.0688841235589763,0.0590929513495523,0.0390591603356822,0.0673863383764967,0.077386316885587,0.0668739754328144,0.0614753014708708,0.0397344414646445,0.0674469608404277,0.076755359387444,0.068566458063048,0.0614570028638039,0.0402916082551832,0.0681714628857248,0.0776988366944483,0.0675405872826943,0.0600822068517373,0.0388538084607655,0.0669623175898019,0.0763810332001088,0.0676330182537563,0.0613588266646069,0.0403895319565655,0.0678900419698265,0.0773344068080466,0.0638353013381527,0.0565131346765998,0.0341925940220896,0.0625939317829617,0.0727128249951703,0.0676730194195607,0.0603669860882092,0.0393344163284116,0.067089654549162,0.0764712927451592
gaussian,400,956,0.38268343236509,0.25,20.0936773109176,40.904505077113,34.2484032162113,41.6143547056504,40.5599793173822,11.0204338680258,21.3997830245869,18.0801242063899,21.7539448131525,21.2281118361326,18.7293440805236,41.0620720686649,34.7947183991644,41.5508010267513,40.0145577139252,0.0246824419827475,0.0531093534877239,0.0439506359521716,0.053830170423928,0.0531999740124896,0.0257933212957423,0.0495330478961957,0.0416859711603754,0.0501467211224909,0.0483071993134967,0.0239357466833435,0.0531565384614401,0.0450922727785144,0.0529310983828667,0.0513131819216524,0.0252689958680096,0.0512883763363874,0.0428532901079105,0.0518682350121952,0.0503351712601006,0.0257342378044357,0.0511931874721331,0.0426340895427743,0.0523308752754593,0.0503699817109388,0.0272888488563739,0.0529391408731871,0.0444349476828668,0.052656456079457,0.0530304102194686,0.0252459503101526,0.0511710899304264,0.0426553653453661,0.0519046243688684,0.0504604658499192
gaussian,400,957,0.38268343236509,0.25,17.8794082441113,34.637568738769,28.9347323418944,35.2662365307384,36.5430924299868,9.91615021072198,18.2741077147967,15.4299464610389,18.5876934625129,19.2246546586654,16.3316180523586,34.8193099514423,29.4606559739243,35.371159738786,35.7152705175202,0.0248492591528918,0.0451084827524614,0.0383350312167076,0.045911529236787,0.0481277862214531,0.0228186001240938,0.0441780789819084,0.0370695938374959,0.0445824797966776,0.0464632186624749,0.0189474964410291,0.0441842763794265,0.0379096252163901,0.0435636705056707,0.0432578662942081,0.0219241753514941,0.0436163706964813,0.036129216348264,0.0443674241857301,0.0454935971674184,0.0226238159250037,0.0418550753707689,0.0340953689939962,0.0433288166308593,0.0444881130317816,0.020755193360353,0.0439755871022647,0.0372090860715686,0.0413574269151656,0.0439660410101407,0.0222262760859196,0.0433359342678306,0.0358162524155213,0.04422818858609,0.0455828498645936
gaussian,400,958,0.38268343236509,0.25,43.1776143167988,55.3247438901447,41.4172285523877,59.8398445839237,62.9795402731167,22.5336111951323,28.5919312241028,21.6557540009743,30.8437957095871,32.4097594394783,40.6417410794439,55.6147369363383,41.901093679328,59.9250865212246,62.6001862072007,0.0562055724569199,0.0707957699207254,0.0538068221155823,0.0757657751408736,0.0795756241713107,0.046343316656299,0.0639947777933026,0.0495435417565695,0.0644496190529279,0.0717363435853603,0.0531327505177548,0.0675130945427137,0.0494013872512588,0.0739434637464813,0.077555063448951,0.0542161571403421,0.0697721829142989,0.0520404197492903,0.0753711625052707,0.0792491819642055,0.0519657001457253,0.0689814583101587,0.0512088020765977,0.0751610208736058,0.0775995815317208,0.0554721183379053,0.0716472228113577,0.0541308192877568,0.0772510709811758,0.0809876937453456,0.0532206786826776,0.0688397010769688,0.0511477803488164,0.0745322270775608,0.0784384522935946
gaussian,400,959,0.38268343236509,0.25,35.3412542103767,41.0898343650533,29.7479284407985,43.0784443607732,47.0633412794276,18.6253898997686,21.4922342112349,15.8354768707374,22.484114532089,24.4717352548338,33.3568112231605,41.4482039283825,30.2807731338841,43.068600720117,46.5086861361296,0.0453351539484903,0.0537339450708628,0.0396794246525986,0.0563276565951757,0.0608165821637651,0.0438120025644839,0.0509010657891676,0.0359560600842559,0.052476308368865,0.0586280861407808,0.0444322841202727,0.0508106407046812,0.0352766802560812,0.0540110514639346,0.0579083576257437,0.0430967921090738,0.0510795339711848,0.0370515728618701,0.0531924357667408,0.0579723246165378,0.0442542940601204,0.0524079344869571,0.0381942670370295,0.0541384223010501,0.0593594787686157,0.0445098417190597,0.0534569918023078,0.0386390417085316,0.0559727100226612,0.0605158684435185,0.0437814633281339,0.0515224728134498,0.037232923943578,0.0539628626052123,0.0585895804998508
gaussian,400,960,0.38268343236509,0.25,20.0394184258915,28.6791161523279,21.9981226695673,29.9055215031338,31.8773931501626,10.9935899732335,15.3024191840662,11.9704038581762,15.9140451924731,16.8977069272852,18.455458352361,28.8430730206686,22.3575768566031,30.0023385954111,31.2693310985524,0.0230045606831867,0.0315513848554023,0.0239252860184746,0.0344428012766394,0.0357814578158748,0.0263345370202808,0.0368798569675867,0.0289260182893947,0.0357948102930802,0.0390458815620873,0.0240006984795149,0.0362727885452415,0.0278748936129366,0.0378560820811771,0.0400558328939357,0.0244250112368344,0.0359596636494883,0.0273359362825284,0.0377496109915276,0.0396990805382515,0.0246601290968383,0.0363503963721812,0.0276506680031827,0.0379134743984157,0.040079026948123,0.0267323540245909,0.0354781615908775,0.0233488541531475,0.0395659658278075,0.0417470852559207,0.0248149477796017,0.0360204639650378,0.0273821030735066,0.037627849522865,0.0396524653169028
gaussian,400,961,0.38268343236509,0.25,58.295283953028,52.4270538970207,34.7028540801488,55.5989829797091,60.5781405129047,30.0735958568493,27.1469179009211,18.3070402790202,28.7288485672774,31.2123999598083,56.529999688227,52.9398119914568,35.0276259037593,55.4388131743234,60.7041842662655,0.07253366562664,0.0669651419206157,0.0458780048838808,0.0709689160448405,0.0770764680199793,0.0728048073094813,0.0631919522026465,0.0408257404427772,0.0680453472118452,0.0753467129600025,0.0722874724417619,0.064892746769381,0.0419802657650739,0.0689136197885178,0.0750971539976935,0.0726463517020034,0.0647199790263674,0.0423216274795089,0.0689396707486198,0.0748276298115416,0.0699623186036863,0.0639151881889918,0.04208734086667,0.0676063177539764,0.0730319854053468,0.0751036797649474,0.0675577357730635,0.0456044346456725,0.0709166307581187,0.0780925108838926,0.0727200972266125,0.0647854160196295,0.0423496332489948,0.0691637917826298,0.0745254337949155
gaussian,400,962,0.38268343236509,0.25,41.7530645817907,52.9235207901213,40.3814195799567,50.2738245012849,57.8317990557402,21.8230365727481,27.394313316437,21.1390425296338,26.0727903345057,29.8424088434565,39.9808104562296,53.2969930028088,40.7915279623542,50.285086953006,57.6054929445227,0.0413661252709566,0.0521174772361723,0.0396018903804521,0.0493330325313742,0.0486610990278866,0.0460589429512904,0.0640972240540418,0.0497130155118028,0.0580935442186379,0.0665117229403762,0.0525789764223699,0.0656371623418079,0.0493973519789989,0.0617043736797168,0.0720905478484094,0.0523273092931758,0.0663256573064549,0.050589984978928,0.0629514044200324,0.0721998782558569,0.0524152885019594,0.0661876933338853,0.0501180669567066,0.0628297672276715,0.0724675915874329,0.0490230752401106,0.0681507912976911,0.0528823518783346,0.0642090008931982,0.0735340467836717,0.0518818105296325,0.0659914494191861,0.0500715703990635,0.0625969754555369,0.0719668453881553
gaussian,400,963,0.38268343236509,0.25,52.0938925537523,51.8925015954357,36.3978031630729,52.2526130669234,62.9106570145638,26.9808685275692,26.8800262940214,19.1520489316555,27.0597099473924,32.3754415772795,50.1198282208794,52.542727587834,37.0305908993339,52.2660779937437,62.9449603741552,0.0638672972735009,0.0652977779020568,0.0476030547151001,0.0616503787435055,0.0758983028659173,0.0631216427387427,0.0639298792032591,0.0447772433948914,0.06498973551021,0.0784820821496341,0.0647499847924201,0.0638683247208526,0.0439550583570105,0.0656322192849965,0.0786258292470882,0.0641825889125442,0.0649329579425533,0.0458532722367002,0.0653049151103656,0.078163988942772,0.0660356152792871,0.0654277083551145,0.0455718718985238,0.0664150449787758,0.079417435311019,0.0652597782450003,0.066945207709627,0.0466244277256355,0.067704181306181,0.0810888012045224,0.0647457265454213,0.0652434408412468,0.0458948048829884,0.0655451291380625,0.0787937919013078
gaussian,400,964,0.38268343236509,0.25,26.663799704204,24.9350578381019,16.025619459769,29.0471172375418,34.3912862396768,14.2975194687997,13.4349468448078,8.99137404175809,15.4858858219855,18.1514326480257,25.3211431981399,25.4768295156538,16.6673585532554,29.1974300853538,34.3384541529543,0.019804235879873,0.00680436545260681,-0.00138231845598202,0.0161064105261249,0.0170536451098576,0.0298252829382208,0.0300071515745656,0.018465039152023,0.0350119756711205,0.0404065245957399,0.0326334123246815,0.0328886780620408,0.0217019468394513,0.0372938847826249,0.0437109907328733,0.0331305597164199,0.0309154743076734,0.0195619342346988,0.036300048255505,0.0424509944532205,0.0325690893435755,0.0300848885507364,0.0185064788811451,0.0360824033213268,0.0423263935858481,0.0353613055660942,0.0287887868813674,0.0158310652295151,0.0346304474164988,0.042165840385559,0.0328689006912585,0.0314100452826391,0.0203149593282553,0.0362792887164106,0.0428118596084643
gaussian,400,965,0.38268343236509,0.25,41.686012648746,32.0044190021108,17.8619746500936,42.9437114972257,43.9378725897481,21.789854021008,16.9610570353154,9.9076503261302,22.4168919472618,22.9128066027433,39.5301058091824,32.3375102919301,18.1325083735909,42.9981809865185,43.881764410877,0.050150740686535,0.0371460670411315,0.0211355831057324,0.0523794205310432,0.052147447129041,0.0518604429966335,0.0370019974586404,0.0188104647893699,0.0524176460612816,0.053435615155346,0.0530732837968746,0.0409970303193643,0.0227440050762641,0.0553104522295566,0.056073334169556,0.0521678042952991,0.0399804990430415,0.0221962155543343,0.0539633013248745,0.0551027648051813,0.0510541087394919,0.0385492075101513,0.0201281943780458,0.0525492992581706,0.0540619018664628,0.0478176464142096,0.0346995959685195,0.0169309613571094,0.0486779765000631,0.0486293242926,0.0520585861225011,0.039940744109581,0.021988481990278,0.0539125284150675,0.0549134550023471
gaussian,400,966,0.38268343236509,0.25,18.2163200024752,39.8514826994015,34.6248503189317,39.2094022484166,40.5977516054448,10.0840638237714,20.8745869762938,18.2679811539914,20.5543994428705,21.24677650915,17.073481862833,40.0164404298373,35.0286142363915,39.2431332953787,40.3536296662944,0.0202889108687154,0.0508245199032162,0.0453099896688225,0.0453258555038021,0.0511720557990176,0.0248752481309679,0.0504950046244021,0.0430547157935068,0.0503807662119198,0.0527957280051258,0.0236224978613587,0.0509988359169928,0.0445659275680664,0.0501312510257065,0.051666306521435,0.0220411280323488,0.049962662708475,0.0432659324374696,0.0489145665903512,0.0507564075151993,0.0243585585171644,0.0506458422384795,0.0437140901788305,0.0501460763555689,0.0520725984860539,0.022491595367096,0.0508367083255066,0.0437329541806692,0.0506986546704804,0.052071584900114,0.0228705142538575,0.0499173592060361,0.0429670366333745,0.0490709493210926,0.051007963185722
gaussian,400,967,0.38268343236509,0.25,30.2725871074179,53.2666052478632,43.8387142202555,59.9601423294391,60.1058791042891,16.0971900280536,27.5653350428667,22.8634225110125,30.9037470056666,30.9763286902645,28.497741185696,53.648891931752,44.4960400405273,60.0999309905763,59.9781464619859,0.0392182534768895,0.0664715217715784,0.0562733697964605,0.070821072886311,0.0728673969995036,0.0386798534931729,0.0684928016531563,0.056413201142497,0.0772157033042693,0.0771032901677531,0.0373691965523392,0.0637950353028121,0.0511500957498629,0.0732947608017123,0.0736623780687774,0.0370658351088741,0.0665988107252257,0.0543275517858866,0.074855290071847,0.0752697760667917,0.0393633973109181,0.0674601463008487,0.054926695694246,0.0756807716161729,0.0762711507458684,0.0398955334781779,0.0657914747093213,0.0529821633761248,0.0749813712046125,0.0763830840281819,0.0379466970282134,0.0669404448757911,0.054661280383657,0.0751412201988573,0.0755800953566071
gaussian,400,968,0.38268343236509,0.25,44.845832194797,71.3744829425967,60.5128821001826,62.262059606965,72.3291096559888,23.3656372055849,36.5966578474086,31.1794617325187,32.0519847902307,37.0729470632334,43.6802200730084,72.0377704999814,61.223460985166,62.1599914481366,72.4608830175206,0.0321877520761381,0.0677228909740645,0.056946232661438,0.0599318689255221,0.0695629238412455,0.0563508938534865,0.0877670317093584,0.0737923160655541,0.0771499397271831,0.0899719691559386,0.0568516052836309,0.0881252719755515,0.0741582936553871,0.076928849560326,0.0900158240733526,0.0562971121552778,0.0894026514557921,0.0755564562884906,0.0778673804423266,0.0904311307942007,0.0572996491135145,0.0897679012814892,0.0750485618718689,0.0787602239814734,0.0912436217599073,0.0537441503504069,0.0915498419591234,0.077997495145118,0.0798566635145087,0.0905929969202256,0.0562499802735471,0.0895389033253968,0.0758754583520094,0.0779181222609678,0.0904764087939481
gaussian,400,969,0.38268343236509,0.25,79.1561119149237,59.0021834252493,35.7327392576403,65.5948133320394,77.0271166665301,40.4780832258868,30.4261645043388,18.8205995139684,33.7141689243512,39.4161137231795,76.8996913444551,59.8099696169329,36.1715459700606,65.574964410817,77.5455871535952,0.0920395583797835,0.0655348382945185,0.0325228628495896,0.0752000180087708,0.0878252815201797,0.0990325653291147,0.0715375054032521,0.0411837225946471,0.0822816176149132,0.0960115895795403,0.0972114311190697,0.074631790809572,0.0457465704588505,0.0826525330661418,0.0969219789514065,0.0979660860390581,0.073589055215326,0.0444036526399191,0.081620309578667,0.0960844287235962,0.0985499086474754,0.0733586260166052,0.0439649046914934,0.0821037587687204,0.0963047901868623,0.0990218192916588,0.0750615584907484,0.0469489482573592,0.0827040885087042,0.0971450550083708,0.0984639568688911,0.0734256569940611,0.0441914242617722,0.081860565721003,0.0958987444933288
gaussian,400,970,0.38268343236509,0.25,50.0787034708965,48.9863468173208,32.1016698555338,57.873430630887,60.5858248731999,25.9755098157627,25.4306618989594,17.0094126555525,29.8632524304676,31.2160231881768,47.9396718098563,49.5708080073184,32.7589772707774,57.6790065695546,60.6708581677672,0.0612545763039682,0.0582620148096166,0.0375551892665355,0.071574390987294,0.0692732396757266,0.0647522192885965,0.0609585629546744,0.0379999986732814,0.073101092354142,0.0767537745015395,0.0632646261330728,0.0598853433980623,0.0386644373158758,0.0714476220811515,0.0754905139332173,0.0630561170607118,0.0616801342280729,0.040541410550116,0.0724123031376565,0.0759599284584922,0.0610745361866777,0.0602883052708228,0.0398577604060881,0.0706842267994501,0.0741067398922297,0.0638445268200831,0.0636826548872803,0.0424962312971856,0.0737749254779766,0.0777789296041346,0.0624581478264573,0.0612199785608313,0.0401327904259851,0.0719952483519008,0.0754490972609037
gaussian,400,971,0.38268343236509,0.25,27.7580415177201,49.1634171962979,40.8644719807191,51.875091856241,54.9443412663121,14.8431124859926,25.5187906566573,21.3798015127119,26.8713587110355,28.4020918375268,26.2191196211082,49.6529986334271,41.6748835954959,51.9654153565449,54.7372412479288,0.0364354809124795,0.0552217882622112,0.0378701713565318,0.0638538880393451,0.0694401328183095,0.0346035354619577,0.0628726407726103,0.0515565422072359,0.0655698528223554,0.0692449268662082,0.0353360334453968,0.0614698454682899,0.0504205463130125,0.0645599095814895,0.069006078749617,0.0347802022780535,0.0621054326176518,0.05148455654912,0.0650683360004606,0.0694283870607156,0.0339150637813,0.0614733210192248,0.0513631760128773,0.0644121972755568,0.0683475846554519,0.0333324803349973,0.0590217675473861,0.0473351727541141,0.0649862172795293,0.0669746397069726,0.0343390271698668,0.0618022341019897,0.0514075151281871,0.0647757957505988,0.0687162310449492
gaussian,400,972,0.38268343236509,0.25,43.147740501171,54.2847009191474,42.8047613598304,45.4165844548796,58.6972900469589,22.5184374272901,28.0732168118127,22.3476834942738,23.6502896509547,30.2739692461829,42.9946264487813,54.9657865918964,43.1929958697323,45.3371952447365,59.4929347610656,0.0456465448491246,0.0661293158644567,0.054270815144895,0.05002310701332,0.0671665961864952,0.0523583574799931,0.0668088914987693,0.0528644119704284,0.054997847223642,0.0723489151002454,0.0529955318904079,0.0682349072852551,0.0537931955601531,0.0562560158304999,0.0732830436488737,0.0548324162038829,0.0684016091792145,0.0539788935568819,0.0570528381843923,0.0739503539156624,0.0549704325050361,0.0687846680462228,0.0547282374124614,0.0569030827766856,0.0738627533691838,0.0560192398694255,0.0695909089071431,0.0553548378262326,0.0589092259235902,0.0758476340410122,0.0543910158790382,0.0679535644016483,0.0534562835830811,0.0567605651018436,0.0735016265831816
gaussian,400,973,0.38268343236509,0.25,33.56307745748,38.5848683484168,27.6225997570832,43.0658517385188,46.8874370794436,17.7384860226633,20.2428592516166,14.7754326901255,22.4778953169942,24.3838961167514,32.1192868063663,39.1212531856179,28.3487288004212,42.9666457694293,46.8130715097408,0.00854428739046097,0.0269739708452613,0.0222655588049535,0.0294623976425641,0.029207646407029,0.0434979601980681,0.0502747435585675,0.0364150963778596,0.0553628930819369,0.0605147237514313,0.0424249912550733,0.0477879351020101,0.0333423136654721,0.0541634896553461,0.0587095253105532,0.0411617891835263,0.0473473430162783,0.0337611265102104,0.0524665476485423,0.0571202314143485,0.039579281451091,0.0486005835150863,0.0354527252695727,0.0536225413095629,0.0579375462150263,0.042353822753584,0.0467081821033442,0.0334134890290242,0.0544035135657825,0.0577402556061532,0.0412850054335391,0.0484023920672976,0.0347155139837156,0.0538184827066871,0.0585431174196023
gaussian,400,974,0.38268343236509,0.25,24.1410490526589,40.7530578775822,34.0462036699995,33.7083813059428,41.7477044524257,13.0391248023155,21.3241722360514,17.9791670942237,17.8107392009174,21.8203422110347,22.5841312176584,40.9880598949396,34.5136627124167,33.7761866738467,41.3620690688505,0.0320071376868944,0.0494293917437439,0.0407788097565818,0.03935239993739,0.0509066620384916,0.0195488224694133,0.0483938732267951,0.0418885248772216,0.0382416292495886,0.0456311664583957,0.0295729329779563,0.049128215334447,0.0405259378300221,0.0400157847474052,0.0501223846533761,0.0302058970914781,0.0508647981053185,0.0420386245606325,0.0424535129919521,0.0523456893498122,0.0304621395185862,0.0519691776649592,0.0436315407536635,0.0431671579224919,0.0531273503288432,0.032485333303807,0.0489932822001325,0.040284454887561,0.0391386218931656,0.0506676140335674,0.0299176263292849,0.0510390273650812,0.0426444543477834,0.0420386595082701,0.052083336246259
gaussian,400,975,0.38268343236509,0.25,56.5386488219099,54.8866299042232,34.7443336926817,73.049650457006,72.1408070920129,29.1971994955396,28.3733754912745,18.3275415174984,37.4321812117938,36.9790041105073,54.7110302405166,55.7110757491906,35.5261539271929,73.1867123997179,72.386596090183,0.0691697534498629,0.0654706443876385,0.0432408465091124,0.0905920632047388,0.0860370921665215,0.0703836998811792,0.0694686433927675,0.0441539447994466,0.0927680799281932,0.0906151377431404,0.0705776407035587,0.0683789320187888,0.0434374894040918,0.0909823337017194,0.0904752306492789,0.0711613137763804,0.068657059498193,0.0431115524306241,0.091340755308303,0.0902579828303694,0.0711826381553121,0.0687898098216336,0.0430421375649441,0.0917533463426906,0.0904491076843454,0.0702540034947962,0.0698010019892456,0.0444536274983514,0.0921727922473053,0.0916838497621989,0.0709901439131887,0.0683840496458303,0.0429008547162525,0.0912127966378095,0.0898057781605353
gaussian,400,976,0.38268343236509,0.25,30.3049490691186,31.6585216325638,20.2028326395178,43.8771154128819,40.4274936393384,16.1136986883375,16.7883829105108,11.0748648977514,22.8824710372076,21.162135995056,28.9133372636408,32.1891148895551,20.8510121419895,43.8767096618146,40.2389907518322,0.0366840803898245,0.0415344797742293,0.0276419672074656,0.0546336928002786,0.0522382464561684,0.0384559063729892,0.0388602816605152,0.0241468709563423,0.0547744234473795,0.0502275045476696,0.0384542792400213,0.0413602905099712,0.0271952550325135,0.0554674895879319,0.0508937013117753,0.0372256078496948,0.0402236286791488,0.0260064270715787,0.0551520686802101,0.0507159567988072,0.0360881080681699,0.0405856535223165,0.0261951013940138,0.0559813401047498,0.0509355986896532,0.0347979066066648,0.0391335353960286,0.0259238517665273,0.0565178600346804,0.0496929014765502,0.0374267456334747,0.0396560471676163,0.0252049292685658,0.0547878899680514,0.0502953379699481
gaussian,400,977,0.38268343236509,0.25,60.5855611660067,64.2572392461835,44.0518067847477,78.7892197121586,79.6069876700903,31.2161208788178,33.0469607955072,22.9696071514398,40.294830480948,40.702786014411,57.1335311679976,64.7997497005964,44.8666298161168,78.8403623353995,79.0127318668821,0.0778299845909083,0.0820710523065404,0.0569750942434163,0.0995251881535878,0.101338685111385,0.0759109253711509,0.0805320880308757,0.0556544149546493,0.0979539197417299,0.0992048496669222,0.07694531430338,0.0804603338593054,0.0547247895443392,0.098821825808215,0.100553507757392,0.0752319928925373,0.0808868500348421,0.0552406395262186,0.0990007530291195,0.0996439303620655,0.0743738308124286,0.0801769438612734,0.0546528863870595,0.0986568106432153,0.0996039460935328,0.0767413456411777,0.0824730225714265,0.0571525463799314,0.100344434735161,0.100383939510242,0.0752385781529437,0.0802761627868871,0.0548666341174301,0.0983614145455577,0.0993087178837174
gaussian,400,978,0.38268343236509,0.25,29.198750742815,55.269357295949,48.2181392468036,46.310725802261,53.0957453384222,15.5615920583736,28.5642749477059,25.0475943008994,24.0962385789153,27.480223591312,27.6725376509174,55.4339280655487,48.6607930314188,46.2445459103364,52.7378520168888,0.0386177330948914,0.0700450287296857,0.0605736598753012,0.0600674821742447,0.0673701123648182,0.0373348075898249,0.0686663747897054,0.0601755340571932,0.0575729861342572,0.0664622330174264,0.0357574861078375,0.067986266217929,0.0590699561151736,0.0576908593516914,0.0651553696115278,0.0357279144184858,0.0691231434996776,0.0603615939934003,0.0575169327182995,0.0659581002135976,0.0375286228276675,0.0696526596835411,0.0604354794841825,0.0586556959640382,0.0671187095530066,0.0377980828951745,0.070451815379345,0.0617178324581721,0.059919322536117,0.0678257200015476,0.0365309798426357,0.0692026713811497,0.0601839588136352,0.0579162575473265,0.0663483662852946
gaussian,400,979,0.38268343236509,0.25,58.9670432263596,60.0567664308594,40.0913856877418,73.0790950398376,71.8983318670684,30.4085631142466,30.9521707517002,20.9946859230409,37.4469030033937,36.858248793562,56.2199351753102,60.4497264877851,40.4999908312426,73.1424095739297,71.5742107771066,0.0747432517420291,0.0760615614356704,0.0492628743659871,0.0937794117632565,0.0915827829931658,0.0750912723727995,0.0756677937174554,0.0505743877812047,0.0917158276722858,0.0913178678921277,0.0735569085686424,0.0749045646208419,0.0498507006977474,0.0915281292980891,0.0886958204845689,0.0738992313578501,0.0752286148877643,0.0497132725022471,0.0919684976232504,0.0899954176177191,0.0739286538743173,0.0747794772711776,0.0492803726186845,0.0921315367019217,0.0898254640498101,0.0724224328870094,0.077031435587691,0.0524135603418867,0.0922834166248337,0.091386463409849,0.07340368655286,0.0746802995534338,0.0491166644779434,0.0913477524481273,0.0893036290361443
gaussian,400,980,0.38268343236509,0.25,41.5818124239338,60.177614667183,48.8182344009528,57.6562566823843,65.8073884361181,21.7379104636755,31.0122070775667,25.3467852114294,29.7547794457969,33.820150119989,39.2802642206017,60.6511106311439,49.5331982329624,57.6378630088036,65.4615950762692,0.0516981878405854,0.0775068562455577,0.0635214416524871,0.0735453708695019,0.0843139617802405,0.0509692731138949,0.0762962469677958,0.0631365915678952,0.0716208911699274,0.0823721293663715,0.0522660897801188,0.074627349473394,0.0596080154695272,0.0718344162731306,0.0814352061872607,0.0513497656681739,0.0754579484221907,0.0612237487525741,0.0721306501466654,0.0821549436943939,0.0514928333620583,0.0755163272261288,0.0612851609187078,0.0726739683095904,0.0820825601675857,0.051703062969321,0.0748612939391107,0.0605672179515061,0.0726629491455384,0.0823570719971004,0.0517177410854671,0.0755316383389715,0.0612709301322901,0.0721020432073579,0.0824156272350929
gaussian,400,981,0.38268343236509,0.25,60.969824253874,54.3950320548386,35.6082357251211,58.8461244128804,67.4347295698634,31.4074769038382,28.1282939691098,18.7584218833543,30.3483127359927,34.6318871101781,59.0626489826855,55.1366631204228,36.1956298388026,58.748589058221,67.9083625549737,0.0786201487609571,0.0676265972112046,0.0425367889373559,0.069786789325951,0.082785104095387,0.0737075171110557,0.0653459308273631,0.0436764175317464,0.0701853244884488,0.0816335266609251,0.0767853895650782,0.0691656970595587,0.045751697354055,0.0746948691227912,0.0848515465296273,0.0758847909253016,0.0673227551573619,0.0434538217792173,0.0733276039994797,0.0838530964658938,0.0752038717190393,0.0675452681104211,0.0441174278736102,0.0728130147099304,0.0834171899226977,0.0766585372670159,0.0654121370058807,0.0430614326650767,0.0716136144369927,0.0830898333650651,0.0760475644516805,0.0676533048164561,0.0442064776353501,0.0730683751455331,0.0838374069662784
gaussian,400,982,0.38268343236509,0.25,41.4737390043306,32.2221795179713,18.2027215141204,41.7884885981943,46.3106331313286,21.6837072706539,17.0695410550211,10.0774288558475,21.8407146720392,24.0961389544379,39.9868154908511,32.8126422591325,18.6703459350503,41.8442509852221,46.7194592368295,0.044019496114111,0.0325161326974209,0.0176879680953775,0.0405899180333998,0.0493876943180755,0.0512796230672814,0.0368206843166558,0.0194915300483672,0.0494142944987296,0.054672240132982,0.0519537808074649,0.0397597409112934,0.0209947963333827,0.0533752960988959,0.0587564758488469,0.051901973638237,0.0399529964016286,0.0221145343739346,0.0522385481923686,0.0576980701291877,0.0515563019187206,0.0398256143093681,0.0227549263743317,0.0509574882789997,0.0566681224754958,0.0438311148298111,0.0400240255672266,0.0230529169413497,0.0514401958996261,0.0568640390669496,0.0521643301275082,0.0402538599314497,0.0224588050459429,0.0523103547007875,0.0579866749854809
gaussian,400,983,0.38268343236509,0.25,50.3457730844524,42.767368797248,25.6853609546615,56.2511750939059,57.5035181149987,26.1087565466631,22.3290124057239,13.8095040371973,29.0539601542583,29.678697510955,49.0527648130161,43.4844277702403,26.2408185449059,56.3386702875378,57.8545044683948,0.0562032739508654,0.055490218534357,0.0343427042941331,0.0706717373405397,0.0676509167006767,0.0606384889236508,0.052902010883674,0.0321781037730819,0.0687742072444623,0.0707485169718615,0.0625611506337833,0.0524179554742359,0.030669103400459,0.0690399768914661,0.0710614377786054,0.0622719586614554,0.0532406635809407,0.0318512314466949,0.0700415159258932,0.071427783856299,0.0630062967476849,0.0544274259078852,0.0326893229742881,0.0715137355891353,0.0724807949791455,0.0640105672066982,0.0515434484457867,0.0287409935942109,0.0688232026232859,0.0711352856152081,0.0626006284839487,0.0532162267725118,0.0315969181273238,0.0702102654992438,0.0715207289029471
gaussian,400,984,0.38268343236509,0.25,68.9048992615343,80.5655573982634,59.0958500486702,89.2664326097198,96.1079046419818,35.3650814894147,41.1807059756701,30.4729127319019,45.5202164957873,48.9324490697919,65.6170128666215,81.1769226043399,59.8488621097627,89.4658298809147,95.7766134531255,0.0852810441653061,0.102658304723141,0.0749562773192062,0.113516772345983,0.122632054810045,0.087943297852853,0.10236759391914,0.0749115821765223,0.113628967010079,0.121880978892768,0.0857974860998328,0.100983924578223,0.0746082979214543,0.10986361268481,0.119809216861185,0.0861633689284189,0.100896979220588,0.0736548150292131,0.111681540943187,0.120413325808324,0.0854578994902667,0.100869309557021,0.0738471491216963,0.111692515426397,0.120125107586029,0.0830856373697482,0.101213666536027,0.0754997786986053,0.110579300999989,0.1196405107534,0.0858820145135036,0.100461054248379,0.0730647307548788,0.111526315097221,0.119986084488488
gaussian,400,985,0.38268343236509,0.25,64.4694273776637,69.0539894290069,47.5077956751142,84.1941873971288,82.5425104567424,33.1529655865177,35.4393912517801,24.6933305317125,42.990574954034,42.167054801633,62.0011077907981,69.8182590879868,48.2649974913126,84.2303034591519,82.3405849324441,0.0705069735092981,0.0790374990646432,0.0573722257055029,0.0910536962480993,0.0858486521848971,0.0815783955514094,0.088048812469458,0.0606784125692853,0.107172519197551,0.104939603549475,0.080484969775492,0.0848910493180658,0.0574075516779073,0.103883031241369,0.101944981851683,0.0802311200229421,0.086757584826672,0.0596436364635447,0.105188692992153,0.102990834714301,0.079445490309352,0.0866249520473608,0.0600947332886808,0.104621290828975,0.10200318443443,0.0820527508214243,0.0819971722719789,0.0541483156588546,0.103883829483118,0.0997038925598591,0.0805120689308453,0.086238542205708,0.0591196541576154,0.105291432388278,0.102521371580184
gaussian,400,986,0.38268343236509,0.25,25.3659388195086,35.0006113879576,26.3342323404882,36.4974424737572,40.5862510933262,13.6500386628187,18.4551524066438,14.1328305160959,19.201800986524,21.2410910242994,24.2649696274243,35.4532502693485,26.9028127979137,36.5564244194751,40.609870418681,0.0310556070089015,0.0367683188598703,0.0255926026603379,0.0446239603578955,0.0485340530986103,0.0321162210798553,0.040110834401346,0.0272212814650307,0.044113075854324,0.0490953843808723,0.0301782803965681,0.043911919988447,0.0337030781197128,0.044761942025512,0.0500554681208608,0.0315659728087412,0.0440976743061065,0.0334216569535567,0.0454992308406464,0.0509029538479518,0.0318267556663499,0.0441157219465001,0.0333494979643605,0.0456719661335988,0.05053382107124,0.0258015689611289,0.0445668860174216,0.0341944879292108,0.0423667135859859,0.0494090033115616,0.0316221947692949,0.0440160447262389,0.0330564687042719,0.0457397350140433,0.0508390456954801
gaussian,400,987,0.38268343236509,0.25,26.3788027652136,48.5925899180421,42.5345366241424,39.9403200000956,47.0891447051714,14.1552799952548,25.2342331851581,22.2128777444763,20.9189607776249,24.4844671307228,24.9383738135553,48.8243275518409,43.0028962684112,39.9156458379652,46.7511048462152,0.035469194808349,0.0621161488108246,0.0533976824144039,0.052216564625126,0.0610289543738126,0.0350510991062009,0.0591274189325082,0.050439258807641,0.0478401227189606,0.0586919340995684,0.0326651396972555,0.0621174938613455,0.0543702464719888,0.0517943918850182,0.0603069016955702,0.0320845450635035,0.061340723401963,0.053634555731064,0.0502851524250488,0.0590173060684868,0.033301237355514,0.0596033574188426,0.0513660303885049,0.0493086548193125,0.0584694537216069,0.0353446149183438,0.0626854839898913,0.0546172497556608,0.0522852658187941,0.0609024621983897,0.0327035727834514,0.0608138177257924,0.0530286187678633,0.0499633411478591,0.0588484162652108
gaussian,400,988,0.38268343236509,0.25,40.9922989072686,24.8932597798874,11.4446641756944,36.2817525079765,42.7148479158721,21.443411847589,13.4141612967882,6.70672689592214,19.0941881013219,22.3026002580297,39.8684966064089,25.6092978864954,12.0110105609618,36.4087443428323,43.4073405617456,0.0520106257727956,0.0331360547522397,0.0167967584244606,0.0465468055978585,0.0529303391861157,0.0521371973808177,0.0328605512687943,0.0161974689426438,0.0454614335381713,0.0544701276476645,0.051729755811109,0.031373421782671,0.0142534495851319,0.0453677476190008,0.0540632956750154,0.0516267896727436,0.0311250696865359,0.0144693144314962,0.0452753537038327,0.0535413480424753,0.0499687499646806,0.0306414044774236,0.014414271167609,0.0441471504187127,0.0525813375319449,0.050922407099573,0.0325382186850428,0.0162203677927714,0.0445609130856396,0.0537339478235154,0.0517008113122347,0.0314206214409909,0.0145096754240712,0.0455772902619927,0.0537855854983458
gaussian,400,989,0.38268343236509,0.25,47.8351217259084,59.418669909732,45.3521896357992,58.8932340704395,69.7491995755656,24.8564506594894,30.6336357323997,23.6180525572051,30.3716942441328,35.7860066534412,46.3440670913935,60.1525834474254,46.1507991424225,58.929071855107,70.0819843908295,0.0528311359498254,0.0767616768577253,0.0571931495522206,0.0716280327537878,0.0883275219738685,0.0590233459696293,0.0751026473371461,0.0576057485320181,0.0732694769888805,0.0868167719619497,0.0598659882637538,0.075247109421094,0.0574740117245341,0.0740437167671026,0.0878185831751341,0.0602445172981771,0.0749265740769463,0.0569661284674002,0.0740070361887122,0.0880385212364085,0.0604832113788105,0.074513267781974,0.0567909671528757,0.0738687890300882,0.0875552079735872,0.0616564549842331,0.0753237014717869,0.056986727955144,0.0758542736157715,0.0893118799108887,0.05989886323659,0.0744713478804955,0.0567745506087659,0.073597210516601,0.0873712830219141
gaussian,400,990,0.38268343236509,0.25,52.6924623043631,80.5251094621092,65.0872013326014,82.4565142974836,83.7256398888451,27.2793358959462,41.1605565479973,33.4609889224784,42.1239377746082,42.7570921620474,49.2868674640651,80.7341049530659,65.8011741209275,82.421341327789,82.348968739023,0.0678635058396568,0.102435320402094,0.082250368826938,0.105565414458142,0.106933819926991,0.0648801271194359,0.102124251775707,0.083096886442375,0.103890027096026,0.104265608497057,0.0661485529667521,0.101957642255661,0.0825184034817429,0.104289792358196,0.105508398409639,0.0641306575268419,0.100419816300077,0.0811830958300795,0.102591112576995,0.10349433784523,0.0658543467964037,0.101511161199287,0.0819579002261542,0.103497170613563,0.105048113853823,0.0639351525606898,0.10102957169533,0.0830002918990375,0.10159713691996,0.102590871555277,0.0652082740339648,0.100767962424886,0.0812041987931951,0.10295017717959,0.104361082227828
gaussian,400,991,0.38268343236509,0.25,64.931097240406,70.5024961860816,51.7637741463493,69.2284641418618,83.740651256029,33.382924272558,36.1617523714396,26.8159176701907,35.5263539612504,42.764313003415,63.9777219327545,71.5118119487195,52.431314339267,69.3202778264312,84.5451161429555,0.0832421640582575,0.0859858358331889,0.0614576703075145,0.0832493141148367,0.0988939755880965,0.0824825388711785,0.0842173718436394,0.0580383929114783,0.0862434284129789,0.102803805549285,0.0824034059627331,0.0897194517188351,0.0659705921142299,0.0879710905181495,0.106448421647668,0.0813377903130273,0.0879778884434188,0.0642483079236203,0.0862012805322026,0.104462751230936,0.0820107870053188,0.0883367912962986,0.0644703264502782,0.0873937938630345,0.104494915029351,0.083467894256443,0.089998165883896,0.0658913454144291,0.088525170750096,0.107049329305471,0.0817546476310983,0.0882922576154898,0.0644377304107787,0.0867863784614027,0.10494356970728
gaussian,400,992,0.38268343236509,0.25,55.2320546568189,49.1671735039949,32.1270512860712,55.0118107630867,64.0232219188791,28.5456923768718,25.5208703652427,17.0222321318127,28.4358364944437,32.9302444547013,54.1745968895723,49.9901289970464,32.6262475769641,55.0574779230657,64.864394508322,0.0715064262299939,0.0606786658972145,0.0412786233125462,0.0679752402925006,0.0808792495849429,0.0664809486688141,0.0618480324510929,0.0403644075067513,0.0676656059073696,0.0797520263026547,0.0671781440005606,0.0576830236280599,0.0362918527076392,0.0671973614932356,0.0778881670248159,0.0690901861864278,0.0611161597532575,0.039546903959351,0.069061111920739,0.080050679275269,0.0676540843377312,0.0602295633052933,0.0384899616237692,0.0684807665921138,0.0793522681595092,0.0674738326982171,0.0617554619113812,0.0385859433007796,0.0662017376641574,0.0800239191598345,0.0691000263171068,0.0613737784665805,0.0397741290533401,0.0688116966613254,0.0801656864184213
gaussian,400,993,0.38268343236509,0.25,52.2962223259095,55.4479353090309,40.4954587886302,51.7872158895501,65.8654613848241,27.0815082206072,28.6533162141151,21.1959305228734,26.8274375107365,33.8490276947978,50.5523495268145,55.9971326664638,40.8078362272597,52.0126856348196,65.9996657979962,0.0669274982738291,0.0685494461310063,0.0502963047107349,0.0641543715660015,0.0803970978193411,0.0662768796882893,0.068574792303285,0.049219441980559,0.0650423898844628,0.0821499561560108,0.0666730056328302,0.070972732156228,0.0518382505049464,0.0665592502368615,0.0840384309363706,0.0651413190511359,0.0694391657325725,0.0504230577434848,0.0650005187309618,0.0824837845930775,0.0650004759719711,0.069693146167493,0.0514252832071934,0.0646363456962118,0.0825947370405135,0.0658834052999613,0.0697488239528699,0.0516953368287219,0.0659317169847997,0.082203388429571,0.0650734287328549,0.0693210195472102,0.0504303292127619,0.0648536694000178,0.0823501045147332
gaussian,400,994,0.38268343236509,0.25,41.8804522381072,47.9746387691871,34.6351662122856,52.8418144035182,58.5430561242065,21.8866413163483,24.9260483778934,18.2731080428273,27.3535931370422,30.1970035650868,40.4549251793245,48.6241287727018,35.2835034802601,52.8351320234781,58.9550586949919,0.0527673815110145,0.0614559592950507,0.0429079405459393,0.0685187876208995,0.0755967493770199,0.0510332211094459,0.061225238197577,0.0447457742750999,0.0663557401611442,0.0736848133782674,0.0519143116337378,0.0612831566987738,0.0441956647669211,0.0667141838666876,0.0742952098973704,0.052467246621864,0.060367076223659,0.0435257286125579,0.0662148744700538,0.0736051511824403,0.0512451218912121,0.0592849957399394,0.0424694902528538,0.0654929821818478,0.0723015132787211,0.0526766240702707,0.0545976861560551,0.0332371985544242,0.061909851366026,0.069230320749695,0.0523329076227737,0.0601787890462243,0.0434059569982756,0.0660235997595309,0.0734311776076599
gaussian,400,995,0.38268343236509,0.25,48.3523214445718,74.5869389627323,60.4084538291978,78.9658762807282,79.736672284385,25.1146057904957,38.1988869063669,31.1275694729913,40.3828496509183,40.7674848470067,45.2705245106527,74.8632358893842,61.1378395749693,79.1088717083492,78.714435947206,0.0613215314626453,0.0898056646518123,0.0725428317353976,0.0962462227764977,0.0942569615550362,0.054893511585407,0.0919158893036807,0.0749987608220166,0.0978786969064352,0.0946453686126029,0.0615845657156942,0.0940098051824902,0.0757711519126236,0.0992628816697138,0.100986935524256,0.0601503487478386,0.0935778930605744,0.0754563218202875,0.0993873984429704,0.0999217817112468,0.0599978164058806,0.0939596801866004,0.0761380423827856,0.0994941037665259,0.0997390857956575,0.0616820711856437,0.0927038898597274,0.0745974255410109,0.0971551236978007,0.0976600714926198,0.0602920385943247,0.0933445833455563,0.0750881637287852,0.0990187902901494,0.0996106581822396
gaussian,400,996,0.38268343236509,0.25,42.6764392919888,37.5805460340548,22.9747414273565,47.6617327108382,51.9506143653155,22.2835708420936,19.7419579746009,12.457406692122,24.7699461509964,26.9090093102615,41.3044091645744,38.2138363075262,23.5333478368264,47.7936193237213,52.2223482514743,0.0517392599010567,0.0432790251797047,0.013929436196661,0.0605824080434392,0.066599459318749,0.0515738474855903,0.0458257771443795,0.0284074365479176,0.0582320041091459,0.0632882476356827,0.0551146418460503,0.0465702309651484,0.0264399111611285,0.0605932682229308,0.0659475720214069,0.0530588647185914,0.0467274788216658,0.0282425850404907,0.0593237928893592,0.0648398455426482,0.0536378054766229,0.0462431391229023,0.0278720208056908,0.0597031651023551,0.0646714771200434,0.0546168094606469,0.0486586695213664,0.0301486192842463,0.0612743978839066,0.067190010661422,0.0534387083272867,0.0470380274196158,0.0285855778715361,0.0596681368952811,0.0651420134754222
gaussian,400,997,0.38268343236509,0.25,39.6358809115118,58.4014655875965,48.4538149945115,47.8459853283482,53.5031692754764,20.7672105821951,30.126652688523,25.1653305745495,24.8621053988463,27.6838502709291,39.1858102017627,58.7191509301799,48.6163629723699,47.5517206683826,53.2788306495432,0.0519017537139324,0.0754585983646472,0.0627988361806894,0.0619412471641726,0.0693229424673978,0.0441269659596446,0.0671856098021722,0.0555001180063613,0.055742681488815,0.0605716846719446,0.0497285076257193,0.07436931253397,0.0618210746187433,0.0607985574368012,0.0676954142188209,0.0486261559835571,0.0727776263643037,0.0603095485174891,0.0594391055274377,0.0659913533768894,0.049717967018482,0.0729889450302615,0.0600547244817055,0.0601855079483227,0.0658843757336923,0.0511056098963319,0.0714352052166572,0.0585058953659972,0.0592176588712457,0.0663609812605928,0.0492170155295123,0.0725496793339442,0.0600480750837918,0.0594479542634937,0.0659616564885845
gaussian,400,998,0.38268343236509,0.25,55.9780531459676,68.634710983112,52.099878798908,67.4067067946848,77.7956490288836,28.9176944885275,35.2302261883431,26.9836029743575,34.6178032684951,39.7992744903917,53.7485476558058,69.2341648430999,52.7302769439204,67.432342171317,77.8872920348281,0.0722477055600629,0.0880244632686336,0.0674576251403406,0.0866888476432789,0.0997441702944137,0.0712684709957462,0.0872590398211917,0.0664410011155117,0.0852351983067892,0.0985224205793411,0.0667815557381645,0.0833587662285564,0.0638500772373791,0.079561071748456,0.0945944463624018,0.0698500295651737,0.0860896126375689,0.0652257901969688,0.0845043571682677,0.0974410143308377,0.0699423602674217,0.0843449207469194,0.0631535393978486,0.0825116247758424,0.0960774175749554,0.070492672155076,0.0693310625883137,0.0463160214603429,0.0735841386942996,0.0878710928901597,0.0701744496332701,0.0858633163776696,0.0648803583465077,0.0842931020147448,0.0972665349024629
gaussian,400,999,0.38268343236509,0.25,50.6455871700345,51.8412514847819,36.7163240353942,49.4805876759626,58.5760732250413,26.2582432486657,26.8546359605247,19.3111580187592,25.6772301467302,30.2136364916948,49.8776006605421,52.4073175703421,36.9153302265033,49.4161461061404,59.0970155532207,0.0646532486702104,0.0645623411340605,0.0472006182231906,0.0612430557425373,0.0720637733105664,0.0645067422720758,0.0657921004366456,0.0468854011918252,0.0623182736307401,0.0733829964542984,0.0612845568748858,0.0662674579416688,0.0475597433434077,0.0629960192630872,0.0743904347272353,0.0630446720416805,0.0648517562088618,0.0459132401063667,0.0616052856150537,0.0730305579669159,0.0637655792511148,0.0653403161551579,0.0465074991786073,0.0618492557126923,0.0734881732661542,0.0578428039974684,0.058413130002555,0.0383673591856265,0.0585706910523158,0.0701935759962967,0.0631158902840972,0.0641496660253978,0.0451862126908327,0.0612919673519512,0.0725304023648201
gaussian,400,1000,0.38268343236509,0.25,41.1151947269301,42.3338268250511,28.4386005547353,49.3092914181627,52.4356003018064,21.5048375926504,22.1127238420449,15.1825940867699,25.5917353018219,27.1510179795832,39.4065933470086,42.8081711952332,28.948810880845,49.3286545632911,52.5181556643381,0.0269918323492681,0.0533050954644791,0.0378377079905115,0.0604019221105171,0.0585884389362045,0.0531421412173477,0.0530856370998067,0.0355876427765179,0.0615285564337546,0.0660902684421133,0.0496767239638352,0.0523387389148836,0.0345656892984929,0.0604331429402202,0.0645367244518092,0.0512610742496542,0.0524779248275343,0.0348113889340076,0.0613961541888456,0.0648246255171603,0.0514709567655594,0.0534194858717341,0.0356827193921484,0.0624222341368873,0.0658778696004466,0.0534361300865918,0.0526050397729161,0.0344888936705643,0.0613006704949565,0.0658732763191815,0.0514966976621912,0.0527128573833714,0.0352376319229621,0.0613460321439041,0.0652154523034664
