cop_name,sample_size,iteration,true_param,true_tau,AIC_clayton,AIC_gumbel,AIC_joe,AIC_frank,AIC_gaussian,xv1_clayton,xv1_gumbel,xv1_joe,xv1_frank,xv1_gaussian,xv_CIC_clayton,xv_CIC_gumbel,xv_CIC_joe,xv_CIC_frank,xv_CIC_gaussian,xvK_2_clayton,xvK_2_gumbel,xvK_2_joe,xvK_2_frank,xvK_2_gaussian,xvK_5_clayton,xvK_5_gumbel,xvK_5_joe,xvK_5_frank,xvK_5_gaussian,xvK_10_clayton,xvK_10_gumbel,xvK_10_joe,xvK_10_frank,xvK_10_gaussian,xvK_n:logn_clayton,xvK_n:logn_gumbel,xvK_n:logn_joe,xvK_n:logn_frank,xvK_n:logn_gaussian,xvK_n05_clayton,xvK_n05_gumbel,xvK_n05_joe,xvK_n05_frank,xvK_n05_gaussian,xvK_n05:logn_clayton,xvK_n05:logn_gumbel,xvK_n05:logn_joe,xvK_n05:logn_frank,xvK_n05:logn_gaussian,xvK_n:2_clayton,xvK_n:2_gumbel,xvK_n:2_joe,xvK_n:2_frank,xvK_n:2_gaussian
gumbel,200,1,1.33333333333333,0.25,22.5721611574599,40.6723319311864,36.1567513180615,32.8140650769802,34.9926927875623,12.2269624971639,21.2322800426267,18.9860271297077,17.3227497527491,18.4073832166402,21.433931256482,40.7297188782173,36.413854172665,32.5635344603071,34.2751078865809,0.0405476853533767,0.106444376472919,0.0953352821039441,0.0870190295411886,0.0850775580510646,0.058612983430093,0.100631126632289,0.0851190802066361,0.0846815030746321,0.0853661230190184,0.0600251776506708,0.0999444881074698,0.0872919712564043,0.0796727305967569,0.0867639325273871,0.0591340375248197,0.103292487413642,0.0910121864782537,0.0833164216753229,0.0884626347165421,0.0582710325077194,0.101806649331188,0.0897461153369347,0.0816392399030804,0.085827865656583,0.0599870017277316,0.104828134392641,0.0938188978290105,0.0864370082632612,0.0911083363672347,0.0567212386766014,0.101694056528652,0.0900650687017256,0.0824293070127134,0.0859980461289938
gumbel,200,2,1.33333333333333,0.25,20.4639655522695,50.4869570045185,49.2713892852073,36.9277925009239,44.316110334533,11.1782037051544,26.1143543418883,25.5097354786909,19.3690308103604,23.0446428818678,18.7491095567435,50.5355321132609,49.8430257354447,36.8498233101735,43.5357621883367,0.0547026729885248,0.125186236984433,0.119811747090949,0.0907011797041407,0.10857395868198,0.0502283920254703,0.126097412887471,0.122507372813152,0.0925514552663356,0.109517602255455,0.0510988582462512,0.12500272829387,0.121486667051581,0.0907471894628021,0.108550164009653,0.0504051166293575,0.126430935292512,0.123912078697176,0.0905749619961956,0.109810440433058,0.0490679125890814,0.127038988414414,0.124141279524952,0.0925062080085967,0.109676264301913,0.0558606199164595,0.131167252445488,0.128113786073678,0.0972868021671696,0.115395043988678,0.0508039665826143,0.126366580016433,0.123038698229472,0.0919941165288018,0.110184208115905
gumbel,200,3,1.33333333333333,0.25,5.17043743879187,9.9479100710287,8.19020725774124,7.45880660748162,6.59083663640116,3.57012490550174,5.94717791355781,5.07277648091595,4.70874399243345,4.27739704393026,4.39321198311736,9.58311754395561,8.01520922017054,7.10130790241088,5.81116306945208,0.0139247178568688,0.0218017879684351,0.0182668265928244,0.0179191784453309,0.0174069188681887,0.0166497675114494,0.0280198142524893,0.0223443988636799,0.0205573026298348,0.0201872396148143,0.0118780213649061,0.0254918910218588,0.0216433141848561,0.018918446190032,0.014794074477525,0.0111710664004538,0.0226074253469977,0.0179087524221541,0.0165059534775839,0.0136555080995361,0.0120572961118371,0.0241806300196636,0.0197370627233172,0.0193180214339813,0.0148025555858901,0.0179088929619639,0.0297420859304907,0.0253552989137523,0.0232915767622696,0.0212474097929585,0.012298910683835,0.0236153059212163,0.0190028875795851,0.0175462951002559,0.0148005343504579
gumbel,200,4,1.33333333333333,0.25,24.9177214413303,58.949191017495,57.7540134968495,40.2980573045918,46.6936940650693,13.3940870336046,30.3247482730223,29.7302014612242,21.0459927279663,24.2287565212518,23.1815709411926,58.8572229527962,58.0502685868348,40.066149624321,45.3165007669035,0.067285232344574,0.152364266308445,0.149296635841641,0.105660615305661,0.119096736753825,0.0619251960497567,0.143946066595152,0.141616535134437,0.0974580892924138,0.111803339976355,0.0658419710025245,0.148818941589309,0.144704958983441,0.102318613489389,0.11835259626182,0.0633348519166275,0.148652986407949,0.145337878910713,0.10208053200916,0.116214087183453,0.0627580040077947,0.148273928192016,0.14589210852132,0.100396651610366,0.11236230980919,0.0672128476903424,0.147871637954629,0.143952746056055,0.101663330291845,0.115310965374613,0.0621449847895193,0.147481537690713,0.144645310248223,0.100211923694535,0.11439029672457
gumbel,200,5,1.33333333333333,0.25,24.9391803365318,36.9748597792137,30.1852147547326,36.9026620488434,35.4281913426161,13.4052538637061,19.3927601887323,16.0152092968058,19.3566564359499,18.624381534516,22.6364789341343,37.0421970350831,30.5089668492611,36.7959297976203,34.1180326435273,0.0578027893095264,0.0936723370435597,0.0780950931242989,0.0918747882475771,0.0863394286114276,0.0549846057614416,0.0939416978466261,0.0786644793573913,0.0878363578086325,0.0856595726629137,0.0632508231759554,0.089956339517152,0.070961307756379,0.0918851263751956,0.083938171578603,0.0611479498058663,0.0905101414796324,0.07193603603014,0.0916006935700043,0.0846368495534638,0.0654370758999629,0.0959475846962004,0.0786592088483477,0.0950442567760676,0.0901170460571997,0.0622954781991635,0.0962480330217247,0.080408160526664,0.0908861762322578,0.0909621454150502,0.0600294714310418,0.0918520152817512,0.0744074550274566,0.0915955079163155,0.0855294996496977
gumbel,200,6,1.33333333333333,0.25,12.2892587498282,30.2497756086398,28.9614864213806,20.7264786108008,20.7306998252962,7.11146060066417,16.0476178692054,15.4070102176329,11.3096263279945,11.3122088483685,11.6203485873751,29.7174402468432,28.5514258305654,20.1615655650632,19.8540057061582,-0.0331865415777432,0.0406205248961111,0.0498005955662285,0.0245335603232606,0.00387005060531491,0.0324777253385289,0.0770505038956581,0.0734477890130276,0.0521469338011432,0.0494418003925703,0.0297442131759967,0.0697980196229731,0.0644713003518515,0.0487873064883581,0.0464151507783148,0.0310426200331947,0.0755956519629351,0.0719004590646123,0.0520127461578305,0.050530669878034,0.0295328522081835,0.0752960897417567,0.0708228838045667,0.0520070429476888,0.0514623108951695,0.00643660080089688,0.045250830979622,0.042901641778819,0.0388562124852267,0.0153582700209543,0.029916866962424,0.0732043930803371,0.0696032604226264,0.049409254145317,0.0485289674347159
gumbel,200,7,1.33333333333333,0.25,15.7999696676732,28.0279752909964,23.4923204365152,26.7038714855016,26.2291865049543,8.85771619153394,14.9415563995145,12.6853457659303,14.2828542389775,14.0470070589126,14.746521098354,28.1141365444496,23.8399063271225,26.5539418670089,25.7519945581682,0.0348346402337742,0.0750245263614215,0.0636621497229059,0.0715834471867001,0.0695946641404151,0.0397627924040093,0.0707586941503836,0.0589225466688275,0.0677780898761407,0.0646085289734866,0.0414457869925763,0.0711322390546753,0.059671537770522,0.0675731323653889,0.0667526873272431,0.0388735499406162,0.0696546858885123,0.0587883332584622,0.0655299540909513,0.0637050080663854,0.0403212581339242,0.071219545884084,0.0598590197276022,0.067866250512357,0.0662232458113227,0.0420144128897498,0.0744175575021589,0.0630232266984478,0.07124446796572,0.0693443899314879,0.039711948050913,0.0692162789069406,0.0574689128389558,0.0657431233428231,0.0633617225505732
gumbel,200,8,1.33333333333333,0.25,21.6498803223693,60.6000758172465,61.084706168984,47.1935955727553,49.1894750983214,11.7696590125651,31.1459100933596,31.3869694088119,24.4765348642836,25.4699284312317,18.7063752154538,60.3415587077455,61.6205142874119,46.9174549155874,47.3376411470994,0.0379221354639076,0.153317816918906,0.15749601912725,0.115632866314772,0.114593362737206,0.0448847288354848,0.147740343009633,0.151993657749503,0.113678352939015,0.116338536969337,0.0476809739321447,0.150349371509633,0.153172126367745,0.113773240906254,0.117067234500538,0.0514562557416111,0.15100519608202,0.152764682492808,0.116137617447432,0.121565227871653,0.0513309069327286,0.152965390600714,0.154688013430919,0.118817813553125,0.122036646861953,0.0585320478221148,0.152914179624296,0.156264176565658,0.113202333173781,0.121676525325659,0.0521144581825683,0.151366934896495,0.152065371212179,0.117422030659986,0.121775923426347
gumbel,200,9,1.33333333333333,0.25,12.4141678089449,46.7789638912776,48.6737883300373,30.7633016270703,33.7464522561177,7.17388509803213,24.269944981617,25.2126104404373,16.302454605401,17.7869923464541,10.5872761843632,46.2650261989683,48.9092379543396,30.5504254106894,32.0050511449438,0.0217397052907011,0.0941572532460106,0.103674594339025,0.0448092226665353,0.0717152604151157,0.0327856574676213,0.120280756626042,0.125483746613711,0.0788916406326379,0.0846922062461089,0.0313210937723993,0.116047361159252,0.119962195690906,0.0752706532735333,0.08320403778898,0.0289682820622992,0.116204099824014,0.12083409705412,0.0750242511506554,0.0817898862623331,0.028519789728512,0.115609825355833,0.119758993827935,0.0753923141834313,0.082220044542304,0.0198029491341903,0.118638860312908,0.126372157014761,0.0744942090675539,0.0801348995939724,0.0306112021156493,0.117531043213467,0.122271627728654,0.0766446084417708,0.0835638096954865
gumbel,200,10,1.33333333333333,0.25,19.3452596831456,33.210921465778,28.3464838982301,28.3461806059744,33.8785614609004,10.6211042106642,17.5194729933663,15.0995289062196,15.0995611527775,17.8519387883124,18.4161361987553,33.6933632722849,29.101020768481,28.4245391501614,33.7605092886367,0.043271725310752,0.0832611288979908,0.0724691036342687,0.0696444862418652,0.0859945688044102,0.0521760874027107,0.0847357048557486,0.0723383072556688,0.0717855617034888,0.0864601456754325,0.050540939162159,0.0859415053958868,0.0733181713020779,0.0744234638766921,0.0880118988563591,0.0496960969298753,0.0842150132863094,0.0717174356603144,0.0711997533422502,0.08476915390743,0.0492784200689422,0.0826982823525253,0.0700152147003537,0.0704701861502025,0.0834309701768715,0.0523668937323705,0.0829993895438776,0.0692990458665312,0.0720575352924877,0.0859243802501685,0.0492572046095539,0.0839931682209698,0.0717401369635816,0.0708710623033667,0.0846670377390997
gumbel,200,11,1.33333333333333,0.25,11.0782632327687,42.0825534628092,43.4332804710913,27.4493373097196,29.4046998420298,6.50977561083309,21.9334936001403,22.6053357697957,14.6536463742172,15.6273383319625,9.27686879932969,41.7583263720811,43.7441398529073,27.3182343548834,27.8127004386941,0.0326862572429147,0.107204528022519,0.105943189105036,0.0734921349247362,0.0775247362520901,0.0270907156817477,0.105866470051502,0.1100752119138,0.0682466939383931,0.071102650189026,0.0283518140005226,0.107088788902425,0.109846115353186,0.0717481673285892,0.0733162543252263,0.0257373681186098,0.106073245989588,0.109169000711406,0.0692911981910132,0.0721769842140176,0.0265970728983586,0.106408612964675,0.110650774128081,0.067843019670248,0.07329421159655,0.0317882200048556,0.109734913139237,0.110090220990083,0.0732331829469026,0.0780207796702997,0.0263216905985446,0.105194078645871,0.108782178195159,0.0683530116782153,0.0713034193088414
gumbel,200,12,1.33333333333333,0.25,19.2535954647676,33.7138639276232,29.8757261502872,23.3470023266855,29.2410817231144,10.5757534376775,17.7701515995318,15.8605989977492,12.612992845916,15.5455871217227,18.8789594900156,34.0303151908332,30.2829968836836,23.035317172841,29.0275497166636,0.0500736270438589,0.0890666318647217,0.0796210432395223,0.0633617446075863,0.0753169470854922,0.0487042274493991,0.0856410879229648,0.0775714936110092,0.0578209492563587,0.071779895078206,0.0485340376898221,0.0846903121767836,0.0742927741310925,0.0594327400381966,0.071661634479104,0.0482965266408695,0.0833647900436195,0.0739017416846019,0.0567720227651936,0.0713428524158211,0.0492961718328847,0.0814611917571122,0.0718390206125542,0.0553049718516617,0.0686573845436671,0.0523718811030412,0.0749856035744811,0.0618507459623808,0.0500523399532258,0.068539317810924,0.0487208680374141,0.0840237934788424,0.0746704976717662,0.0572170993316728,0.0714915089806898
gumbel,200,13,1.33333333333333,0.25,5.95073692363957,34.5826805386956,38.3416661328016,20.6079152852291,20.590036792897,3.95896702481128,18.2027204772647,20.0727146131277,11.2505967348223,11.2425127143445,4.47556546441121,33.9941472362156,38.4380298481852,20.060597863202,18.8397096749655,0.0172945090084318,0.0877398870110024,0.0978919081092712,0.0455371387655518,0.0539298624389232,0.0194553098843139,0.0900788350352014,0.0980438099595188,0.0557456154443051,0.0548129860052355,0.0155445374499425,0.0867624795426905,0.0963969161802516,0.0504220281856747,0.0507957613440945,0.0133698544958559,0.085477410030411,0.095415282693539,0.0498885168072039,0.0479959450774023,0.00574597378963811,0.0815398958806456,0.092763823501059,0.0455224692167283,0.0435787512812802,0.0183666776305804,0.0911508034856169,0.100488252015655,0.0414404821283808,0.0549311666271534,0.0134304337398888,0.0859454432851237,0.0950991150124968,0.0508656478997106,0.0489992229680041
gumbel,200,14,1.33333333333333,0.25,7.48222572633816,31.517847366846,33.9339712780408,16.4585907866909,21.0092815309016,4.71997106329087,16.6778417162733,17.8800946446099,9.18604190828072,11.4500435613192,6.59104965436924,31.1030602082933,33.9628521798083,16.0930619530943,20.1256428024058,0.0219709409322093,0.0831770821110522,0.0825624239998903,0.0428488635141852,0.0571588835613834,0.0135562140823399,0.0704265224794792,0.0752416722149655,0.0314795016218649,0.0449306461921244,0.0210583579705489,0.0804654453216773,0.0853138852602832,0.0436137957677855,0.0543935671422735,0.0183004409747425,0.0788822162720888,0.0846071088303796,0.0410606728600841,0.052496814485018,0.0174811199901204,0.0767449896335997,0.082935283282782,0.0393008944860797,0.0503480725913688,0.00276188470076883,0.0713307839978833,0.0826478765265044,0.0224239318204078,0.0394459007564516,0.0183484182394989,0.0782173043080167,0.0838516535562096,0.0400717143902808,0.051670250753639
gumbel,200,15,1.33333333333333,0.25,14.2964287658532,36.7501003116667,35.2474143457393,27.338224570385,28.3298416866174,8.11007929737416,19.2811602319059,18.5338716694841,14.5988891555922,15.09213101874,12.8196873263222,36.251140973521,35.0707376722547,26.8232997701924,27.4889615903219,0.0383873530909845,0.0962085835974509,0.0931118315752999,0.0708156534126433,0.0756309851274489,0.0389204794355842,0.095558062791672,0.0918958553953018,0.0708754302128558,0.0750543910061731,0.0365682499200236,0.0914737310910032,0.0863291772923426,0.0666757999475877,0.0701321120436828,0.0355097262546551,0.0922436531510404,0.0870781964094816,0.0690694683488301,0.0706645457325754,0.0374874130196355,0.0937719695655649,0.0893296171066614,0.0708723130672417,0.0729640743437989,0.0387178399309119,0.0962111640409571,0.0901650544455265,0.0733443248721227,0.0751710193973084,0.0351839038482789,0.0903817555385123,0.0863662049337907,0.0664052616002124,0.0688885080396559
gumbel,200,16,1.33333333333333,0.25,14.2729923136302,26.2593530272832,22.5724250777172,24.2077797822599,25.194578648017,8.09848435155888,14.0614768053509,12.227345425647,13.041070450619,13.5320982362694,12.9291749002436,26.4297395115264,23.1768138486226,24.017957651131,24.7403312535618,0.0386694612650546,0.0706021479958671,0.0614090620165291,0.0641544282194139,0.0672614956686647,0.0332705001294318,0.0645893086081586,0.0565253309142483,0.053911852777055,0.0598130685301896,0.0393045105719388,0.0680085273318859,0.0572287047920572,0.0628955256506267,0.0644904218352511,0.0342604847024708,0.063901862177205,0.0536212238985432,0.0590864770981747,0.0607283726310575,0.0347542002596444,0.0625424336113985,0.0526547539734928,0.0585567811121707,0.0599660455981176,0.0402954326624439,0.0593759963575868,0.050650277056604,0.0453188093074786,0.0617282940745725,0.0355145711673462,0.0657952191512862,0.0567102300955444,0.0601441401929214,0.06227459312301
gumbel,200,17,1.33333333333333,0.25,30.8840756001843,53.7341106940442,47.132193344798,48.9903188378016,49.136136594522,16.3632224861938,27.7305124526084,24.4464234786799,25.3704212641805,25.4434653643163,27.7391557178093,53.537924770882,47.2750789848518,48.7430449108597,47.8763082184465,0.0805479425170212,0.119089504490885,0.0894779227370871,0.122381553413561,0.121378549308566,0.0789160109634448,0.132933339545249,0.113932380045809,0.125565084507656,0.12450237397425,0.0753613488950493,0.130797336759127,0.115212349746083,0.11914313408247,0.119097712630593,0.0713207114949737,0.130594088600535,0.113574690470128,0.118585134036038,0.117268443430702,0.075358582760634,0.132945073675425,0.11589714284713,0.122594465842816,0.11983492618235,0.0815621120626924,0.139219126215812,0.120052386604423,0.12017088166177,0.126688412671307,0.0747163498755668,0.133626498307157,0.116335030013068,0.122198186162476,0.120956442412781
gumbel,200,18,1.33333333333333,0.25,7.46086267204645,36.7714228713,39.6038658667191,20.134088621193,23.0083256559263,4.71033727842311,19.2914885279358,20.7005252968204,11.0146665631827,12.4448653195866,5.72881475619894,36.1782325279821,39.7139251002625,19.7398549435267,21.6642128591316,0.00543063289158367,0.0968258248138374,0.101091739714543,0.0550512466373134,0.0624314910662905,0.0101731597127107,0.0866099438275404,0.0954112940305406,0.0465530225890805,0.0504540657437398,0.00638742410919973,0.089295857611253,0.0975732837812927,0.0460264025070712,0.0511810237694938,0.0168270331348017,0.0906662889127406,0.0979469120735747,0.0479688865005953,0.0555984535038639,0.0134424886510067,0.0876062196889038,0.0961211148538536,0.0448873617645628,0.0513104766586683,-0.0148959559235045,0.0773688929553673,0.0932771550608603,0.0382611899666017,0.0264817828005772,0.0155621563906623,0.0901628601063667,0.0973948676676898,0.0480140210178513,0.0546393991137082
gumbel,200,19,1.33333333333333,0.25,10.3906369456794,24.323295005036,21.8093985728177,22.2067900674491,22.0609340535402,6.16662720455167,13.0983573235292,11.8481056506501,12.045321994151,11.9729597307293,9.530844160283,24.3247525830344,22.0478207233524,22.2233147824629,21.6167296267548,0.0284795421979024,0.0467366729153447,0.0399819374890166,0.0344806138054959,0.0495465450176072,0.02748037347172,0.064325115879804,0.0562839989679437,0.0593343808864006,0.0590674547153972,0.02705915621882,0.0573353478656812,0.0489108748327354,0.0541974144839384,0.0541506266230719,0.0248179259200449,0.0604327962919905,0.0540867056261217,0.0546305033668137,0.0538290954154129,0.0265760346253944,0.0612920311575806,0.0549767728333413,0.0550809431004416,0.0534699021120038,0.0277954032093153,0.0657102734671643,0.0594190877124035,0.0584045400711251,0.0601334303982048,0.0262845851588662,0.060097732813217,0.0532081233059843,0.0553447980205712,0.0542668712785336
gumbel,200,20,1.33333333333333,0.25,27.4101332561703,42.648380005138,35.7773392931054,42.2956396023292,45.6752054727546,14.6339375283683,22.2147840866245,18.796878177947,22.0393140187216,23.7207021466213,25.3056977240854,43.0474086980799,36.5150214657808,42.4092764507403,45.2243892959914,0.0652842337198108,0.102266193064593,0.0876554854245218,0.103231048032502,0.108327469346983,0.069997204027683,0.10739849545543,0.0878217495198686,0.107434184177925,0.117386136402681,0.070643797473921,0.107927032402345,0.0897665987250794,0.108333677227891,0.116060038009236,0.0675704108000721,0.10798376861898,0.0902797289038657,0.106971128960305,0.114898745161345,0.0677958888913476,0.108052331729293,0.0912340331495665,0.107293327166966,0.114539794041797,0.0440711533050961,0.0867115144250536,0.0783493932110947,0.072939372709759,0.0875100675098997,0.0686768859651202,0.106873030520249,0.0888321654188785,0.105957552634966,0.114322817027851
gumbel,200,21,1.33333333333333,0.25,5.70790625808394,10.8065513928309,8.19142463316962,12.2480708339622,11.1823055754338,3.83722450898822,6.3738035150621,5.0730875919105,7.09085981107345,6.56073116545857,4.91472303959027,10.8402463450528,8.37322139209246,12.3005180641374,10.9747130618628,0.0192693545727131,0.0246245863440392,0.0121770390127519,0.0334114787044039,0.0259544775242569,0.0147221993706726,0.0274791985787855,0.0185172602210763,0.0308452915534074,0.0285827962851489,0.0176982820533339,0.0269491686211733,0.0189803467295081,0.0323555034140775,0.0299122222896537,0.0134094265626864,0.0291281617085879,0.0218684031487221,0.032212310421077,0.0295065638104195,0.0169311051195972,0.0278036266238874,0.0207633887976161,0.031674695848898,0.0294812695554041,0.0182171792100314,0.0318614470340884,0.0252359824600418,0.0354020091651058,0.0328362300703842,0.0128788930985319,0.026231547551319,0.0194677836338633,0.0296773332519082,0.0267429974255906
gumbel,200,22,1.33333333333333,0.25,15.9323063628685,35.0981845858703,32.5698369995862,25.6249614671489,30.5351017145456,8.92372455119679,18.4585951443798,17.2007035412094,13.7460746329875,16.1890829173669,14.5842165954297,35.2272095563626,33.1688733102637,25.4575290459823,29.8020241741321,0.0446196888664806,0.0756489961965543,0.0629569097708281,0.0568241852666157,0.0650008987004387,0.0338797157477674,0.0765284160015528,0.0722224422390865,0.047600205796582,0.0599011379278443,0.0411472771422019,0.0907316691675425,0.0837397722268097,0.0673657377054677,0.0784515253136679,0.0396323343648318,0.0884912936625451,0.0822815035864195,0.0646375791055098,0.075713348621147,0.0399516714272746,0.0889045194239396,0.0824375089047224,0.0648234641036412,0.0766192257359819,0.0338173260841166,0.0887027214768294,0.0850241830469103,0.0660912879257746,0.0723433626567634,0.0407150596738345,0.0891146030299027,0.0826671856520951,0.064710906874148,0.076613422411115
gumbel,200,23,1.33333333333333,0.25,10.9018462029112,18.364786128463,15.5462126151251,13.9421480541862,15.8706526304949,6.42105193990476,10.1341254556235,8.73194089441111,7.93391195380079,8.89390717016378,10.1579287152273,18.357542417903,15.6735860910954,13.7769834021716,15.2633720985709,0.0309051796257128,0.0490729706897725,0.0428934934720174,0.0374001541768922,0.0439359279184272,0.0238123661509553,0.0445029051273369,0.0394616748849522,0.030516736063553,0.0364978406759433,0.0293854486515063,0.0457034215878281,0.0380694790501991,0.0366096632888516,0.0391897674565075,0.0276086430731632,0.0452093038677519,0.0379202485295567,0.0341463564760826,0.0376518134596411,0.0263215068574574,0.0449784966157298,0.0386697867846913,0.0331577650206027,0.036713760936017,0.032250582328122,0.0483729100469465,0.0397091919186556,0.0365683237509987,0.0398597089502491,0.0273022037985211,0.0453897416038704,0.0381432687279904,0.033987521342312,0.0378722604486478
gumbel,200,24,1.33333333333333,0.25,18.642280317364,48.7906351220386,48.9303421810389,33.1994722241246,40.5142900928597,10.2722807323319,25.2706265403419,25.3404405539161,17.5139183381088,21.1533749043365,17.1728625541717,48.784898374303,49.209542653731,33.3090915166315,39.6681098700787,0.0515410512327631,0.126957367582026,0.127292819745993,0.0879107571388171,0.106159755700406,0.0490414258433147,0.121542406461039,0.120498801565609,0.0834265805674312,0.0994810106107634,0.0490683423226547,0.121171648294977,0.118859843744293,0.0835098121967777,0.101634807223599,0.0461978392007609,0.119946321857738,0.118567539252655,0.0816373981936993,0.0994723701824503,0.0470453052165114,0.122984585733723,0.123006690491253,0.084043197194024,0.101431705117008,0.0368704427600085,0.0944186151227335,0.0893465927250628,0.0609700495571922,0.0718535718859672,0.0458524108934109,0.122584827000858,0.122382965309567,0.0839158602396233,0.101554214801517
gumbel,200,25,1.33333333333333,0.25,10.64644632636,33.8981761746305,34.4800725088075,22.7176735784671,24.1275689864222,6.29478750131477,17.8621056323389,18.1516388898169,12.2999555125932,13.002011497425,9.14490036748436,33.5916257039151,34.8562490423001,22.3384525895937,22.8146319316819,0.0314250193182515,0.0894493787147296,0.0903325127274891,0.0612799651269772,0.0647072652030855,0.0287718447969695,0.0885159024097653,0.0903657390279047,0.0594778253466673,0.0628110568173107,0.027439900988671,0.0832377830756846,0.0836302564795214,0.0551623314674332,0.0573271798319169,0.0261720502102775,0.0852244662722213,0.0861236423682849,0.0574805434705712,0.0594623400397181,0.0262961253236014,0.0835359277315965,0.0843938398233654,0.0547243642552522,0.0575377179406436,0.0169275901569929,0.0850853207947336,0.0888058339985906,0.0602869964508001,0.0520081149627934,0.0249414685693074,0.0834450300081011,0.0846180221421247,0.0551127884664222,0.0573114851647247
gumbel,200,26,1.33333333333333,0.25,5.13946484326322,19.0876506753141,18.7075104198167,14.7559107922592,15.8132762174801,3.55410264506582,10.4933951710601,10.3045233143101,8.33840101602108,8.86489200140286,4.64286330518652,19.143162209317,19.1506563308653,14.8276030654652,15.1906077160303,0.0154621832049716,0.048230960265142,0.040177158648705,0.0408154500848261,0.0440506593220702,0.0153064167835642,0.0511191495515573,0.0495787709010116,0.0389255740363774,0.0442391965858052,0.0127297918559032,0.0451386722637957,0.0428387875342649,0.0347725358654928,0.0368870388083961,0.0128407913806182,0.0479773428365847,0.0469139298696904,0.0366374093932006,0.0380844373557828,0.01531814978176,0.0471319298173874,0.0450581781220308,0.0373861647955927,0.0384491208042933,0.00685389667744185,0.0351572079205696,0.0305496188004662,0.0271695532623529,0.0223707699819383,0.0136438199191492,0.0490887344688979,0.0475264937504805,0.0381015569767466,0.0396728290635946
gumbel,200,27,1.33333333333333,0.25,42.2354410699928,55.6494089633159,45.0160999374024,49.4398361480998,59.4673612883666,22.0098032282167,28.6825652032965,23.3924451432981,25.5936255844388,30.5825581945685,39.5291967998219,56.359917267342,45.9452384441198,49.4943925582862,58.8550928706556,0.107153070472591,0.141595353232059,0.112645167124176,0.125127750087946,0.153660982268355,0.107806768093801,0.138679184908806,0.11063107785459,0.124701477375876,0.147544263330208,0.105415632002429,0.139000760947442,0.113705813916259,0.121092807186455,0.146683320959637,0.105042143370643,0.139848782413703,0.113310853345122,0.123732715596285,0.148683640089277,0.105469133027419,0.141251181016194,0.113841311625403,0.125398677810786,0.149697053016967,0.071338678578524,0.136104803685332,0.116091777077597,0.10971551611961,0.1205543486666,0.105340133260004,0.14014990646646,0.1138346606312,0.123336844960876,0.148471998297229
gumbel,200,28,1.33333333333333,0.25,13.5616316077019,23.3180959193949,19.1308554059299,25.2516431414497,24.0641967868888,7.74513811910005,12.5983239033953,10.5154966392551,13.5602748802077,12.9696317267044,11.5031348083635,23.3301132885159,19.6103087835887,25.171008161389,23.3326381832545,0.0383836014295878,0.0611246425105708,0.0475829229940721,0.0681267141730597,0.0647284029597772,0.0239380965772084,0.0548728420063713,0.0457299218559873,0.0585113318852423,0.0526474763478449,0.0344534525529156,0.0612412288832156,0.0500041056376026,0.0663292898149502,0.0626195954181026,0.0343098760304383,0.0588570428895597,0.048016282836559,0.0635445776110058,0.0600589371909666,0.0303158211360241,0.0575377158197017,0.0464572209650972,0.0620059891541818,0.0595395324945963,0.0324640596530405,0.0630029737309994,0.0527741427197441,0.0675589486901794,0.0645887279284325,0.0320509870323797,0.057858646027631,0.0466034144750923,0.0628546045853699,0.059490887940691
gumbel,200,29,1.33333333333333,0.25,38.7823219712118,38.0770065422114,25.5359301850306,46.7012341703118,43.0620808935019,20.2918725658139,19.9415381290671,13.7030163608006,24.2315598088353,22.4216353848942,36.3625599247117,38.2922779001789,25.7493767151201,46.5370824188763,42.7245330697096,0.0999640777320642,0.100192388373672,0.0668895483383072,0.110597828727178,0.110988560568881,0.101251365101124,0.0984918516257336,0.0653390415271142,0.119739820696188,0.111149527916179,0.0969108003585837,0.0957983554868949,0.0627831402667107,0.119095494899317,0.109046814951324,0.0975000143748817,0.0945039448914382,0.06092877392659,0.117509042728318,0.107065900787559,0.0948185490464367,0.0940357514642597,0.0632364226446868,0.114959872785853,0.104317617418637,0.101479389414716,0.0939710509203638,0.059684967641243,0.12163476250359,0.110998627359259,0.0961083147658628,0.0937400305628881,0.0609993705630844,0.116291818400558,0.106270431825306
gumbel,200,30,1.33333333333333,0.25,17.3638441491099,44.4209226410506,43.8981495206991,27.2126802349723,32.0821817694049,9.63696860197494,23.0971851678656,22.8368640534623,14.5364523984664,16.9595513107392,15.4804459342732,44.1802062176252,44.1325306015296,26.6886146085353,30.8269407701344,0.0484040970980879,0.116044550026501,0.11466413614638,0.0729960158006743,0.0844571719451603,0.0400543590828411,0.111665092457127,0.111830657187627,0.0664245067429218,0.0774475063406026,0.045384183660526,0.10916143085142,0.105756169530115,0.0686085171988661,0.0793017102113842,0.0425731431409807,0.111145703753495,0.109987796560535,0.0672535004178603,0.0795731456471236,0.0418454299875699,0.112133684903646,0.111864479848888,0.066441356861615,0.078178494931425,0.0479661643509194,0.114725626111251,0.110347741563596,0.0729280076887047,0.0831876851096473,0.0398097650801329,0.111044772885893,0.110113718546088,0.0674324179498867,0.0778377236234363
gumbel,200,31,1.33333333333333,0.25,11.2081929638299,24.4387325908577,21.5729862741273,23.0672971068555,25.9486030936627,6.57361667901698,13.1550359424007,11.7293980371549,12.4730421770833,13.9067222364795,9.90776290133861,24.881978058312,22.4320467764797,23.3235272837831,25.4402225021813,0.0328973290231359,0.0649298215367678,0.0574598121930362,0.0614732293290103,0.0665166950966659,0.0249158535650448,0.0644611584617292,0.0571999560898186,0.0577985949609847,0.0665719400885437,0.0213772806480997,0.0616152265336079,0.0555321466587028,0.0555245609976574,0.0629002024008661,0.0271414998456191,0.0619999662981962,0.054096687905573,0.058391546900609,0.0645402671026367,0.0286969126370524,0.0626735907670928,0.0554101180704515,0.0586744592660846,0.0652310224744974,0.0288979793073112,0.0607396257525062,0.0460705481105663,0.0610480775955654,0.0687292887594215,0.0280591029024524,0.0624000541926265,0.0549332751267442,0.0585262735034657,0.0651424341344101
gumbel,200,32,1.33333333333333,0.25,23.7953227853848,58.3604270006606,57.3254013804452,46.1242294162727,50.4240568980744,12.8355914746032,30.0318064038953,29.5174222769834,23.9443392666366,26.0835237280667,21.8810593975671,58.1959440247405,57.5999046352308,45.9614299856564,49.4414113771509,0.0529562534541992,0.128281429916318,0.125614595250585,0.109187891997285,0.117151931513368,0.0566811022317137,0.14429201440122,0.142034016826759,0.112818838655568,0.123984204931489,0.0592209449585634,0.143529586836044,0.138627987073835,0.113788041568838,0.125196422132981,0.0597759358499702,0.145152600121781,0.141166673061788,0.11538930077208,0.125574181488149,0.0601508229487648,0.144745838288718,0.140800219174647,0.114476932567371,0.125111831172544,0.0644579160182425,0.139908138141937,0.12996793333539,0.110781422894736,0.126833448383578,0.0589067542373918,0.145577052988871,0.142490062532348,0.114321770019817,0.125314703102334
gumbel,200,33,1.33333333333333,0.25,21.3510366262832,55.9851401858196,54.6888361171755,43.3648620667205,43.5451885481778,11.6201624147341,28.850435853089,28.205791819448,22.5719661910508,22.6621428026749,18.7076738436855,55.3017992070494,54.7971221523652,42.9650815079845,41.6383579402171,0.0525147427229033,0.142721922660488,0.141529667774908,0.104439496270495,0.112307287427082,0.0325165413925429,0.130065067780557,0.131630272177084,0.0905926593614899,0.0881409661388143,0.0521355455552126,0.141908774558517,0.138681051790887,0.109513210323079,0.108242055678308,0.0515085263834136,0.140882250714177,0.137212209519464,0.109260475253764,0.108298482992537,0.0539757655188477,0.137612234720306,0.132755537805813,0.105901491083917,0.107507596916232,0.0453132402422114,0.144043284084173,0.141476205298057,0.113363401735198,0.110677721303555,0.0521272946810521,0.138253958095622,0.134416713711988,0.106146839389946,0.10615796164304
gumbel,200,34,1.33333333333333,0.25,12.985197745307,23.9116133847725,21.4022112974207,15.0163421170333,21.6020717034334,7.45782625522883,12.8933158809896,11.6448732986613,8.46810778369005,11.744574451284,12.2359701910646,24.1385241307287,21.7274376572498,14.9873421635315,21.5158688638309,0.0368269663977561,0.0638522734350037,0.055930390017561,0.0424902682605131,0.0573084420851087,0.0322559996298929,0.0634013238916357,0.054356781660089,0.0415010065961258,0.0586111303240286,0.0300695469660729,0.0605610101847511,0.0548368916819701,0.0373582052934747,0.052304263393112,0.0324705035440737,0.0614329973287728,0.0546993387143298,0.0383013430794711,0.0552539038103666,0.0328040146544639,0.060939252125497,0.0545610347418623,0.0383495465844484,0.054190828542941,0.0305606424758381,0.0585520317078909,0.0542922048578306,0.0389846556394744,0.0524828244420338,0.0320117513715364,0.0603482566859715,0.0542483649262511,0.0374922863640541,0.0539381338770259
gumbel,200,35,1.33333333333333,0.25,30.3121508536719,45.7056465438913,38.10055981175,40.9284560138357,42.1132530374992,16.0782663040057,23.7363834254851,19.9530007420795,21.3598124483181,21.9499905075568,27.8411647805053,45.7647089521131,38.4993295310828,40.611783049563,40.9205963198836,0.0769974791587011,0.119190291837459,0.0999863723194566,0.106071058715582,0.110008940018034,0.0780842139259736,0.116593762635322,0.0974237702830359,0.104072565259959,0.106333315608999,0.0703396184840936,0.114238067817428,0.097146357205864,0.100512836984459,0.104104830552337,0.0705089165369502,0.112700497584059,0.0937670170176028,0.0991302935009035,0.0997520146090094,0.0770741571329097,0.114760769650291,0.0945737467320687,0.103496056333739,0.104328783090319,0.0807166117608047,0.11865871974624,0.100147403972626,0.106723002653801,0.106802086442593,0.0746364045471493,0.113414111688423,0.0944630333099022,0.100910707961919,0.102587102710957
gumbel,200,36,1.33333333333333,0.25,11.2299118465719,31.4782288365422,30.2970472080498,23.6400426681528,26.3406915023076,6.58454151692081,16.6577296945861,16.0701490987559,12.7586258956534,14.1021642970018,9.79548253317265,31.3798375240249,30.7298009446812,23.4363534533009,25.4784911375103,-0.0135911222665953,0.0638456265276522,0.0717310103378092,0.0301905255593333,0.0285192146743593,0.0296518406235069,0.0789372900472372,0.0747331523206963,0.0590014044826655,0.0648300422634567,0.0282466094711808,0.0790991672991813,0.0759285170893296,0.0579756565924391,0.0653991253933595,0.0288775465046729,0.0796660238259491,0.0763944745332888,0.0597452920506236,0.0666138728420078,0.0308219780962957,0.0808241309980782,0.0775182537225965,0.0608875304327651,0.0683435063702865,0.0322738745780055,0.0825319185155802,0.0789386121267637,0.063606954064996,0.0696866848434512,0.0278237184095972,0.0798873450388713,0.0766572964003273,0.0594735303283845,0.0662276928263528
gumbel,200,37,1.33333333333333,0.25,13.70433303563,20.4189436024816,17.0280917190461,13.9648463193329,19.6741832577329,7.81499532427328,11.1557566815826,9.4687032080453,7.94523453027251,10.7855380378549,13.4539118774237,20.7584842177251,17.4812303940718,13.772444799674,19.7757696217064,0.00506075129057991,0.0359035681007531,0.0324939338711631,0.0225476157198369,0.0334368577969172,0.034646916164215,0.0490719831277402,0.0400297449789369,0.0328072135594836,0.0453329100406011,0.0364825025859911,0.0538107589449831,0.0461675183001335,0.0360055396511507,0.0505282376473427,0.0337947649367517,0.0496253446888669,0.0414180119135805,0.0331037920800021,0.04726906715773,0.0356593340737227,0.0506864118944001,0.0430624778090715,0.0334720795147555,0.0482660317678296,0.0322072980224921,0.0539099717914398,0.0463173503957709,0.0360611894798055,0.0496942837163311,0.0346646680174028,0.0507078557597418,0.0425608156091429,0.0338768382925601,0.0481010675509252
gumbel,200,38,1.33333333333333,0.25,9.11195826386534,27.3505482502837,26.3578147256501,22.578130636708,19.8900592275455,5.5312374401458,14.604978726061,14.1115762146712,12.2303981115369,10.8937962542401,7.62671236705575,26.7896330205614,26.1997454579964,22.3308547221436,18.5621555277403,0.0264562031066941,0.0733319924750086,0.0700137988853955,0.0614450710185171,0.0545167969767254,0.0269454117160362,0.0724126135483821,0.0700458024805888,0.0598437812779691,0.0529090434824773,0.020445721194496,0.0715503228783337,0.0688701495984939,0.0581774190352623,0.0510999746851373,0.0225114413823127,0.0673012579119408,0.0636907456759082,0.0562011897633291,0.0482812678308165,0.0196749173284098,0.0655016333868723,0.0631836433180356,0.0549742454510699,0.0461832818466591,-0.000229702571992856,0.030719252536124,0.0205658196797425,0.0357189948153973,0.00196607771349403,0.0215281646286708,0.0661538736477273,0.0624939755922323,0.0550451582036372,0.0471169651875777
gumbel,200,39,1.33333333333333,0.25,16.6202678254382,46.2263086726621,45.6482898883279,35.6415064985922,37.427090650124,9.26632229235779,23.995054278145,23.7076827514168,18.7292890288994,19.6181052153196,14.7801237558013,45.9743380072177,45.9842101775499,35.4695485230537,36.0155552613659,0.0465189994310725,0.117562443425115,0.113224778292159,0.0909409597094826,0.0985509607939584,0.0415613971570012,0.119712729521828,0.117789851306127,0.0926106677321379,0.0961561534952741,0.0395230458120143,0.112061786528043,0.108965534463376,0.0861145551843525,0.0881472958519314,0.0405207719226387,0.113954023389858,0.111720481528503,0.0880011698795276,0.0907120710730291,0.0399030099444708,0.115532155537001,0.114182674523866,0.0894876064249942,0.0924818066943342,0.0464319340298362,0.119760881502634,0.117816658111219,0.0913955265123837,0.0964187912272449,0.0398418943359039,0.115918936715253,0.114609255355637,0.0887767345009325,0.0918768216050731
gumbel,200,40,1.33333333333333,0.25,22.5632629914235,38.3841171540066,33.4680090518301,32.0646102483394,35.8722358292383,12.2231295991887,20.093526584337,17.6477480575093,16.9499116497051,18.8445167765816,20.7901882058841,38.6125892659806,34.1665744575438,31.8003027746118,34.9195722957134,0.0548131690096353,0.0760875290789025,0.0565582592723997,0.067878985263437,0.0726337203405945,0.056169683248223,0.0983865896623639,0.0856378888665309,0.0834106735797214,0.0902488689623697,0.0549155649310089,0.0982162075910059,0.0861461759551396,0.0821577905776135,0.0899761086749106,0.0554869377261578,0.095473046704278,0.0833152135989276,0.0795169860770545,0.0872053260730125,0.0552242517066353,0.0972615365766111,0.0853747837625427,0.0798939084656864,0.0891346473288866,0.0573144558925212,0.100883490215199,0.0882917759098012,0.0846975819673594,0.0942632678054906,0.0551791470983091,0.0959161544559679,0.0837980731105917,0.0791171370922681,0.0881751813847453
gumbel,200,41,1.33333333333333,0.25,21.2768016643786,39.4270070015628,34.6046243775024,35.334990697361,37.3060691190367,11.5830571744674,20.6123941517637,18.2135648649887,18.576617756854,19.5574570595166,19.2048335330514,39.4281006286225,34.9254470426529,35.3277248936071,36.5683253131264,0.0545023059981584,0.0924463805495834,0.0811371931928268,0.0832227062430468,0.0884368533864279,0.0489769742124329,0.099606429578411,0.0868280984083975,0.0856451125394339,0.0931150989135354,0.0540526319429191,0.101412103921124,0.0897304197600553,0.089997297408815,0.0943415996685841,0.0541640163090007,0.099157369620915,0.0864507346280415,0.0887174935652109,0.0939964927715055,0.0513251660870265,0.100270470542783,0.0873601609869637,0.0895076149549078,0.0933761091508359,0.055858373087363,0.103084674825881,0.087567997306101,0.0930508654493953,0.0980859080502416,0.0524037394264926,0.0987317134270368,0.0861409315843644,0.0880531884597354,0.0928509558572585
gumbel,200,42,1.33333333333333,0.25,27.1712293749293,39.8931268018889,34.5855372398913,31.3881067337217,40.2433055015757,14.5156861846193,20.8441069059015,18.2035876952827,16.6131550131351,21.018594721152,27.1005480866248,40.6853562977242,35.2323237065095,31.2536098762762,40.6402355394326,0.0603051467370097,0.103447490708799,0.091405445180915,0.0797849925738157,0.102730889947345,0.0602269148682743,0.097711660396916,0.088252892213176,0.0696024255642653,0.0940861460770052,0.0678153522406454,0.101420873801003,0.0872791729913917,0.078985604963012,0.102396945698262,0.0659715245111134,0.10056559202814,0.0873155201322019,0.0780603420101141,0.10079671534816,0.0645628977724754,0.101316807814825,0.08735313676067,0.0789131350228612,0.100280931891451,0.0671597914810241,0.104605595338476,0.0892320206191133,0.0833333242982534,0.105202272037984,0.0664187997720947,0.100204841942643,0.0871371038388601,0.0781351875975823,0.100267784441645
gumbel,200,43,1.33333333333333,0.25,20.926598382384,42.7301400414813,38.6584646279735,35.394636643861,34.0696427620503,11.4086740224529,22.2562765067378,20.2308593845814,18.6068152587797,17.948600840593,18.89068338589,42.318469758229,38.5820092080949,34.9972869859273,32.5816265433532,0.0560820923945507,0.102709823767292,0.0848526919111653,0.089325985316586,0.0831300058284835,0.0472995761896219,0.104797772809831,0.0961264962449109,0.0838634812243322,0.0812856190928282,0.0521156552987706,0.102324172708698,0.09093244992176,0.0820786838998792,0.0805666803791219,0.0516313309287365,0.104853744530279,0.0943402958130734,0.0867874173492202,0.0814172609831455,0.0518297024767654,0.104671175226082,0.0935872381104492,0.0861333176042228,0.0823464394027608,0.054722290735037,0.110337403692195,0.100793262948811,0.0920530796886861,0.0828077845539293,0.0522896854297108,0.105992213346226,0.0951891581584517,0.0879125542831399,0.0823633537033413
gumbel,200,44,1.33333333333333,0.25,1.32358410905046,24.8803101530582,29.1400993422842,13.3943126898246,16.1786042474147,1.65593484040568,13.3750171470955,15.4941798658001,7.66129222772336,9.04652462105631,1.13620874727653,24.959014147481,29.8384735051334,13.2667936578985,15.6109293429052,0.00675601943002922,0.065892372694349,0.0770058896358016,0.0364320173245272,0.0437639160555759,0.00658735251466739,0.0640847033616166,0.0734850921537491,0.0355920624706637,0.0425280372464861,0.00551331228896829,0.0625634483332334,0.0721946056204676,0.0336434917273552,0.04215216608907,0.00294348941052398,0.062446810443913,0.0734867639347634,0.0322154597697251,0.0394034799568906,-0.00234616969969738,0.0595032399500441,0.0709085303822011,0.0294915992492715,0.0354362124810791,0.00188958796562855,0.0665511278799743,0.0742467594530375,0.0383747004028491,0.0452235659289839,0.00303384458303394,0.062885456293735,0.0736443235728185,0.0330296846178744,0.0398473611217084
gumbel,200,45,1.33333333333333,0.25,20.1107959091412,39.6805827342592,35.7839111630525,30.3313390665651,32.4237734144172,11.00291038468,20.7388452905403,18.8004303506527,16.0875354385028,17.1293686730898,18.0702428944567,39.3915843987679,35.8168409795861,30.1468658572871,31.0866267798429,0.0519935292099642,0.103870545546023,0.0938899155320012,0.0799700361756271,0.085795303101292,0.0521106612240306,0.0879023566300379,0.0715729382982535,0.0699636859402703,0.0725287026461402,0.0477764977379788,0.100753422958903,0.0901749096315355,0.0776587893625702,0.0804131574734568,0.0504184255990282,0.0986596360635774,0.0887165838720186,0.0757213064851505,0.0788389179919148,0.0452288416104066,0.0945708872747297,0.0864939303139429,0.070052518268554,0.0718744049161792,0.0432175827434238,0.0934861842266397,0.0861860600397451,0.0711048174629449,0.0690554861910651,0.0499011994147129,0.0986579349115866,0.0885682069013613,0.0751072820718234,0.0788123836946863
gumbel,200,46,1.33333333333333,0.25,18.7829669946605,47.3328254506504,47.0974615382938,33.6487076786849,40.3219086967744,10.3415323900045,24.5454323270752,24.4287791416781,17.7375857506237,21.0577630280312,17.8472040872228,47.4518451606363,47.4173225077796,33.5945091260441,39.8466795417444,0.0504518734412896,0.107780770659471,0.0940847133898773,0.0872344199560321,0.0977615387447144,0.0489941473499266,0.116451569194561,0.113424643101923,0.0831436341303826,0.0990919840331377,0.0480035714500044,0.118133468121591,0.11772915382692,0.0833264796125156,0.0992616173608659,0.0484861891223277,0.119571139938537,0.117686895785185,0.0854627970848194,0.101493191456928,0.0489629700040008,0.117807794945721,0.116439364315844,0.0844492000808207,0.100085925701913,0.0519572535381713,0.122968141981022,0.122742382097598,0.0842758465367939,0.104496144372798,0.0479882276834768,0.119279073109153,0.117707523266075,0.0847609278226061,0.101281227811022
gumbel,200,47,1.33333333333333,0.25,41.093991141483,51.0871196185173,40.4770293424114,47.593746150482,54.8416665721848,21.4420075293935,26.4132528945206,21.1351337500884,24.6751829475285,28.2814243503127,38.4472520579689,51.5538890498903,40.9833020912642,47.6267581324231,54.4039272634343,0.1029241826899,0.132655946116466,0.104860958734083,0.123952832156332,0.141859634513055,0.0996403277928911,0.12699059699615,0.0999187952609222,0.122145378526176,0.136594549711531,0.0983175715317327,0.127516696090766,0.100288181778766,0.117973604721443,0.136359236966266,0.102619407857778,0.12739853865254,0.100031193909085,0.11959777526567,0.135992440712636,0.103026465045065,0.128124373477318,0.100172100378211,0.119012486005159,0.138627519881109,0.105351267205669,0.129144900041696,0.0933225755272747,0.12361282906249,0.140371519102885,0.101785497571109,0.127258449361532,0.0997432847298533,0.119243072608938,0.13596335994666
gumbel,200,48,1.33333333333333,0.25,-0.316371860590959,22.852534681535,27.0161260995846,16.9663531343647,14.6032711637323,0.84113955874272,12.3663646014546,14.4377384758882,9.43850304312046,8.26306595369548,-1.3037785282918,22.6463839591761,27.7985961132976,16.755188335636,13.3354943027205,0.0034586024668727,0.0488954477598261,0.058060754976501,0.0259494019573371,0.0233761108949418,-0.00222440557351693,0.0573742211252773,0.0688016685955162,0.0400551581095647,0.0371093793283617,-0.00987725109507938,0.0532045894446232,0.0648949348878483,0.0374374263117623,0.0297827045505952,-0.00166188444731419,0.0588883483558188,0.068731241094188,0.0436233375376512,0.0377028513833082,-0.00305852343398453,0.0582993222493924,0.0685042170658833,0.0423799019109356,0.0357393465664398,0.000792553346700788,0.0615743101372094,0.070743446172663,0.0473573229485438,0.0412296598995125,-0.0045778809685392,0.0568382569993584,0.0676586127080443,0.0407462767448094,0.0342067196498014
gumbel,200,49,1.33333333333333,0.25,13.5754480209335,44.2660898817417,45.8973938204427,26.5876104343985,31.5069022916862,7.75200756669743,23.0200279367463,23.831518574168,14.2254234703268,16.6730039925611,11.649465252578,43.849921825048,46.1852517183704,26.0876514912758,30.0729760123532,0.0327023375524972,0.111648181795972,0.118258010549963,0.0630507303958447,0.0748068917233367,0.0308334416010457,0.111723533970057,0.116549482867911,0.0662343654676808,0.0770328430241864,0.0342280479275098,0.107542272574071,0.111889860427474,0.0609000042714371,0.0742449382062088,0.0292187526671376,0.109041450505546,0.113949523971475,0.0634189239627227,0.074106892497873,0.0304038911751094,0.108253332550353,0.112567045629885,0.0645287910320902,0.0753350268597982,0.0387099500191542,0.111343680491542,0.110349590698186,0.0714347062899854,0.0824665685948012,0.0317342427628375,0.110204851313062,0.114560143054239,0.0652738880561118,0.0768259657400108
gumbel,200,50,1.33333333333333,0.25,7.23796940840979,18.7860887884191,17.9799437322011,10.9315774492509,15.7897563509951,4.59846060688055,10.343369832791,9.94235866570112,6.43604077510132,8.85292397052385,6.46633303300469,18.8168052238097,18.2334281973921,10.8258808011528,15.4052520475408,0.021940745324053,0.0519170714093748,0.0491940423589739,0.0318828490288035,0.0444193615385307,0.0119543642077814,0.0412951343958592,0.0412001975796889,0.0186127987644347,0.0312284862884499,0.0169424258600097,0.0497568015323104,0.0483335283186213,0.0278833478527863,0.0401403530922393,0.0187465080821742,0.0481737607246519,0.0462450467706432,0.0273600408908047,0.0397936237732121,0.0168178319022824,0.0449031825340931,0.0424778579920719,0.0243974361904103,0.0373603750197069,0.000453349477027183,0.0371000917242605,0.0427774089711376,0.0148829225417955,0.023513720853009,0.0183549926644026,0.0477562300719704,0.0455138734466767,0.0278258960021397,0.0399160354481867
gumbel,200,51,1.33333333333333,0.25,22.1423071432489,52.8798472082937,50.1955439551154,47.2967061304036,45.8436360744424,12.0130185467026,27.3053078827719,25.9705336891796,24.5274771520148,23.8053166656061,20.0658823467848,52.4772153291788,50.091720274939,47.2236791103797,44.4810517781141,0.0412165580010859,0.128706861397154,0.129335618198882,0.0952969863310924,0.106313135177498,0.0572540881390592,0.135807872849671,0.126638449058545,0.122818514129489,0.117976578105829,0.0576411411102674,0.132076692309167,0.122425371993006,0.119852675697275,0.113886727438556,0.0561982634327874,0.131996337679196,0.124581971792005,0.118932186043378,0.112932100841519,0.0527567430909393,0.12971794038046,0.12183827486939,0.11717272770681,0.109556747167987,0.0564163861080016,0.135767819268008,0.129989822820149,0.121433031051654,0.117112623226396,0.0561153683912053,0.132803786546644,0.124957029353518,0.119028651034967,0.114051400923322
gumbel,200,52,1.33333333333333,0.25,19.6306370941063,36.7121528848656,31.454045732731,36.7725012581772,35.4459842679761,10.7639341102061,19.2617062459109,16.6460535378513,19.2918862385784,18.6321924369071,17.54702090241,36.7933153205992,32.0394046424055,36.6889194812272,34.5776123714637,0.0405004780647711,0.094360971652268,0.0835083662148417,0.0872412892090503,0.0889181717649219,0.0453423627592581,0.0845537727835236,0.0737493677278021,0.0790038282067203,0.0810510451912887,0.0481857567516222,0.0910420426333123,0.0773967496776505,0.0899752087477001,0.0876693240278994,0.0475992720766713,0.0897070022688395,0.0757748017552582,0.0896168496464758,0.085665007642872,0.0477281419878559,0.0931611081042211,0.0791621061831191,0.0941253578768389,0.089502549270426,0.0540484164727699,0.0938630317781488,0.0816156821172295,0.0837988928971951,0.0912618971658242,0.0483602914548661,0.0910885061472512,0.0774245184928466,0.0908514517346725,0.0870098810029464
gumbel,200,53,1.33333333333333,0.25,4.32010708553926,23.8083288232027,25.0808449902602,18.2701754474509,19.435066674776,3.14701717117515,12.8418649234505,13.4751715572665,10.0869286912403,10.6663009662554,3.4360248260621,23.7859222576296,25.6583913304247,18.2090549073328,18.9537505648243,-0.000764595998297407,0.0641388673080169,0.0676723963540238,0.0497307308419606,0.0491428680326505,-0.00140196016008091,0.0502647047306868,0.0573902552586452,0.0323426347464308,0.0354136325476048,0.00714035257379412,0.0595333462253112,0.0644841963201221,0.0424830292629599,0.0461355933846313,0.0102742311516653,0.0605045697724208,0.0637483009023593,0.0460783071174217,0.0489097075770316,0.00635404319063055,0.0585017440637292,0.0626740014357287,0.0444877849092638,0.046867508309137,0.0147245117425279,0.0645075779672352,0.067408765783108,0.0504520117498461,0.0535781395269412,0.0109408546579795,0.0602760415981325,0.0628320708106885,0.0458927258790646,0.0493406694362313
gumbel,200,54,1.33333333333333,0.25,25.2658192253677,45.7882190171022,41.2668346923488,34.5925502186211,44.2033873835705,13.5672380209474,23.7766529122684,21.5272081274222,18.2073291189854,22.9885736797724,23.4169073885415,46.2076847928981,42.0471558002675,34.4613691981057,43.8588966328842,0.0660018561765024,0.115834675888361,0.104049691149637,0.0882205170288703,0.113148850609919,0.0674751574822757,0.115232403311025,0.103974043582058,0.084374914905715,0.112446143241147,0.064059718934113,0.115886370379003,0.103894743609926,0.0873885495642686,0.112271247461349,0.0617885245467943,0.112703238485239,0.101842375844222,0.0833475256055457,0.108545073384749,0.0634651536617799,0.115883128005742,0.105155012302015,0.0867274073828009,0.110606809801676,0.0680813414166316,0.111733359187048,0.0966139591108658,0.0889821524866356,0.112997292015135,0.0639385823580765,0.115196310901588,0.103888958850921,0.0864793905015936,0.110546472717349
gumbel,200,55,1.33333333333333,0.25,18.7539762559834,40.4869577427856,37.368554873683,30.2638285924909,34.8901212766546,10.327788581078,21.1396394146501,19.5884442198627,16.0537215224809,18.3557355442571,16.6692794772494,40.2901096347331,37.5378502230783,30.225636285304,33.6851840421386,0.0438837591695208,0.104909025331757,0.0978424099608351,0.0792339030061831,0.0921045863742818,0.0483335713032918,0.104893755649853,0.0956773047091557,0.0800359957061102,0.0912453267126209,0.0446460667753274,0.100701893110209,0.0926929043295129,0.0751999259479927,0.0855165318721819,0.0474969301368922,0.103056544823892,0.095027794687337,0.0773218427715631,0.0880281205243595,0.049010433479982,0.102057921276673,0.0937785876334017,0.0763301703595217,0.0871040159190173,0.0502903035130962,0.102846675662315,0.0933075969869629,0.0797008147069354,0.0912909558687017,0.0464648446228005,0.101644655653683,0.0935937610743961,0.0756211995645986,0.086620390865395
gumbel,200,56,1.33333333333333,0.25,10.3666205539408,15.1432455780252,11.6261007063187,16.1446840839212,14.1444036189566,6.15586996414748,8.53162476127556,6.78185171496078,9.02984936022261,8.03524397166636,9.49575705723993,15.2461376292983,11.9870560871072,15.8710967191074,13.5710492305902,-0.085213342090592,-0.0133197177178175,0.00360390286908011,-0.0190038981811477,-0.0627804596642071,0.0253042339562427,0.0374849551791474,0.0279456375150552,0.0417956375516988,0.0323813519696709,0.0249758694868168,0.037715870158986,0.0279759255883678,0.0400029095248803,0.0341917179546405,0.0234248050979976,0.0377805248806753,0.0292799998414091,0.0398369802439084,0.0337032766932568,0.0209698322945119,0.0308989062016216,0.0217068291169894,0.0340563447402633,0.028525504768978,-0.00109741938008588,0.0062621341628374,-0.0227061011205742,0.0199474682556532,0.000911852444876349,0.0225376461591218,0.0361759224122606,0.027398876366961,0.0389248384423795,0.0324092767685017
gumbel,200,57,1.33333333333333,0.25,21.9856562558892,30.1469836980956,25.8850729808774,19.3435255378319,24.6917846090948,11.9356057107223,15.9963112715701,13.876273481315,10.6211085870348,13.2828885597575,22.9767430962791,30.3553313805387,25.496138858782,19.1391681826829,24.7494374382772,0.0590170685102461,0.0785639041169775,0.0627076275015991,0.0516095563419695,0.0664737417868303,0.0495923619298861,0.0708601215481262,0.0621179620242272,0.046369761400018,0.0542543831809925,0.0505812842656862,0.0708240148799738,0.0601942029948052,0.0442035255974451,0.0558480438756645,0.0535069777658941,0.072495128482327,0.0609061590190012,0.0479482222709655,0.0570824033793124,0.0564899540841943,0.0757146284051861,0.0642082799057916,0.0496361504715742,0.0609490773279733,0.0598177869968012,0.0791527437295684,0.0678437328948376,0.048886382839447,0.0666566328252572,0.0546900860200059,0.0746715674572944,0.0635565375950624,0.048513276458631,0.0598153230671093
gumbel,200,58,1.33333333333333,0.25,11.6903776652039,36.1042725139095,35.1777978973759,35.1692719577011,32.4112955325247,6.81375604932938,18.959135018999,18.4984963014579,18.4942226299575,17.1222071736942,10.3647298793189,36.2426142324856,36.0111174004022,35.0883658239979,31.6473214361185,0.0278921773123484,0.09500641061779,0.0926266502673031,0.0877266757117717,0.0824988336999918,0.033054279533132,0.0932148922665215,0.0904697585184175,0.0911910009758213,0.0854316053986676,0.0251396516392528,0.0896858683695197,0.087723287002909,0.0866891349660566,0.0783545575468734,0.0284321779260832,0.0902350450792176,0.0875120926419858,0.0868259882683072,0.0801407884187812,0.031947562676517,0.0921987963856506,0.0889657562794645,0.0910715127314146,0.0830551655727225,0.0290971620109289,0.0920571551358267,0.0904844395686882,0.0906575429671497,0.081778677090771,0.0284937812880151,0.0912654119806713,0.0884926492014124,0.0881361781205092,0.0810383343836503
gumbel,200,59,1.33333333333333,0.25,0.492002998835285,30.0663061553673,36.8171709874171,13.986238647201,16.4058205444514,1.24263721625681,15.9552802833746,19.3138720449811,7.95568069973653,9.16004119763565,-0.15277611930474,29.6494195238635,37.0958236037532,13.9010292107666,14.9745107340505,0.00214137427466825,0.0681188103675961,0.0782047939038069,0.0342782402998759,0.0326527200340871,0.0034138741838454,0.0731238555767709,0.0889220960886525,0.0322226614010922,0.0388672607498288,0.00441540590333844,0.079263146921121,0.0954098589902373,0.0390515094676188,0.0440498018148315,-0.00310589049422941,0.0737050094417598,0.0910750879371229,0.0335554917031525,0.0369347358054622,0.000113558799462554,0.0748660558985443,0.0919947491295107,0.0353950749473737,0.0382625373819414,-0.00784196258372812,0.0800701356969204,0.0905779870459246,0.0375164574765844,0.0394458102160985,0.000747615687081251,0.0758612336928288,0.0928656275937047,0.0350120423636508,0.0395779549340957
gumbel,200,60,1.33333333333333,0.25,15.9176808159602,46.3670839605266,45.9753587611725,33.2668572921999,36.74574542517,8.91724619936979,24.064992661078,23.8701639604625,17.5478772044883,19.2789036212448,13.5929532035327,45.9739186760445,46.2366478685477,33.1058459757747,35.1857389113309,0.0424631755315298,0.111603921658682,0.111757407433604,0.0773096887948545,0.0857183232962462,0.0278341060394573,0.107022574884712,0.107346529739268,0.0712143011676367,0.0809119364639347,0.0393341033402174,0.117749497424168,0.11690309627891,0.084511098505243,0.0931051601210126,0.037666064315848,0.116480737741887,0.11574655240843,0.0827076158923061,0.0911328190898977,0.0391181335404579,0.118043861827797,0.117896343407181,0.0841136436623013,0.0921999750221221,0.0437084758954643,0.113841761041464,0.108069723049687,0.0870738850927254,0.0942713426680828,0.0390849195243293,0.115765225739796,0.114782798585369,0.0826942015065434,0.0908339992966386
gumbel,200,61,1.33333333333333,0.25,29.2502398450784,27.9305714170526,18.4806209171163,31.4945775219015,31.7246653000504,15.5493760659117,14.8933586958551,10.1923034317223,16.6662231028924,16.7813147092069,27.6578736165541,28.2236211771888,18.7258558567908,31.3846683829046,31.4421980751698,0.0633822399215849,0.0562156189316646,0.0392809429515026,0.0554607401956786,0.0517383657354266,0.0738251154129601,0.0710581998598445,0.0458339004731684,0.0800034196902996,0.0775839820976089,0.0731279894544979,0.0681090259871369,0.043691173663177,0.078349026928905,0.0780489798015043,0.073450547005386,0.0680534544928926,0.043773845944952,0.0770954450766158,0.0772630309481129,0.0757112370371567,0.0659785291375936,0.0409416512838616,0.0764612968693449,0.0754210195992985,0.0618030529349089,0.0589901324408189,0.0366045630787671,0.0718530673151485,0.0666195444547056,0.0732374451923993,0.0684226200450306,0.0440359858975207,0.0782407324031911,0.0770197295232683
gumbel,200,62,1.33333333333333,0.25,10.4839806305843,41.9159724257081,45.0081939673582,24.9774301145373,29.1142589143145,6.21303021005517,21.850870087656,23.3895328649205,13.424129205661,15.4823338029388,9.54784846945233,41.4557378909458,44.9671065898283,24.6194877756306,28.1451202723397,0.0159045206050903,0.101689107131458,0.113411563270912,0.0561967972599476,0.0604526583937524,0.0279830899416077,0.103492838044899,0.108179364033203,0.0640088566798927,0.07382065611431,0.0287367833179174,0.106824176314491,0.114102657529894,0.0647712601682709,0.0741619775696398,0.0254549386324532,0.105232748637533,0.113303488949094,0.062257296261017,0.0722325929856657,0.0256350137258488,0.102158433193067,0.109547437397963,0.0590980728882737,0.0694479128675494,-0.026746985062127,0.0873985163999816,0.113180613082939,0.0168662166884618,0.0203860357390582,0.0265887184614213,0.104257686616019,0.111623505901992,0.0614159253682455,0.0715655211566401
gumbel,200,63,1.33333333333333,0.25,5.63831677628415,37.3780378682826,42.2567369947192,20.0913434106479,25.0813683907911,3.80235692120394,19.5927924027496,22.0199854342261,10.9930216226498,13.4757059753753,5.01310529456793,37.1592146972894,42.6687120306146,19.936760923552,24.1614555166854,0.015206843517953,0.0873423528827597,0.095430025748803,0.0497179319370563,0.0634890334568377,0.0131666097549587,0.091043510625425,0.103527542367402,0.0460557942735344,0.0593962369312158,0.0117217720585669,0.0945766569048251,0.107082959831676,0.0505155582112007,0.0622989212907459,0.0143506061965665,0.0963168929654858,0.108302480882239,0.052458789939349,0.0641250824708069,0.0149832207804751,0.0946220604000336,0.106244519305744,0.0507566751778322,0.0637156987800524,0.00881881162106418,0.0824782399084692,0.0988032704533278,0.0401496867966258,0.0507997070214262,0.0139164705164223,0.0938627198082489,0.106136850789133,0.0497262522477641,0.062092494444882
gumbel,200,64,1.33333333333333,0.25,11.6349031467985,44.3674711625092,47.1988213512164,28.429668055381,33.6527972690203,6.78546607601118,23.0702181014575,24.479172108785,15.1413260339048,17.7397668272762,10.6806308213308,44.0295171846407,47.2980404746455,28.266893670715,32.7854927705584,0.0316198117865709,0.106085209061368,0.111580499322114,0.0596408009522567,0.0793660196116334,0.0263108989978176,0.10951198876109,0.117971303102081,0.0715309654393011,0.0814160199502783,0.0301417541792432,0.109493516363915,0.115111286055178,0.0698495391614802,0.0831213673273394,0.0278140008110885,0.111218220902239,0.118345299393613,0.0702380466696986,0.08292640401691,0.0310751255069126,0.108701200188133,0.112505602534303,0.0703488904308217,0.0841761418968649,0.0278533021755229,0.096625927346514,0.0940808454857098,0.0720951360481556,0.0791690804906548,0.0286273170838305,0.11063888674085,0.117710887699518,0.0698111071501436,0.0829018226120243
gumbel,200,65,1.33333333333333,0.25,5.52913444319703,30.1425518885702,32.7587461917144,17.4870218170824,21.3572808377731,3.74811633954327,15.9931659531326,17.2947578392341,9.69741895328814,11.6229790958871,4.99856305634091,30.0688955011303,33.151399916963,17.3289427056765,20.6851645907577,0.0120224780083738,0.0743498401145007,0.0841041523139813,0.0299489171508425,0.0535265213169007,0.0185974309168997,0.078538354833888,0.084406027384897,0.0458008210446696,0.0570677146898225,0.0162824296792244,0.0767606862316367,0.0819359319909151,0.0454351140850447,0.0560571656546845,0.0126173197923078,0.0758075771500192,0.0831237161678137,0.0426931702322028,0.0517627778953589,0.00954501546367899,0.0742363461580978,0.0816796028851309,0.0412894545898671,0.0482854045196946,0.0142034971105661,0.0779313987450273,0.0859164841031392,0.0447673631726254,0.0552919553536338,0.0136194577305833,0.0755574856185905,0.082201729214002,0.0429700762844054,0.0527447691346931
gumbel,200,66,1.33333333333333,0.25,28.8808785659599,55.085753230773,48.7475675573638,54.3110337592636,50.9104518863062,15.3667951371177,28.4027571241716,25.2497861937962,28.0174786264182,26.3262617160915,25.1494818721015,54.8664498157454,49.4214832396553,54.0718176006602,48.9375343937604,0.0336777386948886,0.107652257497171,0.100669603386363,0.103725929208371,0.0831492781667274,0.0668873495407724,0.134096202753169,0.114712967528568,0.134377865911476,0.123634609684653,0.0701154970539907,0.137548304958223,0.120621215889407,0.133288521125999,0.124972840040656,0.0708969446073435,0.13670444805098,0.12020985365498,0.134440199791677,0.125606723185982,0.0674861114752207,0.136503265997825,0.121274220514982,0.134069389134955,0.122626854260357,0.0754486426624875,0.140786727767066,0.12612879090851,0.134717057128901,0.129883143238046,0.0695511548935851,0.136865866625163,0.120819128116543,0.133903646266696,0.124265979511604
gumbel,200,67,1.33333333333333,0.25,41.5670806671881,71.8719369058827,62.5011296592743,67.6840523791903,66.6941350745972,21.6780986057165,36.754123700891,32.0927689798893,34.6705119831351,34.1782976859635,37.0062194646987,71.2205018997269,62.3919734382174,67.496055362205,64.5973833558102,0.108821337504608,0.179458211762356,0.156467164066417,0.167853268543281,0.163229085404745,0.100315419353431,0.179868044807578,0.15363819366653,0.171633263983725,0.166560394529594,0.0923439274370836,0.1719386787721,0.145655255155777,0.164065693636282,0.161058122628065,0.10340536654125,0.179811408423058,0.154449445727645,0.169158159603322,0.167002448792388,0.103914538954974,0.178696186361657,0.153740474515539,0.167617054636592,0.166932098069468,0.0878103504203525,0.184208345062497,0.161188491200224,0.173845367025694,0.165978032696847,0.102141868798078,0.178210922468126,0.153642548694359,0.167968801536558,0.165441428593993
gumbel,200,68,1.33333333333333,0.25,15.0979782668579,39.0309852065894,37.5504840424506,31.8167746157574,33.5766415856453,8.50997095237154,20.4152851815001,19.6788619773357,16.8263888453343,17.7020842852302,12.6150905240738,38.8629638840644,38.1411551652312,31.6821536537736,32.3576163755588,0.026188306195706,0.0807793736952721,0.0779062433452932,0.0566689528778005,0.0623268328180682,0.033299342378047,0.0993634696597966,0.0952899073674021,0.0809069848408494,0.0844105323332815,0.0322653229672946,0.0929193561192294,0.0846338286536466,0.0775686788333271,0.0819718486397352,0.0365548730321133,0.097911994592478,0.0938330942571287,0.0792555504555546,0.0840114446350268,0.0350290936994638,0.0973314748553597,0.0933922630357926,0.0796702704410098,0.0830453732899111,0.0375810444599744,0.0899900097416426,0.0846307343599691,0.0762638543408942,0.0812764397175713,0.0354232231222999,0.0974990215177085,0.0936121556669255,0.0790784272181436,0.0832232455454091
gumbel,200,69,1.33333333333333,0.25,11.5652448013694,22.1158223109708,18.4862488873746,22.3614815303492,19.064509190721,6.75228939456949,12.0003874190858,10.1946280276698,12.122786896453,10.4831962262963,9.43218573803708,21.9406649519518,18.8335141882384,22.031678396177,17.7463607910169,0.0326709535470652,0.0572710840619318,0.0475767403269449,0.0576746091740557,0.0454788758574758,0.03215445308166,0.054281864715565,0.0434438258030848,0.0577906079560137,0.0478137695543277,0.0300864604666439,0.0556682073117749,0.0465105801457772,0.0556377328219279,0.0494784179352037,0.0283161989941252,0.0545157120446181,0.0454127937761475,0.0554868834960763,0.0457258107967804,0.0285354636057064,0.0537670929498539,0.0433881904715912,0.0545915799192179,0.0470865486524839,0.0140213675281628,0.0437587035037741,0.0408533755098989,0.0336101467805963,0.0247197789739853,0.0272534333194661,0.0544178520981097,0.0453158422510231,0.055289427763356,0.0458568961051082
gumbel,200,70,1.33333333333333,0.25,15.8484393063287,33.0857135584237,29.9467001584592,26.3553474880044,29.4598153823336,8.88282627839559,17.4574933418126,15.8958887997593,14.1092976478775,15.6541172025388,13.8282826334773,33.1172441145744,30.3835404134901,26.2997363269672,28.5283862524762,0.0434555057127704,0.0853745889960525,0.071296308821723,0.0704357120126562,0.0781234013244034,0.0396910858533112,0.0823467983298488,0.0720675632101964,0.0645392331284984,0.0751965722398048,0.0332882337585326,0.0795666480636269,0.0723114309112699,0.0649262645093655,0.0681893516876858,0.0383207832849736,0.082981432564829,0.0753061998231036,0.0650860392124192,0.0728885113495936,0.0355262145647421,0.0829599629631362,0.0754316617766349,0.0646858135283644,0.0723781981897292,0.0108854311975622,0.0841799277663384,0.0795338770662365,0.0644691037424476,0.0620810408472823,0.0387773507347738,0.0832827984786806,0.0755045840030839,0.0663091665820442,0.0733436939423524
gumbel,200,71,1.33333333333333,0.25,25.0836489968207,42.3442463151863,36.4001306676555,38.9636110090138,40.0988418491845,13.4769984701337,22.0638368146907,19.1066891918917,20.3823769997149,20.9472181894434,22.9998572847778,42.5219593740624,37.0946075842442,38.5589809975563,39.3376833933505,0.0395901102043536,0.0960739382163824,0.0892748544495734,0.0673626875177908,0.0659767144473095,0.066104561490518,0.10783005654828,0.0927764362778025,0.0979997420728443,0.102513757847355,0.0637514704287153,0.104811594698796,0.0896399319087092,0.0968515478625903,0.0992385860691982,0.059426066809027,0.106299564962091,0.0913481104624247,0.0968472928659695,0.0994765990647081,0.0620441429934177,0.105043581431699,0.0893195777749057,0.0958524963663835,0.098308624244015,0.0226112628294362,0.0730662483766183,0.0657849715290953,0.0447476983476552,0.0621090566397597,0.0615039513591962,0.105645720546639,0.0904785197353513,0.096203005113637,0.0988294352011211
gumbel,200,72,1.33333333333333,0.25,13.3982491050197,37.7231005510141,36.1790034619482,28.4283590142342,30.3581395557486,7.66290262083815,19.7646719643022,18.9965678312622,15.1409013974196,16.1010451498294,12.1255240645203,37.5124966606186,36.4963480200933,28.1602115270455,29.4276268938324,0.0370930882537368,0.0986214944200692,0.0939865812798967,0.0756295223388965,0.0797363026535944,0.0366154364467746,0.097921897295972,0.092908452347127,0.0741737289586842,0.0801875862549136,0.0320936245568767,0.0948776806429812,0.0907450166739488,0.070964400098238,0.0759536725329913,0.0358200603736037,0.0964377488428888,0.0920227205803421,0.0725091417941536,0.0768870155712697,0.0334287194865348,0.0937458871169081,0.0893988563557014,0.0695817162110527,0.0755604973646666,0.0384825271883808,0.0971772555757136,0.0897069352281101,0.0756087279734179,0.0790768567804496,0.0337898385170967,0.0933502288257567,0.0893977147095615,0.0693597503412111,0.0741872501445171
gumbel,200,73,1.33333333333333,0.25,7.16378515563544,15.8253555273957,13.3865084544015,14.4550176577897,14.2902143784165,4.56153192308825,8.87068476517853,7.65759310364391,8.18896928577473,8.10703049218522,6.32802753886244,15.7551301557219,13.4850556227743,14.3852250207308,13.9693610083814,0.0175934697977904,0.0445439763787887,0.0381286222305814,0.0402693054357015,0.0400396819344066,0.0197028356020676,0.035458679988237,0.0257718814981352,0.0364107989152455,0.034628988554878,0.0213411776243351,0.0423125157045482,0.0355559371280348,0.0385291488301792,0.0387278570196986,0.0186135455717524,0.0399296140457481,0.033059933154057,0.0365333565334151,0.0369977920292487,0.0125714746672155,0.0353016379742598,0.030119972240916,0.0293648596572886,0.0305215448769088,0.020118107823859,0.0445603621505726,0.0376879053118947,0.0396103139827845,0.0403893528852159,0.0181867513180857,0.0403756830120069,0.0339256825172948,0.0365280660762376,0.0362684507787191
gumbel,200,74,1.33333333333333,0.25,21.8742758305874,44.6072094215829,40.8477312366054,37.0317534203705,37.4520219279814,11.8807483446056,23.1898252147085,21.3194632070645,19.4212815821962,19.6308800889203,20.0039783731346,44.6039160557275,41.2481843877244,36.6236965619903,36.4362606294009,0.0518726634011579,0.107842697793525,0.101906745264123,0.0849214020732111,0.0817324022401432,0.0588159042778854,0.112579103152998,0.102346116525583,0.093941622707882,0.0941055947191332,0.0524430095173258,0.11027774075773,0.101889973139513,0.0913656729010835,0.0911565672451618,0.051229260074026,0.109176876062043,0.0996732283553978,0.0895833574917943,0.0889955540541156,0.0534689939832058,0.111331188326455,0.1023556943753,0.0912688825638581,0.0922501730161768,0.028648546722151,0.0558990971034983,0.0543066181260898,0.0319290327982211,0.0395946769094471,0.0538634649573534,0.111402452304197,0.101848017650902,0.0919364067382362,0.0921177427924549
gumbel,200,75,1.33333333333333,0.25,22.5796444536779,39.1132796261391,33.4065313074167,39.3589947219172,42.3819523183441,12.2306903900927,20.4558578003521,17.6172170615563,20.5780962301561,22.08214665963,20.4956420885273,39.4305676451885,34.122382580301,39.6239736887125,41.7279798985368,0.0614403848221292,0.0968735275844571,0.074969866172683,0.100596419409565,0.108306797132232,0.0554458062419251,0.100785567248508,0.0854109275602833,0.0995590873801482,0.107330486321472,0.0508528002886667,0.0966804250381674,0.082065588751439,0.0957834197811394,0.101985491999565,0.0561762163056382,0.0994423871564391,0.0839599267137892,0.0994388430620239,0.107439816229817,0.0591408491290991,0.0994779472811856,0.0842766702228948,0.0995977373421111,0.107764424448831,0.0593495027314432,0.0991112946770491,0.0861921030493954,0.0996186028006625,0.105951948865467,0.0568906059629613,0.0992595553063732,0.0840499264899263,0.0999219153706993,0.107164131430038
gumbel,200,76,1.33333333333333,0.25,3.62085150579279,13.6365612875519,12.3922112441857,10.9127711221597,10.7804643263313,2.7992144867709,7.78152531355401,7.16248924665075,6.42658294941711,6.36125533908395,2.70354902461523,13.5989499619999,12.6863456934937,10.9299801125526,9.94410879952903,0.012836306686463,0.0338132329709068,0.0271586489826416,0.0322497789577808,0.0274017916428474,0.00850469622252593,0.0302326079237554,0.0263554222155219,0.0240227303228713,0.0221267671129717,0.00748776662912311,0.0339008665580082,0.0311911813946514,0.0253530680560598,0.0249249196806356,0.00897470914596434,0.0335189410630267,0.0308160022479912,0.0264472215911846,0.0248131806973913,0.00862160961356062,0.0356809138818276,0.0326811576042846,0.0285430274765368,0.0278721493626449,0.00890196031805534,0.0302338313877061,0.0277993825746186,0.0229683364406127,0.0161798355395082,0.00866242734345173,0.034879883321768,0.0316223933227052,0.0277472123989048,0.0263859807372051
gumbel,200,77,1.33333333333333,0.25,28.2999773719422,52.5994746833009,45.5939100365393,54.5863784560064,48.7726631738176,15.0773510601606,27.1659385961346,23.6810658051492,28.1544300934303,25.26288518654,25.0402926097025,52.3589273472235,46.0296910102513,54.3724809446636,46.9391936621467,0.0539227214763279,0.120677955484375,0.111067899752815,0.118204138611477,0.096910421872418,0.0692697227137275,0.112870652018376,0.0886189490805034,0.124335713857622,0.109221067133855,0.0690891049672854,0.127945098543547,0.110361464237016,0.132114579299398,0.116678063461401,0.0683047391655142,0.131778137886301,0.114185944836487,0.135883916266026,0.119610419602178,0.0713556429016809,0.130270602930347,0.110928852992832,0.135392299851855,0.121316640208569,0.0356114247424637,0.124502878391867,0.116129615815503,0.111217293237053,0.11019297888269,0.0697331987485307,0.131025693248767,0.112852693317297,0.135873191609699,0.119947048570243
gumbel,200,78,1.33333333333333,0.25,11.3244643130249,21.3597015131287,18.5582720137995,19.1497254675626,21.142264980749,6.63178609048367,11.6237278581731,10.2300202664129,10.5245189079589,11.5160742355165,10.6625767029197,21.7776722331258,19.2451751715626,19.088633524946,20.8883974798638,0.0265200966947465,0.0576903966056116,0.05139553103029,0.0512562761598153,0.0543279668461659,0.0191289226260484,0.0475846667862379,0.0420499442994852,0.0474732248474994,0.0472740339481027,0.0181512552761594,0.0536457637094529,0.0483105498813599,0.0456973717263031,0.048015544674157,0.0272242939699372,0.0529033986506887,0.0459271138416324,0.0472827709402936,0.0516863472977326,0.0269087994162819,0.0553390352379253,0.0481172155456949,0.0489231599215714,0.0530624607403905,0.0314638455120974,0.0490307763745453,0.0310587585266528,0.051935356003101,0.0559487652544595,0.0280066711415909,0.0539675788154325,0.046873337238055,0.0480625122778213,0.052667660039484
gumbel,200,79,1.33333333333333,0.25,17.0962316280619,36.0892489470228,34.2501124112921,22.2508484904467,30.3055645820433,9.50358597061999,18.9518178233293,18.0368079065001,12.0675698517738,16.0747359032263,15.1650895568137,36.0478099120247,34.6614633326265,21.9727269793911,29.4788701440008,0.0135267273268202,0.0904959541912704,0.0901992060899083,0.0478159349949805,0.0608893190649006,0.0390558298865003,0.0916223682229919,0.0879426397525552,0.054822031988533,0.0754419466500816,0.0405196243297127,0.0914121635348905,0.0859037745301241,0.0560116893647064,0.0756015029910845,0.0446340482441286,0.0916606864905993,0.086328926307579,0.0565399080221522,0.0770019285935135,0.041461064581623,0.0928918504230788,0.0874731063667817,0.0570746383374275,0.0768148356146647,0.0469512848174227,0.083746456163173,0.0696860634051631,0.0561219138018176,0.0759610391544129,0.0401833564908282,0.0898698397613533,0.0857111834863144,0.0541408574291533,0.0741642168807923
gumbel,200,80,1.33333333333333,0.25,20.039522863811,26.0670841779399,19.3582919674406,30.9642485094665,30.323010084501,10.9674071097306,13.9655310900626,10.6279028779892,16.4021840599693,16.0836856734851,18.2918557960497,26.6420850974463,20.3722084205589,30.9723159558929,29.7156017190175,0.00150700085725175,0.0389518457248581,0.0362652041624482,0.0386193485075817,0.0072032693552684,0.0536328907551152,0.0659385483820241,0.047215145355583,0.0786902731573878,0.075486255640487,0.0513987004296628,0.063444069664311,0.0460128076143639,0.0774862306968332,0.0717002670779607,0.0476446760760001,0.0662452479085568,0.0500397004437941,0.0772287218306248,0.0739840874574621,0.0500069255655992,0.0652664817181342,0.0483828942568382,0.0777126301737083,0.0751960361151447,0.0456861457660746,0.0606805124038063,0.043034022364834,0.0705352940830912,0.0637491855675329,0.0501909461881892,0.0653005237552509,0.0480766356732629,0.0775521248020344,0.0747397478277475
gumbel,200,81,1.33333333333333,0.25,13.633396020993,38.4185475106679,38.7346446990116,21.2905597428196,24.4582704921037,7.78083989108468,20.1113135233665,20.2685250024814,11.5900710772245,13.1671588998209,12.2799178213135,37.9534466367477,38.5498388752666,20.8588128674754,22.7975807317973,0.0312205452092286,0.0834518989280174,0.0865006911644031,0.0432944090595702,0.0440908019255398,0.0370207570414286,0.0977083238689047,0.098788131093918,0.054247456486321,0.0621489562549494,0.0323236611660067,0.0959554417069414,0.0981347142489007,0.0531107542069131,0.0592121131489466,0.032589001901954,0.0960952389248594,0.0968794654047616,0.0525044440157774,0.0590369721826299,0.031612901366309,0.0961481656405516,0.0974077292787278,0.0527825533829481,0.0589003357152513,0.0382483747292476,0.100421708409238,0.0980512280771338,0.0582167855979791,0.0656071087515174,0.0324438016738965,0.0948714473117036,0.0960816203241908,0.05196808912271,0.0575807914595285
gumbel,200,82,1.33333333333333,0.25,19.411120485859,35.6154304007453,31.5290639101877,26.6551971552515,30.5785597538098,10.6557272393438,18.7162883614277,16.683411009344,14.258616615463,16.2108428609123,16.6056886806564,35.3065998297791,31.6339342183253,26.4990922415832,29.20016694517,0.0511173062668553,0.0940049461168521,0.0838192738764474,0.0712526200364191,0.0792541719045776,0.0465485389500292,0.0907304340930079,0.0807590618787962,0.067458159222019,0.0758634561607764,0.0487984999052249,0.0901707532447783,0.0782034750066461,0.0683499701627909,0.0777476416401192,0.0465662189751446,0.0885121172645716,0.0778645616199243,0.0659791017499348,0.0754154375293915,0.0462106487333274,0.0898543645968275,0.0796535005548955,0.0671255716156867,0.0765013476670007,0.0197415938769486,0.0176825143477071,-0.00229705831825116,0.00952719943974248,-0.00294508693379744,0.0460496238313858,0.0886293181711393,0.078138328606385,0.0663753402898523,0.0753914890581632
gumbel,200,83,1.33333333333333,0.25,10.0062943917758,37.9202896219989,39.5386037953378,24.4303726658313,27.9407260421055,5.97526475728798,19.8628353384214,20.668188674773,13.151790704003,14.8982526329443,9.23021194474333,37.6592449073114,39.7035202246433,24.2313356727696,27.2035824182436,0.0129462932624364,0.0968282198381026,0.103245666201663,0.0580663122714635,0.0711057399763729,0.0253746183978599,0.0880795572040432,0.0907101655980311,0.0549931793834375,0.0638110681003484,0.0240439942069234,0.0898628285756926,0.0930879216877713,0.0554738651323237,0.0639905371663093,0.0251548618370093,0.0935372473480096,0.0969301007439527,0.0594151032268613,0.0679211946261423,0.0250319192431496,0.095576426786418,0.10020190424524,0.0599301477527296,0.0705831050285515,0.0268829921597878,0.0794616268046774,0.0837834310530463,0.0389838668044762,0.0566574137647753,0.0261951801709214,0.0952831673945259,0.0986130350233225,0.0610867329881113,0.0697453030492316
gumbel,200,84,1.33333333333333,0.25,21.0914203389529,50.0989303500838,48.4477165134004,39.1181252798136,44.7515403221113,11.4901884416134,25.9215020430238,25.1004193000406,20.4587140417266,23.261234829587,19.4221721262904,50.103836657029,48.8883820585227,39.0267730807411,44.1078618338576,0.0577058045675002,0.127334224004003,0.121624105421086,0.102012354489734,0.115969012814987,0.0418744060427814,0.116074012974011,0.112071092939799,0.0891669128468184,0.0985442139152212,0.0533598866094833,0.127018262218121,0.123149212645874,0.0988808769407908,0.112486174944088,0.0532528467587498,0.125812084761992,0.121561983150979,0.0968313075093647,0.112039962418527,0.0528808967830285,0.12574204006295,0.121593728241663,0.0970720491223536,0.11163442422656,0.0537900034043008,0.128815330871077,0.12582770825421,0.0986533423501063,0.114527016630977,0.0534641887078815,0.126272311244357,0.121050173670425,0.0988391255498084,0.112993186578991
gumbel,200,85,1.33333333333333,0.25,21.1374792293412,34.6268124134463,30.0087040340877,30.0171482447442,30.2568887114893,11.5145217469498,18.2246796183556,15.9273463338389,15.9311231108362,16.0517906042833,18.7840854045715,34.582260779741,30.3417530694289,29.890569669348,28.5732328054885,0.0576383404604676,0.0882852081205549,0.0740878379337542,0.0800401855745014,0.0797850370369929,0.0528973808739911,0.085822933988444,0.0738071561492192,0.0768817204635833,0.0729643042198868,0.0512538607410698,0.0884498263455566,0.0759203046771303,0.0767449547878803,0.0747995392122877,0.0474216450022468,0.081096091216389,0.0698956984328898,0.070584302840142,0.067185217583798,0.0496226072427656,0.0871194661276673,0.0754099085802024,0.0763557411734548,0.0736820136979311,0.0480014760516418,0.0915096575672132,0.0791504410036568,0.0766035459951319,0.0764088465322362,0.0508321650429441,0.0863955282148819,0.074625574935893,0.0753451288889975,0.0730915162806946
gumbel,200,86,1.33333333333333,0.25,16.8555965373747,52.8557206696978,53.91184334922,38.025873916211,39.8095378867054,9.38395124023556,27.2933482338496,27.8188264178663,19.9157496598881,20.8034877593937,14.4417743016577,52.261220820529,54.0991697703332,37.5649369267502,38.0036167741328,0.037005002595008,0.109807526721366,0.101940070391029,0.086289124518817,0.0883073930971697,0.0423602819103718,0.132550874240281,0.134321981137642,0.0958772571107503,0.0989327190783838,0.0388775009873576,0.128181403406445,0.130060232050256,0.0942065310333592,0.0915396335254127,0.0399698163912381,0.132961084280543,0.135431113523943,0.0948754154340346,0.098562284120112,0.0417094932150873,0.130363098756252,0.132537844939107,0.0932242225343222,0.0964597040763133,0.0427322083862085,0.121792703959916,0.125303551579795,0.0793623642104286,0.0815640439164054,0.0408612955529357,0.131600045817029,0.133837850127348,0.0943689822416043,0.0983731419096727
gumbel,200,87,1.33333333333333,0.25,14.7055410505186,43.1971890505125,44.7043084396655,21.9042440807388,31.4630972256718,8.31347876925978,22.488031044369,23.2376490833839,11.8952554461573,16.6507384932808,14.4467579055304,43.3079398572553,45.0034610413616,21.5359686272261,31.2153645422602,0.0342056158350815,0.104800434686471,0.108784788368838,0.0568426507017372,0.0744650599996691,0.0366059294815426,0.107987938411454,0.11363760666484,0.0530237335598578,0.0795210613758273,0.0373624698104848,0.107841999084471,0.111091935650694,0.0536191874321744,0.0786522329386336,0.0365853463264441,0.107738131349063,0.111953291976861,0.0535948941869459,0.0773584791156262,0.0370512313870968,0.108452864645085,0.112553068757481,0.0537120309440837,0.078996114552979,0.0338908957008077,0.111532729274419,0.116664312394434,0.054938491435426,0.0781701136484524,0.0361896441332625,0.107820926582731,0.112021759540588,0.0535024817526428,0.0774828825921568
gumbel,200,88,1.33333333333333,0.25,13.3504387918082,37.4699724179755,37.7724429491891,25.3823069901535,30.409272081893,7.6399049814752,19.6386912467443,19.7892050692091,13.6253186132855,16.1263382491066,12.8870117437301,37.7168835374778,38.2356154461012,25.2102941032668,30.2146967524293,0.038260248371221,0.0924268911282624,0.0911595113617285,0.0598832878802562,0.0785616638874576,0.0368571158069076,0.0965381833286444,0.0951171758785535,0.0677987186380558,0.0790513136317506,0.0350713488991966,0.0953297329382079,0.0943434090378969,0.0654813905739238,0.0782544064144757,0.0307340657525107,0.0931561479764549,0.093977741594227,0.0617691235740679,0.0734406143787829,0.0359016651629563,0.0962233959547171,0.0967120807598044,0.0657818092406776,0.0786872533179426,0.037900770076754,0.0952162866353357,0.0934456472533199,0.0683911163212677,0.0799419987259353,0.0328259768942984,0.0943653712325599,0.0948397256456394,0.0639100384565928,0.0762146704619272
gumbel,200,89,1.33333333333333,0.25,42.07763878863,48.7561879951511,37.3316010500565,46.9066668834587,51.8194223904478,21.9318050749408,25.2536553257979,19.5699524903647,24.3336998553325,26.7783952921376,39.4210546461312,49.2648498312428,37.9049640060799,46.7370169809346,50.9902914018522,0.105790025334918,0.121912266996603,0.0934422853913783,0.118752051398818,0.122615677051099,0.101540599627595,0.121315879486008,0.0953359151246927,0.112127189460503,0.124983055989153,0.103195526075173,0.117485435524984,0.0895535192521225,0.110615410107669,0.121871848473026,0.102617012730274,0.121845478676044,0.093130818373517,0.116817753607728,0.12846024247778,0.0988498852969118,0.120396091265293,0.0916446238440166,0.115067706714142,0.126923422951776,0.0984196067522481,0.113238629389231,0.0842144268610882,0.115163116123253,0.120178533317588,0.104877933823225,0.122413358703156,0.0935408659141812,0.117955002642561,0.129000616848493
gumbel,200,90,1.33333333333333,0.25,19.6518737691561,41.7369011056448,38.9046148345431,30.3181932308755,38.3313512687779,10.7737051953529,21.7611934320772,20.3522362754665,16.0806993613693,20.0671585339694,18.7543738031267,42.0193499960252,39.331598066654,30.2860600023841,38.1984186996131,0.0537654735699341,0.109241956338434,0.100821627047169,0.0788505909525725,0.100827618008017,0.0527782886187024,0.105138584488267,0.0975063472130539,0.0750954190253214,0.0975721547592671,0.0511274777538643,0.105078494451632,0.0975727323472187,0.0765201418145474,0.0963094459879932,0.0491727455831725,0.104534000955198,0.0966053774631363,0.0758862428601301,0.0962680187886166,0.0510633692967137,0.104640198928419,0.09634810082223,0.0762120126521568,0.0964303674770578,0.0386872050801495,0.102614650194318,0.100215574633471,0.0721293149368519,0.0894073873168029,0.049981274359229,0.105131117700306,0.0980261563356005,0.0760886469337897,0.0960686188678882
gumbel,200,91,1.33333333333333,0.25,11.4222708889807,21.9497487437749,19.0025997995791,20.0025463735754,20.7413526049595,6.68029200338677,11.9175199342442,10.4515249642355,10.9488588993838,11.3166420380699,10.2300193467112,22.0388526033674,19.4609477569519,19.8987650897238,20.1414338928765,0.0334238048716796,0.0557867398433526,0.0425425150586538,0.0549864134426678,0.0563470725191478,0.0293618305252868,0.0543351776253173,0.0474754402269792,0.047963624689314,0.0504387817112328,0.0298481345944996,0.0584798312104816,0.0507114243900047,0.0535576093158888,0.0548551450185137,0.0285104435408995,0.0539085274373451,0.0455377567207976,0.0494243313939311,0.0515917746447734,0.0269741320885868,0.057066088586193,0.0503893612502316,0.048677912692306,0.0517817861956213,0.00943833722117081,0.0537186102762587,0.0517191844343766,0.0322272130947094,0.0379667335019455,0.0277676669395384,0.0543303934483066,0.0463962966775846,0.0494524696472634,0.0510154455574303
gumbel,200,92,1.33333333333333,0.25,15.9547105950398,38.989910125916,36.8032710652794,28.6680312645704,34.2182399845027,8.93495867856667,20.3946165835699,19.3070672153331,15.2594835925458,18.0209133742209,14.1399933871113,38.8537680882307,37.0858111743243,28.8692199643373,33.1642117816233,0.038908607075769,0.101793962294434,0.0970062890203513,0.0733308989232011,0.0881341304015298,0.0358008074655977,0.101408520095608,0.0949108157240626,0.075406142534936,0.0873252156453099,0.039756321631651,0.0995514655380087,0.0939424872126613,0.0734245209547341,0.0867352969184819,0.0399235516468383,0.0989764879843556,0.0929411273647455,0.0729327475884634,0.0862571816042469,0.0413103271582995,0.0983512769115589,0.0919133426593647,0.0728636564629363,0.0866618223737468,0.0404585581818489,0.10215493953235,0.0969955847555318,0.0763366843811494,0.0883623526901439,0.0405164018537654,0.0983963560568386,0.0921861989354633,0.0726813795495779,0.0861072671769862
gumbel,200,93,1.33333333333333,0.25,17.86563494792,31.7354279326597,27.7576036751194,22.9715469194165,25.8469833397912,9.8857224416991,16.7863611026232,14.8075035055016,12.4264055942534,13.8571435364153,16.5852242443167,31.487654090159,27.6520303501642,22.5417216961342,25.2371638965468,0.033125989268554,0.0646858275209502,0.061375059798023,0.0354900742473761,0.0484414410508192,0.0432168719955059,0.0749972272431484,0.064748083737199,0.0512685685112392,0.05863225972407,0.0451683671072465,0.0720091149019186,0.060266863174185,0.0524180131491432,0.0578807039293704,0.0447608983191569,0.0765633217725136,0.0653932817402989,0.0545964963195054,0.0619076200699076,0.0422661644976412,0.0784376590550245,0.0690702125551367,0.0556490461948483,0.0612531224338689,0.0352185057041765,0.0684258512116256,0.062865182008923,0.0476971904052679,0.0448375430815616,0.0440333312085558,0.0786176004955386,0.0688409840610447,0.0559065941434663,0.0628227681446079
gumbel,200,94,1.33333333333333,0.25,6.58728497837772,19.4422070664267,18.9021315108511,12.6258572122946,16.1261480657492,4.27438736206248,10.6698614825161,10.4014710891344,7.27869214569597,9.02023871580915,6.20978124833243,19.515366462914,19.1575232511989,12.7003719259604,15.9531746569991,-0.0333724865822108,-0.0424386432251422,-0.0350224240869745,-0.0764219469358495,-0.0691243444063053,0.0143532503319729,0.0488249056526745,0.0491242420145378,0.0304255376988155,0.033912158732156,0.0162164453644321,0.050000986581137,0.0494027881896578,0.0328236073252519,0.040980296710695,0.0162383701719793,0.0483618833132979,0.04689310838691,0.031896514725415,0.0390184794443875,0.020364836155799,0.049739917770183,0.0462735929379585,0.0328287439714405,0.0417365123699543,0.0172250085685529,0.0535555986710179,0.0521798446690137,0.036562362533944,0.0445913399497075,0.0178706717544266,0.048823084285908,0.046737705144006,0.0316977536465038,0.0403575492150186
gumbel,200,95,1.33333333333333,0.25,37.8526332950675,55.652976085366,46.8609233924219,49.7383459102233,53.8713466304305,19.8291830813996,28.6851810136046,24.3117742965231,25.7423324833218,27.7990344162924,35.3538317576016,55.7054958131815,46.9831500618812,49.6414957808446,53.1490084572859,0.0994837879600033,0.137375682778133,0.116499744170287,0.111272751985475,0.131933565044871,0.0956083050315458,0.133532296061774,0.108657045991293,0.120221072775316,0.130192878826971,0.0920760014405315,0.135815418365111,0.113342141337567,0.122486667067506,0.13140812716324,0.0939387961324447,0.138010998986593,0.115079135863167,0.12368660361039,0.133601031564927,0.0926867020747908,0.136926421673785,0.114237293845105,0.121845228246174,0.132142648776293,0.0939530437426263,0.142006948046067,0.121986983273585,0.118473047424563,0.137805180143231,0.094505202256369,0.137544364091585,0.113794446936022,0.123960214101432,0.133010229038921
gumbel,200,96,1.33333333333333,0.25,16.5393172529715,40.4175159676418,38.3095043599301,34.3877508506977,34.6181866156601,9.22605974224972,21.105254142758,20.0568344031197,18.1055478622867,18.2204496961942,14.6001583449561,40.2285518425264,38.7378882070236,34.2117773991117,33.4253339354863,0.0441917156496776,0.104954018695273,0.100287007181033,0.0904684642993279,0.0906535315056774,0.0406701449834157,0.104021251926009,0.099174331891135,0.0888148139012312,0.0882675033569748,0.0396093110307791,0.0979561927358525,0.0921074775620133,0.0845685526562215,0.0807587203370077,0.0392260231781399,0.101172648455941,0.0957608750401869,0.0849882301887691,0.0852471507389399,0.039081638420786,0.100647949490293,0.0954926226483816,0.0855910785644514,0.0860165128518038,0.0322862237536915,0.103928726300629,0.100697321562705,0.0849582812155532,0.0860199986276382,0.0414143803232474,0.102062802051747,0.0960561721107207,0.086801350004502,0.086916348577559
gumbel,200,97,1.33333333333333,0.25,35.3029999886638,65.9198268375815,62.4278645547617,43.0034623917398,55.4488320194072,18.5609934511359,33.7928754334571,32.0557490076368,22.3921245780733,28.5838605770542,33.525892449397,66.020994154885,62.4835361518779,42.6040136156214,55.0448208011717,0.0926838982701876,0.163369546073457,0.151758012108974,0.110165036826638,0.137509391198959,0.0915622296867034,0.169059182130471,0.159428240067467,0.110112256538181,0.142383344247124,0.0876090998968881,0.164555541054984,0.155930448423114,0.106425328355886,0.137186700020223,0.0868432777776832,0.162443970219651,0.15341507572488,0.104505984527599,0.135434608853643,0.0888753669603244,0.165128639521438,0.156653625978669,0.108106207855913,0.139193346980401,0.0867826663954108,0.164530413920866,0.155821045061423,0.107118173861706,0.14232586919531,0.0868558453028456,0.164089342208483,0.155488698668644,0.105947914683876,0.136807624417311
gumbel,200,98,1.33333333333333,0.25,8.75800893143619,30.4522753265926,30.406865607347,23.5234049557387,24.5451362216431,5.355115246778,16.1472422688709,16.1245582179562,12.7006777011586,13.2091531965229,7.23865342360175,30.3825841553579,31.1537541633402,23.2676358719566,23.389143186902,0.0259197923873405,0.0808563013920826,0.0807583722693673,0.0636519481556176,0.0656867565360676,0.00754290045760715,0.064798848125067,0.0683846958312637,0.0416615012889811,0.0394529716701041,0.0160822607498002,0.0703467319484576,0.0706549053653188,0.0516125575343279,0.051879264301628,0.0224150833175401,0.0746823728601261,0.0745130044119854,0.0568912146986934,0.0588715833191805,0.0223132116529356,0.0764435638565763,0.0757646942325738,0.0584202061693598,0.0614333515957194,0.0160189512852915,0.0811297030804983,0.0807693511242865,0.0637426762945854,0.0656297237262532,0.0206700389730754,0.0761069414819968,0.0759992827948559,0.0580278399554673,0.0602663211069132
gumbel,200,99,1.33333333333333,0.25,5.65177466847093,24.0018139440118,22.8142491854111,22.5143287408998,18.443759245347,3.80960307526804,12.9385718008857,12.3481798249569,12.1984512328449,10.173588749797,4.31896821053288,23.5784762831684,22.8524623712424,22.4698218196041,17.3577627386537,0.015615544170501,0.0639731910994885,0.0614770126582147,0.0604289778060877,0.0423797001230741,0.000910101301881308,0.0535084379030533,0.052587188943613,0.0473868510612247,0.0388983300373739,0.0130490483263106,0.060926547877981,0.0574381639700049,0.0581830211449052,0.0458029131601694,0.0144702548712578,0.0602127253618429,0.056461502314969,0.0570884494973346,0.0458639859736384,0.0144187427250127,0.0627918658184227,0.0581319957425539,0.0598759292423939,0.0491021198185621,0.0101769520837066,0.062345540875005,0.0610793791136416,0.0513343521959609,0.0452688360854309,0.0134740521317142,0.0604457352264278,0.0566946258953135,0.0565554059161162,0.046253407886063
gumbel,200,100,1.33333333333333,0.25,41.6940863978174,67.42173799018,58.2699388655406,61.1290989626517,59.8677140799223,21.7410377946729,34.540644353514,29.98823665316,31.4097478408351,30.7830945056007,37.8149183504344,66.9007591868916,58.0687431204043,60.7260247871444,58.0255554221416,0.104412097532428,0.140447159600463,0.106772004732878,0.133468639700812,0.113954036550519,0.101366375231953,0.162406404566378,0.138867599443054,0.1484962719773,0.142675867851683,0.104731824791867,0.166374704113804,0.142115137079154,0.14915283007111,0.149037597388294,0.102813298099118,0.168911379742287,0.144538778361153,0.153703598641967,0.149223390416078,0.105789101796087,0.166063635349315,0.141242573847338,0.152175214436379,0.147038322521036,0.0997205981819115,0.169834679210705,0.148046660079704,0.156673028901553,0.148270183049362,0.103083683980301,0.166942547777517,0.142885182681414,0.151534430745939,0.146152533387835
gumbel,200,101,1.33333333333333,0.25,12.7389114600225,27.6113607307293,24.1032066824316,28.8576334139053,25.9675385545663,7.3348999558848,14.7341316277844,12.9892648355814,15.3539975471035,13.9170112105769,11.463663684948,27.6679270068679,24.5508601955323,28.9425837476546,25.0717575570922,0.0247265842054595,0.0535328359259725,0.0442482735199304,0.0627945154395611,0.0424851810955863,0.035336399426759,0.0732226121878609,0.0625385029866228,0.0758108077117502,0.0695237409496756,0.0333501437544755,0.0693394237296761,0.0597906429002028,0.0717113390804708,0.0643282521287281,0.031396128352605,0.0696223077625252,0.0598445799500652,0.0733419193110749,0.064590081627992,0.0339568611288326,0.0688513916031113,0.0597794842774287,0.0721225692964135,0.0637755931365602,0.0120676150900333,0.0673197812788686,0.0608283132430472,0.071309722239867,0.0521277343255093,0.0317745043403413,0.06817461947966,0.0583338109081148,0.0721003556436207,0.0622994116722127
gumbel,200,102,1.33333333333333,0.25,11.7923991416359,18.5217550558415,14.3118237904355,20.9341477590999,18.6227624428966,6.86478173496542,10.2121305489985,8.11767139133027,11.4125611110189,10.2631740259471,10.1662971187094,18.6276972875235,14.8889727740936,20.6996320357974,17.6776079309279,0.0259967364729605,0.0478406615626657,0.0297362164443745,0.0572751553479384,0.0515550297530842,0.0299353636587981,0.0421058739414808,0.030890300523184,0.0512197141749825,0.0436946479956759,0.0315524676710992,0.0488080353406471,0.0372142957273301,0.0552889752317447,0.0467748626261467,0.0280568132440652,0.0462296716702156,0.035706029033419,0.0516568383150262,0.0443379273046031,0.0293484166336592,0.0469998242548274,0.0366804127858306,0.051268586657959,0.0451923709171469,0.00351759816604908,0.0506401959825237,0.0390509911939781,0.0417377535117008,0.0373686759930498,0.0283507156065055,0.0457656544802717,0.0349713395141621,0.0518765595505031,0.0443421956676896
gumbel,200,103,1.33333333333333,0.25,10.034898046663,16.7818541797474,12.5093974518585,21.2432271590942,17.6291205585957,5.99054815707103,9.34652140692691,7.22124602109961,11.5659975294773,9.76833512539904,8.28083421033246,16.8144188381177,12.8773549456875,21.2703059214523,16.9322455087918,0.0206174739417308,0.0450370595455543,0.0359904420932277,0.0528916262344183,0.0411679212369435,0.0249893916555209,0.0431864509363521,0.0307269524532102,0.0544270656726347,0.045197494097552,0.0246973388109781,0.0406962275352028,0.0287587215398624,0.052722978885511,0.0434691977482795,0.0246020309773379,0.0426246308900415,0.0314958378618511,0.0535505669568793,0.0441041923095145,0.0223877646476201,0.0401332391959533,0.0293906506566234,0.052498121281714,0.0429684552166673,0.0128511257053478,0.0451803779763276,0.0290763964263682,0.0577829661215789,0.0476155372791908,0.0236257046397604,0.042451318665051,0.0311516802972165,0.0536607125955946,0.0440927043926535
gumbel,200,104,1.33333333333333,0.25,20.355955740006,44.085337216152,40.8100660301423,35.2230906812818,37.9356467578079,11.1245958363716,22.9299675134942,21.3008160016247,18.5209977571166,19.870873087527,18.761120316544,43.9938153751581,40.9809501257453,35.1556632522307,36.982646243437,0.0472809580702866,0.114666514982169,0.106880699543667,0.092861629902083,0.0960263409609888,0.0452368106698115,0.106802143947625,0.0997641286626552,0.0811257970151294,0.086720348397749,0.0515428364948372,0.107774030599878,0.0970732203293528,0.0865160947518177,0.0932299388557986,0.051253995323771,0.111131259316263,0.101952999817474,0.0891748598197749,0.0951223979956314,0.0518720414381623,0.112925540589197,0.103553063970622,0.0902663701109923,0.0971240787787458,0.0501926731840477,0.114228940348487,0.105869273717306,0.0916901453559603,0.096455350308644,0.0520042493224476,0.110324582370356,0.101123153999314,0.0884267533109875,0.0945275629808921
gumbel,200,105,1.33333333333333,0.25,24.3397117068426,35.5286893256527,29.4860017685097,30.7384352409912,34.1180033206801,13.1069670663868,18.6730905842266,15.6670111875238,16.2899180573941,17.9722460505596,22.3477897563878,35.681787101967,29.8783923503504,30.6640800565435,32.8523250681105,0.0612435962994111,0.0881102924578612,0.0737581089665228,0.075345961314211,0.0793551415212023,0.063991472691196,0.0902272127252803,0.0746518701924424,0.0783774032155244,0.0848700821057031,0.0574560233118374,0.0814086251263486,0.0662912971817649,0.0707080218169071,0.0757362386106976,0.0598723059804269,0.0884242667305051,0.0732963069461007,0.0765270192552196,0.0830705256097877,0.0627843122719154,0.0903462754016065,0.0743909845617048,0.0778750686286961,0.0862216952898832,0.0603488720248383,0.0901118630962927,0.0760825645117608,0.0743744825915404,0.0882321505475763,0.0584992270999493,0.088342669753457,0.0731441112040467,0.0762389330142105,0.0820624721897976
gumbel,200,106,1.33333333333333,0.25,14.8916328955364,27.1805810055385,22.8682506497813,27.1430771537187,22.5659759515823,8.40642470023404,14.5204668648974,12.3752587798754,14.5017996984157,12.2253963330475,13.6976628061029,27.0195273141885,23.0572890255844,26.6881495422837,21.5979100898615,0.0111151989216422,0.0591884592560887,0.0546118362648286,0.0483359383957121,0.0362384815181164,0.0376805516472943,0.0688153488861288,0.0583836758237794,0.067656179406821,0.0588564464170791,0.0385084129773308,0.0673145411539759,0.0550844963167215,0.068688191859354,0.056345393063503,0.0384060078394613,0.0666228234529224,0.0550099202800735,0.067712896739258,0.0543299424964344,0.0343177966238812,0.0646329292403091,0.0532384925466134,0.0648270774823991,0.0511874732408991,0.0384498179836679,0.0723489420279929,0.0621699792215362,0.0709738295734495,0.0552713320382476,0.0369916514917236,0.0669680235609033,0.0560142061726829,0.0664834242861947,0.0541281140115689
gumbel,200,107,1.33333333333333,0.25,16.2668055117145,42.8818777902675,42.6210054230341,27.7511961470874,34.4056070800232,9.09022398885651,22.3311083783656,22.2014189027645,14.8038463862274,18.1146542015063,14.9635907479287,42.8027083578017,42.9882248334134,27.5611772717129,33.5811133104713,0.0447382844778717,0.111983488663343,0.111495109954531,0.0688812804746327,0.0907817726351404,0.0402854864518875,0.109041855131912,0.106536305963916,0.0725950734399337,0.0880455525673169,0.0390869417355258,0.106241489092542,0.105879591605438,0.0675229538430488,0.0821001004381363,0.0415736217098809,0.108130892475031,0.10748023358557,0.0706274534136749,0.085810136440543,0.041505612919894,0.107793650110846,0.106283540681972,0.0697426967528191,0.0858847358909259,0.0327231974706305,0.101405812771762,0.102322866949672,0.0702212998783876,0.079647317000943,0.0407366123091876,0.108039722800495,0.107492558776239,0.0693300288008247,0.085806654500723
gumbel,200,108,1.33333333333333,0.25,24.6983443129869,46.1544239696232,41.6787460255438,35.3650911553551,39.2625773359561,13.2861964726459,23.9594953892188,21.7328362721036,18.5919749965734,20.5315226173359,21.5736766268142,45.8573421599982,41.8561373847323,35.0727141317132,37.7165395993156,0.0401127322452689,0.115047844763298,0.108316904038421,0.0853393717923213,0.0793559154101392,0.0536090742754231,0.11382507323596,0.103654370565652,0.0879846582283511,0.0950107233022288,0.0577091403039209,0.116969458873197,0.105689809047328,0.0892914615484143,0.0974174850525543,0.056235358542866,0.112995106114754,0.102765119337025,0.0850450842971349,0.093138812989826,0.0591591795173005,0.115797192313913,0.103994437021378,0.0877471437613874,0.0971623885549261,0.0468089240236577,0.0989935245736163,0.0866250776783552,0.076526072164039,0.0762425500197554,0.0576999248495337,0.114629836415678,0.103688735444859,0.0871623399594498,0.0957192126214144
gumbel,200,109,1.33333333333333,0.25,10.5545973695972,47.824183890663,52.2361320375183,30.3141278651039,32.8871105360588,6.24865162626106,24.7900717573405,26.9851509373797,16.0790466111032,17.3596813079661,9.07824067975397,47.289707332209,52.3411787680555,30.0112571785205,31.2616747082694,0.0313286841039222,0.12434219377237,0.135420725921619,0.0803037927673736,0.084362916644548,0.0215266743793772,0.111100413149678,0.118139141258812,0.0721259558390734,0.0775428389184168,0.0263498138120523,0.12112623863242,0.132272114856108,0.076252126775223,0.0832330152533473,0.0259046440813453,0.120231369005463,0.131440440819558,0.0754683831299011,0.0806908537068046,0.0228780208805272,0.117809328722992,0.128490219228374,0.0743732280269588,0.0791582446735109,0.00875560500457452,0.111073689595094,0.127479727445046,0.0676670622629947,0.0732801338977624,0.025772007089021,0.119761025137447,0.130690925764554,0.0749361918977172,0.0805696765869609
gumbel,200,110,1.33333333333333,0.25,11.6378002161902,30.2015543421306,27.7024200046202,26.9016744809247,26.5224709439344,6.78737029562857,16.0227364618313,14.7798092843075,14.3810561641871,14.1924447130959,10.1158939318755,29.9900629816948,27.8707183167084,26.9096465603807,25.7206754215556,0.0261295243428818,0.068883912642855,0.0623230353934502,0.0667018151174044,0.0580796925968968,0.0274300119419699,0.0714431661832009,0.0639041739276064,0.0666441862774225,0.0641243608017637,0.0304662591209123,0.0755804993126998,0.067663657897451,0.0683411829594772,0.066396724239266,0.0300975753456431,0.0758895874715558,0.0685210426488534,0.0680825942222965,0.0671058844928721,0.0318993212290665,0.0755994884008164,0.0658555030381272,0.0681948835509013,0.0682297344016362,0.0304770882427829,0.0781074599326893,0.0733099862937683,0.0624621277616467,0.0653854901500757,0.0285660658057529,0.0753234229882926,0.0684514055665733,0.0669232853606555,0.0659029775439888
gumbel,200,111,1.33333333333333,0.25,8.83333883512566,33.2499549736935,36.3985064356373,12.1058230173143,21.3172073298453,5.39226368198396,17.5393964287986,19.1056422779508,7.02055114881048,11.6031639314136,9.85665634081769,33.490948851909,36.5021077424775,11.7353575186085,21.618476283972,0.0246796004998003,0.0865550006588612,0.0879179069435942,0.0351119908696768,0.057914570398333,0.0147602655082233,0.0748938424171783,0.084464419850551,0.0216393783724415,0.0437986700017231,0.0219846283797173,0.0825876242549883,0.0905764192905873,0.031137336658018,0.0520321674843269,0.0232216606295988,0.0847478727982472,0.0925709769282801,0.0310724882935043,0.0547180963289601,0.0208479369488219,0.079551558140452,0.0868954514153845,0.0266013471172799,0.0505522908662938,0.0270817618937254,0.0878420990909495,0.0940767132386927,0.0352421935353282,0.0582930041608342,0.0209120028596792,0.0823180815466026,0.0906546524164948,0.0284447718267405,0.0518029557998691
gumbel,200,112,1.33333333333333,0.25,3.28754096381871,27.2845957503337,30.4563462860731,16.9646098706143,18.9192699827912,2.63294418419047,14.5714273492138,16.1496819952814,9.43737402083053,10.4099253772389,2.71196723172155,27.0495376670374,30.696677062067,16.8960792484755,18.1742722523617,0.0128519789295043,0.0614440831066059,0.0630362827932662,0.0363577793500374,0.0475450636424912,0.00611435583365453,0.0684041099683694,0.0773187761503903,0.0409986993371384,0.0456327694327569,0.00915392822761352,0.0690238441585456,0.0772179765637731,0.0411883958707026,0.0480623884040333,0.00803318381360931,0.0685178574860996,0.0761615793884433,0.0424558621985913,0.0468936453843338,0.00787782075743745,0.0705702430688482,0.0784420691831848,0.0433192701499726,0.0479177746693344,0.0049445986067387,0.073120388488633,0.0789240444568481,0.0465466411563838,0.0500866236005486,0.0073564422682855,0.0682422945269691,0.0759484918658863,0.0419621854880324,0.046198103699524
gumbel,200,113,1.33333333333333,0.25,22.0944920044876,37.0663186808766,31.6651650837031,35.0678713073941,38.9804199721555,11.9891479983114,19.4376044041354,16.7509463050562,18.443320314271,20.3900574829458,20.7714519082298,37.5652881202154,32.4216647585526,35.3081081045005,38.8123914406253,0.0549686473662892,0.096504140273364,0.0838405627230987,0.0891026669757228,0.100813107656807,0.0549657732101267,0.0960532536422079,0.082365814590133,0.0913556895257043,0.0995883884884005,0.0560497786748577,0.0934875688670671,0.0808935828416766,0.0865702465122559,0.096984806022686,0.0537622451424013,0.0920085277134129,0.0784665108540358,0.0863422023386807,0.0958495762247705,0.0573879286266231,0.0926953696250287,0.0780041128430915,0.0887958882213942,0.0981223269929709,0.0189462782406336,0.0466478683022646,0.0328725566256551,0.0612836630118371,0.0487049126801664,0.0555194993097752,0.0922152269821359,0.077705646406144,0.08781825132695,0.0964381193432265
gumbel,200,114,1.33333333333333,0.25,24.9508798007542,46.7059134962502,43.7818680939998,27.3437158674827,38.5001605371524,13.4107760322645,24.2338922366428,22.779177139828,14.6014733889618,20.1517177352878,23.5535084122308,46.7160579324495,43.81786426448,26.9186134596645,38.1898267450284,0.040850060310438,0.120169004391004,0.114067453887185,0.0671934298163892,0.0846589739091618,0.0605812040137195,0.1111546735361,0.101472646373003,0.0631555676624654,0.0915687939646894,0.0608015848864427,0.11299735640186,0.106739729822797,0.0617798468685533,0.0913862749411768,0.0631047250445582,0.116803727244642,0.108936702517058,0.0688887766840702,0.0967716716907099,0.0643119943678264,0.118873433485678,0.111294322275395,0.0702021670545753,0.0982828987925315,0.0552495431754399,0.121261102172617,0.114454564060075,0.0706568535662428,0.0996653477361124,0.0626380098227596,0.117034818073116,0.109578604780128,0.0681775367045036,0.0964706225088368
gumbel,200,115,1.33333333333333,0.25,12.6745473055721,37.1726956594969,36.3189208813714,31.6814769549764,29.0733092184884,7.30406765832557,19.4912023155788,19.0666809635069,16.7594137259893,15.4623880915935,10.3223167504412,36.67741331792,36.5247276205512,31.3228946772737,27.4572151441868,0.0340962141976917,0.0912877365148389,0.0882516893979828,0.0806533680381941,0.0690747677451885,0.0302788285180109,0.0929601799778007,0.0896817800592822,0.0806500261667834,0.0725723317256432,0.02866836368213,0.0949099705520229,0.0929543707416225,0.079120629201721,0.0724240881168779,0.0300912631745546,0.0935219880007086,0.0910050095456235,0.0793141825718497,0.071534592873677,0.0313122985214558,0.0934730280898783,0.0918896173626292,0.0798096080465393,0.0696594583190435,0.0304534041141756,0.096929823318902,0.0957888582661301,0.083113402070613,0.0764889054938048,0.0303185404813229,0.0925782747912311,0.0893765471386048,0.0791520772907232,0.0713717977596342
gumbel,200,116,1.33333333333333,0.25,23.3617101193361,43.0109544350274,37.9009972944468,36.8770648145929,37.6452848332696,12.6201322700058,22.3956903725826,19.8538059094331,19.3440115736427,19.7269544241546,21.0643395489755,42.7879875817205,38.1192602505309,36.6903501038878,36.2708732150899,-0.0241655376116916,0.0726153539235254,0.0784284853806256,0.0426489506695519,0.0161520783923356,0.0623927108270751,0.111094491271993,0.0974521534084849,0.0958129549954882,0.0965494510787651,0.0557974686252778,0.101957914204086,0.0879110611480452,0.0884039500047601,0.0866446242538371,0.0586196895207279,0.106436093313553,0.0929208852751925,0.0903540137441138,0.0921362574889725,0.0575647343349324,0.107941198224653,0.0951552411151679,0.0916503999663206,0.0920164409247407,0.0626652710018002,0.10647050704956,0.0884449621031204,0.0960527310659979,0.0965909512148981,0.057742861651939,0.10684760938878,0.0933613873057919,0.091831467767418,0.0918195793874564
gumbel,200,117,1.33333333333333,0.25,11.4643027566352,28.4775971904789,26.0346502744368,26.3988590706606,23.2833858588577,6.70228133027173,15.165145019502,13.9495699241137,14.1314455645326,12.582348977263,9.12434358583336,28.3556762536375,26.7505968013229,26.0022989693375,21.5575833238399,0.0333321488268811,0.0724756128927091,0.0633339154486065,0.0702359493022269,0.0631296969340939,0.0282563139766737,0.0725454326026665,0.0668919014985054,0.0663545395536539,0.055983537924007,0.0294333482594317,0.069697801226182,0.0637725520511562,0.06352943687161,0.0560495877977057,0.0261917685737285,0.0698194080459937,0.0644251905415966,0.0631716727989753,0.0534425205128925,0.0298595661455267,0.0733151949479672,0.0668421968400211,0.068495094059302,0.059490583442711,0.0167515738884806,0.057490731764605,0.054112590377865,0.0532262108124121,0.046204655319897,0.0257994701727332,0.0708880094469173,0.0652462444440508,0.0649651697151915,0.0552719149134892
gumbel,200,118,1.33333333333333,0.25,11.5231558841036,27.6073425030639,26.3220272950253,17.0215167358443,20.1702882393366,6.73072996484747,14.732402750337,14.0929654340716,9.46606895353752,11.0331859855907,10.1753343615417,27.3657855739678,26.419528953864,16.7038070036133,19.0975877856083,0.0266359621923349,0.0699775613856219,0.068627861088669,0.0406355282764151,0.0440845784332668,0.0308690163767787,0.0695378183301271,0.066416400487207,0.0429323885404149,0.0508807755469941,0.0306276094809825,0.0687489592497445,0.0653238381847652,0.0423644390153754,0.0504253945698058,0.0285944194610635,0.0690857416387405,0.0654262854891674,0.042241461343966,0.0496954823329153,0.0252176630986599,0.069006706934332,0.0666994307920036,0.0422642277177521,0.0467240639680398,0.0244096670507292,0.0516461821546615,0.0459091322747846,0.0347618689031563,0.0376313605488911,0.0273972808331324,0.0677163511988446,0.0646674288640289,0.0411453297967209,0.0475923740949071
gumbel,200,119,1.33333333333333,0.25,12.4959677894827,14.8431298887749,13.0124599742745,4.41161543425853,12.7727490615331,7.21385392642784,8.38199494617947,7.47108928219117,3.19251517041074,7.35236422347779,13.4872909063389,15.185982597961,13.203543359981,4.1492058535355,13.1916271493065,0.0339222820584366,0.023499272737719,0.0135591866400239,0.00799637850014599,0.0217976958232175,0.0332105202921944,0.0392898928193033,0.0350403275809299,0.0121452968825475,0.0347215298084819,0.0306457947471637,0.035914422128781,0.0325133096794849,0.0093067621200059,0.0301193129419869,0.0333750323075136,0.0374654229598271,0.0321322412370542,0.0109270599120369,0.032534555938212,0.0288162368940878,0.0357068327952094,0.0321224513050573,0.00911958785697151,0.0281437682111048,0.0360999043833271,0.0415115109960303,0.036458926154288,0.0160290379245835,0.0336556140732442,0.0318517174341811,0.0372912660296856,0.0331587443548004,0.010727351705095,0.0312351932729786
gumbel,200,120,1.33333333333333,0.25,22.4680474622477,49.2674383464855,44.8290573364386,47.8122645484811,43.602645413843,12.176221375452,25.5079852099626,23.2999609581024,24.78435599146,22.6910820163596,19.3462221544918,49.1169156152299,45.7468789673199,47.5671904011644,41.3133707267304,0.0589254592685995,0.126869482496119,0.110030619677699,0.12400111876645,0.113926984885206,0.0526663351113162,0.120206670192554,0.111128596211851,0.115250688430746,0.0995331639892365,0.0522998724651193,0.125189453855539,0.11437663092607,0.120041257280759,0.108585213218611,0.0548591113206979,0.124849002681889,0.113673093808447,0.120799630697268,0.108804907813572,0.0570754339365517,0.123604698902144,0.110950012820736,0.119908185132872,0.108634957693908,0.0607172118548815,0.128168209453471,0.116626715651649,0.124386571324494,0.113734198321752,0.0541515530299071,0.123320024258432,0.112097213483481,0.118915306867884,0.10630020058228
gumbel,200,121,1.33333333333333,0.25,0.670826285699853,19.6667880824707,22.2858077704244,9.73730060379986,11.3052758506827,1.33141291421507,10.7816552873574,12.0847718436069,5.84185257824942,6.62218100532833,0.177774096727666,19.3674605723687,22.4842159778584,9.67276802542238,10.4729558779336,0.00649830160024734,0.0506464851268596,0.0568014913590011,0.024250858418441,0.032331992181187,-0.00649384505759929,0.0415323284030083,0.0479215625614284,0.0205712908422807,0.0195800998215567,0.00222734225976425,0.0461767186623084,0.0521670126527791,0.0228430974981956,0.0261167716661265,0.00182033621175693,0.0494359039865556,0.0559142533855323,0.0252733909315452,0.0270824704033683,-0.000616740665510029,0.0502324842153352,0.0572744804214689,0.0250245323197888,0.026832260729349,0.00644398193546133,0.0541583406527563,0.0604747185182284,0.0276998474136493,0.0331909200049904,0.000620959638549409,0.0485896530247408,0.0547461753206394,0.0235240271602285,0.0269975666928561
gumbel,200,122,1.33333333333333,0.25,9.16080061448854,38.0697379082209,40.1068113818156,26.0164700252223,25.6583467329939,5.55526083815084,19.9374423839857,20.9509982303978,13.9410403421015,13.7636556528252,7.94054510601038,37.647193942228,40.3177970559064,25.6779518882032,24.2404879204241,0.0177445160132244,0.0881579301103132,0.0945048898372595,0.0586970170890998,0.0558998867216044,0.0166800860161698,0.0927703796581459,0.0987941910858695,0.0618635878507613,0.0574003764015718,0.0202325908514986,0.0944666385786627,0.100057174284462,0.0624874435910421,0.0607232616602833,0.0207255012939313,0.0936279479091465,0.0990165375490162,0.0631181365567581,0.060993183420766,0.0204222251488397,0.0937697994658253,0.0976530645665282,0.0646919869898838,0.0616870861775369,0.0225909548006767,0.0925055054151703,0.0980439341643582,0.0646937619510762,0.0607623150686034,0.0229800457357928,0.0946831734082402,0.0994848896707806,0.064137794336789,0.0622339258416003
gumbel,200,123,1.33333333333333,0.25,20.8861050347751,46.7477768518363,44.683624706877,31.6226368204958,37.0898669322974,11.3882647146631,24.2546030053052,23.2278279229521,16.7298099405682,19.450725998179,19.337636792729,46.6331298519617,44.8345134165458,31.5126756664747,35.8985579409764,0.0552698792617342,0.121258441292261,0.113932261657331,0.0840493105692698,0.096848603271308,0.0548324789219969,0.120745260746577,0.115433073438844,0.0817911905533675,0.0961151872283721,0.0535514276960807,0.118192613943073,0.113872082136504,0.0790274850494601,0.0922104961997748,0.0528968882411088,0.117072519723143,0.111587819340936,0.079265653510231,0.090662984123665,0.0509548200671781,0.113719796182791,0.10753515283155,0.0778229355927876,0.0883246695148052,0.0446837362586085,0.117040439871489,0.113490253171864,0.0776567746656096,0.0853428437995618,0.0516571191845629,0.115644092781372,0.109719095972732,0.0786949933707145,0.0899982753069246
gumbel,200,124,1.33333333333333,0.25,45.2493061474614,41.3109349033347,29.3682533220206,38.079361824809,47.6300035148496,23.5089377658498,21.5498705907053,15.6086325501989,19.9419711864805,24.6937037990983,44.6731076049103,42.1178612670345,29.5111594892757,38.0273102557904,48.4445309605258,0.117772105521572,0.106940864645948,0.0781089149615068,0.0954391642300497,0.124073785575057,0.112844868718628,0.0970007964045547,0.0657760431324358,0.0932199105746085,0.114133895527404,0.114338034994864,0.105675839206468,0.0746109056516204,0.0982776421867623,0.120990137584749,0.114036493783746,0.103669885335092,0.0726504734109483,0.0962341708754063,0.119960108723341,0.115757117526028,0.105298397969467,0.0734952634513424,0.0975636522151253,0.121597184970879,0.117868425762549,0.0925646794373921,0.0565778772206038,0.0968336239457107,0.119029144798336,0.113702815015419,0.102995959264411,0.0722813028449573,0.0955770243587458,0.118995686796216
gumbel,200,125,1.33333333333333,0.25,2.73121003048529,30.6337675159877,36.2550407505072,13.1845879915625,15.4814154749196,2.3569772340757,16.2383226255294,19.0351612231529,7.55729473295191,8.7003525480596,1.7635689824491,29.8275940332677,35.928703171842,12.7795757983256,14.1942571299494,0.0117534967391967,0.0777096984567874,0.0898438062641858,0.0368167575112872,0.0394511741304283,-0.00191979021160061,0.0731587659537641,0.0879360394508824,0.028390556047581,0.0289397796173472,0.00741081250063161,0.0757556167703,0.0889155811471086,0.032966413187364,0.0371193081066406,0.00665876418048098,0.0751690737605967,0.0881387902371349,0.0319793941276345,0.0376791960226973,0.00331973499775979,0.073175054339474,0.087268492765095,0.0303034435326131,0.0347771146087783,0.00919591235630678,0.0726503358849513,0.0884606236836992,0.0333195879907009,0.0359545100387794,0.0037937697801423,0.0743081118519141,0.0879979640255899,0.0306096951448885,0.0352890605171561
gumbel,200,126,1.33333333333333,0.25,16.4543517583356,41.9619084370986,41.0469583024835,29.8482820040618,35.8146353263466,9.18337167481156,21.8732900432269,21.4182201265668,15.8470451067166,18.8153107896356,15.3763261604102,42.0591815436982,41.5847142748717,29.7388172489746,35.3334510185724,0.0450807138621339,0.109459034525819,0.106648905459524,0.0792665607509632,0.0945345762120862,0.0446644882047155,0.10659646152722,0.103601867876271,0.0777519806421553,0.091651652080134,0.0425973832062996,0.107467460583515,0.10481056742888,0.0775783817396315,0.0919589649056037,0.0399982399088962,0.10414468582074,0.101187993873132,0.072976653784314,0.0878571482583103,0.0445758707110208,0.106085769317814,0.101624122904731,0.076857793010766,0.0917110297159019,0.0182140160566132,0.107285181579987,0.107432549502647,0.0716379296878,0.083193597481151,0.0417687311864768,0.10575163589601,0.103364359839681,0.075208381564454,0.0897936129964609
gumbel,200,127,1.33333333333333,0.25,23.4537867894706,21.2211766113521,14.4996952696074,19.541994087151,26.26012326413,12.6652956949347,11.5549684158233,8.21107943198575,10.7197070697332,14.0618277055536,23.4822882682245,21.8708109990063,14.945301667042,19.4646532803234,27.0303844167124,0.0580742875619828,0.026368089744606,0.0100728495194747,0.0355883568114407,0.0450067927771577,0.0613575412170303,0.0530742371764851,0.0364577333722199,0.0519034911436585,0.0662665669512688,0.0604567871889794,0.0538908796799106,0.037433319938092,0.0484415352597207,0.0664436427027493,0.0592960875981277,0.0528251122272654,0.0357835426901138,0.0484261158605347,0.0654806010624838,0.0616890281008635,0.0539844435402292,0.0361625375755423,0.0501873018415725,0.0677720469221069,0.0628945515317221,0.0468172597735825,0.0275870920685987,0.0421421667828726,0.0625709603212699,0.0591662223083843,0.0526988023611096,0.0356622188221694,0.0481460848865223,0.0652627943281573
gumbel,200,128,1.33333333333333,0.25,20.4449949492894,39.3128000708492,36.2880314058083,26.9767527243074,33.0305849491225,11.1691464694551,20.5556794089484,19.0507987116765,14.4186862113107,17.4309304766508,19.2184496550871,39.4563485043399,36.6522217353655,26.7141111919012,32.4508612342601,0.029643946386138,0.0577508414950869,0.0527513459148241,0.0352748386962471,0.0498494481050591,0.0520883233398463,0.0949783399869815,0.0872263542659783,0.0666803499511461,0.0808089054488109,0.0516087512220983,0.0958918981926057,0.0879062645083004,0.0661370719125013,0.0811334687436587,0.0515530081337494,0.0976465437297607,0.0899399696352984,0.0674363587823757,0.0813275712754647,0.0517209450065352,0.0970111115012108,0.0894000260641379,0.066633933475123,0.0808407186144904,0.0551642461211102,0.103281175677831,0.0949130651949197,0.0716685204026161,0.0858584499347777,0.0512978087629995,0.0992498131455686,0.0915398528830456,0.0679776194880777,0.0827049142720787
gumbel,200,129,1.33333333333333,0.25,2.07289207085687,8.51377397187621,7.98990245727013,5.41511511618445,6.33573469222081,2.0289893389116,5.23316693568507,4.97274090882673,3.69151440026189,4.14990704004067,1.52191984774373,8.41503501408097,8.06056214133613,5.40660891599676,5.76402429349377,0.00641338430852666,0.0262490426502892,0.0246731396683055,0.0185169370736558,0.0206009086378178,0.000117102032022617,0.0160330423971684,0.0131021470450264,0.00715881933128288,0.0121278249665992,0.00649202330691283,0.0198394210272342,0.0180856280815453,0.0124545248140652,0.01560850667224,0.00438091288415706,0.0209685721631576,0.0186940625274037,0.014304845237523,0.0152589454521876,0.00732136283460062,0.0223419079180283,0.0192057491783208,0.0163234105026525,0.0180132068219631,-0.0322862328367863,0.0223315354063158,0.0249664152255121,0.00172129659227647,0.0114603367509835,0.0048527719868993,0.0205770382624176,0.0188040520476878,0.0131116773834605,0.0146527236352142
gumbel,200,130,1.33333333333333,0.25,10.6571567551121,22.5618848291621,20.35987386536,15.0940042092855,20.0621103938527,6.29922376824602,12.2216819196699,11.1261153665796,8.50673403587971,10.9785496218452,9.99319415688684,22.768442644666,20.8105245883767,15.0770445058443,19.7270875106322,0.0303862153891948,0.0337685998864982,0.0164334052117278,0.0349274577475139,0.0470845165109173,0.0293538322672239,0.0573801832961708,0.0516279726653109,0.0396584335848112,0.0519886771564579,0.0270592124424872,0.0587218279567883,0.0525384904960423,0.0383629472818709,0.0524832327478783,0.026359293079378,0.0573385394928406,0.0525241955100122,0.0371233478201208,0.0495589256757367,0.0284394102127945,0.0572842057124131,0.0519131858841513,0.0388399616319765,0.0510579584580002,0.0311728821508461,0.0602966630886361,0.053277165149769,0.0426847990091761,0.0550293473618147,0.027800286157808,0.057123792403309,0.0515572936603634,0.0383431975101036,0.0502099748321308
gumbel,200,131,1.33333333333333,0.25,17.6970501504148,27.62908859799,22.0316838387522,29.6943119142838,25.4590097352364,9.80264858055018,14.7435605245892,11.9589519355465,15.7712508040201,13.6642780841355,15.6527876850851,27.4188137525368,22.2037480557459,29.0763584386699,24.609703152691,0.0451880629709327,0.067792211451988,0.054780087288729,0.0747550336817163,0.0647128688393304,0.0435870884633344,0.0682117198930415,0.054706047124142,0.072895282240743,0.0599779966978991,0.0471146153340282,0.0685956473290108,0.0526496579030056,0.0746020655638102,0.0637385585219283,0.0409132816543162,0.0680165629456919,0.0546960152667057,0.0717859992466567,0.0608336146021723,0.0447169869160673,0.0656242468376742,0.0508786848532325,0.0723251593078205,0.0624711059935072,0.0261420384287438,0.0717377241418058,0.0600552092780045,0.064653880843318,0.0599041684267332,0.0426279334816898,0.0692349438658763,0.0550620264957366,0.0733380916558698,0.0628560999101255
gumbel,200,132,1.33333333333333,0.25,45.363018434756,47.0710544427019,34.1820988349836,48.4940088756609,55.0647440580163,23.5659258702521,24.4151227450711,18.0029370670188,25.1231793204991,28.3921857988943,43.8281010017357,48.0000794670888,34.8974473413767,48.5253050351566,55.4969093862851,0.11839238275271,0.118076918406829,0.0834431432528647,0.12533074991043,0.140315461204254,0.111084069491719,0.116982489544663,0.0824130500711644,0.122039201838646,0.138641106630257,0.110606380552191,0.116062115985195,0.0831865731118222,0.117594978783524,0.135757326103138,0.113400093170583,0.116729117991153,0.0846564373103692,0.120000898473974,0.136560905894425,0.113867595596231,0.117357885608575,0.0836988143657818,0.121490191718737,0.13863198637829,0.0595875459737574,0.104267722515387,0.0811597051683676,0.11157775231816,0.118232349700133,0.112718624557106,0.117826354722223,0.0856108028075256,0.120930103469935,0.137264484634407
gumbel,200,133,1.33333333333333,0.25,9.39231011844581,43.0795589688332,46.4640861695655,26.5045792274688,31.6443582323611,5.66968266206208,22.4292919834216,24.1132352311146,14.1835680583885,16.7405187098897,8.5855468317517,42.8255345728805,46.8294133711223,26.3887672390781,30.8063245907183,0.0275651933163318,0.112606611372795,0.121110482575765,0.0696590626494966,0.0831131027776371,0.0253631517959783,0.110382008175929,0.119403589701006,0.0667667620418089,0.0808949405930488,0.0238577918479736,0.107974445397068,0.116700540540821,0.0657057675099576,0.0795934987441549,0.0245963614649992,0.107371378570017,0.115032454757766,0.0652467491105962,0.0784321514443017,0.0234389477297086,0.109148530261979,0.118437339169818,0.0662691512248673,0.0792655097984402,0.0280166909458773,0.11245166039921,0.121159635867369,0.0706369478721075,0.0826972837981444,0.0248892838339563,0.108932692389646,0.117270071181776,0.066680205604209,0.0797126512951835
gumbel,200,134,1.33333333333333,0.25,26.0610012230447,59.1713967671942,57.1123527158626,44.6984868933026,53.0528652602669,13.9625426894597,30.4347328316322,29.4104188896672,23.2348046284053,27.3915402754069,24.406939308998,59.5445575338371,57.9402776114797,44.7086332373655,52.2342595252081,0.0700148475277857,0.152765316931601,0.147763233906857,0.11636925964417,0.134375781601148,0.0675154131062193,0.152083107208157,0.144989229979095,0.115582828278426,0.136532009348169,0.0677531805695112,0.149656540583227,0.142330960209997,0.114449276560857,0.133351030552901,0.0643757548240528,0.148710783312914,0.143828987435267,0.111342151690976,0.131591913740416,0.0643277176588352,0.14782012152924,0.142725186338061,0.1101918934792,0.130489308492344,0.0588752939070679,0.152416840004101,0.147458486861545,0.11081143007152,0.134559342867768,0.0657719509121592,0.149348562193592,0.144230145448107,0.112054739427595,0.132304289598109
gumbel,200,135,1.33333333333333,0.25,6.72596861714674,11.8439580727338,9.55233993888991,10.5814157482336,11.352007703674,4.3434404731925,6.89012979167885,5.75050704237771,6.26174358242754,6.64519023572141,6.18143715661238,11.7118808718446,9.43854773754063,10.5702412391177,11.2402967709416,0.017041338975082,0.034564293871006,0.0284461127649761,0.0313295298660242,0.0327214749692758,0.0177211131396116,0.0286544840590766,0.0221860194782987,0.0238332528113651,0.0266708463306818,0.016461011996589,0.0275752613085032,0.0191029018903647,0.0256016850650699,0.0290404299290313,0.0170631821466556,0.0281362280297518,0.0204330190636614,0.0265464450372971,0.0279226218329405,0.0171110777355686,0.0274025883181101,0.020716201184546,0.0242831981317694,0.0273556365407312,0.00779914491753197,-0.0209865205677869,-0.0353615648624122,-0.00737271630404775,0.00496849183856332,0.0168039023225475,0.0294035392698278,0.0230516851345269,0.0263007350435579,0.0282741784295034
gumbel,200,136,1.33333333333333,0.25,61.4845354432424,81.8021990581817,66.0639556121172,81.9995955755981,85.5543848992931,31.586779920627,41.6942472525857,33.8650090954489,41.7924006261689,43.5611336682313,56.7715092648897,82.147078258207,66.5144524528041,81.8445217859676,84.625067164311,0.157442522963974,0.202961416889264,0.15997478469871,0.209383455874976,0.215802125762953,0.1503456422258,0.203579468038352,0.161830713476778,0.203858905924254,0.210470730044196,0.153873685265365,0.20546045355964,0.163926667539098,0.208127215750056,0.215345831156683,0.150744405622233,0.203904598400488,0.163241854394125,0.203353334792539,0.212462821852839,0.151054819073741,0.203009410937579,0.160551140609087,0.205771689925981,0.212196551900812,0.157138406718743,0.205778575886846,0.165190709556178,0.202242469464827,0.218332107524542,0.152788455793185,0.204973921495443,0.164378707748865,0.205077487557169,0.213839153072771
gumbel,200,137,1.33333333333333,0.25,39.4902769182118,65.1243643722096,59.8025320626489,47.6034532818056,60.9860688795144,20.6438704509158,33.396736108642,30.7493441508926,24.6801883129028,31.3382869081667,39.6631275141636,66.0502818554272,60.4014933736974,47.4519531606146,61.5247109584003,0.103114448737382,0.166390292472991,0.152814535753196,0.12195436569527,0.153494877759166,0.0982219614066892,0.161261759953215,0.147672553882778,0.117791373055781,0.152633981702567,0.0991373907648602,0.163917152539721,0.149937064094214,0.120539730519603,0.153683637135944,0.0990296304784827,0.16427995104261,0.150630228772567,0.119884183248029,0.152716163979711,0.100316336584677,0.164959964835123,0.150606149015358,0.120660226640263,0.1542447479362,0.0974760780083256,0.167296197254777,0.148494045586995,0.120018464615979,0.157031415142731,0.0984361459329499,0.162289410880424,0.148477817711851,0.118530608027635,0.151213009781031
gumbel,200,138,1.33333333333333,0.25,15.029396549038,43.8566766205577,44.1117159560684,30.9552969950044,31.3633183621962,8.47574081376158,22.8167272576358,22.9438171562869,16.3982824865911,16.6018041577377,12.5880632182494,43.1164280891042,44.0228875008871,30.4954838429667,29.4803699072541,0.0397980054095483,0.111981268679884,0.112661789051164,0.081153358626503,0.0778855225953043,0.0409806570647314,0.106568735491724,0.105373184691716,0.0755570089969978,0.0766609445307502,0.0377982063335259,0.110965114352365,0.110012393111953,0.0791231859207772,0.0809622739794955,0.0363569518198909,0.109711626850686,0.11031901490474,0.0769776496279634,0.0773655388985633,0.0354448146312983,0.108917556402682,0.109486251334103,0.0765161864316156,0.0768664791153457,0.0425277342913952,0.113824985265443,0.112761274595459,0.0819835636251159,0.0828601379615722,0.0347250602338615,0.108856613508239,0.109399473444277,0.076308493190197,0.0762214740001187
gumbel,200,139,1.33333333333333,0.25,14.2710689614315,45.4791143600464,47.390206075216,24.7202594307595,33.2337381720898,8.09665630185994,23.6233215219752,24.5742850910624,13.2959858922106,17.5315181583952,13.6383146690026,45.2441200375482,47.365410657648,24.5055557291683,32.6135486260634,0.0403266447766594,0.113821310766145,0.11635129508721,0.0633767280407524,0.0853875645051838,0.0375244509635021,0.111985120069753,0.116128403731949,0.0591806424550491,0.0801449443730664,0.0384087443873429,0.112664721972274,0.116223348361094,0.060188600184071,0.0834722279728874,0.036620175136105,0.111885907758397,0.115940675255844,0.0589954807222728,0.0812693901898214,0.0361937014103772,0.112103089880293,0.117191973040478,0.0583981746407791,0.0799757843165153,0.0334292750503006,0.1085160863913,0.115698723781366,0.0547619255745426,0.0712844929945617,0.0364949692480213,0.112631340052892,0.117113401889204,0.0600556098995091,0.0813567957419944
gumbel,200,140,1.33333333333333,0.25,7.82078554557878,45.196178716035,51.7742324219013,24.4227720810072,29.835321757805,4.88891294870201,23.4824652227223,26.7549977038763,13.147999340288,15.8411914459009,6.82926851371786,44.9608259637952,52.0889370420025,24.1933182309393,28.7274865115026,0.0217242124458521,0.117034346358617,0.128941897206905,0.0650846920342878,0.0795055417906435,0.0209519785519787,0.115455845326243,0.130453843007344,0.0638341856893369,0.0778239688471467,0.0172193618857731,0.111619014039745,0.126392636740585,0.059282377722202,0.0739064153716091,0.0183031259098077,0.112252890583334,0.129041372994677,0.0604423138862305,0.0725524497286363,0.017691770215676,0.114433772062399,0.130530152182961,0.0621105641501752,0.0756062369471066,-0.100888689909931,0.021834608030549,0.0638749922547147,-0.0529042222290189,-0.0492384792729763,0.0186918014240078,0.11380031984592,0.130291964532225,0.0613610181808832,0.0738816021770355
gumbel,200,141,1.33333333333333,0.25,9.13261215494114,29.3808478367363,29.5114050734537,16.1465066714286,20.4234533422416,5.54093546396688,15.6145267757262,15.6794634507552,9.03068159636543,11.1587680210824,8.26717365258565,29.174378037709,29.7321943727587,15.8765443050916,19.5795907825168,0.0260841534294199,0.0784098540594715,0.0787776131880868,0.042922492929438,0.0543143340587997,0.0172517641668656,0.0643103505437246,0.0621548546058069,0.036582479534359,0.0379276867042785,0.0250326231308979,0.0755485032534128,0.0755186464798654,0.0417812946431812,0.0528056150305877,0.0235839180993532,0.0724235008841489,0.0730299335025512,0.0379711198063437,0.0489964121927852,0.0263033590167009,0.0748836302423265,0.0743760209460851,0.0418393860217636,0.0520507000191658,0.0208054214998119,0.0779049845732232,0.0786744924114835,0.0449495146062856,0.0560338122530837,0.022421057550908,0.0734589201976637,0.0737848388369544,0.039879318290607,0.0499864050002821
gumbel,200,142,1.33333333333333,0.25,18.7390338322927,38.6522672010165,34.9038961088505,31.7313749384025,33.822461269523,10.3208306629389,20.2270236379116,18.36223950535,16.7842798502894,17.8247088833848,16.2788200334449,38.4512105727285,35.3765142185769,31.3937727319253,32.5055120041663,0.0386792791831012,0.0986837988663788,0.0911282968304982,0.0822397496013425,0.0856038079466153,0.0381868611145696,0.0867535159501549,0.0780372605211665,0.0722350758661177,0.0723270535067357,0.0376251510063385,0.0933665577973734,0.0861163376565174,0.0723769863714469,0.0788217989965909,0.0455849240797551,0.096164669971002,0.087026857730956,0.0785217823413006,0.0828534740680216,0.0415487373730736,0.0967400897642387,0.0876870188044381,0.0791553213553732,0.0818999117986227,0.0330566185666148,0.100177647996127,0.0922441400210785,0.07652075613076,0.0840111526734915,0.0448466142046884,0.0958000650711732,0.0865392641597739,0.0779698656050251,0.0827986182716695
gumbel,200,143,1.33333333333333,0.25,19.8037303104424,38.4627121234774,33.9303158490535,34.1360065749103,36.8145826386784,10.8497013917382,20.1324238124206,17.8777811199507,17.9800687430583,19.3129008882927,18.0791374107406,38.6374671310282,34.5050575209543,34.1407252718527,36.1313561012033,0.0545086070891207,0.0983827889243948,0.0845054719340649,0.0896722945143215,0.095870251368312,0.0512033304538502,0.09559579438712,0.0841104214525389,0.0860841699740928,0.0899972925341346,0.0515728541521593,0.0979095460704284,0.0865549757014932,0.0850712829367503,0.0938852119778679,0.0485131146528545,0.0950081617646825,0.0828911836653746,0.0840928419074845,0.0909423681388205,0.051309716910022,0.0958590475475358,0.0831194789629128,0.0852262789568881,0.0918508492528648,0.0517334240188924,0.101152223632538,0.0879207732230609,0.0866242563454495,0.0965494722865178,0.0497250080305541,0.0960904077958422,0.0840112048769562,0.0851085637395714,0.0914986208681108
gumbel,200,144,1.33333333333333,0.25,27.9341076512017,54.205385321695,49.7822351619787,41.4102306262719,46.0611555302624,14.8950956888926,27.9649559418543,25.7647134503418,21.5993672522179,23.9134997649729,25.5257245833281,53.9087798559436,49.6933683404757,41.1277445544928,44.9643107564366,0.0746646472352216,0.139561279931833,0.12740338596132,0.108194330700081,0.118885178899935,0.0723253786133076,0.13441519659714,0.121883051727942,0.101469355644607,0.115915874244864,0.0666176617649017,0.133804423694114,0.122162549590993,0.102838636247344,0.112590422293207,0.0701587376289386,0.133651861217892,0.121519749604215,0.10298878233746,0.113736993819079,0.0677882162546096,0.134544819050764,0.123784086503972,0.102609991659927,0.113582986066145,0.0520956662117794,0.117477087957204,0.112686968680504,0.0912996307240698,0.0901977114606047,0.0687276772228286,0.134714462994932,0.123237055782219,0.102478121640635,0.113891858223637
gumbel,200,145,1.33333333333333,0.25,32.2818121072759,59.0447755626915,55.4033623857218,39.8356344906753,53.3442769342217,17.0579278518387,30.3720374001874,28.5604544501882,20.8158248695869,27.5363569356982,30.5774914652766,59.4408761818147,55.9487099617826,39.6421936628577,53.0115391124901,0.0806252456553112,0.140334262052819,0.12918238451781,0.0976093621190825,0.125654234161329,0.0844013914504818,0.151418450417213,0.143032380384028,0.101689417181822,0.136529942589193,0.0785288136163386,0.148248491551302,0.13983754064031,0.0988124282913739,0.132714875356618,0.0801673449246292,0.148421909224781,0.139129362072547,0.0998766679788766,0.133330753012603,0.0819979034589664,0.146380680236098,0.136270057086696,0.0993446897961165,0.132998258998811,0.0789750374982043,0.149996241772641,0.142599338519652,0.103641356265305,0.136497743721909,0.0799682179874745,0.147356046910391,0.138052759588289,0.0991085175942438,0.132608219560222
gumbel,200,146,1.33333333333333,0.25,2.58561473201003,24.479906518754,26.7576088755021,13.7921391102891,15.596185366952,2.28428768857852,13.1760330042979,14.3091083235011,7.85921587015542,8.75698347956816,1.68977390832085,24.2327191068882,27.0990553496011,13.6660017640137,14.5792567579395,0.0071761360956702,0.0582037685727468,0.0636510241701031,0.0295274031095244,0.0384045341017917,0.00413114434925806,0.0574876355507939,0.0646599876567097,0.0274262951386746,0.0335644950613494,0.00806904685367949,0.0602257485809013,0.0658437590730027,0.0336148302068572,0.0382670929504887,0.00644690825582664,0.0634350787499848,0.0693223435563803,0.0359642648498911,0.0398606059430779,0.00524795431505483,0.0644648353970441,0.0708987901418847,0.0358765502046211,0.0396913926986542,-0.0681418484495905,0.0220911218768407,0.0451699417070628,-0.0117513597789645,-0.0201879187451325,0.00538965967781441,0.0611978401123905,0.0671288755022646,0.0336770226964455,0.0377399249699164
gumbel,200,147,1.33333333333333,0.25,15.7926029233103,31.2952170597814,29.7044240920525,17.8725306336071,24.5044656381895,8.85484816740197,16.5671314840895,15.7757044699388,9.88941420908933,13.1890524739829,16.1631246602244,31.5025613821119,29.7931648157391,17.5641843371156,24.5013441401969,0.032048506207683,0.0657476471439679,0.0565052908207036,0.0390164274421903,0.045598296705408,0.0299476517672761,0.073754774230057,0.0736221323072909,0.035833483371791,0.0541497631524058,0.0384017830047357,0.0774769958783477,0.0739583628407522,0.0423959860679384,0.0576835311478106,0.0380806053077597,0.0777696911919658,0.0737074900102488,0.0441389818280169,0.0600097910078137,0.0407003340582647,0.0788719552317346,0.0744311866892075,0.0439233582784496,0.0614107330892643,0.0374614311548704,0.0811765654047602,0.0789027802212253,0.0434553854509717,0.0626361597412697,0.0386841189652721,0.0774720062511316,0.073283456436299,0.0439547463276009,0.0600635147549453
gumbel,200,148,1.33333333333333,0.25,6.90768781795967,25.7590500450566,26.999635086786,11.3529896341923,16.7959501467196,4.43545420946927,13.8125894083191,14.4294558094067,6.64609090388665,9.35422021680682,5.39340589818408,25.5557630462517,27.257802350527,10.943481035739,15.6977706075188,0.0222658742043951,0.0674445742472177,0.0699936087689428,0.0325489200058382,0.0469806952405505,0.00900590430289088,0.0583720616544425,0.0624032358386901,0.0227746634770099,0.0333290598999672,0.0108471774875384,0.0618068123701428,0.0658736084796596,0.0245363925370696,0.0393712510612866,0.0164966079693238,0.0637545400239923,0.066376589836867,0.0281089959011376,0.04092672640591,0.0104277507770987,0.0645666993783619,0.0690925181573073,0.0253578172482419,0.0377420153787953,0.0171598484958062,0.0643078272524808,0.0665127807752295,0.0270426801876475,0.0426919744236033,0.0137240933364319,0.0636623746396274,0.0674652936803288,0.0265950114233913,0.0398651063990928
gumbel,200,149,1.33333333333333,0.25,17.9625161089147,32.3840902880537,27.606040729752,31.1420658130773,32.3520076890201,9.93469328152727,17.108321930274,14.7313260852105,16.4906738630813,17.092746244687,15.5595731302209,32.5015941314872,28.2263850577526,31.1037657687208,31.5079591524144,0.0495654206599972,0.0858852806624515,0.0740103354145089,0.0825397602156232,0.0851468787313735,0.0492246360879234,0.0828326546590285,0.0698558528479729,0.0790208994635637,0.0837029827715967,0.0399323721995308,0.082287237629694,0.0716220947127489,0.0770182017209464,0.0794575413578937,0.0418876323101445,0.0817170326793551,0.069840593979065,0.0783646245664795,0.080150268059342,0.0398703184931599,0.0808264634081764,0.0677140874939871,0.0759440636001148,0.0796559165564144,0.0377737230738974,0.0741591480392511,0.0689221829081945,0.0598824200909773,0.062435024670864,0.0432674860174392,0.0820097503939585,0.069934718764948,0.0782837052197285,0.0810897097766426
gumbel,200,150,1.33333333333333,0.25,15.6794817371126,20.3246431127955,16.0745266239997,15.7335339032604,20.7490941159542,8.79845137334554,11.1090288346829,8.99487637225437,8.82475186240584,11.3201749654976,13.9849363708309,20.2806992841178,16.0600782831074,15.8197901516184,20.2382200408777,0.0396603068712974,0.0375508615277646,0.0227626055804043,0.0381169414125934,0.0372206199205512,0.0381783475629207,0.0481866829017191,0.035899452632293,0.0371368375736578,0.0492843309448802,0.041065768285803,0.0521289574631763,0.041682571849318,0.0413052795179724,0.0524802109644573,0.0369073289690335,0.0508799712770427,0.03925369448785,0.0406386493405711,0.0520059012649274,0.0395040312607271,0.0511339650106262,0.0400091045358764,0.0402647635429803,0.0531691049460106,0.0441830035711939,0.0412536571615206,0.0213685380984007,0.0359515627254163,0.0528616464387379,0.037937813667186,0.050326967952259,0.0397879071885454,0.0393231292805791,0.0513754329809657
gumbel,200,151,1.33333333333333,0.25,15.5149314485637,28.2733381420078,24.2808468921429,24.7562948395992,26.8529821614127,8.71582556997964,15.0634164025572,13.077377186883,13.3138139751368,14.3570897210875,14.3382833167826,28.3599491911154,24.67614101822,24.6748463465524,26.3566473411421,0.0376780716745205,0.0736165168040086,0.0585410902834354,0.066807087344212,0.0697954995260135,0.0402431038444746,0.0723686255128702,0.0620718519278126,0.0615211947237143,0.0683222596617604,0.0390771131012433,0.0726417974563165,0.06297493572619,0.0626360369541685,0.0677193037436653,0.0389307816381725,0.0704863113296389,0.0603315628559498,0.0609205282479061,0.0660924393745072,0.0337215641470511,0.0663006421157364,0.0583888477522759,0.0528843595831232,0.060042046156452,0.0244389162049706,0.0671593548834727,0.0639574085038886,0.0489077995217147,0.0499402820029305,0.0403195204162096,0.0715391715296864,0.0609961763701656,0.0625277218703049,0.0673869525326527
gumbel,200,152,1.33333333333333,0.25,17.2536969189365,36.7402652605702,34.9072586197587,26.6478276850287,33.348380691133,9.58085454944403,19.2756958039728,18.364144346377,14.2547461004014,17.5881251594869,16.5397847430414,36.973381324419,35.2549456619779,26.5816043729971,33.3973304452168,0.0476994791990893,0.0967536030211799,0.0918753565187098,0.0714692100086267,0.0876874764271236,0.0423657451110128,0.0884367845528726,0.0833964844237391,0.0634139482187448,0.0802196520841488,0.0369422434615887,0.0916752238582747,0.087947707416446,0.0655622011889447,0.0815030667683322,0.0418005949297419,0.0915080491957793,0.0871720515746994,0.0658008184383564,0.0824978063199589,0.0443721171036782,0.0937658293412771,0.0888515682533674,0.0673381304329755,0.0849633735074035,0.0479226316170652,0.0902286161195112,0.0758670174587669,0.071558072348373,0.0849946820108724,0.0439885197969405,0.0920134958641264,0.0866140822858194,0.0666612066114546,0.0838744051684185
gumbel,200,153,1.33333333333333,0.25,10.1154231920385,35.5878396493059,36.1455619520531,26.8392769370092,31.5317747644106,6.03000438189151,18.701737894395,18.9793123189759,14.3496178666122,16.6842223799841,8.83387822068946,35.8205488235381,37.0397254900049,27.0410198007954,30.8025737251401,0.0258990030308328,0.0857054278832453,0.0867777461272693,0.0637198642456976,0.0760395999884692,0.0121023755162062,0.0865799119218187,0.0909184483803948,0.0633698189943387,0.0717377310244157,0.0232334654164516,0.0891508494800393,0.0904308768952728,0.0689461425015618,0.0781205740935572,0.0251942152323011,0.0892802261094003,0.0905587736212199,0.0665516313265511,0.0787508419686859,0.0247874887310918,0.092033325499971,0.0934462322226079,0.0688792549486575,0.0805481726545204,0.0283834216193407,0.0925473657202128,0.0952947814616332,0.0667375772569835,0.0824388605719954,0.0243409953741898,0.0902174256371483,0.091451732465087,0.0676993685874853,0.0792703895391708
gumbel,200,154,1.33333333333333,0.25,12.3360415046429,37.2309747661805,37.2847161808111,24.4858269639352,27.3798372303329,7.13468487259932,19.5200834675456,19.5469367748029,13.1795682644779,14.6196240846904,11.1435536879398,36.8864005002352,37.3195649509555,24.156345408716,26.399384693227,0.0114131219965675,0.0575058662288131,0.0635516734087094,0.0226787572717067,0.0100525565094913,0.032248682172118,0.0969494703969099,0.0978184795853446,0.0625054023485429,0.070865851347146,0.0341260610461773,0.0959463375209624,0.0955989497529412,0.0627408043974588,0.0711662815269326,0.0313624209228836,0.0927777855453905,0.092445427169934,0.0612000170158742,0.0673808693789492,0.0297089964074488,0.0945131960420378,0.0949950206928769,0.0609185088092789,0.0679650241963686,-0.0212517365098767,0.0617399879986151,0.0740084896222262,0.0101531608833769,0.021704337351437,0.0313282507263974,0.0935283776501199,0.0932952587045617,0.0612334521839091,0.0680598241745924
gumbel,200,155,1.33333333333333,0.25,23.6202787786054,37.6434041492887,31.3395781960933,36.7476017328657,37.9168040143761,12.7487663841942,19.7249723306061,16.5889551188291,19.2795339742099,19.8615013825952,21.6734135667778,37.9268896698473,32.0208314360206,36.6407130980779,37.1483307558639,0.0409020564565146,0.0708768709848114,0.0582509649910216,0.056847380254997,0.0645605034174085,0.0597896785573322,0.0942587978406035,0.0779958934146648,0.0904702332295719,0.094022778488213,0.0542170726709866,0.0961935452483589,0.0798665562798968,0.0933647160296331,0.0944130708154695,0.0587659247432312,0.0924014310437192,0.0759040431644133,0.090091274884463,0.0923802840563678,0.0593169281106566,0.0934877756342386,0.0783312076029282,0.0910730410290537,0.0927005577382657,0.0552204940923146,0.0783597523515896,0.0633318649513983,0.0723943601169965,0.0773781921833828,0.0590149079482568,0.0950143775574299,0.0787378758074575,0.0919839695705605,0.0944268596227787
gumbel,200,156,1.33333333333333,0.25,23.3830747387266,40.0535759655915,34.2020223241909,36.0955877597016,35.6628834027344,12.631478034967,20.9245707915306,18.0136881374091,18.9555071044535,18.7405082875698,20.4241377313344,39.6545585934818,34.2832696555573,35.7623223036515,34.2239892468074,0.0366768447240162,0.104329179337404,0.0844728993847811,0.0949106066832907,0.092109184568283,0.0589843926164598,0.103843749425066,0.089260583243654,0.0924315736675345,0.0899917683221749,0.0518033524032006,0.100462714478605,0.0879209636645358,0.0868125317631234,0.0842451864922686,0.0570007695371272,0.100068255008838,0.0851411226175775,0.0894905495616334,0.0883586867236912,0.0555288062958418,0.0946982249281604,0.0775597413629237,0.0859158642224951,0.0850258315175358,0.0632797897348963,0.0871267259520135,0.0644662643431966,0.0786529830886043,0.0871328744311323,0.0555245820711589,0.0997719043428571,0.0848734665890245,0.0898396608174121,0.0875630136684889
gumbel,200,157,1.33333333333333,0.25,9.70134495697003,27.5957301137124,26.4307019149356,24.1982485180491,25.2356026111144,5.82346872513727,14.7260970989583,14.1468920987622,13.0359380833237,13.5522081358951,8.78401775281208,27.6829196038707,27.0027430945805,24.2602171235004,24.6004561595478,0.01049425965674,0.0733116156830383,0.0709874055658955,0.0648577865515562,0.0611430341096722,0.0253485265902018,0.0714883851761825,0.0687470146903215,0.0602722455044483,0.0650986470599775,0.0250593997010036,0.070068042043418,0.0667211122448853,0.0613954692089763,0.0641320563447733,0.0251532030672797,0.0688734476640444,0.0649301048928668,0.0603034192940765,0.0630450917827127,0.0255579065054355,0.0716621476393502,0.0676439810716973,0.0631123674976673,0.0653475362863178,0.0291192125881246,0.0739688459758714,0.0710513662535925,0.0653733440288535,0.0680665552345573,0.024544641402003,0.069096041795134,0.0655759803724834,0.0603486844383617,0.0625694544168273
gumbel,200,158,1.33333333333333,0.25,4.74392952416853,36.9575300816,41.8834913192246,22.0514883190082,24.0509911291462,3.35721265121448,19.383696698204,21.8345266149435,11.9682404717971,12.9634116734526,4.21856860395737,36.6529286803738,42.2535760960854,21.8785869603376,22.8373602957871,0.016858061670174,0.0968597539976836,0.10891087231252,0.0594863891583772,0.0650685027856831,0.0118576611899932,0.0927196847861466,0.106047034319344,0.0535858623564811,0.0574027215962439,0.0136977939817286,0.095431791338302,0.10789027878151,0.0575578000878749,0.061099699948188,0.0117453674746918,0.0925291841378199,0.104542553255995,0.0547387140925976,0.0578983784374325,0.0118964834673853,0.0919384120630582,0.103373769750478,0.054564729407808,0.0593684125417669,0.0112585713169533,0.0905767745964794,0.102621816621774,0.05510315866511,0.060013310825321,0.012582972974113,0.0932323842900079,0.105058307830724,0.055612533804251,0.0595694018908066
gumbel,200,159,1.33333333333333,0.25,25.9636715091546,28.0608137786051,18.761897172457,39.3237812853728,34.0319153662702,13.9155496034856,14.9578802567712,10.3320765262794,20.561013082829,17.9289135075809,22.8866964109244,28.3260375460237,19.4590808525972,39.3891366815946,32.907289644516,0.053936179068307,0.0727217926387889,0.0509700333790761,0.102875364375831,0.0805067926593366,0.0570553949519287,0.0722220476394283,0.0489958142325974,0.100618521953153,0.0813743682002386,0.0653493347598638,0.0722422169895492,0.047565461312314,0.0997635046091476,0.0858032509147979,0.0609797061760392,0.0712723194228274,0.047023522652375,0.099178679822406,0.0841692384038175,0.0592346633742575,0.0680462456380992,0.0446829224468288,0.0964914222361065,0.0818234201884534,0.0432054988487686,0.0650927784750581,0.0453956383673142,0.0885529276642561,0.0685111468184149,0.0619692863573601,0.0688372157328152,0.0445618529292681,0.0974717050655151,0.0832365511020656
gumbel,200,160,1.33333333333333,0.25,18.5293572543571,45.6248114258281,44.538145052847,32.1707267419568,39.2622092784662,10.2158019841656,23.6954888032126,23.1548417209968,17.0025893006406,20.5304846893192,17.3556196480949,45.8234009408239,45.1131652809916,31.978961096237,38.7785124553871,0.0479536862869338,0.118780605016336,0.111650048350087,0.0796452204407101,0.101600574531585,0.0484337734213159,0.118223458406127,0.114175306408069,0.0839513557590621,0.101204709848387,0.0450513556907017,0.114279174027822,0.112505829827036,0.0789974849982751,0.0980420277223645,0.0472136924183126,0.114405708018469,0.111781291608753,0.0792548656268476,0.0975456255388289,0.0475611975648229,0.115800484840662,0.113105696076275,0.0810192387117886,0.0991473962887621,0.0415045996078699,0.101543294883957,0.099100935992346,0.069707141067385,0.082955875136777,0.0456108410991461,0.113748650473724,0.111184331371892,0.0786557455729219,0.0964358708184823
gumbel,200,161,1.33333333333333,0.25,1.94934327730987,25.0432444106303,28.6363420710983,14.7732396364983,15.0747473777182,1.96788600071105,13.4566425137844,15.2444740296398,8.34731194304905,8.49768288084443,1.09871495484733,24.6381990250375,28.8000566268501,14.6385662478498,14.0968004743028,0.00454088987937516,0.046933577279192,0.0528036605714925,0.0233792254606975,0.0190937555029874,0.00444655413770264,0.06452294913923,0.0740230060202152,0.0372228083564249,0.0392759654048141,0.00714490520269763,0.0641543489975366,0.071601359191283,0.03923628360821,0.0395091280071841,0.00190698251611647,0.0612350009466021,0.0706414329946206,0.034683989884008,0.0337188672415239,0.00439814879970509,0.0613062032658802,0.0680762145784215,0.0370763890383816,0.0364796745593864,-0.0102508438599033,0.0516516425759818,0.0657861392936427,0.0203607694769561,0.00931728016188595,0.00341691750216928,0.0625534332780039,0.0711377477204345,0.0367123651236105,0.0369573198192117
gumbel,200,162,1.33333333333333,0.25,37.4508189678458,47.8851496452705,38.4008367612116,43.0458349109298,47.3752236219311,19.6292472464658,24.8208479656097,20.1025922470113,22.4134597780397,24.567375400508,35.6676037458903,48.2089602347718,38.679058286965,42.5012493984659,47.2996460914866,0.0806069121373396,0.124639874556691,0.100338455847938,0.105885729485899,0.120736002935803,0.0959126960315541,0.12082593399319,0.0928118431243687,0.110728142684292,0.120269521972957,0.0897149709362796,0.11430024551464,0.0921253810699092,0.100022070678526,0.114370092708535,0.0942794324934829,0.11933420803059,0.0951831551419505,0.105570408029674,0.117605169200615,0.0932606468990324,0.11830236057603,0.0940810180278731,0.10538338355749,0.117098525928472,0.098613037756547,0.124387474509235,0.100001305332156,0.112613787240968,0.122539815465738,0.0942138307035803,0.119604457272805,0.0953244905960566,0.107050779177214,0.117960091207667
gumbel,200,163,1.33333333333333,0.25,7.47662637308611,34.1895627339018,35.95070879593,21.9764768508144,24.1580521945711,4.71805661019634,18.0066711097934,18.8826914972629,11.9311620393563,13.0167717547033,5.62326423316695,33.82103136214,36.449975776673,21.649395501958,22.5174047543238,0.0110254226538848,0.0855531701683827,0.0926123936571849,0.0496587787747572,0.0554192457018957,0.0115198270059943,0.0792250861424489,0.0852245096467032,0.0488652498648867,0.0531385782269205,0.0156406021369222,0.0848980587977643,0.0905664235287238,0.0534996275129041,0.0573228725664368,0.0189728401730275,0.0861448688929108,0.0898582218873014,0.0553119101823116,0.0608538809029552,0.0118287865999905,0.0852581780354232,0.0909812793146207,0.0522299769537275,0.0554449428835965,0.0152656638828197,0.0898024623030661,0.0947631344244798,0.0493170417727723,0.061945221049055,0.0162974557877094,0.0855004163131674,0.0901982390787004,0.0540586712923915,0.0587795131138932
gumbel,200,164,1.33333333333333,0.25,18.2128430037693,20.680072398652,13.8615080289418,26.4141207927804,22.2193441423648,10.0587682359854,11.286414339604,7.89460847061728,14.1388392039698,12.0522179023604,16.1861169108819,20.5462492870486,13.9076069793133,26.1909871495826,21.6342543444467,0.0500229238131048,0.0562703508316448,0.0381460084845137,0.0709347421954609,0.0590699690605103,0.0444669326631036,0.0532358404834986,0.0331128424717373,0.0667517697361843,0.0573291240105519,0.0476375038052947,0.0499079879466408,0.0304679213551726,0.0663987386025818,0.0549583162328726,0.0452726295570791,0.0515672500516143,0.0338903417694817,0.0658648764413753,0.0551389740501676,0.0450840775999137,0.0482382592766867,0.0301636513021527,0.0637612223898172,0.0520330287884512,0.0441154634655797,0.0213832196165115,-0.00521010528894645,0.0552179892487007,0.0363444252114864,0.0443480127507198,0.0503559835965691,0.0324372835225957,0.0648986088356547,0.0541885236401586
gumbel,200,165,1.33333333333333,0.25,21.0521823894563,24.4638275418637,18.0351101719266,26.2525206835031,26.2898202745208,11.4713863006932,13.1685091255827,9.97042963084835,14.0582634641409,14.0775624598462,19.4772491839813,24.7429772932777,18.5351659903234,26.1337715243375,25.6617229902371,0.0576221771502051,0.0661399488348416,0.0499996755286265,0.0705772368493432,0.0693867946150212,0.0498867185428436,0.051906694891274,0.0357589747573258,0.0564511959983772,0.0562402223984866,0.0530803410663982,0.0627694030471553,0.046215445990169,0.0677113329021166,0.0669115657440328,0.051339209008809,0.0606168440312378,0.044267361932947,0.0646924415955854,0.0635846372899198,0.053802867505749,0.0633084124205023,0.0475181938085269,0.066958446245753,0.0668140828419577,0.0549441540879946,0.0583608389092352,0.0398048894826372,0.0642494071703736,0.0639872802900464,0.0520861004158475,0.0604037321718678,0.0437459220552855,0.0656324184167328,0.0640177905481978
gumbel,200,166,1.33333333333333,0.25,9.232680237044,43.1340598796843,48.0904547752025,21.1088654665875,26.1683271460222,5.5916184394324,22.4570175796105,24.9227465591527,11.4996534712074,14.0173648167373,7.82443588363518,42.5683142315731,48.1343964134093,20.6165858640108,24.6821566187304,-0.0071542099644738,0.105502424471234,0.124028633035353,0.0503505453904431,0.0414949013039179,0.0247631718372345,0.109221995495887,0.121864982737333,0.0524923754671886,0.065949940492516,0.0242070176674407,0.110948401598001,0.123667376687104,0.0548520948995034,0.0664647906105416,0.0240182256934103,0.108708632612257,0.120324678668504,0.0538098907284571,0.0654969446277097,0.0233753425459274,0.109329389635806,0.12195449749307,0.0539543651873295,0.0652404934390641,0.0223236209006694,0.10752109911809,0.121148040116688,0.0508170670211322,0.0665468787346943,0.0197444551405368,0.10594153897133,0.118659937451327,0.0506348519628354,0.0616398641793868
gumbel,200,167,1.33333333333333,0.25,30.3596163618384,60.4956200421489,56.0599302565232,49.6360630755642,54.1364999191388,16.1011695226984,31.0941476631858,28.887915381923,25.6914577872822,27.9306489637599,28.6592830340025,60.5071019963725,56.1359024904993,49.5069924494066,53.4918709292505,0.0719077387197787,0.155760698620259,0.139629641926616,0.128970060679738,0.140266708763306,0.0770506917874517,0.152642615306247,0.140145226589331,0.126843426964898,0.135440430443515,0.0773074418871581,0.154150589680952,0.142064852716097,0.125980881717411,0.137657694569844,0.0764248828209871,0.151224549309092,0.138789718166673,0.124054583533798,0.135238827992678,0.0766861888072641,0.153305373300782,0.141886071669104,0.126066087882832,0.136744789881413,0.0792765290647502,0.156190630526151,0.144403865637577,0.129048068524678,0.139888134582985,0.0756717293364309,0.150367994954479,0.138218608179544,0.123349302502752,0.133945016270812
gumbel,200,168,1.33333333333333,0.25,20.5120748371581,44.1496711582738,41.4654707458398,32.685702463659,37.3808915865214,11.2019553343565,22.9619119350366,21.6266315275699,17.2588665804034,19.5951087349106,19.5274787494132,44.2959572191341,41.9859371575336,32.4340195020362,36.7088305182228,0.0322734735359042,0.105825257322922,0.106323997571915,0.0689250980608533,0.0827865846759302,0.0526035060487542,0.112922745936972,0.106628340449973,0.0831489484576285,0.093369317993719,0.0521348993626966,0.110759775548027,0.103805574876759,0.0805470803802322,0.0932372819577002,0.0493284842567913,0.109232890050856,0.102799530915822,0.0794456815231566,0.0900754101181423,0.0526799447102662,0.110776615697372,0.104129940077409,0.0811746863473213,0.0921590498863888,0.0227610990294219,0.0669015500898483,0.0609754385125263,0.0466629959195925,0.0318166025249269,0.0514872183924844,0.110479180371034,0.103573065067691,0.0809387807081918,0.0918836023856629
gumbel,200,169,1.33333333333333,0.25,33.1158266096158,48.1537267454708,38.6700293301757,52.3925979356689,46.5068283045413,17.4726763424591,24.9547885251321,20.2374360432381,27.0632520604342,24.1355146023964,30.801746777099,48.0695736826327,38.8040339888795,52.022522143429,45.8547947296409,0.0325626784315759,0.124496724428582,0.100604322548565,0.131996019030062,0.113059828395657,0.0840656846146375,0.114607028876799,0.0888365500835493,0.126698028553888,0.108490987784872,0.0823724119656112,0.122917022329984,0.0988198035536649,0.131630622759937,0.117447721201786,0.0818079564945147,0.120331950656952,0.0955020798702209,0.130861478009992,0.115589232756374,0.0817124650220984,0.117141739616068,0.0921545921778779,0.129194599252617,0.113236596329458,0.0854725264264834,0.111479963885936,0.0887926396451416,0.122705935849034,0.104223338190975,0.0833120191325374,0.119264902062656,0.094030319763832,0.130192086683552,0.114886458158751
gumbel,200,170,1.33333333333333,0.25,22.6492813748138,44.1414471049074,39.1697288302106,39.3858916506246,39.5188394434887,12.2658197561629,22.9578035325106,20.4845528666831,20.5919362685754,20.6592276846927,20.3308791430899,44.1333935433022,39.6834685745349,39.3819607755457,37.9559842158706,0.0448378004418956,0.110109325592389,0.0981078463395469,0.103172677261345,0.0878193824783205,0.0539900552126971,0.109929580905217,0.097079902964138,0.100176584508553,0.0951995116811809,0.0580219570125949,0.111659231560398,0.0978483478798457,0.10065823925019,0.0994962652992593,0.0554047055220178,0.109550076337284,0.0965180657001799,0.0978591252326816,0.0961540461748431,0.0563593754389094,0.108731962728005,0.0929071127464804,0.0986781434310521,0.0953167450246934,0.0615875566853509,0.11518695277511,0.102840017026357,0.100814306652035,0.100612107355897,0.0564269694598402,0.110377015729434,0.097680311719783,0.0983787858325019,0.0965704078347274
gumbel,200,171,1.33333333333333,0.25,7.06288291176061,32.7415551076294,35.4478337373972,19.2183925256111,22.6795972757992,4.51153253092955,17.286357728246,18.6328049877323,10.5586801820947,12.2809760598115,7.20952148368175,32.8732470576883,35.7619122706096,19.1428055142832,22.4657639700751,0.0218188214315236,0.0857733109804298,0.0931799095911731,0.0508521717840133,0.0604192785616074,0.016615586275613,0.0796527191748602,0.0853918300645574,0.0440947737849546,0.0532220109803562,0.0200245613224483,0.0817185529345872,0.0871936100906369,0.0479793719152367,0.0568696407906623,0.0166369080327765,0.0821440027278105,0.0889000967841334,0.0478301983392286,0.0558548620507127,0.0153270288228566,0.0836528003339997,0.0901551694136636,0.0485981607263634,0.0571522451773809,0.0190740041559292,0.0812064936346604,0.0892745153082216,0.0489386357885557,0.0575006618860726,0.017318551588787,0.0814715138624264,0.0878671786737245,0.0477231229846786,0.0556890282407311
gumbel,200,172,1.33333333333333,0.25,29.1558587009558,59.2398226993605,55.2714629355912,49.5925126205433,49.1054676966759,15.5038348859653,30.4699346680912,28.4960380349804,25.6703843607545,25.428728300744,25.6153303971303,58.6105968041806,55.1540905054904,49.0631814650191,47.0575421124363,0.0642964122224011,0.137484050755334,0.131318113579802,0.113106779800871,0.0991846622870352,0.0738964745594019,0.144678752699385,0.134053894051036,0.11907451028943,0.12113736963954,0.065064712621738,0.145109150112655,0.135456082910075,0.121560462761456,0.118623584781574,0.0691576542532839,0.147934519402597,0.137876114555254,0.123044911176246,0.119978155956462,0.0714977407951222,0.147842213526297,0.135322883342892,0.125119712891107,0.121863303300758,0.0777540540401078,0.153089842283532,0.143177128097687,0.128605548660799,0.127529887948707,0.0711303260344647,0.147498739421733,0.13661762625991,0.123292299882064,0.120926816532617
gumbel,200,173,1.33333333333333,0.25,11.2918646163032,29.2049144735763,26.6176883169988,24.9357346554622,24.9831272164081,6.61595198038101,15.5265721999373,14.2392815306759,13.4030058792545,13.4273682959057,9.25410571601111,29.1671264527382,27.199146228235,24.9405783511182,23.4657555523102,-0.00681037315877114,0.0738730720585917,0.0715080152549413,0.0522305993875748,0.0540964180273816,0.0317076021058466,0.0765302841624408,0.0697120236006554,0.0649932628060381,0.0632885289208437,0.0246973831301475,0.0718147684788207,0.0657140390620087,0.0592843224873501,0.0567895352572321,0.0280127890188967,0.0733446817392445,0.0669097338925276,0.0624114438995359,0.0607916062339814,0.0238270286305872,0.0710565441320052,0.0648520810406972,0.0592460499540115,0.0595213624945206,0.0191460674203291,0.0655228662466099,0.060032418076736,0.0547729833663323,0.0502182896304524,0.0266566305411159,0.0733202314072248,0.0670412798754511,0.0618301108562188,0.0602563609383314
gumbel,200,174,1.33333333333333,0.25,12.8731324101107,39.6124461410994,38.1628940543998,38.4825509125133,32.7490422852663,7.40254933053155,20.7047418509587,19.9838088135754,20.1428168824539,17.2912144535616,10.7019383631896,39.2681166616078,38.7232082658562,38.2583006541958,30.9517036078119,0.0355353499610497,0.102012436259546,0.0954629450287765,0.09951663824973,0.0853989503375539,0.0297252586789019,0.0976139579717454,0.0927320871369478,0.0944492492665989,0.0815154009478782,0.0310104659945918,0.0995437737279945,0.0961356888037271,0.096703484960056,0.0777298981376209,0.0294246549504174,0.0957456758529919,0.0917211412490417,0.09230886100038,0.0765089442886736,0.0319933466538463,0.0998906779431644,0.0943156428762343,0.0971204734734246,0.0831816406790895,0.0306663447176842,0.102331348049981,0.0989731506158662,0.0965379027516098,0.0815184606766179,0.0293683359821371,0.0981761158462577,0.0942725378039388,0.0946958201136814,0.077929731560783
gumbel,200,175,1.33333333333333,0.25,16.5436245598119,39.6021621669612,38.2733813217942,24.988279959324,33.4236864478567,9.22791564177911,20.699341000638,20.0383283569388,13.4293041176891,17.6257036931717,15.1284053717265,39.589546546703,38.6304533959495,24.8048943732041,32.8988604431485,0.0238478609429983,0.0494209470913247,0.0361855158474977,0.0259012095236021,0.0467940811941753,0.0448674611187752,0.101926791080766,0.0960326443290674,0.0668400208741986,0.0880673764124428,0.0404773873816824,0.100074708648022,0.0963925410439034,0.0629291865836317,0.0830682183393915,0.0405949878767895,0.0993344877186254,0.0957112644600253,0.0619813450544652,0.0835750616811645,0.0410244772076213,0.101324374688831,0.0981389454334815,0.0631924824075432,0.0851367758748653,0.0457915480800856,0.100651306800264,0.0992350974181351,0.0555708862733512,0.0794759352803953,0.042545854399461,0.100453475529954,0.0966286072635739,0.0638489492623946,0.0850742645669743
gumbel,200,176,1.33333333333333,0.25,26.8939702832113,54.6708356559214,49.4698066612756,49.2263453039925,47.193859540306,14.3784094941519,28.1961676163336,25.6085563121981,25.4878127771742,24.4780672017902,23.2371917072535,54.44836329281,50.1582501274715,49.0239048133369,44.5007034876306,0.051968371941929,0.131483378251948,0.123688915865575,0.107693621932257,0.0963565801483989,0.0690113329579767,0.135366941448412,0.120880257010653,0.119223146880236,0.119365802320908,0.069770146992975,0.137601876979754,0.123121153301825,0.126448990878986,0.118025632930052,0.0660071098359088,0.137612797022415,0.1247511200506,0.123319925186589,0.115605030698995,0.0663649673474054,0.13809268947749,0.123952410726246,0.124180357494575,0.11665338847085,0.0722199756991929,0.141638295460355,0.128631262244949,0.12489643372997,0.121295390173455,0.0645833854871109,0.136172682457195,0.123522137890966,0.121954869394682,0.113815292623895
gumbel,200,177,1.33333333333333,0.25,7.29690226414833,35.1261688028706,38.3180164024584,20.4410623381499,23.8366098384201,4.62841693016294,18.4728559295145,20.0608996175609,11.1672292498171,12.8566239156656,5.99301786884101,34.7489008095359,38.5273895083507,20.1335251438035,22.8260343228784,-0.008080287357705,0.0763660875872041,0.0905894478684278,0.027173228689677,0.0486752181749023,0.0211326241158777,0.0892475775296004,0.0951296498685989,0.0538182268795522,0.0615767928033856,0.0095612828936962,0.0841678670748474,0.0931760722896035,0.043930231795844,0.052573326943344,0.0154423230053681,0.0877146514438592,0.0958620057230117,0.0509126944267505,0.0583403636072697,0.0122810838824927,0.0883202902768215,0.0963173661669615,0.0509067972853947,0.0583880753488305,0.00538537804060863,0.0860309326910064,0.0975620794597031,0.0469559871688974,0.0517287655948622,0.0171102725271753,0.0874167069375957,0.0952086372643298,0.0504840156578163,0.0586594439014791
gumbel,200,178,1.33333333333333,0.25,15.966248845063,15.0042162242033,9.77687794279742,16.304059194425,17.2039826585857,8.94122380992853,8.46231124111024,5.86172247529351,9.10891830127644,9.557156930594,14.9014112698094,15.2487545301225,10.1062222296523,16.1818458873592,16.8371161478063,0.0447440500380321,0.0424920311198959,0.0294421367895682,0.0452294658348242,0.0463161348771417,0.041905285977787,0.040789847609201,0.026605571997581,0.0437540604996688,0.0460791512086351,0.0318684544772933,0.033707645600696,0.0212638003855673,0.0351511546861507,0.0353121663750894,0.0390803825043193,0.0368709934253795,0.0241270542436067,0.0400422528389967,0.0410161309809578,0.0343643466094163,0.033965435231637,0.0218200031447416,0.036892626111848,0.0371453486962414,0.0437301550819531,0.0362612227246391,0.0146907747690594,0.0455025590541016,0.044239680490123,0.0389068531139609,0.0374940114058708,0.0240594281868247,0.0410856629296392,0.0422000896158534
gumbel,200,179,1.33333333333333,0.25,20.0016077537864,48.8661054933711,47.0724462496758,35.4951565626123,39.2813104126277,10.9486372300081,25.3084208487176,24.4162071046993,18.6565306837766,20.540600126141,17.7691892223938,48.5279569691341,47.4039144122311,35.2752115412649,37.7700297087589,0.0528994343675677,0.127155727652716,0.12254032722699,0.09357575844959,0.10317641481152,0.0517921647005873,0.123373139950256,0.118042484088434,0.0916505349487461,0.0995563346156049,0.0502836430077367,0.121365969086482,0.114938258294748,0.0896905993457077,0.0977134834204499,0.0493864738902517,0.121232046596671,0.116200499956584,0.0877307613089971,0.0948772435499627,0.049119264202987,0.122312759774109,0.116306913298021,0.0893569879788676,0.0983628823009593,0.0535992427778306,0.124556147160011,0.114955897568392,0.0930661140360112,0.10240432189281,0.0494705384290505,0.121875355267138,0.11738647421902,0.0881025945617877,0.0966781271674981
gumbel,200,180,1.33333333333333,0.25,13.8340021664326,22.8725325232699,18.8824209910785,21.3767141267252,20.6883943815405,7.8802707739896,12.3769438764207,10.39212716544,11.6326564443008,11.290736643629,12.2801095266125,22.72145812401,19.0372137957972,21.1780438450296,19.7627498621004,0.012869212840499,0.0586253561928717,0.0521246030971639,0.053472273799529,0.0410519456250425,0.0335066873052666,0.0535660499297573,0.0439723104331036,0.0515603082759179,0.0439520330635445,0.0337646683018724,0.0569667857685923,0.0477564183592521,0.0519070755878212,0.0486674421419184,0.0342216642819757,0.05566990252121,0.0441517010674965,0.0533474278635831,0.0492350539206514,0.0363016873097114,0.0571594948870936,0.0459127384303601,0.0547131022110958,0.0529063204171581,0.0395135072162182,0.0551918136495248,0.04286621592565,0.0520530322820531,0.0532116025473692,0.0341067508976721,0.0563563484540216,0.045752362477703,0.0530541143366343,0.0504050537451017
gumbel,200,181,1.33333333333333,0.25,7.8877250051199,40.2023580310203,43.8468886799806,25.5660201676309,28.5333612928677,4.92204710536202,20.9979522916495,22.8112175451343,13.7165261430514,15.1933075651619,6.40001718979689,39.8511266264865,44.2081748487517,25.5179025405142,26.9906912005775,0.0160294535014055,0.0934981272702504,0.0783153790747665,0.0677318317921874,0.0739293151078386,0.0209422421164401,0.105027123127908,0.114399173409079,0.0680625432875343,0.0742880201271333,0.0212508109199079,0.102283861456057,0.109677675795919,0.0656115167046027,0.0733388430862829,0.0197229506476196,0.100476581876262,0.109759308521518,0.0633644206431989,0.070503178244479,0.0194350541724906,0.101855707093385,0.110692396615244,0.0647313538505213,0.0709143322048549,0.0198825260609346,0.102541426076691,0.105629241242584,0.068534598189452,0.0753160617582651,0.0187018813242718,0.10070579360622,0.109539205139685,0.0635060790430584,0.0701173263644831
gumbel,200,182,1.33333333333333,0.25,25.3347398127104,63.9895331341731,62.6837732418776,51.8134391324136,53.7575621366574,13.6025937938174,32.8320902865435,32.1824882816882,26.774732112899,27.7424735553863,22.7190746950386,63.8666960613834,63.1943681376698,51.6834908967043,52.0539108807085,0.0507141198144011,0.156471419515518,0.157670551674285,0.125661074680656,0.126135583182161,0.065480912090212,0.159589057520375,0.154337038257411,0.129458002093388,0.133076504695038,0.0624992184523042,0.162131819106709,0.157420281462362,0.131308865298645,0.136226361204694,0.0581711799875288,0.159437807467212,0.155903579642734,0.128292694562089,0.131810956910165,0.0667420948567264,0.161034881671786,0.156071432635768,0.130702643490621,0.136311759249262,0.0515266710866642,0.149104198830877,0.149779023833616,0.120155910647945,0.119007011755863,0.0618184779791381,0.160529493719713,0.15731486264443,0.129720446218835,0.133353664057724
gumbel,200,183,1.33333333333333,0.25,29.773745215328,69.8214907993328,67.7525423083115,55.1912509827286,58.5268203726696,15.811017678687,35.7336258779876,34.7043206050616,28.4554703431409,30.1155915444831,26.2069717036573,69.5257472725451,68.3214973662928,54.8244654995381,56.418387886574,0.0792614170961821,0.177383522834375,0.172258901771392,0.141764345279615,0.144654534893787,0.0680294654200132,0.175883994170083,0.171428667094893,0.137798274106215,0.143037055704135,0.0750656519327673,0.175139152981358,0.169094289268354,0.137030049801126,0.144916269467822,0.0736843029718584,0.174215057293902,0.168593076099451,0.137209320435686,0.143417162810168,0.0726732567560497,0.172412352626513,0.167776906860385,0.133172325328685,0.143056945416464,0.075835754859073,0.175038446947453,0.165398807284175,0.135650507226727,0.151279976959677,0.0723076100997289,0.174592498169635,0.169619074571962,0.137064285280851,0.144256332079695
gumbel,200,184,1.33333333333333,0.25,8.60336914117864,15.7245126311769,12.9191892412681,15.5068133424737,15.5753545508643,5.27812111259102,8.82041630002814,7.4248304489384,8.71230211695308,8.74651324079401,7.52695870254402,15.8352683258273,13.3336618383406,15.3917208124012,15.1262751559366,0.0174776737164958,0.0429562436164972,0.0370210726957277,0.0412027930408223,0.0371751818551366,0.0222507129752049,0.0417018367947842,0.0360811629477704,0.0389134977816589,0.0395837385778021,0.0170612695739199,0.0402442756767158,0.0348611171750026,0.0368802016263656,0.0364767719613103,0.0219836139809037,0.0396775827461779,0.0318363714417296,0.0397559407836752,0.0387360890550882,0.017056186641827,0.0365433864347797,0.0302384043127375,0.0349347971582924,0.0339716457071093,0.0217753691201329,0.0326080432306286,0.0193199842169642,0.0416457989209722,0.0387310250414927,0.0214732723167762,0.0393074502358644,0.0317757508390073,0.0386484036714814,0.0389680177186994
gumbel,200,185,1.33333333333333,0.25,26.2984327579977,33.4269501001604,26.5404812575134,29.6334958740566,35.6760637612245,14.0807472042192,17.6274201193355,14.2015927801592,15.7403543649911,18.7464404116939,24.7600639755989,33.7436080149998,27.0057583316845,29.441726682034,35.5000355138907,0.0689899435602408,0.0779622728887648,0.051503535940324,0.078903023087457,0.0847593509100857,0.0672638559036947,0.0844255508957408,0.0689658002881583,0.0697354507890444,0.0891691796336521,0.0659795202235503,0.0863615471322193,0.0693254194285417,0.0753284695251672,0.0910512296890179,0.0673911099111068,0.0845809775575535,0.0668032791011525,0.075202875727549,0.0902102652686332,0.0647934264190125,0.0839036766822896,0.0666971730617503,0.0729291188841229,0.0889228339192251,0.0665962062387692,0.0792442249028943,0.058634496330062,0.0688184273711634,0.0831703217622172,0.0668925506963308,0.0841580295212962,0.0663367456437157,0.0747190406479282,0.0897604629058417
gumbel,200,186,1.33333333333333,0.25,4.66911616170355,19.9499963469343,19.5601785065344,15.0429228202539,14.8128205171847,3.32073741265132,10.9226216988713,10.7289252155563,8.48128248157107,8.36743969810755,3.65126359315828,19.7275400059809,19.631985236401,15.0745348805495,13.8166580229832,0.0163925944098548,0.0505306390975848,0.0432281943119448,0.0418795756387217,0.0406149272818243,0.0104594342898443,0.0491506209116008,0.0481357981074903,0.0361670030664454,0.034769880961149,0.0101903915623846,0.0495534687864288,0.0478496852825909,0.037935887210796,0.0362579856602728,0.0116615073530423,0.0503207906408857,0.0489850054807846,0.0377340576512395,0.0365165168733721,0.00911582515968321,0.0465246076604243,0.0469846877130208,0.0334834862713197,0.0312642564619642,-0.0339189595868768,0.00523409753629302,0.0163281946976167,-0.0123879359141178,-0.0292293152427038,0.0108510242907238,0.0484926389987936,0.046662592855521,0.037144291302326,0.0347383239686513
gumbel,200,187,1.33333333333333,0.25,16.9144814311071,21.4705047237048,16.2580139306333,22.0453928573393,24.506166542215,9.41233332740407,11.6790243118806,9.08606380029485,11.9650696169154,13.1892230319413,16.3798873487182,21.9054757499201,16.7446334284267,22.0302907618694,24.7351533042979,0.0460598011182909,0.058258148511142,0.044884622247797,0.058359401613438,0.0659609664460005,0.0428899888286906,0.0559880275853096,0.043002041169987,0.0572014578834448,0.0614941691876738,0.0432872898099179,0.0558226220763345,0.0415629692895264,0.0572912904751838,0.0634133978602968,0.0407327039610323,0.0521236242082539,0.0397047348318323,0.0530005321960772,0.0591867254395004,0.040548295183184,0.0533161500863054,0.0396805339961623,0.0535453446432379,0.0607283482806647,0.0472455272504403,0.0557849411419718,0.0381792615081467,0.0572078061658855,0.0654666083355248,0.0424746593182847,0.0530338960268701,0.0392416246740797,0.0546913061742582,0.0610197353179677
gumbel,200,188,1.33333333333333,0.25,20.548024057549,55.410088173909,54.7870476155546,44.0021440283051,45.258935591295,11.2206030240908,28.5641503175856,28.2547904500993,22.8884854712684,23.5143211047552,17.8139737519483,54.7297745566606,54.6890930755341,43.9759440085826,43.2519086210315,0.0559351076461364,0.142503566569923,0.139120163827145,0.114988989146458,0.117816414574832,0.0485681237907679,0.13951641815202,0.138467854615433,0.107881779180966,0.113052901277347,0.045816046985333,0.141516119748823,0.139903988046675,0.112062632089922,0.1136670490229,0.0521788791536921,0.13909003584417,0.135647626253024,0.111404397918001,0.113819101860484,0.0530425237233877,0.141253991013631,0.138878953065091,0.112584006253893,0.114899094887745,0.051661261728682,0.138403927286857,0.138637909896486,0.10409452905888,0.112907782933551,0.0498345520409398,0.138382590236101,0.135607336534059,0.110016566916619,0.112071833526315
gumbel,200,189,1.33333333333333,0.25,13.9773817097263,26.2836850153549,23.3016123177656,20.6196002131969,25.5378486565716,7.95135901839648,14.0731888224147,12.5894719119903,11.2557382063023,13.7027349134529,13.2377447893601,26.8154530007613,24.1386997325339,20.5847751633941,25.3856976061772,0.0336772841452432,0.0380274500799955,0.0282810375712008,0.0260619227835624,0.0515554500504044,0.0299248707899065,0.0569249946726682,0.0496199136599246,0.0448451554323914,0.0554908394485162,0.0349030364534649,0.0652919766687938,0.0578445539058535,0.0492876657883648,0.0627104627733424,0.0369461489041627,0.0686234778386512,0.0610968296752051,0.0543178052489663,0.0660900967525308,0.0323686712445878,0.0639932035072324,0.0571351500339144,0.048914287867587,0.0609505176021613,0.0326701020574234,0.0675890230719427,0.0609684891313425,0.0537436681730691,0.0621052179073165,0.0340122526965805,0.0661522985473729,0.0593543638272394,0.0508683037097917,0.0628550943499258
gumbel,200,190,1.33333333333333,0.25,20.3898533761454,32.9019182186823,27.2994020756819,30.734126515201,30.516202775254,11.1414124648772,17.3666508717968,14.5799291739675,16.2879265443372,16.1798767718224,18.7605903616197,32.6919752218445,27.2779467390055,30.5599413718133,29.8290310066868,0.0333370711278474,0.038905767882535,0.0233256311318153,0.0446687069816762,0.0327737735827023,0.055360593888651,0.0822368566060541,0.0653637539302414,0.078999062639141,0.0796661146409661,0.0498553399714589,0.0799712849114573,0.0644061002095778,0.0739080097650492,0.0742840072403978,0.0509632979962392,0.0807171038943991,0.0660342411423407,0.0756976473006716,0.0745487349026923,0.0534659095583548,0.0808861137418526,0.0645878518986013,0.0754247210559894,0.0749951097486555,0.0559435792362184,0.0840183013665055,0.0618551542638785,0.0809124895863736,0.0787678795072416,0.0514556167028419,0.0824752149518504,0.0674778863330963,0.0775395686075633,0.0761305097511575
gumbel,200,191,1.33333333333333,0.25,15.1986626863261,24.9421524935148,20.6603130725847,23.0188157574395,25.8867384416829,8.55876814019464,13.4060632988931,11.2760906296273,12.4493486153699,13.8759913734274,13.9728282126797,25.1554851205813,21.0706843203715,23.0009956292741,25.7533754603783,0.0322858767652085,0.0477436873819108,0.038667007807626,0.0524577692997878,0.0547744778778822,0.0424150475724569,0.065674720944096,0.0542123636366308,0.0600753522689284,0.0676874185347942,0.0383274071202104,0.0630809988314596,0.0510083061140235,0.0593595337123425,0.0646156180911645,0.0354688610997596,0.0613937641563341,0.0508378029457043,0.0557506422923535,0.0626110537018531,0.038796943336225,0.0617859819516233,0.0505530312816592,0.0566733540125877,0.0646821101053592,0.03961710328252,0.0651452405554861,0.0549428671217003,0.0611196919785671,0.0689954235925442,0.0381694925903967,0.0623011928988193,0.0514199418077203,0.0571293115835691,0.0646500447840232
gumbel,200,192,1.33333333333333,0.25,18.9773031717454,36.1570066327336,32.2568842228944,29.1831547008406,33.6295668274188,10.4391689474776,18.9854978898302,17.0453585108856,15.5162255647766,17.7282381423729,16.7207423151346,36.0406306720288,32.6050072038492,29.0215857532937,32.7593452807186,0.0458964736397465,0.0909777944067623,0.0723941111181627,0.0767845998699845,0.0883929936397159,0.0507098428082905,0.0879212417927677,0.0740411078782099,0.0717858803073121,0.0866992449440405,0.0485656201988564,0.0891131407682666,0.0785826974168769,0.072970748104038,0.0816592059324433,0.0451958013911292,0.0907983930872309,0.0807833018229345,0.0725575206329996,0.0839777756305934,0.0429523179390011,0.0922505598528726,0.08354599516151,0.0732805258434456,0.0837789448914627,0.0507286631025783,0.0953897826775449,0.0855284093808575,0.0766720245917761,0.0889285949724876,0.0471289869172503,0.0910107886166092,0.080715428876654,0.0731639408319958,0.0846469300649193
gumbel,200,193,1.33333333333333,0.25,38.5790614135213,78.5045760543082,73.6173829074296,67.3415962553159,69.9539074871023,20.1913556990818,40.053573600286,37.622481656698,34.5002719579393,35.8002339585391,34.8112688103037,78.2586052403029,74.1196417055768,66.9629828482353,67.8595501367197,0.101176133312388,0.201067058973665,0.188163702360382,0.173049091809812,0.179706091855154,0.0908506895470545,0.198239528574635,0.186411729712082,0.168446327194269,0.173170077676563,0.0962834963206736,0.196968185551297,0.1853551572965,0.16845033898823,0.175284213222599,0.0961070296269492,0.196810965070033,0.183687120725076,0.169046382885914,0.175232814438732,0.0924808747775779,0.194572318943755,0.182983173815083,0.165511983928912,0.170783324436882,0.0926792938732412,0.196308810571296,0.188071210812489,0.163117549447386,0.171209687982416,0.0946630480064604,0.196123807814297,0.183660039564978,0.167788255679024,0.172861018611257
gumbel,200,194,1.33333333333333,0.25,17.0945604510704,39.74766737198,37.9916933036901,28.0232549814184,32.630984810744,9.50251399932569,20.7720286390157,19.898642832737,14.9391307117151,17.2317518907471,15.6193350513977,39.6229749758959,38.0155059273009,27.8974791114413,31.9257633352051,0.0388038570539192,0.10343839432894,0.0999791089274233,0.07259160503283,0.0852392956628713,0.0442482753375553,0.100975758260843,0.0971899639936665,0.0701933817715351,0.083209849020274,0.0437454831844505,0.100452782277744,0.0958709799550121,0.0712576741600181,0.0826556633569565,0.0427910221019669,0.0996445312814284,0.094092820179642,0.0702989303873934,0.0818695131966077,0.0419819153369375,0.0971402727671278,0.0888501762955916,0.0703751043832138,0.08019515045008,0.0475840817381863,0.0914951786145484,0.0836985973664634,0.058017039579364,0.0830805221043847,0.0424786057689087,0.0997843068792435,0.0946141439614959,0.0705701010869926,0.0816366644177702
gumbel,200,195,1.33333333333333,0.25,11.4103336004125,39.524587205106,41.1117322194772,25.0640127387994,27.9128514130052,6.67454393007695,20.6611593317521,21.4508799670817,13.4671586391371,14.8850238396275,9.95106907175137,39.1450266499466,41.3259349149834,24.7431599388921,26.5564607814759,0.0290482570476556,0.102574376669541,0.10112864029822,0.0673731893853169,0.0742920148038445,0.0294936140326497,0.0974054436563799,0.101434248025195,0.0618516071405771,0.0693054603808659,0.0237956007125931,0.0919569278815502,0.0952937901644876,0.0576167396925683,0.0607109947721245,0.0276706331577422,0.0987637309217812,0.10211368964258,0.06269677248917,0.0686040743372692,0.0299956669973586,0.100921204149554,0.105051030297638,0.0642591011716838,0.0709118474222575,0.0315255832857839,0.102415719204787,0.106658538130358,0.0676244570359158,0.0725544945938555,0.0270590063562071,0.0990167203433859,0.102772994221922,0.0626114132020778,0.0683963129104253
gumbel,200,196,1.33333333333333,0.25,10.1069858093435,15.1837575637768,11.4351637239598,17.4845230224892,16.3609999766632,6.02594023708158,8.55156500399844,6.68701215651035,9.69603981859758,9.13725898934317,8.88026049492776,15.2535949310287,11.7722154408227,17.4599952093154,16.0235760969469,0.0268166261322312,0.0405640279193718,0.0317802837122141,0.0456805615998334,0.0421151672888525,0.00383594835209805,0.0397322241456942,0.0311947891456302,0.040818975571468,0.0368680879895565,0.0230661357629434,0.0347691277462852,0.0260246580166002,0.0397622567733417,0.0365505720719571,0.0237960422394677,0.0373639460127874,0.0274267024353173,0.0436079155923597,0.0399649754016206,0.0245953815345036,0.0379619948651733,0.0288800823042503,0.0427373964382422,0.0396947596139322,0.0267338880380319,0.0428775442438918,0.0335840648168687,0.0483782120944769,0.0451854535237221,0.0253133270016504,0.0379176296649296,0.0278703983323042,0.0440997754407447,0.0409462659764972
gumbel,200,197,1.33333333333333,0.25,4.05884418793614,28.3713885227338,31.4414764900599,17.0428072445601,18.0129911932262,3.0172406989316,15.1124317218453,16.6400451782933,9.47656035546257,9.95950810570881,2.97855762804849,27.8813937901167,31.4823716893341,16.7916869102257,16.8588450539736,0.00645719536747323,0.0703138518114442,0.0795244823649911,0.0363086958381212,0.0461066890907371,0.0125771709278571,0.0737231740484074,0.0814308630918833,0.0453721690492544,0.0474031505248405,0.00886506503848604,0.0702491936669089,0.0790861611026498,0.0416514154898675,0.04202372860289,0.010464134145865,0.0722703960855991,0.0797712638406435,0.043272613198706,0.0452973519836023,0.0075081516796374,0.0699556515821023,0.077341731034392,0.0409052677925313,0.0419858292366002,0.0151445040984112,0.0721171105246099,0.0750460235328741,0.0465297577620877,0.047930923166762,0.0093533351942158,0.0709971964282539,0.0783456123461192,0.0422304640797594,0.0441521922758446
gumbel,200,198,1.33333333333333,0.25,20.7483876799311,44.8005653964989,41.7874063523811,35.0408834855135,37.0138679366623,11.320933258026,23.2858165097999,21.786643503158,18.4306411441909,19.4129132249195,18.5393313991646,44.7601485688132,42.2481606132276,34.7563017343833,35.53675496241,0.0545778661050952,0.114005866723397,0.104047000368045,0.0913537791110638,0.0971290405386036,0.0463026778789082,0.114258731662004,0.10604191599807,0.0873319504604701,0.0918818470904758,0.0459053160185775,0.107367721598815,0.0998653981661604,0.0824540967230699,0.0856198063352553,0.0471495364348613,0.110567932489156,0.103579915934901,0.0852307673052891,0.0869320353002328,0.0449421264984476,0.109191282351022,0.102240142318725,0.0853278108313836,0.0868379444174915,0.0235152765959519,0.073323716321521,0.0636896826451716,0.0622515762913197,0.0483760952288412,0.0503235222885273,0.112645707751834,0.105140676396229,0.0877704422758542,0.091419115210622
gumbel,200,199,1.33333333333333,0.25,1.85802607711185,6.24921434648669,5.47742890027035,4.95055919559912,6.96238340377248,1.9217879024588,4.10609067200936,3.72221720586132,3.4602081055169,4.46108191242205,1.99036431080816,6.66142347431227,6.02990364718753,5.08082797818591,7.18911490861009,0.00851875152339024,0.019573111279736,0.0172105118795829,0.01725110912602,0.0219304604451765,0.00575662192549644,0.0158408680504321,0.0104081717661511,0.0147779979817808,0.0187979673348077,0.00780968187177956,0.0185725051073993,0.0161288682857338,0.0160455476852035,0.0197369281580172,0.00341556403281476,0.0166762951702588,0.0150032691821945,0.0129823735296542,0.0172111953471367,0.00746993142938521,0.0185541433588163,0.0159888753682383,0.0157049996498524,0.0206874734925844,0.000712440820109789,0.0198740578797935,0.01868561797157,0.0170877703219597,0.0211796521821992,0.00534212637436029,0.0165536624162384,0.0141930782968069,0.0132206055987938,0.0180035742221229
gumbel,200,200,1.33333333333333,0.25,1.86619999740631,19.0223953637119,20.369208165642,12.1714315783655,11.8505026046741,1.92635394177643,10.4611282283609,11.1311917148319,7.05297944841385,6.8938344937517,1.10812380417623,18.7661722047821,20.6973562876035,12.0015271783267,10.8783053885312,-0.000326470067477539,0.046246416125014,0.0520346679786811,0.0296258663709816,0.0226988031477121,-0.0139458517557918,0.0389799372894885,0.0458368195600515,0.0168792620194609,0.0174458975711431,-0.00266638933800175,0.045732495236456,0.050815921691058,0.0278006563274578,0.0230395627226529,0.00309285662161645,0.0477568591504438,0.0511914596508539,0.030219353193051,0.0285471870224913,0.00218665562425808,0.0456730976562856,0.0492169000549028,0.0280443055274044,0.0245749175139189,0.00522540864994878,0.0516884197712065,0.0518872724921546,0.0352620860347941,0.0333434361184052,0.00411265275300147,0.0475814711914729,0.0507211608712534,0.0302189485972417,0.028591027093435
gumbel,200,201,1.33333333333333,0.25,12.1040325287166,51.6840681011711,55.4184872682061,37.3973194227827,36.3064442305972,7.01940999889057,26.7103078503793,28.5683454958294,19.6027202015159,19.0615092861018,10.4644940432692,51.1722991315698,55.6953087435232,37.2487965192199,33.8109365910368,0.0127088067199581,0.119759329212394,0.134950530962529,0.0784583704174815,0.0641002601614861,0.0311364410615678,0.125221645684714,0.134441078413583,0.0909865240867116,0.0856782713761976,0.030681520274695,0.130213741593258,0.139252762798345,0.0952879113199749,0.0893368531290423,0.0298899072532046,0.130473725317409,0.139573856159745,0.0937760634332136,0.0891575075914115,0.0334981074350362,0.131377952609327,0.139687818673637,0.096659165911045,0.0912138228759482,0.0314783349206304,0.132829881430359,0.140442310394328,0.0957783939037696,0.0947048455523388,0.029771534686488,0.129613410377819,0.138679647759134,0.0938319691307389,0.0878444663867303
gumbel,200,202,1.33333333333333,0.25,16.2524012186496,41.9134182218156,40.272556951756,33.6371500415605,35.7123870233184,9.0837316989747,21.8491354479237,21.0326210471548,17.7323466295911,18.7649841734435,14.0854506048561,41.9837486386092,41.1801716550364,33.3188680916123,34.4866185442451,0.0455092538903348,0.108721231504868,0.105567488240418,0.0864184155725156,0.0921800142957258,0.0439709978556875,0.103514544603077,0.0974330251614323,0.0854108344138734,0.0898764110230688,0.035124370506217,0.103600335383917,0.100408607080638,0.0794215562495042,0.0850304483635796,0.0400189164449454,0.104995839009502,0.101209557513032,0.0831489224834042,0.0884724777094591,0.0356725634944941,0.105327296923338,0.102460203778038,0.083946802114814,0.088074445160019,0.0455434509623694,0.0752198897843339,0.0542247130250094,0.067856111440257,0.0729799390338372,0.0394477706931603,0.105653925646279,0.101935737013909,0.0836873990949329,0.0885132025608716
gumbel,200,203,1.33333333333333,0.25,22.6617193051436,59.997935193916,60.5332545305269,39.8042744629418,46.021209701623,12.2730254916274,30.8464321459664,31.112654960292,20.8003126691285,23.8940722535282,19.5838730875175,59.5434658492337,60.9292325852974,39.5235462172191,43.8610064697355,0.0533578324491041,0.135158520179498,0.139058946802943,0.0714132506633381,0.0904289613575232,0.0443267506894384,0.142639019921292,0.145075438029714,0.0923575580587495,0.101178914956082,0.0556114509406311,0.152531201021062,0.153954911954735,0.102070691600352,0.11481945928177,0.0548330703733287,0.151302006880276,0.152234750634908,0.100403891111001,0.115271952137978,0.0557818856043263,0.148356447461239,0.148043464682982,0.0999263812009665,0.113642626140682,0.0614912626807079,0.153033414024151,0.152999110897928,0.103917959678961,0.118283201127238,0.0541279405436574,0.150079224462779,0.151512671752862,0.0993289789952883,0.113182453382875
gumbel,200,204,1.33333333333333,0.25,20.7058444705492,34.1335032917974,28.9220711072338,30.3566276179151,31.9947075195984,11.2992139123448,17.9790408930482,15.3865751077944,16.1000575443611,16.915347232231,18.5998139837691,34.1064270416056,29.2109308215926,30.2246707269016,31.113455656726,0.0441929621180325,0.0900924203232855,0.0733936285125441,0.0797748594132573,0.0845869179848911,0.0508585400637392,0.0843455646383429,0.0716357328875244,0.0728523084131046,0.0785806423660417,0.049556612012716,0.0809390799584206,0.0670781903625567,0.070659130931917,0.0762295863459653,0.0517318550170879,0.0853976167712808,0.0721023085882148,0.0748953474745839,0.0796139528139894,0.0490171202415311,0.0865648620406422,0.0727106360241944,0.076206617023321,0.0802667140400435,0.0405215526012134,0.0742346700265763,0.0645654319958082,0.061924251476433,0.0598204490827321,0.0505675447863271,0.0852294392771115,0.0718631189964249,0.0754107201510712,0.0790964945999172
gumbel,200,205,1.33333333333333,0.25,14.9487152326753,30.3339494546557,27.0952856701896,25.4617122579652,29.2204253692756,8.43486841668194,16.0882582189714,14.4771516373992,13.6644966573003,15.5346927064925,13.1834956116228,30.4767452269542,27.6224008848412,25.5640173030316,28.3860945399752,0.0352053083841478,0.0691564098135849,0.058672637769914,0.0623877924813453,0.0657497993933448,0.0311788083111268,0.0767089340066124,0.070879954697298,0.0603743677567701,0.0687993878169466,0.0345564669801843,0.0749995620193785,0.0667048876480912,0.0609816057388726,0.0718257326301166,0.036512753982386,0.0767553470730002,0.068604268352197,0.0641325923301491,0.0726992570666443,0.0351974885687414,0.0757584602025686,0.0678178746349359,0.0638591794784587,0.0716702381590474,0.0423541962671289,0.0802026906432143,0.0717944947738858,0.0686532770859586,0.0769010116589935,0.0362751346544044,0.0767945288174336,0.0682423726032122,0.0646065582085164,0.0730620796751082
gumbel,200,206,1.33333333333333,0.25,5.70570257877124,38.2620103724699,43.4141388434484,20.7994613994844,25.8836560026987,3.83655803937995,20.0324846869472,22.5956220959589,11.3452072752999,13.8750353015838,4.47449276672666,38.0141071703626,43.9831575798247,20.7123623852239,24.4585599392108,0.0130657662196549,0.0981720831657869,0.113039537033601,0.0523165872322629,0.0660895888934663,0.015310606653566,0.0986077260184013,0.111174080347972,0.0547277980798566,0.0681873189709418,0.0163574926874338,0.09922608014396,0.112681112113422,0.0543422162040927,0.066515899988397,0.0132239151960125,0.0964559491516967,0.109605046352397,0.0522837387943497,0.0632778094252306,0.0105350606349949,0.0962274972340862,0.110039819033788,0.0513415015243237,0.0626409968310075,0.0142066636520389,0.0909143619572795,0.107034873441866,0.0481345984927321,0.0511902629329786,0.0146589373585913,0.0965185966725068,0.109102822660262,0.0525732483758324,0.064644357237938
gumbel,200,207,1.33333333333333,0.25,1.86043670218158,29.7211280743968,35.3537969761432,12.9811197375301,17.1050617713423,1.92329453812711,15.7835871190422,18.5858070250706,7.45578077683729,9.50764679690497,1.42835985497552,29.486941587374,35.686756488971,12.7802116687483,16.3011905963425,0.00628283228789566,0.0767916883340534,0.0926721723616788,0.0336536184051169,0.0395915678511478,0.00225854060881718,0.0758331469796967,0.0911662829385119,0.0309788741406753,0.0448651290553413,0.00568420477959559,0.0726846751668107,0.0869186907181452,0.0306079049963201,0.0404021715462543,0.00346798815776354,0.0729869089704749,0.0862939048642746,0.0313890682127219,0.0409733249728277,0.0049674543154156,0.076722224594426,0.0897194196680062,0.0354953670019773,0.0448679626701713,0.00594919093520324,0.0786129680917543,0.093383951731645,0.0361487050064049,0.0443063615411523,0.00411715697709958,0.0747411662595352,0.0890423257915351,0.0319847528056436,0.0419969587565375
gumbel,200,208,1.33333333333333,0.25,5.06551473506266,20.1664776811607,20.3960700793764,11.304080851736,11.4883131763702,3.51849175347118,11.0307399711528,11.1448551264121,6.62186634722984,6.71423910822499,3.79002358337584,19.7233848782775,20.4309866100689,10.8441085233339,10.119786156982,0.00451324390095954,0.0417589798969051,0.0426084980740524,0.0232569423916779,0.0109651835368613,0.0101613383710423,0.0472735632371188,0.0482467554047529,0.0252090351690864,0.0261973688466988,0.00575630399855961,0.0468513181365893,0.0489305566164356,0.0242574625914716,0.0219475665588159,0.00876511945535216,0.0468493813623344,0.0480345248985586,0.0242277392360424,0.0235263297897512,0.00944496771508733,0.0471578041010294,0.0477699952589193,0.0252057612898261,0.0223454286150592,-0.0141182905719859,0.00895538249497696,0.0133537045189742,-0.0163212348868789,-0.0443911289269568,0.0103823622127078,0.0487882803936733,0.0495505746690649,0.0264474319760135,0.0254767645132702
gumbel,200,209,1.33333333333333,0.25,6.05061788051357,21.997880572037,21.3124124699461,15.9892578046748,16.6827278992835,4.00807635293402,11.9413940782671,11.6004477987536,8.95231275523051,9.29762039947531,4.83372972673773,21.7812745714957,21.5080580876263,15.8542285513346,15.7299774306502,0.0200372658224903,0.058786595276439,0.0566319778798274,0.0436959289954568,0.0464785366422354,0.0146640794265388,0.0508877634563362,0.0479329195944057,0.0385243071926678,0.0398126779566152,0.0136055646135567,0.0571583965657005,0.0547622123530294,0.0423721575614162,0.0419943839159807,0.0152031231698166,0.0570394812748147,0.0553508877117595,0.0414358463091936,0.0423570841336424,0.0178498179130286,0.0560885148566059,0.0536777980204683,0.0415443591003242,0.0422140475297883,-0.0326486767632341,0.00654752813801135,0.0133065333774042,0.00714877458876952,-0.0252399407986074,0.0125450089118411,0.0546501928125002,0.0531082439695601,0.0387027088199523,0.039515854551419
gumbel,200,210,1.33333333333333,0.25,12.2052283227922,27.1000568362722,24.0764568719478,25.061418259856,23.0886836145676,7.07023012223957,14.4800118732094,12.9759889100342,13.4658262969493,12.4848162387643,10.2850416377916,26.8329178734094,24.3084921977093,24.8265777068753,21.9451332499127,0.0127675629680197,0.0502647997737517,0.0508160465291177,0.0447888188028297,0.0343874582709591,0.0315910799618238,0.0627349774696467,0.0530062962238101,0.058831327271846,0.0531318194379769,0.0315302907599794,0.0617799352715603,0.052181468228403,0.0572243485135768,0.0543200349291562,0.0279538088273258,0.0663339736715843,0.0585559313907996,0.0611067724966927,0.0547787874491823,0.0284774162555627,0.0632060432709259,0.0558135218413571,0.0586196630444356,0.0535832913685163,0.0353626015624607,0.0698433232002943,0.0610137287906325,0.0632134656500868,0.059279468608392,0.0283016634601713,0.067681476322275,0.0597405210649479,0.0627318622276695,0.0563351669189118
gumbel,200,211,1.33333333333333,0.25,15.0649837992241,37.8435451289188,34.7794934096499,34.2346839504067,31.0403627992475,8.49349753915485,19.8247730128374,18.3005000499687,18.0294744905832,16.4409500882965,12.3478411917466,37.4493364909014,35.0895714748744,34.0501440801799,29.3554128776948,0.0321695066670238,0.0945003966624307,0.0892876789408875,0.0836301538535347,0.0778204288001099,0.0409376099223383,0.0982968071159552,0.0911304010057358,0.0872046220241511,0.0791650770817283,0.0370353520488277,0.0948406742844004,0.0860462410504898,0.0867852646698007,0.0783970016704624,0.0309543962166513,0.0935045090707981,0.0868162168833445,0.0830772534245167,0.0730743158033237,0.0268604619732035,0.093293390931198,0.0874019631989644,0.0833844524350552,0.0726446838303723,0.03778070935075,0.0750217004871632,0.0581449055570881,0.0780656369963573,0.0740186840520658,0.0332314301730635,0.0935884936706675,0.085942762826543,0.0842062742068839,0.0747283341547795
gumbel,200,212,1.33333333333333,0.25,1.40181376336527,35.0351268336031,42.7356898683171,20.322861529357,21.0834586605344,1.69491754938346,18.4273329271322,22.258512267412,11.1083242670826,11.4869260517944,0.911069846266639,34.5798664000199,43.0941840312773,20.1110529919518,19.9126239197899,0.00745860576499833,0.0854038502509754,0.100623107225207,0.0487000421499752,0.0523648461995118,0.00741913004009651,0.0914721326998988,0.110865105881406,0.0547833655990296,0.0552567884448813,0.00222837001661011,0.0864872572870858,0.105387512720301,0.0490960028719862,0.0502268241387412,0.00280988295814694,0.0863368975029583,0.105565700258782,0.0483561275463094,0.0497149716058462,0.00473169619371872,0.0898267972326655,0.109487157577067,0.0522890279189387,0.05335890979017,0.00833654983464783,0.0916373245009878,0.110312890817082,0.0538142834794009,0.057513351299414,0.00361117728537754,0.0883737067665504,0.107438438618213,0.0506880033969635,0.0521451900900126
gumbel,200,213,1.33333333333333,0.25,24.6828662407522,43.8594944760226,38.9208557154531,34.9123589944461,38.9866260259478,13.2777226942054,22.8177660515775,20.3610301645232,18.366559929902,20.393826614546,22.4721431983317,43.7236494819171,39.0312265420599,34.725225882933,38.048109504992,0.0659792127622711,0.114109693729978,0.100575534299143,0.0921626098017441,0.102431345721785,0.0654407370166512,0.106489375089912,0.0924697331361144,0.0834494982807772,0.094643916025281,0.0632513166132818,0.108510743263955,0.0923008623971172,0.0872938499473228,0.0969263688618306,0.0617431212834161,0.108482167145307,0.0946407633308205,0.0870440642685112,0.0970782279680149,0.060507441391647,0.111135881387274,0.0986388275956552,0.0891111411223958,0.0977554291573145,0.0639190560026822,0.112650623431622,0.100935391983113,0.0911850274453833,0.0993292447812994,0.0607268451959051,0.109663147301087,0.0971764008181247,0.0870144635558499,0.0965750011044856
gumbel,200,214,1.33333333333333,0.25,16.5565309673561,42.3648495525729,41.6949725760323,27.5963856452754,33.2791857643045,9.23467990738771,22.0739239404105,21.7405759039959,14.7268992343239,17.5547151635849,15.0085348605843,42.3154825057568,42.1047059806499,27.3615986712996,32.1820112359415,0.0295888759018653,0.0941923178391353,0.0925918155361648,0.0617536694317646,0.0687590980205519,0.044903460804419,0.107781263779242,0.103487314809737,0.070889380276301,0.0861242920817415,0.0422168163605893,0.10617251296427,0.103615352455028,0.0688918184045834,0.0820297992149269,0.0418004522480759,0.106161790044209,0.104262494627503,0.0689401330705393,0.0822000674532637,0.0407664098347833,0.10780191277273,0.105806403073896,0.0701059149095266,0.0834293509833834,0.0266838898025779,0.0768518840932978,0.0794685557685009,0.0423926617787978,0.0475861724298208,0.0398468833159371,0.106332450241535,0.105027057417436,0.0685645122559013,0.0815175107845037
gumbel,200,215,1.33333333333333,0.25,14.050879730204,26.3013593721937,22.5037748141246,27.2798743993785,28.2135151800868,7.98752330226243,14.082083532921,12.1929248407242,14.5693415724741,15.0335435891283,13.0833966377913,26.7593218437672,23.4369192670588,27.149115349732,28.1334697668618,0.0385250044662726,0.0702373156429163,0.0610904950291585,0.0709217723141186,0.0739526401734852,0.0340451044322217,0.0644293134413608,0.0560504137126378,0.0675990587611142,0.0682071884501307,0.0355133471277932,0.0675666150710672,0.0578352755337178,0.0690136181821798,0.071757144363266,0.0365387517011242,0.0678264780910118,0.0578866284147833,0.0697833456183954,0.0724497262063039,0.0330657534255168,0.065308021529822,0.0547881513118655,0.0654632296489829,0.0692359032150131,0.0390517420400387,0.0679779991398442,0.0539557514763381,0.0729493505547445,0.0755072970369381,0.0359656780624544,0.0669157219592834,0.0571639960053108,0.0684820778488395,0.0711235660037405
gumbel,200,216,1.33333333333333,0.25,4.66824407686807,27.8749340823434,30.0841066179663,17.1243775816312,20.9260022092753,3.3204488670293,14.8648676627377,15.9640570662585,9.51661698840354,11.4080546202198,3.55540201947584,27.7863190246607,30.4928693983448,17.2511634203373,20.1808068147434,-0.00694406756030617,0.0681764185577149,0.078218527365077,0.0404927118498458,0.0442935264824055,0.0156855344158387,0.0726469919158614,0.0773001939707809,0.0459299635502739,0.0564459527639925,0.0076441357402493,0.0676697743460408,0.0741205437994654,0.0415025006503072,0.0486008024725979,0.0120214266515704,0.0714737555744093,0.0769813283569036,0.0441919447316449,0.0535557378462271,0.0115620000009595,0.0712213736987774,0.0759723541126395,0.0437934746150609,0.0532783297152922,0.00460654224802059,0.0687898913917145,0.0744500006239829,0.0424757113746921,0.0515485666996169,0.00915782532887873,0.0698051435622539,0.0753639093268205,0.0421628891878014,0.0514300909817062
gumbel,200,217,1.33333333333333,0.25,15.0365436621622,48.2183503219223,49.3751466548282,35.7452891184609,35.4184846552718,8.47866777128448,24.9865558534469,25.5625295396715,18.7810867670275,18.6189714283015,12.903112191582,47.4950766500289,49.2914304626755,35.422783126069,33.7119012025223,0.0392691626246555,0.125341988437159,0.127045983847352,0.0941671416352372,0.0933137466773137,0.0399372997809471,0.120706114925939,0.121945381275267,0.0915285936758453,0.0882075558582473,0.0396935987672995,0.121738156726593,0.124132507720136,0.0906710915589401,0.0882065480046765,0.0357790273566534,0.121726831835648,0.123701924743943,0.0905246221275118,0.088585648977354,0.0373346548482618,0.120403159959282,0.121456149432712,0.0897749746988221,0.0868394060204266,0.0328764713225756,0.125526310932944,0.125360496376882,0.0930720930518239,0.0891453892861607,0.036684450628858,0.118594705464423,0.119933782169398,0.0880682088769388,0.0865576663042495
gumbel,200,218,1.33333333333333,0.25,7.31896544894066,26.2985702758533,26.4243454253203,19.0365059779253,21.2813516074453,4.63827901323743,14.080763508266,14.143477416771,10.4681415043277,11.5851822574797,6.81146562631756,26.3999484444282,26.959550124537,18.9995123049714,20.7622631952559,0.0126799410883686,0.0700918931551764,0.0710182812993401,0.0488297773301684,0.057273762215924,0.019779529010392,0.0678008416973485,0.0663165106019317,0.0495755880451359,0.0555404987528921,0.0195932279703143,0.0663624860544261,0.0666878593875378,0.0463946511833152,0.0519850393201451,0.0196066199178495,0.0672543791564342,0.0672486067111147,0.0487497366348793,0.0532819414132299,0.0218689838095665,0.0675556838513609,0.0673578474885831,0.0483834149394229,0.0549707428351313,0.0232710639081629,0.0704337658153953,0.0709233984551857,0.0497561273551635,0.0574089400410321,0.0188238441586729,0.0660608468099619,0.0659044683649771,0.0475422755656488,0.0526689161625966
gumbel,200,219,1.33333333333333,0.25,16.2005246752551,48.0719347924832,48.0215309890422,38.1264872527938,42.1561124754658,9.05722260754626,24.9128045568199,24.8880179496495,19.9651449947402,21.9698952870624,14.3384342310535,47.9731907536002,48.6218253345626,38.2071308610555,41.0407746026052,0.0424987283633391,0.124073631516579,0.123943130925238,0.100312471764648,0.110082505621656,0.0416490649514707,0.118737035482711,0.117024474408222,0.0959662701236627,0.1039102442502,0.0378748597854305,0.12075197274441,0.121742893509716,0.0953216694158717,0.104315510735973,0.0405887300763728,0.11952205938282,0.119035574940164,0.0945771926545746,0.104338412538625,0.0428720664582534,0.119131747843199,0.117739414535905,0.0942648074369193,0.105357774475814,0.0430223220487694,0.122016263759708,0.124189663218582,0.0858742656307108,0.104787458932218,0.0403539249165099,0.120816386144042,0.120219568804453,0.095447189485947,0.105601636704581
gumbel,200,220,1.33333333333333,0.25,7.59792975369354,21.3651808796457,19.8461271264841,16.8316901866576,16.4408348239594,4.7783831520825,11.6268666752606,10.8711585916134,9.37163141532253,9.17746187296215,6.3915507425679,21.1899387112451,19.9946142577778,16.5165080917887,15.6539929823882,-0.00146797333859539,0.0530433654783061,0.054326282844089,0.0381077414105504,0.0374777976311484,0.0207286934892779,0.0548654473053299,0.0505439051747996,0.0438950088338297,0.0438128121719673,0.0198077528423297,0.0533985637008,0.0492068592384396,0.0418078076853102,0.0419632201733541,0.015194098737001,0.0513284906326818,0.0474191703665443,0.0402976112200127,0.0384463660984553,0.0212499113296492,0.056489786946663,0.0517957671299914,0.0456900884744357,0.0435534324654969,0.00693801011123891,0.0584120182102654,0.0535174210602841,0.0470333946131894,0.0445933337676881,0.017601320762225,0.0530635599321585,0.0490924023326599,0.0411670634502567,0.0397718491342664
gumbel,200,221,1.33333333333333,0.25,10.6262486805062,21.2355997042232,18.6075838365427,16.978246836841,17.6645130251426,6.28456436180763,11.5624309914344,10.2551602644244,9.44437871813123,9.7863355560119,9.0433865611901,21.0033898568487,18.6899098700339,16.7923644089828,16.6491605179682,0.0276423573678869,0.0221131362221446,-0.00452720885203667,0.0334881153412108,0.0299060805935208,0.0255319023121837,0.0549736852181202,0.046356255201262,0.0444121648474897,0.0461613449508314,0.0238865394745159,0.0555380210601844,0.0488747421218297,0.0423140259092176,0.0436465570718023,0.0245084045497137,0.0515346332936541,0.0449301560979045,0.0419788006091158,0.0404780170952736,0.0280823800049207,0.054314850036132,0.0466243079665881,0.0440841636001086,0.0454713049024109,0.0314990930904257,0.0564550296481298,0.0495222992307305,0.0446669318758,0.0485319986126852,0.0261195605993413,0.0524036248289974,0.0451819524200055,0.0422153704049159,0.0429269687826121
gumbel,200,222,1.33333333333333,0.25,17.1919721087919,11.4647035790971,5.39918806271764,16.7639781463994,15.9774756962011,9.55070655874504,6.70169781527036,3.68443398293377,9.33767326790633,8.94664562415577,16.5148365458501,11.7220119377663,5.55414885461145,16.7090474246393,16.103775223499,0.0460331525787187,0.0282288029940164,0.00525100673954029,0.0464570898827178,0.044418576042498,0.0385184242026087,0.0037832386826324,-0.0180676738352659,0.0317193611795498,0.0198442347768639,0.0391046367051141,0.0304396588948269,0.0160123855133547,0.0422449656231591,0.0390394011272831,0.0430154281092709,0.0272467161888653,0.0116008449945002,0.0408427043314159,0.0386591047600724,0.0391491139473438,0.0252699612285687,0.00963721071017199,0.0397781974670158,0.0371156403040665,0.0379121872421987,0.000617649981276973,-0.0278827637612462,0.035256081711604,0.022194263803781,0.0410865730200837,0.0271377633183975,0.0117852623341673,0.040562113229681,0.0382659028512915
gumbel,200,223,1.33333333333333,0.25,16.4948611276406,55.5700877619988,58.911386575064,34.1880179756415,43.4982162146562,9.20390185729234,28.643129404171,30.30529905239,18.006005898365,22.637964837638,15.0127629942573,55.5392933544783,59.4949375420461,34.0768576621643,42.3572960827,0.0316812328079192,0.13688310453666,0.150425457684462,0.0806421356822249,0.10041580954842,0.0416567487703815,0.142503350735212,0.150967932882173,0.0869708576354833,0.11050420193859,0.0392938682048526,0.139300569588519,0.148597648652518,0.0857347066978901,0.107805002820484,0.0377810618929835,0.138900782519047,0.148416952517767,0.0837633992904613,0.105631784789227,0.039474316907278,0.139981876965301,0.149941016491385,0.0829717204619614,0.105659446539598,0.0458947530467756,0.141974191406075,0.148689411154225,0.0898888154987794,0.11238316907872,0.0412025715378789,0.139876505652093,0.148532408015468,0.0856110937138288,0.108731658243237
gumbel,200,224,1.33333333333333,0.25,16.6059374496966,23.5323420689592,18.4430871822945,22.3463522188631,22.9458122051292,9.25950791859802,12.7050443321694,10.1733066657278,12.1149534028384,12.4135805886255,15.1090258808113,23.5997414326107,18.6936749479129,22.234630448239,22.4092275381023,0.0336542063499844,0.0596401707669248,0.0362521688690756,0.0606466024987505,0.059884861875905,0.0388679715650183,0.0613628687841037,0.0487675690619857,0.0560918636135467,0.0560629436112647,0.0400716610020789,0.0604074634869592,0.0460509703766605,0.0568903602224665,0.0586999090255742,0.0401771643510744,0.0587846897138693,0.0456869007528403,0.056167575412088,0.0570341474476635,0.0433716548871709,0.0584212600906437,0.0450791667179835,0.0561566873826755,0.0569863122019582,0.0437056029869528,0.0633817354539461,0.0486847950082173,0.0605955667590761,0.0615399736517938,0.0404509644692684,0.0589264464811264,0.0458920286419299,0.0559321322008608,0.0565826350841311
gumbel,200,225,1.33333333333333,0.25,15.3030666039279,40.0482183827976,38.5112585564846,32.3792292317489,33.9382609379133,8.61116585311076,20.9212628897913,20.1565774341774,17.1064275501772,17.8823310293082,13.5281802647021,40.0514210287054,39.2061942095396,32.1259400731178,32.7037935149865,0.0431143822175549,0.104849577784077,0.1008374709104,0.085711659222416,0.0895584438065323,0.0322152352046725,0.0978813199035751,0.0961693727313757,0.0777266704558678,0.0813306620727303,0.0368642447040738,0.101830831038027,0.0991576728780681,0.0806917386971687,0.0853446675118612,0.0388904561838431,0.101637917567427,0.0972877002612952,0.0821030976583028,0.0859067895499912,0.0358399036757765,0.0998666757317627,0.0962340080035454,0.0792774518076618,0.0827477921040642,0.0420734980815155,0.103460122562922,0.0988384773923231,0.0859353334092038,0.0896489473677961,0.0375643163630525,0.101171334108586,0.0975150078737716,0.0806941772065008,0.0843222834595586
gumbel,200,226,1.33333333333333,0.25,28.5186353912253,48.6552971804824,43.5744039906464,36.2426616202512,44.3859644403661,15.1858454546681,25.2033951804553,22.6757594268745,19.0280997491208,23.0798334371154,27.3238967814085,49.0786327506428,43.9648787332826,36.2517494366315,44.1780159681433,0.0756912649565731,0.123012468823396,0.107579495855228,0.0936220130657702,0.114421045017663,0.0712953033718052,0.124005145344468,0.110922676313652,0.0941332651953353,0.112697876071712,0.0686136281907574,0.123103538588274,0.110551270186977,0.0911270289924546,0.108553184700172,0.0710637306424531,0.122772005845362,0.109915642364439,0.091673904263058,0.111249606406844,0.0670493432802407,0.11681900308529,0.104253938888926,0.0871620488330846,0.106201709764982,0.0757013259354989,0.12040327374916,0.108074174192545,0.0867498135262413,0.113205364127368,0.0706392838828179,0.121714952702891,0.108660454930827,0.090695674694001,0.110333751328016
gumbel,200,227,1.33333333333333,0.25,17.634517678672,22.288342992344,16.3573663574956,24.8488696197905,25.4125727578364,9.77005727278199,12.0859948683099,9.13573957994123,13.3597780053683,13.6402577551457,17.0887847302924,22.6544077109137,16.7858459406849,24.860573844507,25.5581082775441,0.0466552611219573,0.0603569275498958,0.0457212924938408,0.0617708461121753,0.0679366751616066,0.0440676788230293,0.0532620430283421,0.0390320386360755,0.0600219619820818,0.0614312160425498,0.0482643851602196,0.0583960353004484,0.0420042515116725,0.0655707320870311,0.0669744749408216,0.0450542406200018,0.0535699351121203,0.038050768610157,0.0609330625019002,0.0615273801999293,0.0446186620120807,0.0522685068578303,0.0365142618542183,0.0601443605867334,0.0609116673133677,0.0390206107259021,0.0412135220112444,0.0322915310656785,0.0327844677462745,0.0376184195940588,0.0459186650508589,0.0553937357155792,0.0392117800065363,0.0625810799127601,0.063737454630371
gumbel,200,228,1.33333333333333,0.25,23.9480371656546,40.016558306503,34.6300687559543,35.5142332211131,35.6951245137291,12.9124163174592,20.9060599047753,18.226444651658,18.6660972727572,18.7569304368607,21.9874293369893,39.9664788277268,34.9863980890472,35.2565346706668,34.5312573016834,0.0648311747149807,0.102683958183285,0.0880254211395667,0.0934844790057135,0.0912462109938361,0.0581075839608568,0.096670692981345,0.0830190796359668,0.0878358364538714,0.0825420761593103,0.0617590055413541,0.100454538055001,0.0871629455709033,0.0896690768572759,0.0900780363006045,0.0595722505043033,0.100661588373231,0.0867361398389242,0.0892664805714605,0.0883303850666844,0.0583070448768001,0.0986067253115088,0.085406951447226,0.0879428863806135,0.0829745464684047,0.0590891470470919,0.104628489943659,0.091568346228436,0.0895270610183528,0.0934407465341569,0.0580610334009652,0.0996046663866702,0.0861904342863705,0.0882126099985207,0.0868202613907978
gumbel,200,229,1.33333333333333,0.25,5.25664723547913,16.0483292559872,14.6387430527931,14.1667724143528,12.2262554546206,3.6142130815613,8.98165337801627,8.28026343320988,8.04579454293798,7.08111241756311,3.33568119145505,15.8759262753321,15.0766828539664,13.9181381618767,10.8678021882977,-0.0115668251157148,0.031261042998462,0.0338172297581188,0.0277205761749475,0.0111162133492692,-0.00182718300503139,0.04181475614162,0.0379566133293529,0.0329391555233152,0.0261890720930483,0.00843106683060655,0.0397612671983939,0.0373844981113057,0.0335017295712139,0.027896847703366,0.0108462045735033,0.0398921904994324,0.0366813782517562,0.0347928250754339,0.027749679755127,0.0116592134918037,0.0427352390719698,0.0402511930656694,0.0362732661063432,0.0304744714757017,0.016171659551916,0.0353675748590032,0.0313433328131571,0.0314372205410225,0.0284063199343323,0.0105339353457679,0.0396250593760553,0.0360230113924125,0.0349682716433073,0.0287380063578138
gumbel,200,230,1.33333333333333,0.25,31.5833355687511,47.3310586821537,38.7218715836652,49.3387729648671,48.8040224401137,16.7103399188047,24.5448011900403,20.2622723817778,25.5435484741553,25.2777570203359,28.7813290975176,47.4075159234814,39.2195052654896,49.2723585588908,47.8722698703885,0.0818131745302022,0.122411098319217,0.10159727886563,0.127437431327225,0.122911756672214,0.0728995382117349,0.111501428639854,0.0913672581555027,0.115010203019747,0.115520682939595,0.0784121957732574,0.115167842605216,0.0925487912020286,0.119987931100173,0.118809650559713,0.0772706837996368,0.118489829862573,0.0970821969787965,0.123300747559191,0.119985788405355,0.0803186570259987,0.11747964983792,0.0948740532009259,0.123607098451839,0.121365935798032,0.0625149750479475,0.0722105127134417,0.0469041181233503,0.095834646969749,0.0889660484753744,0.0783543483862912,0.118696521540743,0.0962096105808139,0.123852889754614,0.121944408300478
gumbel,200,231,1.33333333333333,0.25,11.5260143404517,38.0372064613677,39.2615691609196,21.1379513298238,27.6279549637189,6.73164600751816,19.9208590921396,20.5298667320716,11.5139258534151,14.7431224401397,10.4900444100891,37.9403346526364,39.6324092876278,20.833292319254,26.5619783840706,0.0305595704039719,0.0980410748014608,0.0985890520005869,0.0575326223616151,0.0715741734227023,0.0266329888973336,0.096714595465807,0.0999642093015379,0.0542047282420617,0.0666720831227595,0.0293003862423952,0.0958094871189808,0.0991418535948031,0.0527859524664487,0.0664967605668744,0.0306283313990559,0.09738684822896,0.100236962241884,0.054164848627553,0.0705661050694254,0.0284561626285718,0.0970168412651844,0.100119394466513,0.0532626960642458,0.0702443471555985,0.0330123925309181,0.0982281973239706,0.102334967465354,0.0492719127597713,0.0732187873989196,0.0294381077404516,0.095504477988549,0.098503627015071,0.0525627966999746,0.0676891295676667
gumbel,200,232,1.33333333333333,0.25,16.8689503981757,32.0772397784349,29.1204504960095,24.2331443627667,26.292438151185,9.39001781944767,16.9563554655399,15.4854782305863,13.0539684355406,14.0788949943933,16.066364403882,32.0986088374998,29.3255151366832,23.8376682283119,25.8017858073364,0.0225724882441862,0.0545773616580767,0.0466061806717045,0.0504061657369796,0.0374915132246127,0.0389348324508104,0.0785067073805532,0.0718031769458779,0.057177114581641,0.0615117658366399,0.0443346833819478,0.0828420869243891,0.0748928565724614,0.0633003591106965,0.0675084932179248,0.043637854851883,0.0811765576617632,0.0738444802886931,0.0619703141494578,0.0657626525876497,0.041012077496236,0.0784171659973697,0.0700500701381588,0.0576927812973583,0.0626803942618206,0.0300753251291337,0.0849151702955349,0.0761136888051826,0.0562135330655044,0.0661151116543705,0.0410777144403765,0.079829074611883,0.0726639149451573,0.0596487979111078,0.0642089879310794
gumbel,200,233,1.33333333333333,0.25,23.3832902156929,53.3524344949722,51.7273086036772,36.0928789668556,43.3257864876755,12.6320338923739,27.5401884325024,26.7314068937141,18.9539562792885,22.5527820701241,21.0274699977754,53.3717139275429,52.219857162612,35.7880836126795,42.1636013892405,0.0156947773387225,0.104365204525031,0.105084323207601,0.0673974086455125,0.0534059720217907,0.0598426237297615,0.127691525452079,0.121236377692613,0.0860607907105008,0.105592554356971,0.0527616690562302,0.132302624926297,0.129052371004451,0.0883107397312224,0.106397617251173,0.0531803736747382,0.133848521620968,0.131030075656227,0.0894380866659814,0.105546842547309,0.0576752570737977,0.133130788439264,0.12989475428222,0.0891208344147226,0.106654799899194,0.0634035557828698,0.136662817136459,0.13218363690905,0.0940622091265746,0.112142725645064,0.0563141039716769,0.133508594171607,0.129708827830307,0.0897616533907272,0.106766387039243
gumbel,200,234,1.33333333333333,0.25,5.02000024740229,39.2879584247348,45.6760047000484,19.2145325736153,26.6003326449926,3.49430155069088,20.5427971307781,23.7209730891668,10.5566567981755,14.230957217445,4.72885612930616,39.0966340610917,46.1170644668877,19.1515637698508,25.9243906994475,0.0174781827477961,0.101198495902893,0.114819837985273,0.049620465303176,0.071305835455825,0.00880611499725232,0.0948537874208697,0.112125354711706,0.0431650171680032,0.0621827411346827,0.0162753703908221,0.10125873136341,0.117118221629274,0.0515282874760924,0.0696971660120905,0.0142306455087411,0.0976073687302711,0.112581774338201,0.0464774703779922,0.0660451565581907,0.0132786993151369,0.0954667175512911,0.110122029996823,0.0446525235728982,0.0641015887225806,0.017430399634,0.101913738260437,0.116709105852272,0.0530011584242884,0.0708879887262683,0.0135868531144325,0.0987720814581314,0.114543734873071,0.0473576381876338,0.0664203091154213
gumbel,200,235,1.33333333333333,0.25,13.4037640130949,45.3387862146826,47.3518630521585,24.3609027516604,30.8252010018128,7.66611867952753,23.5537458597531,24.5552072565961,13.1175686712682,16.3337591221428,11.9073314269065,44.8270788696037,47.3319706154861,23.9000803958979,29.6265138482953,0.0274513732996317,0.108727736336462,0.115416363525601,0.0581079970648503,0.0742070452937897,0.0308032070432491,0.111659806591433,0.116015555777885,0.0595198564980238,0.07341471966738,0.0329899888959434,0.10872425574264,0.111422458815025,0.0571081178829307,0.0730991162535544,0.0345880310179714,0.113461119850484,0.118552123133218,0.0600025855616249,0.0763228173994687,0.0340451162787324,0.10941226086266,0.113532517080519,0.057541864860439,0.0739138564432816,0.0380449630162435,0.114580842258052,0.117587759842467,0.0608089631442643,0.0791673726077795,0.0328372662195702,0.112796541585086,0.118069321642398,0.0597667201653102,0.0748674804410895
gumbel,200,236,1.33333333333333,0.25,21.0422024055749,43.6838008901414,40.718399616633,32.2658379865694,37.5067967618049,11.4664956823283,22.7301673620031,21.254904368468,17.0499763037221,19.6575935264913,19.193794211137,43.6864543134694,41.0998597849276,32.0210335305248,36.7324626734586,0.0540141259173276,0.110644639003728,0.0967464518153597,0.0817705052117497,0.0985684668711897,0.0558791415878803,0.109893169123689,0.0995356259937021,0.0834978347558384,0.0947108549175015,0.0486356679889447,0.105013308302632,0.0983384214692645,0.0769041771391151,0.0870992115057627,0.0519594612815672,0.110006282673531,0.102055044528215,0.081191793074296,0.0934221203943763,0.0518173326893153,0.111476405004307,0.103952556176231,0.0826975933116873,0.095729377831157,0.055681036259469,0.112533888316351,0.104588707469103,0.0836777190038288,0.0966959724711466,0.0520423949968667,0.109005558268823,0.101371559190062,0.0801749979412213,0.0930039484477442
gumbel,200,237,1.33333333333333,0.25,1.9231750531518,19.3846576976505,22.7175710767721,6.06903801624152,9.0191069571202,1.95551439320872,10.6417374358433,12.2999081535794,4.01722109135946,5.48540672131475,1.18268289591943,19.008170851386,22.661686467333,5.72205523080141,8.08915512217622,-Inf,0.028366546650695,0.0491450162619392,-0.00317851744907084,-0.0213621549729716,0.00296446087972542,0.0474806709995699,0.0563398910973243,0.0159260267550094,0.0202330107109466,0.00553919321520966,0.0477882712019739,0.0556668261969976,0.0147082048491402,0.0223459019008652,0.00246783509176341,0.0485782205517984,0.056050031542183,0.015493549807007,0.0217259968312476,0.00131119448419315,0.0468511704054868,0.0561630512955957,0.0124430227274995,0.0181634647394276,0.00859620330692014,0.0314077922571169,0.0330960490844246,0.0042099845126216,0.0116444315249708,0.00299704056719523,0.0486472981975471,0.0567874984802254,0.015186452232412,0.0215272381299864
gumbel,200,238,1.33333333333333,0.25,9.87694838621719,41.5321871452905,43.6331341445832,31.3150592114548,33.3343291107079,5.91147386210114,21.6593424514546,22.7047160333107,16.5766031050534,17.5813930638652,8.43939624522628,41.4337910162549,44.2540426534577,31.3296009179844,32.2406326295101,0.0256044413084183,0.107549055749964,0.113981556801674,0.0771725684942887,0.0841699164960529,0.024501520484927,0.106565239983247,0.111934949436897,0.0808410567386182,0.0846998152382962,0.0272308924015651,0.107169890348452,0.111147930431019,0.0814510369781332,0.0868644877571016,0.0244754829713901,0.10438241876603,0.109486836680316,0.0790097899593664,0.0834560171080298,0.0257953310766638,0.105860878248534,0.10985044079141,0.0798984297023176,0.0846802925219681,0.017615901428911,0.0935744801370358,0.0994046756366887,0.0682409107160166,0.0671208500882602,0.0236021261278709,0.104527133418276,0.109376902268143,0.0784034680338258,0.0830652058811384
gumbel,200,239,1.33333333333333,0.25,12.1182144507092,30.1071911401348,29.7071803894392,17.3779338747105,25.1769210200602,7.0263714838599,15.9755053590112,15.7764310597047,9.64304330300583,13.5231272904718,11.9007655996251,30.4736991747472,30.2012048454206,17.2970560101826,25.1375095011234,0.00152357630855547,0.0536688614860025,0.0628924628861981,0.0071734857653135,0.0335924907602911,0.0325282509353244,0.079263571787148,0.0778531250276129,0.0457224519833239,0.0655660246489122,0.0311702724713686,0.0763790352965867,0.0762289311572362,0.0435779204555863,0.0622877178180308,0.0313954277469719,0.0754699783843947,0.0744317757968575,0.0436753078763922,0.0632095894190658,0.0325956240114243,0.0763203818788108,0.0743726469606787,0.045693894542359,0.0644493204314293,0.0285771927321169,0.0717961141744605,0.0744353884028,0.0420899277906521,0.0583436517903883,0.03040220017251,0.076076477467335,0.0751442996689853,0.0434731604834782,0.0629099283103918
gumbel,200,240,1.33333333333333,0.25,15.2399088801921,28.565768611055,24.941711386988,26.324907261105,27.7372765892795,8.57977310237475,15.2089103110577,13.4061710154046,14.094213424482,14.7969450317329,13.6045229833582,28.6826929430238,25.4744637016558,26.2201035873202,27.1977411065691,0.00763314539528288,0.0640956255188791,0.062875381112599,0.0371637522317266,0.0418606241340625,0.0355798287391395,0.0690660155372297,0.0585782058689943,0.0670724343057909,0.0678603038163579,0.0375151261220029,0.0681927968694397,0.0549216389963055,0.064828356637553,0.0681037143875678,0.0387263894976095,0.0715355838190381,0.061027321336811,0.0668497355009516,0.0699433159862624,0.0346562840580455,0.0703535344106258,0.0618359158069302,0.0643626332756969,0.0656034947363794,0.0376686481137711,0.0681049467707167,0.0588366215340647,0.0634014706920893,0.0665748734261331,0.0365613033975743,0.0708108276794558,0.0615679052782587,0.0646596745187321,0.0680021538576778
gumbel,200,241,1.33333333333333,0.25,5.47139883470757,19.085940074469,18.4331686583783,13.4946380742378,13.8345221939303,3.71950122142751,10.4928546477822,10.16821783021,7.71129120249377,7.88071740414228,4.74881429854775,18.8416844856496,18.4847289091471,13.2936870443732,13.1321723004835,0.0117708893245042,0.0527118802481894,0.0504716493425851,0.0341936756619934,0.0394467644995133,0.00615969196327049,0.0466261281332835,0.0451941427551691,0.0316343740887705,0.0314061985003287,0.0140252701029549,0.0478951022226327,0.0462548207095135,0.033304158417838,0.0333970215668665,0.0117614051601284,0.0478863285775843,0.0461584460413047,0.0338791592616749,0.0332249671711825,0.0115193092461683,0.043667695425676,0.0431730121748195,0.0277008300286052,0.0270202103234317,0.0132044010461083,0.0516117165849203,0.0479061997121877,0.0383761881719861,0.0395857888181038,0.0132612123214699,0.047869469605174,0.0462925121593961,0.0330044969112979,0.0336236815670986
gumbel,200,242,1.33333333333333,0.25,17.0489701725926,31.9518564325109,27.5453594684727,28.8030572808633,30.4003630667735,9.47930593590503,16.8934583213743,14.701391430498,15.3271511199683,16.1218365026145,15.6992894055283,32.0972507295424,28.0094408771248,28.6906660684537,29.984783884647,0.0446260031710246,0.0845012201384776,0.0709071399990782,0.0767484606204354,0.0809046386756431,0.0354565473586245,0.0697059761434229,0.0601682759400463,0.0579133628287605,0.0653307020894628,0.0409707776562847,0.0811394382867563,0.0716425301833604,0.071213884000375,0.0752624982617897,0.0421939355838672,0.0794546425405274,0.0688719920350796,0.0697130276703211,0.0743508405167331,0.0424619337108374,0.0779567597353076,0.0659465903316502,0.0702151364422565,0.0752034348932494,0.0474850491792303,0.0845056633384735,0.073124006418653,0.076726865212506,0.0803881595564666,0.0418935631782924,0.0794111063908488,0.0682343274175051,0.0708221802855504,0.0745493847128435
gumbel,200,243,1.33333333333333,0.25,7.01705931365786,21.7121510364565,20.9546185103341,15.6563122335322,15.6063941509633,4.48853738823274,11.7998098644063,11.423414359659,8.78679802274244,8.76211386553261,6.11672760904678,21.2162436785978,20.6762509324929,15.4191119353989,14.913884230632,0.0120401003775869,0.0537045544427684,0.0553417478956955,0.0381977276266602,0.0359909962698298,0.017935895829432,0.0493360082046256,0.0464387415550546,0.036406557275367,0.0344725551326035,0.0161876138835703,0.0504854786685469,0.0485137874952045,0.0344149810597667,0.0366370845615675,0.0179528773803398,0.0524363226186618,0.0478473410422658,0.0395707380441282,0.038387074739399,0.0148471649770311,0.0519477503491164,0.0492665530410066,0.0378978066102833,0.0354288299838333,0.0219038632324903,0.053235885666616,0.0440592949664916,0.0419780092605424,0.041967753382533,0.0170121503917416,0.0523064802328358,0.0490034757034596,0.03808865443767,0.0373554582818697
gumbel,200,244,1.33333333333333,0.25,15.1247672556026,47.7823163336671,47.41179072105,36.9009041534099,35.8133783422676,8.52307857926719,24.7693139353967,24.5849652100909,19.3561001995078,18.8156374917057,12.3700555780569,47.0861022305981,47.7181680906895,36.5556900361402,33.5061066427754,0.041659223140676,0.124081804334665,0.12200983984094,0.0967433726780133,0.0934872322017248,0.039724858731713,0.118585882345286,0.115628131753194,0.0933235922034819,0.0900147334197382,0.0347645652991615,0.120749237817088,0.119675976867435,0.0930122050686136,0.0891475443389814,0.0355863459940216,0.120912572198338,0.119598067582461,0.093509965580077,0.0896334618458,0.0347760383638206,0.119528842637895,0.119279937097416,0.0913836591016136,0.0864579536369145,0.0255878684525796,0.102518826041757,0.101725612477691,0.0847163369745158,0.069852587565385,0.0367421179628523,0.119870264103983,0.11896528573722,0.091982903964922,0.0883006759452858
gumbel,200,245,1.33333333333333,0.25,3.99655315875983,22.3138352800137,24.4328258272769,8.49701893879845,13.7180676419657,2.98627315835581,12.0985257726412,13.1526378833733,5.22491463510555,7.82269049816805,3.36848295962703,22.1770086492808,24.6006978861333,8.32229710455807,13.0457746156172,0.0148737460597342,0.0584363443786475,0.0632680541423853,0.0226019169053379,0.0384558530749816,0.0122064304309344,0.0551878848740329,0.061222681669954,0.0202470766025688,0.031173510782493,0.00711959865524547,0.0552917860895919,0.0619634504988733,0.0199883854349692,0.0306946898331275,0.00854442780653015,0.0565616473700999,0.0613964202622901,0.0217548458656934,0.0344302634042601,0.0111522899477872,0.0586394157384532,0.0637785759781063,0.0235779053670143,0.0366699243532232,-0.0118792991217072,0.0427967721645367,0.0523357095412733,0.00357940720622916,0.0186587711232987,0.00889085275726107,0.056138297033066,0.0616894297255121,0.021361662565148,0.0333094222025369
gumbel,200,246,1.33333333333333,0.25,33.4694555704341,54.3933951097879,45.8343403494678,53.1926382279912,53.5620792857048,17.6490150961465,28.0579691213062,23.8000551748821,27.4606161124105,27.6456006592718,30.1869877231475,54.5725008574803,46.5035279552255,53.3284896935161,51.9328934539639,0.0883792147296013,0.136327986487625,0.111955505669639,0.13516222180522,0.133647471121419,0.0807148578926845,0.13808763778707,0.117795786107654,0.131976855409744,0.130442647722248,0.0844222478214721,0.13718568602227,0.114419637480215,0.135503107137033,0.134457602815436,0.0802887938335157,0.135585662570492,0.113928959171655,0.131968209129522,0.130963742108273,0.0830622894972024,0.136593613732424,0.115130742880442,0.13282924579781,0.132295413235171,0.0852618706691538,0.138249701895494,0.110139933489392,0.137976463507248,0.138796768558659,0.0831657748202762,0.136637341023412,0.114819810683263,0.133794336008507,0.132083288094151
gumbel,200,247,1.33333333333333,0.25,15.1398830524078,33.0301899412495,31.3915059212387,19.9594184106279,27.7689231071651,8.52962174638043,17.4297969628314,16.614460697539,10.9274514077368,14.8127934998526,14.2044777961637,33.2247155399895,31.8639331643851,19.7786491278782,27.3613727930467,0.0118263843197976,0.0514976518826942,0.0595431502422358,0.00916001044913791,0.0179018897728623,0.0355202728189357,0.0767084490499786,0.0753971616707436,0.0424693448662049,0.0647245537993317,0.0331619355879614,0.0830110958407123,0.0797734188626073,0.0487973911121782,0.0679075125118175,0.0381619304588853,0.083844352254287,0.0797047022836154,0.0505923214568626,0.0696770366404244,0.0373385936258691,0.0830429054862384,0.0795456912817414,0.0501945463894764,0.0689993198269405,0.0362826009919719,0.0871219542118946,0.0834764583507545,0.0540805204108763,0.0736732437851156,0.0377876928099265,0.0836317525168533,0.0796876132732642,0.0501792116810594,0.0695167997129021
gumbel,200,248,1.33333333333333,0.25,30.1692051996685,58.4009819529022,54.5429997831703,44.8041168754878,49.3549866230328,16.0072241853937,30.0524474842985,28.1334623322702,23.2880088356816,25.5524083576701,27.9983629635228,58.2990664444794,54.7162094155601,44.3854186377835,48.3838358726683,0.0771768309364904,0.150800739862118,0.141338299653644,0.116885537254401,0.125498952092874,0.0698121632645934,0.138444020616403,0.128908917029513,0.106643894345675,0.113143220674077,0.0701856739215544,0.140989309087139,0.132445959350681,0.105449363317717,0.116966451587146,0.0755633229856588,0.147166235363085,0.136268347488642,0.112902206093168,0.123766850830188,0.0723204107909064,0.146233944012781,0.13562696669687,0.112773126048306,0.123752856103156,0.0427257786049145,0.144230487372299,0.141231681792459,0.0909821528903328,0.11749151556555,0.0739000535885821,0.144749850435021,0.13446620407252,0.11105874944704,0.121266775413613
gumbel,200,249,1.33333333333333,0.25,14.5989525096126,31.8724482458869,29.3672951921701,22.8759321280652,27.4365565347689,8.26049909589455,16.8538850219888,15.6076015185421,12.3783120248428,14.6474240754843,13.859499272928,32.0197556344959,29.692692197341,22.8097994033955,27.0732074196266,0.0412765524967386,0.084639796837219,0.0784159663265245,0.0620420927321387,0.0735909026517923,0.0400995630566265,0.080465051276797,0.0735673704442247,0.0584911807374789,0.0711989043433713,0.0334477602481192,0.0809513572974522,0.0764804677483479,0.0547302181999996,0.0660432082389451,0.0361964189427698,0.0780081821480725,0.071224221428403,0.0554908961397245,0.0665001141929695,0.0389986821272682,0.0829565939523401,0.0771780399240389,0.0589689214160689,0.0707382375592386,0.0212388368533099,0.0405281760268204,0.0330026012406562,0.0136235621141643,0.0266248661192558,0.0356197674705782,0.0801428664898614,0.0739651476049739,0.0569155380877866,0.0679198103716753
gumbel,200,250,1.33333333333333,0.25,5.50620029321239,22.3258237179136,21.9930826318646,19.8319894978144,19.0128259483864,3.7368006744499,12.1042879214462,11.938934234992,10.8638198698024,10.4567571475489,4.72620966720893,22.4302457376685,22.6334011732882,19.869240635261,18.0726508447373,-0.00365985683325893,0.0220232829555762,0.0188471515043074,0.0196201579640606,0.0195780813646271,0.0120626102887541,0.0566304705451868,0.0564486175295822,0.050270352617813,0.0466678348755882,0.0173040246245288,0.059501576786108,0.0584358142631922,0.0527080041996652,0.0501554023906055,0.014278295683528,0.0560914244832364,0.0545593852806375,0.0501881704203657,0.0469994087472843,0.0128247842564874,0.0568639503209469,0.0557734479317234,0.0484953291402067,0.0463532085044853,0.00323545087451654,0.0555534536946788,0.0590720900359158,0.0472614354928265,0.0376020064880263,0.0128351563163709,0.0558588360112573,0.0550394160798587,0.0486621436881368,0.0458612691447617
gumbel,200,251,1.33333333333333,0.25,15.9760445536731,36.6475330992702,34.6159031198221,24.6235462640324,26.170891816502,8.94596547586017,19.2303636109042,18.2198066033731,13.2484435625427,14.0186622433756,14.3512465331685,36.0527354350597,34.2813806943559,24.0603240541864,24.9796972370356,0.0449375801796149,0.0959153943262382,0.0907609256249593,0.066556207812369,0.0695796462977178,0.0399699550209374,0.0959744689983646,0.0907957710913843,0.0642114476226514,0.0682992723723144,0.0376134674979682,0.0851264561806764,0.080555267236764,0.056056014393502,0.0555824051397234,0.0373722807027073,0.0898000505707205,0.0842128273691688,0.0606029279292287,0.0624662225003097,0.0356599162730559,0.0881939429746405,0.0843640977049278,0.0559781795908238,0.0614665176223965,0.0294066382022034,0.0934231208427257,0.0907695418260162,0.059764637398189,0.0565115121785118,0.0393024317359955,0.090168724597564,0.0848344637507405,0.0600747253628705,0.0629268541777421
gumbel,200,252,1.33333333333333,0.25,28.8109030074032,39.0447511902233,31.6374186565159,33.3614537473667,35.3105637863583,15.3312442567837,20.423274884468,16.738790278571,17.5953376122112,18.5650457684439,27.0280726597958,38.7046620658886,31.0487448222703,32.9533533742043,35.0755394857291,0.0766183133770764,0.0890309583942809,0.0582787559757661,0.0830075234563729,0.0880873683701413,0.075093131336855,0.100905288956071,0.0797641371537769,0.0863040046358807,0.0922877848709841,0.0747012748584453,0.0984739862402924,0.0782583772315013,0.0845483857298626,0.0891561537369062,0.0698852074175206,0.0945427155125397,0.0749707864991709,0.0807392602889899,0.0858363419320773,0.075652026066574,0.0996935344410605,0.0785742020000495,0.0857469703785472,0.0913379521660375,0.0586144930644325,0.098281863709383,0.0840632732419618,0.0663898945969397,0.0811052371547628,0.0716475668687298,0.0951278749923509,0.0747933938586416,0.0819033923507797,0.0866818460916146
gumbel,200,253,1.33333333333333,0.25,17.8477462991633,50.5523553328561,50.1280826495161,41.5931777959787,43.5646515904748,9.87737379509395,26.146949617474,25.9360633830374,21.6900521384047,22.6711317076225,15.1879423380269,50.3262063538907,50.9174163844955,41.5174201943269,41.7327528964604,0.0478609735476576,0.131227905737583,0.129394098368898,0.106356729026721,0.112559845864542,0.0406878797796888,0.126247281484704,0.127089081028581,0.100253797486911,0.10428435973464,0.0432456688167973,0.12271523313548,0.120294878211654,0.100678579667028,0.106341350067491,0.0447143022867515,0.128236167044858,0.127026299997468,0.105043124440388,0.109689244596257,0.0453855037767839,0.124017982994361,0.121955209889253,0.101629607826221,0.10761706691228,0.0295762941661324,0.130767657004826,0.120165111978588,0.108330254011696,0.107644992222822,0.0435448324414479,0.126765879941727,0.12548074371863,0.10383024792449,0.108135680056178
gumbel,200,254,1.33333333333333,0.25,38.0554923190765,46.1550815211699,35.8380070065904,41.4605432196,50.6292396620468,19.9298419955637,23.9593387298531,18.8266933860552,21.6239941308206,26.1853821455196,36.5232946034527,46.9093194709353,36.4915282122401,41.4656988782327,50.9035654031132,0.0998786836569546,0.12028462830207,0.0943698818335398,0.107307427097987,0.131360598685547,0.0993022852656558,0.117889722371236,0.0917308604786658,0.105968820282732,0.13016657714191,0.0964273714048156,0.117444434631435,0.0909613377446885,0.104817663264127,0.129100067973365,0.0950316781433623,0.115807549731078,0.0895587844050109,0.104320515278321,0.126600133474327,0.0960932267900324,0.118104099108656,0.0915433578617663,0.106196833924455,0.128959468699107,0.0810197541082347,0.118391485875807,0.0943296871971655,0.105298651688661,0.126324918149959,0.0957689721323115,0.116149504391746,0.0901159645644427,0.104075124340113,0.126910723635525
gumbel,200,255,1.33333333333333,0.25,15.0681626253807,41.8887606227652,41.6629170985385,26.6357345717175,33.1307465406314,8.49398944657489,21.8368947220442,21.7245762938567,14.248648901259,17.4804621596293,14.0322813254245,41.9673865377164,42.0510889366371,26.654179068736,32.3201839841634,0.041416479642768,0.109689824337456,0.109014158113261,0.071579902932458,0.0878174142869904,0.0410294271913278,0.105026539571862,0.10443618484484,0.0673599638974525,0.0838567810288301,0.0357759701286266,0.10362959930317,0.104612283466898,0.0643488144387155,0.0794172411743374,0.0383288968695875,0.105024940269843,0.104068722060428,0.0670924904082947,0.0821817877640956,0.0375394112113104,0.104055892461663,0.103841175826097,0.0643889140207546,0.0815904476968012,0.037825416475845,0.107121188688088,0.108530663365823,0.0628209323308533,0.0818794342446937,0.0373483128423073,0.104955330912685,0.104504772567197,0.0663491761937904,0.0817128921257521
gumbel,200,256,1.33333333333333,0.25,10.2011437865158,13.8338023884728,9.71931109829882,16.8827141011443,14.061465936892,6.07313822852236,7.88023723127949,5.83375313603856,9.39663226798349,7.99362489133212,8.45296423890806,13.5920179885693,9.60307612669581,16.9070062952404,13.182231911992,0.0297475331540671,0.0227572687629858,0.00706956383735822,0.0351017761511767,0.0236339743735196,0.0253779395520546,0.0333061525952146,0.01927671809225,0.0451617390883808,0.034464083347581,0.0217871269938149,0.0335571818727206,0.022327746243308,0.0430343971788574,0.0329252132039265,0.0251086315013509,0.0318750410563963,0.0194855000699799,0.0413798469290516,0.0335458689269216,0.020339078754688,0.0315416633444251,0.0199339045836676,0.0408205960442743,0.0304019673241692,0.0289817381187273,0.038860244535676,0.028231752769461,0.0468329037742391,0.0401536072800175,0.0242750945073612,0.0334187049075499,0.0216903493579483,0.0422903879845387,0.0339761038068425
gumbel,200,257,1.33333333333333,0.25,35.3808496487795,41.3283007006188,31.946272470601,37.5253478978125,43.5461526295639,18.5998010438358,21.5583461201179,16.8907840888122,19.6664927928724,22.6620350188962,35.5065268939245,42.1790034016176,32.4486829351385,37.40552802637,44.1725198592563,0.0838689226520292,0.102662909026496,0.0812288616891398,0.0896707784845406,0.10761524119066,0.0916471870741974,0.107794793119604,0.0833684405942705,0.0984139910199833,0.112590478134211,0.0911363120538458,0.105573548651178,0.0816294454451381,0.0957305850249968,0.111714067116524,0.0876702949773802,0.104389659457698,0.0806969525788043,0.0950030265729773,0.109603295961808,0.0883616246814269,0.106084655539531,0.0817314103730854,0.0956418533911532,0.109935912034143,0.0908503711395375,0.103051390504976,0.080164005163915,0.0931088270261906,0.107551913514288,0.0872895759127797,0.103618284173501,0.0802134763460721,0.0933787369931667,0.108344880794593
gumbel,200,258,1.33333333333333,0.25,1.78803863150314,12.1762765465788,12.3993562358106,8.29992493860319,7.10287425946167,1.88806962058964,7.05564067987609,7.16689907840385,5.12692396870448,4.53204714527648,0.854044226470969,11.8308428196145,12.3486827065596,8.12580760982738,6.17809174574757,0.0068852538155627,0.0304426625148296,0.0307650677026616,0.0219718065125441,0.0200673299382462,-0.00155802095095771,0.0260457077216471,0.027585805606038,0.0163331769330572,0.0129609030711177,0.00281908087402693,0.0281586259920001,0.0269556199412176,0.0196887938956248,0.0159540070489164,0.00266157692560008,0.0275921110714234,0.026993038660276,0.019094007940367,0.0150440681438462,0.00397022498433012,0.0305171983526786,0.0287082894888129,0.0215274096678387,0.0190173919498841,-0.0169909569491016,-0.0262897255799508,-0.0212491449452808,-0.0362012078295341,-0.021933918041112,0.00196641772500153,0.0293961128982662,0.0294585226037421,0.0201219703223859,0.0160734421970745
gumbel,200,259,1.33333333333333,0.25,16.8895753695617,16.9839286659668,11.2329830437533,19.3388027821681,20.6509132563842,9.39965922009835,9.44715460395418,6.58640644189514,10.6184781945236,11.2713655822426,16.5206392319294,17.3736728438833,11.5609853138979,19.3699429501607,20.9941844695052,0.0467654406594421,0.0421737712776994,0.0278446372285426,0.050616011063949,0.0544021516460018,0.0421597351761004,0.0372203097645232,0.0213833424751822,0.0459040967425145,0.0476339534016285,0.0450846754966147,0.0384310965303329,0.0190847695134769,0.0473940590595862,0.0503697689483922,0.0425291667515241,0.0407773818875821,0.0253659141380657,0.0478154580672515,0.0505088617851265,0.042769142898742,0.0328616091128132,0.0162146208409072,0.0439966219282687,0.0434665414326784,0.0472106475002695,0.0425174508628232,0.0259600082958356,0.0501693310735861,0.050198792486639,0.0424224073077484,0.0412053835701775,0.0257877762135699,0.0479665311955315,0.0503357383921529
gumbel,200,260,1.33333333333333,0.25,9.75686098807121,27.6940524861401,26.1499195063819,23.8006250341536,23.5022447714646,5.85154518257128,14.7752876020998,14.007490566408,12.8381862528099,12.6901302332854,8.63237226183692,27.6095461670943,26.4631304084256,23.866182457587,22.7602281751454,0.0286923150410764,0.0727106409385907,0.0671186475928798,0.0644848539455498,0.061480945625417,0.0264587403452749,0.0731293576189994,0.0685035715803957,0.0635146009373688,0.0621901082515243,0.0268345975542752,0.0700319897431904,0.0648878777672614,0.0598897207328538,0.0587261398685345,0.0246060053683316,0.0702869024710889,0.0655242145079769,0.0606492583588132,0.0594518954219012,0.0222559692081458,0.0661439806485012,0.0604579712394196,0.0583732333694605,0.0561530030125555,0.00650541198204238,0.0721592346111115,0.07024794420814,0.0540623054376741,0.0565067960226931,0.0245693396357808,0.0692986634311126,0.064698643788892,0.0598676211599444,0.058623586847095
gumbel,200,261,1.33333333333333,0.25,7.67754073526663,22.8809928664263,22.3081752513542,16.0502829745338,19.8487477632526,4.81685865338341,12.3805057812806,12.0957019898505,8.98241602511493,10.8721581894922,7.17012010355334,23.0443519090541,22.7205085058165,16.0730832982958,19.6593348491739,0.0241903755321524,0.0609764243996428,0.0595894909016647,0.043697960171567,0.0544465082535273,0.0221670302479189,0.0606883399107582,0.0589908961043964,0.0419211873104014,0.0527053325022323,0.015334719473798,0.0566693480215032,0.0563056135786938,0.0392222298107809,0.0457899172754202,0.0203370069378975,0.0590721659012782,0.0574884073439233,0.041353418747361,0.0511307326720644,0.0206068063376106,0.0597468048772029,0.0576194836769957,0.0428583059170983,0.0520479161484974,0.0176394970448709,0.0540163525206766,0.0542078992651662,0.0334432121682853,0.0430519091211031,0.0195154522063459,0.0572164203934348,0.0556156010122875,0.0398548564847732,0.0493474362599336
gumbel,200,262,1.33333333333333,0.25,22.1928422038434,44.7543940217512,41.4121584818575,38.8809982963657,38.7322853753103,12.039208623825,23.2631518457155,21.6007869179824,20.3409814225519,20.2675337206509,21.6524281700121,44.9583731999595,41.5882447145389,38.6546430063922,38.302685753465,0.0331621298245727,0.0834966544418682,0.0805175451301931,0.0647346048065024,0.0697719481134931,0.0442453785857586,0.100283084126694,0.0901151583747367,0.0892511400369866,0.0809376747114412,0.0538209864427738,0.11196663411555,0.104967879326205,0.0946096263130913,0.0943948297487918,0.0543189816372487,0.112194399031813,0.103552143649145,0.097593419838975,0.0958822586647712,0.0576409763447853,0.110768061658362,0.100435959202854,0.0963537057692434,0.0964438507206303,0.0248003215029595,0.0958900707065444,0.0967496400933982,0.0870154276359222,0.0828255566452616,0.053376954375221,0.110809069956631,0.102106550615789,0.0959227975244097,0.094661176776139
gumbel,200,263,1.33333333333333,0.25,15.3222821515072,35.5153072280619,32.6095629829144,31.8159836595747,33.4230415776348,8.62093093167286,18.6659502279654,17.2205049526301,16.8257724311996,17.6255984475068,12.9637824349321,35.5097758188809,33.2752622244033,31.8780413089719,32.1090783846151,0.0321431135661324,0.0861488337478014,0.0788977666280753,0.0809324940104311,0.0726067100745838,0.039674531021258,0.0931772631808738,0.0849330863464283,0.0841623948339235,0.0873727674141569,0.0380149434401265,0.0861998702954975,0.0781971215968756,0.0774362837846046,0.0810950592539697,0.0384911647518612,0.0901040112493372,0.0820367235688535,0.0811737193445434,0.0848588706655095,0.0384816626863433,0.0914490520075151,0.0838085648782744,0.0804140967288968,0.0842415837740831,0.0427476993154909,0.0934456114071424,0.0836889064162377,0.0843920278285187,0.0883005289583152,0.0375240345217083,0.0904185983475939,0.0826873438799738,0.0806988473862832,0.0838902002747883
gumbel,200,264,1.33333333333333,0.25,15.2252600961586,47.4152350286023,48.8162665536899,29.2083429132746,35.1897423403929,8.57269987350795,24.5865927348131,25.2837236293661,15.5287150247052,18.5048868454596,13.1711112042575,46.9928851736134,49.0220988632511,29.052851454513,33.8615285740237,0.0357734825616276,0.110262786863776,0.118040390455369,0.0538466315814227,0.0837020815535438,0.0373734411855493,0.118288985185896,0.121585215362239,0.0726966043317151,0.0857106503621727,0.0259281529049791,0.118728761080504,0.121887082726379,0.0741967187326544,0.0866641526174364,0.0372395853286125,0.119274844227608,0.122653093396111,0.0738401112556804,0.0877056340593145,0.0339959110999577,0.119885373278877,0.123415795874252,0.0739197989577215,0.0869165943798907,0.0426547062081539,0.118932734143741,0.118886546600746,0.0737587968222134,0.0910388900894238,0.036157374418785,0.117696725560575,0.121308957332851,0.0720940196164167,0.086149805607145
gumbel,200,265,1.33333333333333,0.25,8.13697556061827,21.2079144128838,20.0045240105312,15.9280929641779,19.1589418773569,5.04543310522631,11.548243307215,10.9499485871756,8.92147384215635,10.5288986149397,7.26362585198851,21.1820489239275,20.1505906775962,16.0543109350029,18.7820754007955,0.013960330710595,0.0534639861055364,0.0531314293072338,0.0372071150818216,0.042381456460747,0.0222817322515333,0.0560120613505509,0.0516732289682122,0.0420872236731204,0.050438403227021,0.0206672437257633,0.0543711401320992,0.050290204522863,0.0415380264461006,0.0488587044472234,0.0219321948144585,0.0549104014672876,0.0512949180183192,0.0418121992548383,0.0495758486751484,0.0239896246567009,0.052361787541864,0.04681987124562,0.0410608383734873,0.0493083695877698,0.0234881570554036,0.0580188054428026,0.054407595315662,0.044398054970715,0.0516114263852478,0.021002514880119,0.0533030944947091,0.0492076707266444,0.0404737346600218,0.0484641459341617
gumbel,200,266,1.33333333333333,0.25,17.4233062503213,33.9040706843316,31.2200761217261,23.0027357228469,28.5396976586704,9.66609713163314,17.86496547753,16.5297719763181,12.4416432276396,15.1963782523066,16.190555982248,33.9152619955759,31.3737688394785,22.7533612665986,28.1875086766245,0.0464287339019778,0.0788741114257107,0.0619528412720164,0.0620980000462994,0.0701545457337706,0.0468503746749442,0.0838339503615206,0.0751968032100985,0.0579442758223049,0.0711546701453839,0.0378497990155042,0.082421423702254,0.0758757665030811,0.0548724306913194,0.0679411270377821,0.0413808020156158,0.0843594924037416,0.0785159221885762,0.0554997816255164,0.0699231287085555,0.0435341472511956,0.0857469398425541,0.0779448239307023,0.0587483830113917,0.071931619817006,0.0468100340008525,0.08784639731491,0.082326023279918,0.0600017566003928,0.0680190724001038,0.0428848307913067,0.0849868084155201,0.077646866966083,0.0579420171555784,0.0715568320423928
gumbel,200,267,1.33333333333333,0.25,27.0205476296797,47.6881476061543,42.9500741113574,36.8006588641939,43.5424154539954,14.4406564956037,24.7222911982695,22.3650496089879,19.3061694632215,22.6603171666619,25.0496452953099,47.948457070939,43.5525591112435,36.4520400809969,42.9377536378271,0.067120344133359,0.12389905040394,0.111893997213745,0.094856563629794,0.110793811192599,0.0711500717336255,0.123814204942408,0.112085895822083,0.0942685642424522,0.112413569999946,0.0642086189593457,0.121496084094742,0.110364901678091,0.0908165068136997,0.108174825438307,0.0656541753549056,0.118564893676415,0.10736713555597,0.0903095334351814,0.107182279239464,0.0687654799026888,0.120643198939408,0.108794359064382,0.0925315307276528,0.108473529610512,0.0607988963707866,0.12234828159966,0.112334164013875,0.0888951401445922,0.109700880672342,0.0664727204060581,0.119274135622803,0.10777087025268,0.0912135254203162,0.107686953401796
gumbel,200,268,1.33333333333333,0.25,26.6465549940345,35.3169104440015,28.4946298352663,29.8499995117785,37.4995751849429,14.2538933705382,18.567364510941,15.1732970245597,15.8479286633071,19.6536041190441,25.4746751217254,35.8763004188957,29.0756413020366,29.7565364616793,37.5485313432765,0.0621188909078212,0.0895289541967244,0.0750457631059537,0.0769901934873639,0.0880418036815946,0.0682804605875481,0.0927585054580198,0.0760435181839527,0.0779055574844192,0.0969825583063555,0.0678012969809739,0.0879070456206523,0.0685957537813555,0.0753422606581334,0.0945468457646158,0.0681623410903026,0.0879556988654994,0.0703952913744268,0.0744452896394793,0.0933110021992797,0.0608778523468312,0.0861161763032572,0.0705090096667871,0.0695523710488259,0.0902052503319725,0.0699151901843466,0.0931715723780404,0.0754339474475094,0.0772400117460746,0.0983417107535112,0.0663820924239725,0.0886271795728245,0.071674218474038,0.0734946743947821,0.0930539146841137
gumbel,200,269,1.33333333333333,0.25,30.1296079379351,53.9317690236778,48.6503802532487,39.4079179443693,46.9214834395845,15.9870061637611,27.8286526014904,25.2011603479037,20.6033259303942,24.341491682159,28.558144369008,54.0818295081459,48.9128196361478,39.0791484220526,46.4380927613288,0.0788785705598173,0.13454903386794,0.119258945468611,0.0967985997796113,0.118947401904211,0.0762188598966584,0.138222979258111,0.124068317170749,0.102245006511334,0.120050154738188,0.0751111107207138,0.131362829381416,0.118668972052966,0.0945945762998402,0.113616107988207,0.0759857039094208,0.134969542127631,0.121195079182477,0.0981021194976768,0.11696507608981,0.077807228542207,0.137278493467607,0.124185454525297,0.100914272272496,0.119442106091787,0.0802048250868126,0.13742475246613,0.123344222680336,0.102504147291605,0.121954163194797,0.0760360030989598,0.135454760027653,0.122178031414969,0.0983805538659175,0.116964751776008
gumbel,200,270,1.33333333333333,0.25,5.77048455509051,18.5796345992525,17.2050502636072,16.791395677218,17.3990265783298,3.86809961616114,10.2404212394608,9.55662007034716,9.35112030818261,9.65345137596683,5.25609149908561,18.8725003358522,17.9417963741352,16.8323844248813,17.1280720330487,0.01669436447383,0.0501568009623601,0.0408122310367235,0.0454446751478373,0.0483401862897833,0.0188306361654637,0.0483918185904016,0.0427318535122543,0.04420307058871,0.0464030218235719,0.0158866652019878,0.0487685936546486,0.0449719100808109,0.042242576272984,0.043811455199077,0.0146065526011159,0.046938734144091,0.0433723040203084,0.0417146922119584,0.0430191478429182,0.0146288437007184,0.0476772305396332,0.0442763794561557,0.0427370520739654,0.0426468441616215,-0.0149789833096711,0.00119435940349481,0.00185175274826015,-0.000300722118181236,-0.00392262555464523,0.0151182600032269,0.0476970488833723,0.0442575115412703,0.042262132215581,0.0438446287577882
gumbel,200,271,1.33333333333333,0.25,8.48082197120855,24.9894818953215,23.8793505843188,17.1430864783338,16.7172528248836,5.21712707202912,13.430417838448,12.8785467810515,9.52650472207845,9.31521275929941,7.12153895135598,24.3411638406916,23.4465081874954,16.8925797287204,15.5231006180086,0.0236904484356226,0.0652598230023419,0.06330108422722,0.0420887367754353,0.0448220576333418,0.0136062439043277,0.0592432003557232,0.0579504697517397,0.0376234814919828,0.0357268722813678,0.0214303250930515,0.0557628397793294,0.0483255588024979,0.0394070522262217,0.03798234618716,0.0224556061862854,0.0612437698429415,0.0570207478310288,0.0433782878674081,0.0404225474143647,0.0198191864626993,0.0633641548824139,0.0601067444194318,0.0432156156416918,0.0409968591075867,0.0019653932927329,0.0274710435646392,0.0273932341752466,0.0179469796941938,0.00323753119688245,0.0202508012978093,0.059810350748323,0.0562268217603255,0.0412511135388285,0.0389467936409924
gumbel,200,272,1.33333333333333,0.25,21.924378008924,25.3519164197705,18.6750185403885,27.0112787706612,28.2815008727966,11.9047741899963,13.6103520027899,10.2889908335588,14.4357145571134,15.0677317106529,20.7217445666019,25.6783474512558,19.0850587919233,26.90158989977,28.377915489376,0.0595984436900926,0.0675525082959865,0.0499855015697667,0.0723622210785953,0.0753992086770903,0.0473371419286526,0.063626557152166,0.0452709226398448,0.0669120044777218,0.0706662092435857,0.0568643007538705,0.0631889887006335,0.0454155672548164,0.0676611759080899,0.0718021435173237,0.0550174539960045,0.0603213302986822,0.0417766299549,0.0667163844216236,0.0690261158003759,0.0532356472376713,0.0643987447361927,0.0481966473451792,0.0667715765033917,0.0706194465080053,0.0580428617801543,0.0680653813589981,0.0514045959996405,0.0724986496778298,0.0754716764620254,0.0544048332735441,0.0621967549003507,0.04458519806088,0.0667843534411395,0.0697004200240534
gumbel,200,273,1.33333333333333,0.25,6.27530586813511,19.6951974747359,19.2071726263956,13.5563747291888,17.8597868428005,4.11930774759372,10.7954826124553,10.5528635624714,7.74173966268061,9.8823278552808,5.61196810644393,19.8387470591859,19.6584113286366,13.5531319155393,17.7468779746903,0.0173387300855718,0.0540483851860014,0.0510181920561251,0.0370519954221081,0.0496151781595298,0.0101260151425645,0.049444989081703,0.0493649371727855,0.0319101813167127,0.0438136894732398,0.0142824842055099,0.0502769478626816,0.0486525842866703,0.032749352230154,0.0451310516274989,0.0157907346849514,0.0499396809245269,0.0481418200188462,0.0339243286275339,0.0452926547007654,0.0165146388762699,0.0503668419370989,0.0485143723697003,0.0346063383376945,0.0463531136015575,0.019485923646884,0.0531571059514611,0.0525663615455341,0.0349529516549483,0.0484691320040601,0.0164741839226739,0.0499162774210794,0.0482654761106218,0.0340536071477477,0.0455530280528538
gumbel,200,274,1.33333333333333,0.25,20.9121833597062,38.6116080518365,33.1882966932916,39.0829377570028,39.7377112719286,11.4010233970511,20.2065557146561,17.5091261289456,20.440875345783,20.7667439945018,18.9020215560419,38.6548637526811,33.5294894773268,39.3005992500626,39.0936232959704,0.0555858995370141,0.10139045058258,0.0871926915360457,0.102668492942814,0.103712846044207,0.0542311719894977,0.0868530995958158,0.0661265098584942,0.0944427016471538,0.0960089026589609,0.0525754760846134,0.0952900237920059,0.0788410665368596,0.0978542000588491,0.0993278177289933,0.0509114139024123,0.0964758561909254,0.08186467399223,0.0977978323308836,0.0984921763099471,0.0526275161318077,0.0985375245325881,0.0837198715213628,0.0995657208292187,0.100915787654339,0.0504506220144818,0.100425606271022,0.082263936109853,0.102588821368272,0.103482795314964,0.0524691125638077,0.0971873856264446,0.0822968251236597,0.0987333841578117,0.100147233324805
gumbel,200,275,1.33333333333333,0.25,17.1083582729469,50.2640768195898,50.2187714991381,34.9488901949969,39.9611375582803,9.50924235146965,26.0036411918135,25.981109974641,18.3847088183633,20.8785213902127,14.882950718063,49.9512251486481,50.6874667406373,34.7507238296844,38.4093251472714,0.047303036088737,0.130551108275531,0.129753730759095,0.0922866617757466,0.104895868081327,0.025641213249662,0.121753045405198,0.123303049541178,0.082227886070776,0.0935417871049692,0.0376645708222868,0.125564004193319,0.127392059080848,0.0862098829938172,0.0953427557242544,0.0403915246070757,0.1259853292178,0.126783892540193,0.0859950797094141,0.0988371230118456,0.0436372979146922,0.126974531719522,0.127059442134575,0.0874012349819359,0.0994505486728249,0.00379479782719444,0.105364397695354,0.113546003375372,0.0599323659455488,0.0692158576599527,0.0424960191083285,0.127100614485627,0.126813577900371,0.0883768787927707,0.100219270424573
gumbel,200,276,1.33333333333333,0.25,13.878177779463,15.4823813561875,10.7128710717434,16.7183307927533,16.4193537617535,7.90175359148568,8.70047717558834,6.32804602174237,9.31505339249167,9.16655937892577,12.8235681629172,15.4006389409885,10.6729379042572,16.5651292291286,16.1169743814822,0.0345285222685679,0.0393715515139216,0.0287127450617536,0.0418342092256542,0.0392559313901923,0.0368142630375184,0.04285192953034,0.0288150857102357,0.044567056979813,0.0445915696271149,0.0348259781123274,0.0409946160363411,0.0283937440161782,0.0453538725013073,0.0424855452295411,0.0362010331406223,0.0374780827068236,0.0246566845579794,0.0414254299234435,0.0402414553165994,0.0359093894313705,0.0378230198785559,0.0249231580836363,0.0422329185395925,0.0407107890115762,0.037440619472337,0.0435274548392153,0.0314395412723026,0.0456165509224995,0.045137215641293,0.0353666134969928,0.0376565529479295,0.0244400443032793,0.0418222696226181,0.0405962427235445
gumbel,200,277,1.33333333333333,0.25,25.1246122685329,33.2761142110322,25.1835771689564,37.5250605808638,37.4470057653852,13.4971365142772,17.5522013987775,13.5264386554833,19.6661367216893,19.6275626298168,22.8008385928796,33.6256979208408,25.8794033268625,37.5726978431089,36.8866896550041,0.0332204486857356,0.0704598697252498,0.0589421477560933,0.0691493945561115,0.0643309630245618,0.0629513676118661,0.084102176848126,0.0640406482136015,0.0952421297898288,0.0925739723657497,0.0609898395205366,0.080898422664249,0.0609645457060431,0.0908243942696577,0.0865867127037516,0.0636075884019039,0.0843343046213752,0.0634101080267078,0.0950237074335512,0.0938010353992772,0.0635542873996216,0.079393806180668,0.0571607187966595,0.0927883412168886,0.0912196482482795,0.0604442189224047,0.0868920523562823,0.0676776395731103,0.0945654058745967,0.0960541039034728,0.0622768750185196,0.0830451139044641,0.0624492378253456,0.0934909447560946,0.0926725623490175
gumbel,200,278,1.33333333333333,0.25,38.9998950185171,51.8893383229406,43.2017311967804,40.4504917341808,51.1366929562214,20.4004127710129,26.8122701264979,22.4900676209936,21.1216823020789,26.4384896221401,37.5882144246642,52.6301887935907,43.851096659315,40.3420063057617,51.0661408025349,0.102310108010628,0.130160717704523,0.101554495494312,0.103092520527693,0.128594753563002,0.0995224709987622,0.131439621371102,0.110422033723646,0.102930259452628,0.12785941572687,0.100078176302276,0.133023902019823,0.110708126710118,0.104284587699285,0.130613422388048,0.0971519942109448,0.131535870241468,0.110008652211714,0.101885754365713,0.128293177599289,0.0975086010925919,0.130258154061186,0.109138447277169,0.101949223518443,0.127404785120502,0.102072814158634,0.131796722086177,0.109251724413173,0.103227999688596,0.129832301249211,0.0962381073063342,0.13057956697204,0.109277583875485,0.101322040906221,0.127082106479195
gumbel,200,279,1.33333333333333,0.25,9.95283022602467,46.4328892537408,50.491464565788,28.7978601989982,32.6999425200635,5.94902328147242,24.0976988472384,26.1169104258358,15.3245090269556,17.2661318552995,8.6709546439242,45.9914774919021,50.8667651045525,28.6227698327523,31.3300672673145,0.0142078009054652,0.11809761222004,0.13113067219682,0.0692872450922807,0.0697568287067659,0.0283423856502116,0.11233621272718,0.119208549029116,0.0708807535606751,0.0802633929908494,0.0285185841497162,0.118282211688171,0.126767323034392,0.0745149652255924,0.084943618325243,0.0250943882954827,0.117127220035397,0.127210011717837,0.0728152359776322,0.0812793376218643,0.0249109143364422,0.115838311514072,0.125983886721189,0.0718794462181707,0.0801793870001808,0.026781812624622,0.11781976697707,0.127376720019271,0.0752480103754912,0.086605229054945,0.0252925891371468,0.11715204033904,0.127196647190528,0.0724523540140582,0.0815447749137175
gumbel,200,280,1.33333333333333,0.25,18.415510049981,39.113802323951,35.6758755817846,31.5698225615687,33.5001643010129,10.1598335976033,20.4567045594608,18.746574551853,16.7035665239282,17.6642780665104,16.0973240818907,38.8400263703098,35.9048149410201,31.4541130933555,32.2998663627539,0.0509423582057467,0.096770092409012,0.085978498773323,0.0797368052938169,0.0868078827255576,0.0459786771521595,0.0979222907079994,0.0858215137996486,0.0801091195631733,0.0851420000935047,0.0483308994762289,0.0974675403962224,0.0887509462816981,0.0785945235226798,0.0831829802854358,0.0412849921725193,0.0986710168190428,0.0899339085524919,0.0796073794587387,0.0821944331252524,0.0448573132824391,0.0969556847522205,0.0867145427369959,0.0781659249620589,0.0829837751145854,-0.00272657482236927,0.0706032442708301,0.0733608219250782,0.0539022699386755,0.0374554402728125,0.0452484941278345,0.0975786823353289,0.0881728675358183,0.0792737735567993,0.0830550047158079
gumbel,200,281,1.33333333333333,0.25,10.558357789839,34.91788268436,35.6012460267604,22.0551371986548,26.6544007013049,6.25040667056937,18.3690306132915,18.7091867027171,11.9698729031533,14.2583037893669,9.34566267455575,34.7275476739157,35.8016803355912,22.018478895896,25.7837298553135,0.0291285985559303,0.0920896043564144,0.0936474901809715,0.0601124698220268,0.0716352026142553,0.0211923700623938,0.088063824975635,0.0911442434323092,0.0537666895473845,0.0649893372315265,0.0277286453398847,0.088247967715173,0.0900867310692991,0.0556763127847485,0.0665105424655011,0.0262408177776691,0.0866112619606306,0.0875434663176879,0.0543175769952286,0.0659115571556807,0.0295787933144022,0.0902686126114847,0.0901348934484732,0.0580288805435184,0.0703006502354707,0.0198373876171283,0.0826889042671869,0.0874465291110121,0.0439907960092706,0.0504783583754683,0.0260904220246062,0.0876999307660804,0.0888309315231895,0.055161000607726,0.0666961125712871
gumbel,200,282,1.33333333333333,0.25,17.0289634373277,29.6550276638264,23.9776604054643,33.1011285630489,28.7942543346897,9.47039900389355,15.7508598166063,12.9264171438793,17.4655058454027,15.3235219348432,14.3159667709969,29.6052859675947,24.5805666089672,32.9649185095474,27.3009423033491,0.0244209029786716,0.0727461088252805,0.0627671209207392,0.0761528987829862,0.0674092770527955,0.0237056262422453,0.0732863621533966,0.0584747816706849,0.0798829946836776,0.0621503321345926,0.0416437068319117,0.0775385129571076,0.0631326555750367,0.0839724833959594,0.0723573342253494,0.040696015776293,0.0743323485633573,0.0605424605370963,0.0819689305633792,0.069489901260157,0.0380226049264635,0.0746016411374186,0.0616080296226559,0.0816053308401303,0.0689818289547806,0.0312270856550542,0.0791348642404175,0.0643571038770413,0.0877111093041818,0.0769775454527715,0.0402147443627658,0.0722575190222298,0.0578952941219791,0.0807235153870678,0.0681352482469401
gumbel,200,283,1.33333333333333,0.25,17.3559572911888,20.6896331868799,15.2889750428811,21.1437151458318,22.1927330713323,9.63213752182857,11.2907438711184,8.60405400432258,11.5166467297578,12.0389326071689,16.4877713146591,20.9538824003155,15.6984495952697,20.9776087451048,21.9476691317799,0.0419367399272343,0.039718180707638,0.0292779895335288,0.0436779056170036,0.0409454876930224,0.0452544004033809,0.0518749793090077,0.037642971638757,0.0526815687834433,0.0540965939788547,0.0464926678633666,0.0537392738303884,0.0391070650934737,0.0540841331818354,0.0569775952783533,0.0454135480748598,0.0513471894102139,0.0368238317410957,0.0537444425032443,0.0557333264670957,0.0405850851400867,0.0499090344947077,0.0361473298924668,0.0504704211686128,0.0517875007504934,0.0385082094210841,0.0567097957329392,0.0424724498428951,0.0545747162741509,0.0599654880421015,0.0438890258130123,0.0517729777512947,0.0379175900151081,0.053231968245689,0.0548707261505167
gumbel,200,284,1.33333333333333,0.25,11.003225510478,18.373521089208,15.9023837782697,11.6017464461561,15.0819826311682,6.47202894872055,10.1386574254643,8.90933358087658,6.76976930089611,8.50127107395639,9.94133408071662,18.1828246551594,15.8475180703672,11.2905940628323,14.5160676154836,0.0186708253334218,0.0508769147122457,0.0424249500700266,0.0330044040190947,0.040510114276749,0.0288697095246787,0.0483755203626941,0.041821141929297,0.0329156700175959,0.0401372341275653,0.0294059234035494,0.044855444900136,0.0369628708577173,0.0296179614545207,0.0375669711440528,0.0280525624018971,0.0446258695338511,0.0374801129674425,0.0288018448721821,0.0367546868207998,0.028559940361107,0.0421100031058993,0.0345422517121412,0.026032537036285,0.0356831327526916,0.0296659839865886,0.0508489239956118,0.0441312732809976,0.0294966766772789,0.0412237393376332,0.0257250495226777,0.0443938987771763,0.0384852210179193,0.027020022093439,0.0354779863347514
gumbel,200,285,1.33333333333333,0.25,20.7706420827889,36.7175008588756,32.7006436306881,26.642899816371,30.5499159129617,11.3311243561929,19.2648753745302,17.2666199392066,14.2528105016116,16.196868854574,19.1739395857336,36.5544513842548,32.7746717428868,26.2355720385158,29.8828957555494,0.0566150314667107,0.0959111636335568,0.0862484872771573,0.0714145724033244,0.0782399874328447,0.0500999575038443,0.0880602267445573,0.079143405825154,0.0627862676675898,0.0730247907425993,0.0480264013447814,0.0925178057170707,0.0833445133861802,0.0668695269973771,0.0753192644551691,0.0504315682882229,0.091664042709514,0.0813882074012882,0.066384649424897,0.074657062480578,0.0521256725627892,0.0928196308108825,0.0834249816441318,0.0662289457903388,0.0759729280089452,0.0556258572287535,0.096566796062115,0.0856265048145745,0.0715355346329362,0.0812588211551899,0.051692306917395,0.091350591163846,0.0809715445549371,0.0658130017987829,0.0752905721305123
gumbel,200,286,1.33333333333333,0.25,5.89328713265744,39.150687252834,44.0585432465711,20.3681211629198,25.0004757810817,3.92948550839128,20.4749878910084,22.9168111667782,11.1308209645949,13.4353694350046,4.92946328394208,38.5561050449568,44.056367589828,20.1570800365846,24.0026522480067,0.0197316494769425,0.100607194200163,0.107041619843073,0.055910976635513,0.0674066433661834,0.0156726691595393,0.100228579748847,0.112688756846046,0.0517901281380872,0.0645486237038828,0.0169319569603472,0.0987729735375916,0.111165680603626,0.0509974456894666,0.0631126400757582,0.0124228581560798,0.0967136806970963,0.109268609215085,0.0488590746399638,0.0609506201813938,0.0115534927303434,0.0932556281938515,0.105476618017861,0.0454560739494398,0.0572774522430221,0.0192350960774656,0.102862429846729,0.115113498089895,0.055557461371356,0.0672197644737912,0.0154223058960181,0.0984141256680357,0.109980857867853,0.0512787771372466,0.063007123877905
gumbel,200,287,1.33333333333333,0.25,19.2360226525984,54.9238981616553,53.5884857460178,46.7664309915696,46.3691092995912,10.5676293643081,28.3218349501338,27.6575805126718,24.2638933305892,24.0664991014456,16.7829449594586,54.6452507912024,54.2582440355906,46.6044432200957,44.6644755301484,0.0525823442081749,0.128001628242775,0.125546561362682,0.102350354492503,0.117015763566983,0.0500220608525037,0.141492058518799,0.136250256901604,0.120816232664886,0.119668318158056,0.0466265683394532,0.137763788100967,0.135228143723235,0.115063964923352,0.114455064294013,0.0457785145118982,0.136537659508929,0.132980745863926,0.115084296635791,0.114081294095312,0.0492817758802117,0.140295735220195,0.136298924215155,0.119671028000926,0.11797093133426,0.0421536091116947,0.0984623840641691,0.0944096713375741,0.0657257640058798,0.0762675528093101,0.0476193260150836,0.137306788227245,0.13373831656153,0.116161783572191,0.114178939308781
gumbel,200,288,1.33333333333333,0.25,11.2733567487851,26.6191252951705,24.6947315684748,20.5289442245661,24.4523014589722,6.60598273980044,14.2401882519061,13.2829910615778,11.2105077356465,13.162434849078,10.0159012668878,26.7183857611577,25.21174278158,20.5753137165163,23.7958082355749,0.0314550420352478,0.0540490854092716,0.0441717222552892,0.0390867359035045,0.0521051550182839,0.0312511670979042,0.0664448918196926,0.058405689874427,0.0521724899266271,0.0641523346668937,0.0263080979957213,0.0641010409799274,0.0583273056462604,0.0488113187087507,0.0575318695998124,0.0267240775694502,0.0655582422962857,0.0605728696727708,0.0495065420022585,0.0590582829661014,0.0303513859967892,0.0661212462964919,0.0602863254351227,0.0506839083094285,0.0610617500650978,0.0319098565869253,0.0715407020215094,0.0661806710978266,0.0552003006283006,0.0661266896409442,0.0259391495629725,0.066319215367819,0.0612283584818853,0.0506979239391136,0.0599124460452133
gumbel,200,289,1.33333333333333,0.25,8.54007580630656,31.8260208612024,33.1633779433747,19.1925760403602,22.8855787122061,5.24621786640777,16.8308879156384,17.4962990173092,10.5458553150679,12.3836594413691,8.02180597366818,31.8170014112752,33.4811486253507,19.0962299470329,22.2101354462142,0.0135263188385531,0.0840418888706229,0.0874480896301696,0.0490870881835136,0.0543848640235508,0.021903094856321,0.0774517163112522,0.079276206077501,0.0487722675671971,0.0519054397089197,0.0251285936953379,0.0812733192689133,0.083515063678907,0.0491204123760779,0.0591741573072303,0.0194000592765503,0.0799748792420294,0.0835031754930815,0.0475472376582312,0.0540353049596451,0.0228709076521345,0.0785097863134206,0.0803487052731712,0.0487199855574944,0.0554931570530074,0.0249338164962656,0.0813428249830724,0.0858092136816805,0.0472257564204295,0.0612066180022125,0.0209451478661588,0.0796212479059903,0.082964120260246,0.0474792933901015,0.0555775457046813
gumbel,200,290,1.33333333333333,0.25,17.2808799490272,28.9934454277491,24.2690988916511,25.7845651410337,29.0586932914728,9.59442291318665,15.4214967421483,13.0713681309945,13.8251093924832,15.4541434946012,16.6484214227213,29.3685210205318,24.6924499264535,25.9061179552956,29.0544449814323,0.0316006445757801,0.0422597165987732,0.0330928092876068,0.0390864252574856,0.0388221606970922,0.0471376662507248,0.075666511405372,0.0634079259104161,0.0678739562627279,0.0753350250285179,0.0425241318874537,0.0739689672270409,0.0622387553858653,0.0644145123344129,0.0738926302705859,0.0435950525027301,0.0715814980582856,0.0589495862117706,0.0645270460208005,0.0722240674312087,0.0455579212122057,0.0735086716727975,0.0613672404533519,0.0652529779587895,0.0735278985561058,0.0476304961712183,0.0774635723672231,0.0655760175293446,0.0691633130623009,0.077525745007597,0.0430089539896611,0.0724184984714742,0.0598344473904231,0.064973315692512,0.0723984322588907
gumbel,200,291,1.33333333333333,0.25,7.44823641005415,34.7793652602864,37.2002880590533,24.2215781182097,23.4434010346819,4.70328008359985,18.3006333547262,19.5053332729691,13.0482394202283,12.6613826377985,6.24015218609506,34.2061128309514,37.2374754653677,23.7967367579469,22.2032487784499,-0.00685038608174415,0.0770537886742368,0.0910575972231989,0.0366018810044576,0.0516553733809385,0.0123236602732631,0.0818650967460084,0.0907924677263816,0.0526516798104519,0.0490788746345742,0.0212452210180609,0.0870746993449694,0.0910953616853039,0.061980721754109,0.0593281699210353,0.0193113586171102,0.087382888108567,0.0926570839788628,0.0614224437630752,0.0580996469533037,0.0165429994604816,0.087287421786431,0.0939869949096728,0.0606084117098966,0.0582581803492592,0.00539906044670509,0.0739229574599251,0.0794379295767101,0.0560436497408514,0.0351419200667319,0.0179893518459595,0.0855648272512861,0.0909644322549618,0.0591285904805517,0.0566998733392668
gumbel,200,292,1.33333333333333,0.25,17.0459579875918,62.4000365192104,67.2879069420658,37.7741250102963,44.3849982401535,9.47872033532604,32.0415529196041,34.4731517320263,19.7905126539637,23.0796370183855,14.5218945913,61.6631280194303,67.394558670573,37.382121892187,42.3834745823565,0.0303115632583419,0.156705017098402,0.172460106710825,0.0885876127258585,0.107022200670923,0.0400956406565641,0.155762622496848,0.169723134573022,0.0911958094702386,0.106196318053974,0.0367199261085593,0.150492943937629,0.162879455705893,0.0885287639193921,0.105843033234275,0.0427735287599201,0.156392793670636,0.168397958580687,0.0945165255634058,0.111025572427902,0.0390856972988667,0.155731003622001,0.168271791784511,0.0925221367210185,0.109157355843672,0.0299098809005055,0.14190409537307,0.160383347189822,0.0751714196644768,0.0883195263924347,0.0405138434038523,0.155468202802951,0.16756014578543,0.0935123941559777,0.109588831083628
gumbel,200,293,1.33333333333333,0.25,39.2032286977395,46.0243981315082,34.6600848744389,43.9498248591103,49.232508104047,20.5012680420582,23.894590402996,18.2409707715193,22.8626182345363,25.4909504246729,36.4900040212794,46.4447376429756,35.0734560107294,43.8488083209433,48.9274129305254,0.0725171117921905,0.0981137755305339,0.075838670129001,0.0882797579054957,0.0971515131805699,0.0968057433872855,0.115901491278347,0.0888149900141858,0.110999917641049,0.122012263713607,0.0967499962285403,0.116205243294052,0.0883058888740667,0.109943508157416,0.121525371927882,0.09880736845877,0.116608989481649,0.0882167356827202,0.111340410317968,0.124163892677469,0.0990648572268013,0.115413782656123,0.086369035936717,0.110169664183124,0.123113965755048,0.0922871008831897,0.112204012125764,0.0877186250046012,0.104225315218517,0.124609326835397,0.0974786464352809,0.115307762930222,0.0868063492176435,0.109524671125564,0.122638759699775
gumbel,200,294,1.33333333333333,0.25,16.2868416129134,52.1438175262885,51.8790485151589,45.242730385295,38.5761741121785,9.10084082129315,26.9393384033579,26.8077391530305,23.5061927081925,20.1908879878395,13.7836976964121,51.5315211122797,52.2445353518909,44.8689543801645,35.972177170436,0.0382644386825703,0.121592652573058,0.119330183111446,0.111979094064809,0.0726669727771503,0.0419958669989881,0.131931234210413,0.130741590819007,0.11660706035466,0.0923677754529252,0.0432938440391781,0.129237262824242,0.127069524521206,0.113784930719605,0.0939716507401504,0.0397464143061546,0.130671388917588,0.13028849184598,0.11314294275545,0.0936287682116578,0.0402419442275885,0.132186618949594,0.130360514524234,0.11480716725663,0.0969927967398285,0.0333930580494312,0.12492516436464,0.126434136913567,0.107319132815458,0.0913979537387349,0.0405596248489205,0.131219228315465,0.12999561868182,0.113651661804008,0.0944514882809357
gumbel,200,295,1.33333333333333,0.25,10.2638975680148,33.0889900136954,32.9978094543679,24.9028796615973,26.3512658199291,6.10380039831944,17.4592683622299,17.4140295349835,13.387052525352,14.1075137571941,9.14575499165543,32.9253608887614,33.4282618011397,24.5755210684161,25.6356836788714,0.0275233428351035,0.0872892966733018,0.0874484954151042,0.0625713780532349,0.0674202993971602,0.028742617419965,0.0851879271566666,0.084635600290493,0.0627464460412435,0.0674367350261605,0.0249550216414756,0.0832288256715955,0.0833643807264726,0.0620857621738879,0.0654330092779411,0.02503920520358,0.0830738089002931,0.0832378598038974,0.061064484580874,0.065137296549641,0.0252068016658764,0.0821356550692791,0.082161765249971,0.0611808656171501,0.0645469581381647,0.0294177608880809,0.0721077341248544,0.0710238075051756,0.039238059061728,0.0654356431158171,0.0252334633169826,0.0824080033967067,0.081870407023008,0.0611468945781741,0.0649398529732231
gumbel,200,296,1.33333333333333,0.25,11.8485678798881,28.7546605985636,27.3652421129061,21.1358198229104,25.3861496217191,6.89209706816537,15.3027702331499,14.6117873589439,11.5125419643097,13.627069508182,10.8698871326051,28.8117966011297,27.8124678740861,21.0765482374217,24.9912972933396,0.00051712482280657,0.0748142660645167,0.0733920515375831,0.053052980239495,0.0628557450447592,0.0302206066753447,0.0750572455078798,0.0713866519971985,0.0559304555952761,0.0662659098090486,0.032541022436252,0.0713573384211396,0.0658150586671963,0.0524198803124729,0.0634821850279073,0.0299692687330381,0.0731791426854673,0.0688717335685875,0.053861579013188,0.0646085003259871,0.0299420972998481,0.0712183409046681,0.0666646822152385,0.0509317635833811,0.0627989969113254,0.00907887567695246,0.0765897796525693,0.069772073477244,0.0465311557940063,0.0615830372041395,0.0285224783354696,0.0713894889737601,0.0676316849528921,0.051673451495373,0.0624424892424099
gumbel,200,297,1.33333333333333,0.25,9.99238147599963,32.91049876979,32.4163687717395,24.5235348455514,26.0965314892607,5.96849242340963,17.3703173222335,17.1247095333782,13.1979060461992,13.980773278502,8.8543264228666,32.674702671237,32.5856106638622,24.509662929074,25.0541522585219,0.0299395063104886,0.0837510671623244,0.0805385748080312,0.0635413274852363,0.0682064717010496,0.0248889658716315,0.0816824552462509,0.0811461769619964,0.060959822969776,0.062940622139497,0.0258533677684952,0.0821595550671636,0.0806229070475351,0.0597590426023109,0.0639515163225385,0.0253305621272332,0.0825844115448304,0.0806101338588077,0.0613703440449707,0.0654702901891007,0.0230598698031307,0.0809471168990117,0.0806979308484716,0.0585334832525998,0.0614538919800607,0.00552932331552952,0.0701516866567276,0.0751346684983643,0.0507606576737358,0.047634683078412,0.0254972994372378,0.0829429017527454,0.0813222924375947,0.0617313154544491,0.0650601347316345
gumbel,200,298,1.33333333333333,0.25,20.3585492123383,36.5996712191821,32.725810362675,25.428653743601,30.0775396453336,11.1259423297597,19.2062945563221,17.2792347049175,13.648756414695,15.9617016178743,19.0497253287825,36.4006621475565,32.6055292113031,25.0230124374844,29.5517670780354,0.0558490667634515,0.0824767344422217,0.0616109960161836,0.0615363565344721,0.0676558046075456,0.0549828414207372,0.095754530105838,0.0855468123130425,0.0657268526116669,0.0792824939127225,0.0520670720761097,0.0915814026721683,0.0822356555211505,0.0630147956196987,0.07319382827722,0.0518827857158082,0.0916828442711176,0.0820101908163681,0.0639664538895092,0.0752064593139797,0.0475680856241815,0.0895657170579235,0.079932197726339,0.0615559703262022,0.0716888608744055,0.0556699895053943,0.095937098050337,0.0867764375538544,0.0625336870516288,0.0798647826238523,0.0505094292080455,0.0900376273654601,0.0802021659328541,0.0624994146438565,0.0731548284579835
gumbel,200,299,1.33333333333333,0.25,12.3934871866343,16.7654681358071,13.1068436519046,15.5356889777466,18.1836194736427,7.16334135251979,9.33839879370851,7.51854875660889,8.72644185353527,10.0437293139696,11.6174707938667,16.9098802072476,13.2347906925996,15.5331578365074,18.2957699184131,0.0351964915787814,0.0443850398435684,0.0341439578077472,0.0425239828040179,0.0499001541900896,0.0231650494240438,0.0315998601496775,0.0223722101949206,0.0273281750482552,0.03572656261109,0.029796809838327,0.0368199184597783,0.0255325367546728,0.0344796802055747,0.0429934894375947,0.0296905495027061,0.0403885209290703,0.0306107129294362,0.0373436527715096,0.0443069027132009,0.0283664303704536,0.0396596630443842,0.0293754754664553,0.0384197291997873,0.0449012439068318,0.0357809688951999,0.0431955031292769,0.0301180053719718,0.0391878823457608,0.0498351404412149,0.0314323925468366,0.0420387407937168,0.0321150332730398,0.0395137560885074,0.0462474756996616
gumbel,200,300,1.33333333333333,0.25,22.6593143175117,45.0882852596018,41.5983789860474,32.7232104330343,40.9087104405961,12.2702748818553,23.4286464943327,21.6925719027005,17.2772138259208,21.3495711310975,21.2300614454068,45.2733724700103,42.0217910446506,32.6993251438746,40.4843590163579,0.0612336554441306,0.117715643707034,0.10847733208345,0.0867352719106571,0.106560675347833,0.0604247215282421,0.115950677622715,0.106270491594086,0.0859502943623416,0.105489718621984,0.054115951936774,0.115484688610942,0.107048562157341,0.0838272174377356,0.103883394882317,0.0575373813295166,0.115316281765805,0.106079053944295,0.0842655794832875,0.104178944323699,0.0555369209433946,0.109367972958463,0.101314020995925,0.0777480664832554,0.0968602137937194,0.0613332241440583,0.114208015048183,0.101378925634104,0.0867932369543034,0.106097617644498,0.0567891488176187,0.113723683667307,0.104897167860583,0.0823582176554828,0.102572555512134
gumbel,200,301,1.33333333333333,0.25,34.2471958199602,62.2952854360783,56.9799389948578,48.2835390819318,52.7209638657099,18.0369596789702,31.9896285392877,29.3449582897099,25.019341644769,27.227555588967,31.3547753630593,62.3272606964789,57.5413057405559,47.6685166442972,51.0284073581383,0.0735019431451528,0.154966803068371,0.145011050768783,0.108246243614252,0.114266141701681,0.0791414332701753,0.150325115790123,0.139052516608085,0.114739632166521,0.124296125704884,0.0754196763794305,0.151355150158665,0.141556153852225,0.110750704064783,0.121740737160522,0.0843436650172781,0.155697908017949,0.142907858332191,0.119027959165277,0.129613613803849,0.0787132909383299,0.156083700780187,0.144368658298291,0.118040780029828,0.12652920272812,0.0906092510905091,0.160097031413321,0.142559039741905,0.12482369784081,0.136182062655521,0.0825127621239832,0.1550472534058,0.142222509647961,0.11860876161296,0.128658183245877
gumbel,200,302,1.33333333333333,0.25,14.8855621077576,46.2130715771778,46.1942162500989,38.3026825762025,39.9349856529078,8.40299987716262,23.9881252065119,23.9790906076913,20.0528740588413,20.8650206615543,13.1892120644357,46.1252125812813,46.8390623203496,38.3612088877257,38.8846619019008,0.0299239482017598,0.11278994392588,0.114578279941543,0.0930913211259672,0.0908171342805722,0.0373812530223623,0.115603532965037,0.115480292664101,0.0980178460723242,0.0995597148971487,0.0400122312573204,0.118066733020385,0.116186440141093,0.0992537399975841,0.103414199151246,0.0380477937749081,0.116904684480096,0.116604239174195,0.0960295961084376,0.100465629471583,0.0376927249403194,0.117700709922604,0.116329806436611,0.0980024922489695,0.101632670311647,0.0401044836494848,0.115285345189047,0.114540260100429,0.0952518559129833,0.0941361036024588,0.0374437165466396,0.116314429142187,0.115460747689204,0.0966012104292836,0.100392500199408
gumbel,200,303,1.33333333333333,0.25,11.1630779423046,28.4607218786123,26.6234487204929,24.2967336251414,24.9628913687336,6.55177705161247,15.1566221329679,14.2429060759381,13.0849012612289,13.4167984799723,9.59961364052016,28.420215587874,26.9223164438638,24.4219627460689,24.0071742387351,0.0324970242073803,0.0751017888955578,0.0706665316382883,0.0645740585700945,0.0674070667164705,0.0251366976728917,0.075134271463855,0.0695569653849324,0.0633860147902515,0.0641670395817898,0.0241910450374964,0.0703517102589821,0.0662540052123854,0.0607798552368411,0.0601895506522232,0.0268014342489771,0.0704796260474086,0.065004295013026,0.0599359203354808,0.0616888216721083,0.0268940481817029,0.0732833703601672,0.0668239625992192,0.0629931157882262,0.0638006584425143,0.0316490646757448,0.0725002996633037,0.0642877847013439,0.0611514901194711,0.0669318051311706,0.0266748511969601,0.0706078591384384,0.0656778386262469,0.0607308784448219,0.0609028848189124
gumbel,200,304,1.33333333333333,0.25,10.789943416109,30.4134766283946,29.6992857884187,23.1954882474062,26.7781141905917,6.36536266089965,16.1279072281063,15.7727652135189,12.537270614164,14.319508788278,10.1503935946884,30.6523310643526,30.3537107921649,23.1185432503719,26.5643488914258,0.00278714132647362,0.0647142640385353,0.0704307305175379,0.035398685137181,0.0492216034754383,0.0252233621765743,0.0745460636391782,0.0728659225379061,0.0561323026290319,0.0663884820919952,0.0302000762416209,0.0772607494671924,0.0746437525275533,0.0591146537987753,0.0688263302519647,0.0266641448210625,0.0761033053598907,0.0743504739463074,0.0578942140681043,0.0666874250589576,0.0262798696989399,0.0759913048760362,0.074240747996903,0.0563195900678271,0.0665819097014623,0.0319288915870473,0.0777521692693498,0.0761677803795606,0.0567484739932465,0.0705997216873819,0.0276715576822096,0.0764094951101458,0.0744461403439766,0.0575515253839481,0.0670957639243258
gumbel,200,305,1.33333333333333,0.25,9.1359497126711,28.1535422037621,27.7471315982983,17.702704952002,21.4520953529437,5.54279203228218,15.0038433615792,14.80180930822,9.80459679599042,11.6701709423998,8.30581840756296,28.0313766915355,27.808304880986,17.6582372881723,20.8869527873434,0.0184345736894884,0.0647046249720325,0.0659441783794886,0.0427894360418889,0.0517209249487681,0.0150875012117041,0.0685316531522334,0.0685563076217365,0.0419293314102111,0.0504473051828429,0.0223067545429995,0.0731580370691522,0.0716235533325506,0.0466803601347198,0.0540182941814633,0.0239105737608811,0.0728038671111883,0.0705887327167903,0.0469977555673346,0.0564587013736488,0.0242739214318057,0.0702054124668873,0.0684532023270248,0.0444203689005095,0.0531463186046803,0.0275839292454944,0.0752271256675757,0.0742445539593019,0.0481297536287846,0.0584442524092902,0.0227458123475636,0.0704848999394051,0.069072554636824,0.0441804167418894,0.0532627000744498
gumbel,200,306,1.33333333333333,0.25,29.5240677027948,44.8637389473555,38.2961104435355,38.2909145150673,44.2864808622926,15.6868417532547,23.3169908083116,20.0494963684445,20.0473938515558,23.0303203481824,27.5633006714064,45.378668440433,39.0709543285132,38.1098569028147,43.8879928651421,0.0783201501902974,0.113867687473559,0.099670923205935,0.0858606229161643,0.110859818189891,0.0654218670358852,0.106173591018997,0.0901071622076923,0.0918812996247314,0.104356653414904,0.0674953010895612,0.113003555216869,0.0987092667620716,0.0930557831961648,0.108728116083018,0.0713509639640011,0.112750658519042,0.0962389972527672,0.0956027921163206,0.110410892498444,0.0733053589821638,0.114685223269306,0.0976393064007182,0.096675682048542,0.112032471745139,0.0780249525363077,0.116694388152012,0.098033333250018,0.10070718137182,0.115669554346191,0.072212273065004,0.113391426659255,0.0971039237003916,0.0958520822357037,0.110733757647457
gumbel,200,307,1.33333333333333,0.25,31.7557187334809,37.3981162374681,28.8796585435018,35.6840530850009,40.8009427447741,16.7962272937099,19.6029491228789,15.3651807663522,18.7501648531989,21.2962571183915,31.537451940518,38.1725991773553,29.4971741808723,35.7295515893223,41.0477502026657,0.0835325183045676,0.0963024845604367,0.0698663477468098,0.0925189526919284,0.106242547875835,0.0776508430914951,0.0924517442523532,0.0720198819364191,0.0887179408037559,0.0985746380681071,0.0799708603275319,0.0945923085521601,0.0734372638435796,0.0898649890249658,0.102821323630833,0.079470731615207,0.0942730169225564,0.0729578279039523,0.0891105614047647,0.101767866042221,0.0778969576459242,0.0933483990903388,0.071809889728802,0.088249441372368,0.0998081794433154,0.0838676435892849,0.0972249184596643,0.0754434185556304,0.0932555121799278,0.106809605013608,0.0784559691207415,0.0932196828559542,0.0715625520536483,0.0891565895344662,0.101195427712626
gumbel,200,308,1.33333333333333,0.25,17.8395003899388,48.7696185969457,48.2036336120544,35.079701613342,38.3418408850677,9.87396310705358,25.2604180843729,24.9787829846875,18.450053588376,20.0731106904982,14.865333122279,48.2654614548003,48.5398351241311,34.7067489958246,36.6359340908048,0.0462280723823943,0.126425223504841,0.125120234758307,0.0926339384607697,0.100290687357667,0.0420615480511874,0.122545748036446,0.122372796552531,0.0866256196680429,0.0940931467743722,0.0390242592694558,0.116178271279501,0.114942092265117,0.0784941254862953,0.0901158839111602,0.0417385764774022,0.122567698793194,0.121157052875502,0.0876471205237524,0.0953333386936321,0.040931028716083,0.119143294933707,0.117395281064339,0.0857109474966485,0.0922214650423596,0.0472796055359653,0.126103767817106,0.125499332228829,0.0852065035412194,0.098776281030537,0.0419461566925231,0.121776920872896,0.12057133121313,0.0867749327307682,0.0946462286062407
gumbel,200,309,1.33333333333333,0.25,25.8772484145551,27.5988201892016,20.1891843299916,26.8428320682827,26.9720655751908,13.8716598381695,14.7288555071598,11.0430420778262,14.3522067719361,14.4170815425277,25.0567655134887,27.6332810510387,19.9431893902425,26.5311272333864,26.8931116220069,0.0690982213930447,0.0733050212250399,0.0550725810268508,0.0697237506333916,0.0713780419817412,0.063340600229979,0.067138972058192,0.0480172663206937,0.0655859765364208,0.0634593593275015,0.0631615478193063,0.0670901256718037,0.0492357776311621,0.0654725207940305,0.0658836318982745,0.0636095465801422,0.0684966686163127,0.0494109458049361,0.0660094837155516,0.0663883375463003,0.0634309560731382,0.0626830942068648,0.0426661894268952,0.0625950942074269,0.0630683137103973,0.0640694820249171,0.0737212116301886,0.055349722960465,0.0714870626909609,0.0720781552611105,0.0640597903368395,0.0669073786386189,0.047666059007908,0.0663795081601022,0.0647524631528155
gumbel,200,310,1.33333333333333,0.25,14.4140347045767,46.844019672807,48.2581773043546,27.4355743258708,32.9765009051793,8.16846670105771,24.3025707412587,25.0061460765702,14.6471436102676,17.4039000052397,13.0575868733774,46.3176249073383,48.0768751240813,27.0375240214256,31.8916294591187,0.0398690641391109,0.122022624005813,0.12441713490955,0.0734078946611904,0.0874384145044624,0.0351487790132258,0.119108188865474,0.123230115401579,0.0709927528351668,0.0835457300565465,0.0361300122448191,0.119039155721491,0.122487889134953,0.0701892954996991,0.0832624294610674,0.0362671455565808,0.117789468715071,0.120973763224268,0.0691031283589323,0.0824700445607574,0.0328224493931045,0.118325278117883,0.122902697055999,0.0692529195851512,0.0815197057519187,0.0401189732105631,0.119561539385102,0.123414182466579,0.0696816374396033,0.086609988761064,0.0350810175715291,0.116219744127767,0.119979057676689,0.0670052438889847,0.0805016747134004
gumbel,200,311,1.33333333333333,0.25,17.4284407495814,49.8214334639623,51.3136930918813,31.6411737548409,37.1271495381392,9.66914120623285,25.7838380562856,26.5262029047533,16.7393712178157,19.4690557529694,15.7747013906179,49.6202041011684,51.5550086606335,31.2545437101046,36.0398151685816,0.0485003442050442,0.129530542984169,0.132930051540102,0.0840495442805049,0.0978111215446298,0.0396125568297004,0.122968715383411,0.128826887941264,0.0766079055638661,0.0876360427567201,0.0441411452808156,0.123679778195079,0.126657069848889,0.0767061250044251,0.0912566769103289,0.039026587377165,0.12324606523262,0.127730034087267,0.0764653666322112,0.0884893331476384,0.0398534263084787,0.1245057529806,0.129453320331546,0.076933498379207,0.0888237123841498,0.0476827004298432,0.125829422346286,0.124496353501299,0.0840986700553165,0.092144580487545,0.0425432619032669,0.123945427225194,0.126719487600052,0.078837178397615,0.0916961228057389
gumbel,200,312,1.33333333333333,0.25,17.94242216167,46.8970656490198,45.3057442200978,34.4748613267867,33.5132702484106,9.92525620181265,24.3291011079751,23.5372996266905,18.1490958233058,17.6722833083856,14.8490455976517,46.298742858647,45.5820229897895,34.1785537860037,30.8544248215031,0.0459415030616906,0.115496386840639,0.103843422583907,0.0874119070155632,0.0854238426294366,0.0447946240814071,0.119877155223523,0.115333685241256,0.0891141335954489,0.0834794533580492,0.0422366132990919,0.117799026527277,0.113794474765106,0.0862966732428037,0.079836753588795,0.0424269441935386,0.117424818204337,0.113535190976142,0.0865176270843824,0.0808618050824064,0.041295362124749,0.114949260207137,0.111684900312382,0.0833578772906674,0.078593003027924,0.049261366951433,0.122062187132778,0.118109764225158,0.0911710926483674,0.0868275614666326,0.0418240738206672,0.116633375565323,0.113051934553875,0.0852020424068473,0.0798561264024306
gumbel,200,313,1.33333333333333,0.25,10.4810514517478,19.2252012454792,15.9690825199353,18.9077048312255,19.5862722798917,6.2119457831504,10.5620193236828,8.94250839584955,10.4039631642076,10.7415590831835,9.19219578733901,19.2446227929723,16.2342736664979,18.9626091910434,19.1735650851356,-0.00135661746133632,0.0530563789608137,0.0414374152980353,0.0512973391548668,0.0483143376596878,0.028035110313056,0.0369428707028477,0.0213145829263943,0.042910034719428,0.0437012423560741,0.0289934492428931,0.0464096945144905,0.0357618009708463,0.0475038718122768,0.0490482447436266,0.026206680704668,0.047337461957417,0.0380117822849273,0.0460954637171679,0.0485279905769544,0.0297026020128954,0.0448872271060428,0.0310147033683407,0.0480214337664705,0.0498841487836255,0.0311398782537707,0.0351679844145937,0.0136298178655212,0.0434789356959092,0.0461104219910838,0.026065886438126,0.0475181425686473,0.0384717934926278,0.0470028287692035,0.0489080336056461
gumbel,200,314,1.33333333333333,0.25,17.3039943334753,40.534777115043,39.266887799336,27.6528344821294,34.4021141274109,9.60667148078359,21.1633901963864,20.5327066975954,14.7548320252757,18.1127028384214,15.6859142679872,40.5698585303731,39.6357145825606,27.5044979853934,33.7985060161803,0.0469476179334941,0.100498238948302,0.096071380454714,0.0623941974280068,0.0882696960909983,0.0402726765132887,0.102492077196551,0.0979389808832849,0.068584807574698,0.0860988353046867,0.0452796833934865,0.101459659211385,0.097072284018375,0.0685021582527965,0.0873039603499697,0.04501927214142,0.101790176872303,0.0984667041721587,0.0690890916657796,0.0863857039417725,0.0440287931967801,0.100529833666771,0.097033593870821,0.0685357513825328,0.0850935268550736,0.0478571905129641,0.101515063333119,0.0980696463196211,0.0572646532543442,0.0873724982853623,0.0418200987767954,0.100937813494562,0.0973010679668625,0.0688332712254734,0.0850688105950612
gumbel,200,315,1.33333333333333,0.25,28.6255712938599,58.7639006533724,55.5975881688185,43.4175280215887,49.2287455363204,15.2397237513387,30.2326193944274,28.657470583093,22.5978472017147,25.4896501280237,25.9041413468979,58.609566822762,55.8813754339538,43.2161209198034,47.8015338167327,0.0705421414108743,0.150563339102462,0.143522146984401,0.112530838943361,0.119046140697927,0.0668171871832479,0.148846654475337,0.142349520406128,0.108739896353551,0.122196639848053,0.0683887108889503,0.146128577204818,0.135897231558266,0.108902474543844,0.123041574027453,0.0680987980557768,0.144730852632938,0.136653549036171,0.106231144295008,0.120003095931715,0.0665521394279264,0.143281938048677,0.135824392512978,0.103422994616652,0.117823615289744,0.0754703084930612,0.151410491323425,0.143930934824242,0.113318578334109,0.127981553604646,0.0699131310442671,0.147222009358055,0.13893819392852,0.108779993285472,0.121937479149555
gumbel,200,316,1.33333333333333,0.25,22.4766939255242,45.8503369155286,42.663318146358,38.2673295454964,44.0844896588027,12.1796974028489,23.8076298916967,22.2223105465366,20.0353049510612,22.9294374795132,20.9010880899683,46.2397512139151,43.4659734284877,38.2644492202742,43.5935107132944,0.0608766626586428,0.119507342970023,0.111245035512114,0.100238905482256,0.114602312327094,0.0529439174695,0.112091199576205,0.103141094563568,0.092818571826895,0.108971223570666,0.0549203144359578,0.114017389721073,0.104667266962206,0.0943099427543189,0.109436842784308,0.0542187505110171,0.11555577298638,0.107391033978295,0.0962432444819991,0.109673544055164,0.0489637140600614,0.11108290858601,0.103480063754406,0.0889037206252595,0.104899340786086,0.0610374714942784,0.119622700681059,0.111191422002813,0.100264904295569,0.114532374072685,0.0556430667486787,0.115210204751056,0.1067993616574,0.0957555483573126,0.110093792664131
gumbel,200,317,1.33333333333333,0.25,34.580401362367,60.8445945699565,54.8795867770442,50.9025074961736,57.9233556060113,18.202212541244,31.2673080753427,28.2997073411921,26.3214505943812,29.8146200067075,32.4961940675674,61.379908255276,55.7169661012636,50.7938432301137,57.2068308249629,0.0881365896901049,0.152902623101235,0.138528663862753,0.124639548478627,0.145632794747611,0.0830925636814129,0.152388663305111,0.137402689149347,0.128320456193984,0.142845435481589,0.0838384796992938,0.153517967892853,0.139613063485007,0.126341879883934,0.144092979176582,0.0850439268343599,0.154079760227785,0.139239599983208,0.12768703252012,0.144936283530814,0.0891172243340553,0.154643866106344,0.139485435561779,0.129766440455164,0.147904272195578,0.0836289359912608,0.15072774429853,0.133506339078118,0.132140702344252,0.143006608466471,0.0843564562042076,0.153103955000686,0.138005121182148,0.127793770068365,0.144630089169795
gumbel,200,318,1.33333333333333,0.25,3.96612828325105,30.1170858237758,32.7340086937603,21.5198857144044,19.5401301985202,2.97132101691722,15.9808614169729,17.2829260910867,11.7038584854848,10.7194802333828,2.66871135210807,29.6073753701135,33.0138829362426,21.311187111475,18.1192862183015,0.0148422454458255,0.0763860829219309,0.0756038142993722,0.0587991694914798,0.0529609547828367,0.00272970873614635,0.0768449757515918,0.0817628748523121,0.0532894086901897,0.050001894988477,0.000776682141124441,0.0665862635398908,0.0756156256862595,0.0407533563504634,0.0341797753578307,0.0092548073643612,0.0758907146808261,0.0822232122443083,0.0544758187404397,0.0480734332043536,0.0104847565377823,0.0750666925778936,0.0806891477763547,0.0538664775469312,0.0468537965317374,0.0101843080817153,0.0789694926011612,0.0857860870656534,0.0581250338868649,0.0518675682471166,0.00843901531175865,0.0756671786218773,0.0820493854936997,0.0534695561901339,0.047410999451211
gumbel,200,319,1.33333333333333,0.25,22.9103269669086,44.1762519690934,39.9012568791104,36.8855918795782,41.7167974047396,12.3950316922474,22.9749235560907,20.8483740325984,19.3479414366018,21.7516422251344,21.3709490637519,44.4404528198965,40.5170354921757,36.8989119164448,41.2243202576297,0.0620959597333115,0.11153032225069,0.0992190456532024,0.0949387893330474,0.105012825340424,0.0606986487636069,0.112150388787486,0.101077939781552,0.0938473114815064,0.105218586436312,0.0585284196566408,0.112293641569987,0.102056123938933,0.093255612868202,0.104688523676533,0.0584058338595412,0.111457373819615,0.100332384740015,0.0929915465311017,0.104670553759575,0.0566786978715892,0.109750051088362,0.0960197684266092,0.0938700965423204,0.10412973035514,0.0608591868680693,0.114609080557071,0.101597018861757,0.096916852631647,0.109291141355459,0.0579254221591119,0.109535666508895,0.0980748407666108,0.0914916281012289,0.102414605315006
gumbel,200,320,1.33333333333333,0.25,7.94101281493215,26.9055244464223,27.5206133445225,15.1366282680663,19.2089437514868,4.9481400167177,14.3829858956431,14.6889709409478,8.52830590357939,10.554499771506,7.316521047322,26.8228323797225,27.8924634572939,14.8268792771847,18.473953368266,0.0230812718282987,0.0665039468039975,0.0643760116374563,0.0379786858754532,0.0505605481255024,0.0178323558769553,0.0644592338732618,0.0674152199949526,0.0311671424703712,0.0422802939236922,0.0223277522267632,0.0676626407022599,0.0689225871971028,0.037674886287029,0.0478866644516824,0.019216609282325,0.0671723586667581,0.0688345195719468,0.0375732824218679,0.0465741061867624,0.0202138634985454,0.0660812908399962,0.0670653140933508,0.0361396671101058,0.0462601884583003,0.0246879685933946,0.0716499334158038,0.0733039789063921,0.041472663862677,0.0529468572845629,0.0205626391191414,0.0678703389922196,0.0692049154610164,0.0379470330617215,0.0478740291156107
gumbel,200,321,1.33333333333333,0.25,15.9309263760481,42.668999451834,40.5447213253038,39.5451880339419,38.3365750368436,8.92380181550798,22.2250181665726,21.168333533216,20.671265884532,20.0701478862331,13.4845847279379,42.5450710648612,41.2344433223873,39.4595621409535,36.8893732493201,0.0335903627943395,0.0925904676866009,0.0837960175575128,0.0937048039153268,0.0888757736367266,0.0433180335402215,0.110922678976921,0.105339645405248,0.10285170793299,0.0997501925644396,0.034164234639865,0.101611116185068,0.0953735658989195,0.0944606859548147,0.0911240173892082,0.036947357438925,0.107231672979342,0.102094449491465,0.0983430627229692,0.0947069167038879,0.0403642090026015,0.109447034147965,0.103548705402929,0.101085610468091,0.0979809173211132,0.0447037716099796,0.105330064315736,0.0970300432572246,0.0976265919355174,0.0944896975730346,0.038713271273234,0.107542855280461,0.101961349327642,0.0989264489380942,0.0958643407952561
gumbel,200,322,1.33333333333333,0.25,31.3042982378482,31.6778378169138,21.7940706061472,35.080682083681,37.8554974690746,16.5716658914619,16.7570347246095,11.8399814615701,18.4500349218245,19.8309784785978,28.6496945936943,32.1093758617183,22.4715711215024,35.1451412467237,37.0896020590805,0.0371040511075215,0.078276741699556,0.0589540238444525,0.0679696593278013,0.0807472620851306,0.0821150872593263,0.0814896890927803,0.0565416980499898,0.0900902513686011,0.0978288457203785,0.0748988675457402,0.0800636430944366,0.0558189887866322,0.0879864849915861,0.0944866038141603,0.0767288357924082,0.0814301716860719,0.0570003906109914,0.0883054717822912,0.0949211728339372,0.0811503372078268,0.0792888623742142,0.0533506609958611,0.0872245066387267,0.0964741030745658,0.0706881538089239,0.0829481368884221,0.0593881584517188,0.0908098409273284,0.0923477783376732,0.0781793253676008,0.0794288450173086,0.0544885934512018,0.0877073356584555,0.0940741835440255
gumbel,200,323,1.33333333333333,0.25,6.00214948531903,23.6023027109268,24.686269140671,12.0061660475903,16.0406082982675,3.98399107178199,12.7397063206952,13.2790180228376,6.97086973954864,8.97831307961773,5.13603365534534,23.3797722253329,24.734936941149,11.7300837054983,15.1351629005754,0.0150850625096559,0.0612983494860428,0.0643869586876247,0.0339098457519845,0.0372139170882704,0.0199451237370993,0.0632059037579069,0.0653177438214874,0.034643751455283,0.0447181402306967,0.0125454535019408,0.0563353723140845,0.0593708456424583,0.0278077764082847,0.035787107180241,0.0147188992106457,0.0606053756184446,0.0631281982678999,0.030512310089311,0.040078703807277,0.0135290890927805,0.0559910893060231,0.0589494618860221,0.0278594457166743,0.0353811147450772,0.0161479747159891,0.0638195046828563,0.0640844981045258,0.0349439090343966,0.0437804275971064,0.0147267309085505,0.0588645260029435,0.0612602361999841,0.0296711876121977,0.0392507879238515
gumbel,200,324,1.33333333333333,0.25,8.49679307394405,19.2673471964385,17.6419455585917,14.49901563944,18.9343921572815,5.22433994309635,10.5825806306702,9.77403502998729,8.21064319462381,10.4171421178618,8.07090888734996,19.645179004615,18.2580582285391,14.5382034832153,18.9365094315453,0.0243110415723497,0.0518093763154318,0.0486311371985644,0.0373020918267847,0.0513384120530602,0.0217858205172792,0.0461652048128965,0.0392596940194232,0.0368326677908743,0.0478189476642181,0.0242558608506825,0.0484905587574774,0.0427288100536298,0.0372595684068225,0.048776969140704,0.0230393259388749,0.0503470282896369,0.0462579496891074,0.0378969546956737,0.0491136867735303,0.0220585460994672,0.047398421692151,0.0418271192278399,0.0360481158263885,0.0475466363719269,0.0257606768143677,0.05241860147149,0.0490203655661121,0.0407471530631733,0.0510564092908911,0.0214018078319364,0.0491534271233521,0.0449984604055409,0.036650406312717,0.0477917187131203
gumbel,200,325,1.33333333333333,0.25,17.0922396168218,43.3933080038539,42.2837916228921,31.372576961087,31.8046835454761,9.50149688860752,22.5862991781699,22.0343628806643,16.6062398326016,16.8213558392104,15.6304612328536,42.9737350209933,42.3645850327653,30.6665960129035,30.668143634464,-0.0232158518475249,0.032842431149816,0.0434254344783265,0.0176329765412165,-0.0218484909112687,0.036254421715892,0.0984533576509204,0.0990442710285725,0.0640462242698274,0.071286309836352,0.0369244368488186,0.105770401448822,0.104371417777392,0.0761136732319907,0.0755195267526221,0.0415459220549242,0.10701219557325,0.104477867828708,0.0763384071850748,0.0774361754869026,0.0346993848858509,0.102133352455312,0.101265458899969,0.0696255140382304,0.070112130039299,0.0388348759035851,0.103728531401817,0.103072668033254,0.0800250502814842,0.0783931674032444,0.0419977197448372,0.107837636501711,0.10479221001027,0.0774789459290585,0.0782376873743941
gumbel,200,326,1.33333333333333,0.25,7.11381403383618,21.7645297167667,20.8333064657386,17.1614800702026,14.5267667806019,4.53752711035112,11.8259130093616,11.3628136828199,9.53571604551327,8.22630064536062,5.47029508570046,21.2245950566452,20.7864277575015,16.8385020474918,12.6886758933641,0.022304115816952,0.0588569136093171,0.0551505962945438,0.0466211603535497,0.0402244798613818,0.0162275758242917,0.0586850374842601,0.0568059764326516,0.0431453664431525,0.0369177526410793,0.0155104453396675,0.0526513510202282,0.0466654926313025,0.0435539479063401,0.0343643833877463,0.0150253405988796,0.0548421384969843,0.0526780036039903,0.042959785100538,0.0328659972903392,0.0153970087214555,0.0488905611228802,0.0443835417487527,0.040039659630008,0.0293164909249126,0.0198374905245167,0.0591897601499226,0.0547516374001711,0.0473350304440019,0.0390736384263576,0.0147675484012004,0.0534107714399432,0.0510444552185016,0.0419337918136971,0.0324445728576925
gumbel,200,327,1.33333333333333,0.25,7.30447953225843,26.5494380456122,26.5581193670422,22.1332781187394,19.9359056336305,4.63177433418976,14.206070570464,14.2106871012363,12.0090532492662,10.9165000646901,6.14202999734445,26.2985814349976,26.8952190061382,21.905621770999,18.7466850761332,0.00625457458834564,0.0678343101724687,0.0711378896560119,0.054579665771499,0.048010310662089,0.0123613483622443,0.0653390692665606,0.0639313795179781,0.0554603109830767,0.045401261674677,0.0193612167805591,0.0640546062994058,0.0622018562618053,0.0541980611143005,0.0483063173988921,0.0172573976186336,0.0670793608230282,0.066547206360295,0.0556971731253338,0.0494312110028492,0.0134232603997143,0.0612579173347015,0.0598378015692098,0.0524911327190245,0.0433337509323468,0.0155631978407103,0.0469343251032561,0.0423552013108881,0.0503792893328954,0.0348996455795902,0.0169590471097004,0.0647735828163555,0.0641705522185701,0.0539352487684988,0.0472039891460644
gumbel,200,328,1.33333333333333,0.25,12.8045579121501,32.4749186361261,30.9102442418489,25.0916021581306,26.6989398508024,7.36813487914281,17.1538071350083,16.3755674476348,13.4806604609011,14.2806671033096,11.3076181290812,32.3472955650489,31.287866005358,24.960850730245,25.7242469549543,0.00135218749193229,0.0695454566585836,0.0748461774939802,0.0383953633374173,0.0382733333576046,0.0299091667571141,0.0841120200420815,0.0792207957057019,0.0654378074987075,0.0682483393654585,0.0326671204085651,0.0842287461314973,0.0785048041919209,0.066003623552466,0.0686151720316674,0.0310534618835862,0.0823200113273836,0.0782591435643077,0.0635072387075644,0.0670437080686384,0.0343608192659754,0.0833856887444268,0.078305249771767,0.0651349836380587,0.0697989142462882,0.0277144998511296,0.0734323644506168,0.0696181015267267,0.0617592854854076,0.055050481656051,0.0309677140287968,0.079956906109603,0.0754432522833467,0.0616636051152855,0.0648250955989733
gumbel,200,329,1.33333333333333,0.25,17.2569772537437,25.8402321668713,21.3510542589931,22.2203515689412,25.3054550913405,9.58332672776259,13.8530901905626,11.6199021829367,12.0521467128571,13.5872667917938,15.9574470980393,26.0157867023964,21.6517898962577,22.1707211723195,25.0013863885276,0.0454621781051223,0.0692161668392807,0.0583463987869355,0.0605369525949319,0.0676154364642512,0.0402432088685513,0.0684164338319742,0.057824464751436,0.0568647818968291,0.0637106307526112,0.0420406756157282,0.0673823401098317,0.0540492062246138,0.0583581827731223,0.0657173930158357,0.0421803346434702,0.0650653699307616,0.0536071948021588,0.0556528678431194,0.0627522365193442,0.0373889236456897,0.065261649615334,0.0545662350482326,0.0552342495855968,0.0617779287727676,0.020651587048665,0.0566837390204461,0.0475866361480146,0.0488603366953145,0.0510722036337851,0.0424213078833441,0.0647313238536419,0.0531673090221192,0.0557570244348912,0.0629319114336253
gumbel,200,330,1.33333333333333,0.25,15.7134592244526,23.6727134323761,20.7140110593136,12.8292712697424,18.0919185435414,8.8151227273147,12.7750937419854,11.3029742882255,7.38061767927129,9.99941514082456,15.6280920360387,23.7159091410251,20.7538884803506,12.3686559849703,17.5892544948224,0.00759666444287278,0.0303166505269072,0.0304031342681568,0.00286979459528018,0.00704818654544591,0.0369647034472563,0.058511745582111,0.0520350360103356,0.0334306720697873,0.043339470347937,0.0416208299284544,0.061625352165896,0.0544340308393809,0.035382836028383,0.046102999305462,0.0383189083684875,0.0601427715953048,0.0531590246863803,0.0329285459931097,0.0437224403506531,0.0407557581885619,0.0579001205145775,0.0492172379408696,0.0316799125273459,0.0444010640381729,0.0411917552731649,0.0616165564338924,0.0540183157550064,0.0345708275127306,0.0502119294246167,0.0392949985871481,0.0584695398695304,0.0511480127359128,0.0310594585386506,0.0431185626682412
gumbel,200,331,1.33333333333333,0.25,8.31027639149003,17.3392903889421,14.9024460979455,13.4511935182479,15.4129180638273,5.13222603784271,9.62373566533369,8.41141649991235,7.6896874603124,8.66563847012291,7.08762859715994,17.27045528549,15.1059420179792,13.2825760331901,14.8886718065161,-0.0456609520027318,0.0317528642887224,0.0369221488767946,0.00781708781773041,0.00102833130534616,0.0229871757984862,0.0462514956836183,0.0381616084626094,0.0369794134229746,0.0426504054959997,0.0198687269628207,0.0434059461381837,0.038637099611794,0.0311460831591462,0.0345424128701863,0.0178286480992938,0.042448860144208,0.0366330167345794,0.0324080730483862,0.0370390633298485,0.0197862660945223,0.0469573701946816,0.0406565984432718,0.0357100135696423,0.0408562551395961,0.0238792182404305,0.0475740006273395,0.0420067679961941,0.0344390919585659,0.042337794647054,0.0203366231311285,0.0429474633428287,0.0366245280097316,0.0327802684824699,0.0379849864058497
gumbel,200,332,1.33333333333333,0.25,17.9902843957627,24.4443983792339,20.3854532363129,16.9827653881356,22.3643447258841,9.94788689285547,13.1588721312759,11.1395143340198,9.44686605468357,12.1243256302106,17.3582548095796,24.6274244608824,20.6000897321421,16.6074869271323,22.3084851119054,0.0206521610641103,0.0507165135844648,0.050640161067657,0.0204555762111252,0.0381576595291233,0.0480828060011459,0.0645912027488096,0.0531222864696725,0.0466349122965065,0.0596550309753144,0.0445820273078156,0.0618688063776172,0.0531079506390098,0.0424502496264453,0.0561267759997025,0.0452577001950973,0.0612498939594968,0.050488750366871,0.0427430383129115,0.0555856178409191,0.0436450805034169,0.0616496145048955,0.05279575823412,0.0414768919402794,0.054655422028019,0.0493085969695746,0.0650157828610169,0.0557771982147029,0.044564118745759,0.0605488471869321,0.0440621437641186,0.0599889874988748,0.0497638488113975,0.0409450086186038,0.054551992299548
gumbel,200,333,1.33333333333333,0.25,18.7780085178236,53.2979471706929,52.8385539620159,39.4986399520902,41.365942379124,10.3409424832212,27.5131870643997,27.2844117946013,20.6485366931548,21.5779383275798,15.6920039193879,52.7730760893068,53.3046575806421,39.0882524754088,39.1842437742348,0.0502402260682982,0.134016638941239,0.135583714331253,0.0913807391132474,0.103579711639061,0.0430964595045751,0.134690062981719,0.134348756650028,0.100248895918812,0.102351260440734,0.0410952449003331,0.134621792363849,0.132172728103788,0.0976362075049758,0.103660967326882,0.042283748963152,0.13074386690342,0.129772535869079,0.0958844543610156,0.0988250395518247,0.0473148920497478,0.134088646941403,0.132484625533794,0.0979380528359483,0.102520006346933,0.0371490998101263,0.135058371622984,0.136571621182868,0.0984803255740518,0.0990556052807015,0.0443918123479147,0.133739049360154,0.133030168545836,0.0981068333199786,0.102187769178051
gumbel,200,334,1.33333333333333,0.25,14.5409116697113,28.0094415374931,24.8702796286854,20.7852010845448,22.5534267911465,8.23164830989294,14.932611901591,13.3711302965742,11.3384993653152,12.2185921849094,13.1949772553608,27.6556155272296,24.7313149270283,20.4905509203004,21.6418167464844,0.0410959654670486,0.0668902252356491,0.0504902248501583,0.0567396925536289,0.0564833572709928,0.0400750323404762,0.0709736775528314,0.0612501865411864,0.0541203800565909,0.0589760602211008,0.026286282096063,0.0630932475690319,0.055605292272099,0.0454227731969958,0.0476315312838503,0.0363631592092229,0.0684175645975966,0.0595003993562365,0.0506774489696598,0.0550294292136151,0.0378490304552885,0.0692960449424212,0.0587236656757821,0.0532565086829677,0.0568372616725482,0.0399546394396209,0.0720589553182595,0.0636034767721833,0.0532353298489889,0.060483693791662,0.0360359862733577,0.0694111450887413,0.0614740437598059,0.0506622636496313,0.054457491510057
gumbel,200,335,1.33333333333333,0.25,14.2119180902584,42.8490367946366,43.6557203496537,27.4668791314581,31.3584425497802,8.06928255145068,22.3150672963585,22.7162579273789,14.6627316347233,16.5989648132304,12.7415825859705,42.6268451593997,43.7770924307192,27.0433058816033,30.437426043985,0.0403667393674173,0.0973694931753455,0.0943010629458645,0.0579865387724549,0.0763553117357128,0.0305132311599804,0.105362427343898,0.107497759244161,0.0663243379576312,0.0752348672611494,0.0361795404251329,0.107244313567082,0.108164716378702,0.069479928995607,0.0787960647892791,0.0329810461786505,0.105676570160304,0.108160561387907,0.0666547154126699,0.0759637831134804,0.0352924379362816,0.107666431633922,0.110034530550829,0.0678472610372161,0.0778973531965234,-0.0310161056391466,0.0337654638329904,0.0489757507054321,-0.00147974364280453,-0.0108229821229466,0.0318269760731312,0.106264136637853,0.108382142740437,0.0677487774951795,0.0769745340952575
gumbel,200,336,1.33333333333333,0.25,11.7666068893449,37.9434223906107,37.6046596660088,28.9382662027814,29.3992666991138,6.8525756825927,19.8741940493949,19.705505611916,15.3945488074233,15.6245265409793,9.33429988831165,37.6689380438036,38.2310026248458,28.6943491369733,27.6387681680344,0.0138812913370982,0.0868543697397576,0.0889693793703208,0.066479864135887,0.0600058373026894,0.0308628616153162,0.0961066924108447,0.0945174304305165,0.0741569719868763,0.0748056634015834,0.0282696395080937,0.0933203582962237,0.0923721444438743,0.0705684328769596,0.0713319586026344,0.0274068122649044,0.093567460274091,0.0923006114705309,0.071747220476558,0.0715574709597356,0.0242686752218606,0.0931121424123368,0.0930477072784009,0.0689268486020451,0.0675307124350164,0.0288280610915553,0.0993568818537009,0.09885505442599,0.074518966468357,0.0725582044067164,0.026477259793771,0.0949024266627128,0.0944446789814158,0.0713184318579433,0.0713997933564284
gumbel,200,337,1.33333333333333,0.25,18.2921533095067,46.4677131524677,45.5470238879079,30.350867003184,34.0503486228028,10.0989175752505,24.1153494749686,23.6571331141756,16.0974674945542,17.9390790544537,15.6659471234128,46.0547428110643,45.9206911985215,29.9525030850823,31.8615321289617,0.0347102934450839,0.107824811790162,0.109537239562191,0.064561284066525,0.0484475726549979,0.0439802637982428,0.114374787413133,0.113169173263358,0.0736609939413979,0.077269662577334,0.0433769360005126,0.116853813846097,0.114727950540822,0.0763833219051796,0.0832071201733698,0.0446925657017352,0.115810687447221,0.113309919652223,0.0757937146816657,0.0837596947175887,0.04380453150035,0.112701090399595,0.109704925244377,0.071646866801187,0.0795510090901843,0.0477889333658084,0.115237148000947,0.110336901773179,0.0719125935919972,0.0869507370518701,0.0441673094789446,0.116074494653473,0.114199913221837,0.0752539362353039,0.0823477540563111
gumbel,200,338,1.33333333333333,0.25,13.6538977008939,27.8671338886935,24.2942548422136,26.0068810237338,27.0973615035461,7.79039143085903,14.8612092653898,13.0840539244701,13.9357279748314,14.4783745289751,12.1157603693572,27.9351216697662,24.7458333447994,26.1162088935682,26.5592019377505,0.0163859065924538,0.0611708142609087,0.0526705958072966,0.0630516178894091,0.0593434587204028,0.0268307157673764,0.0648434619829071,0.0582547923269582,0.0593983205963263,0.0592714681990554,0.0335214585148266,0.0697807333781504,0.0593656952977426,0.0637830772747213,0.0660151141875216,0.0307377868711313,0.068405863311806,0.0592235931249125,0.0644547105643793,0.0647868767399024,0.0362663552205307,0.0717381479876475,0.0621576362604096,0.067530974335048,0.0689328670321001,0.0391252406543281,0.0641463829284601,0.0453012632749506,0.0666393453060903,0.0661340163693225,0.0337002655519941,0.0697265124478754,0.0600316602540081,0.0649014110771445,0.0675806164467737
gumbel,200,339,1.33333333333333,0.25,14.2857481904981,31.1535708477542,28.9596294792976,23.0560970127351,29.1106948143561,8.10477729697035,16.4959858264337,15.4045099984543,12.4678444592398,15.4799224758112,13.1710114767322,31.420502492901,29.4994444206718,23.028430985669,28.8034922440283,0.0352366616517526,0.0781886792576089,0.0717082753657639,0.0593818718508193,0.0716727575746012,0.0295951738515006,0.0756839560230725,0.0718495272994094,0.0532188724648168,0.0681907820938002,0.0380002798328797,0.0797212103038503,0.0738088949004082,0.0611016007029457,0.0758811193941442,0.0351384596249103,0.0790900812267028,0.0737949608672965,0.0586329076916734,0.0735718835401935,0.03411570692646,0.0779109650747114,0.0735291935263678,0.0549157585676074,0.0717232764400349,0.0407132602024449,0.072957064800019,0.0649553968265493,0.054499167886908,0.0744590538971491,0.0353659506366492,0.0790840133913009,0.0734240468323186,0.0581879145358315,0.0734043424232344
gumbel,200,340,1.33333333333333,0.25,36.246560681523,61.7425648175677,55.9190107182005,49.6209581405929,56.6773829896571,19.0308463665837,31.7144447470228,28.8174072433913,25.684037301029,29.1951228810345,34.5260625545159,62.1001627439483,56.3919159675297,49.4418516512879,56.0049816395371,0.09544676454557,0.157613557230813,0.140530248572749,0.127606188222292,0.144378558987716,0.0824039411275428,0.149686346518498,0.134257890879665,0.119604487158397,0.137230713310062,0.0877616780452535,0.153487875571322,0.140127912030103,0.120510897762653,0.138229401282215,0.0914739462877834,0.155702489214998,0.140703075380197,0.125867744522955,0.142510620003948,0.088532688330285,0.154854359477055,0.14082161658159,0.124350879906027,0.138392218417688,0.0887005879880411,0.140600266917746,0.12415482459119,0.11381703789431,0.124953736555038,0.0892818151456091,0.15422292432733,0.139136135147807,0.124073718960571,0.140442329651271
gumbel,200,341,1.33333333333333,0.25,20.8968290472103,61.4116728045621,63.7092022313005,38.9013887848477,46.3544997348653,11.3934458367865,31.5498966059463,32.6930886142584,20.3512719752574,24.0593443795963,19.7651697819074,61.1946551976534,63.8459540884661,38.5255220313387,45.4464935383381,0.0469152043728396,0.158525426596897,0.16252344633903,0.101617830370613,0.11859051041473,0.0519836606539937,0.148520484064767,0.153510357547268,0.0912936013069112,0.111375791309337,0.0537810859943881,0.155668739211582,0.16137004662579,0.0990662650139229,0.117225881123264,0.0537984217128142,0.155203812154417,0.160433277522331,0.0980643981666277,0.116721421400328,0.0525347503443821,0.151389100238158,0.156087626793538,0.0951567888610294,0.113455855711594,0.0520452729283263,0.151647139289463,0.155703097052646,0.0972959739579649,0.115621014927322,0.0532503819239927,0.154226742727592,0.159911546462576,0.0973153563352772,0.115664551580203
gumbel,200,342,1.33333333333333,0.25,21.2349030254117,52.1255317685936,51.2091821364056,33.0405002890818,43.8645482318246,11.561474706885,26.9296168516575,26.4739441946847,17.4349641484106,22.8198011517465,19.7999457916634,52.0917773326088,51.4234370585745,33.0769257520867,43.3012070387269,0.0423921854061035,0.129919289483625,0.131141683365187,0.0820843000684046,0.105251610661426,0.056011902662592,0.132390706772776,0.130194897241965,0.0836900566910033,0.111409805133737,0.0551145296347369,0.132172321147947,0.128456041218989,0.0847995905962556,0.112569429772192,0.0540126021211677,0.13114629200038,0.12856153145647,0.0831788425686417,0.11022879814337,0.0529117061708304,0.12956404313375,0.126277895278458,0.0832420055083959,0.109140243369302,0.0561927268779727,0.128522829605711,0.123773496876068,0.08345049583066,0.104871549663414,0.0537817303478597,0.130727009678766,0.128130137981529,0.0824998306004231,0.109891370867238
gumbel,200,343,1.33333333333333,0.25,11.3363026670706,26.6391022924593,24.6940555782616,22.7814401056801,23.2703624877477,6.63739837351143,14.2506227822314,13.2832685492323,12.3315556829392,12.5747253637582,10.2375535571231,26.5595909904474,24.9926847958693,22.5270987301757,22.7942648086613,0.033336231080703,0.0573090587711162,0.0412460330131849,0.0565469583555469,0.0552661818575249,0.0262681434471303,0.0704809336053006,0.0662561708968807,0.058326185998415,0.059610648224127,0.0241876896037051,0.0649557134695636,0.0598712226686096,0.0558956935478042,0.054463066525135,0.0277821913208577,0.0657099130777844,0.060295736723041,0.0561429785911238,0.0574243099131675,0.0280155007994776,0.0621296148547691,0.0560669233761419,0.0519071678068941,0.0550158572475772,0.0333208198110827,0.0715306662475334,0.066439093711553,0.0618840601356609,0.0621041877786898,0.0290674278673558,0.066873189100821,0.0611513686814288,0.0574515527504607,0.0586284957566959
gumbel,200,344,1.33333333333333,0.25,19.5119343604227,29.9420111948287,25.6092859201939,21.8970852351085,27.2140880937452,10.7051172815386,15.8937956906827,13.7382557496762,11.8916683641025,14.5370262990776,18.1640051422506,30.0875028649029,25.9812289742619,21.5741142435104,26.8497860070412,0.043833283619481,0.0736905619014132,0.0531375080119785,0.0565853293056723,0.0714019205076959,0.0274808135972563,0.078351001440442,0.0676276173844185,0.0548111906919316,0.0674410453548502,0.0470391247829264,0.0745522865340191,0.0643027150004398,0.0539106753934754,0.0666444908198276,0.0448426127788332,0.0733112491161803,0.0625900590311927,0.0528148601029868,0.065047379717938,0.051241860110753,0.073907597353412,0.0617355382255307,0.0541765051941833,0.0669862289361978,0.0531360283825787,0.0776441960040963,0.0614983272062328,0.0597399004420813,0.072900522628534,0.048100862756447,0.0744761248608004,0.0636178585869921,0.0543449649191717,0.0671336983823602
gumbel,200,345,1.33333333333333,0.25,18.4735716641425,37.3554490159472,34.6385513219054,28.1021602385479,34.9444985705965,10.1881068620673,19.5814685607739,18.2298543148252,14.9783125621463,18.38232439166,17.5957993763503,37.7994495377606,35.4661349773469,28.0185474314114,34.7213762561616,0.0449249833776722,0.0969230490958004,0.0850428680743655,0.0745285747950034,0.0918847620262267,0.0476055210477324,0.098137398609841,0.0884901992034493,0.073580623996665,0.0920363790908132,0.0428267001068939,0.0920088521057426,0.0838202679448613,0.0698548204411336,0.0858633870724673,0.0457208986503251,0.0955704615814456,0.0888889377831932,0.0713125186066225,0.0883966705754444,0.0444708775332718,0.0900191430614722,0.0834640444930435,0.064778638954984,0.0839556931781129,0.0490161621908459,0.0970426010607715,0.0850048023276588,0.0752515700788785,0.0923611514203357,0.0455578522534275,0.0933891320881715,0.0866399796698334,0.0692038382004242,0.0866643452968526
gumbel,200,346,1.33333333333333,0.25,38.1136922931244,56.2874531145744,46.4605252129089,55.8703180113032,56.7918724995136,19.9596429651423,29.0007547044291,24.1126327553499,28.7928146559115,29.2517372585268,34.2969360238975,56.082972026543,46.6513799841911,55.9107167095292,55.3842723716646,0.0986681302660822,0.145099784887574,0.120981893434811,0.14207100775487,0.142072603296021,0.0964893850981667,0.143318547848641,0.11892249858126,0.140057492533984,0.145055277841708,0.0949198253644839,0.143111139233759,0.117014998563418,0.14143263835801,0.14338571081073,0.0920064733620897,0.1415204472205,0.116038187012705,0.140883895569521,0.141854261551235,0.091756554508708,0.141353560714359,0.116455662459542,0.140735441206932,0.140800506958021,0.0621521986444084,0.132858744592912,0.112897158736037,0.136271315718961,0.117279454903418,0.0952847398422158,0.141404921040858,0.115076628421761,0.140994071905252,0.142548051797808
gumbel,200,347,1.33333333333333,0.25,9.95573239092816,16.2494847299312,12.5261289984537,18.9466567316279,16.8547880311385,5.95115356166204,9.08154038662622,7.2291974662509,10.4235349027308,9.38350666320797,8.39577080376299,16.4137727459285,13.1623757109193,18.8842964362401,15.9166272842626,0.0293299123815035,0.0452927647389965,0.0360314270587863,0.0520514999555278,0.0468247167393142,0.0239546460684984,0.0416480318878464,0.0329880321573787,0.0481974583398042,0.0411481911129106,0.0186927089016587,0.0390698527930563,0.031811638713345,0.0435218420684114,0.0355481728630357,0.0224322909447018,0.0399121565122624,0.0304725602050794,0.0464657671594951,0.0396345903782652,0.0195601844130635,0.0392983529400071,0.0310618776848849,0.0457832004847251,0.0389898863478481,0.0253402561900321,0.0443511035093151,0.0362710126939775,0.0468764758749799,0.0362264511713227,0.0225867301365567,0.0408275574289269,0.0314031997919241,0.0473575490015298,0.0400770242773413
gumbel,200,348,1.33333333333333,0.25,15.6946981757596,31.9461443176797,28.4623510965738,27.6490442677077,27.7904762449532,8.80568768352493,16.8907985304001,15.1578129656156,14.7529990262359,14.8243427704636,14.2403214912445,31.898956411335,28.6362618961918,27.5484406738133,26.6283585914176,0.0434063818076896,0.084860016311965,0.075878471693903,0.0733862138542124,0.0736290765628621,0.0390635264670366,0.0740650961297331,0.0628903825954073,0.0672475609194013,0.0670011174806497,0.0388687066308156,0.0804339351779337,0.0719706690831276,0.0696460903666155,0.0685298309319744,0.0386308674128367,0.0800355459028771,0.071618544969324,0.0684603878193162,0.067854309013956,0.0417416860052143,0.0787183554948361,0.067630120606101,0.0698573658455695,0.0674776245246662,0.0412157745022037,0.0732814299892913,0.0648203683750049,0.067202589230562,0.0702358660654375,0.0397371452278296,0.0795536734146738,0.0703646821215929,0.0691457766894661,0.0676240626614699
gumbel,200,349,1.33333333333333,0.25,4.31116585789372,31.3367475181241,35.2340144522961,14.1430566209548,18.2086634326638,3.14252057486706,16.5876210608504,18.5264562356013,8.03414021579002,10.0569636300288,3.46176039887551,30.8638754346787,35.3318696063354,13.7449195339319,17.0456542689005,-0.0330906996265296,0.0233277877556137,0.0466934632234393,-0.0318100452711507,-0.0295809393723644,0.00439589780556364,0.0763901674331727,0.0895498190885388,0.0313709006872426,0.0422468789336259,0.0133081613150582,0.0776656135860974,0.0865013425540716,0.03662054134963,0.0456536579250111,0.0113526508879526,0.078343098891595,0.0876045728868759,0.0354227672317961,0.045348774046866,0.0107937052733437,0.0793912281068527,0.0896779516342686,0.0355487350915767,0.0442620799187465,0.00775564450586571,0.0722165734586554,0.0833885411385989,0.0284200510362674,0.0367269332321623,0.00982118113053907,0.0779900964717417,0.0881410878108075,0.0339065928036592,0.0435326154771428
gumbel,200,350,1.33333333333333,0.25,17.8666124067399,69.9895646541757,75.3136926284297,48.943733677395,51.323953138237,9.88686034088659,35.8170272442488,38.465603747067,25.3471738136434,26.5321798934245,15.0734865964044,69.3145774879772,75.892546196468,48.6807583334532,48.5411359347844,0.0495951990224588,0.179916243304555,0.192949596852777,0.127327527583931,0.132832431156072,0.0433374985793154,0.176269254738578,0.191182437305412,0.120496129435356,0.127428027953857,0.044390187288077,0.177053826711066,0.190642698756889,0.122367310669581,0.126476570947821,0.0443678155954793,0.175947661521971,0.188929267143456,0.122458332357606,0.12732463982345,0.0443992566449626,0.176922935760846,0.190532648275352,0.124477132868843,0.128241025015865,0.0495314165263023,0.175849704735989,0.187842754782952,0.124450354932844,0.126265887402384,0.0421835437264608,0.17549974830938,0.189375353987458,0.122034676907848,0.125670028724111
gumbel,200,351,1.33333333333333,0.25,7.9888462591232,33.7398604384489,34.7305606781841,22.3753173591467,24.3231852498669,4.97278902698697,17.7829946802353,18.2760128982449,12.1291086122885,13.0987507315552,6.12961786579234,33.3314136668234,34.922377517407,22.4057521036656,22.8735106177043,0.0248716536963044,0.0688590349893988,0.0622107383079709,0.0438321464824142,0.0586475047722972,0.00385095918619233,0.0809958938115291,0.0837818198113884,0.0526497627383557,0.0565290952018347,0.016533879554691,0.0812273311645353,0.0817676991214303,0.0555162849558282,0.0557847129023897,0.0173760194589773,0.0831946370925059,0.0852371969918873,0.0555147276393519,0.0579694166368571,0.0130659081834734,0.0814051960099711,0.0851709547333258,0.0518197255335922,0.0541695493307669,0.0197744692901125,0.0852092329363586,0.0784728952960435,0.0601614754677448,0.065749638675091,0.0193996107149892,0.0852294693930487,0.087352275186601,0.0566778896995766,0.0606280211913613
gumbel,200,352,1.33333333333333,0.25,20.8823842972343,39.4275109855724,36.9547314152823,23.361859354788,35.8013350688287,11.3860286757823,20.6123036851672,19.3821164129427,12.619894004299,18.8084709567382,20.3834505533585,39.9012221362607,37.4190856974764,23.3487459283642,35.9811146771663,0.0542137498010341,0.102393207297005,0.0970598759066146,0.0598217302390851,0.0918245294160254,0.0542066717249131,0.09821388052568,0.0922340342286448,0.0577557523659085,0.0898627108895955,0.0529923438880363,0.099772753767136,0.0928315218416493,0.0604859282997541,0.0906227521933192,0.0530883673957237,0.100323255539375,0.0943161736908642,0.0601430975969822,0.0908652300805025,0.0533975970103083,0.0946876643008868,0.0885611495365657,0.0545257721200656,0.086763733538726,0.0505687707173374,0.0865093541328046,0.0836894852896133,0.047077077089762,0.0783536290535179,0.0523894314020238,0.0991710376141158,0.0931374427109715,0.0586691259603665,0.0895385110318137
gumbel,200,353,1.33333333333333,0.25,4.8955249091149,34.5067581581027,38.7198037014831,19.9783815376229,22.8059910917908,3.43336656282092,18.1645293143548,20.2605653629575,10.9370214343274,12.3438031132243,3.81643975542946,34.0860203759758,39.0319774546501,19.7048381622716,21.7034791537527,0.016834804929206,0.0792161788556847,0.0854974064336482,0.046967014737911,0.0572367700233889,0.0120468099119714,0.0879474758981755,0.0978918544726783,0.0498410746905198,0.0593943971638764,0.0102905952502806,0.0844671995718228,0.0962282416883335,0.0453423278499034,0.0531896871520057,0.00991487708003998,0.0849188673639813,0.0952593618954821,0.0477736240916312,0.0547963301618794,0.0102591615793732,0.0877211409854849,0.0978739057782908,0.048987866544504,0.0577266159413839,0.0171756752641634,0.090776199885585,0.101062100448556,0.0525291314691941,0.0614565797203577,0.0109336203358179,0.0859261401990206,0.0967259671805184,0.0483536996361886,0.0553519184160135
gumbel,200,354,1.33333333333333,0.25,8.14875670480298,27.1223277748892,26.6602875046886,18.657559963147,21.7752156209686,5.05096780990722,14.4906731115707,14.2610212897634,10.2795995254756,11.8306631337727,7.76151019560342,27.1136796719415,26.9097895336565,18.6472115695092,21.4645930870958,0.0186184678833486,0.0639715990066002,0.0631741849877764,0.0430910129834161,0.0537870896966862,0.0228730590440633,0.0660506404140445,0.0643356649145664,0.0460064882424053,0.052094181936757,0.0172538616071056,0.0650684791347266,0.0642201507647105,0.0412368247934157,0.0501704338273238,0.021774618503418,0.0692340995397025,0.0677233449128661,0.0477938198627868,0.0554705155316241,0.020304613689638,0.0672579514046596,0.0660143391697589,0.0464891010443391,0.0533777476206284,0.0233630472865313,0.0690819814081439,0.0690237310444868,0.0454252639355104,0.0559067366435222,0.021830024653001,0.0685029409681202,0.0669267785921719,0.0473720477952055,0.0548894114201699
gumbel,200,355,1.33333333333333,0.25,28.0747319433007,35.2011256792678,27.834562858553,29.255004523789,33.0335790604498,14.9651170748915,18.5104903025926,14.845536914213,15.5525412239724,17.4326065945954,26.8320735199957,35.4056808716862,28.0186609239516,28.7587071362091,32.7604192181996,0.0737736916887152,0.0838522156846846,0.0634737838456973,0.0703088647729569,0.080279372608911,0.0637254625776544,0.0898000681155522,0.072294795152761,0.0692812906219176,0.0818740959517605,0.0727760070992563,0.0840321380913329,0.0643204610866557,0.0717457415935808,0.0778843754128536,0.070357837443519,0.0872857546476843,0.0686399957531598,0.0729078623100603,0.0814502543260965,0.0654803896505781,0.0768854817852679,0.0570422863158308,0.0639764796448069,0.0739170212188473,0.0696759058995428,0.0777060897813847,0.0619402324448986,0.0576582560679,0.0797601671886598,0.0694862281605478,0.0873809845501076,0.0689675416618953,0.0720669779974591,0.0810260883181101
gumbel,200,356,1.33333333333333,0.25,10.5486172552807,28.6015506154775,27.119129948521,25.2361699069727,22.1609348775556,6.24627516214088,15.2272384497266,14.4901730069568,13.5526351113167,12.0233951176605,8.95703847228608,28.2469041642645,27.1216836864821,25.0937338479181,21.1334809255879,0.0301027572962335,0.0763548561428141,0.0727742236846218,0.0678327574216834,0.0587641667872312,0.0273493544519093,0.0701698275078423,0.0666174834768503,0.0607697901818518,0.0541421150918479,0.025554253352215,0.0683519787788726,0.0632193010584952,0.0599902438033802,0.0512398117599001,0.0242186397299836,0.0710219898907013,0.0666602392358525,0.0631437302267068,0.0528985246359997,0.0247836204184358,0.0707873858766746,0.0664727872547118,0.0616926631208812,0.0545479993068574,0.0309291749670292,0.074494654781299,0.0700891489312085,0.0643873148533744,0.0578896662644203,0.0239456270678398,0.0690404674008854,0.0645696387506594,0.0611102395937427,0.0524167930017179
gumbel,200,357,1.33333333333333,0.25,4.24583998723288,24.7191448321394,26.9281174398937,10.2525616553404,15.1638310330552,3.10942099954054,13.2953256855841,14.3945114548096,6.09821763092975,8.54162593088653,4.16048090034221,24.4372801317576,26.80591123631,10.1589784674842,14.7948440975178,0.0149660561711509,0.0663634888646986,0.0704290825130315,0.0296334827418927,0.0429093304621358,0.0145987365081757,0.0658818810140363,0.071016991634272,0.0304554665282157,0.0419531232339998,0.0114040725182856,0.058415606836428,0.0612846684876054,0.0239936012400091,0.0358349493302364,0.0117120296487368,0.0625157373323538,0.0680676901494086,0.0264126760782277,0.0382045839384891,0.0114567378893269,0.0624288214505711,0.0671503083152307,0.0258887286352307,0.0390239266007688,0.0148304962847404,0.0616461358773933,0.0605147033928496,0.0258212876548791,0.0405499720642222,0.0113856084219304,0.0612657603731005,0.0661016707843285,0.0252964422211038,0.03736624985218
gumbel,200,358,1.33333333333333,0.25,8.71692572381111,20.5220918646629,18.7664278913058,15.3508937950801,12.9069277803346,5.33495330092901,11.2082611745402,10.3350771068528,8.63522832018554,7.42012297574527,7.67762326278382,19.9541053982011,18.4260792993823,14.8436739545946,11.8314633048788,0.0181528045109622,0.0495499436098874,0.0478466907648813,0.0321860676951847,0.0346547113432323,0.0200912398508667,0.0434476989137725,0.0379666721973677,0.0341085238999275,0.0251277074404286,0.0245402702457712,0.0546757937717688,0.0485487839059022,0.0414823172543342,0.0366174885666791,0.0156570174035515,0.044865549318167,0.0407272521601678,0.033810197185736,0.0249334969670476,0.0178210038742357,0.0526452466539792,0.0469735516534402,0.0390341934873787,0.0321598522969661,0.026334123639542,0.0420454146133411,0.030115463677195,0.0362377912068772,0.0238786780255976,0.0200200770251777,0.048584470808512,0.0436554368642479,0.0364869497869652,0.0290348605523653
gumbel,200,359,1.33333333333333,0.25,22.554095288786,40.9591492401155,35.3549549599062,38.7095463445487,40.6538258486665,12.2184590436368,21.3743820842258,18.5864145171082,20.255601660836,21.2227660318118,20.4479128551785,41.1967072501378,36.0875357566968,38.600801377068,39.9634023091618,0.0596785150056578,0.0843395429623021,0.0644441947192436,0.0830996879116621,0.0971835946155888,0.0554677274508005,0.104691192269604,0.0902937341040591,0.0967127261420995,0.102847033546364,0.0545732474266032,0.105615587723099,0.0910345077246069,0.0983591146748146,0.103775509693867,0.0554480011382195,0.10291755922317,0.0886018600007404,0.0955789834968293,0.101312513358487,0.0566582676891355,0.104401769868136,0.0908900984204828,0.0969085230268073,0.10231680433589,0.0545037769683182,0.10656787850693,0.091059634733614,0.10106442964485,0.10635499112569,0.0549814481533726,0.102595874470587,0.0884798976408472,0.096190336444946,0.100973755185456
gumbel,200,360,1.33333333333333,0.25,4.79288821873526,14.4929158488589,13.5335190288452,12.1346406894066,10.1081680171511,3.3822654661301,8.20833599151013,7.73136444434415,7.03489285431269,6.02715931345092,4.05924043103422,14.1703733326568,13.5072488772543,11.8174034262685,9.40443813991074,-0.00753358840443916,0.0176977072146706,0.0195127609643495,0.0133876973836527,-0.00802379589627513,0.0107471765548469,0.0371813679476502,0.0351514160512191,0.0311915221130175,0.0215236829488455,-0.00189897468574908,0.0240099115445346,0.0226363724345878,0.0195434457236111,0.0115766519808399,0.0119926453726425,0.0361707457416621,0.0333605900853181,0.0299976396239389,0.0246184306520836,0.00947139857585233,0.0323949148161969,0.0289508959628809,0.0290502771015545,0.0231337944535679,0.0159835617534112,0.0385936543783764,0.0358561103851932,0.0342829126354358,0.0284395894437689,0.0117386621268681,0.0355364731762838,0.0323189771479559,0.0299658576756082,0.0240625391059257
gumbel,200,361,1.33333333333333,0.25,13.7841374036356,21.2486176182487,18.0414862424973,13.7071717518619,20.9525911879434,7.85455060506939,11.5684603748694,9.97307624806481,7.81664672336355,11.4212012897569,13.4419440722061,21.530715004795,18.3175542145879,13.7818018314608,21.1170783947549,0.0393097373042682,0.0580324583910655,0.0498656704398687,0.03899977290777,0.0573749236378662,0.0378945901366372,0.053362019612204,0.0444806497020955,0.0362389354992128,0.0539818934881418,0.0362123070040642,0.0516986807474334,0.0433564338382908,0.0309078088721081,0.050955734129253,0.0354576646058085,0.0539870877508787,0.0456329568998939,0.0345081932852349,0.0529792565474425,0.0348400805524665,0.0492677938422484,0.0405388189943773,0.0313318563598983,0.0497294373626965,0.0382056831690613,0.0568463371337362,0.045378100010806,0.0392030597817401,0.0573438578529264,0.0367642735468777,0.0538244050662602,0.0447980069064554,0.0353100090616116,0.0533387120175251
gumbel,200,362,1.33333333333333,0.25,24.1185923191715,58.8021795791911,57.650521944015,44.6397991304542,45.1686629150522,12.9978420884989,30.2519360435121,29.6789696872154,23.2063114065649,23.4706560675941,21.9648375755024,58.5407783973973,57.8327217689174,44.1518213227695,43.3019318487484,0.0651005067234509,0.146349123577065,0.142491172137149,0.108373076158179,0.115928335394556,0.0628907436939882,0.148157664425988,0.144490762852317,0.11413559980657,0.111441276501552,0.0555324272164774,0.147737415366913,0.145993876258486,0.108963836816496,0.105628405917527,0.0588571376901596,0.14741272264037,0.144641631042134,0.110837358769119,0.111121944437973,0.0495858839054641,0.143668147730002,0.143439170606262,0.106807062128622,0.104229149527392,0.0450165522879986,0.130918266781472,0.129942002897989,0.0949790220138646,0.0925165593191712,0.0599057931455358,0.147275671613432,0.143771833633199,0.111936903446059,0.110893177383948
gumbel,200,363,1.33333333333333,0.25,16.1872517934962,30.7297393237061,27.7436838324433,23.2484889868428,26.815427174248,9.05056931885835,16.2857890906725,14.8005229705347,12.5638563227953,14.3384733571866,15.3833749719875,30.7676680923744,27.9202256037097,23.0259643115364,26.6014505047856,0.0373664702895068,0.0801712962950905,0.074358369585072,0.0552945400021405,0.0683256079385089,0.04089568302248,0.0797139346206154,0.0719282936692812,0.0596561380581487,0.0701014643312709,0.0412025258359671,0.0791288112427518,0.0714651347048128,0.0603012731483405,0.0681802927414136,0.0414692051659472,0.0769367726219323,0.0683959419263439,0.058379658088516,0.0674563869016658,0.0385108061540081,0.0768488784814377,0.0692582554669503,0.0569446636910077,0.0657105120345501,0.0444115886551495,0.081697165775457,0.0737389606523048,0.0631160162618037,0.0720188178753565,0.0409695260303979,0.0763791290263294,0.0683321477376353,0.0576002580222888,0.0663292864172407
gumbel,200,364,1.33333333333333,0.25,34.5368258650849,61.0297094497781,55.6057548388376,43.1424681261947,56.8122225067929,18.1792821124822,31.3594831173395,28.6613538871051,22.4605856647984,29.2612405852128,32.6074993977405,61.2967189128275,55.7022349024038,43.2458794641772,56.7074645929722,0.0902830718281381,0.157337476941558,0.14297518824692,0.111006289251618,0.147028722188319,0.0900907505667003,0.156086723686569,0.142310056434374,0.111271908900351,0.145402579163442,0.0851312326289789,0.153916140844899,0.139530298850088,0.1097465816695,0.143500831346935,0.0886537931362451,0.154249092334204,0.139919427777361,0.10988497917547,0.144202991014826,0.0867863049616372,0.152749970511332,0.139460284039508,0.107471485055968,0.141930146386456,0.0879223063970801,0.153056860778536,0.140847707407807,0.107146751278036,0.143950219166269,0.0875014391264193,0.153369596241225,0.13912362601163,0.108649696521405,0.143059852723779
gumbel,200,365,1.33333333333333,0.25,9.90154146101248,26.5578704729759,25.079241352705,18.3447239204326,19.243607565138,5.92351363789959,14.2102617450574,13.4747865972515,10.1241601585198,10.5722771882683,8.88607210364239,26.3102198030179,25.1091071208337,18.1969367777588,18.1016700698693,0.0296535942019176,0.0643031600467479,0.0585042840204139,0.0469429316794656,0.0483734438014176,0.0259448930948865,0.0674526209117694,0.0626438571619458,0.0480196735733587,0.0506523217227741,0.0251862031757695,0.0681146070815089,0.0637021136971291,0.0480009695519654,0.0486850110432605,0.0266782060283186,0.066850055017539,0.062169424574218,0.046504052079763,0.048180293647511,0.0267136340437593,0.0675655106918769,0.062641284373314,0.0469064656063062,0.0486357811257815,0.0202861279053597,0.0587536818795271,0.0573754846672137,0.0336136155516711,0.0344726938429876,0.0256430839628773,0.0665779924853475,0.0622012198730812,0.0465976914657068,0.0468796031855966
gumbel,200,366,1.33333333333333,0.25,6.40463826796716,26.5197086095857,26.8532469642513,21.2000384197198,21.5493250782913,4.18402748971202,14.1908001595175,14.3569005615738,11.5445220694671,11.7185850981007,5.36024618497566,26.4948411586638,27.361964252253,21.163551832003,20.6466181639754,0.00173354678853422,0.046241015637715,0.046312829284752,0.0390132651202563,0.0320927486965229,0.0199674586326952,0.0698379777261027,0.0696945411672556,0.0561951937146656,0.0582808966969579,0.0116718757917726,0.0655858027614709,0.0666860427494252,0.051175469721252,0.0505468933603739,0.0158047622642338,0.0667728410677876,0.0670993084100748,0.0537253721730212,0.0533086743603314,0.0105243965375328,0.0673662211701558,0.0682603302301653,0.0518626508697239,0.0519043405709986,0.0176881386299678,0.0667032422828357,0.0670509800122298,0.0559714231289768,0.0569655821379377,0.0156284969136435,0.0666520459925286,0.0671868952413076,0.0526726455655521,0.0530966597990988
gumbel,200,367,1.33333333333333,0.25,30.6096172294295,58.0300274983775,52.9113281004395,45.7910883160812,49.4276802059443,16.2266284354092,29.8676438989788,27.3211631584883,23.7790063459815,25.5888350025853,27.3299530427753,57.7251891440504,53.1930373037004,45.4023920142193,47.6995216996886,0.0800046992596428,0.149117104006322,0.137253003014113,0.115903289347408,0.123418888269176,0.0782359181439698,0.149287659041037,0.136390899829129,0.118313056113746,0.12617036371949,0.0726315578044439,0.14182020617927,0.129785952188006,0.108266229974822,0.118420255997051,0.0737422697447839,0.145673616839921,0.132833040060149,0.115154862841078,0.121988433943738,0.0720291114897583,0.142266395658675,0.129418449823701,0.110717934539931,0.117754917285281,0.0812173259218973,0.147815827247693,0.133187711745808,0.119297659865719,0.125202754109225,0.0753955335700679,0.144656363715534,0.1314902614644,0.113390018467227,0.121688753234231
gumbel,200,368,1.33333333333333,0.25,-0.182088252486966,17.2132222408848,19.6283699182166,7.87416006019484,8.3341730147396,0.907020247878249,9.56111542667199,10.7626271098871,4.91517951179704,5.14430317980946,-0.460733141429309,16.8706016019608,19.7463405292003,7.66096368599032,7.52971889323496,-0.00448421820316137,0.0453804095151375,0.0523782912292387,0.0211496289674383,0.020148929548916,-0.00128137797568263,0.039540093721883,0.0460805719944938,0.0169994070139523,0.0163182962086582,-0.00267191158712063,0.0422710297456779,0.0494528616066602,0.0184006362134046,0.0178379610798001,-0.000696831515049867,0.0437097817470847,0.0497655709710465,0.0192216989839454,0.0207448534710376,-0.000126656061776299,0.0441538989153273,0.0499920591146424,0.021221527230575,0.0213497152447859,-0.00251266241594502,0.0410626251447899,0.0450282913922872,0.0204486263182668,0.0166858746231156,-0.000904173836603508,0.0431025932379974,0.0491605939320225,0.0192665557753495,0.0198163967776193
gumbel,200,369,1.33333333333333,0.25,9.96801234690193,21.8271417547517,19.7555870460344,16.8209242463333,18.9576319087299,5.95764261470283,11.8563839391559,10.8256870380258,9.36606790810812,10.4295381545498,8.26725699153384,21.8531549998192,20.2076462729319,16.6738815718643,17.9394878474209,0.0263737930133824,0.0590452741298414,0.0542529013002545,0.0456582612292994,0.0510955693934217,0.0264487571534004,0.0577941977136193,0.0520632125503054,0.0437787856218724,0.0504912960833912,0.0248830861243536,0.0575799303203069,0.0530542133561881,0.0439415726465749,0.0494047315162873,0.0252589379108875,0.0553113063899936,0.0496962226450816,0.0430524345643255,0.0478219481211,0.0179195521429393,0.0533020733253266,0.0493589093660642,0.0408913202878134,0.0435377499000915,-0.000675563044568792,0.0351676131286951,0.0344096307806924,0.0308231567038549,0.0276107536937246,0.0225326566952866,0.05516966699924,0.0501845190541131,0.0419082930949043,0.0463839267476747
gumbel,200,370,1.33333333333333,0.25,3.42361767455469,22.8070878533801,23.5050297254322,16.0184374689181,16.9449384420513,2.7014981190893,12.3436350834983,12.6907886500297,8.96664828590019,9.42783036954986,2.10809439212131,22.6623830615339,23.9602794758777,16.0105638489185,15.8635290867603,-0.00318758735896409,0.0527151719699482,0.0579423034591092,0.0311366636743357,0.0334690355696839,0.0106076011059376,0.0512301373056523,0.0511333576234966,0.0361930489241341,0.038418189170484,0.00389843602183117,0.0594891090214005,0.0603258699492929,0.0406513960759282,0.0421239934937421,0.00918323771810676,0.0591199525043095,0.06074092389695,0.042146990842454,0.0439598585078762,0.00806979865233085,0.058449401413371,0.0603832960732143,0.0396847371022082,0.0414037789391321,0.00981243376418497,0.061680786300234,0.0634702665748212,0.0449058641705515,0.047016657936588,0.00685736470277394,0.0575091541360946,0.0592687612577481,0.0400238301234893,0.0415658591246449
gumbel,200,371,1.33333333333333,0.25,5.9380557983224,21.563678224044,20.5752739825446,16.7309283499399,16.6907959710722,3.95154312143704,11.7254054802635,11.2339451103016,9.32106680863258,9.30147383975818,5.1879301248708,21.3869903866759,20.709222371318,16.7767331388681,15.9507226375962,0.0195068330166486,0.0585868092397489,0.0556068284666971,0.0463988654122043,0.0467112460503162,0.00200514517146213,0.0486322249521309,0.0496014445960196,0.030602187228158,0.0303130521618406,0.0176243605830483,0.054777089290537,0.050057153147802,0.0434797014051506,0.043779564652272,0.0161107390512028,0.055515879491205,0.0522664311269496,0.0437630538073397,0.0430017833996244,0.012752572441748,0.0538292208162817,0.0518765210295923,0.0413430422080843,0.0401440634989177,0.019659840242148,0.0580046859901927,0.0552820150556862,0.0468266331551163,0.0466882626814601,0.0149397490296569,0.0529275217037313,0.0495141874475693,0.041377262693823,0.0403553257827778
gumbel,200,372,1.33333333333333,0.25,49.4220297287951,59.0635435008196,47.7715595219687,46.9340168969789,59.4194851215149,25.5853938717496,30.3816124050971,24.763872028932,24.3472104489535,30.5590012826108,49.4298125042957,60.0484811082004,48.1084987516946,46.864145352352,60.1679643377674,0.127882108816371,0.146255011795727,0.106838074730139,0.119084515799204,0.149418197152695,0.124918674996989,0.147275937101138,0.119473791812442,0.117682170675992,0.149205509716782,0.12139560673432,0.14825667182359,0.12071388498439,0.119056623042151,0.148113858211219,0.123734793135594,0.149368172700206,0.120443934608006,0.118907943672266,0.149764096073611,0.124774318047712,0.148013217048892,0.118426525019456,0.117522605090564,0.14923650014371,0.0865097534890424,0.148305727472675,0.124345539764964,0.118096502109357,0.142705191760923,0.122387932460611,0.148121886774737,0.11985785497461,0.11758774363982,0.148092521587516
gumbel,200,373,1.33333333333333,0.25,26.1970010232273,35.9843934832419,29.3872869808754,28.6108904391447,35.2292629909804,14.0299938911524,18.8998801605597,15.6180640035311,15.2315803301553,18.5242719678399,25.1815858764517,36.2381231895235,29.6701792592146,28.4077282314926,35.2630961902757,0.0663175020734568,0.0842625926711304,0.066865826753391,0.061423573427502,0.0887096202429954,0.0615105598412647,0.0846894427315943,0.0697836623672044,0.0634294299927627,0.0779347131366449,0.0658509601558577,0.0846349525712829,0.0677972749437134,0.0664554456179001,0.0842456217140382,0.0664537040926375,0.088720991271748,0.0719168679674764,0.0701549275210689,0.0867106938660033,0.0647096211792974,0.0910943327293764,0.0738089209524993,0.0723073136048829,0.0874506039156509,0.066872575815566,0.0922242920802088,0.0771686854774067,0.073742170033329,0.0909618485588113,0.0672584169214083,0.0904925768220507,0.0733894799311891,0.0719322344049474,0.0882370326746368
gumbel,200,374,1.33333333333333,0.25,5.630210571039,15.5656631294122,14.0502064626532,12.8877159734262,12.6034958227363,3.79930437906406,8.74158702142647,7.98778580423007,7.40941382509441,7.26831213641159,4.32341241894473,15.3653129707741,14.1615095581933,12.677896207973,11.775732082898,0.0185255795142344,0.0405055812060081,0.0363850144912099,0.0333111799776689,0.0363806107196587,0.0069739466551303,0.0405020063128187,0.0374805914725316,0.0344661740254846,0.0303353984751488,0.0109834374040352,0.0384201078368317,0.033836985760908,0.0306394133822141,0.0289604448516965,0.0116631090543091,0.0381576871452612,0.03389324978946,0.0320602362652282,0.0292133276877181,0.00863917185800793,0.0351171545064885,0.0313862654944641,0.0268913586220518,0.0244111512906124,0.0190301909016259,0.0439111124032007,0.0400584993642896,0.0371169177762822,0.0356948589135793,0.0123908015191258,0.038253314325373,0.0343310302488744,0.0316216588114797,0.0300539385311987
gumbel,200,375,1.33333333333333,0.25,6.32287950669522,35.2334739567246,38.1497539837258,20.0642865896761,21.9791133731397,4.14394091924297,18.5261766345432,19.976749190794,10.9800291739185,11.9331313657822,4.83751656957064,34.7860964384349,38.5080808322575,19.6160996187655,20.401034354908,0.0166374408513822,0.0919658636634715,0.0970887448750282,0.0546393337656414,0.0599033107391453,0.0154647867487013,0.0913092112525386,0.0989494148642731,0.052873288668932,0.0556616472836631,0.0161866693417873,0.0885108839502249,0.0966036564289524,0.0492962088010139,0.0519556678027685,0.0127341610248855,0.0882103082901686,0.096418100644269,0.0488707180745906,0.0520091835725005,0.012440463523448,0.0838317544553857,0.0915770884370157,0.0448308500814527,0.0486643522126358,0.0206858919612675,0.0929754354754036,0.100199413829563,0.0551467954721293,0.0565657116555046,0.014984403863861,0.08820001816033,0.0959572518058867,0.0491652951355875,0.0533374795936306
gumbel,200,376,1.33333333333333,0.25,27.9049128705,56.8507260965521,52.2855216218971,45.4796055052097,49.5253325314307,14.8804819856626,29.2806908533726,27.0095700813274,23.6238955094292,25.636932997841,25.1553902812717,56.7090323959507,52.8374190709997,45.2083525258786,48.0578751522725,0.0741807775795413,0.147059965698676,0.134172782025351,0.117174145266835,0.128760383327291,0.0690123521849815,0.1464641198098,0.134648526254848,0.11739121511526,0.128152735127756,0.0681871824752596,0.140553977947423,0.130060374616166,0.108651499594203,0.119820277463462,0.0693086659183585,0.141072498513145,0.129597786075031,0.112063174533869,0.121304016910304,0.0706093259557094,0.144002055315294,0.132605594817034,0.114237129091276,0.123840850453654,0.0663910246803236,0.145818080818435,0.135711581259187,0.115370158730212,0.121881084880665,0.0693209067969754,0.14263436331373,0.131128203057555,0.11345684215956,0.123442493476383
gumbel,200,377,1.33333333333333,0.25,26.806206116831,69.8820232511837,70.2731239098319,47.6709078324332,55.2456201149895,14.3340994438875,35.7638555940295,35.9586567172658,24.713913224529,28.4826187741117,23.7706533600994,69.1691412979105,70.2477878462811,47.449865263905,53.2901207956259,0.0633546121649323,0.174277910393548,0.178056894839611,0.113883277160749,0.138516301683515,0.0700675121682148,0.171588523482278,0.170669753358083,0.1153420621671,0.137386205123523,0.0655139577976872,0.176883622466324,0.178608539050256,0.120078248996808,0.138019624195155,0.065489558108256,0.175688380644612,0.176618846597486,0.119463977810315,0.137155506176724,0.0629304527514397,0.172946229194107,0.175328709094352,0.115270911361161,0.134132526270541,0.0703518651937099,0.179385999159848,0.180286809367035,0.124094192869235,0.142199288533938,0.0671429006762011,0.174862410593164,0.174600920538429,0.119627805083907,0.1379880389568
gumbel,200,378,1.33333333333333,0.25,18.2941533553209,69.2368008970995,74.9383332954062,46.4806117244466,49.9979728744484,10.0989439454529,35.4428235789326,38.2794279771825,24.1219355240732,25.8723228558837,16.2536906161067,68.5603609378072,74.9785521323964,46.1059600298362,48.1473154719417,0.0465717991916437,0.174218319915775,0.188281881867759,0.120117609474083,0.129360731581134,0.0402940331738601,0.173627866341242,0.186424985201872,0.11723225998091,0.121906202172877,0.0459937976876765,0.173182719486417,0.186547347999814,0.11578373282529,0.124489745041869,0.0434579415946894,0.171003872045728,0.185188383136865,0.113185345703547,0.120635301231079,0.0482735597494581,0.173383648512845,0.186703423762118,0.116932013685917,0.125150587202796,0.0505210163729132,0.178040567468639,0.192319684219586,0.119747790564464,0.127346669435945,0.0446641625155883,0.172556807626719,0.186963886213027,0.114806839196611,0.122339714854727
gumbel,200,379,1.33333333333333,0.25,36.9818318979369,62.7146999139716,55.0282020860331,53.1202711325446,59.4564391614099,19.3967583975104,32.198070940524,28.3743774605162,27.4250205811245,30.5771532031822,33.1681528683849,62.4786383000304,55.246264683515,52.910188943367,58.0665064277263,0.0971950567518599,0.158234688728601,0.139179592019693,0.130575272722661,0.150246956744591,0.0935268656232722,0.157496845677052,0.137531916812993,0.132559305975972,0.148861830420116,0.09413967725611,0.157442028626997,0.138114672795023,0.133440273189247,0.149849275887204,0.0899537165033109,0.154769950771564,0.134192696560514,0.13207327464139,0.147344266870885,0.0884176456196156,0.156839605582379,0.135678806833026,0.133309952965661,0.149391998537458,0.0883408455666722,0.138538210794397,0.104874340483466,0.131491311584066,0.140432219358365,0.0905989429465129,0.156999351911931,0.137492037090056,0.132420535523618,0.148441412623161
gumbel,200,380,1.33333333333333,0.25,13.9015157748035,33.6217131354475,31.9016353003502,24.8229147580721,25.9248009108541,7.91376873061202,17.7245703341723,16.8689462181921,13.3472910179741,13.8962502943446,12.4562157568782,33.3602603463739,32.0326827949532,24.4890125936212,24.6064485581976,0.0233126354824894,0.0890539238658273,0.0827932746591346,0.0650459637599113,0.0636678326590989,0.0370194223412601,0.0877355001358792,0.0834135007809873,0.0657014239182368,0.0673114986553294,0.0295073987603706,0.0836471094952757,0.0776900963983015,0.0621478329254862,0.0607963968288589,0.0344616169507042,0.0849712454680381,0.0806159141620868,0.0621628647189826,0.0636525371310625,0.0354882643280974,0.0839208055343849,0.0795476452105912,0.0621027593072971,0.0621812659591282,0.0391629841753887,0.0802519217325945,0.0724730403935116,0.0660621824544374,0.0580621970968297,0.0348279309692912,0.0828986136114835,0.0782357895614315,0.0608253044328969,0.061754360494389
gumbel,200,381,1.33333333333333,0.25,-0.312319409659322,23.6735836487817,29.1017836303633,8.15100756551027,11.2975128383443,0.842825373009041,12.774898805595,15.475302235841,5.05273268867844,6.61875433904282,-1.03859193047626,23.3150297357418,29.3817168094473,7.99308036972626,9.97834234586123,-0.00810803524986573,0.0520884055478098,0.067774181684596,0.0171880167892518,0.0168499374457696,-0.0227213165834039,0.0513668817289624,0.0693983440264448,0.00615930181652702,0.00966598061676044,-0.0017088898517468,0.0592768225471722,0.071556587573648,0.0198824230635864,0.0279563477001357,-0.00342909210160916,0.0596880277296487,0.0740871805311296,0.0198281697264627,0.0255831312269315,-0.00315389652036446,0.0569626622465531,0.0703020698336309,0.0170270335727507,0.0240169082631201,-0.00259835114725885,0.0604442202888819,0.0753868115583217,0.0179503463393947,0.0260191688066176,-0.00216510478754347,0.0595967088179153,0.0731604367162839,0.020308122499579,0.0267175318132786
gumbel,200,382,1.33333333333333,0.25,26.0132950281025,45.3392121806818,40.430855730763,35.0802047978851,41.1440054408015,13.9396772879185,23.5538569874662,21.1121831293772,18.4500511406393,21.4668589494054,24.2603284017551,45.387693522297,40.5826043221007,34.9135083380778,40.699192236585,0.0697785750996653,0.112957181299739,0.100387575980888,0.079575132422099,0.103865319620487,0.0589986325258292,0.115590478450592,0.0999354892206598,0.090723439072104,0.103760333567338,0.0628740616939569,0.11394893806724,0.102644118630951,0.0860699463564969,0.103347955183229,0.0641081836225312,0.1139707477985,0.101993228731063,0.0877475567957869,0.103117462452091,0.0638162652799169,0.112505782128341,0.100186859116313,0.0885154888963966,0.102251235287902,0.0642645110388143,0.118138774042549,0.104862926521355,0.0926921076607508,0.107705980919145,0.0637244684154108,0.112537363837372,0.100100189332698,0.0866700653004105,0.101824914903109
gumbel,200,383,1.33333333333333,0.25,29.9082174560191,50.1230225355589,42.5291793811459,51.6905807138772,46.7307533659884,15.8770584539486,25.9342502216938,22.1572006176549,26.7135012421867,24.2469608700922,26.8948486638114,49.7598349080804,42.5120398750905,51.6905707218389,45.2718849146095,0.0797305420297087,0.121122641443044,0.0996441904821825,0.127836379758623,0.116545396897158,0.0763147115051203,0.128989049382235,0.110428845589199,0.131310260672566,0.118291968554539,0.0757410258443626,0.127488918919615,0.108044324085971,0.13072654664564,0.117808183761428,0.0752667880283779,0.125201069064028,0.104514988895261,0.129870897373939,0.115392008315422,0.0754112488485952,0.121724020674175,0.10068770329088,0.126889437150405,0.109810794428837,0.0790494116505792,0.126979893706621,0.0992469428597389,0.13398877255779,0.119776138355031,0.0742883206254333,0.12365187597854,0.103206211648496,0.128576962630754,0.11440609598242
gumbel,200,384,1.33333333333333,0.25,43.8824258375649,45.7960213963594,33.309053790616,49.6438029846305,57.1695015273626,22.8289784276329,23.7806160568485,17.5685863393608,25.6950120712126,29.4388805540399,41.7632028752242,46.8950156116349,34.4183912521556,49.7765801785921,57.8365946519909,0.11405582722075,0.110017360975614,0.0738452879084125,0.127363479246378,0.145466499347803,0.10840235514335,0.109152855116642,0.0773327576793062,0.122478434657571,0.140392928588492,0.111164140171359,0.116320298866494,0.0849823922225369,0.1256309990996,0.144789446342674,0.111233355681643,0.115205602247549,0.0827294309762951,0.125831778815965,0.144424685341071,0.10934951864941,0.115086302020192,0.0843417835473861,0.121772051822378,0.141765191336879,0.113750842756829,0.115418985011268,0.0788068686020261,0.127107520449291,0.146198506293638,0.108940886165141,0.115684332682673,0.0838442749280423,0.12486418032048,0.144198846647269
gumbel,200,385,1.33333333333333,0.25,9.18922456251021,23.11314563398,21.0989789414879,19.4681788111872,18.1152034084344,5.56969875574313,12.4965077003881,11.4942726658502,10.6836640986201,10.0107573413373,8.03361254233644,22.9962769749743,21.4882479217553,18.923472511879,17.1161772221222,0.027937671266512,0.0612138521623069,0.0556833266405889,0.0533001437394174,0.0501925648513943,0.027400615644208,0.0597978126278432,0.0543704810987744,0.0506253612454799,0.0481665774949379,0.0235237913888082,0.0555685094108836,0.0502727141250865,0.0480011187980379,0.0442592341114612,0.0240617503001385,0.0596022534745924,0.0544095301356917,0.0500368659840929,0.0464453282361081,0.0248980792329527,0.0602421441072978,0.0546153333988564,0.0512727254719557,0.0470649672122081,0.0270334922637097,0.0621936266729804,0.0573625694888946,0.0536416967717669,0.0502815480779013,0.0215711046964648,0.0565334548597349,0.0518212440776654,0.0467438765629999,0.042351549455153
gumbel,200,386,1.33333333333333,0.25,26.2124845777871,52.276174552933,46.7265997611018,51.270769464115,49.2379195619733,14.0391051606411,27.0046634725788,24.2440124085585,26.5045857988953,25.4942527152686,22.8129452915966,52.1976650080834,47.5163396389355,51.2749096138693,47.0721429173262,0.0703502761680949,0.134664910898492,0.12144222832187,0.12568202591959,0.128070967358133,0.0686576367150274,0.134584023267903,0.119408248016811,0.13119962689686,0.125529431089442,0.0669712936553251,0.131368420352494,0.115921513163056,0.130155178597338,0.123613604917236,0.0653857259972001,0.132569745782041,0.11700097954205,0.131034115965955,0.12424652028731,0.0647056016403934,0.132919698458976,0.11899078962804,0.130473052440368,0.123589082428085,0.0704339431079508,0.12981253884933,0.108309917419823,0.132929059357231,0.126823069749673,0.0637917390866275,0.131493763914079,0.117300053202232,0.128861511993847,0.12134948952345
gumbel,200,387,1.33333333333333,0.25,5.93777398317009,35.4777434254726,39.7645046828229,18.4392658026215,23.2099653718045,3.95231743768388,18.6475320333036,20.7800762435758,10.1713232152671,12.5449484660237,4.70794762214309,35.2114219473393,40.211549103363,18.125066936754,21.999208597091,-0.00719319113332406,0.0886244161658364,0.103762180938927,0.0357772384630505,0.0429582504891208,0.0155010077112066,0.0911766425323433,0.101752989463135,0.0462650375382795,0.0601985217008137,0.0108940984055432,0.0847242107394465,0.0956976073729386,0.0428262373711146,0.0540495692059458,0.0113633022024349,0.0893876052005281,0.100702555202726,0.0460608469452818,0.0567949412910207,0.0147450313412818,0.0902317363169124,0.100999171093759,0.0470067244555333,0.0574687937665875,0.0196690895160143,0.0932585429554562,0.103819836035545,0.0488730756727795,0.0627908258806405,0.0134647854360677,0.0889473848576742,0.100015449530074,0.0454008610797753,0.0568618877548376
gumbel,200,388,1.33333333333333,0.25,16.369348254144,29.3437885307823,25.3694055648338,25.4410826799227,28.008081698572,9.14160462483105,15.5959946511333,13.6189182317385,13.6545721755346,14.9316474282831,14.5563617652616,29.3363085099893,25.7812879625623,25.2825676839553,27.2691231593105,0.0437043824812816,0.0701097610150937,0.0629603782234493,0.0505223521156984,0.0690269522225414,0.0368207644027981,0.0729489076566747,0.0633043760065803,0.0614998781484361,0.0675757694301125,0.0408961677282161,0.0723344935685994,0.0632828866810864,0.0624488188144166,0.0688576363801013,0.0410690903827905,0.0727717926835557,0.0626600692978758,0.0628335909636714,0.0697253217214516,0.0390579889003043,0.0719250125738032,0.0620657768409881,0.062535126982552,0.0689155418207185,0.0451080119952973,0.071769289272907,0.0620853588363021,0.0590226276227886,0.0735885610743307,0.0398073610147114,0.0731556552874943,0.0628199089302545,0.0629976535122431,0.0692927906407702
gumbel,200,389,1.33333333333333,0.25,28.6045151058091,44.0585802940883,37.878250466001,37.2131081037431,41.9110660078672,15.2289462581476,22.9167788513821,19.8421677275049,19.5113369535442,21.84862837799,27.0811004473712,44.2856422969595,38.3076735851476,36.9320581119007,41.4270179017337,0.0138168257720528,0.0840326285554546,0.0753461082252317,0.0780387363495316,0.0660722527466944,0.0759830054910762,0.110922802324905,0.0923594755252814,0.0967145355075519,0.108102200986542,0.0660765469257963,0.1054566074633,0.0907639530407888,0.0886796685258409,0.09930488993336,0.0714409462466628,0.108694679601997,0.0926937429303789,0.0911761225056763,0.103706735272258,0.0717558247187144,0.113172756189906,0.0974071090522013,0.0956221548096448,0.106693013596961,0.0525140163307359,0.102358191018176,0.0915864256778843,0.0856467740397863,0.0836045874095241,0.0694055587516393,0.110328815859388,0.0948353794432942,0.0927049509176161,0.103933716938632
gumbel,200,390,1.33333333333333,0.25,16.9649210536832,35.5500543773166,32.8715409457192,26.0834564419738,31.4228774242895,9.43738451443453,18.6836591992264,17.3513873599655,13.9741030788356,16.6304315564061,15.7633573196793,35.5499584025651,33.0947951936667,25.9534717052293,31.084144337954,0.0442958264698511,0.0933085796429291,0.0842393201954095,0.0701378786327231,0.0832178050574469,0.0436046129887558,0.0878642533462912,0.0787412827451136,0.0667537151166709,0.0789643075482571,0.0413491650049935,0.0871897297637786,0.0802286414493366,0.0645910823657424,0.0767212783317463,0.0439485566358003,0.0908826365847498,0.0834318595755408,0.0665905666645479,0.0805491752990904,0.0427494502580008,0.0878319928640518,0.0790148510388659,0.0662282119157381,0.0782880628410705,0.0315227410561833,0.091975752522273,0.08714438241951,0.0658162104551322,0.0720156301172249,0.0426867626058204,0.0898273317038948,0.0826159804896426,0.0658963303149134,0.0792411246739085
gumbel,200,391,1.33333333333333,0.25,18.6664767751326,37.1387828891034,32.9301007460417,31.1488721858779,35.2181530521224,10.2836924762583,19.473565931518,17.3797553474729,16.4938983133109,18.5186738701391,17.561816572892,37.5505425730554,33.7150330314782,31.2302592089635,34.7687303657611,0.0514040961392387,0.0970145714840045,0.0867320700103073,0.0805235575859197,0.0930452226128783,0.0485637277124901,0.095850398275543,0.0851355598123874,0.0812370205649544,0.0907232296379682,0.0451381137450162,0.0925204038355765,0.0816566203205094,0.0778841678009861,0.0861776387830708,0.0474537674273201,0.0935269976551818,0.0828516621187617,0.0779587911169899,0.087325855148686,0.0483456497253465,0.0937020532907983,0.0826482901078427,0.0787578612325263,0.0889513640219795,0.0478807253860988,0.0940949835107016,0.0857172499077794,0.0734839503262553,0.0790509916038089,0.0482572794304909,0.0943889281270354,0.0837503907750559,0.0789456107085197,0.0884567210574948
gumbel,200,392,1.33333333333333,0.25,19.600367014212,39.8594614448698,37.2716945962557,27.3418639114523,35.2500454473574,10.7491421178691,20.827329478177,19.5397925903085,14.6003368510327,18.5345573906385,18.0615347524201,40.0840110767333,37.8931980850351,27.0640566398202,34.757949431647,0.0517533440344369,0.103723165519383,0.096920503628123,0.0733513777089564,0.0912256161940559,0.0468349349659139,0.0991567692445764,0.0935887835577863,0.0666235596286638,0.0856510790699969,0.0490165465677877,0.100675318978917,0.094060869950068,0.0704963948469904,0.0894773902896131,0.0466125356753004,0.0999060224649685,0.0940833693466002,0.0668626207173623,0.0872892766774559,0.0462543346981371,0.0980570354270024,0.0917254931125596,0.0665198535980467,0.0865331830450324,0.0534644770701009,0.104349060637552,0.0980799373711101,0.0709023315118682,0.0927394817790223,0.0478086641990275,0.100008436483137,0.0938350123525048,0.0679376196862677,0.0878223746868654
gumbel,200,393,1.33333333333333,0.25,5.43268075213745,29.1431610655188,30.9149544540706,20.0508815510822,22.1628402594505,3.70107091456965,15.4958360308231,16.3773030257607,10.9727318718061,12.0237227612578,3.97443699995344,29.0518979063357,31.5439503363143,20.0562178961324,21.0318446864654,0.00583870534317467,0.0764734179418475,0.0822870307730801,0.0503380782049186,0.0519674000182651,0.00871004066755761,0.0712848728918801,0.077195009254716,0.0497468416452429,0.0515476130330756,0.0131017129014364,0.0746876543559288,0.0781876182503016,0.0518874050834291,0.0553080815571809,0.0115404521425042,0.0736399406713488,0.0783051460458,0.0503245888391584,0.0546729592344557,0.0094489308687704,0.0722811607487582,0.0771698016639912,0.050542084261984,0.0534350550143177,0.0128290958004242,0.0771051709516677,0.0822669022899776,0.0517713641058548,0.0531623974713013,0.0120328597527692,0.0739196116947451,0.0784918383885786,0.0501804252461943,0.0551668102892235
gumbel,200,394,1.33333333333333,0.25,8.68071888294636,27.3025677720729,27.0137725467284,20.8036501091824,23.2493869632979,5.31670207294088,14.5803014277365,14.4366846748872,11.347515885973,12.5641946963517,7.23953367694605,27.3195214821478,27.6471566463289,20.591186425629,22.4718630043154,0.0227192848778034,0.0633110064036371,0.0625704707489058,0.0496333406941013,0.054357630101437,0.0250650318438017,0.0711581644530111,0.0702306049032533,0.0549536081746963,0.0608050619929815,0.0221247731194862,0.0719406252415841,0.0695430832417975,0.0564781085198169,0.0617959107986189,0.0188124492935736,0.0698375854179027,0.0696524263348783,0.0524148692569058,0.0576582047462556,0.0173369923681127,0.0646033955250178,0.0657100333378586,0.0455541046011351,0.0512018173993477,0.0254894547774312,0.069242822445717,0.0663520828321154,0.0564408564256957,0.0614576767387572,0.0210386051413058,0.0691177887441497,0.0678682176236313,0.0520136031825769,0.0585300675765236
gumbel,200,395,1.33333333333333,0.25,1.53345622205478,26.5998827514779,30.9529335550713,14.0114089883277,16.334510034453,1.7607668610388,14.2307889511194,16.3966311800673,7.96809671589466,9.12409023683286,0.767442366831552,26.2021328701736,31.0751962234225,13.9990591123282,15.3498191650746,0.00350676614438657,0.0712890994742528,0.0822648231345372,0.0378824794620949,0.0452840139364927,0.0082290467912343,0.0699317516191891,0.0794464926787843,0.0392174419195625,0.0453953192698798,0.000205131418101795,0.0678090971451286,0.0794947856434918,0.0348217970831044,0.0395707850524493,0.00387050699164246,0.067519117231458,0.0776447909283307,0.0360457316977882,0.0417880429745397,0.00456223419200654,0.0670003632865579,0.0780346899314423,0.0350397061014959,0.0404786606924082,-0.00126000926076024,0.0588898942838849,0.0692983067118279,0.0347046476139361,0.0255859327788065,0.00247165068628822,0.0660295080892501,0.0765379806229578,0.0346062252761216,0.0395699076375352
gumbel,200,396,1.33333333333333,0.25,5.84363868073543,26.909256794914,28.4063331776425,19.1118088279578,18.6913562942634,3.90494861895815,14.3851024339642,15.1302440901034,10.5058075044399,10.2971189040039,4.92355607576104,26.5868369639485,28.5584596644317,18.9045120765306,17.6672275319341,-0.0112154035778679,0.0441729979839236,0.0534748117734177,0.0343769073969381,0.0200710495719368,0.0169920200307946,0.0694021511795177,0.073321626497185,0.050968552518315,0.0479597986537681,0.0129417800240695,0.0679137769659413,0.070993367923496,0.0476524864418991,0.0475359228291447,0.0145116253307126,0.0660929569209026,0.0685384440184929,0.0478426495931289,0.0452861008412893,0.0135756621363201,0.06859558237077,0.0727913793237362,0.0479897476952439,0.0461516946425881,-8.88656948298738e-05,0.0703147269493232,0.0759860570563304,0.0451081815637628,0.0333006441526807,0.0142223652269128,0.0667802660047897,0.0698930857464687,0.0475264590507443,0.0456555788744198
gumbel,200,397,1.33333333333333,0.25,19.7091529354317,31.290923103698,26.4106467882549,26.0966927208818,29.7100336417563,10.8025676759865,16.5648853116572,14.1372844184744,13.9807486960158,15.7784091294365,18.2523947492967,31.3058593108632,26.6648375295206,25.9426138939619,29.3196753951474,0.0527401953265051,0.0831948720317374,0.0710094248729908,0.0701709975074714,0.0788228703809952,0.0407115826379559,0.0715007009903363,0.0607368184026382,0.0564074372713895,0.0643450557403244,0.0484671413336469,0.0751250591547314,0.062459960864887,0.0632244067004509,0.0714771617412774,0.0506254914512193,0.0756689276721031,0.0616280184795473,0.0643548854541393,0.0715205013525725,0.050227169865109,0.0770029861666032,0.0631469337502424,0.0655369071486039,0.0741726318729776,0.0535329402015244,0.0739066907613559,0.0587864539256656,0.0653896776134428,0.0753385004077139,0.0489545344159952,0.0775483587531101,0.0648379525740613,0.0644745985979884,0.0736733983578842
gumbel,200,398,1.33333333333333,0.25,13.876326150582,35.6170940775045,34.3867322386797,27.3939750464081,30.6531510374933,7.90155613525786,18.7168267666576,18.1047975296209,14.6261664194502,16.2476813349553,12.0616197354604,35.6151294030088,34.971558894348,27.2042795918567,29.7516828526366,0.0396854099672309,0.0896557543228236,0.0844012417912575,0.0711275201191731,0.080251921519532,0.0365599070175395,0.0933305145333024,0.089755221411407,0.0728081319255068,0.0787110247084248,0.0286956405586568,0.0866144652717093,0.0852100881904028,0.0642432597253341,0.0692798906601793,0.0353736169616919,0.0903775506061388,0.0866232380096453,0.0693907988853957,0.0778246532584753,0.03384143121828,0.090909677687105,0.0885117644016996,0.0677465652515819,0.0780712823055174,0.039037583017981,0.0940129407169867,0.0909656396122863,0.0712112554274533,0.0814407863678761,0.0332629397734177,0.0892285167058294,0.0859864479140584,0.0685300026876358,0.0761327258692002
gumbel,200,399,1.33333333333333,0.25,14.0338086437296,33.611079742201,33.1029463011708,20.8177187216335,28.8698025296117,7.97951624793951,17.7186932839028,17.4657821340082,11.3544537958041,15.36022067273,14.4941554418728,34.1667806365917,33.6879352793809,20.6179528028882,29.2106697516551,0.0395501248784922,0.0888609685195911,0.0876032006151028,0.0569376528395609,0.0767285098475891,0.0318628066300359,0.082828513172803,0.0826042110401073,0.0472412905211528,0.0689606994620095,0.0344271270296177,0.0846087003854289,0.0825973681473216,0.0520053086382486,0.073104290786756,0.0339345739677563,0.0848932283578444,0.0841569346341053,0.051682448493481,0.0717699844959717,0.0369388309522191,0.0851838010339626,0.0838839663001339,0.0527393976553568,0.0731270756769995,0.0352103057214208,0.0864428973197965,0.0781130270808427,0.0569900245184679,0.0771495978217132,0.034694546626961,0.0849889014382707,0.083943725125736,0.0519576322956475,0.0725056349206111
gumbel,200,400,1.33333333333333,0.25,6.08997448322505,16.9245634012714,15.3694881679287,12.3555358441498,12.2596052599207,4.02788039600319,9.41768460646965,8.64409427944409,7.1446425412001,7.0973940578338,4.76304587464457,16.6236276332602,15.4022714127355,12.1465573384716,11.2263735472944,0.0200927523931563,0.0459330734400749,0.0409090219713682,0.0355886183692742,0.0352540299255415,0.0194397498232847,0.0436518689256416,0.0382421104486351,0.0331451877149112,0.0331187837111638,0.0186416793526772,0.0458925055703713,0.0410094371151396,0.0341099344699216,0.0335760474390743,0.0125326146855266,0.0398031686476754,0.0360947382215905,0.0273579294064978,0.0271201983352087,0.00966582649490619,0.0399744942855529,0.0365117579356192,0.0295899586927012,0.0249821308427396,0.0168627146726981,0.0443357881466834,0.0402724427101193,0.0329342944101134,0.0314216897893483,0.0138048548611378,0.0418109578483357,0.0378239122974307,0.0299482367519791,0.0291555778437246
gumbel,200,401,1.33333333333333,0.25,18.1580847131,65.0944325592719,69.0138125188064,45.4576659943521,46.2558258637849,10.0320291551917,33.382089078121,35.3319131093934,23.6130841935833,24.0112270441972,15.4586035876234,64.4081612464521,69.4011935293634,45.0611392573273,43.5918694713566,0.0428908877023885,0.161529549332625,0.17073748924669,0.114922703728473,0.11556048288831,0.0488379740243874,0.160178993490598,0.165853379299064,0.113753673256302,0.114489860024872,0.0428878637408756,0.158695819463743,0.168411245137692,0.110439580877652,0.107965767093776,0.0435876896178369,0.160251064179252,0.169174190771606,0.112407027358195,0.11167915283722,0.0485818772072149,0.164673232680842,0.173028198393471,0.114539907975966,0.117105582869198,0.0346641223416706,0.162315475973298,0.175212019663202,0.112310847988487,0.0989167244507343,0.0440083599335673,0.162829110509667,0.172416202941109,0.113372041196399,0.113505131610031
gumbel,200,402,1.33333333333333,0.25,17.9815574978093,40.0912953477131,38.1860038465343,24.3148500736042,31.3358416982408,9.94353687110671,20.9429553185999,19.9949662712327,13.0945684440712,16.5876711089307,16.3897214227351,39.9035844127067,38.372431192187,23.9529009810956,30.3785545184491,0.0485961606857374,0.102645815435843,0.0993422495857057,0.0629064217049554,0.0809002666383535,0.042134333913768,0.0890498340212524,0.0820144135080416,0.0537753184918849,0.0691116225477639,0.0483741051933092,0.103443660219687,0.0975344022049549,0.0638907546529288,0.0815177006696057,0.0449140045972217,0.102752634782964,0.0982702717998432,0.0628917746490105,0.079745285713172,0.0471334918822519,0.101531907854056,0.0965996503384151,0.0614467888584087,0.0787676872538564,0.0470992542721459,0.0944737828311496,0.0849348071366636,0.0606424502235122,0.0729508238605324,0.0450058071212406,0.100218316434244,0.0954523871637801,0.060138049381287,0.0775580609256247
gumbel,200,403,1.33333333333333,0.25,7.65517087410544,29.4372153927356,30.4475927039505,14.5024207497498,19.0915842170249,4.80628475906524,15.6426189535562,16.1454187902935,8.21251734035147,10.4963429337136,6.42179588992568,28.9797640282061,30.2491752017965,14.4025329770456,17.6648866110587,0.0189752002226676,0.0760492238656588,0.0715193788436674,0.0407567332589408,0.051301353955766,0.0120604736178135,0.0735724573938282,0.0768938120960649,0.0324061270772702,0.044035688860423,0.0171424552620275,0.0751700221325335,0.0781261046366828,0.0376356813620137,0.0481772992664388,0.0189733912248341,0.0741850115359617,0.0759645166298074,0.0374275902477162,0.0472403043712078,0.0194093038945384,0.0726411495432373,0.0754746018488575,0.0350790258177254,0.0447515365131927,-0.00410220901150983,0.014218230970937,0.00979336920862825,-0.00903569858708446,-0.0152746407771208,0.0180806375709771,0.0727055011701048,0.0748520611614522,0.0355913968877896,0.0455290149745455
gumbel,200,404,1.33333333333333,0.25,12.8010917236626,16.628750621805,13.885331885016,9.49686944984748,13.9446614510999,7.36623752915758,9.27073016202293,7.90580247095476,5.72267722845459,7.93562173691131,13.1923832886365,16.7433956502585,13.9032794918087,9.09329636158433,14.0391523057286,0.0344198811764069,0.0268779846189033,0.0160514281878379,0.0214097628963989,0.0334126007129381,0.0328638093601826,0.0424506105605706,0.0375013893457223,0.0215570993665376,0.0336961122995437,0.0318629909577628,0.0362097176748154,0.0273542371612121,0.0194259046004676,0.031194377517582,0.0326381422115135,0.0419433200355697,0.0345723414208878,0.0238201496427127,0.0354205765972413,0.0314781051047369,0.0399851779749232,0.0340318090842771,0.0229072130721682,0.0324909102495954,0.0365488116975394,0.042008450632108,0.0328416279213536,0.0245008994827272,0.0342930459938541,0.0324885975362268,0.0403430570182818,0.033323192846933,0.0227520412003081,0.0336247937518944
gumbel,200,405,1.33333333333333,0.25,23.7767248564376,68.7739960704654,71.739690110424,44.7134907702421,52.5943926784626,12.8267628999076,35.2125799479299,36.6881102121061,23.2426155096051,27.1636651054824,21.9188749708869,68.4464810156859,71.7633163152418,44.4524325646009,51.4665608546452,0.0644319999778257,0.173154248389045,0.177883709590721,0.109713286808873,0.136482326104257,0.0635724650467069,0.172691917618547,0.178586179234573,0.112889939006691,0.133616445186642,0.0575455451466575,0.172330231915958,0.179854097825012,0.111942161361314,0.130606154122321,0.0589402222995982,0.171072827686674,0.177977245945385,0.110703166918827,0.12953009984031,0.0563449153245356,0.170326725821734,0.178089886825015,0.11045738359462,0.129312410834664,0.0585711152526125,0.176345705000588,0.178828318390842,0.116330603981163,0.135994036485304,0.0574901943101213,0.170863658302386,0.17825904398865,0.110459200208758,0.129111324085539
gumbel,200,406,1.33333333333333,0.25,8.43605143250745,42.049160969232,45.9791830706431,27.496135855671,26.3627173460045,5.19512773174572,21.9176188928877,23.8731424146664,14.6774784814501,14.1139875117453,6.79408089630374,41.1717299811099,45.8596834694248,26.9279350705335,24.8061180040074,0.0259926422216536,0.109965118140523,0.117717214779643,0.0732119583579806,0.0708545151685974,0.0171247980343652,0.10690806678301,0.117918132299234,0.0684669239731637,0.0636271814911925,0.0149319776003089,0.100751919860171,0.11093730336335,0.0615115164575636,0.0600427603545472,0.0188920189797526,0.100518065710263,0.10935700733797,0.0645338876903575,0.0607170140670447,0.0168948920648627,0.103733947165674,0.113041392900876,0.06656919384689,0.0630605352832319,0.0241329709374758,0.0945816543424876,0.0962535077356741,0.0626381714281686,0.0652773494113979,0.0198971353422894,0.10406125852096,0.11307291737351,0.0677474291550543,0.0642290214782966
gumbel,200,407,1.33333333333333,0.25,16.4325270757962,33.3628840203498,30.4107348203879,24.3925654661744,29.3119382452685,9.17280554702245,17.5952398121042,16.1264189977958,13.1328716955165,15.580794035009,15.0661783208646,33.5567872165188,30.9643528355681,24.2771193347903,28.3289625470927,0.0398571807597701,0.0861943565029702,0.0809943855050815,0.0545907053590498,0.0747987940475587,0.0451154898778366,0.0866935847325093,0.0797149039313102,0.0622425441854471,0.0764458113710622,0.0366755685763436,0.0857334048877956,0.0788172922764737,0.0604956970941201,0.0733749100506595,0.0410940956496506,0.0841158685846324,0.0767185644393039,0.0617514698841619,0.0716084715306127,0.0431038157432249,0.0852643709539188,0.0778643398579768,0.061524080342054,0.0737826458462074,0.0456419595514476,0.0828427342989393,0.071337511341021,0.0652720828745987,0.0763665580002627,0.0409231040437304,0.0840948670967542,0.0769393810310407,0.0611103662011656,0.072237897947783
gumbel,200,408,1.33333333333333,0.25,1.16903907079595,10.846286174458,10.6632523139108,8.52854888818048,8.14334064288214,1.58003652305104,6.39323361273193,6.30203489943287,5.24055413855711,5.04953710292265,0.0553852726808928,10.8718951100929,11.2696794164258,8.42379506502444,7.06480942357835,0.00398543296628037,0.00862472722626355,0.00292713645398101,0.0120921731761022,0.00379146426418997,-0.00892944018519721,0.0256913709515858,0.0275038643349871,0.0174549462125185,0.0130601999206676,-0.00329377561166581,0.0272845164346962,0.0281885370158634,0.0197068584861754,0.0168315050562404,0.00129542146199482,0.0280649048786816,0.0280868302888372,0.0209103788615429,0.0194461252156301,0.00121214585245909,0.0272826788231808,0.0264257758514195,0.0211481156382927,0.018784439648749,0.00586691078850028,0.0316006080471099,0.0290198189520805,0.0250287561562364,0.0251104860745921,0.000718598480363179,0.0276807668456762,0.0277531727402576,0.0210085228553909,0.0186379271606694
gumbel,200,409,1.33333333333333,0.25,21.0041449831767,41.1139156657766,36.4434012237564,38.9469535313005,39.039993763066,11.4476057040511,21.4516943947717,19.1286314227114,20.3734853249537,20.4199512247529,18.3540529396954,40.9248617017577,36.7247383700297,38.9665260932162,38.0301968447662,0.0471738991383006,0.086030210320518,0.0791221865738975,0.0747178627115189,0.0790502938801158,0.0564927798950794,0.104337183973037,0.0906983960044896,0.101047546103913,0.0999422480173444,0.0542783103875003,0.100256216697808,0.0857543483646785,0.0973964643283565,0.0960385039611524,0.0516214037869312,0.102461405947262,0.0888517176335254,0.0980884588063348,0.0980166490090374,0.0442325054544824,0.102433270441964,0.0916664381879723,0.0960071900679874,0.0950144696295613,0.0575101822683086,0.101420429879488,0.0844953612238797,0.10177647201597,0.100040083002679,0.0518139902078602,0.102724387010035,0.0896969258961621,0.097807662963837,0.0978472778129768
gumbel,200,410,1.33333333333333,0.25,18.0121389873941,31.9099104953491,26.9832446662782,33.46191797821,34.5573890818718,9.95930278710225,16.8720672214541,14.4210747191346,17.6445832912759,18.1898634950115,15.5401323268612,32.3302093177003,28.1476757602929,33.5668398679876,33.5956421600128,0.0420638221931326,0.0803269201181951,0.0703239244185758,0.0805778885586448,0.0840258096732139,0.045324938303852,0.0837729395809359,0.0709309756258669,0.0875867318155008,0.0890416495806888,0.0419384627701358,0.0766596089287036,0.0648687755375426,0.0787178297814797,0.0810869483405602,0.0433695277582036,0.0823702805893536,0.069743748827502,0.0853615731880319,0.0879115398733616,0.0455209337415069,0.0817139098469037,0.0695470237622413,0.0855785090076318,0.087856639591821,0.0477552346311546,0.0845351194191615,0.0717010187682116,0.0879332934097202,0.0913416319526896,0.0441379729362939,0.080182909886458,0.0672304782639154,0.0837827848917876,0.0860257937594003
gumbel,200,411,1.33333333333333,0.25,9.76063275411559,22.2081726415961,19.4892311301832,21.2942075358738,19.9435105134697,5.85335217813753,12.046323174997,10.6941437895708,11.5915006198809,10.9195421692999,8.60220696086834,21.9690069050808,19.535358140806,21.190797529172,19.3725290579599,0.0149760331996097,0.0400871273233102,0.0372487870881215,0.0347894105338419,0.0368533800141672,0.027311554433633,0.0602309368227226,0.0531187444092543,0.0579437305916111,0.054475993066628,0.0259169230851839,0.0551098995406405,0.0480000122370855,0.0516683906835998,0.0479077478631711,0.0245118035750134,0.0567151231926067,0.0495042868873416,0.053330245966063,0.050983559623769,0.0260510925884709,0.0587783389959785,0.0514687587396742,0.0560151448021336,0.0524581145962894,0.0177193647264005,0.0604646415299469,0.0529543737424811,0.0579654754155797,0.0527511361044941,0.0248431691065538,0.0550848175205435,0.0474340129013593,0.0528036279051303,0.0495112069684194
gumbel,200,412,1.33333333333333,0.25,13.196756958265,48.5567140278345,50.8564531113917,34.4158301038041,38.3435012247862,7.56376132552706,25.154042954131,26.2980881819699,18.1193881422302,20.0737304150046,11.0202667097161,48.3694270748351,51.6036283565747,34.2942482290153,36.7309531965442,0.0366820161274684,0.126093130103005,0.130188280134409,0.0908935870671835,0.100808121087555,0.0313504504636949,0.120596090842835,0.125941641187685,0.0838718348506013,0.0944949447893761,0.0290736893702417,0.121301150959645,0.128260191000135,0.0851847450872374,0.093523989351021,0.0313186317137164,0.122357867911455,0.127703539375427,0.0863495450203247,0.0952637433622994,0.0309402818720324,0.12332590440717,0.129504575104612,0.0861406497747268,0.0958733291109477,0.0294660923400803,0.125443621357623,0.132119504053875,0.0885205876651028,0.0965182765816043,0.0304884259502949,0.121055679275375,0.127006769742818,0.0845366440047358,0.0938827843285637
gumbel,200,413,1.33333333333333,0.25,25.7435551210763,62.4975439986689,62.1793658860575,45.7475085267804,51.3983841623652,13.8056025558693,32.090166418782,31.9323875783724,23.7567802501577,26.5684054991436,23.1418387782729,62.0477098697755,62.1660272648436,45.6754731619739,49.9252639261845,0.0659361479253581,0.151755863239199,0.149525670507321,0.10833185037848,0.118481163819169,0.0548941068309463,0.156347248424526,0.157366216981884,0.114253594817599,0.125735384993871,0.0538821902347935,0.153327993407417,0.152818888916137,0.111450852656955,0.125251366062567,0.0623581215269986,0.155682065255198,0.152436655906231,0.115382667239035,0.128524010249218,0.0623630773734003,0.157671839355404,0.157515732181063,0.114688634347032,0.127459152683489,0.0639331905867828,0.160916709524745,0.15651384519077,0.118950173091005,0.133455530387773,0.0624492475690759,0.155138245826414,0.153226747807819,0.113911805395866,0.12747835546798
gumbel,200,414,1.33333333333333,0.25,20.0889562568693,53.5685075764193,53.3774852966684,38.1457445736409,41.7998235069066,10.9921160929108,27.647903445382,27.5529644537787,19.975293002878,21.793575502654,18.4923332948805,53.3468778421651,53.6177779558467,37.8234301007395,40.6386051776913,0.048502712822537,0.117590993031367,0.117261146315059,0.0775982625080167,0.089130362598668,0.0489705538859644,0.13418293098384,0.130680067562241,0.098104524257013,0.106344201481259,0.0471312734594345,0.133642661403935,0.133034593838103,0.0941574040510081,0.102909784117452,0.0497876102921184,0.13374950880857,0.133144593158073,0.0955594121695027,0.103151246755219,0.0487604401720501,0.129980992397891,0.129555061547789,0.0897118848594344,0.098970281778489,0.0548541703786334,0.137621928776195,0.135735663496052,0.0991775189916184,0.10938996509991,0.0495935743437234,0.13403122425944,0.133280365804903,0.0950577620960702,0.103445308471166
gumbel,200,415,1.33333333333333,0.25,20.339759897883,51.2096671020277,50.356715683854,34.1462377007375,40.5527349315456,11.1167565916102,26.4742665314695,26.049789386426,17.9857214147907,21.1731150668955,18.5689122052876,51.0298438410754,50.7623586790297,33.7246832714293,39.3265418832377,0.0180381060247443,0.129557037829435,0.13088708072421,0.0866807298830947,0.0903738142414683,0.0444658070936076,0.119739613611909,0.121039787059127,0.0754828071683554,0.0898048921397802,0.0503048875288159,0.126684672764541,0.123911796578524,0.0845192646710649,0.0994496166735725,0.05050623509743,0.128993244366824,0.127137377812407,0.0849327691743361,0.100382255733732,0.0519227786170203,0.129678248649993,0.12697081977778,0.0870603441613131,0.102422425117132,0.0555839751050775,0.12592023160243,0.117399620956076,0.0881224042932362,0.103596691397467,0.0506635662052371,0.128057940078405,0.125875391546871,0.0849650973320119,0.100400557463912
gumbel,200,416,1.33333333333333,0.25,22.6735929045521,40.0382285407678,35.3030623829602,31.3618262252513,34.9577410300808,12.2787307373192,20.9165759666523,18.5607463532193,16.6003042260775,18.3897874632499,20.0874594795888,39.9940737555638,35.6175746109245,31.0797604025839,33.7694086522283,0.0609921795108131,0.102944027578382,0.0898962750527553,0.0831764037075397,0.0900088614226265,0.0572451120214531,0.103389604544527,0.0911455806467421,0.082219848679994,0.0890869898658376,0.0524268639579464,0.0964654583441665,0.0858258794381235,0.0733608281399351,0.0791584684403465,0.0551332894986396,0.0997624742386817,0.0883861927783216,0.0771850035927382,0.0854882804352053,0.0577645968110874,0.101494233315571,0.0889321777660242,0.0797715713969799,0.0887483025362086,0.0395728268186707,0.0966730957902514,0.0904383902285423,0.0569617648259205,0.0711152014094885,0.0550608058905968,0.0999304365493468,0.0881336010477731,0.0781590876915172,0.0858164570518844
gumbel,200,417,1.33333333333333,0.25,9.2400943488033,23.168603877343,21.6467435689907,17.8691823604767,20.3452703867936,5.59517471655449,12.5235831140211,11.7664217762399,9.88738649656882,11.1196804155862,7.80354037851578,23.309696876811,22.2154887229458,17.8528126025574,19.5761116167886,0.0170223038528942,0.060002486507268,0.0574869797981506,0.0427407175427895,0.0488057624543891,0.0253743543474685,0.059164151343689,0.0549640881713016,0.0465000900942902,0.0518501064793757,0.0170403168688541,0.0533049091777148,0.0518642629051657,0.036346697220393,0.0392496486066879,0.0208860947286011,0.0589712717858039,0.0553956410819743,0.0451491283186681,0.0503634419832944,0.0227007601258965,0.0551992475567809,0.0485803971575836,0.0458964851318234,0.0496934626023407,0.0182094987501797,0.00244689346069269,-0.0202264006587425,0.0119850094897847,0.0282875402004469,0.0212562880535832,0.0584169139420554,0.0547049009105984,0.0447555670519058,0.0500522124592503
gumbel,200,418,1.33333333333333,0.25,15.4349255993155,27.5299679949305,23.7564978083133,26.6502321933884,25.7406625326889,8.67663960073522,14.6939971593668,12.817202227996,14.2560500407802,13.8040137211728,13.963902795758,27.4865420631784,24.0616932571453,26.5429896880628,25.0742260274618,0.0283237058533465,0.0670276976588009,0.0618890345105975,0.0630375842187573,0.0570075287484965,0.0412047656614113,0.0660533083311096,0.0491529158093559,0.0679510487569182,0.0637453019187323,0.0342427114175993,0.0674345890672552,0.0586766578765805,0.0644858021602763,0.0605798379212159,0.0365487640514409,0.0669010791590642,0.057056406176803,0.0660937741867209,0.0618165692092088,0.0379271637061776,0.0720187708498984,0.0620067619001982,0.0691008938469347,0.0666844533283759,0.0383369304582107,0.0733379566373307,0.0641504321015309,0.0673604882538332,0.0690370341452637,0.0382093377261545,0.0680722695226045,0.057406418383929,0.066542143172844,0.0631835882809052
gumbel,200,419,1.33333333333333,0.25,16.2814584596706,32.804412596028,29.0450026024668,29.6946346679788,32.1345548538576,9.09747262357857,17.317388752435,15.4471851255449,15.7707514840539,16.9843450050177,14.7026422087874,33.0057971575221,29.8148161807434,29.5253509753897,31.6528480536778,0.0423831047250795,0.0858581458900248,0.0762093733818923,0.0791867933987444,0.0847072842849861,0.0397784733620364,0.0835291090277404,0.0718909082856646,0.0757639944295878,0.0819949769416714,0.0444190865928839,0.0847398963446476,0.0745010079646932,0.076158694051033,0.0830980159360956,0.039568040830875,0.0826733568345784,0.0726778894366955,0.0736616928397867,0.0800704697352206,0.0395225007744913,0.0800294219344406,0.0712076243610519,0.0693948893930621,0.0770181957020762,0.0405411763851983,0.0548576048050107,0.0352590579215376,0.0548806994235139,0.0609689227608261,0.0414755434123541,0.0828307035427257,0.0730652967740927,0.0738046859890511,0.0808272929737601
gumbel,200,420,1.33333333333333,0.25,6.67596893402855,32.2822135473844,33.7334259317074,22.3462390079703,21.6863226985565,4.31910365384641,17.0580689632226,17.780065236217,12.1152916730087,11.7871831026204,5.45151142657437,31.821634578847,33.9841229071436,21.9168111193534,20.376373657686,0.021667481721071,0.0853477745564959,0.089005464220893,0.0604674958096508,0.059203393955098,0.0135403570888427,0.0790739639571588,0.083179450881378,0.0514980561851259,0.0481678724280155,0.016032752326942,0.0789746075235721,0.0827206431779081,0.0527254541658235,0.0508368641237279,0.013971385129395,0.079816351175494,0.0839882907982487,0.0531969275930805,0.0515709486496239,0.0159499216810051,0.0793974343629629,0.0821346133920461,0.0545493123727741,0.0522653217439863,0.0215187936251414,0.08472557311795,0.0881444394140814,0.060340474810554,0.0581383008447085,0.0167507469488597,0.0812250602806415,0.0847012100127075,0.0558266283616926,0.0536968220925202
gumbel,200,421,1.33333333333333,0.25,2.44149352390303,16.7397521872651,16.9138752285727,10.378304784148,11.0266898293614,2.21205723439786,9.32554188673252,9.41234989972443,6.16077081685429,6.48361885045033,2.11849309426451,16.578348856315,16.9772533580741,10.3330563181347,10.5022706265647,0.0107583269920324,0.0455193031903387,0.0440470056047439,0.0285388269151634,0.0322277931084022,0.00623649844295228,0.0379368242714033,0.035730903201846,0.0213841327672326,0.0270746317637474,0.00938179873463758,0.0433897090410224,0.0429564546929736,0.0284894296561297,0.0280719993247124,0.00751044031810007,0.0418671510471196,0.0416967260026952,0.026104412211653,0.027427917704147,0.00393593697341836,0.0406286743422576,0.0413751845956684,0.0235097286215728,0.0247878171892444,-0.00431332549416846,0.0344840474460734,0.0402558556234297,0.00671598387259595,0.0194451865595313,0.00615971979218826,0.0410813003762042,0.0409023927028571,0.0255174316579958,0.0267342190413422
gumbel,200,422,1.33333333333333,0.25,25.9288998815852,34.4345286669431,26.5354744569848,35.6392863819185,36.895882335749,13.8977672923084,18.1286731251791,14.1991613877988,18.7280393650977,19.3533392567624,23.1145403692919,34.5280689449729,26.964122862449,35.6270940761747,36.1972105364758,0.0469836182825916,0.0895878641800926,0.071077590889107,0.0841436613211202,0.0862390929239561,0.0466919540361847,0.0741956819041541,0.0550103680582712,0.0804314169893823,0.0775016532836109,0.0668471332261762,0.0890082807007904,0.068900247984065,0.0918269455743013,0.0945513461378047,0.0628117578593457,0.0867414747592474,0.0661978216583343,0.0905158767805094,0.0928383056747071,0.0603872485138195,0.0861226354105398,0.0670769568196291,0.0870307484751693,0.0907716214012024,0.0682325072249958,0.0903193352727792,0.0713157508909312,0.0914259061304515,0.0951647147141908,0.0641535076719903,0.0862409374200556,0.0658948439841798,0.0892498694425444,0.0920315349220406
gumbel,200,423,1.33333333333333,0.25,7.26344088535678,13.6819044500875,11.5388970328636,11.3354775125305,12.6508000144116,4.61182440750741,7.80420369095752,6.73803004270501,6.63708493335355,7.29171620906321,5.82303924181504,13.6831539657629,11.9311848917423,11.1727449792444,11.8795860641996,0.0188221073270202,0.0258912966803963,0.0204200077537076,0.0174434253254788,0.0237209989404234,0.0188580170125807,0.0346710389066935,0.0292528278988804,0.0294946552121068,0.0303772262950154,0.0172429108317492,0.033342456477898,0.0273702453613386,0.0278728434024552,0.0303976439188475,0.0169394212176211,0.0337338799217836,0.0284317492824633,0.027371857997539,0.0304128895585406,0.0209330391284769,0.0369652478568196,0.0308137866282434,0.0311704398911409,0.0347930196677246,0.00662157916869129,0.028481689046606,0.026827431919621,0.0206381889359597,0.0222341250137417,0.0171569687282259,0.0344262842904876,0.0288458897995761,0.0284177638983558,0.0310597387101856
gumbel,200,424,1.33333333333333,0.25,19.703412676563,23.5849176596385,17.8756516641974,21.6003004997152,20.2190632796835,10.7999201603629,12.7319795311266,9.89198601054243,11.7440605809719,11.0579707659821,19.6696618795193,23.514178127756,17.5578077533391,21.2918108887005,19.8060849104838,0.0492442895396285,0.0606749830777073,0.0471477664335642,0.050017285588818,0.0539528084939615,0.0513098622608545,0.0601902124630144,0.0444402291606853,0.056622593535388,0.0513225768842126,0.0499634500011155,0.0573379957183055,0.0415671586951531,0.0543865945394572,0.0482386078499231,0.0484610660594237,0.0559542083666994,0.0415265643410976,0.0517638530348512,0.0464863875813261,0.0510906031390099,0.0597617416478775,0.0442240231291317,0.0549861648554003,0.0505388358328831,0.0532507329689539,0.0637515852614417,0.0493597181888026,0.0574626704459048,0.0555451860826775,0.0481880174539749,0.0555306712129558,0.0402520386408516,0.0522780661585012,0.045311789354395
gumbel,200,425,1.33333333333333,0.25,12.7703187892636,24.9562780201138,21.8210130868718,23.3673223650329,23.7574533458128,7.35143576246697,13.4132522521056,11.8536255466564,12.6228748591069,12.817045046751,11.5644941663571,25.1027199367466,22.2323559874751,23.2101723315459,23.3885906544332,0.0266560459513108,0.0584404776389104,0.0550323258251257,0.0472543790741338,0.0538630168714595,0.0345128982987933,0.0654904569887516,0.0565313969095612,0.0596538354570025,0.0626973487657221,0.0250400774738917,0.0548553628251206,0.046749850194546,0.0537338678712785,0.0518681409395568,0.0320022115686197,0.0628104601323019,0.0536281409544533,0.0596055845048776,0.0603519247609305,0.0326374403868123,0.06567164707704,0.0571540294309837,0.0617288337533909,0.0619879959526638,0.0290902634336177,0.0669798978194465,0.0551039120584746,0.0633438642797262,0.0628269795635682,0.0311535585599847,0.0620776264451854,0.0535657375727724,0.0584650426236695,0.0591942024261323
gumbel,200,426,1.33333333333333,0.25,8.62328309066831,25.4134772969855,24.291938227684,19.750607140693,17.2391902759346,5.28779458965608,13.6414633456202,13.0838475664618,10.8240686393235,9.57502582931798,7.42866982104806,24.7751250016116,24.0671250071168,19.2551048017716,16.0995963009755,0.020580559146683,0.0684882945670695,0.0640151753040753,0.0532567137790928,0.0472758952438641,0.0236776167114875,0.0675269655058865,0.0643249171498741,0.0528938180812204,0.0467113056350909,0.0199084493409904,0.0618232768784998,0.0590800602519737,0.0468075966727636,0.0395413324400644,0.0207588619727847,0.0612093995596705,0.0577302454857181,0.0469767620852682,0.0406323104645081,0.0213482435017401,0.0646483630667876,0.0615448782197772,0.0501948113076961,0.0436333977187037,0.0240560441435329,0.0534898448519478,0.0434877122014072,0.0508688517076553,0.0281220625544756,0.0214587003543735,0.0623103960987595,0.0584259062712102,0.0485946613369135,0.0416550499178833
gumbel,200,427,1.33333333333333,0.25,13.0097689081334,41.8764860556616,41.9056243613451,33.1627475353862,35.6797068975007,7.46962094901598,21.8306647307209,21.8453807283704,17.4959136695065,18.7480257322868,11.6209483337563,41.8256615322154,42.5401569651146,33.1156523525218,34.8213765796825,0.0370939281951213,0.10898195379219,0.107613096435896,0.0879015801884016,0.0925174526112616,0.0352028473079094,0.107900007404247,0.106381903398695,0.0860269938163263,0.0936429420753165,0.0278291521354751,0.102445016516677,0.103761015644116,0.0766787958950425,0.0839089610184382,0.0326551366413003,0.105197026419115,0.10455065359454,0.0834083078737477,0.0891649502942198,0.0358609294998137,0.10578777104879,0.10514297368511,0.0830783016193505,0.090172505936417,0.0337723081371983,0.0962200933748598,0.0936489779349988,0.0784444039430485,0.0864295408138935,0.0325292571279535,0.105222529087129,0.105183123219649,0.0827087652221753,0.089039250401878
gumbel,200,428,1.33333333333333,0.25,16.1569214473406,19.8457122223162,15.0842421916109,17.6912326210518,16.8122060946406,9.03565851430637,10.8716003077767,8.50315711977139,9.79908713393297,9.3631476326883,15.984579071014,19.7201195321861,14.7330043099173,17.5264860419275,16.1227094419785,0.0404850396512704,0.00701788019081014,-0.0195283177384626,0.0288071266598162,0.0151068566592461,0.043673837487514,0.0482983331154464,0.0363171990420935,0.0457940739406983,0.0353897230856893,0.0395092895991083,0.0477428712061816,0.035386911039711,0.0424710942772791,0.0386125897987328,0.0386389853909675,0.0445121249874385,0.0314713515836644,0.0423388550078486,0.0354175269469793,0.0424180980263529,0.050639390169376,0.0386858296054591,0.0462092867021759,0.0421219348423313,0.0388786550121139,0.0521218979953052,0.0366408998718418,0.0491764331200856,0.0469886505404696,0.0400286695243739,0.0477025648728029,0.0352193044413298,0.0431466638494404,0.0388379033009776
gumbel,200,429,1.33333333333333,0.25,14.5740235071742,33.1312462225991,29.7741432025822,30.1428856146949,27.7095884168461,8.2483804456608,17.4806443277595,15.8109479578047,15.9937491281549,14.7837034234829,12.5990456736059,32.7083615601983,29.8330912783926,29.9975968360956,26.3602787145514,0.0284563556975229,0.073716334434068,0.0682442302216945,0.0670591795221377,0.0543669457305524,0.0347860589195974,0.0821882810040626,0.0731675608785694,0.0763025400598161,0.0661806569570711,0.0359007385257246,0.0822211434049464,0.0739209144280486,0.0737773870590911,0.0669510997330231,0.0363768934808464,0.0811989712390322,0.0713122733869756,0.0744361305940506,0.0669053499252863,0.0385005623529564,0.0822153523373626,0.0709467728519357,0.0747888708846758,0.0696789909066925,0.0341810496764566,0.0706461528705245,0.0611429870746175,0.0681174688214692,0.0524524156339165,0.0354857164643084,0.082397930584106,0.0731181188224703,0.0750279060608121,0.0681023776905213
gumbel,200,430,1.33333333333333,0.25,20.6990796496683,25.5165209330376,19.0919335071585,26.5919535967983,26.0137323371608,11.2953694040092,13.6926716146859,10.4970078320294,14.22730123216,13.9396745376074,19.3521174849545,25.4552495849902,19.0253215734684,26.3337828172842,25.9768309355778,0.0538065929831518,0.0619767311735199,0.0467891362691851,0.07052755414676,0.0639353938186958,0.0490415809011121,0.0602975913539735,0.0471419509822447,0.0608117899434545,0.0615751042656681,0.0540583764998606,0.0666101965675197,0.0494340991140424,0.0695872977525652,0.0680764128816882,0.0497553025908031,0.0616360610178527,0.0447757703094385,0.065447885651668,0.0632510825057424,0.050601658261954,0.0562563613503807,0.0366568506588422,0.0622974911223839,0.0591438906679991,0.0555890281629862,0.0675829095199667,0.0518352266158948,0.0713883748861075,0.0688908086108838,0.0505112513001115,0.0621018283514868,0.0450427589208732,0.0656862495825598,0.0638948001066178
gumbel,200,431,1.33333333333333,0.25,25.7642979917453,44.3809938350966,38.2015236374381,38.1187060355021,37.4441697141947,13.8153885875716,23.0777266251071,20.003720084173,19.9623139936052,19.6272310386988,23.5262491371956,43.983775615068,38.1673547879099,37.521046424382,36.2144349607714,0.0615499931070136,0.112152800897501,0.0990485462751675,0.094995816735488,0.0977860566266009,0.0654924829051507,0.110702699754568,0.0960250517197479,0.0903949299049003,0.092148793696574,0.066611281482091,0.112995680542872,0.0961832733316782,0.0972641128156974,0.0950470965127614,0.0637559422416925,0.10876171190572,0.0926859009187589,0.0934673776514426,0.0895572727718756,0.0654607840878996,0.11061419443209,0.0944106687859433,0.0948477086292817,0.0921926200433508,0.0688364617412237,0.115166325324808,0.0996605525768241,0.0983256840223051,0.0929487077922724,0.0653364348218741,0.110728324677585,0.094701965100778,0.0948523563675845,0.0922097968683571
gumbel,200,432,1.33333333333333,0.25,13.4141226301437,43.8273826501666,44.3350725540957,36.7036122644369,34.4864157225531,7.67257383135241,22.8016313724956,23.0542258714008,19.2578583404887,18.1554768136388,10.6675821211202,43.4834504742199,45.0563368368378,36.3644891382134,32.4656729871489,0.0373804531323823,0.114550131953464,0.115469831646262,0.0965779557639499,0.0909384909554571,0.0248986900022675,0.102301406281949,0.105434960917992,0.0863075478539061,0.0758337194022249,0.0288951873146594,0.110363703338438,0.113063431386094,0.0907084308258062,0.0837347368006009,0.0305987843388651,0.108336664627869,0.109952096924161,0.0896422750021719,0.0836313807830077,0.0339039657163812,0.111651112623316,0.112704928689343,0.0923192997659477,0.0873957266323843,0.0368364448761688,0.113186513017658,0.115320173781193,0.0928171206729947,0.0889530440562131,0.0295576318819212,0.10921145425016,0.110669772087413,0.0901210416402801,0.0833127484099083
gumbel,200,433,1.33333333333333,0.25,20.7080864806691,51.5469095780445,50.8795156509908,35.1714633863678,39.2729723544356,11.3005969145731,26.6423747423183,26.310479167423,18.4955194300136,20.5365646015309,19.2899600843997,51.3448762720009,50.9168893055077,34.9418343510828,38.2489471885344,0.0536894104104226,0.133619137412132,0.131947842756046,0.0924668812176327,0.100738185555227,0.0524962395325278,0.123821393709005,0.122333060087317,0.0819049190835523,0.0958673374891058,0.0506081082683354,0.125233127683506,0.122205025210624,0.0840108641552048,0.0959133777655967,0.0525760921632543,0.128027207689168,0.124932945683045,0.0885219286255684,0.0971246642137359,0.0535786660269071,0.126888360809509,0.123213756146906,0.0870932130673805,0.0974242067946641,0.0208887006545568,0.100016935693574,0.10624158542043,0.0668842938444206,0.0535144704244686,0.050314440472244,0.12798769239005,0.125703954625288,0.0872672776384286,0.0969631302343602
gumbel,200,434,1.33333333333333,0.25,19.3915477677907,28.0972640216882,21.957819749959,30.3842689333195,27.9688491197434,10.6450755492343,14.9761278568848,11.9219143387349,16.1140056453912,14.9127971429648,17.6142951444871,28.1848644022276,22.4357760798195,30.1339373215228,27.0154313093706,0.0289313443213354,0.0520020352187114,0.0366668314721566,0.0670690566155634,0.0381794759857249,0.0459897109731578,0.0690640326265861,0.054117953330282,0.075943337298736,0.0681135227615176,0.0487615242710403,0.070398965045679,0.0552334426112337,0.0756921807847741,0.0687406558346181,0.0488270057818092,0.0683044870785299,0.0522389697898024,0.0746194382041253,0.0676111337489757,0.0485918306514638,0.0706373517794453,0.0551279722838235,0.0758676425986299,0.0693622127387277,0.0443269448462189,0.0745415694046145,0.0596895912432859,0.0782347662609394,0.0705418752410762,0.0472560644558325,0.069247190234816,0.0537829518617686,0.0749137033851608,0.0679105380704343
gumbel,200,435,1.33333333333333,0.25,20.3809954491245,41.6885715758287,38.9590727156697,29.5459936389034,36.8810355452854,11.1369875274356,21.7374629401845,20.379793824514,15.6965880530739,19.3458151089445,18.9378287610865,41.725727832525,39.1416635773412,29.4994352626721,36.4382130415821,0.0394984742004306,0.10907028534046,0.0995496961019876,0.077510001982107,0.0939187170962593,0.0434171101453935,0.0996370560624638,0.0930146210701145,0.0664181228655232,0.0864732821357864,0.0531811782049619,0.102935346978652,0.0927197185563289,0.0737072683156665,0.0930067392965285,0.0510674851276788,0.103989045442868,0.0963617960013862,0.0739849602477301,0.0918101290247174,0.0495669129674973,0.104087256864388,0.0977863576098137,0.072261113954753,0.0910605783953926,0.0559093631311886,0.101917161843138,0.0920889323167757,0.0746676547262165,0.0954586775330194,0.0512582916902966,0.104433592912532,0.0970097104655271,0.0740760304227157,0.0924004188790802
gumbel,200,436,1.33333333333333,0.25,9.09794272565829,45.2513507976285,49.5753140504936,28.9305698525065,32.2243397876245,5.5234367283795,23.5099563210128,25.6614344559443,15.3904856435466,17.0292127304514,8.1219553741916,44.7921623457264,49.7475188279012,28.8224036824179,31.1832240426803,0.0265139449816793,0.117381875682898,0.12664481530992,0.0768523762306932,0.0846269871364271,0.0248121107069792,0.112926161489572,0.121800172542762,0.0736534015358587,0.0804554132591115,0.0265282234380665,0.113695529851588,0.123063277698966,0.0736156464814224,0.082667903316578,0.0222256128483475,0.112992666643429,0.12356334786365,0.0716540993328698,0.0799532942274479,0.0252747496348013,0.111154398810976,0.118742717001673,0.0729233391448531,0.0792753163915076,0.0277420080771803,0.116962909420184,0.125842058711031,0.0768095194613018,0.0850224113857546,0.0228743193129693,0.112336038477273,0.122655712533728,0.0713736145668178,0.0795142315400359
gumbel,200,437,1.33333333333333,0.25,20.2643742301772,38.9077276865855,35.3314257221328,28.6295230195149,33.1630976803398,11.0794272116944,20.3542601408979,18.5752517416725,15.2408427634976,17.4968506543855,18.2383291672009,38.6926932260119,35.3156996133737,28.4372907872049,32.1057645824179,0.0488277936301103,0.0953587435421526,0.0851258110088194,0.0730893935984151,0.074058756782117,0.0455119901939641,0.0983229591422148,0.0904028061217993,0.0730631312018377,0.0802873052164185,0.0498301672984624,0.0961972164119917,0.0862751815146181,0.0703513043150226,0.0809438738070257,0.0491209462345953,0.095923450435759,0.0870096346147239,0.0695112411192025,0.0800883633871406,0.0490165884309671,0.0953561808118582,0.0870869418884751,0.0682805863561686,0.0789225567319912,0.044952891138114,0.0788669624763957,0.0691394254821464,0.059374853412364,0.0583948699095698,0.0494871096733374,0.0971827571713979,0.0881840540579839,0.0713904186969196,0.0816070807809977
gumbel,200,438,1.33333333333333,0.25,8.87447337959987,30.5033942105133,31.8383166776026,14.6636626832699,18.8063061199661,5.41359542239715,16.1732348456125,16.8368904546798,8.29364608252029,10.3548557649777,8.01002762146572,30.324567117642,32.0900403136831,13.9036584514208,17.9031295588201,0.0269738024858323,0.0809444944060017,0.0844000957651861,0.0381730860875183,0.0513386190807953,-0.000167293208431003,0.0552743123609285,0.0665319786422902,0.0160932251089473,0.0172482243038041,0.0178206262296711,0.0753045819841397,0.0806831960469064,0.0334481041953533,0.0428558938202812,0.0207329740155637,0.0757192792523308,0.079960025723301,0.0350065450960391,0.0452202632454127,0.0208982645751948,0.0771827841733726,0.0808795160034373,0.0367699077289328,0.0471249315371538,0.0266647020209776,0.0806863141043443,0.0841309610983559,0.0408889787650979,0.0514734361817009,0.0195690813909041,0.0756081963178716,0.0800538648784642,0.0345543465086768,0.0444353361758807
gumbel,200,439,1.33333333333333,0.25,16.1057148159702,39.1114489172744,37.8712697216049,27.7836721037272,32.0887906848115,9.0114241600103,20.455295903687,19.8381862874313,14.8200241436248,16.9623585935678,13.6332092518381,39.0044357631453,38.4354192199223,27.6089097564849,30.5865422144488,0.0146931889134099,0.0935652327413303,0.0965972236168805,0.0542793217309744,0.0634991335300122,0.0317163570834424,0.0958999960510655,0.0946865058955949,0.0649466253726012,0.0736535954042976,0.0401840683685274,0.0962387391319732,0.0934627967046954,0.0679810746694381,0.0775925609518279,0.0375713126691989,0.0988231050571648,0.0961483354625529,0.0687604598794088,0.0794927332706633,0.0362338283305474,0.0990943664074028,0.0975830014446727,0.0700403466316659,0.0791010238276793,0.0366621980306759,0.0916259759695148,0.0925634850158719,0.059397487109062,0.0719539602690851,0.0359257748423114,0.0978138771992577,0.0952643382165082,0.068738210400113,0.07718810814378
gumbel,200,440,1.33333333333333,0.25,18.9823096297046,32.9517735195523,27.8581255195107,30.4670597749307,33.1926673344155,10.441029876357,17.3907930526571,14.8569385650871,16.1548560289179,17.5107409593891,17.2698054128922,33.0698021089511,28.3272681859994,30.4305328181565,32.6823607908566,0.052312240440808,0.0870386358657933,0.0736829196512448,0.07981479447204,0.0879815982742477,0.0474566052279608,0.0857499659002494,0.0731766047043382,0.0777297404179472,0.0833707516495026,0.0431338845934052,0.0831895153044187,0.0718243454650235,0.0755762365235389,0.0818503863285863,0.0476253381007416,0.0816506260472011,0.0685581776755316,0.0747794484973722,0.0823342142326716,0.0494745746351093,0.0837090727892017,0.0705155071939439,0.0767491122834673,0.0837508395217594,0.0514923787361513,0.0841874907525851,0.0639226472646322,0.0806846569264117,0.0878224014606133,0.0474241195629554,0.0827711057012206,0.0701623679513581,0.0758509658249218,0.08266941413143
gumbel,200,441,1.33333333333333,0.25,21.7615997015826,45.1962196465542,41.3259438371999,39.2406030402224,40.2672640098741,11.8247086024828,23.482541337411,21.5572481134494,20.5196995499083,21.0311318200348,19.2838999030488,45.1612169242053,41.772186336077,39.172299846128,38.8878941499732,0.0433935502158582,0.109574171519576,0.0991553620023611,0.0989838903007441,0.0988861347496951,0.0584817163628809,0.116052997986345,0.10578294157294,0.102247950034673,0.103460341842468,0.0496079300118898,0.113102617714206,0.10412255973113,0.0960800491280575,0.0978707118075816,0.0532665629455728,0.112837111562513,0.101728411737606,0.0983914346670574,0.0997971571761322,0.0513547296353369,0.113165387439839,0.104197876596543,0.0988983395793552,0.0991332605921701,0.0248167047947677,0.111721105477992,0.106679685595279,0.0936331702141865,0.0973153768507648,0.0531352138797059,0.112585527207512,0.102648151151354,0.09763080045887,0.0991315660906499
gumbel,200,442,1.33333333333333,0.25,21.8539016822098,30.9628286898121,24.9699836528512,26.9766067239233,26.9553584819261,11.8702783619195,16.4021951739658,13.4209629980501,14.4188811811837,14.4089881912998,19.8255397977895,30.6184174992743,24.7902460579052,26.5832358820724,25.8139881087988,0.0569541820730465,0.0701244183870278,0.0521237518147599,0.0702930504402224,0.0611355663450928,0.0581166537202028,0.0787301046266204,0.0616847372312276,0.071269750798014,0.0700955939610504,0.0428703299988945,0.0641567520129738,0.0521433930774198,0.0579453148827749,0.0448600677168575,0.0521061667173036,0.0765148776539803,0.0616280648538121,0.0663167070794458,0.0655397551589226,0.0507078111850719,0.0754147804165314,0.0615372227545895,0.0634850245883901,0.0630014456889142,0.0340818874577493,0.0585977889621915,0.047727330929689,0.0561761959391165,0.0478411786936353,0.0534677441380194,0.0759533148122169,0.0609976224310521,0.066072713079464,0.0644504806058155
gumbel,200,443,1.33333333333333,0.25,10.5859460580335,33.3793888767614,33.5659261872414,21.1684803730865,25.4157983958984,6.26424158323586,17.6037015354029,17.696562598867,11.5290724483229,13.6421304047998,9.23276963393832,33.1259272751279,33.8582161959711,20.9160537302992,24.496751350984,0.0275859036230847,0.0704946949733461,0.0725498078130506,0.035802148077186,0.0520647238101555,0.0293993130131091,0.0876013728946261,0.0878996533675602,0.0565371684020169,0.0669039050057601,0.0272216784591552,0.086769049711296,0.0876716902414967,0.0542076707934455,0.0662132072936192,0.0265103099013893,0.0821921917155094,0.0819114032128441,0.0514142403877602,0.062241139114453,0.0277237675195958,0.0841973566029488,0.0843823256673874,0.0535328077895922,0.0636418224414439,0.0261735070291148,0.084138559115232,0.0856827305461807,0.0502121970463719,0.059679877096828,0.0258964805053127,0.0835124032676424,0.083971311586211,0.0522352170885747,0.0627335488855837
gumbel,200,444,1.33333333333333,0.25,37.9675810644872,93.367175750033,93.595602434312,68.4487153820981,77.1248480045484,19.8870898620799,47.447237359924,47.5605941674894,35.0508743285055,39.3681214669388,34.2471770771386,93.1700014476042,94.4063068263783,68.156601798081,74.3131502889618,0.0999164322479431,0.237387657533246,0.235421939938861,0.176121536035253,0.19749502639504,0.0918758003112687,0.233791312890328,0.236524848274816,0.169405570513105,0.184435922861734,0.0951143783064663,0.232602160775321,0.233548215684575,0.169568867739565,0.192274431282624,0.0917035202660982,0.23415055502243,0.235703734516303,0.170213489618318,0.190227543242654,0.090952526334307,0.234710463730427,0.236656984351815,0.16955702761667,0.189576615514665,0.0987344171791668,0.238171335527357,0.238478470286399,0.175783650533099,0.197546884690432,0.0927096791787531,0.234432342356799,0.235906255113749,0.170567384673235,0.19027377963592
gumbel,200,445,1.33333333333333,0.25,15.9666293003708,58.7952153272834,61.6100564529877,45.0998744569615,45.4266679945287,8.94243134975568,30.2478282879193,31.6480572872948,23.4348489638216,23.5979813155516,12.7023070626721,58.2784328607433,62.3882446902732,44.8809296513535,42.9095651665852,0.034585875181833,0.133522912038307,0.139474784557357,0.106460508823383,0.0938383378390791,0.0401278253438214,0.143069983634764,0.145969978508341,0.111489611693398,0.113543085131491,0.0341721350279734,0.147781151954348,0.15661171340698,0.111504684790084,0.112188598047915,0.0316718608309417,0.146955928449328,0.154389079377652,0.111719916724172,0.109534328399946,0.0410275890257379,0.149393623508041,0.156030738804869,0.114609312972768,0.114627898232359,0.030906927643091,0.15181293801113,0.157798722079126,0.114137650511279,0.117436154570578,0.0363597595898644,0.147069119438106,0.154257507280466,0.111857238699284,0.111299139842258
gumbel,200,446,1.33333333333333,0.25,5.70038546445546,36.3117998681139,39.8725075603678,23.3477335623996,26.4324959736468,3.83391745872978,19.0621520637759,20.833643022031,12.6128138671635,14.1478126358466,4.29314841368731,36.0577815885964,40.403598819871,23.3766286194732,25.0389500630247,0.0192253715567716,0.0890826612699611,0.0953846078212546,0.0543407424706671,0.0687786570957394,0.0154762208479255,0.0930706843308191,0.0992964007439785,0.0587853473781762,0.0679018310821409,0.0157232472809417,0.092127713001646,0.1016238050912,0.0571648121316415,0.0657984446547251,0.0155121848921404,0.0915739078372225,0.100026818071834,0.0587061743452138,0.0666411612673097,0.0103603581132248,0.0923767075820226,0.102493272695193,0.0587418376924985,0.0639815777469275,0.0179788334461448,0.0923124664556942,0.101355704260705,0.0574305761223756,0.0691151983775714,0.0128734996466391,0.0922427518156199,0.10139675802813,0.0587787308740117,0.065871272116117
gumbel,200,447,1.33333333333333,0.25,4.18425876047692,21.9879569158096,22.7571837150897,16.4028489865928,18.4270139296159,3.07903603279071,11.9360572486748,12.3188346207813,9.15788401677682,10.1647045517337,3.69596786272997,22.1511678237376,23.4510571697503,16.384992369059,18.1299391031316,0.00780153914896487,0.0428298970816967,0.0472421199087637,0.0292840599930995,0.0356260394359636,0.0121451729423715,0.0580183289653727,0.0588666856889006,0.0445039816907701,0.0494452341117338,0.0131283301132567,0.0544876542616726,0.0548183788133717,0.0414086357967723,0.0458898222063843,0.0106841142923305,0.0561451263246617,0.0577170818125986,0.0412276968729394,0.0472053051409335,0.0107316740918744,0.0549419372922998,0.0561262147628566,0.0390534407074071,0.0454329360474064,0.00899114238622496,0.0548824355591091,0.0583928830977021,0.0402781716213239,0.0479911927062271,0.0104977305478533,0.0552590233075513,0.0569350956684074,0.0407761608103111,0.0461188911217584
gumbel,200,448,1.33333333333333,0.25,5.30363787666382,19.8023851123516,19.9202910309969,12.3415665003905,15.6566928539031,3.63586552794161,10.8490712065711,10.9080694827891,7.13724584110216,8.78660731534171,4.84582988486205,19.7393395803792,20.0153222111614,12.4341261966386,15.3514432603224,0.0115026125139762,0.0544769193324973,0.0539677401671981,0.0357508573902006,0.0419609243466558,0.0160507148273514,0.0511563119244285,0.0508428949143767,0.0323241319437439,0.0413618598548184,0.0152536046828305,0.0534522674267313,0.0535940407386449,0.0339848720337608,0.0427654923344331,0.0131873464822675,0.0497269856314156,0.0494093898629061,0.0309892642736053,0.0391240674681254,0.0145608687259433,0.0509922425667241,0.0499945446867542,0.0319770012629715,0.0402868587632009,0.0182549231839989,0.0337444174830683,0.0134591058775867,0.0300355141613257,0.0384114297505351,0.0140426358031755,0.0496668260797342,0.0490913689593095,0.0313468046438546,0.0395172316396291
gumbel,200,449,1.33333333333333,0.25,20.5597177240175,38.5769240982775,34.805523072787,29.7045361652981,30.1905106082524,11.2277036675573,20.189896889972,18.3134811475366,15.7759046434633,16.0191441290549,17.7025999413399,38.2495350669623,35.129103613724,29.3501630836102,27.8977570650999,0.0346372082274329,0.101018971508322,0.0914008077283416,0.0774938106637155,0.078131269253863,0.0508485171897889,0.100092983129083,0.0905890404117282,0.0764993336752714,0.076896731894105,0.0481050386629704,0.0989376449378376,0.0902018959035279,0.0766676588807987,0.0743798894820062,0.0463875455278046,0.0950639420305823,0.0859420095392334,0.0732641811239558,0.0702311398718996,0.0481484169971144,0.0958522162510756,0.0866910706974347,0.0746450024485334,0.0711957344335181,0.0455409719644619,0.0942735991036295,0.0873158566280596,0.0697288400812234,0.0669770651590738,0.0454578746262703,0.0940245590535789,0.085608370294189,0.0719346599328204,0.0686138399014955
gumbel,200,450,1.33333333333333,0.25,13.9805435936255,32.1691857096643,29.226101112731,28.8391865177786,28.7478638959936,7.9539945874649,17.0014188780078,15.5372532500923,15.3449187376969,15.3002105668137,11.534714380812,32.1715650508019,29.882188594181,28.8631598658432,27.317634461675,0.0355448301991415,0.0854131874271615,0.0779484010513248,0.0738223014867001,0.0763336869742767,0.0358472933154586,0.080319869124221,0.0701986946786833,0.073417654271234,0.0719759585349063,0.0329662492792148,0.083345513077728,0.0758829831490415,0.075949280346278,0.0736384602719236,0.0338088501752084,0.0820423216341447,0.0738856924923232,0.0735732250226233,0.0716657480527041,0.0360474562886239,0.0834634887368986,0.0757220550163822,0.0753143328485053,0.073879103087977,0.0205747009643984,0.0712906305389087,0.0686645748928288,0.0571327618269688,0.0725204406190239,0.0325597626486537,0.0807734406748626,0.0735918837369112,0.0720275953324446,0.0704690573308648
gumbel,200,451,1.33333333333333,0.25,4.56281486009815,36.63509939525,42.3443037554904,20.864354393992,24.0112248657016,3.26721730141319,19.2233943658336,22.0640608845903,11.3776352903343,12.9432742925593,3.95682558002786,36.1719134641379,42.4966956622954,20.6590548083673,23.0050742114586,0.0131359473383522,0.0964868315252249,0.109678864772263,0.0571445536368321,0.0649736141971532,0.0154501385765784,0.0934684827586053,0.106797354748793,0.0555459733088246,0.0617004679321578,0.0120586427332122,0.0923605160408084,0.106458390764174,0.0522435567584271,0.0598668578858688,0.0138903595614433,0.0939134951589733,0.107164534924048,0.0543243400953652,0.0619470570636045,0.0130122282974987,0.0912102068668358,0.104658649324566,0.0516979740360428,0.0592383773860513,0.016066806268678,0.0940723977059648,0.105543102494803,0.0564419596466464,0.0618786392929497,0.0129821184231694,0.0920006038030573,0.104690349637638,0.0530068649939563,0.060663930262973
gumbel,200,452,1.33333333333333,0.25,20.1599371122604,32.0683645310654,27.5622732579202,25.7522065037804,32.954903594204,11.0266740807595,16.9510398950585,14.7090681514487,13.8094586930733,17.3925796467131,19.6932923224585,32.7981090353804,28.5490897192474,25.5240878331899,33.1652888035645,0.0536715878068403,0.0763437239436052,0.0650012752743432,0.0566553843358962,0.0772296443081219,0.0482378274811416,0.0819240223891539,0.0721580249108243,0.063148008930496,0.0823312966119549,0.0498204302329781,0.0806637404364959,0.0705909634626242,0.062662866792684,0.0817357790128426,0.0511621442740326,0.080888183646284,0.0697933975722856,0.06486681647529,0.0827952669405905,0.0495190381661503,0.0790636684557386,0.0683714568173319,0.0603849991263602,0.078738597630788,0.0480182872876805,0.0688487767396496,0.0616758041629432,0.0447862302173234,0.0681173567099648,0.0515040493278628,0.0811863604206505,0.0702249925631742,0.0637736611974205,0.0824326027103068
gumbel,200,453,1.33333333333333,0.25,5.90605965086964,32.8878039124764,35.9302409014596,17.3593441929264,20.5549894071333,3.93703617220345,17.3591118935803,18.8723479088501,9.6343271276431,11.2247142978481,4.33685436283999,32.6369076446072,36.4982199046836,16.8964594684756,18.8907459800599,0.0172915810780663,0.0867969612827136,0.0931440414565719,0.0479648348082173,0.0558799604291488,0.00399965239493666,0.074884898537867,0.0850348674063612,0.0363797018861116,0.0364171895205934,0.00177910101297581,0.0808593365771395,0.0921367698706057,0.0381437824854204,0.0424652144407459,0.0113630995362563,0.0837583494082798,0.0922450971464479,0.0434741516278254,0.0497863453074803,0.00739493356300772,0.0810400080680335,0.0911223473415071,0.0407826312751541,0.0441414809905273,0.0108083462383685,0.0840831155085179,0.0945148508682865,0.0437956220301688,0.0523460597848744,0.013024301061432,0.0823762753893645,0.0906368611373573,0.0420906880333051,0.0493106123078611
gumbel,200,454,1.33333333333333,0.25,27.9474900970288,36.3559984851801,28.3671399525391,33.0935884108447,38.7861729835551,14.9010598240155,19.0844169268065,15.1101541546994,17.4614802348851,20.29359099032,26.2281736886239,36.7473328938177,28.8230735707379,33.1143957893225,38.6679803626541,0.0593392684112929,0.0957872499095668,0.0741034512349598,0.0806833798105571,0.0979160901634243,0.070422774855666,0.0904339898452472,0.0715694981885243,0.0784372314934326,0.0947397989414162,0.0707523897128551,0.093032930516905,0.0725167430342883,0.0848282744588477,0.0991855907806522,0.0715186968146209,0.0938179395019732,0.073582881251997,0.0853919869686943,0.0993812692890298,0.0713699812835467,0.0924157947831877,0.0713008382169119,0.0845004759799849,0.0985695071481801,0.0579465495757961,0.0954109343618215,0.0746069610834307,0.0815471265707472,0.0960805155123668,0.071168604369515,0.0919688696386734,0.0713476305376491,0.0836582757847448,0.0980355513378052
gumbel,200,455,1.33333333333333,0.25,35.2620865187125,41.8869133494375,30.4278921154531,48.2639303904926,46.4630516334393,18.5404499865106,21.8364051274476,16.1360864423671,25.0087625961932,24.1132670928737,32.255972478627,42.0758881409982,30.8668508603366,48.2997163723895,45.7719024812423,0.0931033008866324,0.0772909296462323,0.0308921580584937,0.103861620502305,0.0954442713447375,0.0917116613986111,0.107435519100147,0.0777410609902217,0.122717911177149,0.120445573850147,0.0878145921381125,0.101335946316618,0.0687776323708565,0.119606440084707,0.114571393801976,0.0880251145345106,0.103367194169585,0.0734003734675228,0.119915831354689,0.115084224081746,0.0854198089262373,0.107246769247398,0.0786744278525478,0.122170059023664,0.116828212187194,0.0931376046206435,0.0796323616145377,0.0425815945504334,0.0936355970041809,0.0916846805830115,0.0873921223826932,0.10447255214316,0.0748591532110093,0.120637427654057,0.115160999288983
gumbel,200,456,1.33333333333333,0.25,28.5435104359468,74.4220740924866,74.6768584061869,56.7153300701174,55.9087399290839,15.1988863168719,38.0231453287605,38.1504635806942,29.2137350803178,28.8134853819108,24.9615229828875,73.2203020114906,74.1777922815489,56.3405614030519,53.1479023098875,0.0705161049794711,0.190815551664761,0.189336218103656,0.146492488592983,0.144331024474302,0.0675387891819066,0.180878101119175,0.181702686114689,0.136688929819278,0.128897995702576,0.0718976909845359,0.186856457261401,0.185792806231444,0.143383023236833,0.139415279100497,0.0694354146457113,0.180912468105907,0.178233199345505,0.139268754021109,0.13196231518289,0.0689934583971854,0.184341369020865,0.18356298691609,0.139845912277801,0.136843797391467,0.0700486958831359,0.190101640583811,0.191557465757473,0.146115118238071,0.142845823361509,0.0685550007168896,0.184809843106353,0.184248339025517,0.140705520305231,0.136982813960081
gumbel,200,457,1.33333333333333,0.25,14.3960269862536,30.1859763899791,27.6516669345686,23.1399244472111,27.2513091175906,8.15888040749867,16.0150940713684,14.7549430148414,12.5094328428347,14.5548161323813,13.4667017239682,30.0663351482223,27.6200845817208,23.2070219965355,26.9839388046154,0.0370416820486635,0.0788431851609782,0.073758638532645,0.0553158962460984,0.0717897627144838,0.0387544790037857,0.079852963587156,0.0732699090006438,0.0616292201584359,0.0726265278263998,0.0382187962940731,0.0772646389992518,0.0691126255571441,0.060167614933499,0.070443036731517,0.0363068315043665,0.0758680999620792,0.0692069480372368,0.0584257489066917,0.0682250224998527,0.036802385694333,0.0769223635946709,0.0694644435782884,0.0602029363103341,0.0699890943861823,0.0398020508965795,0.0665135187429053,0.0483088318765773,0.0602512775362628,0.0650457560978903,0.0368860609733994,0.0746781646815406,0.0670946917537401,0.0575645680230665,0.0680096721883947
gumbel,200,458,1.33333333333333,0.25,41.6607623954055,70.1659249883104,61.3032003652385,62.7723885645733,69.860278526769,21.7235718357732,35.9047023575058,31.4958122081406,32.2267354639592,35.7528986152126,38.5984433033384,70.5516676742986,62.1406991393102,62.6606341270158,69.1470574699331,0.103994260395084,0.180273691630786,0.15784065926558,0.161536722696172,0.178232681283742,0.106312011382511,0.174647943034351,0.149831884047122,0.157457125093416,0.174607514495609,0.106206427088534,0.177407990361575,0.154390483652463,0.15650220120235,0.175608373913238,0.104937990613104,0.176208507715942,0.153524075797824,0.156873328862686,0.175159865077163,0.106384260317842,0.177342915284551,0.153983047644426,0.158692421758532,0.177177929480921,0.108436975650322,0.180375589966981,0.157834330318214,0.157819771474967,0.179292042742623,0.103515242744055,0.175620803181757,0.153224623539086,0.155946429887684,0.173635019666761
gumbel,200,459,1.33333333333333,0.25,28.4210919631686,44.292197499259,38.966733826508,32.0384273088322,37.9912992071592,15.1378088619496,23.0335334881768,20.3842996660331,16.937223609083,19.8989050350148,26.4356473256308,44.0674103715921,38.8188185054698,31.5318031898265,37.3650315430945,0.070366119349109,0.112405651618333,0.0994949538563858,0.0839815447236503,0.096643142739899,0.0725635601927936,0.110031362393712,0.0974286944633436,0.0804375222315336,0.0943967161801425,0.0696147555551232,0.110522350384161,0.0958170157100336,0.0801284837772666,0.0942087177113354,0.069124803826478,0.109529093399029,0.095888878365813,0.0791937374680287,0.0929102059014238,0.0676830477366731,0.10802386741975,0.0955032937168424,0.0769187702913391,0.0921652964298287,0.0570831587608475,0.0969957644476099,0.0876327564387788,0.068019237609419,0.0836825215102164,0.0690798572938266,0.108838600405237,0.0949903953677352,0.0782871462135161,0.0931781708506321
gumbel,200,460,1.33333333333333,0.25,16.7213417017458,56.2580985195016,58.6945144754291,36.2552098056455,42.7876852361502,9.31673802082233,28.9856708583101,30.1976720937327,19.0346863763525,22.2846760525762,14.7580243570102,55.9311222402828,59.0572679626062,35.9627397873389,41.5445197501725,0.022456859312635,0.145297038131006,0.151730951052827,0.0953926014106071,0.109710306801907,0.0456050132441475,0.143869284618975,0.149417053310405,0.0928829371526686,0.110722370017132,0.0429477186010974,0.141644391610584,0.147276214712409,0.0923904995669794,0.107983873418044,0.0415193897016468,0.140862259535742,0.147162778440502,0.0900126112678245,0.106381553595744,0.0413008935068282,0.140936121875321,0.145358348056867,0.0912516316178411,0.107688061429772,0.0464541042949687,0.144899153240928,0.150903431088142,0.0944479012463687,0.110131579565087,0.0411740159857256,0.140647934849542,0.14673988341555,0.0901029439184085,0.106140302038312
gumbel,200,461,1.33333333333333,0.25,10.882497412359,49.1088162352672,52.016643307108,37.802238312933,31.3625772184701,6.41268591080333,25.4298921390957,26.8767835701439,19.8049055539842,16.6019807474225,8.41601350435532,47.9242744727385,51.6680509766582,37.1813818373008,28.951676450373,-0.0452268709384798,0.0361373929498199,0.0333251326081103,0.0502003861609499,-0.0436014142595399,0.024911590127164,0.11999846575993,0.1267562022623,0.0933252128746743,0.0768340805192991,0.0276451551229254,0.12178805837268,0.127132460514456,0.095927313025927,0.0762468020675778,0.0264473080385879,0.122586996422949,0.129419275340941,0.0945191166716125,0.077374054002943,0.0208985549860226,0.122244260683412,0.130652743462638,0.0927549429996173,0.072139364681831,0.0319249031608599,0.119738292437766,0.125743277521887,0.0904973185908143,0.0812131730275313,0.0253584726905938,0.121681673700649,0.128526864913953,0.0932912008165421,0.0753997110123894
gumbel,200,462,1.33333333333333,0.25,18.3878642672927,31.0199821814066,25.9715698554409,27.637292640737,29.4768697972319,10.1457977709225,16.4298360259133,13.9185275301111,14.7468048082347,15.6630219694522,16.286394713542,31.0432892094797,26.3021005448849,27.7969835154116,28.0749095783432,0.0502502975683533,0.0823285695692645,0.0698761539396955,0.0715660867984494,0.0786915029485683,0.0492772303380207,0.0797725420590124,0.0670482479219604,0.0716322963640997,0.0751228450394814,0.044082807154194,0.0759344165551889,0.0623197605294979,0.0685026903808932,0.0680640127044717,0.0471000969368776,0.0784409365062121,0.0653049274677317,0.0701298099494106,0.0728997107219411,0.0434418163489559,0.0784339746665217,0.0661331556180065,0.0678656554981931,0.0729032558774296,0.0508998805632043,0.0786707511033425,0.0652583101350598,0.0664617946920955,0.0709575939442192,0.0450154572669762,0.0779804821288114,0.0648914507468265,0.0698098848131619,0.072174877106356
gumbel,200,463,1.33333333333333,0.25,35.3286755486486,53.8322891423219,44.6214662268609,52.9563619351246,54.8077500693564,18.5737660494361,27.7789801282235,23.1969763825384,27.3432113314724,28.264536658521,32.3531244001565,54.0910924542434,45.1871405961953,52.9615454981885,54.100789570034,0.0836986766271932,0.114728622365237,0.0941864280447357,0.107695535793339,0.112064972169837,0.0917428542342832,0.135234001801886,0.110052088906303,0.136274733778331,0.138915076622327,0.084534498520575,0.131094615718379,0.108508470649268,0.128876645935832,0.133546561170952,0.0897188378476012,0.135330884930266,0.111471372820866,0.133135977791794,0.137698921260169,0.0921593956194081,0.137872384186803,0.113721210445364,0.136232202552282,0.140749763301014,0.0928137271866441,0.13741049555435,0.108760029934594,0.137370112732515,0.141919836737517,0.0870774939545975,0.134439824689885,0.110587457888727,0.132680923056824,0.136426005282195
gumbel,200,464,1.33333333333333,0.25,13.1588294764665,43.3582465437237,43.677060915806,31.2573795997281,34.5432891365211,7.54399052157322,22.5679319659724,22.7267340921507,16.5478782393649,18.1830448923347,11.6102378677571,43.1465771263843,43.9928815969068,31.3166047199988,33.3422869191576,0.0300704538742038,0.113141407899404,0.113930628426262,0.0826147185447041,0.0874572502185323,0.0318963341524204,0.106815249261539,0.107878745986543,0.0779222094735261,0.0854270015780458,0.0263763945176189,0.108241894710944,0.111207812231001,0.0744566560766993,0.0819149829829501,0.033581510812237,0.109624531102403,0.110033981988575,0.0794269360202915,0.0865932293064085,0.0324674384769353,0.107057159941138,0.107252583734607,0.0785075033771428,0.0838781201084463,0.0375186733983345,0.113386217331847,0.114139132212994,0.0829866478815292,0.0912928060206783,0.0328094525151787,0.109125542704045,0.109530934391184,0.0786983602740209,0.0856779755450242
gumbel,200,465,1.33333333333333,0.25,8.92629613912555,27.8768178523923,27.2756887781663,21.327996324445,24.1856130608758,5.43862500368795,14.8659119363684,14.5670813381417,11.6080100195835,13.0297504015911,7.53628239368151,27.8668940034558,27.7541030261902,21.3866092931579,23.488265727008,0.0243988244802186,0.0735443431944384,0.0729521381291067,0.0525442851091105,0.0623110941684945,0.0260483255774701,0.0699328943263198,0.0667309679293828,0.0529543325517326,0.0637529793317698,0.0194663784278411,0.0722048218274691,0.0710574463552757,0.0533610535031414,0.0618051933084558,0.0220025500311897,0.0689867365106495,0.066285401982092,0.0527387623270426,0.0599726960677534,0.0200259105343133,0.0690502275756757,0.0682452322554894,0.0516257861937784,0.0574797529722247,0.0193261411965749,0.0698027198520827,0.0716912766356863,0.0442506957619593,0.0532507891335367,0.0219586652106856,0.0701623354000486,0.0682759047099633,0.0533091851362462,0.0603447744091088
gumbel,200,466,1.33333333333333,0.25,8.5849258262072,23.7682632911648,23.1544685011167,17.5844230143681,19.0908552095028,5.26822448773194,12.8224714240643,12.517553014646,9.74590475055532,10.4954042851424,8.22788102898547,23.6875318985825,23.2977135053166,17.419334892943,18.8563701465823,0.0249770067510566,0.064341415664832,0.0620449974148937,0.0485240640007933,0.051463128244958,0.0238999845526498,0.0629987475570707,0.0591789804558997,0.047471648757503,0.0515330680703908,0.0211731200412597,0.0564500322872238,0.0538420292666534,0.0428686029004016,0.0449090817581053,0.0228368811729806,0.0586567046117317,0.0559800566961715,0.0434028281465251,0.0476680491872418,0.0231012283195058,0.0600616630545451,0.0577548147743493,0.044794407985434,0.0491267106154071,0.0231325572291241,0.0528978905425023,0.0470440943601949,0.0414363734844373,0.0473769643065715,0.021708796555071,0.0597632234980687,0.0575201950067627,0.0442226181013981,0.0479894500873889
gumbel,200,467,1.33333333333333,0.25,25.7792400126275,40.4167676475874,35.2764593262879,28.1083489419738,38.2317841476896,13.8226457219567,21.1046171341116,18.5472553831796,14.9815442172767,20.0180160175552,24.0894137035723,40.6949273113771,35.7961025776203,27.928500846328,37.6713186920338,0.0633857703854808,0.103744802410517,0.0930289948591802,0.0729481555946949,0.09486653396447,0.066685187719859,0.102900999775384,0.0884774401066576,0.0726866298980395,0.0972571081569189,0.0682577908093048,0.104036017878368,0.0904839164811907,0.0731245121224943,0.0995660106880741,0.0651009748033543,0.1008561816917,0.0881426990322829,0.0695424905129524,0.0942706953620233,0.0632902628150478,0.101882191301203,0.08963397469115,0.069335740602862,0.0950523950852852,0.0694135164197611,0.101476168358076,0.082902014356061,0.0744849081585484,0.0975399735078512,0.0637694051125548,0.100781517131124,0.0881315767880527,0.0689351816355786,0.0943231210932481
gumbel,200,468,1.33333333333333,0.25,16.1441624858972,51.7085372429432,52.8691495098822,38.8478944989714,41.5991002789778,9.02924424087551,26.7224356252104,27.3002768173375,20.3244045181937,21.6931207810764,14.1443963938725,51.1879110414203,53.1105852854091,38.6774037271782,40.143263580892,0.0433736423520195,0.126120256882422,0.123611805063005,0.101725875781652,0.0997776822783077,0.0389218757883743,0.132523793365167,0.134847071512647,0.101000958482967,0.10602153269743,0.0419340843555467,0.132529889914949,0.135246285812409,0.0998257924326536,0.10736742466671,0.0410603413436574,0.128954997731755,0.129974189979942,0.0970919734322059,0.104662863570718,0.0385018134023489,0.126706972148373,0.128856459276799,0.0943661377808236,0.102740438323625,0.0299932073049976,0.134249810644346,0.135302415174742,0.101964259382076,0.108997452163548,0.0404147682240869,0.129190190365369,0.131521048348583,0.0965284539656972,0.103477257115582
gumbel,200,469,1.33333333333333,0.25,16.317360556961,30.9800471486312,27.0317264668038,27.7381632762433,27.6030488201138,9.11507194806349,16.4103770692387,14.4465295771527,14.7974306283229,14.7306018886022,15.1085491815295,30.8501722148509,27.1915866097879,27.5641651572456,26.9192596123929,0.0368353644628037,0.0809019464288225,0.0724880052686613,0.0732394885329065,0.0683244331746783,0.0415014577228781,0.076711011810881,0.0665929347628897,0.0691946961284007,0.0691468735092571,0.0408759812188829,0.077506233369293,0.0673262218495224,0.0704374173986133,0.0680435815254538,0.0415622051862366,0.0791956904829592,0.0691590259900407,0.0700121900831904,0.0698367080108447,0.0420540794506796,0.0750566671802176,0.0621738892306351,0.0691803038300649,0.0682030469863737,0.0457849100635197,0.0808588262454917,0.0694398100386183,0.0741393932083209,0.0728253956309484,0.0417954503235248,0.077564750699571,0.0664218490255536,0.0693795843542301,0.0684322130595723
gumbel,200,470,1.33333333333333,0.25,3.32306032209323,21.1943540088537,22.546301261748,12.1781227596306,15.6588219324939,2.65033098525713,11.5413546120815,12.2140976403374,7.05602919252072,8.78765183859787,3.11954067862914,21.2240275840641,22.8972242627563,12.2096447310043,15.3621914612547,0.0122432734482511,0.0519480066399994,0.0498773242865874,0.0340987302525511,0.04187388275147,0.0123795282659826,0.057419401181673,0.0604665502484041,0.0342981228947059,0.0433425523256104,0.0104768046470448,0.055137042086904,0.0587234977301931,0.0326922579082698,0.0407469430862301,0.00764695656717146,0.0525788027399718,0.0557881109961202,0.02872983444997,0.0385581220794989,0.00752621880737424,0.0518371510527489,0.0544643327273733,0.029452986178887,0.0373308550401123,-0.0209104407481711,0.023309783652031,0.0368358934748732,-0.00836320408625407,-0.00126924868091212,0.00985567446966572,0.05393069585943,0.0569355749512869,0.031041087769742,0.039673630700268
gumbel,200,471,1.33333333333333,0.25,30.3685408828284,47.0575876810289,38.3198122059912,48.5985956317311,41.537752565094,16.1063943373374,24.4093923948945,20.062681534791,25.1758651811894,21.6648642371726,27.2648624771679,46.647818667616,38.3107607164225,48.1822128720984,39.391123455083,0.045040844973148,0.121227244728063,0.100693618594407,0.11938473194849,0.102635829977473,0.0713042277480861,0.118486786255085,0.0952484986371674,0.119808472129908,0.10032903167439,0.0737279024910139,0.114986152097278,0.09352411497699,0.120141249216414,0.0941338034782156,0.0739237298045486,0.113644204942732,0.0915045109224328,0.118241628235878,0.0958426682641599,0.0773352503244038,0.118770262172287,0.0961462807149057,0.122146019899376,0.104527257605774,0.0806204255304448,0.120962130332613,0.0992710292999919,0.122266593076304,0.108328234877957,0.0750429918181718,0.116576804281748,0.0943390967602754,0.120529302687304,0.0993695348733522
gumbel,200,472,1.33333333333333,0.25,26.9857750492215,62.7072553907065,60.3841045532642,49.3677649683386,52.3923426595706,14.4230358159843,32.1945173057511,31.0389999713521,25.5584155650348,27.0631233183617,24.9101731013174,62.5286980242855,60.7977860291236,48.938528624942,51.2937812892373,0.0665191106918372,0.161766948150897,0.15469915655271,0.127605455917339,0.135508878163135,0.0662688306447849,0.156721154609225,0.147075204412981,0.124402850412579,0.132418929451521,0.0683905753741166,0.154815064094038,0.147654598391283,0.121172936627024,0.129516619789661,0.0674384819902237,0.154943804271351,0.149334826178525,0.120277014438368,0.127817350375666,0.0679781838034078,0.155659566148324,0.147340451889242,0.123533011084612,0.129982990476057,0.0116119511486195,0.130469635608989,0.138882431373636,0.0988873200671086,0.09514006444846,0.0677699183051417,0.156418299532103,0.149624758494315,0.122484450851744,0.13039074694594
gumbel,200,473,1.33333333333333,0.25,9.95867841734853,27.9406660411027,27.554577460787,17.8206311041299,22.3962729833151,5.95249248696458,14.8979423210175,14.7059396889047,9.86351786358416,12.139808760253,8.57060378644238,27.788060176949,27.7747409544755,17.5803638970439,21.7679554236358,0.00485720895779408,0.0577619522459821,0.0622847024580025,0.0327213213590699,0.0401470843215318,0.0192808937758216,0.0725808722098433,0.070299866777816,0.0456051692451468,0.0569440182330211,0.0243900537339417,0.0719997289430417,0.0704578593902286,0.0463989763394508,0.0573284600871245,0.0223755524209416,0.0691805384541717,0.0678690413952508,0.0446001614508185,0.0551643514101092,0.0240871854832301,0.0652784055368287,0.0641318529958177,0.0379887088531627,0.0522610984960674,0.0200797695670242,0.0461822670592702,0.0433849977584596,0.0277189426304562,0.0352193092107228,0.0242271251184917,0.0701687432608308,0.0689417295885193,0.0441593256299755,0.0558078828863381
gumbel,200,474,1.33333333333333,0.25,19.4803602805752,23.2976465078488,17.5557295095239,22.302369362405,25.670065337946,10.6889181159923,12.5880644065326,9.73178044356792,12.0926587857497,13.7685022808378,19.2395198824362,23.7818946387925,17.8379719156072,22.4768781305591,25.9260875173261,0.0536977339521527,0.0631888242979683,0.0486497177422539,0.0590495738821304,0.0691427156262976,0.0479587921179846,0.0591666606933114,0.0454528198322578,0.0592767826749965,0.0669031424867262,0.0479445344067068,0.0564929824698099,0.0419847283832712,0.0567751283536525,0.0629596539915533,0.0504658904078564,0.0576065495777716,0.0416986605401138,0.0568756533247163,0.0640380618616524,0.0467910655551641,0.0588042512588601,0.0443931518204937,0.0562557152072818,0.0633623191948066,0.0476651163795086,0.060894763503226,0.0481597955385989,0.0575241494363118,0.0630211466964038,0.0483243193543605,0.0585431453530363,0.0437368321101699,0.0562353862525162,0.064062322950547
gumbel,200,475,1.33333333333333,0.25,25.8843279688502,48.3912564438005,43.9146116824616,38.283120317819,42.8669908687545,13.8753274322194,25.0723782695345,22.8455277976168,20.0436552584083,22.3241833703221,23.5109363282966,48.1814517300017,44.040539133148,37.9840628147874,41.9846816112252,0.0464137637518294,0.116825137939332,0.10676902615794,0.0934220805010547,0.0990561290634935,0.0647288745764083,0.122068376356386,0.109146697833212,0.098329551766559,0.109802702326326,0.06755525998523,0.123677268886523,0.112259706221142,0.0983021883706035,0.109277927998152,0.0625888731945341,0.119130995295568,0.107310002337862,0.0937469806522003,0.105051109964404,0.0598016741808317,0.119956718389288,0.108965242752969,0.0946342571373196,0.104604889044134,0.0692094041075806,0.117928772523107,0.104826585303043,0.0928273021372197,0.109801123810684,0.0639833173270114,0.120364662712094,0.108904907056609,0.0948656857284758,0.106237381985154
gumbel,200,476,1.33333333333333,0.25,27.8115290769825,32.1619320765774,25.0714870552954,24.389852827258,31.2969729591333,14.8343725293307,16.9983771141027,13.470803623705,13.1319663700027,16.5682406690925,26.0997251697612,32.3269193597419,25.2392635264595,23.9970987531043,31.1479660000073,0.0737085689218502,0.0843324510339284,0.0675970526001622,0.0627814350809634,0.0813861125651407,0.0638025490959738,0.0748985619358409,0.0584238449303014,0.0553714117830366,0.0737821533167974,0.0707141867606524,0.0800248984125746,0.0613981215354714,0.0612265347630298,0.078014014569886,0.0671368202328171,0.07971111626406,0.0619058673034568,0.0604479106147778,0.0773273840569741,0.0641268419224217,0.0802881795991974,0.0638409182043862,0.0578760176894526,0.0758433815599659,0.0560280808034677,0.0551050458293957,0.0447132402932968,0.0351366119817927,0.0554987872877276,0.0683881384596636,0.079035620317854,0.0611685351014634,0.0593532912803745,0.0767098682715811
gumbel,200,477,1.33333333333333,0.25,13.9213775614065,50.2425976421455,52.6519791125926,33.6870841266643,37.015866071696,7.92378169457543,25.9931690519378,27.1918183698073,17.757196500665,19.4133816042366,12.2014928206597,49.8106401056706,52.9503968098728,33.3316855732185,35.7184005834968,0.0397814571521181,0.13060543976094,0.13624688346517,0.0858760803748574,0.0971728671376787,0.0361761161138256,0.128058116572356,0.135282311624637,0.082411639046989,0.0916505717855457,0.0314997104686604,0.122387761280884,0.128757756887028,0.077803236381632,0.0897747223480838,0.0348520632365493,0.125881342433664,0.131895926198896,0.0834349416749316,0.0923972002977397,0.0380100510542127,0.129179751379557,0.134858913699548,0.0873849606459047,0.095713449623443,0.0378439148997877,0.121331049090567,0.119723655041843,0.0792142882223381,0.0946299353300264,0.0332364486511015,0.12471234832929,0.1308107927719,0.0823480524341405,0.0903922719532577
gumbel,200,478,1.33333333333333,0.25,2.6475762003527,13.7399425170335,13.4759846186973,10.5166179285508,9.56121959143972,2.31504806501263,7.83328610319899,7.70209532035577,6.22981097741984,5.75460466407173,1.87521838795224,13.5408606849661,13.7204157564859,10.2870935562158,8.93388739992526,-0.00625150398164066,0.0385227707519684,0.0322485021785688,0.0312912529333284,0.0285856081873684,0.00353414284604502,0.0337075737913315,0.0337836369468749,0.0243863783762597,0.0215200038737932,0.00810733875465447,0.0358967436390762,0.0355406366169044,0.0266088939339336,0.0246719303950736,0.00350958435218194,0.0334144628727901,0.0327176352361512,0.0242624829449756,0.0219391594760203,0.00321469415694676,0.0311284400348728,0.0314930497288838,0.0226925475625801,0.0194201448558559,-0.00578150121885672,0.0377201646933593,0.0386397732982097,0.0265569201563086,0.0187693545634734,0.00538879168509259,0.0330628820410869,0.032118751842217,0.024813183619553,0.022396510849324
gumbel,200,479,1.33333333333333,0.25,16.824061516898,43.1724861262845,41.6538690726738,33.2957137334905,37.7558321518144,9.36739795916225,22.4754282812357,21.7201546744117,17.5618947173533,19.7812413945626,15.0210933000477,43.110371316918,42.1213831281194,33.3722043463615,36.5185614789301,0.044609112354902,0.107722140075633,0.10228812226063,0.0828330840912818,0.0912527436428866,0.0436899320237488,0.109136565833024,0.105500950824732,0.0837275054062177,0.0957379743141222,0.0427282339958903,0.109043209358764,0.104901847517587,0.0854999141029302,0.0935780824198268,0.0435840324846583,0.109594366085022,0.105438785362293,0.083395705970309,0.0951415581419152,0.0427054198182565,0.109242020880269,0.10569790066052,0.0838028403169016,0.0924559117065528,0.0470592381989487,0.102728004109526,0.0925692321448862,0.083494358889356,0.0930195030692996,0.0421443436319552,0.108802165344427,0.104693158892453,0.0833912570946111,0.0937933698111462
gumbel,200,480,1.33333333333333,0.25,16.6791579305664,36.0094804154108,32.7687735793993,27.2920607564972,29.4636708463735,9.29539074485509,18.9124350577028,17.3003700974899,14.575633182559,15.6561858920125,15.1642179627067,35.7164807433825,32.7186838308421,27.0261814201075,28.5852247081867,0.0344012298038943,0.0627985246672061,0.0471771511694558,0.0456143607280537,0.0621501006810039,0.0425309671613206,0.0926748027008084,0.0832692640734074,0.0723900015093979,0.0765038341596669,0.0427393556912358,0.0909652943374088,0.0826391734266529,0.0693674961777201,0.0730247886961334,0.0434924361470696,0.0911313670000486,0.0826456422870285,0.0692658910997833,0.0741203042329428,0.0383731743771909,0.085384010688402,0.0775327432699264,0.0622778283478488,0.0692169599881398,0.0231825865275306,0.0646793369946796,0.0556246732874634,0.0516786027954691,0.052854585635403,0.0409583055395603,0.0893546362847683,0.0806800840880979,0.0671665136206505,0.0724544363019508
gumbel,200,481,1.33333333333333,0.25,14.978109292384,21.6976105571247,16.9131687192141,20.3451203162971,21.9097861648149,8.44917357585476,11.7920784747663,9.41180342776146,11.1195743231924,11.8978736447225,13.8642555374568,21.8847940982279,17.3051207205463,20.0738525751613,21.7301709482908,0.0419976750604372,0.0583423589675029,0.0444198221834625,0.0558627492806984,0.0596790258116524,0.0387647410475378,0.0565158946558927,0.0435525422772615,0.0537529909759494,0.0574276859248091,0.0376321827011937,0.0551972756211824,0.0432908710117368,0.0511105640303082,0.0548002617747971,0.0363690232443987,0.0540765072628281,0.0422116763671432,0.0492438407766429,0.0536099691086288,0.0370267181388333,0.0562686652093832,0.0446373505982295,0.0515218141517088,0.0560005935935965,0.0326282924593329,0.0515423666204994,0.0434795427199609,0.0370819666861192,0.0495285206662912,0.0368551242813979,0.0540246974446804,0.0420626380965533,0.0500571343249417,0.0541438038822888
gumbel,200,482,1.33333333333333,0.25,7.06242585711271,22.553914374347,22.4336489998831,10.9174249069695,15.2391507374098,4.51065498382317,12.2181698883968,12.1583550673773,6.42917606099139,8.57944277049506,7.04604684074435,22.4473499026997,22.4615501306481,10.6907923757855,14.9110982119386,0.0217631253606689,0.0413758395611345,0.035790414185286,0.0165370313072749,0.0383591777745402,0.0136267256903223,0.0510933820582763,0.0535088635015048,0.0227839874677939,0.0263708829222431,0.0150499842458825,0.0528554658194107,0.0533421332545724,0.019692461882792,0.0334063742273734,0.0174651167477182,0.0541714322913074,0.0534215667752645,0.0257133344257697,0.0353299713297286,0.0179099262213981,0.0553035839049946,0.054500053376769,0.0263387970555702,0.0351114685039217,0.0211458992281908,0.0596063065113024,0.0564830177367017,0.0322686243746697,0.0428553071767824,0.0188415845730885,0.0560228224401815,0.055782196148348,0.0263737532030512,0.0368918412870103
gumbel,200,483,1.33333333333333,0.25,6.48141697968648,25.6451725060414,25.6543287464568,18.7418737845131,18.0134876860838,4.22284818446577,13.7560263416314,13.7605106033505,10.3218749572601,9.96032655267125,5.23120999574381,25.4511633597939,25.9366506630831,18.5121179570554,16.6292243788366,0.0204182391550813,0.068015293634935,0.0689158774597666,0.0463130172338359,0.0500233365538215,0.0181248723761468,0.0670593627298285,0.0676495687568919,0.0465504267233643,0.0457569609361125,0.0143520634061315,0.0641768788105797,0.0646441115233864,0.0450753317356636,0.0422662776793763,0.0144124917121492,0.0630292229193595,0.0636309652247796,0.0449164701453379,0.0416555184169974,0.0153201290610318,0.0603853181867931,0.0600810882222448,0.0433465021571958,0.0401419961197616,0.0199642380630846,0.0691118440420313,0.0691033385429702,0.0516196853510113,0.0500160434515262,0.0146289305535457,0.0638491319878944,0.0640697444584489,0.0462589903250549,0.0425700857994004
gumbel,200,484,1.33333333333333,0.25,35.3982802384158,63.1288126492689,56.1681317607452,54.108610602254,58.5791720237989,18.6080258236503,32.4040647434356,28.9414190358777,27.9166411621701,30.1410331670056,32.8191027829161,63.2210231058398,56.5348767707709,53.9384511348047,57.7591192949214,0.0934956186449824,0.162490458774249,0.142804565200934,0.139945078138737,0.151318248068302,0.0898754407438033,0.161540974968724,0.145067835116477,0.137158717545105,0.148046874238393,0.0904389413094575,0.160234428621268,0.141288879905791,0.137945884583197,0.148172799013839,0.0868086090631697,0.157292175357448,0.13902437265349,0.135592931013712,0.145338227080907,0.0896950048400755,0.157604410744837,0.139291831708452,0.135049982453494,0.147275686201038,0.0778341836678593,0.114766488964904,0.0983589727118779,0.094855605908063,0.100633456412217,0.0886800443701887,0.157742766918057,0.139942870985045,0.134774417285625,0.145510017618337
gumbel,200,485,1.33333333333333,0.25,3.24632963970349,21.9009839629434,23.9811581927792,11.2153485266026,14.3608065652543,2.61233241075824,11.8931975105233,12.9283023638808,6.57724374675265,8.14214268335574,2.84176674694794,21.6679098146086,24.1240719278867,11.0804365285365,13.778821566476,-0.0108503325798444,0.0391556493300471,0.0481498126614391,0.00505632175396405,0.0131313963811049,0.0117293564462879,0.057968621866388,0.0616394506028818,0.0309696104085573,0.0394247958354379,0.00591162204231919,0.0504621437712317,0.0549622834122206,0.0239618213995203,0.0303347987082228,0.00823327737399927,0.0548225050307059,0.0591885859420487,0.0283102100389592,0.0364263442080302,0.0101841101743067,0.0574824360309246,0.0618033736013967,0.0309352330756835,0.0383060666917507,0.00465262091329666,0.0549553665649476,0.0622357268692473,0.0238009367071856,0.0289742323116447,0.00965903758225228,0.0556929825724302,0.0601100593916779,0.0289031268183784,0.0366507439943431
gumbel,200,486,1.33333333333333,0.25,16.0497012118263,33.7571558825769,30.8712120725545,26.7060870447646,27.3055604382417,8.98280399147587,17.7920444652862,16.3564992116631,14.28411103026,14.5829691883314,14.0685721250005,33.4190247936797,30.9249359034736,26.4191964044953,26.0226244093954,0.0383919087760711,0.0889619580977265,0.0821562099880248,0.0711562701370809,0.0631859751133157,0.0385336100166224,0.0767022944612643,0.0654196449386031,0.0634192345668068,0.0637101282924671,0.0385502495012769,0.0847234062880595,0.0772281931431184,0.0669615188998725,0.0665653027258162,0.0379133581612453,0.0835738645296653,0.0758929390846159,0.0662906671631257,0.0660652939075826,0.0398591450343298,0.0856529806034551,0.0784713346574951,0.0670253006439285,0.0671839127457622,0.0448193297258939,0.0857309027257057,0.0742963072209202,0.0715430244745641,0.0706274451726357,0.0389063682899778,0.0835175493204879,0.0757408371122082,0.0659826053117373,0.0665007478901689
gumbel,200,487,1.33333333333333,0.25,10.4222083893736,6.81822167820425,3.13931377594847,8.88609650317983,11.7243522359862,6.18252547116843,4.38939311852552,2.55914821266632,5.41834469087058,6.83013240920945,10.0086285723715,7.27021767285323,3.65391572081531,8.86428956677202,12.1055936048092,0.0304064743089505,0.0168197562887857,0.00565033085472599,0.022907916818351,0.030532847284409,0.0212990810110992,0.0122729603397799,0.00563856506176428,0.0155027660224791,0.0239228006545086,0.021919631161837,0.0200587760055601,0.0117123708447763,0.0232229106201558,0.0299537089460809,0.0280610844411924,0.0169715266333246,0.00638334157519005,0.0232030374008445,0.0306566277490019,0.0247886641092907,0.0188602461286076,0.0105297070818289,0.0229084549272869,0.0295419327806047,0.0286019945105804,0.00859242506109252,-0.00112537178242519,0.0144488424001224,0.0249947678421662,0.0267247285020674,0.0184442252129328,0.0089345473240127,0.0233059886300858,0.0308902641714709
gumbel,200,488,1.33333333333333,0.25,25.7746087719035,50.2083107398358,45.2563047719946,42.1883438331764,47.4575538444327,13.8196900124679,25.9758407320141,23.512506628425,21.9861548581946,24.6076180933309,24.1638548638257,50.4436686646844,45.8564417645392,42.14454164323,46.9540471076308,0.066689301856326,0.129952659273579,0.118132706125938,0.108801332941892,0.122131929646935,0.0660417255801874,0.123807732877834,0.108510676109157,0.106475485022559,0.118006625647098,0.0646819189435527,0.128197319259938,0.115142992540097,0.106219041380654,0.11966111937219,0.0664485005275339,0.126417361069613,0.113233605021979,0.106642258649408,0.119468762651829,0.0684681860805166,0.128260755713611,0.115013640113574,0.107874387053773,0.121763211954538,0.0643786462802324,0.123270720580621,0.114641309766513,0.0890715704011449,0.113278403476245,0.0660009185961082,0.12677247138526,0.113515009316141,0.106599564243079,0.119430486269246
gumbel,200,489,1.33333333333333,0.25,19.728918626173,42.7174827358024,39.0799646687689,39.3014304937853,39.066569968389,10.8126027205684,22.2495436915681,20.4406183251264,20.5497249062981,20.4331609629936,17.6948013925453,42.5031639356955,39.1839794627082,39.4032210060104,38.2309084967008,0.0506713659055438,0.11079984443393,0.101676543217818,0.103175567163083,0.0994687121881392,0.0487261404084348,0.107537581715305,0.0988275660687745,0.0976953549554132,0.0981053223225182,0.0511777819912568,0.104376323504607,0.093272685885702,0.0982047247767588,0.096805995635731,0.0467883681524876,0.105895203140827,0.0957236512126739,0.0981186831746873,0.0962869074634992,0.0498255422045552,0.104766907392016,0.094397755999056,0.0961963905812227,0.0958110606765295,0.0215259748077561,0.0867706993513065,0.0794804793642853,0.0862255221387943,0.0622585237661377,0.0496013061356987,0.107481355550272,0.0969993747791797,0.0993734606987799,0.0983137106951535
gumbel,200,490,1.33333333333333,0.25,8.60353343361223,23.0554859029514,21.3675746471845,19.4860152847532,17.198522440148,5.27826599285848,12.4678396415812,11.6280963730567,10.6921743452868,9.55540716324792,7.20189109104418,22.8836716064859,21.8255394481609,19.1775054888424,15.6237126316411,0.0252998673609093,0.0625482253256362,0.057290005007795,0.0532316983055206,0.0473637373727991,0.0195266263108727,0.0591375162422854,0.0536672614719602,0.0517902246913574,0.0430028975140138,0.019222472567671,0.0510962971199639,0.0467113531048977,0.0429426811283197,0.0310114402276274,0.0207489404610069,0.0588799222426438,0.0550541426293541,0.0492569640640232,0.0413573990850515,0.020499160612015,0.0552424525802261,0.0503925836849601,0.0470064149374168,0.0379661875445424,0.0208137927102298,0.059145265561154,0.0554332587896664,0.0532164886064448,0.0408582239218381,0.0206050064175069,0.0569879556990259,0.0527182817823719,0.0474568003847907,0.0395972452078103
gumbel,200,491,1.33333333333333,0.25,16.7507928390247,19.8343601195591,14.2456599246912,20.1968281080562,20.8709690153393,9.33111721161158,10.8652803728201,8.08494644262346,11.0457856944869,11.3813078124032,15.2383093645447,19.8497610814371,14.4107281581855,19.9362485808374,20.2585953034198,0.0468727894956533,0.0545451109595979,0.0394606052317205,0.053807249547835,0.0566533317810668,0.0361795728878233,0.0476562332287453,0.0361103656459474,0.0420100070606915,0.044684236172884,0.0380369191922532,0.0484071654002566,0.0346223752503199,0.0487235238300131,0.0488248085573136,0.042556838849942,0.0485929122742432,0.0343623863838149,0.0498104769015925,0.0515736134421091,0.0414500239690258,0.0474973021701271,0.0348674229242256,0.0464187662404463,0.0503555435805467,0.0401187059649041,0.0474090359596598,0.0358076717596234,0.0396267712452069,0.0471104271950071,0.0412797453038383,0.049344974244313,0.0354068361571634,0.0493604161939562,0.0509641013986028
gumbel,200,492,1.33333333333333,0.25,17.4649389079393,27.1332510199483,23.5107851773266,20.5828794217069,22.4463414405974,9.6874581083154,14.496803125997,12.6943865249409,11.2383164679916,12.1656803028027,17.5089746979507,27.4284777065372,23.8979177666433,19.9499942400582,22.2255446913295,0.0482130378742593,0.071595388582669,0.059477480074695,0.0563868939591332,0.0600518759043566,0.0448331198881009,0.0706837128938591,0.0624510983261021,0.0545403306814431,0.0585466073127424,0.0378345704048125,0.0632897118810439,0.0547109825996623,0.0456556560665617,0.0474980670141318,0.0395111986250816,0.0658042842323223,0.058114511031444,0.0483648670394458,0.0517769264373395,0.0420366316927221,0.0667854444157531,0.0574011109015533,0.0501572511083287,0.0539114035692173,0.0348433004450828,0.0534596218600301,0.0410480645014783,0.0464874515890389,0.0427315171993808,0.0409156373271563,0.0666155776394251,0.0582664003127259,0.0491543020649318,0.0535609526052027
gumbel,200,493,1.33333333333333,0.25,17.2450046587852,22.6546056762845,17.2972283877735,22.5007976200335,24.6556971471217,9.57699428978766,12.2680852048433,9.6027773887998,12.191969163443,13.26385530194,15.8572760284782,22.9107579609682,17.8778016475009,22.2500264416573,24.3328965429254,0.0416313792886248,0.0202357158491372,-0.00113465682212588,0.0359765226349913,0.044182131309988,0.0449576735080751,0.0614672717404071,0.0478764450233575,0.0592057251484332,0.0657198308500234,0.0417883384513445,0.0553274870926085,0.0428176950133903,0.0549729756084916,0.0587301443515711,0.0420331823834527,0.0569897042389132,0.043803154532614,0.0554112171044303,0.0611330292231661,0.0442257290188846,0.057234886051208,0.0425545898135323,0.0555957220679422,0.0626857852591197,0.0476592861355483,0.0613631258378578,0.0479670049528658,0.0599904885819952,0.0646744703295845,0.0422090111488101,0.0554558637358056,0.0420629640260731,0.0543574756778081,0.0604306911125176
gumbel,200,494,1.33333333333333,0.25,17.3938051737683,36.8236472477481,34.8510904863919,22.6250952731247,28.2799310342633,9.6513703285164,19.3175346714542,18.3359850812337,12.2541601798841,15.067598913425,16.2300729731357,36.7544392439619,35.0796353502959,22.06832761752,27.6032588991495,0.0309042434892892,0.0619628582670301,0.0547859860134429,0.036568938506717,0.0563293801882638,0.0478947015289195,0.0943924941418578,0.0881441930333764,0.058180642330605,0.072203035261083,0.035379184420814,0.0858379863905995,0.0820085309363014,0.0499291732375169,0.0633518439278789,0.0428257851902507,0.0923578872203213,0.0879961859447068,0.0558554376971663,0.0693272291017281,0.0442897555109287,0.0936315857801154,0.0892597226633903,0.056520829263094,0.0715867431936348,0.0440934609479853,0.0958254225924414,0.0891423244159125,0.0614240641535822,0.075568381894398,0.0422396069474099,0.0914921930751633,0.0871357729353927,0.055266966709022,0.0690491256615398
gumbel,200,495,1.33333333333333,0.25,13.4565367207056,30.013814175684,26.8507038736808,27.3399042096984,25.6956668271276,7.69227989726694,15.9294706742916,14.3558593307739,14.5995376894945,13.7818297624863,11.9300387129521,29.9069641883076,27.2818773441246,27.0052310184592,24.7402060965571,0.0385934481573852,0.0677823550336924,0.0539498778740164,0.0624118952440839,0.0591109744623975,0.0270232024073943,0.0691207877919536,0.0637928792273355,0.0592395565553325,0.0529257329411495,0.0370477469716759,0.0789328360819883,0.070637384271875,0.072587599981523,0.0676454502157658,0.0335356934872524,0.0743020572825967,0.0665900038086751,0.0662197932029925,0.0629551740712888,0.0331371486354151,0.0741648610096627,0.066346390984759,0.0658799906554068,0.062127326668655,0.0371046625547853,0.0792646418576361,0.0698409808717195,0.072491396537005,0.0687718488602341,0.0334683205701758,0.0748557450010206,0.0668413159612481,0.0675586552425896,0.063019168433097
gumbel,200,496,1.33333333333333,0.25,12.3150632840072,33.7692451333471,32.2559348554819,30.1651053112302,28.4966199007307,7.12443957954431,17.7978644262283,17.0456991039658,16.0043657317276,15.1747867716948,10.9878164082735,33.5404729807066,32.3439522127588,30.3204837763885,27.7053332012602,0.0247324477979027,0.0845567228867502,0.0804227816120077,0.0799438691247058,0.0716381323942805,0.0297006043477014,0.0788369266049942,0.0730443689355707,0.0736029582616619,0.0676916157910976,0.0276436093805038,0.081210964337105,0.0760698686472705,0.0736208635778264,0.0673270630670792,0.0293067685731482,0.0844052387162356,0.0801293715931593,0.0760334518719911,0.0703135336114887,0.0290378144163689,0.0826474905178028,0.0783182673697196,0.0730143174181547,0.0693346890802519,0.0308111171139811,0.0687022610652752,0.0602184324508476,0.0717499888622628,0.0518178317660583,0.0311332191346858,0.084762465114705,0.0793534135888022,0.0765910064705115,0.0715585401543233
gumbel,200,497,1.33333333333333,0.25,17.1610594158229,39.989371872691,37.4336404473679,32.2452279205328,35.2579406636635,9.53472333149327,20.89202683515,19.6209109307388,17.039314121093,18.5385246873455,15.7786420240255,39.9742232607817,37.8737569987887,32.2843905163847,34.44513027717,0.046922545322618,0.104442454028655,0.096683109698248,0.0853803830559086,0.0931336967492861,0.0392573301925641,0.0990714064459183,0.0921082052976251,0.0797131937839093,0.0848373424804353,0.0414045804301341,0.101084247669961,0.0948107567630578,0.0797420313377171,0.0863922330109134,0.0433776314944065,0.100721572186677,0.0935947817824807,0.0811933067370183,0.0881961926970652,0.0433108982313557,0.102204190756294,0.0952433393490706,0.0831047945456602,0.0893121085879798,0.0428595115960907,0.092729718534021,0.0849111715277538,0.0741941245433755,0.0861986654898318,0.0435580199590207,0.0998631115966912,0.0928738794593335,0.0803363086501483,0.0872258675886575
gumbel,200,498,1.33333333333333,0.25,4.77065576102056,30.1230339279225,32.7792844626671,17.1217424607042,21.4116752574366,3.37163246927966,15.9832467132792,17.3047208363583,9.51529214098295,11.6500614817405,3.35323970881926,29.9780491260175,33.2897645803653,17.250436210922,20.0767692080265,-0.0671701238514579,0.0488412076952836,0.0757112482335132,0.00912191224245495,-0.00944543265424731,0.0109692944347516,0.0768350228826316,0.0843256571567577,0.0451327154522641,0.0526490627449845,0.0154235582643102,0.0783017220282011,0.0838178892876557,0.0461186319284916,0.0575619322786129,0.0090836435157933,0.0762446435197406,0.0831186967673861,0.0433662484514555,0.0526528527932985,0.00593893149396489,0.0748139293168634,0.0831644009342514,0.0402587459566983,0.0487689315376006,-0.00800614382529232,0.0743056950747574,0.0852775798983005,0.0383679153463875,0.0431886857376935,0.00976174697988324,0.0760114117529272,0.0829091077994291,0.0431222568890832,0.0526673537384657
gumbel,200,499,1.33333333333333,0.25,10.1397684841972,22.3080554210851,20.2860950150937,16.2031651499146,21.3238182547269,6.04194707993155,12.0953297443256,11.0895450691021,9.05830609030972,11.6058764409371,9.19424010468915,22.5058350009446,20.752977302217,16.3508892135928,20.9606431477666,0.0287553615495625,0.0567727491341729,0.0518558602495727,0.0399026345661661,0.05488099934807,0.0251869300093511,0.0555072048454748,0.0514404944198429,0.0379155044090369,0.0526616302914568,0.0226542686173401,0.0551694518582893,0.0506526859078046,0.0379258366094149,0.0508997495130174,0.0244400290371979,0.0559296245336718,0.0511295536739682,0.0396059770666262,0.0523681386471653,0.0273834532464835,0.0576068127865007,0.0520915438670446,0.0432951609769237,0.0549556163309171,0.0168393031313038,0.0604677304328466,0.0551428368435972,0.0445785262173801,0.053563544328863,0.0252445986579384,0.05632993825082,0.0510291654859915,0.0408913480203409,0.0534530564320729
gumbel,200,500,1.33333333333333,0.25,20.7536841631869,21.150427309465,15.6689048226586,15.5701495777173,21.6189671709326,11.3226385686462,11.5200483698574,8.79282495695245,8.74409785756616,11.7533701532214,20.076138266246,21.442376279748,15.9740956650469,15.2050614398666,21.7537187902086,0.0553885275275832,0.0504529204851811,0.0356350055715333,0.0408235734418829,0.0566810920035892,0.0490777063504052,0.0516826211409107,0.0389806861905128,0.037797174277194,0.0540907750662713,0.0541140133648334,0.057029505869455,0.0433361051251065,0.0424512094594395,0.0579354910011066,0.0531152524929201,0.0528394314627908,0.0394840095205853,0.0386021714791214,0.0532934865505488,0.0511811640261155,0.0535459819179836,0.0408621693710967,0.0379574237924982,0.0542354684619014,0.0568463046936835,0.0575870209385368,0.0438701118109277,0.0436786284965675,0.0589533084038633,0.0517234574097205,0.0526972302876674,0.0394021380401287,0.0383058504494177,0.0533224994397344
gumbel,200,501,1.33333333333333,0.25,18.225097921194,60.2106728311901,61.8302547436819,43.6217101133219,47.9841015855076,10.0646433361749,30.9519171187667,31.7577284598222,22.6992006208083,24.8697080200006,15.9165823238886,59.8202341928508,62.3472541358537,43.5913387040395,46.1654773708715,0.0395936802419673,0.136391082315687,0.147161080503129,0.0774952869823241,0.0973839370760911,0.0417331696062114,0.151163151203249,0.157038706851838,0.109068964988764,0.118378580755788,0.045977737623833,0.151787845103938,0.156300315013967,0.109499647502816,0.120570233206731,0.0470055767919519,0.151331812410583,0.154663336598208,0.109358558049814,0.120600795280174,0.0433853475411299,0.152063575825727,0.156821506880974,0.110112542707921,0.118682317238396,0.0407998412478904,0.151072846562556,0.157756191116478,0.108496512838999,0.116883588973236,0.0455262445182384,0.151033949130042,0.154961652731013,0.108785061785116,0.11956077212687
gumbel,200,502,1.33333333333333,0.25,11.5014919924544,25.4344124206531,22.7577597078956,19.7822578864458,24.3184751197698,6.71901870948171,13.650663729486,12.3191889679686,10.838842783153,13.0956582634706,10.955138245654,25.7982114019346,23.3022738938613,20.0016538810145,24.313383206817,0.0330172265055884,0.0685594990184242,0.0617263778856906,0.0542399333786481,0.0649256259319071,0.0297125011059137,0.0677670250119396,0.0612385183239757,0.0525387836951995,0.0639238883106485,0.028570788660673,0.0613344308847399,0.0538480288650489,0.0479175653018187,0.0593005374807144,0.0293318952618264,0.0659831211999386,0.0587917125705079,0.0506680506615975,0.0625211385512405,0.0281015315469894,0.0649303570008179,0.0591981781336425,0.0492403499025666,0.0598335965014298,0.0283960706416717,0.0672787071025304,0.061020981768191,0.0533309882878916,0.0654397969351785,0.0291667672002082,0.0644374986400447,0.0575954657976744,0.0498846800590696,0.0610089230539037
gumbel,200,503,1.33333333333333,0.25,4.34475599861002,16.9908034536004,17.0262274985509,8.41628134066457,10.9130121430514,3.1588224377882,9.45056310838881,9.46831760811951,5.18474785956968,6.42722295311459,4.07846248989755,16.7955487676597,16.9779161240125,8.29013573536949,10.3642166347926,-0.001626004870199,0.0462626576514443,0.0473951131130243,0.0180732526063801,0.0250972169026154,0.0143412175469342,0.0467603989827332,0.0460397993169399,0.0232573652363547,0.0313351941034249,0.0113486752805938,0.0417653902242299,0.0425502993047099,0.0183887119818222,0.0257194063936995,0.0117585399571031,0.0445134811039743,0.0445330275015345,0.0224211413398086,0.0283856707439126,0.0116718581292248,0.0428072789779743,0.0417444952636962,0.0210943476195432,0.0277797586500087,0.00623105079161419,0.0280685759409806,0.02914967325576,0.00420818734302001,0.000851488264753832,0.0116215410725982,0.0431534369380571,0.0430386480876006,0.0214361968514549,0.0271896519265236
gumbel,200,504,1.33333333333333,0.25,26.1514254251112,47.1628456648156,42.6208232441829,38.4569133915375,42.555750845868,14.0081931337388,24.4612376108436,22.2019521416912,20.1299790562516,22.1694261467551,24.361236768962,47.2270957005048,42.7665157495656,38.2428948022626,41.9681724431138,0.0699487207285709,0.122881254917076,0.111093209491028,0.0993262106866203,0.111387961953636,0.0574218351002871,0.114277212152768,0.104570941804223,0.0872195251410973,0.0998084464756409,0.0605013994706998,0.11664623539876,0.10466464821765,0.0918843744190746,0.102702623194617,0.0641305807959852,0.116773793143758,0.105031874319565,0.0945157230427585,0.104432836767116,0.0665319625200897,0.118124584761408,0.1065421298465,0.0967467523913721,0.106438639295607,0.0511931389701908,0.109970843142499,0.100734337066714,0.0881491289522281,0.0988198840679621,0.0646806730311206,0.117831785783136,0.106040069539647,0.0959000015077698,0.105610112030556
gumbel,200,505,1.33333333333333,0.25,26.3169027707988,55.7026070662817,51.7719646657717,49.7813022992658,50.0426418779678,14.0911548078338,28.709445033008,26.7539429629457,25.764113725247,25.8944169130064,23.3111339658424,55.7385989952205,52.639121787749,49.404369829494,48.5160119944321,0.0593423936225453,0.125160505150683,0.112278851061531,0.117587486610713,0.104875178623835,0.05857061494093,0.140931330121834,0.13198205255712,0.119506435287858,0.118922585298502,0.0644695763375435,0.137854783079651,0.12728828701095,0.121786700186342,0.123537580288948,0.0627273383744407,0.138904715432751,0.12869770172963,0.122298162612092,0.123660726097568,0.0593427343723589,0.140041531563287,0.129187394716922,0.124112678814297,0.123819498061248,0.0706767555120487,0.134234969329387,0.123880489218677,0.114358316518634,0.127974415967792,0.0639498514906475,0.140080337700199,0.130416315703202,0.124288419414019,0.12420847180379
gumbel,200,506,1.33333333333333,0.25,14.7528348517032,24.9734745725894,21.6685192169026,18.1499507693792,22.2931317405652,8.33707387274374,13.4219673414625,11.7778629906486,10.0274196794011,12.0886652885534,13.7362949936373,25.000997081965,21.8792272733206,17.8655448151437,21.9831371705223,0.0402936705741394,0.0506397185527656,0.0455550531742997,0.023089119393757,0.039695130851496,0.0410132124138234,0.0657277702112427,0.0565603497269577,0.0491611129270855,0.0586916988824047,0.036295611708336,0.0579535430448046,0.0490914975362879,0.040684265788794,0.0520599999881729,0.037765494081888,0.0626838082413896,0.0541256858939179,0.0462388874419411,0.0555463843609832,0.0394796207277845,0.065055312976718,0.056317658302467,0.0465062788557325,0.0579644842608196,0.0393910331230284,0.0470906621410408,0.0301134396117361,0.03120268900316,0.0459122605826443,0.0363147964839825,0.0613282128140705,0.053034136179145,0.0435718028441087,0.054202790429845
gumbel,200,507,1.33333333333333,0.25,13.8488683729932,46.1696476272484,47.4060540595672,33.9544377765386,36.7856128479596,7.88752643343852,23.9667729824771,24.582291549849,17.8896645716517,19.2984961410453,11.9785643479378,45.7566503933844,47.5476833013276,33.9714654507519,35.4434739804697,0.0357312888969328,0.117524173462151,0.120749343185601,0.0876820502562344,0.0962606864984825,0.0383970229833941,0.119820105340849,0.122723615894204,0.0878682809212586,0.0963629976321221,0.0344392117753219,0.116105440052476,0.118100313015163,0.0859750414843801,0.0930002899250279,0.0336296103852643,0.115767594873374,0.118421244310978,0.0848804346626237,0.0919520443713062,0.0345594156052625,0.114645439008176,0.115696468895549,0.0841561604867162,0.0914800679209049,0.0368986315989153,0.109515823023979,0.0966302041274674,0.0854719839989829,0.0910283818616313,0.0340384467653251,0.116040458634238,0.118502785780517,0.0852541227999768,0.0917965404687536
gumbel,200,508,1.33333333333333,0.25,16.4724339743104,60.286253391631,63.6445681131922,42.9016303976147,46.4274130543385,9.19296242692799,30.9896562174125,32.6605322955833,22.3410465316295,24.0953911053352,14.1207473483013,59.7095902055625,63.8742098237767,42.7593614390768,44.6315779743905,0.0433924233594591,0.15562141746615,0.164109344901764,0.111067911711668,0.1179564804982,0.0388875329440605,0.147589646932396,0.152607881546902,0.107957699948796,0.114618345170796,0.038936435735218,0.150928983445234,0.159107500058991,0.10709892148542,0.114523294368667,0.0418660810304213,0.151499974316916,0.159056881406546,0.107309415257185,0.116339661747443,0.0418630924172728,0.151695099213957,0.159844520621693,0.10894666902061,0.116416927802729,0.0352768793067477,0.141618107427372,0.148640098531957,0.105978785316009,0.106846026224205,0.0405869656576178,0.151781267164718,0.160332440053652,0.10749140501292,0.115880523057924
gumbel,200,509,1.33333333333333,0.25,34.0958715344249,60.0930271897323,52.8101552013323,52.0048964759456,51.855540959522,17.9614425912782,30.8941769186757,27.2709640804706,26.8705952559788,26.7968880759858,30.1811893013639,59.607076419502,52.9624856636046,51.4708223191952,49.9056616261347,0.0824989608150686,0.149562086983519,0.134311070565584,0.131863937356233,0.130548002245411,0.0772086473333582,0.145384998883613,0.12593603492532,0.1249527202162,0.124422508514751,0.081777009615079,0.149063033105838,0.131616689828479,0.129840664450035,0.125932015819651,0.0784875109350462,0.143687912470556,0.126389367105565,0.121468879939996,0.119054119867459,0.0804100970004501,0.149109258246722,0.131692628744788,0.128145421933906,0.126414790300187,0.0880380152919649,0.14930895409934,0.135188708749124,0.102864329270644,0.127544079433523,0.0823492687920283,0.14869538439411,0.130630815260856,0.127601140463004,0.126419742035781
gumbel,200,510,1.33333333333333,0.25,33.6579443288129,53.5641166751714,44.7995561011768,51.9208207593618,53.8500082191108,17.7429622214453,27.645354313967,23.2850392475773,26.8282468366602,27.7883217354395,30.3012851531393,53.6732267750848,45.5450079728551,51.7735227401404,52.1040868536115,0.0870362916201178,0.137649884255127,0.113892155309483,0.134245453829637,0.139461637536826,0.0740216464938813,0.138290720494569,0.11508445117164,0.134228204429545,0.137191050753812,0.0840926027218653,0.135487182697174,0.112730251870973,0.129605369487899,0.135025926280434,0.0825266321618239,0.13612873068519,0.114411218422909,0.130643778390961,0.134407988186677,0.0848386688057059,0.136585126198828,0.11501204085447,0.131005624945819,0.135174313853636,0.0888561032295428,0.126137343994742,0.0888114989760345,0.134437746811795,0.136597274730239,0.0835678377333456,0.135673850072252,0.113736938849122,0.130536126706283,0.134586643333304
gumbel,200,511,1.33333333333333,0.25,25.399431971052,49.0988126803278,44.7432065854497,42.8301615878524,44.0792866763336,13.6342317554653,25.4245513653483,23.2583330228796,22.3056602712486,22.9271809701592,22.7291435088735,48.7108132203431,44.7486732185453,42.6189146786591,43.0214295846799,0.0682612870449447,0.127731488508385,0.114965757173468,0.103127492483001,0.114514139646995,0.0660846226312798,0.123719914678465,0.111944537326569,0.107011116580219,0.112177212856863,0.0613668921374178,0.12306115414828,0.110796570198088,0.107566709014328,0.11074373482967,0.058946383827373,0.120567972404935,0.108829363618049,0.105304322629163,0.107550313007872,0.0637714805800461,0.123676481490288,0.112144744278876,0.106869255339795,0.11003363567864,0.0683850994689969,0.126692263127727,0.113578724052579,0.111868720435147,0.115049385847581,0.0626510848360529,0.121665733226517,0.109287596693372,0.106833025794323,0.109851797863631
gumbel,200,512,1.33333333333333,0.25,20.4145842605497,48.1151726999881,45.4729559397877,37.4816884323749,40.6369224303544,11.1539563661579,24.9347584310846,23.6205405782789,19.6446848341266,21.2147849652721,18.0660054267153,47.7590783752695,45.6183687839665,37.3878550708474,39.145252011481,0.0338049360643054,0.0918321637613959,0.083893520246498,0.0616286076404658,0.0823876704275625,0.0386253040823035,0.117280886025829,0.112933626709027,0.0906636830197767,0.0941289734752471,0.0488664909949355,0.119769809884529,0.113846404959974,0.0924399022163637,0.0978234198083362,0.0509993678407618,0.119896194207881,0.112222252853223,0.0934653518364361,0.101880804247256,0.0492916156693357,0.121576300084668,0.115013849489721,0.0921901575337432,0.100961008595906,0.0517928110888013,0.124198675596041,0.115904384643496,0.0972573106889487,0.106589950138299,0.0506478411205451,0.120204919515905,0.112813979524563,0.0935651146331905,0.100566237844675
gumbel,200,513,1.33333333333333,0.25,18.7024168115386,26.4225589853287,22.3372933739402,18.6220751609207,23.8586579123057,10.3025819624289,14.1432002288936,12.111069361508,10.2622384235392,12.8674807189887,17.6190122972394,26.35733949229,22.2102272916327,18.3673949123363,23.7096142759459,0.0490272055248387,0.0627586478779938,0.0539291046300459,0.0404234580615551,0.0590953872417899,0.0420185035615609,0.0667707650071812,0.0581945078068082,0.0432072974549289,0.0574740048437538,0.037158623268697,0.057987401216949,0.0497143255111293,0.0367885437229964,0.0501848479588088,0.0474136212281646,0.065431648403663,0.0537529194383547,0.0467030942325483,0.0595586358471913,0.0480855212926687,0.0666432232881509,0.0547838714319621,0.0470784720348861,0.0613892009323099,0.0463070268270191,0.0698654326789399,0.051816826286112,0.0510622681778126,0.0644438432690533,0.0455017885129366,0.0639397486597468,0.0527294369415707,0.0452790171112977,0.0584454666570562
gumbel,200,514,1.33333333333333,0.25,40.3258854874473,58.0030373906273,48.8644445038449,50.4398414182279,59.2459371245658,21.0595363062025,29.853846838218,25.3075148140211,26.0914953426193,30.4724917017916,38.6112680789388,58.7915339865153,49.7141489888113,50.2334834098764,59.3427512536917,0.105814597829842,0.149513664520343,0.126793502493913,0.130399126756633,0.153016596179995,0.0992504443939463,0.141734281757229,0.119066596951357,0.121705613157666,0.144627195328252,0.103620709710873,0.146971092984498,0.124302659978491,0.128237501232874,0.149939410445277,0.100809736952728,0.14444008711338,0.121462174139872,0.124925574350566,0.146674051791704,0.104139272793063,0.147778460214952,0.123910399863843,0.128367692923504,0.150309485051748,0.104198114813379,0.137173118010506,0.11542346409743,0.108447601947245,0.142061420560932,0.101260988192669,0.146007145464205,0.123135225995397,0.12580377541571,0.148198540096788
gumbel,200,515,1.33333333333333,0.25,18.6317004781541,29.0342457812127,23.3431586073196,31.3782564826276,28.7747951504848,10.2678139649231,15.4422651060801,12.6112071522664,16.6083902576532,15.3135958905082,15.9511153903045,28.9425746249482,23.8015099801511,31.2077067506696,27.5883388504725,0.0493002798672903,0.0757136964813365,0.0612432046824803,0.0793907709852294,0.0751369980632463,0.0475422631237376,0.0663097580858805,0.0500749599362134,0.0765664839644329,0.0694392143439487,0.0353264531049438,0.0743946471714799,0.0598434705522691,0.0777625056618216,0.0689444312174166,0.0460840718745065,0.0738530531421039,0.0596318561703958,0.0795352779845099,0.0723404872677588,0.042480591847188,0.0702608009044309,0.0563390385838176,0.0760849885300234,0.0679559650921365,0.0396428368217702,0.0704674061454707,0.0575314624959783,0.0779611455436237,0.0622457383406363,0.0416418191541627,0.0719755875818798,0.0574968248765864,0.077915706625815,0.0692023706581529
gumbel,200,516,1.33333333333333,0.25,23.4310458941074,36.4679339203733,29.3073242040899,39.4399727619113,34.3993489153772,12.6554317154242,19.1408638333403,15.5787130515166,20.6195591438239,18.1119315880138,20.7745162344069,36.240812649302,29.5165838114159,38.9506738872023,33.4643398816492,0.0507234770878236,0.0861588841895489,0.0521316073874766,0.097233250974668,0.0901028881540934,0.0550632523154897,0.0921661119546472,0.0729119555625181,0.100386772823618,0.0865929646301258,0.057620620920478,0.0890121717788673,0.0711330402141158,0.0932398526014338,0.0828234687939877,0.0574377422098043,0.0898618994927225,0.070812729212339,0.0971718565318008,0.0850791874651528,0.0526793078935044,0.0876809687788516,0.0709328807345871,0.0936111727403408,0.0804464271639521,0.0536797744484843,0.0840157081161966,0.0665647135660522,0.0976328431537579,0.0804727148818367,0.0569547887517555,0.090966808329952,0.0722639109998252,0.0983484491201542,0.0853575192977964
gumbel,200,517,1.33333333333333,0.25,26.1489304134802,48.4518428219658,43.2146196709261,40.5014513745402,41.3437971337357,14.0083628877027,25.1025187731118,22.4969856430777,21.147323459032,21.5672379222846,22.1879317216036,48.0473080773427,43.5268131152277,40.178687803052,39.2870429708249,0.0699488070220782,0.126070933458482,0.113035501549175,0.106099925700758,0.108231356894762,0.0519453554712129,0.120000442484551,0.104210253452675,0.0994475708757105,0.0989697543941041,0.0647702921324002,0.121054466332132,0.108059933625409,0.100474386959171,0.100499337458713,0.0644061172347346,0.121253684530081,0.107368219075387,0.101680861379441,0.102433367702749,0.0619777645892559,0.119270593503127,0.1075259067643,0.09702488815883,0.0983745700750829,0.0678882100316336,0.121677443017141,0.108860514111863,0.102931169167023,0.0958214467163441,0.0612616011378265,0.120497136359787,0.107639088116829,0.100010587394062,0.100885136866241
gumbel,200,518,1.33333333333333,0.25,6.70514431506545,31.1753429262792,33.5468455661399,18.9193144178376,22.0988631884573,4.33446834025688,16.5071600156484,17.6869737888085,10.4100769246341,11.9921651996405,5.13341494746798,30.9807555484155,33.9492247161535,18.6917784207553,20.9778526018043,-0.0095110554428208,0.0821604435764355,0.0886374409155043,0.0493389988358952,0.0556422237043315,0.00550724814730911,0.0700065044715867,0.0770978665880795,0.0365088894905923,0.0416127567248492,0.0118465724201849,0.0771734024429123,0.0842018562585136,0.0445911920822558,0.0535775832246316,0.0138325341683905,0.0776038144181684,0.083610514893515,0.0474738636125974,0.0542598602938694,0.0098445872414226,0.0779148796452151,0.0846834425045696,0.0450439558839699,0.0530942658859579,0.0174269160177088,0.0791527601005108,0.0858346161622919,0.0492690470628668,0.0551923222668287,0.0135118434173123,0.0771919790719434,0.0831150173150103,0.0459810644816109,0.0533448921939567
gumbel,200,519,1.33333333333333,0.25,31.5991725026665,41.9682776889474,32.8198278850137,39.8037923315947,42.3402724520148,16.7183240212189,21.8769355342556,17.3258628794678,20.8001414223471,22.0621036548412,28.9791753268292,42.0098695971626,33.004664142099,39.6277727517363,41.7948687412218,0.0834569416393602,0.109165794553966,0.0840527999887826,0.104488386368185,0.110787565796341,0.0815969308673691,0.108120846478409,0.0853187540950253,0.102802554136552,0.109041458249816,0.0798179434744393,0.103329074884677,0.0776602056625618,0.0992446412670666,0.1041397363883,0.0768119993950323,0.106306243423072,0.0832377710002061,0.100640657463769,0.106568654949942,0.077216706017971,0.104754501697414,0.083256304992721,0.0959917610714401,0.104398397781186,0.0838483087018319,0.108891913515673,0.0855529870537361,0.102363744761573,0.109192255142432,0.0795467964984938,0.104458088043721,0.0804693998735417,0.0994276600986807,0.105645930711966
gumbel,200,520,1.33333333333333,0.25,7.99493806967951,24.0276921075639,23.6034976725098,13.063024606676,15.1660505276771,4.97472186218731,12.9517925445179,12.7408545812572,7.49698693543605,8.54346405645722,7.53098103726649,23.61902438252,23.4490574196263,12.5588034770232,14.444036879104,-0.0225817662866692,0.0306447735415542,0.0399807054058277,0.00944990156523953,0.00839610138590261,0.0232511261078661,0.0579591455030291,0.0559003239063453,0.0320642287733996,0.0362611814825729,0.0218819115780248,0.0575330137152254,0.0570458678725849,0.029287986620905,0.0342984668863088,0.0227751846465785,0.0604763445913069,0.0577076474636464,0.0345006749802898,0.0387017218788141,0.023111684592001,0.0591358092607477,0.0566393673492373,0.0328414996454668,0.0375951226493127,0.0248615581883882,0.0526306839991525,0.0473228622653802,0.0278889012992903,0.0307980548210336,0.0206942040685671,0.0584818761447282,0.0572144757754957,0.0310827690357829,0.0355051881000432
gumbel,200,521,1.33333333333333,0.25,17.9875957304516,38.3813878461321,34.4043142932511,34.3543054593419,34.9077173610094,9.94684627156645,20.0920456016678,18.1135315596931,18.0888704815597,18.3644607352067,15.5715763105789,38.2922005543259,34.9771354821198,34.2397159010327,33.5598486783266,0.0472756031935006,0.0988831421646644,0.0888662316461944,0.0885365392265459,0.0906779708355869,0.0490200182025597,0.100559728216356,0.090225308110826,0.0900892093829703,0.0920783127577308,0.0442019366227298,0.0957713806812703,0.0856386420521227,0.0857218238796099,0.0861009528492471,0.0445642156446614,0.096604274722493,0.0861594448719954,0.0863906413943699,0.0866087240643784,0.0440923516141175,0.0982960155990098,0.0876871137434933,0.0868775632289435,0.0888078538864915,0.0366540435709638,0.0984561497861685,0.0908529168347402,0.0850728991208779,0.0827111831731685,0.0443924682071881,0.0960951777621577,0.0858014122745815,0.0859395464122001,0.0864945902592157
gumbel,200,522,1.33333333333333,0.25,19.9054897794073,61.9863004752454,64.115114615659,40.815606608799,45.9216925142079,10.9006030601242,31.8357242373027,32.8948764043067,21.303549485444,23.8443413834776,17.8387938269911,61.4822019337251,64.3520138587945,40.4973677256485,44.2316288938744,0.054488442408757,0.159110844033743,0.162685711484097,0.106881327369693,0.119457602305934,0.0502833757281116,0.155665896651601,0.160669881284678,0.101386970386115,0.113133721893102,0.0485471570062929,0.152112563641781,0.157645368635822,0.0987102474471136,0.11087096015184,0.0487377580153343,0.153792204886353,0.158670726789663,0.1005260941334,0.112074500198966,0.0488163715001211,0.152248221192035,0.157132242430771,0.100415127545119,0.11118974338421,0.0544340601263718,0.153758044141405,0.15560255643827,0.103166682324093,0.118254177461943,0.049100946352322,0.154291959632168,0.159593507290568,0.100499622714162,0.112742276166045
gumbel,200,523,1.33333333333333,0.25,16.8777656133157,34.2599766594574,31.9572565290398,23.4390770995805,28.0953071516659,9.39491604352441,18.0419693743524,16.8963741513771,12.6587013473423,14.9756632549128,15.4150439386208,34.2937605247712,32.3231431416624,23.1806873868154,27.3531055582532,0.0441752624337807,0.0851172648181807,0.0814902762844526,0.0578273658656419,0.0714704889307892,0.0369157467502525,0.0865114759896681,0.0825868637106087,0.0585860237041505,0.0713602179377135,0.0433536832827222,0.0872594607804212,0.0806117191206972,0.0608082352463373,0.0702736754635508,0.0408599695088967,0.0869943386724291,0.0812413877329249,0.0595197436715816,0.0708167745137957,0.0359686221525975,0.0831671258207043,0.0781922760008416,0.056365363073408,0.0644015127159837,0.0455628505820614,0.0850977570111589,0.0720658688107879,0.0611240306708838,0.0699901190742215,0.0400918939357633,0.0856490755115843,0.0800509192896526,0.0582249848362555,0.0688228448610918
gumbel,200,524,1.33333333333333,0.25,22.7562877524027,50.4158388705904,46.6952734352274,44.8176455763865,43.8353800865322,12.31935597637,26.0792677988664,24.228287703063,23.294501572639,22.8067110607719,19.9560895102108,50.2879741595939,47.4783594397034,44.5972195143758,41.842682254251,0.0568504431272466,0.131026753548141,0.119377311976969,0.114608176364517,0.109364126354878,0.0470763552107906,0.124043807269663,0.117930472957383,0.106508233897041,0.100922053030434,0.0555085974049691,0.126990772351358,0.117980832195953,0.111536912202924,0.107070127387221,0.0579562507784355,0.127884206018714,0.117994786971592,0.113105589681468,0.109785364854779,0.0566208248154642,0.127985934966873,0.11834660093888,0.113771830543027,0.109214579670345,0.0443397692403128,0.130644511263556,0.120862973648267,0.108135667086529,0.113504234518519,0.0549432672792127,0.126430719260806,0.117357841820862,0.111228847481526,0.107071807497006
gumbel,200,525,1.33333333333333,0.25,14.8751739362011,31.5858767743495,29.0656943359541,22.1757682898784,26.993554935205,8.39792872319411,16.7113127131575,15.4574401172502,12.030139208456,14.4272348245291,14.0181917751717,31.7931603571148,29.5160648313874,21.9893619590534,26.5185760779606,0.0402435784840678,0.0835467412471836,0.0768421284585903,0.0590379178752172,0.0724716975997037,0.0368501711098672,0.0767719856939527,0.0702744282412442,0.0502149551629891,0.0628890592124039,0.0352949968953619,0.0777832716755773,0.0721929527060233,0.0537821226196528,0.0656573854838653,0.0368588033845638,0.0784512149639567,0.0719771028946646,0.0548829598033769,0.0664474043278114,0.0380378057215105,0.0811191005911269,0.0756206437415321,0.0562475841513998,0.0666058908922102,0.0404752674652506,0.083084007970296,0.0749587614349032,0.0602899317929571,0.0724823768733122,0.0374508217516283,0.079632488837302,0.0731980538486473,0.0557293366471441,0.0670527145911995
gumbel,200,526,1.33333333333333,0.25,5.47974284696688,26.5388968178095,27.8909523686516,16.5091924587567,18.8268974415544,3.72386956741619,14.2005328949406,14.8733728272321,9.21080307130682,10.3641001954814,4.63342013619613,26.2920877775716,27.980252537668,16.4715777296515,18.0897278786205,0.0182255061592493,0.0707318993954363,0.0740435219674213,0.0452267229665683,0.0504714337095374,0.00927059563975244,0.0633539300315033,0.0641688261575401,0.0397129270883857,0.0462347302528058,0.0129475445788264,0.068390605174049,0.0715045845471043,0.0424740605879342,0.0472545841131952,0.0133726989922832,0.0671820206087012,0.0708706353847048,0.0419929846295086,0.0471423996721475,0.0104888564463759,0.0658189402240226,0.0684660974877464,0.0411779911078534,0.0462759789604003,0.0182655291656881,0.0679842561683361,0.0702950050515648,0.0457796884855369,0.0486668149780893,0.0118686125120759,0.065415547308223,0.0687507708011018,0.0402124559768756,0.0446334104448272
gumbel,200,527,1.33333333333333,0.25,29.6295223848285,57.0519641781262,53.5019778232584,39.7914378516648,50.7418892677778,15.7379506753448,29.3807498554462,27.6148711783803,20.7937691828724,26.2416785559027,28.2688522730551,57.2584208093086,53.6446810950565,39.6316418709595,50.5245774696255,0.0790285023974334,0.143322350361253,0.13433294499711,0.0946282057190196,0.12971410592842,0.0774253307515259,0.144217279934966,0.133637171767398,0.100638198566591,0.129666699081402,0.0741006598102763,0.143484190184846,0.134416504461916,0.0992655293371537,0.125877832264108,0.0747289968042807,0.143983639239625,0.135092152180777,0.0995840644626583,0.127516807325757,0.0743097941432754,0.145497832476046,0.137241997339894,0.100829325412413,0.128085840971438,0.0789073426614832,0.147127931166099,0.138744815867592,0.0994257188898579,0.130020448353097,0.0739520562617186,0.142058888801657,0.132647350371881,0.0988782865789923,0.125299001502703
gumbel,200,528,1.33333333333333,0.25,30.437832531717,45.7040016781671,38.4916045174193,39.800222545478,43.7250070868872,16.1403335397484,23.7355192098632,20.1475320063265,20.7986313543564,22.7511497093671,28.7702968097407,45.9221274275508,38.8309825406127,39.3899160348094,43.4992204931075,0.0785028351235023,0.0950278227882062,0.0728542349159473,0.0954379271693078,0.104167796795016,0.0791752329269282,0.114389671813833,0.0932179994246966,0.102925596806288,0.111954267775758,0.0788039431568024,0.115442385920558,0.0980033161504932,0.097485362778939,0.109650815664472,0.0765920476065903,0.113962223393885,0.0950910314254277,0.0982413058261589,0.109041976024619,0.0762040141739905,0.112510323907048,0.0947680987890798,0.0964268783063107,0.106988997749417,0.0782570918576009,0.119193852296229,0.100512547469559,0.103993527895674,0.114252188912433,0.0751918293548874,0.113633362700238,0.095521009995822,0.0981057898794784,0.108021705974281
gumbel,200,529,1.33333333333333,0.25,11.6103179634551,38.3532958632987,38.9693751170047,27.8649576552196,27.0244860413239,6.77509654186875,20.0786817167266,20.3852220705754,14.8608113256628,14.4431796148863,9.46166507192967,37.8159239494388,39.1189554816317,27.4503654870892,25.5213463736962,3.03081879736045e-06,0.080588855550679,0.0918841061499428,0.0479552539351742,0.035339031842085,0.0304289752096736,0.095534630368437,0.0944352636486541,0.0711491655572469,0.0660834900873729,0.0265196631704706,0.0941625111548458,0.0963679408479531,0.0687843580823568,0.0632318133278116,0.027713573442974,0.0941435067305266,0.0952271563030322,0.0684218808394453,0.0654906368305783,0.0242841011554316,0.0943015500993307,0.0964131100664985,0.0681453079333382,0.0645109595910536,0.0340219773662093,0.0971377297660357,0.0952773176753046,0.0720072856923189,0.0715883940881107,0.0265831636453563,0.0953928726435021,0.0966977467954581,0.0691183393271587,0.0660957396559768
gumbel,200,530,1.33333333333333,0.25,6.79235835067414,31.0032461155863,31.7230587907723,21.5464055399069,23.5076440042013,4.37763763284172,16.4212731904663,16.7792419485902,11.7169752304458,12.6927945728302,4.97906734239783,30.8235344862289,32.3386675800637,21.4050453812673,22.2383744894991,0.020123872600088,0.0820338468717095,0.0840933182455311,0.0554124374319882,0.0565445736140565,0.0138406983559056,0.0791274316146022,0.0807745401270543,0.0546405890297287,0.0584890086923103,0.0138315964688631,0.0733983861758433,0.0755183079514968,0.048141581829141,0.0542928343366004,0.0132181155802141,0.0792029095867323,0.0818503926410486,0.0536959673300173,0.0578612365541207,0.0148779765006329,0.0798360221442,0.0814236428227853,0.0540683765049118,0.059814448274448,0.0186621200737352,0.0817425478080973,0.0813055119844747,0.0587310695028148,0.0634941135034089,0.0147583359314809,0.077829505317481,0.0798998334244157,0.0534276700225339,0.0575852386886251
gumbel,200,531,1.33333333333333,0.25,14.1597223882758,26.9048235302063,23.9397203815743,18.4352668050942,21.4037367746434,8.04160080718932,14.3829382745035,12.907856214535,10.1694215777493,11.6468892762305,13.5312003250185,26.8836877363855,24.1282930175042,18.1297921615012,20.6867729604597,0.0401119786101625,0.0722549754800149,0.0647876650490852,0.0509847899980002,0.0582169851523372,0.0337867070393819,0.0597826411076437,0.0524013342455553,0.0377616467251751,0.0433698114304972,0.038269839496364,0.0665717889274175,0.0560345374275216,0.0476848683091117,0.0546344573362989,0.0355916850030144,0.0657186751031812,0.0578657571649002,0.0454003772075779,0.0508504523325961,0.0358132052708406,0.0683164325523068,0.060723993033246,0.0470504078894368,0.0527180859558386,0.0387143881796115,0.0718159345079367,0.0638546089583071,0.0509355152624985,0.0558748913002113,0.0359678148927102,0.0670082194478441,0.0595423144038094,0.0455284911017252,0.0516749167868017
gumbel,200,532,1.33333333333333,0.25,2.94871358471986,30.4380747336782,34.8791682434067,15.7812632892421,19.0269585250146,2.46520816484549,16.1401049193518,18.3492013612274,8.84913278992157,10.4640175779862,1.83724154615805,30.2613299793398,35.6415484587966,15.3821772688016,17.8033986737892,-0.00951363339865518,0.0781534462528117,0.0915862623871991,0.0415339560020454,0.0461989615771552,-0.0106159553862978,0.0678834715766114,0.0827363152394904,0.026464764470425,0.0317746354809942,0.00677731179483156,0.0752436241355592,0.0867797356855687,0.0373977689658819,0.0458470142021285,0.00597813629374464,0.0773577851093969,0.0889967128155987,0.0386592002004544,0.0468488970828924,-0.000149079833753901,0.0748581172919876,0.0878644379515156,0.0352873002832181,0.0429450035336378,0.0102302349554442,0.0803068238861837,0.0897380153676972,0.044447575562063,0.0525664298525575,0.00516270507184268,0.0768171528921919,0.088690052572917,0.0385310988417139,0.0461760180041873
gumbel,200,533,1.33333333333333,0.25,8.63310826831816,32.792203088625,33.5188004380044,24.3654131920175,25.6241199188025,5.29315818599318,17.3114809317617,17.6731235988499,13.1193363340246,13.7458140016379,6.88148446789504,32.5458937011,34.0085207605092,24.2745828357756,24.3147176511732,0.0251554753952019,0.0858229485477896,0.0852784544645066,0.0657630926749489,0.06905453533207,0.0139299236462212,0.0806707053983036,0.0802993230392361,0.0611382929268504,0.0623888295042254,0.0223151779822767,0.0833247919668484,0.0850390571517383,0.0620881265841209,0.0640640899711199,0.0192216823501336,0.0814802174759345,0.0835903725941498,0.05974573930346,0.0625761617133935,0.0197108164830264,0.0817238574129446,0.0822224575569146,0.0608761616453351,0.0637659514525006,0.0197027778083958,0.083810407591401,0.0872806256218359,0.0596089910998646,0.0637002481673748,0.0213874628218031,0.0833333088140871,0.0846834963470125,0.0620188967317488,0.0645829615509235
gumbel,200,534,1.33333333333333,0.25,18.3638235600974,35.1723034853603,31.215676039466,29.3435849987252,33.7429644388927,10.1332599713541,18.4953979191496,16.5272517111742,15.5956254528315,17.7846293006765,16.9489870988997,35.41598863492,31.7418524146299,29.505237835576,33.2039182551037,0.0141118580334704,0.0894501161997465,0.0830318436040082,0.0592347389161445,0.0839771893021173,0.0426987209458486,0.0895142751207853,0.0792937311573529,0.0706506765591636,0.0845457197795573,0.0459736976404938,0.0891235311730022,0.0800704179841407,0.0733337283629594,0.0836103247501222,0.0468858362543554,0.0871777053239494,0.0768413888173682,0.072637185333279,0.0835296977060537,0.0482022225347772,0.0902526283656746,0.0796078722048788,0.0758115142602741,0.0860936048000599,0.0476486278551381,0.0899063788247928,0.0763761807025479,0.0763899582092826,0.0868634494357783,0.0457389440968453,0.0883185188694633,0.0783004531476831,0.0731522609352633,0.0831962971197724
gumbel,200,535,1.33333333333333,0.25,13.7473309162455,44.322596021608,45.5723906732504,28.3442614118354,35.3593727347305,7.83701254502711,23.0476573052896,23.6694791892661,15.098736005663,18.5887969379506,12.2581798787877,44.2422151034558,46.0425593645098,28.2463671898987,34.4482592712798,0.0392224690331348,0.115645308861966,0.118218746946864,0.0751970698673814,0.0933430749598961,0.0371425184990256,0.108727522029642,0.110394047980847,0.0675808548594469,0.088035362577044,0.0373303031022989,0.113908240226927,0.115715094872095,0.0743303527341178,0.0919688155346426,0.034413325151493,0.111991232916436,0.115332518818146,0.0709176193447174,0.0889353846814529,0.0311033585955917,0.111501388141787,0.115156065794759,0.0704771314640876,0.0877392154388077,0.0151518321373056,0.102130251984169,0.112102198917344,0.0621495811568067,0.0689855920606012,0.0335899419397894,0.111300329949226,0.114430657949005,0.0704315547733636,0.0880903864489604
gumbel,200,536,1.33333333333333,0.25,25.460318651393,57.2182922129424,55.8391172847272,37.8781775492114,45.4997539520625,13.6641435526732,29.463759811272,28.7776484793492,19.8423013930792,23.6345398587241,24.1343440572034,57.249178134885,56.1077507853469,37.4862923970164,44.6311226700604,0.068650796482897,0.147774036609048,0.143878694535181,0.0995243505776884,0.118744364017861,0.0643874865477496,0.144415895215142,0.141602897551602,0.0950889755482584,0.111732129678165,0.0640005790595597,0.140969027713316,0.136441597670725,0.0941164072872982,0.109945601885808,0.0633625082941109,0.143200904876026,0.139570036691584,0.0939928752744862,0.113145381720462,0.0630959118422278,0.140996345032157,0.138157216953342,0.0910236263649088,0.107718134267529,0.0533545847913892,0.136881665042595,0.138700325661912,0.0882042898978146,0.104544151066188,0.0631725794487107,0.142658134671532,0.139048296195802,0.0940833609971853,0.112291823523791
gumbel,200,537,1.33333333333333,0.25,4.24171888104879,18.4784721111067,18.780218118113,12.9396695221122,14.8621930521835,3.10788472177723,10.1903016225432,10.3405348044695,7.43502582808149,8.39165079292658,3.55321057106439,18.5345681226214,19.2991476760292,12.865827936358,14.3000312347163,0.000334367525178731,0.0510777734205093,0.0510011263067478,0.0352019633472938,0.0410952915809249,0.00163570904813855,0.042801214974154,0.0450620502321577,0.0243898910315792,0.030780697656939,0.0112425157823094,0.0461543185137011,0.0464226389220454,0.0319751928999075,0.0377483527147941,0.00933926474700042,0.0449450653442158,0.0456148131013626,0.0302470210144077,0.0355190056098056,0.010237640898782,0.0462099593802035,0.0475157250762921,0.0326325728763933,0.0357423364485185,0.00602650193021875,0.0511096275784694,0.0514624389439268,0.0356527349056776,0.0411608130577612,0.0105522087212732,0.0465966252031504,0.0466814529956079,0.0322866451399691,0.0369351980829878
gumbel,200,538,1.33333333333333,0.25,34.0261050012796,45.410721362249,35.2254196588888,50.9749411269506,51.2046848695904,17.9253208627435,23.5891336832535,18.5222678013557,26.357561971345,26.4717272592663,32.4299563188627,46.1123322612168,36.0598659518803,50.9138916186554,51.294234225497,0.0898642976569239,0.10262564241117,0.0707483952505977,0.129196968782544,0.12809410297397,0.0872044651888574,0.115265056440518,0.0884442627932887,0.12906326591731,0.130774609308288,0.0870294163820177,0.115969531073593,0.0906020201945775,0.129466125557082,0.130767389734529,0.0844232615873279,0.113535151535695,0.0874023687732698,0.12673324312581,0.127792617359132,0.0867493841267864,0.114936151794584,0.0884896292472445,0.129622377519238,0.129645465454946,0.0899500413656571,0.117426819480436,0.0872206923630254,0.128671111672454,0.131593220633149,0.0850523044563344,0.113375099009782,0.0872569563663317,0.127018402540929,0.12781499174147
gumbel,200,539,1.33333333333333,0.25,2.70302177050611,16.1635061306737,16.8527454362361,8.22683266707169,10.3161257204286,2.34283464963388,9.03886283846708,9.38178099010643,5.09057024204296,6.13019962041441,1.83955247872782,15.9447088463332,16.9891551877869,8.01649016760863,9.58423620065582,-0.0715184725412966,0.00840090542939571,0.0269434926635251,-0.0251359514668605,-0.0355021992310176,0.00807618056885633,0.0425886218774458,0.0443611404288184,0.0203122370262124,0.026444718483243,0.00523454606147162,0.0401126980966191,0.0420391239277873,0.0207322857499625,0.0237291710331689,0.00455301177415501,0.0408466772933716,0.0428876333162761,0.0199842356225652,0.0248487854128745,0.0069826907398753,0.0398037301176742,0.0418793024027837,0.0199107923217266,0.0242044275721489,-0.0437612981390645,-0.0228358539213505,-0.015983363397128,-0.0113207080447304,-0.0282290990497779,0.00603253452243219,0.0404054636698435,0.0417772793413307,0.0202280192025575,0.0255122268952949
gumbel,200,540,1.33333333333333,0.25,13.4959284502157,51.6459407640642,54.6781652143963,30.059040943911,35.1693226273949,7.71210584758041,26.6914960586977,28.200015524199,15.9522864547004,18.4948576141646,11.6397034947749,50.9540041101955,54.6504719528021,29.7032049578288,33.6319175974698,0.033284218394955,0.123713765037494,0.130337657056892,0.0677477602487474,0.0850159186935995,0.0324360398197582,0.126991821918978,0.135676766582359,0.0708438090864157,0.0837478211260297,0.0308551770659968,0.130090434796008,0.138830032267153,0.075472858610975,0.0870626397789979,0.0327964362733326,0.128021238762211,0.135774659903298,0.0735192743863131,0.0858642445476192,0.0365551056239095,0.131097887110967,0.137177369205661,0.0774319217375129,0.0908139381173779,0.0387038319190915,0.121252057839064,0.118624370969881,0.07541638295988,0.0861687143275838,0.0328957646246502,0.128625915447978,0.136226160154742,0.0739939524512265,0.0865208532385761
gumbel,200,541,1.33333333333333,0.25,16.3854031120449,23.944036707842,18.0764395241785,29.8920613175953,25.1119058395051,9.14995678436013,12.9099366318383,9.99102315513512,15.8691947658107,13.491262791898,14.4961837750922,24.0372806766675,18.5788281719653,29.599288488742,24.5132640383544,0.041242871830103,0.0473388133734764,0.0332923529938729,0.0675683890651811,0.0531518292484715,0.0407848155155542,0.0598707941953543,0.0459120213787308,0.0749447012779399,0.0620479101016267,0.0425388007601244,0.0590491453290038,0.0424725368885945,0.0766008445684905,0.0621112738140703,0.0402037530349074,0.0593889134729663,0.0448283641998314,0.074722748068462,0.0620902281645546,0.0388895382744156,0.0588227581952015,0.0438204525951312,0.0735393491348135,0.0616933539432385,0.0444321814835887,0.0642894570306181,0.0493855004793879,0.0789600067238928,0.0657181436044568,0.0390154979480197,0.0591840639224005,0.0440700483284939,0.0738225652570437,0.0610828319340133
gumbel,200,542,1.33333333333333,0.25,26.8729583642768,59.4596176521126,56.9183571971535,44.0461061739273,51.5289316435959,14.3673669292246,30.5784193248119,29.3141542855504,22.9105578175208,26.6333536109303,24.171572167507,59.3759755698794,57.4157978947066,43.8577076273576,50.2946636692328,0.0561899872823241,0.147236842025089,0.145133420436239,0.106032264416569,0.123815792360824,0.0656671789000125,0.148673949818228,0.143753930242865,0.109422002712872,0.126962155757156,0.0685486866665392,0.14996980839366,0.143630985535936,0.111330980366703,0.130260399698958,0.0663967954288107,0.147635622279639,0.140885705618244,0.109017546776216,0.127998323405682,0.0631925778023232,0.149067243530999,0.143198552729441,0.109092620268634,0.127667103091804,0.0536564562417643,0.114292360039235,0.111022840997393,0.07813499600539,0.0926161436300565,0.0661818598326235,0.149313327201766,0.142747911939926,0.110199664743658,0.128602973156205
gumbel,200,543,1.33333333333333,0.25,18.2270090452718,41.9050331744796,40.6733314305293,24.8577611098627,33.0197244918841,10.0654168077788,21.845340054219,21.232583648639,13.3645561772028,17.4251592744442,17.4152780087488,41.8895502225449,40.7190571180554,24.5578066609288,32.6862899723289,0.0505507047519367,0.109735181921841,0.106655599237261,0.0669389041021626,0.0848765233082954,0.0472373059364613,0.109014318545159,0.105302288348099,0.0649991173125059,0.0861847265307376,0.0471822737343345,0.105462975816617,0.100697723577257,0.0630684537667133,0.0845151026463211,0.0443319507822674,0.105335681283619,0.102998723737813,0.0618912185392037,0.0819578146039695,0.0411370186589222,0.103251654207349,0.101622030423073,0.0597792622656739,0.0782330864832146,0.0499323123950465,0.109621309198918,0.106345212532426,0.0659441818007541,0.0860184514688656,0.0455029958274464,0.104657032696052,0.101471287280914,0.0614711808248503,0.0819452328642845
gumbel,200,544,1.33333333333333,0.25,20.6566523489185,34.7321312918956,29.8773428740229,27.4370529690544,31.4446269698729,11.2743134857364,18.2769247985303,15.8619077072275,14.6476768945055,16.6414694287509,19.0303047610923,34.6473122634225,29.9982296631973,27.2150299295705,30.8595926765384,0.0559260300966132,0.0813485499746661,0.0604312912469741,0.0726386594065089,0.0789846742252888,0.0503229014635886,0.0807240521061434,0.0688876252370848,0.0612186979262745,0.0742921711929335,0.0495058880575494,0.0856610403790782,0.0740822369546562,0.0655406244246124,0.0766382115850082,0.0468051931982751,0.0847312934951417,0.0724968648791788,0.0657905190405074,0.0754736801070339,0.0521306372430085,0.084537985742535,0.071046549992194,0.0674096487619494,0.0776898402031511,0.0545644613370632,0.0739500325570941,0.029172838640316,0.072488849063901,0.0814567756071727,0.0505510242277024,0.0852444847865191,0.0723960411031716,0.0671513585916508,0.0769184026372127
gumbel,200,545,1.33333333333333,0.25,2.99090847431533,22.9416241482171,26.4466053795859,8.98686665392727,13.1088946789921,2.48609279019783,12.4111646552527,14.1550106510244,5.46886486778091,7.51957011718064,2.28358561088382,22.5919317542218,26.4660992891959,8.62805810099497,12.4635820861661,0.00802521362607582,0.0608536249971311,0.0696248031675001,0.0272623178354028,0.037440906159462,-0.000622859224854682,0.0570926343673672,0.0646978647633883,0.0208981529134206,0.0312131771737498,0.00092845264228276,0.0531385086438463,0.0633993899642323,0.0169634783335397,0.0273970404182034,0.00528488853145387,0.0571339728502582,0.0660186966636039,0.0212023137260461,0.0315895067953122,0.0051653845674476,0.0555437745630096,0.063974040350373,0.0191701602204761,0.0306111508714196,0.00606462945403318,0.0491667774872148,0.0594946185903957,0.0100409305974015,0.0264695453005913,0.00683863706712385,0.0572317830448253,0.0661402926034976,0.0217404569832498,0.0321462013923393
gumbel,200,546,1.33333333333333,0.25,19.7568286436446,50.6226193635759,48.8311486050638,38.6850129924524,38.6918364455472,10.827778026698,26.1825840811976,25.2913712795737,20.2437767977895,20.2476674096712,16.6759428162444,49.9533175911246,48.9432769484913,38.2939557950555,36.7411648445792,0.0542472764958792,0.131537781376773,0.127075041042158,0.101542780709815,0.100966289329536,0.0480043438509439,0.130472475758389,0.126359995436261,0.097816752549567,0.0988035021773763,0.0437510711252254,0.124695270189478,0.121164751834486,0.0932055708055757,0.0934463669533528,0.047173084350754,0.126076160570768,0.121866672806007,0.096109436773081,0.0943062598778733,0.0434031822590686,0.127070643613162,0.123230835303011,0.0972597871929952,0.0950232527453631,0.0520347420409305,0.117655131289695,0.0949651696041623,0.100257988729189,0.0966755535229194,0.0468561419781059,0.125893341596491,0.121280544468533,0.0959090852658409,0.094762228250372
gumbel,200,547,1.33333333333333,0.25,19.671814925724,35.6180790400751,29.3413906071028,41.1193237222469,37.0415633185078,10.7840119644077,18.717325941199,15.5952452675029,21.4540705388652,19.4259094574815,17.6470760448926,35.7134293282592,29.7692005049018,41.3003956340118,36.189215813951,0.0476345155196158,0.0903177468851682,0.0677749241445159,0.107481223287179,0.0947497127747431,0.0461723040952347,0.0865285845394551,0.0664411755810066,0.102219269675536,0.0870448191545318,0.0494657401328092,0.0889865644896651,0.0698403866025352,0.104589652683154,0.0921937820446779,0.0489498242357903,0.0893859874123408,0.0722857634751387,0.103265666643118,0.0925033774672484,0.0497888453355655,0.0867605893551126,0.0674380870007561,0.103923441959131,0.0917502430529568,0.0541710434262372,0.0779237414755892,0.0485567708629985,0.106028981569488,0.0879755943938843,0.0498101435162826,0.0897096614128233,0.0729758916649671,0.103461454862111,0.0920801372572311
gumbel,200,548,1.33333333333333,0.25,14.0849073515274,26.1267386048727,21.7077348494549,25.3772389392986,23.879682101201,8.00521208615251,13.9956568486918,11.7974007965294,13.6227871303055,12.8781568853291,12.0946811901151,25.9738638610489,22.0244092058525,25.2913054145818,22.8243720344937,0.0388246679731731,0.065914753643938,0.0534038582318353,0.0660333843687718,0.0557076083630764,0.0375606114230574,0.0659652307010907,0.0535927017013471,0.0634405348411547,0.0613362547227337,0.0357328382797333,0.0666685467125575,0.0542711104340443,0.0661709669565156,0.0603843577622317,0.034505366905802,0.0641223547775367,0.0519573641437087,0.0626760095289379,0.0583098710239584,0.038102461711627,0.0668719231911203,0.054928396084698,0.0657361815771322,0.0618813743458024,0.0130465631143242,0.0398576958391444,0.0299118939171481,0.0383120650377075,0.0361044015892779,0.0343478704580605,0.0651684632403061,0.0536982594643922,0.0632834051830451,0.0589190379015924
gumbel,200,549,1.33333333333333,0.25,7.52377063082382,24.1757211222218,23.3738350746186,19.6456407122457,20.6970770346453,4.7406308345506,13.0247688397031,12.6261238956814,10.7711620423629,11.2943385319818,6.40353033188778,24.1022225132309,23.7939484803059,19.6430474190144,19.9798209869112,0.0197607616385709,0.0614438230592514,0.0504323839859495,0.0540510703274274,0.0566666356916306,0.0199356939110767,0.0604465707916965,0.0582902252110544,0.0493931616984908,0.0517439078988036,0.017791593760244,0.0523774137749807,0.0464308399740085,0.0445509052313749,0.0474873924967551,0.014993444068691,0.0606741286865546,0.0585508113866622,0.0491120572006039,0.0507364889242502,0.0188602626900572,0.0621949366821988,0.0597982150485259,0.0494247076944526,0.0520481744141123,0.0191568679705399,0.0645793558338747,0.0596489230057703,0.0538513430016073,0.0563680554272022,0.0197351803575679,0.0604344993778452,0.0572575314747394,0.0498379869769816,0.0521163445072582
gumbel,200,550,1.33333333333333,0.25,25.07583592422,50.2553519090155,46.1329098538094,39.7970301110547,45.6731631116794,13.4724245551204,25.9993274439375,23.9484680906633,20.7967645110066,23.7200882490914,23.5784955414918,50.4574212753123,46.6292212187219,39.5430875846886,45.1968141027427,0.0516172696785432,0.0968800091699225,0.0894472067104858,0.0661618347073317,0.0732057348023262,0.0667463471190641,0.128509069196406,0.116936105811165,0.103517268917178,0.116767436856541,0.0617276668859533,0.123042907332417,0.114108032570285,0.0942758301125314,0.109861064953288,0.0635814025964967,0.127117141127999,0.11688236181642,0.0998566940824051,0.114612039001958,0.06532291056081,0.127148653897649,0.116050222475994,0.100532210865177,0.115448315208537,0.0660994087763037,0.122373278105331,0.1102645498334,0.100469472196345,0.109310833703477,0.0639145084940934,0.126337061351299,0.11566524466116,0.0991616507673248,0.114428129791087
gumbel,200,551,1.33333333333333,0.25,21.9107608789125,47.3162130153377,43.6005178005854,43.3959635120598,44.4047130823387,11.8982647000535,24.5371438522639,22.6889287668883,22.5869811398636,23.0888372025648,19.7390829842048,47.325053167787,44.0340857522482,43.3137476690815,43.6156135078995,0.0413697600772015,0.101789936975517,0.10068931719761,0.076068962088998,0.0875299532914473,0.0558782911864101,0.112153676437041,0.0997493990815029,0.106392015500207,0.108261687475678,0.0527409249072694,0.119251957558233,0.110160671719109,0.108123866955943,0.109981671073349,0.05488652296202,0.11783218345645,0.107344718954308,0.107411051655094,0.110816898194298,0.0515054552433322,0.117898671436238,0.109775236255574,0.107264093641434,0.109413492370874,0.0348741738907849,0.101211261023731,0.0964069260466438,0.10057676136926,0.0829089103581871,0.0551551310403099,0.119456851329791,0.109273182938419,0.109686133604473,0.11200780235024
gumbel,200,552,1.33333333333333,0.25,16.6707690080685,37.9735298365555,35.5598258783993,30.2951492230013,35.542947242105,9.29142466686615,19.8887680887688,18.6878796484121,16.069317654772,18.6801265261593,14.9017356298461,38.2803812034457,36.5636445867065,30.2333763792624,34.5793550956255,0.0435900714504378,0.0962345944855896,0.0832412270266553,0.0800771126352599,0.093832545734294,0.0447636842638171,0.096929191816597,0.0906151900771697,0.0785713348128885,0.0906158460193365,0.037046800349073,0.0951338334716521,0.0909269269260538,0.0729444234610026,0.0863216283656329,0.039489177050104,0.0946955615806032,0.0889822728579543,0.0741355246555474,0.0874158193306647,0.0409829785153246,0.0975485810397874,0.0915043398677465,0.0783526109225303,0.0900324643440912,0.0411955138244181,0.092220610189866,0.0872244218911039,0.0712914983525254,0.0860845700968972,0.0409074077562782,0.0957582672324539,0.0900792058088982,0.0751970679990218,0.0884391487348162
gumbel,200,553,1.33333333333333,0.25,8.97850004361733,27.7592757278885,27.1786850589299,19.9786387217248,19.012928398765,5.46453491741635,14.8083278991248,14.5197304422696,10.9375280123631,10.4574555284022,7.68332598143483,27.0994492514779,26.8794067911022,19.4551183709016,17.7961981268561,0.0245957982561984,0.0677954331076519,0.0679654441046987,0.0466082728866527,0.0432845511711353,0.0168347800941574,0.0647088896214843,0.0651585169157464,0.0399037182738399,0.0389565915359081,0.0226936640426198,0.07133655025979,0.0695266638414714,0.0521322231016478,0.0484696049663188,0.0231125033873648,0.0682784148749003,0.0651898230089948,0.0499353269379466,0.0467405405268883,0.0240343397062521,0.0697468687220407,0.0666928684177894,0.0503560355498935,0.0481386028591563,0.0166865091912831,0.0710896400238108,0.0727524548471785,0.0405616345538953,0.0421698332448922,0.022120422119756,0.0688689083447553,0.0669788048380423,0.0490024487273231,0.0459850277526061
gumbel,200,554,1.33333333333333,0.25,18.7163248940648,39.0958098453562,36.5188296134334,27.8408091012907,34.7605861438973,10.3091637300078,20.4474449048148,19.1653232443422,14.8485727484201,18.2910358423695,17.1860695218807,39.2705312585858,37.0575077781233,27.5719160346367,34.2171877791484,0.0498152220546943,0.0980718197352064,0.0927943683023148,0.062416033644987,0.0819992313067689,0.0463018519153388,0.101343148367868,0.0956743964055272,0.0699150063308262,0.0885074351250779,0.0492538976733157,0.0999862923129134,0.0927275488418218,0.071685102365713,0.0897892356325804,0.0462364437409722,0.0965952780464309,0.0903198130969489,0.0667476411829255,0.0854011780538337,0.043938237645103,0.0962324085746224,0.0912587962070924,0.0657716979140249,0.083334659762803,0.051524106884116,0.102136613052418,0.0925186859087113,0.073436193647426,0.091487037284558,0.0467618343398755,0.0975098849981246,0.0908522965957667,0.0687172056262367,0.0862710145641555
gumbel,200,555,1.33333333333333,0.25,22.1822370527729,38.9004335051495,33.8617398177982,32.3811523943439,33.7024531696615,12.033943834851,20.3507913049731,17.8441922138254,17.1074602102728,17.7653718997858,19.8250575402974,38.7084819320502,34.0105453270303,32.0938379379178,32.5590386924187,0.0484939748216582,0.0828645001982291,0.0677374827009072,0.0672728471678065,0.0763248443468759,0.0559239903948658,0.0848066389610671,0.069794121584577,0.0721228780505885,0.073187421216814,0.0539819679555252,0.0911227005306942,0.0778164452040049,0.0756446240625777,0.0778659793662333,0.0539708398329253,0.096750678155504,0.0838249619571126,0.0806315089257775,0.0821643253004523,0.0513073778255698,0.0931781085202749,0.0812355106189601,0.0770054451664839,0.0775049786956482,0.0429694892140705,0.0777827583280849,0.0689662135627623,0.0658201165495353,0.057919550063104,0.0539711456018543,0.0964256894693903,0.0837000414619179,0.0797794149021103,0.0820879920421151
gumbel,200,556,1.33333333333333,0.25,25.6743944653075,49.6962525689308,45.5772300522061,37.120001555496,42.6037025596324,13.7709861750865,25.7215441685038,23.6723874084546,19.4651083494085,22.1933588996057,23.3068766113818,49.5544760463835,45.8043827614466,36.7608413792025,41.5924837683195,0.0672012358034818,0.110750427595329,0.093744799496204,0.0905788697950602,0.102022129796394,0.0514315268911295,0.114794847454845,0.107043665307993,0.0826398008280305,0.0967308132024601,0.0646612022015707,0.122096447809289,0.110848373696638,0.0906121297690076,0.105095827491873,0.0620907869518201,0.123726046025462,0.11415788735064,0.0913130174873617,0.104964539310275,0.0632589689404286,0.120767197604518,0.111077458027922,0.0893512201206743,0.102786755385023,0.0463012159271259,0.129086078692793,0.114386180766064,0.0962508851404026,0.108425939153365,0.0626425742305954,0.124172783617219,0.11374207863582,0.0921176294101875,0.105468944543806
gumbel,200,557,1.33333333333333,0.25,21.0574421714908,32.2014006625434,27.4513990695665,24.9389729850756,32.1921732833471,11.474005412879,17.0175051312222,14.6544650941023,13.4046114891498,17.012999651758,19.5810294386754,32.5144640959816,27.8541597793036,24.8952308393527,32.1056950648194,0.0519547662161942,0.0745622664376805,0.0651441778508039,0.0624851571785133,0.0782902140417526,0.0462883177589048,0.0813505703154309,0.0716469752467017,0.0633185345666181,0.0806943470200106,0.0483875365970113,0.0784198392805193,0.0669061530500606,0.0591668115017685,0.0772680315700316,0.051501135145659,0.0802057656154801,0.0679310693115435,0.0618634562172035,0.0807172816045545,0.0490254953066732,0.0777907027866344,0.0660303634972797,0.0583174482292717,0.0778541017801626,0.047887816361304,0.0824574735132182,0.0726961923776092,0.0646017574633074,0.0815102671974784,0.0513197560558505,0.0807312880992782,0.069024985660846,0.0617933505698789,0.0803338435893498
gumbel,200,558,1.33333333333333,0.25,7.27188829726186,20.9655064479804,20.1936496477129,13.3108920871135,15.3719600617193,4.61535438861181,11.4279082925561,11.0439771561719,7.61974291514477,8.64582033185041,6.81465561697713,20.9420954110556,20.3527208321244,13.2382314209298,14.744456827849,0.0178092809279865,0.0567233220609817,0.0553094368670827,0.0362217125669403,0.0403147759756576,0.0200053194041376,0.0517524794748306,0.0465474846250301,0.036443897559812,0.0401989740743469,0.0184738815735822,0.0531751490875359,0.0515270269140483,0.0330917224060135,0.0365129436571172,0.0176614131732028,0.0517966120325357,0.049818496032433,0.0327025664618697,0.0363697348793153,0.0183422542996157,0.0511655490704689,0.0481492775699617,0.0335311255461305,0.0365495434732974,0.0188814314405147,0.0558553443812997,0.0547140217484826,0.0380323884405072,0.0408851988891119,0.0177595808939073,0.0516747240553399,0.0496104903900159,0.0328170197491028,0.0362359446052427
gumbel,200,559,1.33333333333333,0.25,24.0494840749863,31.4126927873164,24.1447763187321,30.803627453163,36.4916584834723,12.9619108557925,16.6247819401996,13.0092136758873,16.321841263318,19.1515985452107,22.6646882528885,32.0035255156609,24.7536291781809,31.1232307719502,36.6490011127973,0.064770543321659,0.0815667965335584,0.0618012401588598,0.0788970082092456,0.0951816120002855,0.0596938657240086,0.0822914109773938,0.0639079741303821,0.0806579104870533,0.0933939060814099,0.0597550546964734,0.0773141110394777,0.0593577989180231,0.0760084742054413,0.0904248232415818,0.0614557147380458,0.08024396372853,0.0612485878071893,0.0792001157945053,0.0930508861477827,0.0612657357593846,0.0802832068654654,0.0614058612105919,0.0777477358585731,0.0931141232738901,0.0564653503423866,0.083531196659019,0.0636357865294317,0.0729719690597919,0.0953172169293661,0.0606121515061888,0.0800723107047848,0.0614095407784508,0.0781393997900516,0.0925631163994225
gumbel,200,560,1.33333333333333,0.25,22.5535542519533,38.9043109471818,33.6601931063998,34.5604498588028,40.1652755910265,12.2178070169153,20.3518749805866,17.7430638971351,18.1911067077278,20.9795746878917,20.6464017094235,39.294742811037,34.4505567415073,34.6191364573883,39.4876872298708,0.0610566571249274,0.101671206478819,0.0883766711743684,0.0908127813883008,0.105303976257627,0.0518710491154739,0.092114682781813,0.0794851235940378,0.0830789624527192,0.0963976881930363,0.0575453003284405,0.10132792631834,0.0875875100011723,0.0899175424688129,0.10395939190509,0.0581018803821902,0.0998793006122943,0.0862695452841963,0.0885767014779274,0.102761123329105,0.0592530733386682,0.0989853736515714,0.0849260101581975,0.0891921231599256,0.101696295483825,0.0591348866553401,0.0968378487954595,0.080372078605967,0.0901709785087136,0.0963773082928478,0.0568401068015977,0.0984031265945348,0.0848978600020503,0.086956315217728,0.100930207982166
gumbel,200,561,1.33333333333333,0.25,11.6155343531873,22.1965004075407,19.12642424623,18.3592353523524,19.0534085679478,6.77634502208206,12.0404860652666,10.513292741104,10.1314742717769,10.4771214791676,10.6413407035338,22.1083766020714,19.261811547057,18.1508733166788,18.514484363587,0.0332556277593031,0.0568314806549296,0.0443270140572936,0.0503179662510965,0.0465581833795093,0.0321275286948994,0.0535531340911231,0.0432742954651293,0.0442857214294517,0.0479120445447706,0.0276149865691163,0.0534918106078442,0.0459954075614498,0.0439619995066023,0.0444555704146782,0.0288795582440887,0.0536688551837508,0.0455555650606393,0.0442080536280296,0.0446881257167278,0.0250606556336349,0.048595273472783,0.0423532430226655,0.0383887061412787,0.0377787388251498,0.0283467048103897,0.0237700599180462,0.0127289918240065,0.0183076764662821,0.0102949232305141,0.0290294925898314,0.0555922124424685,0.0475639496566833,0.0458494634339315,0.0471540946046203
gumbel,200,562,1.33333333333333,0.25,13.7006571252268,37.0091433177744,35.7680734888525,27.4890382882388,32.2135939339598,7.81333298868239,19.4091516337327,18.7918212965313,14.6733466894346,17.0236589316515,12.2852766036964,37.0011295764192,36.3484727501255,27.3797587086662,31.3893163358792,0.0392513601480129,0.0973860352868794,0.0936979531654458,0.072695397031125,0.0850143274077739,0.0365129385583918,0.0949133353037176,0.0901319961445313,0.0708307998506274,0.0829833878127616,0.0346215543571413,0.0881110240424609,0.083956620203723,0.064367002592337,0.0769065144477249,0.034035345288105,0.0927786655217947,0.0899089222902559,0.0674646281006796,0.0795390327953538,0.035278900315361,0.0946665580315023,0.0896079729739071,0.0710950710803331,0.0825341992481336,0.023248519244558,0.0933060444329804,0.0926389172082393,0.0693169754776025,0.0803588778826006,0.0352141792268272,0.0934596240168084,0.0899813891238989,0.0686613577039466,0.0809625271246291
gumbel,200,563,1.33333333333333,0.25,12.3769241630083,33.6956853371982,32.2534640594602,28.1030638495093,29.7849602570543,7.15530391037804,17.7608801396169,17.0436312250071,14.9787109653433,15.8155447734999,10.8130668699856,33.6229792059392,32.5748940174088,28.0870124342924,28.9543911126357,0.0359308496316768,0.0890925886918055,0.0854495605645055,0.0751274570426003,0.0791671615305342,0.0260838739525542,0.0870927216863078,0.0842999375792235,0.071321142340925,0.0726081056271203,0.0317818202436952,0.0853979298830135,0.0814221553547592,0.0707611718758108,0.0745273070201224,0.0301417784222922,0.0843198727386038,0.0809823174599956,0.0690316303247403,0.074085662263748,0.0281126113940607,0.0831739181773989,0.0793625049709112,0.068609198557333,0.0726847217952979,0.035918095528548,0.0754832035122196,0.0586054676063346,0.0708926123403841,0.0698787196236394,0.0315346574690633,0.0852872308388307,0.0812459310353975,0.0707750613692796,0.0750421567201631
gumbel,200,564,1.33333333333333,0.25,14.3366857740894,35.503084412218,33.2973455997138,27.2485172143205,30.1283029496925,8.12981568907535,18.6600674475696,17.5628286711015,14.5535920244181,15.9868121569568,13.1009352981046,35.5395653276636,33.7168120281095,27.2458332262605,29.2117388547683,0.0385139326448958,0.093530176565116,0.0881939077951194,0.0725637423907213,0.0798673082754432,0.0405036106536291,0.0867449443677455,0.0774280735030663,0.0682934893848706,0.0749139238489758,0.0354734904983539,0.0892614033110275,0.0832338676563593,0.0682572064848007,0.0741717898820351,0.0355054760786021,0.0883212065623592,0.0828610560460147,0.0676450072248472,0.0736387618974419,0.0342537556213563,0.0894829825515249,0.0839384083048431,0.0678365187340075,0.0730878797595195,0.0236071889084632,0.0934559008667711,0.08689649562517,0.0709992303239743,0.0730142955746562,0.0362834358680898,0.0892752122806194,0.0834913706077995,0.0684265843668098,0.0743818348079163
gumbel,200,565,1.33333333333333,0.25,24.910557723325,43.267409414672,37.6064015845146,37.9727493332221,41.8238758852805,13.3905719092792,22.5230536098215,19.7072019110535,19.888848836662,21.8047890050095,22.6878459839881,43.1848540832438,37.7223173808423,37.9770338763242,41.1200395816354,0.0601876507400807,0.111430464357833,0.0988867587481071,0.0840960511090734,0.100526980886705,0.0635867737015946,0.10416167971234,0.0849024382004761,0.0937940560081702,0.104722191936187,0.0640759152378378,0.109240598355336,0.0941249079216075,0.0954408825803606,0.105275811163657,0.0614102451336511,0.106446903781201,0.0906582249220628,0.094085129574054,0.103467374223028,0.0624540858093441,0.109934335705956,0.0940540981684686,0.0973164034311673,0.105776431795147,0.0647856333945262,0.108157393038862,0.092363870128381,0.0962000006623863,0.106764956044264,0.0624405685313921,0.10861833196123,0.0936155768299492,0.0954114873847959,0.105184769923788
gumbel,200,566,1.33333333333333,0.25,12.3962068190914,28.0224614316268,27.002151261227,14.0087124032629,18.7202190788214,7.16531028933318,14.9391089242294,14.4313669255097,7.96735070000495,10.3120154171474,11.6184026700586,27.8117803986389,26.9322509249961,13.5913674117046,17.7878550092861,0.0329893839274552,0.0730878315269406,0.0712754919215478,0.0391337659943714,0.0470370953538618,0.0297738529622002,0.0630482461519129,0.0609066233032524,0.0286317405460997,0.0407036077796553,0.0316963776201035,0.0680056305157199,0.0623941935685546,0.0347923108465496,0.0448933893584852,0.0303719069390212,0.0691028306636147,0.0667609410835495,0.0340330578195383,0.0439646187862944,0.0300834386934791,0.0707385441189977,0.069341874961718,0.0353172744097776,0.0445501186204387,0.0356247124497986,0.074894241497713,0.0724723730629177,0.0399135665443647,0.05146961309595,0.0296810696412254,0.069479093265266,0.0670129575887416,0.034344819532425,0.0445324208425883
gumbel,200,567,1.33333333333333,0.25,14.513720876175,24.7474013476631,22.0432275929599,15.9818816760774,21.8938224969765,8.21799028655696,13.3094286108785,11.964268762544,8.94856688843808,11.8898402057264,14.6865669569477,25.0015222898198,22.1290759130294,15.8795886926291,22.1574610288379,0.0407086561602155,0.0572265380329334,0.0425686291244985,0.0340328459817792,0.0509464813985684,0.0353757710860748,0.0646003995153842,0.0568460350888721,0.0431093866075283,0.0564765464609858,0.0351758521592353,0.0635655577866276,0.0573108950044493,0.0416661431626877,0.055714012617172,0.0374216912617646,0.0633501870841308,0.0560675051354823,0.041759084920929,0.0561157398075516,0.039089481882437,0.0582547016173842,0.0498045805987202,0.0374128934104125,0.0525861604796028,0.0389973198645328,0.0559021358935952,0.047857108100726,0.0314705898621188,0.0491037333552656,0.0367481124813814,0.0625439381329141,0.0553519629110875,0.0404886855352729,0.0550141536144598
gumbel,200,568,1.33333333333333,0.25,9.68429296901127,42.1427647098226,45.1556386647067,27.4166581652633,30.6032259063156,5.81565202969994,21.9634158263033,23.4623785965556,14.6375218957378,16.2229303660676,8.43313654321086,41.832163455632,45.4486338529233,27.1634586998957,29.5170754610243,-0.0311452199834266,0.107668850380195,0.115285762839107,0.0516271925779945,0.0598434063695135,0.0211638420610516,0.104518136030682,0.112695509154687,0.0676807248749066,0.0741764548820344,0.0233267634541115,0.104956128895771,0.111918916177995,0.0685322134545157,0.0758062254156046,0.0240266636399846,0.10643724660648,0.114203537729954,0.0686527294712906,0.0768209007892175,0.0220446743161895,0.105352357387237,0.113526360399158,0.0667468660555738,0.0742153889497465,0.0290901543157363,0.0962013025568994,0.100466217985442,0.05683878718684,0.0691330656488239,0.0243847726563227,0.105283580817935,0.11227837068019,0.06771475818963,0.0758727266617258
gumbel,200,569,1.33333333333333,0.25,20.06781245435,44.8263717788484,42.6720494486364,32.2640700173396,38.7884745128489,10.9817877600779,23.2983300187806,22.2264988618969,17.0489462059618,20.295103300073,18.1154209550811,44.9529434211477,43.2731897686796,32.1240948195654,37.8553194010352,0.0541755424282617,0.117064709909473,0.111520681369256,0.0856370087720527,0.101939863383965,0.049684216347678,0.108786110372339,0.102553352698531,0.0748436806034129,0.0951925531643666,0.050359744620005,0.110962309782896,0.104483992920174,0.0797315379541883,0.0956404328296849,0.0467526176918352,0.111340087675433,0.10657662952084,0.078433700399016,0.0939878056182825,0.0487582760886342,0.111188523374805,0.106096937444554,0.0803651686280474,0.095766837028741,0.050587539130529,0.116820966663882,0.111551750079581,0.0798482850382409,0.0997086697087572,0.0464844699299285,0.112298329499742,0.107493166371234,0.079437008785678,0.0948946480303894
gumbel,200,570,1.33333333333333,0.25,17.7733039664098,35.0078191701177,33.2934496086374,23.1508013290993,29.4529445561859,9.83997964009131,18.4142005136656,17.5614760273783,12.5155230728025,15.6507548644556,17.0996176187455,35.0999877483182,33.5524161549923,22.7194385729317,29.2018531043608,0.049354364556469,0.0865026423899216,0.074234762830064,0.0625183877948168,0.0778060499079243,0.0431631943330356,0.0916777661635928,0.0866547549728871,0.0584768738765892,0.0756141540474766,0.0446206065009487,0.0883553173791585,0.0838955887999367,0.058931637430941,0.0749766537389865,0.0443011842460233,0.0866286971902449,0.0824161961619193,0.0561300548824423,0.0724577905515172,0.0461956383547242,0.0893586706975802,0.0851408801669588,0.0614194824899515,0.0750795022339035,0.0454710475126804,0.0913987035656715,0.0882328010986696,0.0534175681039595,0.0693297417920253,0.0447308810170252,0.0875074438288332,0.0825320523127585,0.057473497298198,0.0737016943584395
gumbel,200,571,1.33333333333333,0.25,13.5026129665988,21.9433352520284,17.84664284187,20.5369106042341,16.7508839625781,7.7155264424506,11.9152417456353,9.87738315559816,11.2152020110675,9.33273441129119,12.0357126423342,21.4687819098497,17.520933625778,20.1179340100428,15.526897380147,0.032673740415765,0.0527248942067968,0.0434120062382695,0.0480774236386165,0.0326373380922987,0.0378193177115316,0.0584473672546277,0.0477152668650004,0.0534349628592557,0.0453105009202019,0.0275346592298345,0.0477618412717702,0.0389857661866646,0.0435929495041903,0.029149953013544,0.0330715265051091,0.0528360032561549,0.0412809903596184,0.0499116943779811,0.038760287760693,0.0356738245703748,0.0571413770075688,0.0454897771268009,0.0536778902879067,0.044017196201713,0.0387064086351836,0.058300748836762,0.0462265054594795,0.056239065044815,0.0408876361378355,0.0330302463040749,0.0539280182579679,0.0433993164334821,0.0507086887339724,0.0389831647080155
gumbel,200,572,1.33333333333333,0.25,14.0608468166167,29.9888298041924,27.6502230426854,19.954365009959,23.897854341522,7.99285691605411,15.9171736305062,14.7538484285417,10.9251249424991,12.8872249044123,12.8351246651511,29.7648278363923,27.6475718703186,19.6769001886258,23.0992076726544,0.0396374926714499,0.0785580101005884,0.0728538668768555,0.0547290568095249,0.0603024274079302,0.0346819771801997,0.0714333685421625,0.06324103388949,0.048644527461058,0.0550870085660615,0.0361902462386253,0.0765583366613612,0.0702752973697433,0.05274405612173,0.0618406088646444,0.0352607137322889,0.0758681245348796,0.0696949821542433,0.0498737169183957,0.0599581206844716,0.0359201624221049,0.0764438924443619,0.0705777481426954,0.0506626335950433,0.0609677431271018,0.0401519707871243,0.0731957585444664,0.0618724481333363,0.0499374937653497,0.0570747453874134,0.0347039914248469,0.0739719849336541,0.0678242368316919,0.0489647971966494,0.058287540248805
gumbel,200,573,1.33333333333333,0.25,3.57121640138855,14.5372227347998,14.9383456104051,5.12679757619311,6.65994719362922,2.77510652668229,8.23027111127102,8.42963161003359,3.5487790974046,4.31238017673741,2.63396205492509,14.0874788009621,14.8635996067211,4.57929532522949,5.24940090350027,0.0139099639551789,0.0312085193986998,0.0284733867658616,0.0120752581313435,0.0170002058805189,0.00774959390037829,0.0372090686744749,0.0394792827901225,0.0117863963398371,0.0175375914478235,0.00592132540537303,0.0340000898930754,0.0357712133786941,0.0110573366789846,0.00919269889347142,0.00736380657441588,0.0352463872994655,0.0364042236931363,0.0107493276020051,0.0138441792289018,0.00697328215888982,0.0348417522429327,0.0367110999557531,0.0102091786786573,0.0135222028951404,0.00121000282937319,0.0382152217412997,0.0408661672922534,0.0167957342845704,0.00918326995977096,0.00654507614751677,0.0354299970299314,0.0371378172046433,0.0106957775079029,0.0131922845124221
gumbel,200,574,1.33333333333333,0.25,27.5051342650368,46.167078819383,40.2325232654515,36.284172034479,42.3842872225746,14.6815774139566,23.9655784399156,21.0132118257724,19.0490123966702,22.0841507634854,25.3393895650307,46.2668576884447,40.5112740567082,36.1381047374685,41.7069894214526,0.0712739683623076,0.120126781115558,0.104926605325558,0.0957083447392681,0.107698486824469,0.0648420324895563,0.11813325332932,0.104441094193906,0.0911316978087033,0.106116901346304,0.0661002712624499,0.112523355024026,0.097245552644172,0.0896989141992373,0.10256424199657,0.0701187587336892,0.115129294094008,0.0993924257447973,0.0904832591773825,0.105876765398876,0.0630408408065946,0.113267936089666,0.0998736936791854,0.0883572269754081,0.0990220348418534,0.0729153878902,0.113627479849977,0.101241933331182,0.0834552880737008,0.101094906765075,0.0684996247113739,0.115811792593156,0.100381560285849,0.0912736412416426,0.105670391470438
gumbel,200,575,1.33333333333333,0.25,16.2703837239389,37.6547437652698,35.4693260236505,26.3196590140424,33.3365554802416,9.09153372137782,19.7304304282317,18.6434792557068,14.0913215991326,17.5821265685842,15.0864450896869,37.6746244739444,35.7022050825002,26.4018102513916,32.9369648555114,0.0453039217315882,0.0826851097135855,0.0687444281638888,0.0591594016760751,0.0794409881496649,0.045035141114894,0.0951284229759586,0.0879258877553697,0.0666136056517815,0.0864017817969217,0.0406870640531601,0.0963595683402238,0.0906509774998168,0.0662942835460717,0.0848239719245878,0.0411053998969252,0.0949551902015879,0.089232999343599,0.0658695674608645,0.0840663478049595,0.0399277167816664,0.0950132350165107,0.0896632953423852,0.0665784572715053,0.0838054346411181,0.0449452711967775,0.0986087705222871,0.0928866659442324,0.0706614188074582,0.0875024303585059,0.0423057192144681,0.0942981280649712,0.0879246771257722,0.0661591724403796,0.0838131702433718
gumbel,200,576,1.33333333333333,0.25,17.4581796477771,44.761010811149,43.4984147598309,28.897506330559,31.5357290211431,9.68374515409839,23.2665653213778,22.6383332077273,15.3746411685111,16.6878292601688,15.1770336562637,44.1479258587917,43.4425228969615,28.3919113848691,29.7688118982243,0.0439065571932239,0.114928255351035,0.113017767303716,0.0735663297045081,0.0807016831256853,0.0367913747927391,0.111410977456121,0.109712260473851,0.0704347040992991,0.0748604844505056,0.0399757825817503,0.108171794055557,0.104986228071316,0.0701917241349298,0.0741912904888298,0.0428716034164959,0.112421324181414,0.10953667074057,0.0726582713558003,0.077968405771634,0.0429962065457059,0.109435242449896,0.105778773598851,0.0694899990025604,0.0762367591096849,0.0476025550086404,0.115259713021887,0.112158160833953,0.0755039440325657,0.0807493671656613,0.041365130291429,0.110441113688699,0.107086091105954,0.0710571681153292,0.075747646938411
gumbel,200,577,1.33333333333333,0.25,11.6023776386646,34.7014896623942,33.7958519648889,26.2858106939756,28.1045349998585,6.77079577828421,18.2612759704565,17.8106033497012,14.0748823579392,14.9799074522742,9.42039314617906,34.5143457892489,34.3216604414312,26.1055474701046,26.8262425558655,0.0310549844133698,0.0916495586433443,0.0894803152404092,0.0706573130936085,0.0752463299707257,0.0338282045889449,0.0861478178803926,0.0811042101331042,0.0671664078290937,0.0722176824787176,0.0245138338919326,0.0852731813661369,0.0830656754062341,0.0628698523801463,0.0672130548960965,0.026102606993828,0.0866010771924361,0.0852123068370709,0.0640277152270121,0.0683573547818696,0.0258405359865491,0.0875577338711886,0.0861056899233107,0.0662657699805907,0.0690932924778209,-0.00669002105548761,0.0843896166385705,0.0876346930086784,0.065717530028871,0.0583116244855258,0.0250129152277477,0.0865973291767948,0.0849920320246706,0.0647914564757196,0.0682126631453924
gumbel,200,578,1.33333333333333,0.25,6.0942433562506,27.5880497810771,30.0237915798727,12.3966053145527,18.6986688208362,4.02945287674961,14.7223152472239,15.9340159697698,7.16491681338329,10.3004953014957,5.78996524680487,27.6682283199877,30.4261215410371,12.2423063052362,18.1947892491362,0.0072934840273909,0.0538593297988041,0.0590297971944004,0.0193688265416159,0.0256908932081021,0.00862706627051256,0.0637999997178957,0.0688652131778428,0.0242090508957461,0.0392099882474868,0.0153054004783481,0.0704788517688894,0.0757934064064957,0.0322342615378602,0.0470757510050207,0.0153302452410965,0.0703774709152114,0.0765425339895996,0.0311760556145741,0.0465785512003873,0.0174208297287313,0.0704124197532763,0.0760406961727267,0.0314600852823167,0.0480174762548194,0.0149747760689769,0.0738863536153662,0.0799187977702594,0.0340221857321448,0.0511943223845651,0.0147122959266422,0.0688291924256976,0.075056321913311,0.0304523919506525,0.0452036612979016
gumbel,200,579,1.33333333333333,0.25,10.5236576410883,46.9063993588982,50.6392714773147,32.6056933724516,33.3130621732857,6.23299533211422,24.3334568010033,26.190805357388,17.2190051396763,17.5714672709887,9.24391461984694,46.4469620955694,51.0370584100432,32.3632438698801,31.7766509667969,0.0295349816711068,0.121585523667894,0.130771662769129,0.0860818171875768,0.0863972618372167,0.0288061877820957,0.118907962539501,0.127271142227853,0.0828310420079923,0.0833957901909245,0.0285019437141499,0.12014887076896,0.129361472228407,0.0831009030105144,0.0851450063203287,0.0259432153748576,0.117865732067513,0.127370808630113,0.0811278767419163,0.0816592519639088,0.0276634004871881,0.117615863052626,0.125799531673728,0.0825519690587956,0.0829112585622689,0.0259832892711017,0.119889007502057,0.128796533736595,0.0859481221390616,0.0852229770521941,0.026704406669192,0.117873747261204,0.126403482042614,0.0819492612833485,0.0827307835530364
gumbel,200,580,1.33333333333333,0.25,28.5504583331469,55.4950547852052,51.5719494022219,39.2438582939972,51.0891089802405,15.2006588979541,28.6058803646716,26.6543300360887,20.5211196890659,26.4141313946857,27.1517182442079,55.7995133031471,51.9388899732794,39.2678928825423,50.8559456441242,0.057389205386917,0.134559469881674,0.131833879298412,0.0864878710524732,0.110332405987153,0.0750975862618563,0.141253920156402,0.130065171326124,0.0994407827609632,0.130565770710738,0.0717920815373283,0.137132031278213,0.126705782870487,0.0974205562816343,0.125947419066849,0.0735274390740952,0.140309376489072,0.130127474842054,0.0993428101785758,0.12888030653024,0.0732167620069437,0.140241553426149,0.130751353794702,0.0984139604226484,0.128310221852363,0.0763202214639134,0.142889627153301,0.132536920555416,0.102498378157019,0.131954283068271,0.0728648527791421,0.14013156572943,0.129885374720305,0.0990285057269412,0.128655758289781
gumbel,200,581,1.33333333333333,0.25,9.98730400406737,21.2654508716762,18.1121400473622,23.4055239737961,23.9423870040176,5.96618867126276,11.5765155614213,10.007970672329,12.6414616229462,12.9084655305269,8.7509303926956,21.663802023078,18.9653192754523,23.5905040629033,23.6224998312271,0.0187706530600375,0.0512191134429721,0.0480487305451691,0.0429231106342585,0.0529552389782624,0.028916220670264,0.052275525582277,0.0423696287457856,0.0569751354081792,0.0614504790066172,0.0256854223689936,0.0534068243482465,0.0452946161623646,0.0570422583843881,0.0594026394991189,0.0239634424889053,0.0539921636087083,0.0461373316809588,0.058254278504774,0.0600230588533317,0.0258315114000091,0.0557872312225574,0.0477192594806716,0.058479345050184,0.0611371860651985,0.0294519482050578,0.0466698504332213,0.0364681604700219,0.0500253724943304,0.0578271307096938,0.0242801582086215,0.0540645092672074,0.0458535985093383,0.0585636854094426,0.0603120116049567
gumbel,200,582,1.33333333333333,0.25,6.45547389892228,12.5025899790994,10.2872748509369,12.4359330059281,12.8902756120984,4.20937733013268,7.21754899185,6.11575143844734,7.18434186524725,7.41045052640769,5.52137477781887,12.5814050445035,10.5654374030132,12.442209515024,12.589615493448,0.0106032823167059,0.0361217896418246,0.0288070740121807,0.035014089404189,0.0371242459187763,0.0159049748873865,0.0309218850671753,0.0251866861238274,0.0322948698849182,0.033152655723748,0.0181945209159087,0.0304640873180991,0.0223595713537272,0.0325606619207146,0.0336344508283418,0.0151921380241013,0.0315619600817148,0.0257042556539042,0.0309375619862224,0.0319039578496045,0.0148007711932403,0.0308366995745783,0.0229720439076589,0.0320632619978186,0.0329735574568792,0.000863255616532268,0.0322301109129282,0.0301337967076732,0.0222349842481631,0.0246842788753846,0.0148327811014723,0.031249050127001,0.0249676853441043,0.0311244235879764,0.0317494907599965
gumbel,200,583,1.33333333333333,0.25,13.5268805000519,35.7669970084711,34.0272727709504,28.0541656708719,28.7699265878989,7.72720701889894,18.79169334181,17.926334751834,14.9547967961898,15.310997119917,12.0700028938963,35.508966950004,34.2917526531287,27.7602242291153,27.8639140146441,0.0381909109883447,0.0936237124707096,0.0892207553993606,0.0725999139935695,0.0737027739608417,0.0370739483994849,0.0912905956082763,0.0873378741594212,0.0681069143729467,0.0738877431765421,0.0295737196269142,0.0814297018541206,0.0778787641195649,0.0602674683160176,0.0613054146608125,0.0289617332524578,0.0855087557164528,0.0814083409722107,0.0661968738131941,0.06695218096093,0.0316569377439716,0.0861701549466882,0.0814527836824658,0.0672247326772362,0.0681304230728918,0.0256404576406291,0.0918818235387715,0.0897206836158365,0.0717832884052152,0.066508850931592,0.0336306554871977,0.0900740647181167,0.0853025675645094,0.0701559366979023,0.0721082209620574
gumbel,200,584,1.33333333333333,0.25,17.553759856322,43.0838581545975,41.7605281815366,30.8221156784909,36.171757822367,9.73095184441253,22.4315581675628,21.7734038915357,16.3314327148857,18.9933353475031,15.4969831229438,42.9019453091072,42.1287359712804,30.7780370855956,34.7280135530561,0.0421238980128448,0.11266181504452,0.107006145722015,0.0811549909794672,0.0926385461871895,0.033827138687186,0.0992903374301696,0.0973431792470469,0.0660658150646063,0.0789891138025296,0.0405298043627844,0.105125120922873,0.101767003222194,0.0737625853722585,0.0875937623584466,0.0449033056091762,0.106997721964744,0.102199875264693,0.076791002552136,0.0903910773660675,0.043305085244412,0.106747996432969,0.103249934745882,0.0777871437316715,0.0893835789907369,0.0448784980991663,0.110685077454264,0.108508895611631,0.080004207608203,0.0915850955229837,0.0437631481871331,0.108465251038315,0.104539489008325,0.0775894215202962,0.0901131258940045
gumbel,200,585,1.33333333333333,0.25,14.6318187747321,38.1080145774901,36.6804244917746,32.1044041979342,34.3554707086909,8.27666488453181,19.9559904212112,19.2462050248215,16.9692314451704,18.0892971429646,13.1748113927476,38.1103525757372,37.1394118382501,32.1775996467799,33.5495993431591,0.0409366620517479,0.0934346730226466,0.0887260075390414,0.0784535987723421,0.0832188525874508,0.0219654581709967,0.0900103639292853,0.0900531432505802,0.0678060865034011,0.0735720784963925,0.0339715818830498,0.0948998962658567,0.0923063580924737,0.0798417072787365,0.0820180499855171,0.0380750575528599,0.0948518223172953,0.0903872193441327,0.0807160464865949,0.0854912704686111,0.0396257569149738,0.0917426291379954,0.0845468817736782,0.077411956408257,0.0837779752868616,0.0361043717939885,0.0760347939568234,0.0680500411533189,0.0685929772222277,0.079538949118849,0.0365708389774263,0.0951524138229319,0.0902300332435765,0.0806031291575751,0.0857061046723335
gumbel,200,586,1.33333333333333,0.25,24.3938114978339,37.158485790342,31.1909775831286,31.8215318662583,31.5668648677914,13.1335260194338,19.4847079970515,16.5162583008327,16.8293240311287,16.7032371295333,22.5560780772805,36.8580785530034,31.0673988796453,31.3441877126801,30.6718411459354,0.0643221207809938,0.0977455906554866,0.0828713643833554,0.0826004873386846,0.083655247324608,0.0644164063233311,0.0938951814631148,0.0772198399888166,0.0830344541358565,0.0782447347425379,0.059660103427196,0.0896227363292574,0.0751407749688125,0.0751071662931947,0.0742122043919608,0.0623480032665386,0.0929422147837292,0.0777447004620159,0.0797455627989591,0.0775094028041042,0.0609247589132696,0.0914211157318742,0.0760387183398378,0.0772161187695772,0.0766179852668745,0.0651801418173504,0.0835989281043116,0.0653363710519741,0.0782796612823054,0.0724539328394415,0.0605788794442282,0.0913509214317533,0.0757825739400216,0.0786058670332207,0.0767317792178527
gumbel,200,587,1.33333333333333,0.25,24.8877255529101,32.515786962022,25.2451208211779,31.0958823119722,33.8946461585297,13.3799485274833,17.1740528620495,13.5569543804597,16.46778151308,17.8603708442706,22.4721650907972,32.7339673449331,25.7334776172683,31.0247951619523,33.328648440596,0.0659117433687108,0.0841809522805439,0.0661604136063253,0.0799980620602852,0.0860421827710443,0.0581609306895126,0.0759202123110146,0.0589485660896224,0.0694687703761917,0.0808862414314678,0.0635953327820765,0.0814878494022462,0.0625529301432484,0.0790730777023961,0.0851046964979762,0.0597246225063244,0.0808399798908139,0.0626024511088306,0.0775069516608512,0.0830703704290337,0.0615777650402784,0.0798193894326559,0.0606110358473931,0.077727586641254,0.0846258436993916,0.0271686501078912,0.066231257524617,0.0574496361614175,0.0579493609275002,0.060981883401255,0.0613432646728154,0.0822045154619143,0.0637049958627825,0.0785471830943668,0.0849751053304857
gumbel,200,588,1.33333333333333,0.25,27.5934543251444,65.9040723109911,65.372170222368,47.1181542925814,52.4694618160759,14.726288611894,33.7849071142705,33.5203627614324,24.43900122982,27.1022763056967,24.5716396241559,65.5169909769997,65.5133118238025,46.832265558727,50.2483654778124,0.0670454933720294,0.163730492508602,0.164216854154635,0.114967188693158,0.132426396349164,0.0692755216007464,0.166140274619362,0.164421655063117,0.115592358582409,0.131941714355145,0.0674683203958635,0.163229182098653,0.160388214102556,0.115743395566335,0.129440276092695,0.0633729066048387,0.165124005494002,0.164373460919273,0.117458241284842,0.12660065219896,0.0636851327308069,0.163526925363827,0.160991670995619,0.117186575583652,0.126820659117693,0.0736869464003667,0.169718211320878,0.167933391025748,0.122795132530067,0.136022965955579,0.0661892823488614,0.163601646944452,0.162161200248034,0.116039000908549,0.127661227829826
gumbel,200,589,1.33333333333333,0.25,6.17312539377881,36.5244899373888,39.7140179423504,26.065697285207,26.7596308821829,4.06843825286757,19.1681661971495,20.7551690853149,13.9652211436649,14.3105729964328,5.20767971954328,36.2175838285573,40.2437525876984,25.950600744592,25.5562431397715,0.018080561885818,0.0958694289950444,0.104277951365915,0.0701637692590585,0.070088369445779,0.0131385102047479,0.0937820361638433,0.102019564908424,0.0654184532627998,0.0679493331455921,0.0143134176156159,0.0944517305970102,0.102170502333732,0.0661459469628942,0.067999869517129,0.0156600907786495,0.0925359763759663,0.100089020576099,0.0654742657480752,0.0667922611937117,0.0181938046402052,0.0896447326589632,0.0959857858284108,0.0625093448411255,0.0662600760184121,0.01366369309365,0.0953141468423456,0.104210195027848,0.0655546612366344,0.0640758966394864,0.0156465309867309,0.0920974511221727,0.0998895188027321,0.0649948006394839,0.0666125631320151
gumbel,200,590,1.33333333333333,0.25,16.828674896987,34.3004360346607,30.871361358159,27.6581119674225,32.8330711104145,9.36932742825848,18.0615543869629,16.3558548280405,14.7570750024361,17.3317068710529,15.751327275788,34.5634786927939,31.3362196820224,27.8632279948838,32.5820021648556,0.0466154075001714,0.085377955573783,0.0705537961665136,0.0741409338536832,0.0864470855866589,0.0448415362711453,0.0877246438735753,0.0778058471165983,0.072594435568104,0.0845487648951995,0.0445880920890906,0.0888611276940381,0.0804437562169497,0.0705670958172612,0.085074323682166,0.0431630862608022,0.0877475553086787,0.0788198061585578,0.0702959147971708,0.0836394617822329,0.0425727725241269,0.0858429742203071,0.0764091698576395,0.0707524786202048,0.0829974703030599,0.041195189250241,0.0863526009239236,0.0810249509523742,0.0662473530925266,0.0824042923790391,0.0426582937462149,0.0859184179084941,0.0766765342222452,0.0691152549870197,0.0821731603350606
gumbel,200,591,1.33333333333333,0.25,20.8780927089266,45.223262204426,41.7056522761555,38.0101023604969,38.9199369117921,11.3850700332058,23.4962752237896,21.7467312931934,19.9075489723432,20.3604916268152,18.1429320686794,44.77865556192,41.7672035554356,37.9351161799203,37.6164610192884,0.055174695726809,0.11787906160612,0.106052926279565,0.0990144766058652,0.101287931174273,0.0442409817522766,0.101276696710341,0.0923796875446254,0.0859584738903923,0.0840370630100839,0.0495622576953915,0.111519885265344,0.101432790541152,0.0957484839019256,0.0956816628819702,0.0494626081299873,0.11243532889509,0.102546646611283,0.094452558807912,0.0964287693009151,0.0499290172022454,0.107209549519954,0.0962881658309782,0.0902978820261029,0.0931685369098352,0.0387959626500798,0.0932456149848795,0.0849434368538399,0.0745805389776984,0.0788068131626649,0.0507660101023785,0.113276925242297,0.103542543924927,0.0955839098064377,0.097171298856289
gumbel,200,592,1.33333333333333,0.25,20.127883726654,23.4066676693633,18.5205512440966,17.9957952061745,23.8755128696079,11.0114125520632,12.6423492348984,10.2113823760715,9.9506390456071,12.8761488843215,20.7770643758825,24.0504720595414,18.9985105986637,17.782584076229,24.2354158566208,0.0524456222417074,0.0495596397795702,0.0376485877192301,0.0207123068020945,0.0441480552303927,0.0407750323961531,0.0570310533077068,0.0464409975358631,0.041630775620159,0.0550006949287036,0.0478504199590742,0.0617624757632764,0.0486904885463651,0.0462264923959697,0.0602724159521593,0.0498268855089485,0.059209391465079,0.0472251014330733,0.0443809738371519,0.0587349477119768,0.0487817768675774,0.0591608001057907,0.0477506947607228,0.0434076804037816,0.0578677547448866,0.0552849777877332,0.058337800992135,0.0441605854344761,0.0499384870701171,0.0637692288815953,0.049136515238447,0.0578786131007658,0.0461527228486321,0.0438340366006545,0.0583441759252236
gumbel,200,593,1.33333333333333,0.25,9.13593336176479,14.0268416550414,10.6376757155972,14.7448557283413,13.6482363731669,5.54316576757863,7.97597615424857,6.28985546438176,8.33334944806429,7.78817120328573,7.99103019148679,14.0727717977452,10.9754001059728,14.5349103365647,13.0816228411204,0.0274927693252123,0.036220614337472,0.0281383488090908,0.0356775500811333,0.0350719091650052,0.0241383742615144,0.0370210660416907,0.0262277566970235,0.0390707943034151,0.0372166659972541,0.0247586028138229,0.0350992713939787,0.0254107468751368,0.0385391653053395,0.0350890408484279,0.023140648596693,0.0373374332352277,0.0291669090666332,0.0379731243258716,0.0352875189684294,0.0237648878033776,0.0362459810391064,0.0276944851683688,0.0375018973738317,0.0349619413227109,0.0186289884067728,0.027211310514903,0.0204481212734202,0.0343477228994682,0.0216292809486583,0.0220541269288705,0.0356006891452304,0.0272697092939892,0.0369175031849133,0.0329817143200699
gumbel,200,594,1.33333333333333,0.25,10.5563299987283,17.8430063354185,13.8050369064769,20.62439699886,19.5392072831628,6.24880334525583,9.87426471651527,7.8655884979969,11.2582552465957,10.718236789134,9.87530422248616,18.0852881752909,14.3087286360604,20.5355596322424,19.4540513091595,0.0276195811351893,0.0484623687426449,0.037225416125633,0.0555668231629226,0.0535936338998751,0.0310963052803086,0.0489039316124947,0.0381407520974598,0.0561342686410323,0.0535230470401975,0.0265043667938225,0.0475729279019294,0.0371157087527913,0.0534510574099434,0.050765915204552,0.025760810005486,0.0448427360993708,0.0352508263208734,0.0503076352928382,0.0474465379449865,0.0288076296407742,0.0459065121203969,0.0351938449450849,0.0519052819084564,0.0501478996255387,0.0269561079642506,0.0494203024743065,0.0391174310171494,0.0564879425750032,0.0526781446724116,0.0267574926294042,0.0435299442113709,0.0328308723015125,0.0504259175455345,0.0477406559565513
gumbel,200,595,1.33333333333333,0.25,20.1075578650062,41.3940133138982,38.7216517267496,27.6435254673492,33.5977282801222,11.0017767287568,21.5912163541956,20.2617477129652,14.7505483273884,17.712956890583,17.9995710859491,41.1556128635148,38.8707389071867,27.2903154328267,32.4580331937814,0.0372457914857479,0.105394136926138,0.0869756847692512,0.0741088070581036,0.088751187186101,0.042201662579592,0.103343529815319,0.0972818910281946,0.0685356959573789,0.0824813674423069,0.0474292765466235,0.104590201371003,0.0992312238919702,0.0678658675769708,0.0829813172142602,0.0495016048633622,0.103073129659837,0.095869253944824,0.0683771774543964,0.0833414919334053,0.0520877915442758,0.10534114650807,0.0984739390457313,0.0710075219860123,0.0851745456871178,0.00958659990755394,0.099156800580107,0.101076186461483,0.050952799493747,0.0518330243732554,0.0481465872387307,0.103282622493453,0.0969217336224983,0.0681110116960073,0.082401955053581
gumbel,200,596,1.33333333333333,0.25,9.02891673267833,39.376734105032,42.8255025617407,22.1639373919639,25.5718813623479,5.49032592510332,20.5876256240795,22.3031703465963,12.0247791804012,13.7204528553337,7.79624000363675,39.0732721466473,43.194521309011,21.5543736467633,24.362059307733,0.0275455303218025,0.100531941479549,0.108152431189136,0.0584258836742798,0.067254902677664,0.0253670664917969,0.102968844606595,0.111286469706156,0.0599785751283502,0.0683568734995882,0.0140426456064759,0.0943583077748729,0.105511369207958,0.0509710576326971,0.0562870758246986,0.0220725597212996,0.0985579088973757,0.106709765099937,0.0552823895170924,0.0635269318667769,0.0229255101373849,0.0993544914429115,0.109081322147153,0.0542834370617253,0.0636711887600481,0.0275297228626643,0.103421867954427,0.11180979846592,0.0604039629676086,0.0689290280094954,0.0201499054551952,0.098226799994113,0.107191200772563,0.0540762546812228,0.0618091517911551
gumbel,200,597,1.33333333333333,0.25,4.1015559685721,17.1890146633082,17.088600680852,10.2354510821795,12.9053513907161,3.03742608705911,9.54882869016061,9.49887276074685,6.0898360970056,7.41801288897052,4.14744173704854,17.2474181303692,17.4426685159036,10.0605464519532,12.7102616010967,0.0149737121795845,0.0479657758296778,0.0477215017021262,0.030470786830532,0.0371349651914282,0.00635651540344455,0.0357971254748319,0.036701271823301,0.0131720260716342,0.0225942957231598,0.0100115001832463,0.0436921619462692,0.044175494289481,0.0253698360029735,0.0302393322477592,0.0122657684672293,0.0445011081298381,0.0439728657635957,0.0267141797330307,0.0336554495834217,0.00990064332103649,0.0428272316466661,0.0429076096708033,0.0235460394509105,0.0311932392011542,0.0147337411556542,0.0449934355166272,0.042413437748137,0.0296674208591577,0.0359570564098837,0.0112062076596481,0.0430367505211148,0.0429251522853217,0.0245317768374956,0.0315863857122866
gumbel,200,598,1.33333333333333,0.25,15.5103946818996,56.5378054245994,59.0092241625311,44.5107529730155,45.0235410048322,8.71415038488213,29.1248066127214,30.3547278874621,23.1413968463997,23.397081326651,13.3486701965498,56.1396348341337,59.5684191807186,44.5409214388494,43.063240812123,0.042633105109102,0.146067583478129,0.148478452537574,0.113428316687583,0.117352780108904,0.0366003622624133,0.140238234998265,0.147377333351814,0.112558391735916,0.107743292388486,0.0370669682097486,0.143032719324806,0.147347294591379,0.114397156346184,0.11205213909735,0.0384359289577311,0.141800880586475,0.146627861780336,0.111847078599172,0.112216784456461,0.0318660512124274,0.142425463151239,0.148896741536518,0.111222754424723,0.109225719910234,0.0412507956852296,0.143688526609182,0.15189360816494,0.10695063893778,0.105850320938733,0.0383077091221025,0.142080184238473,0.147513984553838,0.112135381313121,0.111961596087235
gumbel,200,599,1.33333333333333,0.25,17.7872127361195,29.6323059518493,25.4117887587898,23.1338753441171,26.6336298429934,9.8467826589,15.7397150557768,13.6401809325227,12.5066868632632,14.2481343762794,17.2217003044642,29.797431076633,25.5573372623645,23.0408026859839,26.4469919795989,-0.0198728738564823,0.00462876827634545,-0.00190525008068104,-0.0159866786751604,-0.0327022873772428,0.0424138398598602,0.0731595108696829,0.0602666270175176,0.0582347309370575,0.0646650893608555,0.0370658333000215,0.0713515547316489,0.0622234545091897,0.0540264420598592,0.0601123941078191,0.0426233345930521,0.0732421708496577,0.0626273138661521,0.056220098593752,0.0645256989244412,0.0448487601926539,0.0760037068210913,0.0652760911627322,0.059259822115389,0.0671746620980185,0.0489772766881246,0.0715362269201343,0.0603764711258123,0.0559240354431593,0.068657140515133,0.0438435407800433,0.0735191845470751,0.0628367360601772,0.0572163929018248,0.0653863556174732
gumbel,200,600,1.33333333333333,0.25,12.9384842224097,46.3872816886905,48.3695098194724,31.0001282138429,34.5516841201326,7.43442250791666,24.0750420211396,25.0612097758315,16.420212617211,18.1875919522297,11.6135480757832,46.1542974418996,48.7793809310555,30.7973805215888,33.3777409530539,0.0330525942694685,0.0883040131625822,0.0867816287665682,0.0588979351639067,0.0789151077999414,0.0365649584084588,0.119926774553207,0.123456948529951,0.0815169752968826,0.0899368629793673,0.0313157172101595,0.116348565280028,0.120950183905531,0.0770287820893569,0.0862065580629721,0.0310400606091969,0.115129931420642,0.121000244280742,0.0755406156624947,0.0834363730746018,0.0344165249337113,0.11766614980659,0.122906414354447,0.0775186135999252,0.0867488806574499,-0.00320331358084787,0.0933097192118215,0.108474883280395,0.0398020242356579,0.059706769901867,0.0328763936735473,0.116250040142271,0.120946452731274,0.0775209740985596,0.0850972099768511
gumbel,200,601,1.33333333333333,0.25,26.2949429928673,39.7736617272986,33.368640969338,35.571493679747,38.5117306974672,14.0798925932979,20.7850529516025,17.5986719052023,18.6947726198443,20.1575182487286,23.7764267608805,39.826440336199,33.8858855849974,35.2062741080486,37.6364798590392,0.0510744860336717,0.101473785741099,0.0883796057964654,0.0805145875065183,0.0913717518290051,0.0613605775664102,0.0946603076069808,0.0806484925545992,0.0845808062772793,0.0927287816244111,0.0593445229599746,0.0993840343141241,0.0830310342091501,0.0869095334007159,0.0948117984482982,0.0645822880412218,0.0982773052703117,0.0818149572518669,0.0861907128522826,0.0947779914864699,0.0645972575022635,0.100451935249319,0.083093364823745,0.0884903876942033,0.0961718463899179,0.0703171635582827,0.10437921489762,0.0884147816612525,0.0933383230777712,0.101269877048054,0.0628311379241455,0.0977414113784607,0.0820450273170653,0.085959840237313,0.0932755225827331
gumbel,200,602,1.33333333333333,0.25,9.82516818429611,24.2436039400528,22.3935876742644,18.921598067857,21.3269957676835,5.88504820455498,13.0586698867462,12.1386808943912,10.4109450615634,11.6075833999,9.28425712817396,24.2512630349663,22.5691861948828,18.9248191297198,21.1730806992533,0.0196689122493419,0.0538035293575288,0.0496313631115476,0.0431576738655842,0.0467414667974643,0.0203868374888357,0.0518095629732958,0.0464283284413219,0.0421406784336903,0.0465670513147086,0.026391740650974,0.0585976551855461,0.0531126236205409,0.0453668755147701,0.0528593341700284,0.0249374451724442,0.0603620598181372,0.0552158774526585,0.0470263766351017,0.0534866378184295,0.0241001301603814,0.0593421891226914,0.0533147527785438,0.0460333496392541,0.0531901293356739,0.019180370799617,0.0630620149780247,0.0595824269208792,0.0500421904597868,0.0538764388014541,0.0247234912195679,0.0602108751215112,0.0546163746472797,0.0473512415076604,0.0527713540058024
gumbel,200,603,1.33333333333333,0.25,9.83161518301215,31.1986016627287,30.7198987635889,21.608044796449,24.1898244318556,5.88931846131146,16.5186326877258,16.2803303428891,11.7478494180438,13.0323950003996,8.16031043072486,31.0168224860899,31.2338725484045,21.3108119681584,22.9880361403195,0.028939230297946,0.0826590011190429,0.0813333406644503,0.0588400671489505,0.063588408372752,0.019335470032557,0.0684822611333149,0.0675480085855092,0.0436502652196279,0.0528494149242017,0.0262090214296309,0.0795870224647415,0.0783452247992089,0.054694891102785,0.0614646199626419,0.0252659436518478,0.0791634897834615,0.0777147163296037,0.0544498195162824,0.0604575191004161,0.0183664995651918,0.0768748860689628,0.078061043323547,0.0498273294613418,0.0557504101121603,0.00551416574215413,0.0769295068254034,0.080511718476777,0.0523267266430101,0.0488730504743178,0.0235417183979183,0.078122924731882,0.0772341813830292,0.0532759259288282,0.0595390691965251
gumbel,200,604,1.33333333333333,0.25,17.4568748168889,39.6710242622736,37.521043845263,29.5325629169587,34.192551079014,9.68260096459087,20.7337809358561,19.6643572135842,15.6900805484066,18.0084556892863,15.8978019023935,39.6728729140862,37.8518166159745,29.3732941388838,33.4794562317574,0.035916870859914,0.103317587399236,0.0986055426432372,0.0702488154430837,0.0793761668861403,0.0461231443144831,0.102780512925166,0.0974301175433426,0.0770977304809119,0.088337785216177,0.0442698634268544,0.101828950168131,0.0960783648613251,0.0753433456288868,0.0871869495599023,0.0436480171971974,0.099420493933299,0.0934730450834215,0.0735948414489651,0.0854120516285212,0.0445303460409429,0.0982417068056469,0.0919481036495567,0.0728781493490539,0.0845898173084437,0.0169199141526419,0.103263366074374,0.0953648377231486,0.0651503693289882,0.0788175253062315,0.0422702278776214,0.0993584435178076,0.0932374966373831,0.0735424282508358,0.0853146182243607
gumbel,200,605,1.33333333333333,0.25,25.4404118744974,56.7129847752136,53.3639863657309,42.1205144267299,45.5256268581439,13.6543264535324,29.2125054564586,27.5466452713129,21.952765477899,23.647363130973,22.9435511026804,56.2774303955128,53.3472659503026,41.8471202201727,44.0473045110919,0.0606011530598526,0.140284685106617,0.135386464671727,0.10185465688541,0.105060444527661,0.0602818764687828,0.139451662006888,0.131974828206876,0.102831876392209,0.108632125795924,0.0578301376872004,0.142932935566967,0.134713155233778,0.105083285659979,0.113046384244819,0.0635124648095521,0.14192089532614,0.132813697152085,0.105058118735928,0.113318021480182,0.0637125759617671,0.14106901364645,0.131853203529695,0.10345718745836,0.113013953781862,0.028320631332014,0.132016169843795,0.132651882474128,0.0956669456195162,0.0886344429927926,0.0628803563898267,0.140893407245224,0.132397807511477,0.104086269910599,0.111288060189669
gumbel,200,606,1.33333333333333,0.25,11.8838828867655,24.2025937654642,20.8324656714815,22.3486752948429,24.654167684712,6.90950657599005,13.0378736105542,11.3613609357915,12.1158633055006,13.2626668523304,10.9314896070351,24.5094871414575,21.4505847849691,22.4023279333906,24.5047402767729,0.0318403328378059,0.0622720651665596,0.0518439188038691,0.0593570589879818,0.0662157695378452,0.0321865707258799,0.0650958121916272,0.0560464693326924,0.0606250792941123,0.0662172490872788,0.0314976517385933,0.0633082133631545,0.0548295774487672,0.0585846937515819,0.0638777691643766,0.0280267684421557,0.0609377325265256,0.0528564110897394,0.0552338987715542,0.0610965546064411,0.0301164614729245,0.0634448492058211,0.0554140475278149,0.0578986972926528,0.0636252912271672,0.029013173999602,0.0568913608719274,0.0518280692044831,0.0471955894583544,0.0567236680743616,0.0302786237960021,0.0625568209185152,0.0538068116339562,0.0570365343592854,0.0632138698063969
gumbel,200,607,1.33333333333333,0.25,12.1469648573897,28.7016595927631,26.7499697931276,21.0982021673572,22.6099049100704,7.04140320533327,15.2767791980487,14.3060178842312,11.493954084776,12.2466991194791,10.2335610578022,28.3801599916036,26.7614519803196,20.9841313596135,21.2953891130322,0.0346985715873864,0.0375065327186273,0.000263557183929803,0.0426996283317382,0.0405164889549072,0.0174725145723201,0.066854580199996,0.0642821745674872,0.0504333453394728,0.0480474917348785,0.0259435609246421,0.0677411853666726,0.0632514937492192,0.0498310605464085,0.0539944068663855,0.0287398781678168,0.0705735796984583,0.0650278175542553,0.0524746921523531,0.0552226045042894,0.0262590058592733,0.0681591960352579,0.0628163003052725,0.0491149827806933,0.0508323647826875,0.0186629234983783,0.0721685760933967,0.0709869979951625,0.0472813182983044,0.0589941088730166,0.0299341194652579,0.0716516782384523,0.0660761605067577,0.0530346562827126,0.055726884296018
gumbel,200,608,1.33333333333333,0.25,21.9871263605315,49.4092714654783,47.6662764454095,34.8538150276975,43.2627221868605,11.9361656305311,25.5781948759145,24.7109160072564,18.3374155484164,22.5208643823137,21.2208278051871,49.8664885851938,48.5027705857073,34.6227254949667,42.9507110210191,0.0570952206924269,0.120272399275775,0.117302583774241,0.0815621176427694,0.106139949625487,0.0597787997035073,0.126225890616856,0.121451766407815,0.0882621991037804,0.109685582096423,0.0539613976975988,0.123364810500076,0.119763262674248,0.0841550872297147,0.105788419063881,0.0530975049621084,0.123079800531468,0.120079147922479,0.0848165910617389,0.106323760455044,0.0505359661444513,0.120408465588755,0.117531466714315,0.0828563310606017,0.10295853221983,0.0599542356344338,0.128232743286618,0.123525993498937,0.090215430952485,0.113141629246045,0.0549434458795183,0.124456853829835,0.120496093345065,0.0866386280306322,0.107813942057725
gumbel,200,609,1.33333333333333,0.25,17.2642630306296,33.2768945013727,28.8982997900803,32.692132412657,31.9512272170997,9.58662843972482,17.5527011360718,15.3745882269953,17.2619278486609,16.8935552558429,15.6108636462669,33.4051380420835,29.4717271037559,32.5960641637722,31.2580604318564,0.0296934527901612,0.0690442352113177,0.0618144482603785,0.0619063199765948,0.0652455136683836,0.0426041920263518,0.0791119064645137,0.0677989009784382,0.0806567497755167,0.0740409244807778,0.0394499331481748,0.0848097673336337,0.0735880041866727,0.0818439251110767,0.0806084638688712,0.0428124052201223,0.0840004746757958,0.0725543526401308,0.0820580634291287,0.0800825056100017,0.0450596322654675,0.084422509958431,0.0724026523928604,0.0838159553205902,0.0809191583987261,0.0326440089823701,0.0875161664445947,0.0754993985914201,0.0751110057566669,0.0769681552484199,0.0427396007063317,0.0828920104771867,0.0713277402451112,0.081239238962207,0.0785355487495345
gumbel,200,610,1.33333333333333,0.25,24.1326091915394,44.0284094666475,39.3891285828272,36.1910384105702,39.4245107111126,13.0040740525457,22.9016641574611,20.5936484827144,19.0027698621737,20.6118055896656,22.5545356612229,44.229270664767,39.8332430318168,35.9525517481515,38.7395566648641,0.0653313544794919,0.111986655679372,0.0977733323944695,0.0943629780855123,0.101909349797375,0.0584242722516781,0.106476239957734,0.0948118228304842,0.0850571928435154,0.0946776705442198,0.0627571255716338,0.111544468196779,0.0994105450957031,0.0905345801981372,0.0995510071951786,0.0594009991904679,0.109104449992574,0.0979770573887965,0.0883615734604076,0.0961356510065876,0.0599310787100754,0.109943650394249,0.0985800537777221,0.0898289400268538,0.0965005044188583,0.0511233093767108,0.109879078233078,0.102275218213991,0.0797144820229259,0.0796082772782333,0.0570518857767856,0.109996161582152,0.0985459066303574,0.0897343780938181,0.0967033813437923
gumbel,200,611,1.33333333333333,0.25,13.1047692523441,31.5349138971876,30.4232645908975,22.3244032483102,26.053511186153,7.51727686002845,16.6862446316291,16.1334359867418,12.1040900209774,13.9593502012191,13.4460544550144,31.7529355182932,30.5746642192508,22.1268186168204,26.198391832478,0.0298679685944454,0.0689180953016066,0.0667390673511871,0.0509526810525139,0.0600189260262972,0.033479817934687,0.081957843400778,0.0787512565944482,0.0591649855716817,0.068006112274861,0.0303148111340144,0.0756396498160809,0.0716602927562076,0.0539525033748294,0.0618388484426581,0.0332679400446195,0.0799531323256862,0.0758824644122365,0.0564902593873768,0.0664062514585226,0.0347203566601638,0.0806124465593075,0.0761142323880491,0.0581527355872946,0.0678572955299216,0.0343383591463169,0.0775464645689599,0.0739248749681365,0.0514079654022306,0.0612610959537407,0.0330045496823378,0.0792278427227966,0.0756560181075793,0.0563025340692268,0.0655258302985839
gumbel,200,612,1.33333333333333,0.25,21.0529500521004,42.2695827380269,39.0899003617812,28.0892643926085,36.2558682177722,11.4710867701855,22.0264726662239,20.4445916777793,14.9720184453005,19.0351125442144,19.7720873673664,42.372856972943,39.3156793616116,27.955641457267,35.772220123357,0.0506291437790507,0.0991891742791843,0.0955712934239816,0.0524711477773677,0.0799214807710144,0.0557534556960974,0.107909422072869,0.0996124243289775,0.0707194279569219,0.091786616398567,0.0500019871969237,0.105992617504389,0.0991896944460241,0.0688690875187952,0.0903475352742594,0.0523346477076808,0.104758900494335,0.0964152574195267,0.068889022530108,0.0886540145206771,0.0511672390751585,0.106753900829372,0.0983046284197619,0.0698235662914095,0.0911345286569653,0.0535656544982419,0.107758984166727,0.101399127273049,0.0648278579782877,0.089643131989004,0.0528260785676531,0.104959435752894,0.0969395890531026,0.069196111079982,0.0891583440130256
gumbel,200,613,1.33333333333333,0.25,11.0375903260756,32.1802171865279,32.4448232119626,18.5958093341954,22.6836347848372,6.48936099307281,17.0073757605341,17.1390624742002,10.2492382277038,12.2834976414598,9.68573679345693,31.9004635426761,32.4882089928783,18.2957909962574,21.6009002412706,0.00874913342378438,0.069741570601355,0.0730527777433275,0.0320898578780023,0.0351563551920592,0.0256845943264906,0.083142672860952,0.0835564819438291,0.0493817973125035,0.0574889946367533,0.0275293022356918,0.079396886952742,0.0803649124463704,0.0447787302216666,0.0559287279614381,0.0272898880459579,0.0792972729457302,0.079694168515079,0.0453102065474155,0.0545587817304921,0.0239746532283472,0.0778819567064377,0.0800051235547918,0.0425123545302566,0.051116714852286,0.0324543932984515,0.0828106532673036,0.0811133555222328,0.0432639874555803,0.0577974384449999,0.025934132410619,0.0799380332483354,0.0806655878911704,0.0453095953810285,0.0546953088290306
gumbel,200,614,1.33333333333333,0.25,9.06679985556769,21.8964945207456,19.8526652343697,18.8565362871216,20.9504843247029,5.50785758128918,11.8906094197148,10.8738728260213,10.378602558432,11.4204814917858,8.37756524649573,22.1574031920355,20.4901698273256,18.8332672946604,20.4766326892735,0.0261297537438534,0.0555794998156515,0.0514479030101098,0.0424829099231949,0.0466681907511031,0.0224791055534345,0.0558119480061438,0.0494398174996096,0.0489202465820326,0.0549832484503144,0.0243504290382375,0.0525525187549327,0.0451733902802459,0.0473261142687353,0.0516763229499234,0.0240739675904355,0.0556240692523771,0.0503227824179917,0.0474019946873136,0.052590903075542,0.0224334619132643,0.0537801029631171,0.0471884968809198,0.0469187068364713,0.0501342880295207,0.0276657037919357,0.0585958614425363,0.0532964596201994,0.0499266596044911,0.0538345891190649,0.0238592718007439,0.0557431629224535,0.0502061226592407,0.0477653867117654,0.0524468443708366
gumbel,200,615,1.33333333333333,0.25,12.6642596995934,37.4814954431439,37.4565614768355,27.2226950791988,27.1426053961556,7.29887969707463,19.6450528008526,19.6329057968583,14.5412428574521,14.5018651784557,10.9180002948861,36.9551090467068,37.3460483331723,26.8271184132134,25.9174171867054,0.035788651357097,0.0847144397577508,0.0691334145158361,0.0681981356556437,0.0686751507951662,0.0344579442467298,0.0963814805861969,0.0963417332905802,0.0696382146734812,0.0671473285907056,0.033219659274983,0.0928437568112108,0.0910487041687785,0.0671149834319886,0.0681875680103249,0.0286737492983616,0.0907891637410749,0.0900494406892884,0.0655042832470712,0.0635295795842294,0.0301863563724271,0.0941593944847602,0.0937136255142414,0.0676113171156639,0.0670448332420569,0.0350498765678307,0.0801891671487238,0.0681792555995714,0.0634188414343998,0.0647517142831159,0.0290972075018704,0.0924541313158921,0.0921888059356521,0.0668989994175002,0.0652880994328037
gumbel,200,616,1.33333333333333,0.25,9.66526227929212,35.7549177376149,36.6142970081746,29.4646224918418,28.9691177333516,5.80630851804849,18.7854794866659,19.2134817052779,15.655959918316,15.4099137766495,7.9969581493434,35.4868015052857,37.1196356396977,29.5072859456383,27.6371133528724,0.0291100733241356,0.0943846894941332,0.0958933911918855,0.0777501548042413,0.0763214373720238,0.0250957617972432,0.0939806683651566,0.0952852367276528,0.0779057296207248,0.0760176425793778,0.0188010719262815,0.0878112591898279,0.0893308918265979,0.0718903983573538,0.0680906789907336,0.0241376148395116,0.0895331180977992,0.0911504114571888,0.0737518071163805,0.071940168537263,0.0239888327617777,0.0880093456148053,0.0882406159191067,0.0731061406392338,0.0715500417847259,-0.0223318619041248,0.0675144280705844,0.0789990270106628,0.0352647074091967,0.0394069802147421,0.0233265054780021,0.0896846119384967,0.0909691778397426,0.0745308123094318,0.0719816205516512
gumbel,200,617,1.33333333333333,0.25,16.9264163779319,31.6491816162215,28.671257214387,20.9754086668478,26.8327592757357,9.41856913059263,16.7428191483308,15.2611190323481,11.4328893157656,14.347827839534,16.1304725675607,31.9196517825749,29.0771167678723,20.8127647521544,26.0316240034393,0.0472279794392182,0.081466625459656,0.0734960770557679,0.0533106472581606,0.0720172721708178,0.0413066317233394,0.0779419273839098,0.0721559032556746,0.0506413072521769,0.0646332253774914,0.039577991354133,0.0757064582613514,0.0692297673262487,0.0480905931424468,0.060077559703737,0.041370481085398,0.0794100077611012,0.0721618009618181,0.0518006610008045,0.0646110256221111,0.0417689134213934,0.0805680333902051,0.0728829943229412,0.0526919916285382,0.0663249384519559,0.0470244506527163,0.0799619215211153,0.0730260829646879,0.0543222472884732,0.0719871212126411,0.0417738715285805,0.0790611002113083,0.0720789028904761,0.0518518350026515,0.0644580888760948
gumbel,200,618,1.33333333333333,0.25,5.12030535100096,26.8396692362355,28.4285685346149,15.2030480853141,17.2210095478957,3.54551937063494,14.3501660930062,15.1404931083711,8.56124744956643,9.56587079774916,4.07633440453456,26.6873817774924,28.8512958215115,15.0040769706931,15.9700524774151,0.014971032946814,0.0632502805356168,0.0686087109639386,0.0335273286186652,0.0415753681484007,-0.00280215717838695,0.0638014388390893,0.0725401740315833,0.0309359711217643,0.0317262679813487,0.0114631522161711,0.0660303741408847,0.0699575831946202,0.0354319957347861,0.0404737510629484,0.0105334816302802,0.0668891571764015,0.0712372737864284,0.0370631454621759,0.040658489957764,0.00823194543364653,0.0664585940187347,0.0715480337787393,0.035709069361565,0.0399879244967339,0.00115830096644221,0.0720962101629008,0.0748997590917163,0.042527792558314,0.0470962096609082,0.0106628314455574,0.0663862457439766,0.0708685345627635,0.036347669358284,0.040126115712256
gumbel,200,619,1.33333333333333,0.25,11.249838268373,34.3281569125859,33.6475551481854,26.6717583084674,28.8453441299233,6.59496021766568,18.0754833326348,17.7368978243784,14.2668005801239,15.3482173222103,9.39951809891876,34.2537933311121,34.2283947537973,26.5461808083894,27.8614625689532,0.0242406195479192,0.0775469842806183,0.0787049753004887,0.0574436210276978,0.0569960328986988,0.026573285792524,0.0866313420377145,0.0858065878266864,0.0667886730437878,0.0699170776000018,0.0241259920688073,0.0871145211787959,0.0865058684189546,0.0662336911892398,0.0712030396532521,0.0290535886655363,0.0877447851755191,0.0850464409889033,0.0684682472972159,0.0739697990354206,0.0285907243236493,0.0878704136019855,0.0855117894359387,0.0686532407961379,0.0738035670627624,0.0321825994358009,0.090629288658277,0.0891147796124321,0.0692183888464991,0.0751661624130992,0.0269078151038497,0.0863440969546278,0.0844048394068406,0.0666177210391463,0.0719640262538727
gumbel,200,620,1.33333333333333,0.25,11.8099231718262,34.8662087582133,35.9672438866339,17.53036016645,23.8508885465816,6.87329549445755,18.3435715678396,18.8911817805861,9.71922135042242,12.8643178289428,11.5871255771819,34.932246710283,36.1518641383488,17.1995510079887,23.2520675855885,0.0241011258793821,0.0739164496228411,0.0780524076935651,0.0275049469768878,0.0463470521562572,0.0276447202873699,0.0837100181053633,0.0878202605193981,0.0417004182583997,0.0506836916698127,0.0292531427310602,0.0846713763035417,0.0872876180303567,0.0414536671740769,0.0540579904653845,0.0292050952885852,0.0872583558365272,0.0901066521135814,0.0436961477350277,0.0580647510030687,0.0283451548146437,0.0891483974325328,0.0918936924272981,0.0446211557432276,0.0603192263300205,0.0341941064113307,0.0893687578222045,0.0911255350181007,0.0453298443581902,0.0634515428996567,0.0283565341132724,0.0869914912216089,0.0902629592798079,0.0430920749209926,0.0574280749609683
gumbel,200,621,1.33333333333333,0.25,16.7231463131198,36.1038582210138,33.4425097339493,29.1157383703942,32.9227122131528,9.31753638005879,18.9589946004545,17.6350194708323,15.4828758509762,17.3766851661602,15.0477226676037,36.1547998060662,34.0528306653355,28.834995668031,32.248827942289,0.0462731084945601,0.0951401171640499,0.0884131455886287,0.0774494127890528,0.0857698735664373,0.0428253152781786,0.0899681099681208,0.0834161699215751,0.0735016156962701,0.0813789413777196,0.038955939413057,0.0893777475576754,0.082089481853312,0.0696903829048816,0.0809866091910631,0.042799657081392,0.0911928468516571,0.0838703649077965,0.0736344019022541,0.0831020420677049,0.0394401172719884,0.08649598960546,0.0787344694824029,0.0702800529618022,0.0792028169048687,0.0466112565127172,0.0952268201861439,0.0886020708809241,0.0773201937581294,0.0850849985507966,0.0412174455493834,0.0910687529916433,0.0843907561794086,0.0726066921188933,0.0826071143715758
gumbel,200,622,1.33333333333333,0.25,10.1791337921115,37.2565872308356,38.5311413646467,24.6834045047681,27.226861073595,6.06205962735938,19.5327103865355,20.1668428447582,13.2778956944006,14.5433232556819,8.80119900502653,36.9103664443038,38.793983791385,24.3211641010501,26.2035042980293,-0.00712797208281131,0.0727005862132964,0.0817363840840615,0.0547180371687584,0.0398285733303724,0.0186059979128828,0.092503205770546,0.0964601985486211,0.0575495241056754,0.0643864857990469,0.0263966761195227,0.0920802916015941,0.0948598349253967,0.060731490460926,0.0664722266511791,0.0250191365880629,0.0929939353714905,0.0961218897327698,0.0603198687255969,0.066649703329681,0.0250380769537006,0.0953819679174712,0.0993315106515939,0.0622535958689581,0.0685099900411984,0.00755303158020631,0.0878747397596467,0.0967917183157236,0.0546467720124999,0.0587162251594953,0.024101412040575,0.0924429184039345,0.0957876687635761,0.0601396680564699,0.066591150020727
gumbel,200,623,1.33333333333333,0.25,23.7229734427737,58.8991835730938,56.2404163729945,54.4473676587002,49.5163067179735,12.8003293055736,30.3000689088422,28.9776950589952,28.0853704997385,25.6328400112359,20.7304536783355,58.5049965447918,56.7188495957102,54.1396339117677,47.6692669378727,0.0472713275638832,0.152223563234611,0.141891056340032,0.139072545797553,0.128592042016499,0.0606631976064081,0.148567234421235,0.141183308096233,0.138669287914347,0.124172317678099,0.0564904937091537,0.140795614525617,0.133830105469575,0.128863174331867,0.116864028729872,0.0587914583916438,0.148609918573946,0.141450925827606,0.136458237118637,0.121843909488968,0.0600435912325094,0.146012167119959,0.138178822134628,0.136744005182113,0.121919191831819,0.0584882697680708,0.147097563894047,0.143380206952903,0.125584169934444,0.124513417709131,0.0570612607997692,0.146260796745742,0.139266284916772,0.134552539134131,0.119593109383726
gumbel,200,624,1.33333333333333,0.25,11.1908782529264,32.2513960571575,31.8650663879842,24.4951651309246,29.6227955337496,6.56500314388934,17.0419743789504,16.849951247829,13.183469507933,15.7344801674951,10.1051239681211,32.5420481565735,32.6832145459753,24.6747662566261,29.1662389659963,0.0315104185187298,0.0855898454278302,0.0842012851038436,0.0620658695846712,0.0773997613180951,0.0310850286431849,0.083735803036831,0.080373922375792,0.0647827626604423,0.0780947583376684,0.0303065475675166,0.0838092129508323,0.0813224623335083,0.0641397600030761,0.0771248675766882,0.0265447624381828,0.0809892833899876,0.0803085306027395,0.0599249718497073,0.0733558654864039,0.02782216105397,0.0812327015668198,0.0805209056491905,0.0614434703446611,0.0742009366208868,0.0328196443248622,0.0828358900036607,0.0799262974285021,0.0653653900848754,0.0789497806392487,0.0271137047578519,0.0812566417299288,0.0800926009458994,0.0613074601559132,0.0741562497154335
gumbel,200,625,1.33333333333333,0.25,20.2546174108963,52.2093316620474,51.4363652276355,37.0956195729506,41.601453329865,11.0745275846771,26.9717220236729,26.5872567122682,19.452951162256,21.6947208833902,18.1407938811378,51.8808567384912,51.6366176219631,36.7341259218618,40.3675758442741,0.0496665032676505,0.13275058104801,0.131681313799272,0.0970232562590385,0.104716021096227,0.0439762116845072,0.13031226555318,0.125633380501443,0.0934324592312697,0.10297432293523,0.0440907735449711,0.126537730799767,0.12544506105028,0.0879231371602299,0.0983338600528929,0.0491915842174321,0.130507847581602,0.128074744594367,0.0929238233993355,0.103170394683801,0.0512695002229805,0.130831619328134,0.129709372601049,0.0911304391905357,0.10410680767864,0.0552397515850744,0.134515436881943,0.129881512746251,0.0977169131998282,0.108821970798785,0.049602853667929,0.130491895791036,0.128288990701375,0.0922655830638373,0.103224709851907
gumbel,200,626,1.33333333333333,0.25,5.94418460982917,25.1720554965283,26.0237175359884,16.3465540126092,18.1318689338428,3.9549186594473,13.5208045000089,13.9448716205955,9.13014534331668,10.0182574271854,4.99189277942255,24.7786603199238,25.9747136756634,16.1261851276604,17.4739144056132,0.0197933008718102,0.0654138269561034,0.0669958898334577,0.0434985502103381,0.0492073198955236,0.00908275819609601,0.0633501699863003,0.0676132537477676,0.0374667374826459,0.0461226756450228,0.00802336510392992,0.0585297994103437,0.0608792428898587,0.0346153161623816,0.0400347048941955,0.0157834785905491,0.0635862668132653,0.0642318748850138,0.0412444779211463,0.0464560105561179,0.0131717078680225,0.0560924261744189,0.0574747165159555,0.0347263677293223,0.0400305248167013,0.0194257566061338,0.0673552789230087,0.0676941253781562,0.0443875470712819,0.0501303724174801,0.0147244813723379,0.0628469491582809,0.0639424350850635,0.0408655339388832,0.0455243666121885
gumbel,200,627,1.33333333333333,0.25,24.3561780475928,49.2583240481954,46.2463466655598,34.1855444726727,37.7246881546136,13.1155231529786,25.5041371166261,24.0057986173658,18.0054079525739,19.7667874990876,22.2355169223887,48.8845559564046,46.1844761640562,33.6682866532364,36.5270495921994,0.0658901432784892,0.115948818094667,0.105644608672008,0.0719703499853452,0.0913473205504741,0.0522018033868522,0.123906790338606,0.116978526740754,0.0855813487206674,0.0925799136740543,0.0586501520491776,0.1228532688971,0.115599442353974,0.0846992217158346,0.0926446198224644,0.05703567269539,0.120629991435926,0.113628756359321,0.0822480839407268,0.0898135126689256,0.0581413138224145,0.120386724670665,0.1131032874765,0.0831786718098974,0.0904902520529677,0.0634466793929607,0.122898040921183,0.112929395922072,0.0879813516313768,0.0954752394584517,0.0599538635002172,0.121328919480205,0.113256098321762,0.0840932002689759,0.0916555821841445
gumbel,200,628,1.33333333333333,0.25,7.06779466470556,37.0344196742689,39.7397456828283,23.3547749582512,26.0563000706573,4.51386675283772,19.4218479024327,20.7676429883989,12.6166885509434,13.96091715409,5.94930392897817,36.8227668054492,40.3732861975856,23.1644900504985,24.8916217273256,0.0226015300790906,0.0955922498209108,0.101542989003884,0.0582998838643209,0.0672037198227065,0.00959189927482349,0.091699679588533,0.102353696193627,0.0515844167974783,0.0578689322484668,0.0141618817435436,0.0889169850894039,0.0966833118341855,0.0521050845956743,0.0585953556837121,0.0175776826992001,0.0947846411689053,0.101832166414017,0.0593523171947166,0.0653590330532005,0.0178171963198411,0.0940746351984167,0.100745188270393,0.0592073509077227,0.0654276741597874,0.019484448059242,0.0974012376237482,0.104080089647299,0.060628216543478,0.069487846708812,0.0172488545392723,0.0926380927516255,0.0995740806399808,0.0579511692218101,0.0637476923033189
gumbel,200,629,1.33333333333333,0.25,13.2342390702726,41.0882757627307,41.8910298002281,25.9706269263631,28.4085125796202,7.5819090031118,21.4394625554328,21.8390859549262,13.9184442247305,15.131633909526,11.6212642180041,40.386476485976,41.5432648478956,25.5001626316916,26.958843406398,0.0350721007817212,0.105563526075416,0.101033189535639,0.0698677937083002,0.0759360734265886,0.0330622783039892,0.10119633776584,0.101262748793634,0.0660038333759107,0.0704011213906948,0.0334370894972156,0.10164354192646,0.102775418199635,0.0644890997951495,0.0697644321584406,0.0334371848498395,0.101849689035075,0.102894218202035,0.0638561870819825,0.0697811928007976,0.0336512991794073,0.102445602556667,0.103349486736208,0.0637889723317403,0.0712537539949928,0.0202022902136416,0.0638758641109847,0.0622621601712158,0.0351343811949946,0.0408729538094781,0.0329811004092986,0.101999615054288,0.103348028613413,0.06398298325029,0.0695320909021617
gumbel,200,630,1.33333333333333,0.25,8.03104348391936,30.1159642666967,30.6009434873525,18.4403783706999,20.6853867875097,4.99296145869762,15.9803187694009,16.2217423964478,10.1717815748288,11.2890702183542,7.25910568212133,29.7952752680568,30.4857582180782,18.2712331633822,19.8671602668336,0.0246695569299959,0.07827021852149,0.0799328067560057,0.0504910435846286,0.0556530564501992,0.0170473578696216,0.0740777876974064,0.0774423929909962,0.0463671638063389,0.0476220946788166,0.0208634778285099,0.0727780178337557,0.0731171464476998,0.0437908008847497,0.0480607646234629,0.0195175731345928,0.0739816497800897,0.0746022648962933,0.0452784249572358,0.0495873904255889,0.0178680323943931,0.0747364586669725,0.0767411444228003,0.0440412309153643,0.0503600402424448,0.023558402137988,0.0721891378207766,0.0679168751061878,0.0391316226252699,0.0536457408296334,0.0200375210856358,0.0746100002549777,0.0754078656791918,0.0455601249114195,0.0502430427822243
gumbel,200,631,1.33333333333333,0.25,11.8212801867293,25.6284294641023,22.6216875522457,23.6220790404591,23.7042477799038,6.87831626159302,13.747587424201,12.2520403008238,12.7494842430436,12.7905852664764,10.7643129075557,25.6442812403126,22.9462940199371,23.5853265417304,23.1564171333837,0.0335433192569935,0.0690363162989245,0.0615199319940629,0.0638130307694891,0.0638307794851809,0.029899805908935,0.0646390231666254,0.0589458892366799,0.0570179729874561,0.0592880453528157,0.0243301998423577,0.0575785861690229,0.0476508859623071,0.0528360123357971,0.0538001825179355,0.0303796352229533,0.063131694843412,0.0556161307895934,0.0570618705991799,0.0582293971486116,0.031610410618693,0.0642183208018492,0.0566916213580448,0.0578017278755187,0.0590605606206225,0.0345081294215066,0.0498982679108251,0.0207848866577386,0.0595899815497073,0.0536309702018218,0.0306765464566227,0.0648282032541491,0.0565826779143053,0.0596012298852494,0.0592089035106451
gumbel,200,632,1.33333333333333,0.25,5.56054390488943,31.2717479388758,33.7879450483483,21.2320806927397,21.1658763966205,3.76400861723492,16.5553271233536,17.8072875607241,11.5608711255872,11.528102455849,4.65251634346418,30.8809842674578,34.0689138057026,20.8708341569799,20.0767831992722,0.0188899315629922,0.0828329492378884,0.0889741302319739,0.0579678386455729,0.0578054043144393,0.0158969754011003,0.075446177396247,0.0800298886532294,0.0525542418230067,0.0519752122854224,0.0137572633326048,0.0771266003073938,0.0825723804107154,0.0508647611863787,0.0508587645237398,0.0147239232249602,0.0791403458309627,0.0841747296260975,0.0542819901237023,0.0537529854400661,0.0123207473922267,0.0774311161867187,0.083408530566341,0.0508798214574646,0.0505672053772512,0.0176519911534369,0.0814738271847021,0.0879527883977339,0.0562633481804796,0.0569769614504378,0.0128704313545545,0.0778887582153953,0.0842001539745998,0.0519436206458684,0.0514606114837344
gumbel,200,633,1.33333333333333,0.25,10.6910563051528,32.0053295295474,31.6706057380499,22.3628238663617,24.2731124625195,6.3166062562402,16.9202641983681,16.7539026040553,12.1232367035076,13.0740246468698,9.49885129037072,31.8256796665536,31.9241404752328,22.1442385370101,23.3516721308782,0.0313580122758624,0.0847493412855801,0.0828155272329842,0.0608384854944817,0.0656385875818885,0.0299561472555406,0.0804783537564278,0.0783432052327784,0.0565913708771825,0.061167697933669,0.0238856521702642,0.0795368375074733,0.0794322057085524,0.0535808873252793,0.0567921298297795,0.0274352648996171,0.0798582373887816,0.0779103848480686,0.0560379104353939,0.0596521395962675,0.0271972544764074,0.0797385176452598,0.0777924356490845,0.0559191560863099,0.0597139162310674,0.0214953430958465,0.0755763607191717,0.0773737944049376,0.05104585414178,0.0427010992369984,0.0253962873121146,0.0791174327519328,0.0778430048017789,0.0546653534884902,0.0588733420962033
gumbel,200,634,1.33333333333333,0.25,21.9939394529818,41.5639503399301,37.3814090627527,34.7727853868059,35.6176241991811,11.9402486513639,21.6758334194167,19.5952159253866,18.2972255564502,18.7184339800353,20.0519302024618,41.4159117616342,37.5718890919506,34.5312323335349,34.0700644603896,0.0581251730461283,0.0890152850519822,0.0687683057893726,0.0764734043693564,0.0852686679373606,0.0469371710733527,0.0965835558008038,0.0875188759749886,0.0805047648182041,0.0783123336420005,0.0524499071438559,0.1044142718673,0.0928803453315939,0.0863021898252292,0.0870166927298201,0.052992092249166,0.104553645827491,0.0940744230197591,0.0863764105167832,0.0874042136179638,0.0511513350227864,0.100158632039609,0.0898782734136151,0.0845496443767985,0.0818496323168825,0.0223984613144985,0.0939677941422022,0.0925070935999309,0.073167136212778,0.0602056458489945,0.0534579751091607,0.102529343220373,0.0912493574772899,0.0858870216822664,0.0860010940649448
gumbel,200,635,1.33333333333333,0.25,4.98928737677527,15.567057186794,14.5909131752697,11.6274955677319,11.6848957832936,3.47978398881353,8.74229111405794,8.25681267677624,6.78244678941106,6.81127770528727,4.19909817271067,15.341390650455,14.6862541818964,11.4067886846965,10.9620160645501,0.0115008817975882,0.0408919816580714,0.040613174967361,0.0281252624321376,0.0307758173729417,0.00951014655021395,0.0365546785524744,0.0349682420414983,0.0251038311622791,0.0232648294085124,0.0106480432809083,0.037712353444501,0.0342763319297478,0.0277897553066188,0.0271940944175591,0.0119497399348331,0.0373550919018709,0.0341076718709105,0.0275919644208008,0.0271727584985113,0.0125755607981065,0.0408685325775,0.0385034635192439,0.0303497376923278,0.0295346410596904,0.0172697807173447,0.0439114180346296,0.0414095147659021,0.0340622216249267,0.033440985062365,0.0109741241919886,0.0378257353425165,0.0350698818315628,0.0278878176251644,0.0272752947307308
gumbel,200,636,1.33333333333333,0.25,11.8829661081912,26.3571964894501,24.6407582652972,17.9394635910199,25.2731617386512,6.9089643364704,14.1096606359038,13.2557230260454,9.92232702037769,13.5705078346464,11.1531837354792,26.7325924553234,25.3819064205984,17.9046713703788,25.1978530941546,0.0278248216391761,0.0707217454187294,0.0661190575405814,0.0487766918597138,0.0662411240471993,0.0325020923475975,0.0680639065095275,0.0612758928053426,0.0476387716004037,0.0661238881938987,0.0313595147198538,0.0682291988237557,0.0634061970459018,0.0464812749386215,0.0656189798255343,0.0300482853963573,0.0676949913807509,0.0638083471632827,0.0451993578181939,0.0641500484129431,0.0339212661724764,0.0701199490122668,0.0656800048428106,0.0484653862049981,0.067419839750044,0.0339018504286762,0.070444300443693,0.0648946865803486,0.0496252511660076,0.0681420265783565,0.0298980585222308,0.0664739154568482,0.0621880257836209,0.0445028348519103,0.0635872864648423
gumbel,200,637,1.33333333333333,0.25,27.3521978551282,79.1392788770261,82.317137254265,54.8271320735345,63.9155538938575,14.6056807549894,40.3688963361702,41.9499943813114,28.273785069298,32.7955310935486,24.3354023017813,78.6208545028242,82.597376773546,54.7946705678586,61.9622769131666,0.0727031648837354,0.202160241350928,0.210710262556767,0.139464028457446,0.164787271650677,0.0710817062587791,0.198964723638437,0.204616907833912,0.138981379351909,0.161926419268894,0.0615513860229869,0.196481999428488,0.206271230644841,0.133952810632862,0.155340878856157,0.0681723443868466,0.198708312514047,0.206112301383598,0.138124816939584,0.159337566273031,0.0669829276800072,0.197436754945788,0.205011280183504,0.13579802310272,0.157730358218744,0.0580221481374166,0.195893215182419,0.208292968314886,0.129212153186399,0.152318011797332,0.0666119597342069,0.197776103207825,0.205587554406373,0.136293904835737,0.158851969109952
gumbel,200,638,1.33333333333333,0.25,13.7459152014265,48.2344569014526,51.0827815594141,26.9780922575736,32.7636051801088,7.83706585588933,24.9943421315417,26.4112819838291,14.4195189477375,17.2982699309144,11.7643583220791,47.6755096522052,51.0450009332339,26.5852662419108,31.1860193607929,0.0376019793332047,0.122117507682272,0.128557940970765,0.0694383461720513,0.0827139694453839,0.0279002554489388,0.117491358858325,0.126029757074347,0.0653615959953438,0.0761613328111268,0.0291809825336854,0.118334983634272,0.127755373910123,0.0643121649111339,0.0772491987052785,0.0296099078421361,0.118692850339853,0.126637495757438,0.0651986723079548,0.077477672164442,0.030421780983895,0.117887159374616,0.125598585127212,0.0642625011580457,0.0763385933429664,0.036705529516276,0.125359618772606,0.132627725530954,0.0687326378954305,0.0818922510779694,0.0325725255425286,0.120491424206683,0.127894118326419,0.0670081303463659,0.0804541513003476
gumbel,200,639,1.33333333333333,0.25,7.50137796035092,40.4515641926859,44.4541617876475,24.4481877696365,26.6733552329744,4.72985741951809,21.1221586490165,23.1134816567742,13.1607194556093,14.268392780146,6.09771486654409,39.9210838792384,44.638326329456,24.1725653952418,25.0889931715372,0.0234856863055124,0.0974889585880728,0.0959954510424398,0.0609611339220761,0.0682143154947158,0.0232271415176324,0.100584049669291,0.109035987903098,0.0600603410522507,0.0693355562455122,0.0186932333590923,0.101958507839572,0.112342232399722,0.062066122144219,0.0643160428390207,0.0175764003552151,0.100270698833706,0.110407878495615,0.0594625805416467,0.064125053202053,0.0150359792782819,0.0987962922533741,0.108482198377767,0.0587965005432612,0.0621202217771282,0.019161054734507,0.104772136117565,0.114983071672068,0.0652497189953243,0.0675168852602003,0.0177320424158967,0.100797746522656,0.110450590675991,0.0608193529772995,0.063839112009321
gumbel,200,640,1.33333333333333,0.25,11.8755744052196,15.3873030012622,11.2336389135915,17.3484900180254,18.25022943663,6.90539209215441,8.65245293187062,6.5860668996361,9.62828493443954,10.0770846712217,12.1427073196842,16.01650107985,11.8928049236048,17.4018257336281,18.6112800780112,0.0326539813008598,0.0430328379748427,0.0315107389859652,0.048368720399205,0.0501527447952401,0.029683133668852,0.0363879281228797,0.0273886640187841,0.0360340105006416,0.0395459995009219,0.0301565726517258,0.0393648798382349,0.0284413388272667,0.0443952895355821,0.0465978017147328,0.0297831686003329,0.0381686134142451,0.0274311445345294,0.0433880303576848,0.0448047055725828,0.0330147689923842,0.0407922223013512,0.029265928705358,0.0458041701643232,0.0482428365516761,0.0259139928257218,0.0430451264735977,0.0329149357347392,0.0462130546665269,0.0473171117100131,0.0304964056585289,0.0394495605525344,0.0288243993077996,0.043776101952306,0.0458268115807145
gumbel,200,641,1.33333333333333,0.25,20.9146088441473,53.7953066738355,53.1305536354087,42.9080068503542,46.4523185741931,11.403726910572,27.7604417621961,27.4297908571022,22.3443870182935,24.1077712829511,17.9600116103753,53.6420656500296,53.9543851542699,42.6741997263001,44.829085173042,0.0566667330588868,0.13374440170122,0.129137478134369,0.108401626480114,0.117777105094551,0.0469449001047555,0.131538449336417,0.130157231748027,0.107488210721486,0.110334470498849,0.0535119682911315,0.134966702546064,0.132475601092882,0.107523090396291,0.117414846778745,0.0500431591403911,0.135682862548894,0.134446789823652,0.106834170716222,0.11588982076435,0.0525662111776255,0.136741636799879,0.131916325233693,0.110617899101806,0.118905625990401,0.0268338293307813,0.105018776573019,0.104880123392032,0.0829670819750309,0.0926732863632496,0.0503703886855908,0.135015194483284,0.132984139860257,0.107195424906763,0.11591440374955
gumbel,200,642,1.33333333333333,0.25,26.9511884096331,49.6155787078669,43.860496137624,43.0904521781932,47.2328128800946,14.4062231466502,25.6809183897979,22.8179181592046,22.4348177086948,24.4960172956425,24.1613810002626,49.6836852894832,44.4152907908329,43.1701271258026,45.9573631184316,0.0677860982189859,0.128674521742302,0.113080960155442,0.112596100926354,0.123077103387482,0.0546806352998599,0.111312218218063,0.0991584659604909,0.0918643402345556,0.105335382367669,0.0632256129088102,0.116314114606725,0.10090329843267,0.101787241385516,0.112687353639725,0.0663755540220203,0.123989836573053,0.109227266655346,0.107119612459586,0.117022690919,0.0669604820917857,0.124171438644814,0.110260066757349,0.106469906282031,0.117046843750494,0.0709130932527243,0.128337701407749,0.112644018533169,0.112725950444084,0.123029542458954,0.0652155168122121,0.124621928499287,0.110251327329225,0.107334521431448,0.11681798916388
gumbel,200,643,1.33333333333333,0.25,21.054764790975,43.1676931528048,39.8086675369309,35.9526173135633,40.1244796712111,11.472541077822,22.4730810063533,20.801928724998,18.8840416003403,20.9598169524858,19.2403032351777,43.498542277712,40.7355138710387,35.793819017568,39.245634150641,0.0518073884126262,0.112767369276452,0.104336487758475,0.0945548079710852,0.104899406266834,0.0548370530252193,0.109715292790747,0.101600311510408,0.0908966806740276,0.100275142595333,0.0548606626580188,0.110540586327169,0.101687566558832,0.0917555058519816,0.101665556939404,0.0512054863451043,0.108495220747802,0.100760046253907,0.0886202745237661,0.0998056503225461,0.0515273422346339,0.110185437041745,0.10142000717534,0.0912788732420918,0.0998573559418923,0.0432643770999289,0.112901301836621,0.103343355841518,0.0947756445613531,0.101092279921832,0.0524963599399598,0.108828916074416,0.0999098587035627,0.0900059537437076,0.0999866737152053
gumbel,200,644,1.33333333333333,0.25,4.23756803977914,26.2013374581899,29.5014905850058,11.808810535237,17.3516851505491,3.10615622506891,14.032560618302,15.674392447501,6.87270631953347,9.63008691460192,3.42158176464299,26.0044310291731,29.779889354709,11.4907226547332,16.7162087399392,0.0121125649934451,0.0642253094310125,0.0719785596496297,0.0298203346295198,0.0419089922825918,0.0143843682936126,0.0680237868044528,0.0765877212912761,0.030369834447798,0.0461307880619682,0.010601590190941,0.062843332176325,0.0708031870740199,0.0274807258536746,0.041248449400323,0.010171861759488,0.0661519922452304,0.0746230378501328,0.028920614779295,0.0435045244738654,0.0102599076218782,0.0677505084592713,0.0754244575324908,0.0300948308934806,0.04411920108345,0.0149459552820651,0.0661268902917659,0.0747381971443959,0.0303962710125779,0.0474254368699283,0.0101120301622394,0.0652308271912528,0.0732784799798466,0.0283085215631459,0.0433198587548563
gumbel,200,645,1.33333333333333,0.25,34.1469912236168,56.066725566275,50.2086608493369,39.1561824769162,50.6367162691775,17.9855781108865,28.8906011975887,25.976169175518,20.4778565050171,26.1896286122144,33.1576064782305,56.5867305078678,50.661840800777,38.9817724147116,50.541969117852,0.090146013365268,0.13730747936558,0.114768895747615,0.101770817145904,0.126977749076918,0.0892862188043532,0.143803291560419,0.129433240554634,0.0984334816429961,0.128696410381652,0.0838999088250252,0.139961726553815,0.125191422992518,0.0962746638001886,0.123003753855454,0.0860511866272966,0.142188474412244,0.127256178032117,0.0990871214304642,0.127634953738958,0.0828865876629199,0.135664589706674,0.121526384597639,0.0937999131854371,0.11972389794778,0.0902684552402126,0.144028407805426,0.129692254248294,0.098962318219085,0.131395092645813,0.0862054179619843,0.141119492404849,0.126386455142394,0.0981696855244449,0.126678970645222
gumbel,200,646,1.33333333333333,0.25,24.7218154024258,29.9625538619612,22.1306102063078,34.2465503964446,33.3751847824109,13.2970528594857,15.9040348736813,12.0080715684481,18.0350860274976,17.6019182774206,22.8142469957731,30.2485516715928,22.5746931023019,34.2897114272398,32.9205774754504,0.0464580159932496,0.0704551708063058,0.052640005911609,0.0782656966810284,0.0785648854625306,0.066512751542531,0.0738407708017438,0.0519211436381761,0.0863596085847797,0.0852056060426946,0.0587944538445776,0.0737201747723941,0.0549959499074367,0.0838796669870956,0.0827446057073825,0.0613060661242015,0.0733086850334072,0.0535295681790214,0.0851786041064925,0.0824486449523879,0.0635783641935429,0.0757008479629696,0.0557690235851586,0.0863278197353721,0.0844284950618068,0.0667939418263091,0.0798827855161235,0.0597580486829641,0.0903166043928957,0.0882211705318409,0.0604990127144545,0.0746669531893107,0.0543966768842,0.0855621281337161,0.0827052313532029
gumbel,200,647,1.33333333333333,0.25,11.0172789447938,18.9349335815771,15.6190085735544,19.8822562393819,20.1339549841442,6.47911472022256,10.4176488398145,8.76837865626597,10.8888293768495,11.0140879510814,9.54156746955596,19.0457208427463,16.0617639178841,19.9108021940946,19.73635489688,0.0291482940687665,0.0456666203864052,0.0380209754968081,0.0459866804331609,0.0512548254906792,0.0184077657161469,0.0472124088165179,0.040429860832545,0.0456382912040038,0.0464734435813123,0.0253418022207944,0.0478428936985512,0.0376509668654943,0.0495214438879251,0.0514311823472089,0.0200234678146126,0.0460660278924806,0.0377295845050212,0.0478401615987884,0.0473586248071731,0.0266614825959012,0.0492160905296326,0.0401024899051466,0.0514899083236991,0.0516493429720588,0.028056098608038,0.052139379763664,0.0419472733467861,0.0546156655679363,0.0550860063014916,0.0263630901223805,0.0475157661625201,0.0383938573150181,0.0499729009009534,0.0505782964113438
gumbel,200,648,1.33333333333333,0.25,9.16216144253275,25.3529438424287,24.0908003213095,19.1373533178084,19.225548617284,5.55626391777108,13.610886691915,12.9832199061309,10.5184873623629,10.5629654412809,7.93270687701807,25.1520354330057,24.2018794780625,19.0064960464804,18.3716573718684,0.027301075011742,0.0683491887486819,0.0651260892289155,0.0525788252581496,0.052960582600062,0.0235845391028468,0.0646870653796716,0.0603066054354416,0.0495233775981356,0.0494490855020417,0.0242171697409929,0.0658240811427066,0.0620655395647795,0.0494277127838595,0.0465329147774595,0.0236680387836277,0.0640244839086551,0.0597409681117574,0.0489640473490878,0.0480945299378716,0.0217747151249872,0.0618413270639749,0.056121349617796,0.0487616308433895,0.0457066789100187,0.000218964641639505,0.0660174044098221,0.0652252531697478,0.0422900249986854,0.0456581073177171,0.0199959338460254,0.0624135394848017,0.0595431219177405,0.0466092665175454,0.0451983133862014
gumbel,200,649,1.33333333333333,0.25,15.2472252701076,45.4412747986995,45.5532944587404,31.4911998535497,35.0818150672677,8.58326503232348,23.6045062422412,23.6604161777093,16.6644871931505,18.4511506062303,13.3928043422383,45.0983732391606,45.7615632692129,31.3212968914989,33.8014159394395,0.0428429084278488,0.112672438059574,0.111424657570048,0.0785914789706391,0.0884313990361807,0.0343751435825692,0.115560164786692,0.117256941450837,0.078461950924186,0.0875057327053583,0.0365838031170877,0.113420594841395,0.114153673001998,0.0778390454253845,0.0867170068131669,0.0379116106619795,0.112828097556663,0.11238168294853,0.0779957859673107,0.0871888121333872,0.041161042546547,0.116412070332692,0.116563228547299,0.0812600317391159,0.0891758530904379,0.0429437774917535,0.112300128285307,0.10902320295172,0.0783525295274291,0.0846257463798026,0.0381093795342539,0.113153058314515,0.112907844564564,0.0781680313258132,0.0865786722798798
gumbel,200,650,1.33333333333333,0.25,21.2525324168089,38.6924607264705,33.5419364166122,36.7806999438154,37.5005388502153,11.5715321598057,20.2468106572185,17.6844803757504,19.2960197174676,19.6543857111567,18.8325408787958,38.8646709616983,34.2601165019905,36.6567831758707,36.5921291667707,0.0256880868268016,0.0899418966969672,0.0871386920905982,0.0428762447512086,0.0638653150532741,0.0392176639814204,0.0896076973872994,0.0805392021447932,0.0850379648275472,0.0813177858588807,0.0484811915980079,0.0991950831959187,0.0862728596581026,0.0917296675134435,0.0934832656604329,0.0491706572284978,0.0956115949116331,0.0830197862077057,0.0897538360336342,0.0914691284805282,0.0541483112656628,0.0940740337739069,0.0787436302098686,0.0911071684540505,0.0911042838820833,0.0486917188211662,0.0989665743063908,0.0864435153450095,0.0966644380117093,0.0907907819045165,0.0502471016708208,0.0963544195350521,0.0835589693953727,0.0908738682537307,0.0922715253286689
gumbel,200,651,1.33333333333333,0.25,25.2011225271567,39.9809250235806,34.7233172555936,29.1400701316764,32.9914542513946,13.535401765261,20.8884717223498,18.2728709445391,15.4949979674622,17.4122731472353,24.3634381376859,40.0928043273639,34.7848405116526,28.8657975978848,32.1097585909927,0.0443893948148695,0.0919277224942555,0.0861141320672746,0.06535294964795,0.0558273013837991,0.0648751296979167,0.0939377933064046,0.0771419367210727,0.0679717694347786,0.0771151015700564,0.0566208875692337,0.0961062241095893,0.0828378324548977,0.0678895816596569,0.073340007832171,0.0611901542877299,0.09691737712091,0.083972479003843,0.0696582318986361,0.0777261317100298,0.0635586995236534,0.0990172792753718,0.0855709311952591,0.072291256143119,0.0791747641243412,0.0606608736329383,0.103738966815575,0.0850799687561773,0.0777631488351762,0.08415644637816,0.0628851236876456,0.100184293750078,0.0866386088274325,0.0730119915093083,0.0808288020353457
gumbel,200,652,1.33333333333333,0.25,25.3185726667448,36.876069092442,30.8538871930577,29.0605663984857,36.1917994702612,13.592978972544,19.3434866145955,16.3479174011449,15.4551411502828,19.0029124616719,24.2071151980467,37.0404288225395,30.8905535288223,28.9914399904223,36.1937745063774,0.0675411680245658,0.0833837012374366,0.0625000297472135,0.0704710097995202,0.0850538741922,0.0646123697752608,0.0890394740171568,0.0733070323792357,0.0707954895713095,0.0860254038805485,0.0645154448024175,0.0931255249285358,0.077540623406214,0.0737253187357516,0.0919318930775566,0.0633247981827287,0.0909139135565259,0.0755320366013964,0.0710243817318843,0.0895955024353632,0.0657971597386922,0.0939323111739466,0.0773610258340316,0.0750688315880663,0.092733004808984,0.067268556358144,0.0925257872682441,0.077237439617954,0.0722318263203897,0.0898611366460567,0.0628822466750262,0.0914851570842383,0.0759998135445902,0.0716757720219498,0.0899496983287096
gumbel,200,653,1.33333333333333,0.25,17.7441833876557,36.8232223219552,33.6748111235176,26.7815185145914,30.44194015328,9.82512535097835,19.3172731852409,17.751125685828,14.3216753355352,16.1427921246969,16.3466717501857,36.5787070660643,33.648638867049,26.4678196769145,29.7543289405745,0.0473782795709597,0.0912875974613026,0.0843988339831769,0.0668720329494159,0.074847070413822,0.0384433514092577,0.0907227894260946,0.0852346022642819,0.0665623418133645,0.0741848993921099,0.0441989035062242,0.0917552388650556,0.0826371143971395,0.0665633731999129,0.0769669942761081,0.0456347955019496,0.0915841753343108,0.0832956930761481,0.066674213206783,0.075000737362217,0.0427489956576938,0.0886574025734946,0.0795116953251187,0.0638751926769255,0.071316169875103,0.0487563350302677,0.0753251576325747,0.0574455877501903,0.055823938731883,0.0585323407312317,0.0449009910544879,0.0915425870112394,0.0831219960683779,0.0659953367376745,0.0754808249919082
gumbel,200,654,1.33333333333333,0.25,2.345182251219,19.8686827830557,22.231923105593,11.2338482148103,14.7565747676224,2.1639789896376,10.8816906123432,12.0573500708204,6.58644855805988,8.33885841842593,2.39700727807137,20.1698853629918,23.037315249627,11.1000666179964,14.6321652989746,0.00921552422532441,0.0544673013368611,0.0603598867474339,0.027525153811018,0.0385044946233809,0.00728962951745739,0.0522716392700837,0.0579031503953133,0.0288918413044365,0.0375489140964798,0.0068532311636427,0.0495490869385208,0.0549133249274275,0.0293760607386759,0.0364071670847848,0.0056166332860816,0.0515464292514333,0.0576860495757089,0.0290027618338673,0.0376408357019206,0.00523749600753579,0.0510137354096559,0.0577702159583962,0.0283354335189034,0.0368795174092193,0.00757960739993534,0.0434522151474369,0.045921193089326,0.0264970836632977,0.033887216289662,0.00586688889145573,0.0501440117852292,0.056191967266131,0.0272560939493191,0.0364385626601025
gumbel,200,655,1.33333333333333,0.25,12.4375678635274,32.1588257973389,29.7680330693152,30.8223300859874,31.3733706769671,7.18527482380437,16.9959673262153,15.806679356151,16.3314356397424,16.6056004107461,10.9412402008838,32.4726626388974,30.7371329885607,30.9064580671186,30.7781376188177,0.0357871988184651,0.0852280395535107,0.0788961818138195,0.0819003986681537,0.0832947912045526,0.0352753162157,0.0839158918344093,0.0761737213046036,0.0809337211317255,0.0824602344598611,0.0307268984446597,0.0802696902053164,0.0738114403786757,0.0761652355690151,0.0792894821421559,0.0310353325961732,0.0817541980642575,0.0755464300134262,0.0775229078089369,0.0790872082961291,0.0327097656720356,0.0821218190219357,0.0738947958949673,0.0798666344670703,0.0813120414826074,0.036056592714988,0.0850850402273643,0.0792796118919809,0.0733147117071896,0.0831478684448,0.0310730017535605,0.0813171001246724,0.0752595392884714,0.0769541072749037,0.07850987436117
gumbel,200,656,1.33333333333333,0.25,25.482284459008,42.7962921658967,36.6650824708244,38.2469292175494,41.5990102453976,13.6749024994205,22.288601604512,19.2384273426295,20.025747795513,21.6932477125487,23.6079188278922,43.0086344969055,37.2068364631524,37.9107229807861,41.0894456836111,0.0685960240357633,0.108885005754056,0.0909473498541156,0.0980921083548003,0.105994331682981,0.0647871136847009,0.109650015153922,0.0941666746550024,0.0974250253777567,0.106805942891022,0.064970630794716,0.107475693652435,0.0918365671474682,0.0958128000114453,0.104969745129219,0.0640077496976576,0.106435607216843,0.0905796621065197,0.0946075549173778,0.103510912520564,0.0623334025470019,0.106608213309251,0.0904090881028206,0.0939402326745332,0.103439347981522,0.0626728451672545,0.109017356230784,0.0916175390649049,0.100159167148295,0.106822005167063,0.0641041009020226,0.107863213611025,0.09257777993476,0.0951702943654034,0.103889848857687
gumbel,200,657,1.33333333333333,0.25,4.4522122096873,17.79960163342,18.2497256891544,9.59509192462908,9.66963790320111,3.21322249264338,9.85345718003119,10.0774431243722,5.7717648738739,5.8094743571763,3.40078898086356,17.2535642355594,18.1076289292216,9.03516633026258,8.36330192923817,0.00715230653245673,0.0439831293631516,0.03284224165869,0.0289056755244728,0.0288397770998652,0.0155050607223127,0.0460812538218118,0.0442802769328106,0.0248751244014488,0.0280093925130291,0.0062987269914519,0.0361552705543241,0.0379452182019233,0.0161131564236047,0.012834459861229,0.0101513040371632,0.0445537880506951,0.0458948196774754,0.0229721398587704,0.0226895499951577,0.00957343326013335,0.0415071905551254,0.0428307517511159,0.0188106857884037,0.0200329066631963,0.0159277616580412,0.0480621415998726,0.0485182634520678,0.0279924462706607,0.027377899663206,0.00962841637385686,0.0440290328109424,0.045099615677809,0.0235642793411006,0.022442581892955
gumbel,200,658,1.33333333333333,0.25,22.6584437478787,44.6074740511014,39.9521590952111,39.7106983577174,40.4901662983767,12.2704511919867,23.1895976688475,20.8735502571617,20.753845405846,21.1422425425314,20.5471281108136,44.7855341456504,40.7282132190972,39.4591767049142,39.3352269992645,-0.0085992590952286,0.0467132056932555,0.0585609345837015,0.0287178727587974,0.00998573607006342,0.0536143464196464,0.101099748712078,0.0896781037711138,0.0941234884805347,0.0925991498340448,0.0561450196502609,0.111395621751612,0.101449234379384,0.0969216041592571,0.099443216374469,0.0557877251684705,0.112321053831885,0.100422203210841,0.0997179614111366,0.0995028670729434,0.0581896684597869,0.113126112361954,0.100113899121799,0.101275110529152,0.10163557858329,0.0610614714367475,0.116269206298502,0.104853682399347,0.104061402028399,0.105995502218878,0.0551815476026116,0.111556754411592,0.100047680865272,0.0980902362053691,0.0989513204046307
gumbel,200,659,1.33333333333333,0.25,17.8447654712869,49.0543323976486,49.426286661077,31.8791210540467,39.1088276219131,9.8747462855634,25.4019525133427,25.5872352944986,16.8575191586244,20.4542967760937,16.8795899594692,48.9548408595029,49.671935281354,31.6566061167265,38.4891947121871,0.0460291276314145,0.122895596803638,0.114776400191709,0.0840669914675125,0.101925176498284,0.0434382086947861,0.122832344855997,0.124779287775713,0.078585714053417,0.0971184488534381,0.0418962349747348,0.122347241375935,0.123650103394635,0.0798510580246036,0.0947679903040424,0.0456915862076202,0.122749414314099,0.122950936488551,0.0793283044635853,0.0976668811511177,0.0456440042672817,0.123445366126192,0.123195231512768,0.0799622037330486,0.0979007071688056,0.031901174008766,0.111873097948458,0.11949855650033,0.0710346524537293,0.0860146340792382,0.0458716529949131,0.12231389035392,0.122571752013728,0.0794002222663627,0.0972875547599847
gumbel,200,660,1.33333333333333,0.25,23.9296733312886,40.44181305603,36.7674204453292,24.2093594734344,35.2689098117874,12.9021225500173,21.1172639533317,19.2891972753403,13.0418816688494,18.5440922603289,23.6895496035297,40.8466585675996,36.9619071562043,23.9507268670551,35.4604407341712,0.0646869364237033,0.103465708829804,0.093271983720774,0.0646449055194953,0.0926217433446355,0.0577131118631576,0.0972177095175583,0.0903507828459388,0.0537438612473066,0.0810240512439556,0.0573511167684708,0.0992797600280133,0.089583282999756,0.0579733089265749,0.0872420562564455,0.0584410705121964,0.098868243250305,0.0909649480119634,0.0563355739316957,0.0847853590869011,0.0620469560078537,0.102349539275017,0.0932356021518131,0.0605095988012919,0.088972748192658,0.0366650180094292,0.0869598469602361,0.0818886595546049,0.0338512757915602,0.0608150148117377,0.0606143208408902,0.100992585361161,0.0921215557003626,0.0598673141971462,0.0872158276032703
gumbel,200,661,1.33333333333333,0.25,12.3487144603374,18.6123892966289,15.1799150730203,16.2079866588287,18.7972407588609,7.14080065771116,10.2571750887064,8.54957486818744,9.06131189059038,10.3493212182609,11.666934620146,18.8599140397259,15.6428487449753,15.9307131038426,18.7474160896757,0.0155528987624454,0.0494735886611197,0.0292219332417158,0.0450799322673426,0.0505584558613744,0.0323558951292651,0.0487422002750551,0.0387471217854789,0.0421159207447038,0.0491732740802703,0.0312082421473192,0.0433903588230119,0.0325541325313337,0.0410994851345959,0.0455116964875728,0.031420195510418,0.0453383089157182,0.036550861289663,0.0384442895483154,0.045805615825502,0.0307083926860326,0.0471908271091027,0.036814720904746,0.0417242755721722,0.0479282023320275,0.0177946516785282,0.0245987753763148,0.0242325676856959,0.0101786455047688,0.0211413385462438,0.0304299694789176,0.0455293647111136,0.037105327016443,0.0385070978956675,0.045533413288765
gumbel,200,662,1.33333333333333,0.25,17.3652783278511,38.9449331363979,35.32566203816,36.6595969239107,34.159639911296,9.63722878273843,20.3725625599738,18.5720491514054,19.2358424057445,17.9929296839108,15.3666418408956,38.9365012040571,35.9530779380196,36.4882084460126,32.5690439653094,0.00525139432026802,0.0911482635045055,0.0872781766063677,0.0818482606210774,0.0510232145462383,0.044988574887591,0.101428700868241,0.0914742171317257,0.0951521036696264,0.089977691417026,0.0446426377199826,0.0994353562460489,0.0902860654053122,0.0925494347471573,0.0851279348054951,0.0424908162130584,0.0957909636970622,0.0864451948489053,0.0892401273037441,0.0831509197774504,0.0422219861168189,0.0952202463800148,0.085860307723012,0.0892439637687268,0.0822049243415219,0.047556462489175,0.0970383375144902,0.0794097233191634,0.0953994883886871,0.0903988130467188,0.042257188185035,0.0976988429033761,0.0885715535592914,0.0914968052822069,0.08300218458107
gumbel,200,663,1.33333333333333,0.25,21.3998626946961,25.422275177276,19.1043574219502,21.8240255323221,27.308639006649,11.6434341825059,13.6449661400913,10.5019216128428,11.8549493717039,14.5836690483727,20.3754851824927,25.7088064402259,19.4369681815362,21.7917456271622,27.3049457017218,0.0425897620909812,0.0414295710355204,0.034866035753014,0.0220388374959869,0.038143517411947,0.0524486437796026,0.0655571728870497,0.0488792455590781,0.0574818089120653,0.0691742412618796,0.0554600663739288,0.0640681568536086,0.0465316117655882,0.0554682112751895,0.0706552820339389,0.0533698091247563,0.0609469050118226,0.0445379821118507,0.0521529738867647,0.0645947123196384,0.054270547401243,0.0652945511532713,0.04892183662175,0.0562217706262324,0.0696432418521939,0.0579953344841949,0.067092533521366,0.0524863988671193,0.0529156559732037,0.071331956065201,0.05515961396564,0.0636956371193665,0.047324983456896,0.0547234554941486,0.0680698173828104
gumbel,200,664,1.33333333333333,0.25,2.11083732978643,24.077864025134,26.9856988744652,12.9111702984986,15.4353015144507,2.04707411090899,12.9760998458773,14.4229960752806,7.42085777479028,8.67652859467894,2.09257234142762,23.8662210747707,27.1253047916148,12.8370296590756,15.0253171778883,0.00800273559158305,0.0619363455378562,0.0699914110598593,0.0318420050323888,0.0421839399522721,0.00454833409146084,0.0548773939829571,0.060707426409428,0.0287506731043915,0.0353217647091183,0.00965157966839057,0.0617595275930707,0.0667666270415822,0.0350105873168916,0.0420058826169467,0.00756803611456397,0.0614869955786792,0.06778363879774,0.0333603539965037,0.0402185400357974,0.00664203042950596,0.0617438002377384,0.0694630392851602,0.0325329023205015,0.0394110705953488,-0.00420465577442254,0.0540988647947722,0.0631732636034117,0.0248997883574189,0.0290502705412334,0.00600387471808961,0.0603989061507273,0.0671594311946061,0.0319792936420217,0.0386445122936032
gumbel,200,665,1.33333333333333,0.25,21.3212532027329,36.27679594296,31.053595914163,33.0615051402462,36.1715357619856,11.6047360145731,19.0451286069714,16.4468867566404,17.445669756495,18.992830224551,19.613447922335,36.45046855071,31.5615663574713,32.9376438006048,35.8214738052051,0.0553363799129186,0.0954767412141922,0.0825549920959256,0.0861569582329861,0.095070671150546,0.0576662782834,0.0948982627856663,0.0809738290821669,0.0875541042392784,0.0953676788282285,0.0527087402635669,0.0918161957314345,0.0748273348260514,0.0848963887369008,0.092921245197163,0.051615293010855,0.0900142517399621,0.0777667439493352,0.0810299053341509,0.0886469227110771,0.0515450981240235,0.0919732609543055,0.0781965731528093,0.0843887773713521,0.0917966022450937,0.0382556922214161,0.0836845908831707,0.0716447435984886,0.079543203250101,0.0811182734732251,0.0539536235329685,0.091510793014529,0.0776673954947478,0.0833048666308082,0.0911597517083152
gumbel,200,666,1.33333333333333,0.25,27.2863166540177,44.3804005009189,39.3745042199588,30.732769367793,39.9335990582472,14.5727654474604,23.0767406277963,20.5862544747231,16.2872958125274,20.8648746186955,26.1881704789228,44.715099175715,39.6569736074127,30.4976551484869,39.7929021366768,0.0694249625897157,0.1157332069152,0.100134641115981,0.0812592672382757,0.104709872363295,0.0588368628644757,0.113050148267179,0.101514577881013,0.0770635423866903,0.0998360454255117,0.067834319455033,0.113017173994632,0.100931889015355,0.0769675072926749,0.100722712020556,0.0690783858714633,0.111171193096099,0.0980810055145755,0.0772387659421215,0.0999065611049141,0.0685519632006853,0.110728864425776,0.0980227028037781,0.0757223369782012,0.099028078476629,0.0515900491179538,0.115949540964605,0.0994259166672921,0.0787503955784251,0.103627431699458,0.0674448416547451,0.110862438058898,0.0984353323116634,0.0763675141139583,0.0989119678274237
gumbel,200,667,1.33333333333333,0.25,20.598240058211,40.0916068257413,36.3954690563578,32.0901604244723,38.4032030578348,11.2449243037422,20.9427664357186,19.1041743082411,16.9622378404364,20.1028808385512,19.2151984705131,40.3706731240318,36.952163501342,32.0684444021344,38.1345429808104,0.0507517734071563,0.0949143413410893,0.0834542460046598,0.0821181800606064,0.0909312224212394,0.0446548398472215,0.0995577525847662,0.0889452003976782,0.0775658210918384,0.093029225015749,0.0531908574783461,0.0981301645343679,0.0873300982563814,0.0778099998589323,0.0960021701588881,0.051994000663822,0.101777210450092,0.092499774954173,0.0810451432232145,0.0966947866358746,0.0523009275249065,0.0997144196455723,0.0904655349115634,0.079959753863676,0.0957733149095558,0.0546964663558711,0.104646365345024,0.0959593911054907,0.0817896194392129,0.0991814744744073,0.0519629619784426,0.100917716422806,0.0913445775506343,0.0807147924677807,0.0965496891083186
gumbel,200,668,1.33333333333333,0.25,13.8700989098162,15.5025539214773,10.8304082629402,15.7603082127974,15.6919127110432,7.89809713403164,8.7104814380993,6.38636849330959,8.8383934564647,8.80490859603637,12.842333645799,15.4720861563807,10.8052366570498,15.6401318011611,15.3697360052527,0.0027094674125046,0.0283952288967366,0.0234568138529012,0.024492323471464,-0.00259350843744235,0.0357119055807414,0.0397062301708977,0.0266615108714727,0.0408277401403207,0.0373653003387609,0.0374565703142611,0.0416779455916803,0.0282431651289398,0.0426263333651704,0.0427334530396179,0.0344880604317596,0.0388481610531136,0.0267098167428051,0.040047769764381,0.0388593618514015,0.0335888424417381,0.0392650154088624,0.0277784406348376,0.0399296103043409,0.0383897753350729,0.0282908101304231,0.0251014957654645,0.0167919258339181,0.0319356262581155,0.0302633690708639,0.0332732702931816,0.0372875132880744,0.0251246884747006,0.0388534523409732,0.0373461235410162
gumbel,200,669,1.33333333333333,0.25,8.37285602964822,18.9887510563644,17.7400215197826,12.5892777735589,16.4776565467544,5.16327424359705,10.4442837924006,9.82298078731146,7.26089693341414,9.1953817228114,8.17054122106433,19.2553395387829,18.1889057201164,12.3778836436933,16.3848469366632,0.0253838673601461,0.0454112893681489,0.0352695914637555,0.033758007855649,0.0378330075723975,0.0227999680435604,0.048090952260114,0.0442293285812993,0.0332739627806238,0.0419418561041656,0.022977863913218,0.0478842694785125,0.0433308448353346,0.0320666056475965,0.0434290507636716,0.0196667951210642,0.0474022462960801,0.0442450672915334,0.0311812663591811,0.0405766138493114,0.0194521013629279,0.047698571964951,0.0444788834940404,0.0322746783053327,0.0415965275342205,0.0252396332044193,0.0438169329986759,0.0311348492322811,0.0336833954883847,0.0453272633942774,0.0196645765278637,0.0474248519526193,0.0445883660290621,0.0304017750564192,0.0402133775742452
gumbel,200,670,1.33333333333333,0.25,12.1585266550543,34.2024638761633,32.5253191319974,28.7911266743989,30.6500303357832,7.04678169379144,18.0127147612025,17.178201407008,15.3212482968574,16.2459633169809,10.3965512993413,34.3331245793192,33.4118238067821,28.6205032109561,29.7567148094828,0.0340862628638077,0.0901074994308431,0.08556691916919,0.0764550729340018,0.0816244857329239,0.0216637645198118,0.0842958628755024,0.0832809905593381,0.0639539942005606,0.0732806576554532,0.0301054505207897,0.0874673526708351,0.0824343751941645,0.0737765405395112,0.0780722229036674,0.0300841801879695,0.0864433585007724,0.0823927816718883,0.0712419702491169,0.076528011898679,0.0317186813975105,0.0867957072034682,0.0823829788411486,0.0724216303559106,0.0772772066744756,0.0345586339460756,0.0887525322160554,0.0857693519189672,0.0710497335793367,0.0801129461189873,0.0298800073100022,0.0866840750588707,0.0828497905976413,0.0717006343766884,0.0766093842542332
gumbel,200,671,1.33333333333333,0.25,14.0623859622524,42.573961099125,42.6673481638138,30.2194228937313,32.7521653796683,7.99395560360178,22.178032654973,22.2245403438805,16.031924905255,17.292391557594,12.2747801449903,42.2919028585617,43.0551621106316,29.963806236068,31.3593785882606,0.0360919402323439,0.105185158183843,0.106153016324688,0.0787708674524165,0.0802483684714126,0.0226857854013475,0.10245244185771,0.105293863298883,0.0695793424788747,0.0771983192883773,0.0381751306281028,0.108694260338646,0.107856891545161,0.077920938534942,0.0846927402485006,0.0335233935907751,0.105643647417952,0.10560788911609,0.0742873937443652,0.0789964033523408,0.0361220131484077,0.107734918164166,0.107187787173886,0.0765933976281388,0.0817355225645263,0.0380573523159801,0.105403443814925,0.106582066312481,0.0696733267375111,0.0799904872237466,0.0343179747323101,0.105996390670532,0.106294134674293,0.0741517447151697,0.0798012780767967
gumbel,200,672,1.33333333333333,0.25,14.7059027015398,65.7935765119436,71.3447360316501,49.4543145377827,49.0203630189357,8.31434712297938,33.7293995312485,36.4909702314802,25.6011221547328,25.3858460411749,12.0810949424053,65.1338462207413,72.012683024673,49.2539689506455,46.2561339987727,0.0296227920979859,0.165371134905306,0.182313128392312,0.116479378003147,0.117791995317471,0.0267924509923318,0.163408063200661,0.179771298214686,0.119098876592365,0.113452205254939,0.0373341659854368,0.167514838743481,0.181881907855232,0.124096313327308,0.124092801026913,0.038079212241199,0.165830818355421,0.179325095806859,0.124568753432633,0.123049392005317,0.0325642790412683,0.165365441384753,0.180687369085562,0.123542696071281,0.119778825380599,0.0332541033249672,0.161859449682108,0.176577590304423,0.1229302943309,0.118664214984655,0.0342561399107773,0.164154591800123,0.178527141614584,0.122427162065162,0.11892016636931
gumbel,200,673,1.33333333333333,0.25,30.2095164862273,57.4796606034035,51.8597437009568,48.9108082301425,50.5876087808407,16.0270548633321,29.5939158421871,26.7986127624186,25.3306071437869,26.1655224083567,27.165271790095,56.9896776961817,51.6079903611285,48.8451243264589,48.9372264216691,0.0530510651639385,0.145502692999964,0.134530269586398,0.123782514298112,0.117827084695495,0.0774062004034699,0.134163717787065,0.114055003984594,0.116315246844675,0.119761414325118,0.0791179329562455,0.144931220597619,0.129465590035365,0.123724394354853,0.127444579015433,0.0768014667277574,0.143811921233456,0.128677865715228,0.12257087398157,0.125698608100335,0.0718091093885536,0.145758281667409,0.130383203178712,0.124777832993005,0.126409281054421,0.0803637841010707,0.148493985834353,0.13444112626637,0.127256115753339,0.131194347902885,0.075978531257241,0.143984547590893,0.128681899659893,0.122984117297938,0.125953114554224
gumbel,200,674,1.33333333333333,0.25,14.1315041932446,25.5481568065033,22.2761656288493,18.6747229341867,23.7816991773238,8.02748061514292,13.707509572287,12.0797567811455,10.2881895078791,12.829013275154,13.6353294206182,25.816020033823,22.7056196150045,18.6170592644359,23.7239491812121,0.0323990532240768,0.0598385071205791,0.0563316482324765,0.0356929643158821,0.0517295689626468,0.036837527976012,0.0629240558246361,0.0559770370958111,0.045094395276722,0.0547184638442366,0.0364181718343123,0.0628386810832264,0.0546905803856896,0.0443696246162829,0.0582825337152775,0.035911278403064,0.0626764714093544,0.0546943658272784,0.0457714677006322,0.0578728020066478,0.03616268802833,0.0653399108887546,0.0570366769979458,0.0488735749653411,0.0588364223979244,0.0399729414666516,0.0654869426987817,0.0575715624160815,0.0432487890886312,0.0624094028025994,0.0361779938667276,0.0636926157741294,0.0554465980334159,0.0461759667164584,0.0587569508357272
gumbel,200,675,1.33333333333333,0.25,10.7813929606685,47.8714357402907,53.0887502231624,26.9177678050401,36.118026680686,6.36132729287251,24.813062842228,27.4088152437549,14.3888139166394,18.9659548747812,9.55710622018462,47.7122376824979,53.5425406507861,26.9460281706729,35.1917136716428,0.0148804070181671,0.124080606885672,0.137355052145889,0.0699068027239261,0.092838993137273,0.0272199598451985,0.117516385426821,0.129000382170647,0.0654906764683138,0.0901377701490489,0.0281429896159262,0.122175989237168,0.136019534629349,0.0684925039806072,0.0917020864176595,0.0251422169211416,0.118388333797808,0.131494470440238,0.0644288487431868,0.0888882081908435,0.0297760170249222,0.119705874511767,0.130781878421238,0.0677981863266798,0.0915276672206509,0.0317014080497071,0.124462328701338,0.136667738125829,0.0722917422417883,0.0952777599621353,0.026571349154743,0.120774105145866,0.133645458655794,0.0677452965705973,0.0907576075990058
gumbel,200,676,1.33333333333333,0.25,12.7215335899146,27.4235427472712,24.6823173706634,22.4450490738664,24.0565762124658,7.32710853034622,14.6405276872493,13.2767319022271,12.1638592001589,12.9662467696218,11.4519180121526,27.5956552842475,25.1895170708319,22.453904631774,23.2016467845699,0.0168799286202288,0.0550234654830551,0.0544372168087119,0.0438549704496472,0.0426940139035714,0.0353338457130081,0.0732938536176842,0.0656455694609096,0.0603400641702545,0.0644643444461791,0.0332588303810213,0.0700595408396226,0.0628749893068957,0.0570705084356486,0.0608671002105061,0.0268891782183865,0.0672015873178586,0.0614223872924141,0.0542397855939305,0.0545247466097075,0.0300942069566832,0.0671250113728613,0.0610664211426345,0.0551220781547278,0.0558852359919146,0.0167454538531729,0.0495478292701853,0.0496996502152825,0.0367247988103457,0.0386691213867759,0.0307833606327912,0.069407913199009,0.0624267653142624,0.0568389225949344,0.0595797681358645
gumbel,200,677,1.33333333333333,0.25,15.9567500170179,25.5919997670453,21.3155621787447,21.8931789695737,24.8371132839159,8.93594964299254,13.7294958430912,11.6024006522539,11.8890420240185,13.3541838263667,14.6295787911722,25.6433370061461,21.389224539595,22.0961537319682,24.3513563668319,0.0390336351039283,0.0616287747620276,0.0375466149025705,0.0580594694067715,0.0625835350205675,0.040906806041532,0.0652044494361592,0.0538719061358905,0.0544009749323716,0.0625027280370883,0.0395882654273183,0.0627496318242812,0.05012104968719,0.0543113332694259,0.060559166648818,0.0406255296139359,0.0666941103733175,0.0555904880665488,0.0571297113039451,0.0636260189390333,0.0396978964806535,0.067183891779415,0.0565960551052127,0.0569000725064284,0.0642092189777449,0.041569678905762,0.061326609265512,0.0468917923439863,0.0567402843858989,0.0633892785776149,0.0390859848787895,0.0626796519147643,0.050977691868533,0.0541583839664796,0.0591784217652951
gumbel,200,678,1.33333333333333,0.25,18.7592153386527,35.0110040077247,30.2899642501141,34.8193871061721,32.8412239565455,10.329840485796,18.4157578229398,16.0678201801396,18.3199771594566,17.336478261434,17.1482644119689,34.8618848886862,30.4420201530836,34.8718718031729,31.8918712622209,0.0518778517377891,0.0907649368849521,0.0768120744889087,0.0920395925700159,0.0846555410167528,0.0494927318652596,0.0920626778712319,0.080026286556102,0.0909894637297348,0.0844313803641472,0.0463986987595416,0.085786944109545,0.0728198360877544,0.0875860776811739,0.0776556723206311,0.0476167164236869,0.0868206155543847,0.0737562561958926,0.0868996141438153,0.0804699000849739,0.0494986471096634,0.0897003626985713,0.0767097865124104,0.0899714093041216,0.0843632506452012,0.0483455200165843,0.0922452697016116,0.0806801950103457,0.0920464188862486,0.0822233860066117,0.0476599053721541,0.0866268812881436,0.0728903617605467,0.0876003755848371,0.0810980158447221
gumbel,200,679,1.33333333333333,0.25,15.773513762236,40.2850256598637,39.3813630618305,30.6482564271777,32.3645412693815,8.84595908881153,21.0392907880786,20.5895265662275,16.2454586592913,17.0999095706092,14.3822608239128,40.4363168035026,40.0628536760803,30.2498402756553,31.1825730829149,0.0436887482176479,0.103162407646113,0.0996342507485504,0.0782704191275231,0.0847569545868181,0.0287042925192638,0.0906982389310991,0.0927547344174846,0.0644299498255067,0.0635699249857852,0.0400369783583869,0.10076058611885,0.0979286283202864,0.077205557215763,0.0803832073747942,0.0369334853879515,0.100272054938508,0.0979686967875109,0.0765113770668969,0.0794606335082767,0.0406350289129761,0.103530970068072,0.10114049099104,0.0791208914306672,0.0815768474852462,0.0444089010799346,0.104789178785532,0.100586020863571,0.0814339697375256,0.0847998322135345,0.036359962271196,0.100808954837832,0.099130672524589,0.0752928728370335,0.0784353798356684
gumbel,200,680,1.33333333333333,0.25,26.5217705325997,34.4503971830396,26.6725043075918,34.5226595433768,31.9103795559512,14.1931219678907,18.1374099178525,14.2682628682929,18.1730705103064,16.8740020400095,23.5560513790534,34.0246690220192,26.6423348714977,34.1024886974705,30.5040796271979,0.0708960514283039,0.076543028904611,0.0457556386622037,0.0893605950981553,0.0752535738222147,0.0498238679947495,0.064715537544903,0.047719512777104,0.0676394610758577,0.0597967660180828,0.0658180547367122,0.0839861549134452,0.0633636276883753,0.0840312892634278,0.0775072602657396,0.0647389668366016,0.0840613397741983,0.0629659267767916,0.085826200529518,0.0782136512262325,0.062359310359473,0.0823981415799961,0.0622306735393652,0.0825475281623888,0.0761793851937472,0.0673680337270223,0.090068470827794,0.0653093609121547,0.0900869138352803,0.0842218314057773,0.063064078840094,0.083775741577689,0.0631492197409696,0.0850302713385169,0.0766074101420985
gumbel,200,681,1.33333333333333,0.25,33.7202200803131,69.239133714092,65.1547938745594,52.2123761980325,55.1770781047507,17.7744807029482,35.4444826662215,33.4125447700751,26.9738553766759,28.4493856818462,30.2120216514885,68.6766729184609,65.2232538612905,51.623562330353,53.1980008583463,0.0886423056445962,0.165431554017861,0.144777961181514,0.125779729425017,0.132332496699204,0.0865723619913058,0.175631502068847,0.164387654719324,0.133493230017839,0.138653931307733,0.0791989890202671,0.172886197360687,0.163384222288442,0.1287857947934,0.134781629259044,0.0815117833199855,0.171417875829055,0.160864213638779,0.128457996928522,0.135647511485634,0.0795415513611382,0.17146694265181,0.162108935460142,0.127600632617433,0.134772027764111,0.0601299901011225,0.175682988858327,0.154500376205862,0.135492233003918,0.142889496886068,0.0817306679483641,0.171423255325354,0.160886135499954,0.128659604829664,0.134990080856723
gumbel,200,682,1.33333333333333,0.25,8.43066564810501,35.9678235585373,37.8748450755936,22.1429983805945,25.706714819384,5.19236187467823,18.8913694774971,19.8400196950829,12.0139169201389,13.7869597442523,7.02732269271686,35.7204499867575,38.2848450287072,21.872726627262,24.6842961927104,0.0110498842405724,0.0871367870863807,0.0929190777459253,0.0570387953741719,0.0604229063772928,0.00813535649065325,0.0782811033982142,0.086415614868301,0.0407604208002501,0.0517069219320606,0.0198775886221578,0.0930191260756442,0.0972278250160334,0.0579941342640912,0.0661902690751335,0.0203063925922722,0.0902511167923263,0.0944171354237905,0.0552640945522594,0.0644606864696646,0.0180645332736616,0.0907235801977154,0.0963241533450915,0.055211825354133,0.0626653155526708,0.0235370118117328,0.0930948943382085,0.0976579664025654,0.0593513492260263,0.068740721686087,0.0190131799961876,0.0894087087789182,0.0946014971957454,0.0540691919080208,0.0628414942451615
gumbel,200,683,1.33333333333333,0.25,30.0441593551725,51.5971692294504,44.4540553622304,46.0314089657695,47.4718436640088,15.9441814518805,26.6672691203008,23.1137904602281,23.8985377748867,24.6153112980005,27.9733944097481,51.5915537774701,44.725709638651,45.691198743307,46.7099533147697,0.0796871754423283,0.129192000941354,0.1120056247702,0.110940689138357,0.11418552004351,0.0729850978925023,0.127301699287914,0.107534772986315,0.116461815393008,0.118175843981006,0.0789233485254357,0.131433602065236,0.113070263431546,0.117734064847901,0.121251658644979,0.0744679627160326,0.126876382382563,0.109120238343259,0.113211654741393,0.115404031010685,0.0743443593242733,0.129599725129908,0.110813664231042,0.114470271060278,0.118872435481943,0.0798849791881226,0.124137016816925,0.098538031244379,0.112937000582344,0.120926761701738,0.0763035456932553,0.129268228758079,0.110825453191925,0.114962942112751,0.118231977965352
gumbel,200,684,1.33333333333333,0.25,-0.57681497723575,18.6703070326008,21.9259834084509,8.18408147943788,8.63657994327357,0.711491546277678,10.2860893788912,11.9057467963558,5.06946759069519,5.29482879369785,-1.43618904411384,18.1268013433534,21.9504665556079,7.85174985992076,7.54356180018284,0.00312561482792628,0.0516676149632998,0.059187104445844,0.0237105856489972,0.0262886280869673,-0.00523854911607291,0.0449420202474695,0.0528535560185515,0.0170569855073978,0.0173300495483459,-0.00241694413540244,0.0499922405354647,0.0580817266287559,0.0234765675767166,0.0240211283283485,-0.00168682873899945,0.0472350424543698,0.0553303364361452,0.0205031443664458,0.0218225522943878,-0.00775963329420974,0.0423818297335552,0.0516059080739027,0.0129924626534733,0.0161888320657605,0.00304033264907785,0.0454480876312396,0.0527552576628991,0.0192597798994067,0.0235254973206883,-0.00240261554006997,0.0470967161880226,0.0549760991947314,0.0205662885116919,0.0212492368109657
gumbel,200,685,1.33333333333333,0.25,0.799225751438217,29.683349734698,36.5469055248326,12.496436121756,15.0148092788666,1.39540017165265,15.76523228185,19.1800840584324,7.21486000815895,8.46781172740485,0.371812658990627,29.0117334507567,36.3268613938485,12.1525343471489,14.1129756605357,-0.00968609382974208,0.0473792348233679,0.0649562736247692,0.017051986304372,0.00351662400732636,0.00569503817626606,0.0752763327903636,0.0904858298153175,0.034122068691722,0.0394193807260087,-0.000676832595882468,0.0727681634579802,0.0899023681196053,0.0296378248094197,0.0359753596295408,0.00061770662539019,0.0741591212239885,0.0907780137121395,0.0312049416947923,0.036733284288497,-0.00163712319246533,0.0723259990966482,0.0915452748467726,0.029040676050164,0.0341601857621996,0.00687413971178444,0.0744613125198378,0.0846436358811829,0.0351624044856885,0.042528563012711,0.0011995458051374,0.0728139565750168,0.0896087332181597,0.029556660731565,0.0354743760911702
gumbel,200,686,1.33333333333333,0.25,5.71520131796168,24.550778496865,25.6402200779597,15.0987247404472,19.8275381758774,3.84013169170102,13.2111861710701,13.7534477944759,8.50902499966722,10.8613332143036,5.64729391038176,24.6390111214539,25.953209230438,15.1063328397347,19.8076917357662,0.0181958260780494,0.0650418444385601,0.0680442237604629,0.0400816876495407,0.051286612955627,0.0153657272490233,0.0573544441850083,0.0552199478759731,0.0384340000001835,0.0494562834433664,0.010530509488005,0.0611605785449838,0.0648395695978631,0.0369608069003891,0.0489921034625552,0.016345328575301,0.0633077694820208,0.0654626097767771,0.0388484358691641,0.0514514979809169,0.0162262495115558,0.0628016968516801,0.0649243788990629,0.0383115332920419,0.0513697322198652,0.0191537438330224,0.0654720922533117,0.0683662869951639,0.0421341232151789,0.0539536817412244,0.0152687852343806,0.0626006438494784,0.0652907533447208,0.0378284417692407,0.0502297512495704
gumbel,200,687,1.33333333333333,0.25,24.5292902577024,66.1969792783919,67.0003120329198,50.997368216568,54.7246958513866,13.2019676305111,33.9301936976089,34.3297099807313,26.3688381978861,28.2236506286042,23.4412940437482,66.581030732094,67.8621265884532,50.7028377378136,53.7917083519185,0.0444878401057958,0.155200582502194,0.162325951909381,0.116689298492967,0.123079442132228,0.0619660951593308,0.16877307511168,0.170397922601689,0.130824705049481,0.137235979678558,0.0581025264012452,0.165384450451386,0.168130558367683,0.127364751109874,0.13513411513188,0.0611364107780461,0.165960421282294,0.167392226702114,0.127586586559976,0.13641103926657,0.060347534210289,0.16530059518551,0.16657288252038,0.127944526375024,0.137046208950704,0.0663230730974399,0.166902847479298,0.165580171431181,0.132140938466781,0.141716754037758,0.0600129506075468,0.16643776074668,0.168594455669148,0.127451077625647,0.136247837610153
gumbel,200,688,1.33333333333333,0.25,24.7524398312019,46.7260814077812,41.8674464427063,37.4168331638557,37.5342964010464,13.3124054942785,24.2443958496672,21.8273640928494,19.6130505806679,19.6720676067567,22.6054363692785,46.3616930077148,41.7646229062154,36.8879985421531,36.3812244241503,0.0655210747384924,0.121311297223059,0.109657560122663,0.0957943631680851,0.0976323206416322,0.0648238918051657,0.121148425514991,0.108478468479963,0.0976048039136302,0.0972005157801921,0.0616095600192058,0.11322078917612,0.100749643731124,0.0881178757608176,0.0898285197001177,0.0604308418558393,0.11513370303515,0.102441865332462,0.0920237676149057,0.0920676899375121,0.0611877368248555,0.117818760963441,0.105355113053807,0.094779365609374,0.0951377769961937,0.0639106112788816,0.121328024873804,0.10915238839976,0.0981669474109042,0.0966969032407664,0.0613096780765179,0.115430277280184,0.102769658465328,0.092125875778278,0.0915234905288134
gumbel,200,689,1.33333333333333,0.25,13.548991418267,36.5137046041499,35.5085213953518,22.7390785479658,28.1159856547535,7.73786156589877,19.163077541031,18.6630969993435,12.3103992084469,14.9855634336378,12.6252439255697,36.3275081564206,35.5197139494827,22.5488453950268,27.4469427578814,0.0387543918922715,0.0962554345534714,0.0935489579545618,0.0618359884891398,0.0752820096410252,0.0366182398086079,0.0913430273894614,0.0898998734070625,0.0521995592773701,0.069204889256602,0.0337816818996006,0.0872684392759931,0.0836326950713996,0.05423324075997,0.064646906230569,0.0348823844916916,0.0905213189029919,0.0874357132746962,0.0563183590732015,0.0695496032592963,0.0358499299971344,0.0927163071439541,0.0897205504461185,0.0582410653693802,0.0705865365360462,0.0364421532847741,0.0773148509174264,0.0730084411300963,0.0424804302139713,0.058547900654171,0.0345883048802107,0.0912003525576109,0.0880857352505932,0.056615610826359,0.0696709928338792
gumbel,200,690,1.33333333333333,0.25,18.3532292491019,28.6522759865795,22.6478711463747,30.1733878421126,27.2013890850296,10.1284994637299,15.2524150081855,12.2657409957178,16.0088455279524,14.530866167644,16.2854793367024,28.4123514168415,22.594558333653,30.1161271227424,26.2728259664807,0.0508637006202257,0.0761940549429414,0.0612154324901923,0.0803690448544758,0.0729783106978054,0.0433035947157041,0.0637413184294167,0.0455104423602256,0.0725245779288819,0.0628002455024652,0.0461470131970916,0.0708713807928635,0.0536278511531815,0.0767728481421979,0.0672094025750339,0.0460222950457995,0.0733314241017797,0.0578028488467024,0.0769297104303214,0.0674996607389545,0.0476006690750998,0.0695153369632957,0.0513996694054939,0.0762722869452708,0.0672732486024336,0.0434551592689543,0.0742347577817147,0.0615608277260703,0.0683001666931354,0.060552799396916,0.0459134451920672,0.072247428335259,0.0566919375546508,0.0758855999557061,0.0674362035395484
gumbel,200,691,1.33333333333333,0.25,7.98023108926812,14.0201385345366,11.0525592218017,15.590200361297,15.9045459912921,4.96745207974443,7.97227519390967,6.49623545679093,8.75327262212449,8.91006736858291,7.5260762740561,14.3831275148206,11.5086293150607,15.8388523645304,15.7889132863726,0.0238968017433604,0.0393581119092858,0.0314379150711369,0.0428158952374971,0.0445903004815887,0.0188703285457637,0.032014852924459,0.0236925691242467,0.0354470367400954,0.0387095208061935,0.0230532586040055,0.0381992162332662,0.0306213808591493,0.0429054546475804,0.042066509820267,0.0217248472148634,0.0348411084486096,0.0256040756835331,0.0402774211176322,0.0403548264081374,0.0203283674743761,0.0354814315787439,0.028036766983254,0.0388330817976677,0.0381813357811179,0.0132934484060762,0.0400467002127503,0.0303174668946849,0.0426178179515843,0.0388593153107044,0.0204240293295187,0.0354890998016647,0.0272339993848713,0.0397291459236151,0.0398706297877407
gumbel,200,692,1.33333333333333,0.25,14.0009986169019,29.417481282312,26.7346639531779,22.6494076655426,27.2072513487122,7.96269083785219,15.6324041341943,14.2978606700084,12.2654731532986,14.5331230019694,13.0716476035346,29.6436343969749,27.1977735666639,22.6629795598979,26.8876383552276,0.0316736580186927,0.0784775769642071,0.0708630715154143,0.0608832239144054,0.0704160176814612,0.0362323163530556,0.0755821301275207,0.0687047664803154,0.0593855558507472,0.0704746311564075,0.0357272874523757,0.0768517857718428,0.068619012019756,0.0591300241473914,0.0712240929389873,0.0343842445003087,0.0731380972773604,0.0665013231968327,0.054958081046608,0.0662206809111726,0.0345990292661243,0.0697199675747097,0.06152191830132,0.053251512666207,0.0651732515952397,0.0398263420518126,0.0785203235289716,0.0718192967270482,0.0613988161861784,0.0729819365735412,0.0354292953642596,0.0736101097745443,0.0664123327368079,0.056643548063173,0.0676596049085805
gumbel,200,693,1.33333333333333,0.25,10.4269069779254,18.1493604861955,14.6929420470265,17.2919771097838,14.5685126106473,6.18550864798801,10.0275180567451,8.3081476292433,9.60086579524306,8.24630572705252,8.94966868709483,17.7034011364648,14.4855769801804,16.8590442583961,13.6102421939124,0.023896768624599,0.050373401201936,0.0411279915195723,0.0481951903064766,0.0411075953712584,0.0249898505664106,0.0427937941598602,0.0320993024998368,0.0437174024838058,0.0335737319152265,0.0260022104030757,0.0476280645437282,0.0382345206062682,0.0459652591820556,0.0388774269223747,0.0257893880778953,0.0443678070485772,0.0351742578320669,0.0420361502455709,0.0349488229865506,0.0247862974358477,0.0460289311512647,0.0371787883675999,0.0421058463786873,0.0367592663816752,0.0287793927914532,0.0300994078386527,0.0135760026243787,0.0412053881278864,0.0299963665517102,0.0246247238161109,0.0440973817001267,0.035183668225321,0.0420134571359082,0.0342919859165949
gumbel,200,694,1.33333333333333,0.25,34.0341092301616,46.3044712255844,37.3094866933651,41.9036972660815,45.7993344894242,17.9301355539834,24.0341195503313,19.5592658880339,21.8447937200474,23.7831005443148,31.1710337648467,46.4162985750872,37.6239624101551,41.7336940490577,45.0109244895526,0.0847693861001265,0.120135797344998,0.0982443682782941,0.105260799839469,0.118594632331685,0.0860794206368564,0.120195433777983,0.0977175269317147,0.109014228243424,0.116812303796102,0.0844004406013668,0.116867375921366,0.0938855632719783,0.106324304016995,0.114391618489978,0.0852914573877624,0.116520350043906,0.0938012778759289,0.106040286344363,0.115382775184786,0.0842269650471171,0.114438855199681,0.0915666494839382,0.103114789481329,0.113068461603977,0.0617034861387151,0.11791433897157,0.0982569183919136,0.102543712186225,0.105481971019189,0.082721562428784,0.114844174753845,0.092221273422301,0.103759269634361,0.112470463783145
gumbel,200,695,1.33333333333333,0.25,27.9927005810084,55.3407493436861,49.748784177577,48.4332957700702,48.7679868515012,14.924635337519,28.5296494818397,25.7479267083295,25.0932268020563,25.2601431274093,24.5526503992161,54.8632168218214,49.8809823997443,48.2746278783914,46.9625470389686,0.0726063983918959,0.142151347054783,0.12648301161585,0.125675787024741,0.126915393346851,0.0653581782780909,0.142504603323799,0.126709406830932,0.125293134415286,0.125341014530977,0.0661908972540471,0.137962132613552,0.124375035423844,0.117694927037431,0.119160366587121,0.0695856971941233,0.139358284338392,0.12503852573155,0.122272271478192,0.122084069166878,0.0687629924451709,0.138812051335552,0.124482440845997,0.121630347862842,0.119430687050161,0.0675161048483289,0.14198112333344,0.120804568424975,0.126061354335899,0.126543465021006,0.0674557959183313,0.137257590710919,0.12286219320546,0.120111631091754,0.119509098524294
gumbel,200,696,1.33333333333333,0.25,14.8321901543024,24.8128474151154,21.1304546878724,21.1933126477256,23.4046246939798,8.3770125300029,13.3418310405474,11.5099118056796,11.5411880247885,12.6419861175578,13.2087111575026,24.8997086897295,21.4946973363276,21.1224946915123,22.4261289662221,0.0408883819248545,0.0572385505688406,0.0469067851005956,0.0544546346869246,0.0625397830836864,0.0381136311098331,0.0616094903955999,0.0501740773574292,0.0555522019217361,0.0569323809582281,0.0366098565044334,0.0622779372142085,0.052095952432897,0.0536265134473499,0.0573591016568394,0.0359961553092581,0.0624944707524168,0.0529636522299492,0.0534654480564317,0.0580508087691832,0.0314550648497585,0.0606576588439177,0.0534428032323646,0.0480162753149357,0.0527897266446856,0.0384022909445582,0.042967187555075,0.0232210769954666,0.0486493031392371,0.0314484171466729,0.0344767196303501,0.0615123640128872,0.0526943118945861,0.0519928615472818,0.0541468232375219
gumbel,200,697,1.33333333333333,0.25,32.3202608027797,43.8061350435023,36.9786859800961,30.758406773276,44.6535173306712,17.0763761904646,22.7907455573748,19.3942221730104,16.2995745316254,23.2123204108882,31.4909586239538,44.4531522109303,37.333889665302,30.835027063504,45.171464549673,0.0743976826783491,0.114379681398602,0.0957141087547644,0.0749488720613675,0.11020631188261,0.0811215193265498,0.110885767682325,0.0925448721963589,0.0745909597261883,0.112342998755085,0.0807974157368271,0.113011710699773,0.0959134868365413,0.0799968736978612,0.114625249726207,0.081206882272423,0.110010027925189,0.0924708417748532,0.0776251120252378,0.112319156224475,0.0841705038139868,0.109912935459567,0.0914595662465828,0.0777033837431191,0.11370505145285,0.0833214673351359,0.113828604886173,0.0971821459299203,0.0807491700663843,0.116369883363301,0.0819721006976838,0.110345335469056,0.0929669934692436,0.0777669169001964,0.112539744940908
gumbel,200,698,1.33333333333333,0.25,7.27327411623984,16.0340917664917,13.8810598850616,14.3051675391282,12.7456638305977,4.61638302539749,8.97483215390499,7.90395175431584,8.11445191958788,7.33959670405498,6.16326998569984,15.8456984998679,13.9616286387711,14.1909425680527,11.6898805533013,0.0179953341444591,0.0349176067456624,0.0291116115993016,0.0323448505911349,0.0249027388305148,0.0219290846231783,0.0422530934281639,0.0357586484526921,0.0391771581090602,0.0316244634372987,0.019187565708419,0.0411296763888971,0.0360491014485106,0.0362517293719677,0.033098569336641,0.017728385470604,0.0392842340548011,0.0336732209667349,0.0353115427436733,0.0294534909744432,0.0190040969736017,0.0435330016573166,0.0376438273505847,0.0383423741785244,0.0337177642401136,0.00513979218341518,0.0390652317048646,0.0364602554713439,0.0332926815484357,0.0154870650746377,0.0172585112436206,0.0400676104479628,0.0343510142420516,0.036215520930081,0.0298205328758089
gumbel,200,699,1.33333333333333,0.25,20.917803680287,42.9110388488849,39.5955941365575,33.2580633964877,37.5928741745504,11.4042925107028,22.3457931530993,20.6965725427101,17.5436309494563,19.7002412390406,18.9491060454694,42.771865376318,39.9362858574951,32.9769767636268,36.6863340748984,0.0523501704682238,0.110985997194999,0.103054871902482,0.0881212470211416,0.0981769172949945,0.0515178404750287,0.10719041070947,0.098487739513135,0.0848121955957459,0.0939523670789834,0.050584423083343,0.107817093397523,0.0999706812150788,0.082697090365461,0.0932830121818218,0.0528300255974855,0.108268478265395,0.0991324479540549,0.084409456964347,0.0948468866935854,0.0490492000690969,0.107158932763399,0.0997539914239051,0.0807383125371843,0.0925479316988815,0.0308713881735337,0.102079776696864,0.0980168841355951,0.0855172824605904,0.0931437155625601,0.0516577159385751,0.106404040848733,0.0976740523644882,0.0821880036145357,0.0929066590853101
gumbel,200,700,1.33333333333333,0.25,28.087043014349,49.9483863637651,44.3923164609976,39.9281743390315,46.728805447113,14.9708500868592,25.8466170438413,23.0826587314963,20.8617067168624,24.2452624354893,25.6901741816048,49.988362691136,44.8480098794222,39.8617803880541,45.7826728243214,0.0400771125766669,0.110346368308374,0.105873603655878,0.0811072159359948,0.0828658068365751,0.0712898218300068,0.128959239092511,0.115050371624358,0.101928832963653,0.119984875190117,0.0681103656233827,0.121281980007803,0.107385958594591,0.0950382232570785,0.113473420091082,0.0695335899700379,0.12562099866498,0.111788031814641,0.100050972323794,0.11663839004905,0.0687653698689909,0.123592575881407,0.11026062146342,0.0987740917352704,0.114151816839011,0.07361192999455,0.124629487582845,0.106736840494048,0.102206896774034,0.118445674816391,0.0703442810915921,0.125773459170795,0.111617793277622,0.100362699693593,0.117006481064489
gumbel,200,701,1.33333333333333,0.25,3.09556008396072,29.5768372262706,33.5093046345605,14.3114985098482,16.6180024758557,2.53812175777613,15.7121069277691,17.6684956951077,8.11784915280535,9.26572339649512,2.03551797395079,29.0106198525765,33.5376183402349,13.9840111521425,15.3234823918022,0.0127285856276914,0.0784367547709694,0.0879251912122771,0.040057921595837,0.0445606353134961,0.00946439114339026,0.072196884861578,0.0803726250436027,0.0362016271778975,0.0396846932003678,0.00916297942468035,0.0763214113012312,0.0862700174086489,0.0378911961022503,0.0432014215947734,0.00829015348925023,0.0743388016485806,0.084156389731692,0.0355993491738898,0.0414016438210418,0.00726884071524137,0.0741491211061154,0.0840626762186181,0.0360004827312483,0.0408202726501024,0.0119191979626795,0.0595826288668097,0.0640680419208862,0.0209456304763601,0.0347674445831199,0.0062894672283754,0.0725307302331957,0.0823739320514547,0.0343614454700338,0.0387412751524389
gumbel,200,702,1.33333333333333,0.25,14.3753638570378,28.3622736842897,24.4609973494384,27.1808968976492,23.4278470139152,8.14963787763335,15.1084328341178,13.1678679437465,14.5207635171242,12.6537424483425,12.507714905334,27.8294338446247,24.3872934052619,26.6048827374079,22.3083872027417,0.03779164442586,0.0670294631024,0.0583479176372906,0.0628416404145537,0.0527396260332872,0.0360188166092972,0.0705515164731795,0.0607090079451323,0.0658754347398328,0.0552544982156514,0.0366574342715102,0.0692878432457167,0.0585849809371162,0.0654605811415072,0.0583071821002199,0.0348668905580658,0.0712545512902646,0.0613975704303216,0.0678794861831504,0.057624112168577,0.0326519391376681,0.0703153479839294,0.0601426354774758,0.0670945047039327,0.0570381917726287,0.0162143906110352,0.0481659440309996,0.041296181446478,0.0516983942178901,0.0284291931060785,0.0359371722843925,0.0695232594218555,0.05882051399328,0.0665409999889186,0.0566415712902574
gumbel,200,703,1.33333333333333,0.25,27.6603138462475,57.9937633280049,52.6764853196485,54.1910591821222,55.8393307093126,14.759128090588,29.8487999671605,27.2035533420391,27.9573176176415,28.7776952797461,24.2709766928649,58.0578809663093,53.6436240820711,54.2687320065429,54.0909122564162,0.0737878585369366,0.14313611307625,0.124548654007758,0.137530581849946,0.144146232332918,0.0626289259186847,0.143114811905664,0.128596351562665,0.135658194524732,0.13855568219167,0.0642341551893575,0.145646582203146,0.132786339661075,0.13382453686349,0.135960210285971,0.0685425483308128,0.146908246832077,0.132967501476506,0.137024170034217,0.140593806469826,0.0639605779374555,0.143940646445521,0.130197642322842,0.133278656781791,0.13583602147692,0.0689855782854669,0.149105770408969,0.136342528477588,0.140044002041055,0.141807114973133,0.0684893094716352,0.146072005319741,0.13239352074775,0.136313079605862,0.139555069376683
gumbel,200,704,1.33333333333333,0.25,23.2000461049127,50.2662687122539,47.0050589675526,39.7792889567074,43.0651976768313,12.5400311804878,26.0050430544834,24.3826654408255,20.7881207271071,22.4229316789353,20.8347385262527,50.0947543850575,47.3488458839255,39.3864205446698,41.8689349410496,0.0621672178502484,0.126059872572284,0.114702415833327,0.103707072326984,0.106985678553355,0.0597264645632458,0.12816402608313,0.119301714242739,0.100994303440932,0.108810836482071,0.0520002853069582,0.120922496743376,0.113999059965512,0.0937638401906606,0.101588350053469,0.057456202174786,0.126520608638749,0.118310447039389,0.0998590263437903,0.10729323703122,0.0587844217679055,0.128756058716736,0.120847323988747,0.100778792338763,0.109303691030946,0.0497584873827604,0.12672885299727,0.122027247364518,0.0960525876740955,0.10015832858352,0.0566491294630161,0.12582206158515,0.117352667245137,0.0990990791571423,0.106907723551525
gumbel,200,705,1.33333333333333,0.25,17.1572513995489,20.2520922856768,15.2895882947243,18.5324423884753,21.4233549635537,9.53335232904535,11.072898499263,8.60404566236782,10.2173965282363,11.6562499952254,17.104331383785,20.8009616747261,15.810529166982,18.5059988403454,21.4550619847568,0.0233481044640988,0.0187812944892498,0.00510331961021684,0.0221238386134617,0.0154838074262857,0.0411691684021616,0.0499207198542323,0.0377294262644769,0.0465852646186421,0.0514537103935625,0.0420492861954986,0.0516459352304721,0.0388682121304587,0.0463577309540533,0.0531311088579068,0.0405857316270814,0.0498130423115172,0.0384661692889499,0.0444284459474197,0.0494166491578323,0.0439006881336832,0.0512518547596104,0.0388314452534542,0.0469146385119406,0.0529670641334494,0.045983925925822,0.0540402109855485,0.0408315116587967,0.048377581984814,0.0578412885398276,0.0423511798450571,0.0496619848536601,0.0373114190128234,0.0454625951418843,0.0510836283539764
gumbel,200,706,1.33333333333333,0.25,5.3769180371823,23.7793757829887,24.9646125107422,16.0471164725114,17.6584746145607,3.6723407207445,12.827872425286,13.4179524730711,8.9810435823987,9.78263110144991,5.16087176590997,23.6481178712888,25.0700389290403,15.9145871752438,17.463521066227,0.0148601655632322,0.063259556442658,0.066634167440328,0.0450667881675227,0.0474770417654154,0.0144243411634259,0.058316935575468,0.0589561820397748,0.0366220576379896,0.0440983832604533,0.0129346308869195,0.055874480436826,0.0569486075593613,0.0390028081542037,0.0416645604845181,0.0145289569447915,0.0604255103779152,0.062089684194335,0.0410794397922386,0.0452826734730977,0.0131096676256491,0.0563945694522296,0.0587467009352314,0.0378813701753017,0.0412696243607279,0.0178190750125695,0.0638440963984691,0.065812754121229,0.0451087685226029,0.0490241969606295,0.013103745219229,0.0584180006526607,0.0609545402231234,0.0391823370011958,0.0432186550844615
gumbel,200,707,1.33333333333333,0.25,7.25274589331551,23.9696780108593,24.0908760221128,14.5308318097446,16.5613055673492,4.60597607193686,12.9227546733258,12.9831727096027,8.22714222761756,9.23730372939295,6.49221208859401,23.6061875334685,23.9200835721882,14.0945885430791,15.8902117252054,-0.0366130480175991,0.046273151581476,0.0603526596840038,0.000190713460033458,0.00464059052568556,0.0212938266890157,0.063333320286526,0.0620912110482193,0.0396678377366906,0.0457692881331892,0.0202789630378523,0.0599086575016777,0.0595353395555094,0.0371896956745791,0.0431168919207588,0.0184372141972018,0.0593041451960637,0.058813623594441,0.036023620580983,0.0408851859376111,0.0207256147985851,0.0603868727116783,0.0602968662686739,0.0371107005298615,0.0416217607421517,0.0225461535002432,0.0603652892100065,0.0586665818893879,0.0403516251384398,0.0420338978794975,0.0181641893986271,0.0589543445933477,0.0590400121985365,0.0351348990102882,0.040413481415388
gumbel,200,708,1.33333333333333,0.25,18.2193917630573,44.2781222041786,43.0432018477792,32.0926605535776,37.0904731281574,10.0625017633749,23.0258070443115,22.4115028809153,16.9637592435901,19.4502566034652,16.0168641342297,44.0994221862847,43.2615365758972,31.8829883430411,36.0721535996479,0.0389094271009069,0.113068602098551,0.111155423077181,0.084082617828028,0.0899231236525157,0.045733875977226,0.110326014346969,0.107961509283878,0.0799927676092318,0.0911729032704924,0.0412853710593138,0.107025341984047,0.104130017758358,0.0778069032711,0.0876162165675218,0.0424365503894311,0.110981638047697,0.107859807429783,0.0796919749789069,0.0916275836128757,0.036039222390246,0.103853968299327,0.101389019976237,0.072895467557085,0.0851010958410208,0.0438855528425888,0.115052838329849,0.112596633121368,0.0851243696648437,0.0958533084849904,0.0432199757793169,0.111339620412575,0.107963581905198,0.0805926947617602,0.0922269423081192
gumbel,200,709,1.33333333333333,0.25,21.8902124281676,48.9887361779569,46.0992690382436,36.8240864540217,40.0237411185863,11.8885640714665,25.3696066389387,23.9321475630164,19.3180192398168,20.9099154297965,19.4171308812324,48.6052869723098,46.3533232977885,36.3658744024114,38.7689759451026,0.0407356983939535,0.122018706355601,0.116905351584813,0.0935954445959441,0.0992686216508467,0.0536869844168974,0.11527967429845,0.105863721990938,0.0869721239723856,0.095427850907747,0.0551884183083437,0.123150368596051,0.114679336383811,0.0927811479391767,0.101276565128523,0.0505695480614284,0.121010111685756,0.11376251605114,0.0900110408501736,0.0979041916238351,0.0543540014408329,0.12125864502444,0.113470367697282,0.0910593339974664,0.0977998560894322,0.0575595060080544,0.123783584348276,0.117183598937781,0.0948635070364153,0.102962619294502,0.0539553535238997,0.122684290729283,0.115332283676587,0.0917417142584096,0.0995019801964202
gumbel,200,710,1.33333333333333,0.25,37.2912241659719,46.5454912933937,36.0055951522696,51.1676947762278,54.7279032214545,19.5499219071878,24.1534960235698,18.9101375888319,26.4532076837778,28.2243204756805,35.370884333003,47.5394883878508,37.134799604151,51.2861323304068,55.0702049511221,0.0704635257399476,0.112346005243596,0.0929518550392456,0.119247083198279,0.122358299323291,0.0970946446909846,0.113447989581286,0.0843489945307414,0.12912992802996,0.137081487070569,0.091740810061861,0.116347089352293,0.090683203022492,0.128067135337192,0.136106580798294,0.0934355381028595,0.11667596050683,0.090035050176038,0.128381054854347,0.137422080930938,0.0934895879646911,0.118886416444106,0.091547442952152,0.129589339929033,0.139144170290063,0.0967990741540767,0.120137118395253,0.0944733157677923,0.131099944555697,0.13898096492038,0.0934903542164635,0.116482183602241,0.0895404999396446,0.127989943737627,0.136952109297536
gumbel,200,711,1.33333333333333,0.25,16.8494337906025,43.3605375848095,42.8847521155474,27.7030714430519,33.5139952774672,9.38056763433971,22.5695609387469,22.332980595441,14.780126677485,17.6710613247029,15.4872722564965,43.1408821417709,42.863729021988,27.3889180917719,32.8932364801803,0.0297165873562374,0.086345302756185,0.086368390313709,0.0526007847847403,0.0727260990358734,0.0434044529438986,0.109811596050779,0.105993887586487,0.0708131843324007,0.0856766606050521,0.0361116693587224,0.108821116125168,0.108356394431723,0.0690056514676939,0.0813531874634184,0.0374930008395567,0.106756072121141,0.106325462257294,0.0670650420396904,0.0805713154036058,0.0409966473190802,0.109690623652775,0.107397482217335,0.0710354316949764,0.0858744590807718,0.0348082606761194,0.0809418167820585,0.0770052497475467,0.042970852063503,0.0658772514588687,0.0409778026776599,0.10792912045928,0.106424632747773,0.0690263164327318,0.0831299867575583
gumbel,200,712,1.33333333333333,0.25,10.4438517165556,37.8333532186003,38.6223003049653,26.1907221995956,26.4975493911001,6.19372729497659,19.8198067702291,20.2123644133634,14.0278179283907,14.1809967617029,8.86531352677237,37.3426862163919,38.7566166486106,25.820072729973,25.0407327970122,0.0310753759206843,0.0985810674766967,0.100076911915645,0.0697132056660588,0.0698109524095041,0.0151439168644699,0.087752240554044,0.0928437966852785,0.0565789954205957,0.0562083013102986,0.0245611049344074,0.093161835401086,0.0955800941652607,0.064022961861324,0.0606482723158599,0.0213859403984186,0.0929173781117359,0.0960807029473518,0.0621051700111218,0.0620693546834705,0.0215390239847158,0.0912259412667311,0.0928655448070758,0.06213362694227,0.0617261029412201,0.0208088818762097,0.0826737244350262,0.0891268124325921,0.0486162691939945,0.0464462511730843,0.0251470800562009,0.0946420421317996,0.0965492601343161,0.0649866670035223,0.0645973678765848
gumbel,200,713,1.33333333333333,0.25,13.7771486574615,30.3202902761523,27.5483235293264,28.7902101854758,27.9524242032744,7.85165817618325,16.0817257912106,14.702896525502,15.3205639134543,14.9044438985688,12.6818933700742,30.6152558279806,28.2650056430947,28.7906751390806,27.2685868777683,0.0392720829131123,0.0787411188663122,0.069077479065309,0.0767914295582703,0.0674844601486731,0.0354442992776545,0.0804698650881203,0.0733581167693108,0.0724342271404685,0.0727782030798498,0.0329704016438526,0.070414956990177,0.0622823090439784,0.0678781271332127,0.0626254702110866,0.0345126369256269,0.0740796604930561,0.0663958990190589,0.0715357355838753,0.0675043837358851,0.034889631718736,0.0733843493186125,0.065716755107856,0.0698361329622985,0.0661542855842012,0.039423136046656,0.0807688467809024,0.0737967826776746,0.0763872538612571,0.0748215991257702,0.0345439040231219,0.0764370896486141,0.0692729267094138,0.0723598269148474,0.0689229817199079
gumbel,200,714,1.33333333333333,0.25,13.3536906748284,39.9130875221406,39.0932662608801,31.6281710023606,30.9416306961907,7.64194793686349,20.8542220377012,20.4462442278297,16.7328779187555,16.3920599613722,10.9294095068901,39.5951311417887,39.7494936899153,31.2719299104189,28.9711808211507,0.0303295361640034,0.102672324231398,0.101292737884884,0.0811990937787042,0.0778015900531686,0.0311367626282362,0.101383669304378,0.10094500119466,0.0765635045098898,0.0749564050914498,0.02971254209591,0.0998515844053224,0.0988903069640379,0.0782276638450988,0.0732439539937789,0.030517423337347,0.0999032192938913,0.0983672868513228,0.0788127777293136,0.0745346824053709,0.0323168750853693,0.102267306237954,0.100235959038421,0.0809621619285736,0.078191639207776,0.0191785913707945,0.094120574143177,0.0946223472597493,0.0669585475898833,0.0650539010618888,0.0320879270851705,0.0996432589097729,0.0977609424740353,0.0787174526440511,0.0746633498042374
gumbel,200,715,1.33333333333333,0.25,30.0984087078565,44.596386452942,38.4784523006104,33.1014653431583,44.220425352557,15.9714719305008,23.1839301421136,20.1402346976287,17.4655425465669,22.9971338353923,28.7695057874193,45.1789528564501,39.111527911121,32.9731565388845,44.3370159869655,0.0597367637043929,0.0924985034088667,0.0869379512813224,0.0544260455843806,0.0786434836169008,0.0776885549510545,0.114268320969964,0.0990400881796423,0.0864477461427264,0.112702505982667,0.0739738890225875,0.113864731066917,0.0992672598887908,0.0828827788229465,0.110906239624993,0.073762552483607,0.112075243414859,0.0975424956089879,0.0819981718926497,0.110022800203166,0.0755159322742956,0.111301015318529,0.095257529212109,0.082929979034282,0.111000867041389,0.0796649856382427,0.11426565575928,0.0990954471245968,0.0873733246446482,0.113484920772847,0.0757401379861343,0.112357024911943,0.0969493169679653,0.0828728487681516,0.11093437750106
gumbel,200,716,1.33333333333333,0.25,14.7950040893709,41.12728713828,41.7144471840311,26.7482659857571,29.9550658713335,8.35855090612652,21.4586642943724,21.7509608754765,14.3050774460114,15.9010890555006,14.7838445853164,41.1426909982251,41.7645609404425,26.4376636848249,29.4123793544323,0.0207586248319469,0.0927271244718133,0.101590357132001,0.0589218629317253,0.0606143870485679,0.023137748337275,0.0970651914604125,0.103186384788326,0.0588570905847032,0.0653983758941762,0.0338155181021807,0.0995285026242401,0.101465469812586,0.0646140032992281,0.0711409185175799,0.0380115883990769,0.103571818601952,0.104011996406882,0.0679666363219935,0.0752254438570006,0.0344033632442902,0.104049199591669,0.106658660013195,0.0677338256911462,0.0743364284696163,0.0393134751233101,0.107542807272705,0.109284238122284,0.0703981231993876,0.0792832349053862,0.0355326621620255,0.102334834539275,0.103498033939309,0.066508192620332,0.0730848827386797
gumbel,200,717,1.33333333333333,0.25,11.1462372351603,34.7507950195686,34.6307496367988,24.3922172637541,30.8379728397738,6.542787553693,18.2853173307972,18.2256334083383,13.1323020319399,16.3390410576975,9.73896225488272,34.9146942446167,35.4221538477546,24.5371205803028,30.1201034124882,0.0317018874603903,0.0871896620705579,0.0841017717039607,0.065735894385043,0.0793541850221871,0.0265537533449581,0.0838154676343773,0.0839560316138255,0.0588794034758432,0.0731801756284182,0.0310821166231166,0.0901682852263783,0.0884211034520411,0.0644044368082419,0.0808517861897344,0.0279920135108521,0.0893035273600265,0.0884409234229418,0.0626431771591489,0.0788420293826123,0.0287149923396991,0.0880739913186405,0.0867512203065405,0.0613789530411852,0.0786320569009637,0.0265930597759505,0.085509150860968,0.0840099381050016,0.0629731529363375,0.0782236129260426,0.0279750962835919,0.08790540353536,0.0875241173834144,0.0612266919379082,0.0776636376220667
gumbel,200,718,1.33333333333333,0.25,4.05145522524567,48.8190257799612,60.2158811735774,19.6042915171436,27.7177793651401,3.0134842356486,25.2847576523113,30.9544383290131,10.7508794965868,14.7875327315837,3.10014779050153,48.2182501751768,60.4480666674932,19.2862608413035,26.3566342739026,0.0147458494430063,0.125981994360792,0.155330974922243,0.0521875574496952,0.0742123292479904,0.0127730318754143,0.125642520376283,0.154634960716815,0.0520066239592508,0.0719484113622701,0.0113244400723701,0.123562386317989,0.152397459211252,0.0483427595403594,0.0706656721037089,0.00762650000814552,0.119861235047857,0.149689448970342,0.0460886540674391,0.065937535579989,0.00375041657621507,0.12131314272734,0.151788734658284,0.0474760038094736,0.0644905850752715,0.00182126984118554,0.119128453890617,0.150259636067807,0.0487354867383407,0.0610077951585409,0.0090868929140694,0.122164556258294,0.151038451584103,0.0481361547205807,0.0683249448210821
gumbel,200,719,1.33333333333333,0.25,23.4500360132898,36.9353037435356,30.9255814046999,34.7291377153901,34.0244876931632,12.6648747497264,19.3733087183234,16.3839027054102,18.2755358375546,17.9253218556683,20.7240310175278,36.6229501937028,30.9064395861632,34.4694095363304,32.8821261983634,0.0575150972433583,0.0900430080802515,0.0757965691997735,0.0829168846200739,0.0779020319494384,0.0570053319559711,0.0841660419035129,0.0687147391075669,0.0789931036479675,0.0796229689680088,0.0592316719871692,0.0933862720118789,0.0776675258304089,0.0871527135920138,0.0861721460754206,0.0562679045615287,0.0935619902799089,0.0780720598569016,0.0882459004054373,0.0857341388842327,0.0558470094561626,0.0892040233646995,0.073958413047262,0.0848656886332896,0.0817165676691851,0.0636248305878839,0.0892134037292351,0.0678215240538425,0.0870643560422138,0.0855171912298143,0.0563536569628398,0.0910832790728231,0.075648820821544,0.0864530498874376,0.0832077925796486
gumbel,200,720,1.33333333333333,0.25,14.4061304966353,23.3387187566057,19.5223341472749,17.4442611047112,17.6737570737002,8.16517518210436,12.6091524200691,10.7104867204303,9.6766368367871,9.79182123689746,12.6757294177823,22.927397169024,19.4347748099177,16.992779151388,16.1846482047762,0.0288132990963861,0.063297602760428,0.0535730138664096,0.0481330453691724,0.0395848279108347,0.0363538191562974,0.0623751213770292,0.0515526082686717,0.0461156715651789,0.0479606609747617,0.0362395799203635,0.0602838095820402,0.0505937580867978,0.0454591801760415,0.0442319862549392,0.0341712335303688,0.054087508804187,0.0441527617034102,0.0396087946928179,0.0371412838756677,0.0367435293087711,0.0537678590180157,0.041570255538805,0.0412655525095523,0.0410963963950459,0.0308552488396239,0.0628658773466632,0.0537453455147796,0.0481311104047555,0.048451052119309,0.0348425581304794,0.0580637188162805,0.0485149415089742,0.0431384913126676,0.0417434053880644
gumbel,200,721,1.33333333333333,0.25,29.6988214783646,45.8634764644212,38.5588475289429,42.0096587891717,46.579423946769,15.7725307138388,23.8143598422862,20.1804470307876,21.8974107476004,24.1709845045479,27.7179063722088,46.2723778809911,39.2670997650407,41.8582053158132,46.1075543940001,0.0790575396620911,0.112900819953518,0.0889766510537385,0.109622102243681,0.116260922969237,0.0729053544072723,0.113429731137603,0.0958334285249114,0.103554156386012,0.112736084940946,0.0755419058268946,0.116022745336888,0.0981414144113804,0.103137766412861,0.115176999037254,0.0756234987480232,0.116306668732692,0.0974567243585989,0.106602232022372,0.117890052026156,0.0750703474358175,0.113705219418353,0.0946348082657353,0.103120464632592,0.115499217852707,0.0665731951153704,0.117078971111026,0.100529704584219,0.0977106994621542,0.117427353716194,0.0741620488400193,0.114967605689675,0.0964924937416116,0.104504408926093,0.115717826652783
gumbel,200,722,1.33333333333333,0.25,13.521328231453,38.1779093478343,37.7608700854789,26.0694273519643,31.3264479961901,7.72426322796786,19.9907750625149,19.7834047102063,13.9670495538021,16.5825541197267,12.3838933891606,38.2088263581616,38.1846205543823,25.9880012566019,30.6756797551702,0.0182460971925312,0.100371531032735,0.0950563701301468,0.0689858325479161,0.0769180949449646,0.0295093264678945,0.0969123619956276,0.0977593602114769,0.0647722499842498,0.0740573044695105,0.0304690622424331,0.0972313419716528,0.0971472674368567,0.0658810775262785,0.077558287197571,0.0328500200310879,0.0940069961225045,0.0931398355272201,0.0630792144147624,0.0752356678686024,0.0327983252474824,0.0960260357691165,0.0949163134712306,0.0651066831230815,0.0783465920395051,0.0177522157518077,0.0956033905330297,0.0992633877321093,0.0507834242110097,0.0720580371966289,0.034060886284879,0.0956632700159043,0.0941320698036425,0.0653983628796139,0.0781836098389271
gumbel,200,723,1.33333333333333,0.25,53.6979850807381,72.2724807459147,59.5061475902605,67.3216602471296,74.7772310158867,27.7129163418376,36.9529725380579,30.6019572392219,34.4901108604811,38.1994327980603,50.390018748505,72.9396078954944,60.3404099235462,67.1707612682534,74.2486594236995,0.139101389540548,0.169196252006323,0.122638438420932,0.171391832898319,0.182944505480515,0.131834653816051,0.183640529361998,0.151844387124257,0.169747684487048,0.187777157945715,0.130437509656253,0.182663370517082,0.149554901770803,0.165213891593161,0.18719725718276,0.135012381605624,0.180627757609206,0.148965703560245,0.166641764534807,0.185876129911288,0.134869991691547,0.182304874013194,0.150039405199022,0.169546444684872,0.187710363089225,0.125377535703771,0.176769064026806,0.147671969856659,0.166198207634551,0.173794315278434,0.132672816298322,0.180432559407994,0.148421482784169,0.167833449949982,0.18521361923442
gumbel,200,724,1.33333333333333,0.25,13.9102002662767,39.0841679945476,38.1953360458752,29.0284700722673,30.96373993542,7.91861180033076,20.441940087208,19.9998412609683,15.4394512757391,16.402432400744,11.9552893120689,38.7752526619917,38.3786906671584,28.7628622933362,29.7884286160813,0.0394936667591686,0.0798743000320226,0.0705152512306992,0.0622684448168969,0.0665537671880276,0.0333166417443009,0.0964881821317354,0.093967539735024,0.0731252666256388,0.0766280930668926,0.0339489190406509,0.0964708127766576,0.0939587210285462,0.0719440552969161,0.0750032019392179,0.0356562121397885,0.0987207970939009,0.0959522246291682,0.0729999083994134,0.0776514677419111,0.0301858788799668,0.0972117698829648,0.095543459120418,0.0709806929368211,0.0740390229148947,0.0388275558781162,0.101482629740035,0.0985739413004671,0.0775412109936847,0.0810977947251942,0.0330804773842994,0.0977261411314868,0.0950131003505568,0.0722046306935611,0.0765899143286897
gumbel,200,725,1.33333333333333,0.25,9.63780111645023,32.4805759661121,33.6519491522463,18.0088823191824,23.4913504039957,5.79297164605144,17.1566725473301,17.7396099498538,9.95707822547803,12.6846987755671,8.10955408515642,32.1172418902626,33.7155724080025,17.8049962048716,22.617484522475,0.0236484207908904,0.0775054166535704,0.080740906729244,0.0476252294782233,0.0501372769511045,0.0229340496849594,0.0830241848215134,0.0848454337993397,0.0482278140379178,0.0603961301374891,0.0271224441694392,0.0831258507758744,0.0859148064969183,0.0455828661980095,0.0610094799823492,0.0224844531418654,0.0795840677838448,0.0818711320551547,0.0431094217977918,0.0570654558599732,0.0233887148533071,0.0808409194369179,0.0816831039908869,0.0448239935400566,0.059535025355525,0.0269964593003088,0.0861741985257199,0.0878744885323524,0.0498796584513312,0.0618897553789629,0.0222930601574526,0.0805542084782897,0.0835701792944934,0.0440073632426281,0.0576118267084592
gumbel,200,726,1.33333333333333,0.25,20.3283483336715,45.7637414215732,42.3563160214678,40.1043314339876,39.283787645012,11.1115419960018,23.7649577535279,22.0699453738105,20.9495042205241,20.5420357958137,17.5679395291878,45.4424466826699,42.7155811095914,39.9729011951046,37.3514687606896,0.0514328694735977,0.116943619501233,0.108905961751723,0.10400541727536,0.0993655566425365,0.0534490663707913,0.112519794497503,0.0996346253437275,0.102816629951521,0.0966760488962771,0.0505646772592655,0.11717121980261,0.10787803328411,0.102689614430081,0.100039665534147,0.0468576952860745,0.111376202927972,0.103440628121997,0.0962886004836409,0.0918831282917391,0.0519001273429636,0.115848704209347,0.105733106833524,0.102574688519715,0.0984212447844811,0.0557276196363476,0.119407981938637,0.110724331002029,0.104622257405773,0.102418803083022,0.0491658602597536,0.114023100777131,0.10499188720653,0.0998580137554578,0.0962429517490381
gumbel,200,727,1.33333333333333,0.25,19.6166409475595,42.2842565996648,39.3750476276893,29.5581911441829,36.3853089009299,10.7573347324767,22.0336210916372,20.5861603723499,15.7028344943103,19.0995616561039,17.3743645770151,42.3259325187793,40.0150857833232,29.3935983072608,35.2745000626132,0.0317109444912075,0.099693619802046,0.0942711618673853,0.0699516840731288,0.0813514037596428,0.0411105368448514,0.102838643707804,0.0948165713749005,0.0719663349038361,0.0867748339820759,0.0500309715346912,0.106882808030834,0.0981550987551796,0.0755681700772468,0.0924255032592486,0.0467863679998983,0.10653934842955,0.0998312515050729,0.0741642580333735,0.0904310634753843,0.0494484101953385,0.109028955670012,0.101781685279299,0.0769741323656111,0.0932979299713353,0.0209957991601402,0.0612016958049669,0.0579142648466113,0.0291797236683193,0.041537284099479,0.0492827354940081,0.106962558568446,0.0996353065951288,0.074531504744846,0.0911250454200057
gumbel,200,728,1.33333333333333,0.25,-0.955014723312701,7.28525214933296,8.3459932788698,1.08811862169673,2.0590981599982,0.522342227189125,4.62206601891354,5.14981955421485,1.53897647936138,2.0224394246042,-0.966677018499349,7.03901813318407,8.27942889419702,0.98321680078013,1.51581481662231,0.00111215441009542,0.0106875838523532,0.0147495379140703,-0.00415160278771123,0.00330850803845901,0.00153570306416265,0.0217912867539856,0.0230691348500475,0.00716552735582505,0.00924614202965817,-0.00139519311124331,0.0202629154518086,0.0224014559859135,0.00405597148073131,0.00635304828018822,-0.00230460597777568,0.0172975587639309,0.0199081198499704,0.0020023326956102,0.00355801927200983,-0.00188084171130412,0.0157285952419689,0.0173013184088407,0.00215095412069476,0.00389916346071593,-0.00926431793996709,0.0145184484894305,0.0187752771137286,-0.00384718109505461,-0.0045653803425713,-0.00225888835361017,0.0174248082502668,0.0199423264637259,0.0022583474531965,0.00385706714812392
gumbel,200,729,1.33333333333333,0.25,33.8528950745507,57.5837786951562,50.746855450002,46.9912935935192,52.53515957964,17.8396456521439,29.6453703522021,26.2440590309311,24.3758120307866,27.1345190721283,31.0765020450858,57.6700855819391,51.2722591992925,46.8105457591102,51.1357965723341,0.0857663672765855,0.146473405126127,0.125016386009458,0.121561339460555,0.135844813537174,0.0845482740761346,0.140339303236643,0.122114708722534,0.116380538880133,0.126262593957491,0.0855470538970485,0.140742640686781,0.122566698996998,0.114267229992604,0.128266814236864,0.0843822316601266,0.144067890428666,0.126731039759681,0.116701792862497,0.130137317831463,0.0841084087394863,0.141939168615065,0.123994631805931,0.115067850167169,0.128067062301966,0.0739344078813004,0.144945662249722,0.131206018109736,0.115722708991239,0.126029879349853,0.0837169490214253,0.143629688797189,0.1265591374975,0.116453585835165,0.129336714841387
gumbel,200,730,1.33333333333333,0.25,21.2676498937213,39.6759817210891,35.379976531096,30.9376177607358,36.0839235184727,11.5780696700107,20.7363579874676,18.5994864222424,16.3889763155541,18.9492348247075,19.4497477105302,39.5623908846176,35.4489007454119,30.8723352485831,35.5798051610398,0.0523006753156751,0.0921128069750645,0.0832655981959901,0.0598468552796585,0.080419443217756,0.0531315273911812,0.102409339144768,0.0901943011818789,0.0801035150901433,0.0922083030394327,0.0537386928135828,0.0968650944996246,0.0843834098000944,0.0750795751574273,0.0901607115995425,0.0552522774336563,0.0996582494756358,0.0880861537810979,0.0782722255223817,0.0910013766174465,0.0514994727441261,0.0978407061070797,0.0851368406322904,0.0768162606712737,0.0899577634752062,0.0581649106787149,0.102377134648102,0.0883842115413837,0.0823439970112673,0.0950243570064461,0.053821280843399,0.0996046343543749,0.0877569047390189,0.077961176469393,0.0909249504799904
gumbel,200,731,1.33333333333333,0.25,44.3416149527439,62.0865582303139,51.072669969296,61.6310014935805,60.4549067831919,23.0588422221146,31.8858275778061,26.4065240409425,31.6592761128087,31.0748999887093,42.5805712570231,62.6025588727171,51.5542374218842,61.3346962510157,59.7947794050672,0.11522340261372,0.159805985836189,0.132441865681238,0.159056195289132,0.155871647399712,0.106843364277208,0.154457626898192,0.125080784158528,0.156243152321923,0.150792980203662,0.100283988676852,0.150390752720937,0.122138727384091,0.151753646649515,0.14348169496747,0.109741000308561,0.155495221495523,0.126749661951367,0.154652089483834,0.150726850700047,0.109921048491299,0.155341057232393,0.127749489931728,0.153673762535648,0.148962406438725,0.10981819783371,0.151380634830271,0.126135759474414,0.149508529502012,0.148523192488114,0.107966027167027,0.153724960161134,0.125349082909254,0.153227196498486,0.148761974626638
gumbel,200,732,1.33333333333333,0.25,8.54694571206356,23.3544992548756,21.4584506847149,22.2357215175191,20.7729687646118,5.25009943725262,12.6163199849006,11.6732281599664,12.0599518164686,11.332328042009,7.0497925641339,23.2822681545314,21.9595805080673,22.0828715476152,19.9889647717433,0.0214676369540088,0.0633815419708612,0.0581381147737378,0.0605457485411095,0.0569254438377021,0.0194493691203046,0.0490021690354656,0.0433473119330082,0.0493510364639714,0.0458804801863974,0.0225378954175706,0.0582772586907818,0.0527615803407138,0.056505115097792,0.0535080997925266,0.0221644425042676,0.0596395675875803,0.0544242086454089,0.0558434943064645,0.052635938443359,0.0192452273521726,0.058838923933781,0.0545121353932465,0.0542819859408442,0.0514607702338425,0.0262775754633073,0.0621990487253751,0.0576038297944374,0.0603814218619597,0.055925392013657,0.0204063777454869,0.0585039316301217,0.0531726949174058,0.0552856972238592,0.0516606132549828
gumbel,200,733,1.33333333333333,0.25,12.1218724658097,25.5737568970258,22.2726151067946,25.6693809743422,21.9696728230605,7.02880249772447,13.7207315192942,12.0784617598894,13.7685505407319,11.9283901811542,10.3368902372125,25.4549666845311,22.7732287358861,25.2697656385989,20.7651976504127,0.0228102664171031,0.0686431812936607,0.0599545462080748,0.0651684303653838,0.0526982396945434,0.0301746055837958,0.0599170377982464,0.0524778541506758,0.0585532359887543,0.0507895697922024,0.03250929515572,0.0664431981971223,0.0577296513288727,0.0664371195115827,0.0562498947663237,0.0294742959151952,0.0643114937404781,0.0562970877146144,0.0641238364073423,0.0538390523381349,0.0311093605322027,0.0634523037366556,0.0544467061132564,0.0632440872606309,0.0548756270586812,-0.00293244383817942,0.0622405496811039,0.0584285857478812,0.0563097499202433,0.0383203600501434,0.028750049000207,0.0634490440005387,0.0550527881137755,0.06333055985413,0.0531839653570784
gumbel,200,734,1.33333333333333,0.25,10.8405635061673,35.3888769939541,35.1672728348506,23.9124194829707,26.049530782268,6.39144661624911,18.6034328667526,18.4929441315644,12.8945210561113,13.9578724938101,8.94160477056617,35.0880064559846,35.6659905714325,23.4337819965475,24.7196351902867,0.0247017717975761,0.0931410385179396,0.0928193757276641,0.0601572700043162,0.0685759134365997,0.0293607284543637,0.0919550643923824,0.0916547406477829,0.0624604547437026,0.0688655569294849,0.0256965478479981,0.0895026392074569,0.0898211285487381,0.0591506119945155,0.0646616783855175,0.0213978129987057,0.087423671222203,0.0881008190105287,0.057528377577835,0.0618970501323561,0.0241513937609655,0.0889310409924013,0.0901273202405517,0.0581190962332002,0.0624870824450414,0.0159603726667654,0.07304685371059,0.0748607058010491,0.0406823128186816,0.0622053910783101,0.0258251237930482,0.0887607100671267,0.0887480402758363,0.058516446307599,0.0637443835256876
gumbel,200,735,1.33333333333333,0.25,10.9430032038891,33.5343451070402,34.3049364614296,18.6650098252138,24.7401434001024,6.44212950012553,17.6808497029501,18.0643821339931,10.2833400539779,13.3060884510676,9.59471164267384,33.2718377855645,34.3858642508276,18.5572039143488,23.8027594686732,0.0280136911372999,0.0742197237987637,0.0769851880409077,0.0342621980277559,0.0530891012748772,0.0236401788318041,0.0843089583843881,0.0845651153905944,0.0461990393214353,0.0630968598795368,0.0280710923863473,0.0816495303958921,0.083051409165361,0.0443740963133733,0.0601989386729796,0.0264543250082515,0.0844336200023861,0.0857950108509848,0.0479522827390471,0.0620916302683527,0.0247632878109597,0.0827094270433028,0.0834536334334294,0.0469266314424303,0.0607832222109382,0.0312760794395458,0.0691958877996675,0.06123883446252,0.0400059649985202,0.0528553064169467,0.0266448707774581,0.0829999382302333,0.0841672198640328,0.0464151740033438,0.060532507932415
gumbel,200,736,1.33333333333333,0.25,17.2562220750994,45.5340259953399,44.6633022118531,31.5701526171088,34.5673209199872,9.58335784431717,23.6509653503307,23.2178445311366,16.7041413339458,18.1955013704351,14.8462241619141,45.0279893646832,44.7860966721714,31.1313844944471,33.1883187572762,0.0398182785317333,0.118688957882146,0.11653508957122,0.0824044335672533,0.0890619543601497,0.0425086493220564,0.111472131236771,0.107312150719521,0.0789681021852111,0.083319423952425,0.0425125700563934,0.115629989423241,0.114537419267775,0.0787385628607113,0.0864759676107683,0.0418801079074339,0.112060206834513,0.109659291618956,0.0764578351335901,0.084213150602959,0.0455450110959659,0.113376960008382,0.110579671882612,0.07879014263484,0.0850745490967219,0.0480244624719528,0.110614452809618,0.104863945736875,0.0766265968446285,0.0790219476494668,0.0402525601751973,0.112889480645698,0.110910167569924,0.0774592589652125,0.0839899241924493
gumbel,200,737,1.33333333333333,0.25,11.0010115143084,5.12420264143646,1.70494053820861,6.49469534298083,9.16342890607039,6.47034236122601,3.54678969739987,1.84559900806154,4.22863698397803,5.55647449713577,11.8077724667015,5.66307410382859,2.13488419548546,6.47997256209486,9.78305108129205,0.0324501484053675,0.012898624646744,0.00292135403085606,0.0201266712145823,0.0271279306542574,0.0292693650657261,0.0166834247749951,0.00817482549381282,0.0197843632603675,0.0252360628774945,0.0284701544436833,0.0129589779158069,0.00511468399426534,0.0159946359396634,0.022427665002605,0.0268433492974661,0.0120221745554044,0.00395546220428424,0.0151444017665832,0.0214565126179509,0.0272788231499458,0.0121158569791468,0.00444875156345145,0.0151548912000586,0.0227220300796925,0.0315217222016031,0.0172074133303222,0.00798584943518097,0.0198741865136572,0.0278800915799584,0.0271821761123774,0.0127537712216028,0.00442088023856821,0.0156863183460777,0.0222626447795847
gumbel,200,738,1.33333333333333,0.25,19.4012522794147,36.6291781537013,32.1978260154136,33.3195840022565,34.669798872902,10.6503581789497,19.2205017059085,17.0162269456282,17.573990994345,18.2458559559601,16.8890702937246,36.5059297080898,32.5698355608049,33.2583782682543,33.6384261098551,0.0502134885505362,0.0856208713998204,0.0734792145133022,0.0814079806749875,0.0811327085209271,0.0452542256502353,0.0935476869125061,0.0804480710086697,0.08500974604905,0.0889179767774948,0.048915908909948,0.0896414050781415,0.0767520469701802,0.0837426757402666,0.0843806718522848,0.0454736446725842,0.0927838403596029,0.0811799547239756,0.0843011739474224,0.0866368052919096,0.0402235911397449,0.0913190525605468,0.0811687124345701,0.0816419733750382,0.0827708463242525,-0.00438981335525462,0.0916459267006441,0.0854945039706861,0.0717265596004877,0.0655532705716809,0.0471184263293531,0.0912870824248903,0.0794618773089,0.0832112277338518,0.0859673076374858
gumbel,200,739,1.33333333333333,0.25,30.3770404385739,66.7911759877006,64.7668312135745,47.4132152363345,58.1327747710195,16.1107188970469,34.2256052298692,33.21831089586,24.5855591588398,29.9190191658178,27.7238055589309,66.9591152569921,65.5490758438033,47.2910898069108,56.4519629684446,0.0765947751101461,0.171399969972991,0.166565948785337,0.12333352000914,0.146328925292502,0.0763275352085378,0.169825864649167,0.164407012161004,0.122400324333565,0.147686244277746,0.0777000495444214,0.168626287777377,0.162623100516533,0.12052075598917,0.146378848423385,0.0739531408080014,0.168199418232934,0.163003417636324,0.11952074663164,0.144902241339059,0.070589164828406,0.165386209423889,0.160680170088532,0.117068032862408,0.141432621587803,0.0784086599379079,0.171977745789529,0.16691544797026,0.123168004450738,0.149759758339077,0.0744732111225349,0.168369392954039,0.163661480677229,0.118610441105124,0.14465967823734
gumbel,200,740,1.33333333333333,0.25,7.44693745073396,25.8664368233918,26.182953015536,15.6049489594608,18.8898804798115,4.70325851655237,13.8659170092033,14.0231939989326,8.76123049407182,10.3958997149412,6.00715410133441,25.7729101528186,26.66929075606,15.3370540049942,17.8291718734819,0.0105870115334397,0.0538154029401874,0.0573032491324872,0.0246542294238094,0.030100715039761,0.0216293215696516,0.0672646995609671,0.0676314251816901,0.0410088707350334,0.0504557534079044,0.0112384232677049,0.0604831774098565,0.0628058328789199,0.0335270484474549,0.0396983289485343,0.0178538610850287,0.0650403455147613,0.0655026986467955,0.0388792089816292,0.0464072215087363,0.0176636396508437,0.0656745062026445,0.0672193929542212,0.0390380794652953,0.0473885920291485,0.0149269400061518,0.0664391176887106,0.0695855726302735,0.0385660753922219,0.0449256029130039,0.0179298588582423,0.0656784353810838,0.0662805867413942,0.0397537537558272,0.0470914245816813
gumbel,200,741,1.33333333333333,0.25,3.07171295477193,31.7090229525647,36.4424586631676,18.5385455008546,22.5009564588962,2.52559697506677,16.7721171488681,19.1269247346508,10.2203933790841,12.1917058238522,2.47854500986463,31.7351175630997,37.3247003456772,18.4747467874114,21.5819559044102,0.00743530013824499,0.083114765180363,0.0899090234951896,0.0510650579449031,0.0609921587909894,0.00798563507786702,0.0831758682442658,0.0950153052456001,0.0497256217967933,0.0583614922377891,0.00787818842452935,0.0802369380191269,0.0919558210685879,0.0469068695514249,0.0565386896750002,0.00704637607266405,0.079380732182036,0.0913440367717045,0.0454208533788995,0.055492816963091,0.00742057027910153,0.0823593673990254,0.0942025425750559,0.048585022661547,0.0580067854109884,0.0104368596157898,0.0822659489473956,0.0945525748179724,0.0498061747478574,0.0581895823775234,0.00791691875084552,0.0808201165547212,0.0927437562533927,0.0468354369020425,0.056510225868039
gumbel,200,742,1.33333333333333,0.25,13.1936464704046,26.648575556077,24.7428956760458,15.6447857743781,25.9019383253554,7.56073359060377,14.2544646331237,13.3063877663573,8.78047805523985,13.8832143640048,12.6505453319502,27.0967351068936,25.4087140989078,15.7604005817148,25.9925023637219,0.0360803620402243,0.0658791830952486,0.0638752539708562,0.0274202457250372,0.0627031168671574,0.0264432602320369,0.0666010465382896,0.064299202682213,0.034995209556391,0.0620230674321871,0.0337729550157113,0.0695855900202418,0.0653542219372716,0.0401449160488527,0.0668536580963209,0.0342132965801756,0.0675498730859152,0.0625839761306283,0.0393205220434979,0.0654923753730901,0.0344567647717257,0.0690148532015829,0.0632760000816992,0.041677913718664,0.0673102770331018,0.027532183437105,0.0513090530979781,0.0490505336474249,0.0247625609956363,0.0535864270186667,0.0348359696598355,0.068309550063931,0.0633682036481883,0.0401629243276402,0.066426750903904
gumbel,200,743,1.33333333333333,0.25,16.4457866413983,32.6884786704567,29.2730240221741,27.9736962495295,30.1475887764924,9.17960073697697,17.2599220693181,15.561001494366,14.9142712441108,15.9961945122759,14.8839083853859,32.8042116069134,29.7646154609023,28.0177655372281,29.48431719661,0.0446970188530428,0.0864027743557074,0.0774309017556815,0.0747437135137676,0.0785294774799492,0.0346220949169405,0.0797325609589652,0.0719659482651224,0.0681907549425376,0.0713858425334836,0.0402668399454671,0.079064802995184,0.0692447061652745,0.0673380989276259,0.0714943732881517,0.0413067241985513,0.0817063862972627,0.0727812489871242,0.0697928042152633,0.07506003518933,0.0439974038847104,0.0837711095478891,0.0745844505189594,0.0720775164088645,0.0775836312057573,0.045913777801496,0.0554516095154024,0.0288569365154235,0.050942723418353,0.063377553894391,0.0391977519746469,0.0816647987572684,0.0728319541389964,0.0697847819764541,0.0743304155553614
gumbel,200,744,1.33333333333333,0.25,20.204145152999,31.8893717627507,27.2083230712289,22.9033489745671,25.5035538950419,11.0501040583472,16.8629911077522,14.5340323090249,12.3925789447518,13.6867016217497,18.0187450800504,31.5617043163666,27.1595545773071,22.4037346527846,24.3235997656034,0.0356919994969258,0.0759507991602172,0.0693062242966799,0.0571631954203576,0.0542304981940316,0.0317689265415985,0.074295729076888,0.0643810881275922,0.0495793699027048,0.0559092923661484,0.0470414289448776,0.0696331862042602,0.0570286144463901,0.0500543715835848,0.0565576138734694,0.0481292684118658,0.0773499968602855,0.0658648646248648,0.0557296787636416,0.0603672893778285,0.047668925901601,0.0825674548918233,0.0717773131232239,0.0583205950988238,0.0638653882296559,0.0358240433522678,0.0784181339560317,0.0707268111512543,0.0542816722482833,0.0528345101222402,0.0481518739890991,0.078163278195231,0.0669271261252452,0.0553753280577699,0.0608336208651337
gumbel,200,745,1.33333333333333,0.25,23.889471283837,31.6646074068419,25.204327554398,29.5224396334416,32.2363029522729,12.8829676526033,16.7506194663856,13.53659955758,15.6850598261459,17.0356740954896,23.296466704157,32.2648307050123,25.8516503450258,29.3913102097681,32.1303376389944,0.0580317688728095,0.0816248680992317,0.066425956273678,0.0747337933149461,0.0817855227170292,0.0572566587103318,0.0839124774288122,0.0674882172749929,0.0774026836814661,0.0848986975356738,0.0548736036508358,0.0751643218688169,0.0598466145295352,0.0701094971286101,0.0752475782247455,0.0582109119364373,0.0770723652042185,0.0616551541431732,0.0720940148704357,0.0772799816324785,0.0590307682335368,0.0768116559801558,0.0604242113962525,0.0704480514463241,0.0768114361106273,0.0542152259462213,0.0822525611039156,0.0679115574410271,0.0727408562732181,0.0686804979614998,0.0581768249903903,0.0790840028664112,0.0631501609825294,0.0732654286259383,0.0787378196983268
gumbel,200,746,1.33333333333333,0.25,11.4551975567619,35.8008565775389,35.0468505865705,28.4670699194025,32.042493886937,6.6960814026022,18.8078734945699,18.4329473303525,15.1597079012009,16.9382187736389,10.2929121742617,35.9150510629921,35.8264929901526,28.5052092124128,31.4591723350791,0.0331493217653493,0.0894463096463312,0.0825626111718107,0.0734539841641433,0.0825628990793773,0.0288444691719198,0.0910356194247399,0.0900407515943236,0.071147969335557,0.0797795904360179,0.0315372299836283,0.0882214289720989,0.0840639994924671,0.0695060692001493,0.080464335231684,0.0291743284041728,0.0909235649365932,0.0879803875546528,0.0724282670972647,0.0816482288698352,0.0293248679777066,0.0874893681867914,0.0841525270972329,0.0699878440944529,0.0793259746897722,0.0333822246994888,0.0936055151779683,0.0902096016622906,0.0758095767160619,0.0850125781859448,0.0276097989155795,0.0897030924332746,0.0874936832237174,0.0706658746848473,0.0798862632329692
gumbel,200,747,1.33333333333333,0.25,5.43432953675114,31.9292743558965,35.0738369512991,21.0149331335944,18.8176938619009,3.70243999034351,16.8828521183454,18.4474624056622,11.4527373886625,10.3609412996193,3.82565435550099,31.3457060232812,35.0531206577664,20.7335439208338,16.9681444319321,-0.00488427689371103,0.073230820192596,0.0841286723013423,0.0507864086291942,0.033408361196247,0.00903568462017438,0.0791456049094904,0.0879023984475678,0.050963207328898,0.0450177064556747,0.0153350437589411,0.0806697130224057,0.0857357171106403,0.0557921036698266,0.0480040471631911,0.0107874269356745,0.0803384710946842,0.0883534655517873,0.0530681549343386,0.0444899418475264,0.011910406475296,0.0806801564306547,0.0880891088184556,0.0533646478363175,0.0455099061165031,0.0163239599858723,0.083720537692629,0.0919206412272393,0.0575314080132078,0.045397924013254,0.010841786511893,0.0786671295143369,0.0859436956318281,0.052169315049731,0.043876906471148
gumbel,200,748,1.33333333333333,0.25,18.7449134802982,35.1810728695409,32.1967550968969,23.0679863293492,31.8018125946423,10.3232818573858,18.4998132055197,17.0150516009825,12.4738762977547,16.8189324734627,17.445354499266,35.4306176232836,32.6320523166829,22.9455169219361,31.5797477384012,0.0513326070851499,0.0929419000556295,0.0853770172242968,0.0613890679393246,0.0838294745816903,0.0484820158329083,0.0905605113154804,0.0820741531903313,0.0606425003466932,0.0811601111625939,0.0468099208751594,0.0921218078964267,0.084141184858607,0.0606517328029943,0.0826911229375782,0.0466404168564087,0.0887709763251495,0.0814080333683877,0.0583715252424808,0.0797909743981494,0.0489031054115212,0.0904807268610979,0.0824137948683093,0.0596292061161074,0.0819707498449063,0.0282562440067218,0.0929494846546501,0.0818327587052019,0.0572618899777593,0.0805663048124724,0.0468034350921794,0.0887118457180365,0.081357231367565,0.0577910024273929,0.0797619781974919
gumbel,200,749,1.33333333333333,0.25,15.206904930972,29.2788974964789,26.5898184177837,18.1969837206589,22.2013482295706,8.56337285092784,15.5639278474445,14.2257973308454,10.0510610743363,12.0439505614581,14.6963622323648,29.3558355949279,26.8506880704876,17.7603897195642,21.4435206934565,0.037013012097794,0.0777577675353383,0.0713670300703182,0.0493879731076613,0.0536991482692438,0.0371961993588961,0.0755432155280059,0.0695609193947705,0.0456996044387261,0.0536918082512771,0.0363758516555663,0.0736700864532445,0.0680714342917999,0.0448236322959041,0.0525130073237109,0.0360858528186236,0.0700565310193669,0.0646201991763375,0.0417192571978053,0.0498235797432428,0.0370821992228154,0.0705949202571433,0.0635827440523964,0.0419192180839734,0.0515011506778739,0.0370408609825179,0.0769652089752347,0.0714699548868381,0.0474787059025221,0.0576865651461696,0.0366236105529263,0.0722451709686915,0.0660826318416,0.0440286267776797,0.052248182475676
gumbel,200,750,1.33333333333333,0.25,0.827475584076929,20.8696621111965,24.517435138345,10.9176751822065,10.805761369077,1.40928390605515,11.38049139748,13.1954025085859,6.42970179528082,6.37402857947342,0.40853634696748,20.3291705660918,24.5905409493602,10.3800129246356,9.85463425256787,-0.008863737205461,0.0494840341887725,0.0622779832518087,0.0242125689617204,0.022056210428502,0.00186500176254847,0.0497681176709955,0.0589492704650647,0.0235515080169414,0.0239321897234638,0.00275483626677594,0.0507827375445659,0.0581447332491326,0.027358349155772,0.0263378652126098,0.00356999046740583,0.0529471060606579,0.0612555336632959,0.0274908759044164,0.0278610609123022,0.00255476255034381,0.0477711670582409,0.0550278618140861,0.02365682730069,0.0211613607510398,-0.00527894956177637,0.0446189831033485,0.0560346838221364,0.0144171951358359,0.0159736325559956,0.00190630542611399,0.0526004322990265,0.0613260818815093,0.0274561652516966,0.0266303475952286
gumbel,200,751,1.33333333333333,0.25,5.2652681360309,14.1799656595793,12.5997355821323,11.9573144562468,11.1340464319928,3.61709956617751,8.05211631887946,7.26598886340124,6.94642865011418,6.53771547320984,4.51643639890397,14.1170301290345,12.9005588767667,11.8238596016655,10.1109238110829,0.012105451793854,0.0400730064548455,0.0333135673484587,0.0301961974152543,0.0327128130582538,0.00941760180487795,0.0301263406405687,0.0263637611531811,0.0249967516899245,0.0185491529535373,0.0155505083654047,0.0361900494796237,0.0319182462380669,0.0294608737910613,0.0284696390376439,0.0104115310325232,0.0333817391840757,0.0304524669070895,0.026542907041072,0.0236308395757188,0.0118338230491019,0.034391837763711,0.0289376010390893,0.0302004764833642,0.0264072587520118,0.00844126258039907,0.0379395623234918,0.0301322625060075,0.0321812814436554,0.0327257474617415,0.0132889843284468,0.034316298521602,0.0300343985004142,0.0289741922473143,0.0252957509554159
gumbel,200,752,1.33333333333333,0.25,33.0852421465244,36.2652731415982,26.7923212148221,33.5040182340049,37.8099235822202,17.4575799346795,19.0397568518025,14.3270677062595,17.6660652967013,19.8085309363744,31.2062459211233,36.5796791466977,27.0119879202692,33.2691348881601,37.6371522696164,0.0874445043560532,0.0944598206152196,0.0701879993161126,0.0869610879870968,0.0991128529362433,0.0767912387622091,0.0920853130378983,0.0662395948082377,0.0856976432415035,0.0952004994513264,0.0827790490344902,0.0921645246668533,0.0686314599582787,0.0846653280806382,0.0958426696731718,0.079789492202588,0.0880229899204044,0.0647921821745937,0.0796294789738509,0.090298283142557,0.082314388634751,0.0900853139774931,0.0661653682677446,0.083287503250152,0.0926600291297785,0.0871336669667169,0.0951749559882271,0.0715860282430708,0.0833992148740973,0.0973069445396575,0.0816552284066749,0.0898268674244244,0.0662506558515063,0.0828095129840701,0.0926842699583413
gumbel,200,753,1.33333333333333,0.25,15.0634926422583,37.6323130145299,36.2316812970917,24.2941415795372,26.2326934558972,8.49237829366813,19.7202081207027,19.0235157629381,13.0844419803846,14.0493068503455,13.0548590419568,36.9278219954214,35.9597961912573,23.8175635967247,24.7762185179946,0.0243756533816939,0.0868552762167765,0.0882101166621017,0.0433361240138427,0.0522398408745332,0.0330302781923844,0.0815624240138542,0.0778796684719792,0.0528176595275362,0.0535298388616641,0.0334110112829063,0.0950431149079348,0.0918250789819061,0.061212819957246,0.0644147764389553,0.0339489596695524,0.0916181595303253,0.0884688098881025,0.0588274326190742,0.0610308980657424,0.0339342919606336,0.0922161444835189,0.0892947211188846,0.0582672337311241,0.062222827905666,0.0409809477068161,0.0948980107626889,0.0891972172987913,0.0627860901642954,0.0641149260244896,0.0362363516229315,0.092321781166775,0.0882427717467057,0.0595788970761233,0.0633200295664532
gumbel,200,754,1.33333333333333,0.25,10.2784115986281,23.4514257560407,21.8735539020502,15.7402611314146,19.9970830996039,6.11114821309615,12.6645268959462,11.8797136549206,8.82823564423379,10.946142311214,9.4941651923505,23.5120218970252,22.1011731391179,15.725158048062,19.7558977681095,0.0184270165390256,0.0552904272015283,0.0540119302188635,0.0352426162898363,0.0419596513022769,0.0214127081250513,0.0607410633155137,0.0576613809610504,0.0416184942016531,0.0507074594078943,0.0258693846895259,0.0581819595752614,0.0540431810422599,0.0400536295970574,0.048993317425135,0.0269859824478085,0.05983725716422,0.0552824837772529,0.0405575147350395,0.0513505219095754,0.0270537008187864,0.0612220164899009,0.0572396486214371,0.0408248210688705,0.0520760922999473,0.0249606387134888,0.044576634815861,0.038434047301114,0.0297803842857163,0.0385587423629409,0.0252167463832499,0.0585758032322827,0.0542331418593951,0.0392496053276811,0.0498151853089757
gumbel,200,755,1.33333333333333,0.25,26.7023213963058,77.4118530571907,80.4771618679827,54.7112498351664,62.7435284414823,14.2819020222471,39.5096357142491,41.0349324521247,28.2162449097513,32.2124491758702,24.2855760611873,77.0090749017442,80.6716180461833,54.5834170129744,61.2031266176133,0.0715062064551171,0.198467727792726,0.206006041660243,0.13850724986055,0.161782074615335,0.0677221886323956,0.197565059203223,0.205314524097165,0.141499269066519,0.160008862358833,0.0668161029527019,0.195654334890184,0.203606823557038,0.137411798160965,0.15881555098837,0.0657911354924404,0.1955949165215,0.202977996384486,0.138530065647488,0.157574902809471,0.0652132662156285,0.192841786281347,0.199669160060768,0.135057374631755,0.155661394550727,0.0704201730007723,0.198345470787591,0.206171596851098,0.139536651657318,0.161858820954703,0.0674786238718753,0.193888994888624,0.200695408064175,0.137035059062785,0.157057287963585
gumbel,200,756,1.33333333333333,0.25,22.2472100190157,53.2851257252426,51.9795918402179,39.0491892714927,44.1694648715462,12.0655883176942,27.5067854228386,26.8574760158821,20.4245490014727,22.9724409005046,20.2883094605624,53.1617477026694,52.3160738566917,38.8885894050204,42.9239884877589,0.0585170011476282,0.120468790216626,0.112185345919185,0.0906967291838295,0.0979506238615407,0.056053436037431,0.13641190051722,0.131224091971178,0.0991923831701783,0.113580034702608,0.0527715890590073,0.12970101700212,0.12626678669671,0.0937753083148125,0.106231546373465,0.0524466385432633,0.131661743077871,0.127727555263319,0.0963236405369983,0.107191134919444,0.0564059249983665,0.132972225858495,0.128382944878755,0.0976657121585533,0.109963537915103,0.0438197023418742,0.126996652145429,0.127399307510626,0.0925479800839706,0.0918184672282895,0.0554187846375621,0.133066175403162,0.129384948845723,0.0973672121075584,0.109029685756984
gumbel,200,757,1.33333333333333,0.25,17.9314091608286,51.0860214533075,53.1981056881426,26.9645178872773,36.7043690667394,9.91840569883767,26.4128767554177,27.4635766958993,14.4126412158722,19.2586852793221,17.2668672550437,51.033517995488,53.3568133425772,26.6293258566206,36.0268196089581,0.0494245994695136,0.125156616073716,0.118383094896865,0.067417883975074,0.0964645833120255,0.045249473021824,0.129670967165842,0.135561656394785,0.0675951721483877,0.0904278574759237,0.0397243911953348,0.123003040287099,0.130341821679702,0.0612044353674397,0.0839921226103901,0.0453293454474937,0.127528726069552,0.133042918270191,0.067101719121413,0.0888778383823624,0.0438996712294822,0.124624006507613,0.12939233129276,0.0633121052320682,0.0880314971611299,0.0453134476061183,0.127577121940969,0.133319063440065,0.0686160912001083,0.0917125045883942,0.0449213040301918,0.127532446371898,0.133000765044232,0.0665531943143708,0.0900952624894459
gumbel,200,758,1.33333333333333,0.25,21.1620405327732,24.041050325514,16.0845549957426,32.0769912078883,28.52998760723,11.5252940820441,12.9581051793418,9.00029276161691,16.9557234829789,15.1916355342535,19.4894403602238,24.2627497449071,16.4289095097269,32.1314172515132,28.1656803800486,0.0327260461018194,0.0587666033046765,0.0449629373307013,0.0701545005895643,0.0601277463452993,0.053025899432736,0.0597446870556131,0.0390875667973682,0.0798661822115266,0.0740415626801648,0.05195330173258,0.0573527515098064,0.0369225931720796,0.0770856710887452,0.0687377736091101,0.0539967571835798,0.0605926650992718,0.0398905449425346,0.0810287075530839,0.0698747392865427,0.0537292948815351,0.0594074851169228,0.0383184914355544,0.0796811608200087,0.0701874235709989,0.0370811115172803,0.0593471449973031,0.0433376310379199,0.0739448309072789,0.0719656475158268,0.0530685589552911,0.0595759970711478,0.038718281498756,0.0800055141674753,0.0701090590365749
gumbel,200,759,1.33333333333333,0.25,13.9959109173862,43.673219498446,42.9335089762248,35.5899110171702,34.8553759279683,7.96138791469816,22.7247218980446,22.3566485618973,18.7036402371976,18.3388749783156,11.5790335412336,43.4401261623116,43.6353920430391,35.4193804615925,32.9940343690008,0.0397805227360531,0.112128928496394,0.10896489699058,0.0933054942172171,0.0921383777230482,0.0307930252941557,0.112867663883807,0.111835412165519,0.0906901414804117,0.0869721539206354,0.0355747016412584,0.111821973181419,0.109978725988273,0.0911465246937899,0.0885866051643697,0.0323003737892514,0.108647826193016,0.106988996377889,0.0874830632363116,0.0844075314138967,0.0327982687555303,0.110538155891813,0.108897213021974,0.0897008423826375,0.086524518926738,0.0395763688349852,0.113985150275574,0.11210948618116,0.0933117730935904,0.0914721819224504,0.0323996162628638,0.109222234474758,0.10759804262395,0.088200157234477,0.0847672471909055
gumbel,200,760,1.33333333333333,0.25,8.99013427657114,26.0547759017065,24.9525391920452,21.2683034962166,22.1906627729504,5.4702752676968,13.9595654701496,13.41126582851,11.5786421351815,12.0377014370134,7.81437121831937,26.0388884150168,25.5331297341936,21.0839501000047,21.4655977239552,0.0268038552667214,0.0559217946925963,0.0391240645089511,0.0518652159364568,0.0595829540158431,0.0179404370890226,0.0686680202827866,0.0636096982086751,0.0537771510682011,0.0551328135832085,0.0247619870409266,0.0665765091876485,0.0639469385928657,0.0535736228264869,0.0551462136351655,0.0199712351848742,0.0652285039712293,0.062994596217047,0.0521626798491444,0.0535895000047655,0.0174753041843832,0.0631595978733369,0.0618332152754363,0.0483949104079471,0.050151972758406,0.0197456835835393,0.0553518571204326,0.0533458940449845,0.0415489603414748,0.0455408448888458,0.0231048747667812,0.0658393662128567,0.0627351814436818,0.0531956242855087,0.0553776110998777
gumbel,200,761,1.33333333333333,0.25,32.5444388183941,41.2202013737674,33.0616922024389,36.0386103346116,43.1977585236412,17.1888070796795,21.5045206246782,17.4457146263253,18.9268735249024,22.4884588376655,31.236703185468,41.8172419300451,33.5608625278315,35.8652215997973,43.4745829799331,0.0857335962334385,0.108018751964278,0.0871546994203578,0.0948379185810405,0.112971543820438,0.0808671467735834,0.105155269911313,0.0836392255779859,0.0900368304942796,0.108968958961583,0.074998087460066,0.102155888886481,0.0819611572825814,0.0883345891017453,0.10545354965448,0.0794552922676693,0.102306149737265,0.0819434531920376,0.0889312926425438,0.106576009465958,0.0823940106755025,0.104280436733576,0.0827559011094044,0.0910794000589717,0.109630483791868,0.0854861400870248,0.107766562970417,0.0876293811333258,0.0920179040534576,0.110650477683658,0.0799221543241476,0.102799729313134,0.0824183620029823,0.0895192545945329,0.107404068829762
gumbel,200,762,1.33333333333333,0.25,26.0611291738711,45.4988766394178,40.1562789834072,34.8519056765556,41.1374001602102,13.9627769349087,23.6332567983523,20.9753983117412,18.3366440006632,21.4636619583133,24.5799830010244,45.6654166927739,40.490138431006,34.5681568341778,40.8129220709749,0.0694493905292388,0.117985815389696,0.102120580454677,0.0919036582827491,0.10781908276379,0.0660588653153896,0.1101694975568,0.0967426900384023,0.085404737047188,0.0994925625922936,0.0682127574212117,0.114557482139505,0.0990294247778445,0.0883644539697441,0.104555644227927,0.0650391031618821,0.1134716931074,0.0996184066291804,0.0865832385568199,0.101736630153832,0.0669510994628564,0.116846690084179,0.102457679950119,0.0911222729637965,0.106013330908935,0.0566620170418195,0.102273646617763,0.0932076650752731,0.0714343859297466,0.0801566479197388,0.0662025690450301,0.114291199852411,0.100469871315804,0.0871288593469854,0.103067696462074
gumbel,200,763,1.33333333333333,0.25,13.9353879673604,39.2169007129615,38.43622397819,29.9651928867651,31.7715718978071,7.93072104525196,20.5079033381183,20.1197242774621,15.9053489358693,16.804313027593,12.1008101212959,38.9759950813387,38.8297046340425,29.7719769412059,30.4098552918257,0.0380178877744345,0.102759334153716,0.100577763296071,0.0768780725627636,0.0841834545357589,0.0357862758500308,0.100808729142124,0.098868365801108,0.0775548567753984,0.080728423426467,0.0340829930214573,0.0972064426297318,0.0952487245751792,0.0726241292927023,0.0785128829646476,0.0325432428264524,0.0956215202389169,0.0933481278621436,0.0723156154659172,0.0761751536312177,0.0363643165700917,0.0990071218666924,0.0967296528014738,0.0762607158583919,0.0800544702472563,0.0215369942117084,0.095366213990727,0.0990799919900469,0.0631798078033743,0.0740029298386824,0.0343451870519035,0.0984263317918168,0.0957061862055489,0.0751036028304565,0.0789282110524046
gumbel,200,764,1.33333333333333,0.25,17.3025046336407,42.90487980948,40.4978208804887,35.6825666268756,37.8192495371171,9.60627820432522,22.3422980380136,21.1448361444987,18.7494508424315,19.8128510516636,14.7562628797795,42.8716975486552,41.2260041172879,35.7007302200276,36.4773343182338,0.0482374907425313,0.112250194673438,0.106170495504854,0.0939854513868196,0.0993977544544768,0.0414174972012485,0.107360643805393,0.101920400749521,0.0857388617279781,0.0919544416811068,0.0466615913956696,0.110791109297303,0.104261543720283,0.0918904914407297,0.0980871681388952,0.0415717944421384,0.107157664944921,0.100589662902781,0.0891410868020132,0.0932601587551573,0.042072889295673,0.106844012487933,0.0997054474286134,0.0886760927076053,0.094226300888992,0.0476541742970514,0.0956119939981353,0.0776770701180561,0.0852872376393637,0.0906622365207058,0.0410410565007748,0.107374469320735,0.101596132968657,0.0886612204488575,0.092760176772577
gumbel,200,765,1.33333333333333,0.25,21.696349958628,40.6433460026313,36.1906324215843,35.6597401200216,37.1287554454814,11.7917873026865,21.2176382568406,19.0028312394933,18.7381102715546,19.4696778752288,19.4482074006127,40.5013768163634,36.3987358139402,35.6739837026725,35.7710255446341,0.0531889036965028,0.100339828741296,0.0892605259533235,0.0931291631303157,0.0928807089041647,0.0495081827335069,0.0935083206026415,0.0824891728013987,0.0849202136649435,0.0827810835719964,0.0537690455426466,0.0957027053630796,0.0802404438894811,0.0859377774111789,0.0875000632021258,0.0545902971164956,0.100879243191392,0.0891268854587583,0.0883677017371721,0.0906189621333501,0.0531663601700809,0.101784451369424,0.089935202842498,0.0898182827668992,0.0918418083788449,0.0566315593578142,0.101678849939757,0.0804741591151394,0.0938834270255469,0.0975247564061793,0.053305835270214,0.10107683661418,0.0891480124332552,0.0889441409855279,0.0912770783679984
gumbel,200,766,1.33333333333333,0.25,12.2416416207218,30.2406984050656,28.7102651876554,22.1171635429243,25.8555518195041,7.08764847966491,16.0422010995754,15.2811496325151,12.0007066099272,13.8606632140323,11.2548076280269,30.1891296573406,28.7962225470462,22.1194325845006,25.4866066311512,0.0353695711415611,0.0750938062876347,0.0654578463805767,0.0593947991565573,0.0692771592301525,0.034032590167582,0.0791680416312558,0.0754423598577205,0.0587966198702373,0.067973045569101,0.028005719932378,0.0740151536705781,0.0709256688022163,0.0532571744879765,0.0620964429334337,0.0314379317187765,0.0759565514326996,0.0705622187076503,0.0563839167443659,0.0660253711969978,0.0322234435897199,0.0793053333062439,0.0750150419438782,0.0587181663589693,0.0678909057666491,0.0268107107284693,0.074111494036641,0.0718397124113513,0.0558976652959839,0.0626861663236884,0.0299919568107949,0.0761835013724795,0.0720048228833859,0.0555790994609099,0.064779836557005
gumbel,200,767,1.33333333333333,0.25,9.3725257511957,22.9222060254253,21.4554528595816,17.1951204132716,19.5133110900931,5.66050996542559,12.4013285278682,11.6718122006028,9.55217800440444,10.7055894429402,8.65970354619747,22.9688883315202,21.7654870946186,17.0763527276452,19.2219050485722,0.0205800779863976,0.0161643018065862,0.00502986789711101,0.0163886383015579,0.0328151526686874,0.0255098172266336,0.0604106707176294,0.0549014080277841,0.0461308205655512,0.0511402001069534,0.0244183328066048,0.0581274251163067,0.0543812987964211,0.0445817659153908,0.0493548695118693,0.0219341502966708,0.0562290538843859,0.052537740786642,0.0416610838848308,0.0472243715965308,0.0211910760369793,0.05708509621539,0.052840814405377,0.0417194757292566,0.047643730457467,0.0280074919435902,0.0623004660169172,0.0583791832032416,0.0479763860184648,0.051983437509876,0.0239685658883916,0.0572911015411202,0.0532467997698648,0.0428084526458712,0.0484804064880548
gumbel,200,768,1.33333333333333,0.25,15.5778595145072,34.3918026813398,32.3534072070207,23.8813204320287,29.9516652750787,8.74769976152285,18.1071206666387,17.0929353956426,12.8785252779272,15.8987943624968,14.2593065307402,34.616630287914,33.0693529689053,23.7636604714,29.281116102419,0.0384999122033614,0.0909687063475994,0.0856386579347343,0.0644842243296034,0.0779658340747321,0.0388229430509176,0.0880749711634808,0.0821342520766013,0.0601408300292261,0.0757251754114727,0.0389912794471445,0.0866222497012168,0.0810071913843393,0.0589487149765383,0.0754007392847247,0.0381001673200194,0.0869496070396173,0.0823413707649513,0.0601457521792391,0.0740850777719291,0.040267461424701,0.0833023567739261,0.0777810357531611,0.0562676946669259,0.072945891204383,0.042078904852433,0.0897557285636978,0.0842647628217255,0.0646624245914468,0.079587854623377,0.0383987096122994,0.0867390008302226,0.0818864755153223,0.0593059368616186,0.0745690221221696
gumbel,200,769,1.33333333333333,0.25,21.0152368298804,26.6977215021986,21.2714845121431,21.9639401859253,27.731536124362,11.4526656256981,14.2795832289027,11.5800848929999,11.9245867303575,14.7941010019149,20.5299638992205,27.2090013494173,21.6983339266805,21.9058837118485,28.0296147169361,0.0262224794846499,0.0609067847841334,0.0539953818256478,0.0391046889395379,0.0562906239859538,0.0489307599264623,0.0685804518304751,0.0566706653223062,0.0506770790820216,0.0668157668134585,0.0526155793507714,0.0654212103621218,0.051888191280766,0.0557435690687946,0.0676190906596271,0.0526229751681618,0.0674199506675988,0.0537694092278723,0.0550964267028533,0.0698796786710563,0.0533050879159812,0.0689012613399337,0.0547358956636483,0.0565828837630074,0.0712462745733372,0.057483161008827,0.0628903460399383,0.0456389193205359,0.0552638946469232,0.0691991637304139,0.0519897539797081,0.0670270023857545,0.0538023570832055,0.0546189560757189,0.0687080417968472
gumbel,200,770,1.33333333333333,0.25,12.5208529832131,40.6996368547553,40.8015049072309,32.9527266324431,33.5889813542307,7.22689229412523,21.2453224239799,21.296221547747,17.3914036264091,17.7083941812334,10.7514542984708,40.5068467323113,41.3040614325607,32.9167575953349,32.2234376561447,0.0362962194509654,0.102429518330147,0.0998119976852132,0.0826912828208331,0.0871071427611402,0.0353802590927205,0.104808881038893,0.104652614342414,0.0850637039411141,0.0859026705169294,0.0322583910808957,0.103154789315705,0.102906841520463,0.0836777629807496,0.0853320817131474,0.0318476459363681,0.10214578294151,0.10187706426761,0.0823731521585979,0.0835008183544045,0.0311989189728917,0.0959515283261678,0.092992822928564,0.0789675201654244,0.0779126560185976,0.0228725745706889,0.0891715601878778,0.0950019797934575,0.0581064125238203,0.0664152129596934,0.0308718133006917,0.102140675967082,0.101867547166538,0.0819991979509841,0.0833420853755284
gumbel,200,771,1.33333333333333,0.25,11.727732459374,32.7050442491561,30.8118913090302,27.6501374354467,26.6623277363964,6.83244588658513,17.268196449326,16.326502700678,14.7535039053715,14.2628827400158,9.92851595745369,32.523670374021,31.2414589031708,27.5796419535182,25.1496105751073,0.0299966807156577,0.0822131302895293,0.0776258500225479,0.0694043941248424,0.0647235313821657,0.0297495958140548,0.0831042738927391,0.0767057117907455,0.0724208836162308,0.0674825625639761,0.0277521860610444,0.078656429332282,0.0720150794711828,0.0685500553330662,0.0626349556209508,0.0293164496972487,0.0814122217815905,0.0766763839121606,0.0674918693739243,0.064451975279449,0.0272213125530253,0.0778382897406834,0.0725442256926505,0.0664429285267103,0.0635206810823178,0.0338700757784454,0.0856882500228964,0.0799261637376201,0.0728033275234148,0.0689550448800514,0.0279543727566626,0.0812139323483169,0.0761147535468917,0.0686342438186771,0.063985712714684
gumbel,200,772,1.33333333333333,0.25,4.88847804444086,19.2261949032728,18.9557466491674,16.103071599236,14.2853688628209,3.42945546657756,10.5627995329963,10.4286084841604,9.00898825000146,8.10513454937973,4.25601009283246,19.035350115837,19.1751575678906,15.9197127413366,13.5157872011677,0.0133139554207319,0.0392739650218222,0.0377206488239816,0.0293416052661757,0.0200562261178071,0.00663442077468573,0.0462214833582462,0.0475217473919682,0.0352644134335853,0.0310076039827594,0.00682929348845245,0.0451769252153308,0.0438170756353817,0.0377338965866298,0.0324943995698499,0.0121867329693604,0.0466479369030146,0.0456399392181488,0.0385193623539767,0.0327450098787896,0.0101813305762805,0.0469108140155856,0.0456170422482195,0.0389060631428864,0.0335789773468103,-0.00149583224460203,0.0487417709241226,0.0518588878409527,0.0362817551568904,0.0334357086400462,0.0126511073619027,0.0475142222771365,0.0460466888917205,0.0400672060533832,0.0346195847340587
gumbel,200,773,1.33333333333333,0.25,17.3424882905739,43.8349447058929,42.2091997602772,32.4178621625013,35.8724163035215,9.62490873993525,22.8053934517208,21.9969840614888,17.1252955825855,18.8443730927029,16.2590058886947,43.7212727597114,42.299875766756,32.4237048813092,35.1751829579083,0.0435272227340093,0.114272170903936,0.110501788651166,0.0857862424412017,0.0933198285632059,0.0437808167689847,0.106777291815625,0.102139983444777,0.0761687313441175,0.0854205292713149,0.0461059828609024,0.11167001420922,0.106825118664494,0.0821561195953553,0.0913759918987526,0.0438854742900968,0.109005982403316,0.103731356285246,0.0811091291331761,0.0888101763290655,0.0424759931647784,0.109202015349996,0.10461296048777,0.0809710020470457,0.088667405760956,0.0388225968987468,0.114481144889924,0.106189157667577,0.0847149724162455,0.0937865986050261,0.0435890378801051,0.108556281858848,0.103881670538339,0.0801618536123009,0.0874442708739755
gumbel,200,774,1.33333333333333,0.25,6.1416315224929,23.3872988594224,24.1643863319729,12.8608026739669,17.0341799821743,4.05259909999508,12.6325589589715,13.0192769318093,7.39585097119428,9.47224812417913,5.82098295815703,23.3422772572273,24.4483639826034,12.7298231004101,16.5801521696163,-0.0303920696598545,0.0033050799334158,0.0141568620989713,-0.0269230342128474,-0.0321062688713935,0.0161250430556725,0.060717461775552,0.0618953887121713,0.0347916702154057,0.0446319411186044,0.0110146964993741,0.0584914125891345,0.0605146704043088,0.0310456171128811,0.0408714896940298,0.0160499940640173,0.0585595676620469,0.0600399153931934,0.031970977799875,0.042242676171142,0.0172529913538325,0.0585761602771939,0.0600052852597436,0.0322729562664779,0.0414086933409392,0.0191936437728306,0.054814523164374,0.0552254466204571,0.0273834489065787,0.0397742168668337,0.0154858482894628,0.0581913331903606,0.0600371025342055,0.0313991642824718,0.0414219888608331
gumbel,200,775,1.33333333333333,0.25,33.1193252174974,50.8871446189462,42.7973846881939,47.7286417127669,50.4410810996751,17.4743517126696,26.3139433976314,22.2897639344576,24.7424632180815,26.0922474237264,30.7470627569778,51.0457632739998,43.060099558854,47.7058694535026,49.771243496838,0.0771528652702375,0.131684702050713,0.111990607389884,0.120737014902025,0.126533233860241,0.0795651460232729,0.122373755294825,0.102087543216347,0.114097389823501,0.119896075194027,0.0822049895542362,0.125610720878395,0.101850335171868,0.120127967205391,0.125374689245688,0.0809566803014082,0.124345621346743,0.103342321913135,0.117413528416654,0.121904182568477,0.0820352936315157,0.128070555964661,0.105903663352148,0.120884697646365,0.127336123771525,0.0718759621310451,0.128553249037547,0.111960337275253,0.114372928280667,0.114526388225912,0.0826949711486362,0.127146827223229,0.106132198951126,0.119534716022429,0.125673094110735
gumbel,200,776,1.33333333333333,0.25,18.5871049933259,43.6816290907324,41.8277423306438,36.6225789353535,39.1265653920526,10.2451614034266,22.7288187799864,21.8065477500892,19.2172478006904,20.4632494913119,17.6771404442225,44.1930574712187,42.7479164360814,36.5511278925343,38.7912951918343,0.0331348953496111,0.0903247934366248,0.089423579033772,0.0683037208261471,0.0808262419732652,0.0464430289039489,0.110155689702319,0.104139460022281,0.0917687153780098,0.0974014454739775,0.046242947693287,0.111239856338757,0.106416112857352,0.0936190711493727,0.0998757706835787,0.0453913903074963,0.109654796987755,0.105071111953405,0.091976278318938,0.0971387688402778,0.0415059505447862,0.108822892807873,0.105408484291957,0.0888492402215904,0.0938656048892374,0.0208188722593815,0.0955780148713894,0.097776613296543,0.0774728391568532,0.0755249652383616,0.0445251722156802,0.109429443610629,0.104640821455927,0.0911428661540679,0.0968448962292318
gumbel,200,777,1.33333333333333,0.25,13.3371707698188,24.7531068026642,21.2414790626665,20.4619889880375,22.079937590509,7.63305543347279,13.3122505107017,11.5653830653238,11.1774258654611,11.9826501966567,12.0282967384852,24.7245870163369,21.4107827467131,20.383561257508,21.5020923933561,0.0198624941097268,0.0649302180738256,0.058063281553499,0.0531407006407885,0.0554694103019983,0.0374197671675853,0.0636536941638726,0.0531273748343511,0.0543907363133581,0.0577650682245024,0.0297366440241217,0.0635839483945195,0.055231954622985,0.0531944517199856,0.0546780921120056,0.0323144378976623,0.0620806026720091,0.0532478368627599,0.0515286408310793,0.0541521103510546,0.0293232428062817,0.0604571130501556,0.0526920639153978,0.0505218294435956,0.052209636500349,0.017302577449759,0.0442379598980729,0.0356253602794267,0.0432241222200728,0.0479789648508964,0.033204780710976,0.0622022508944113,0.052899188497175,0.0515917225510027,0.0550320062156859
gumbel,200,778,1.33333333333333,0.25,33.2628981942241,44.6232041819283,37.0542009702607,34.1413384041682,42.0611014732992,17.5453323012414,23.1978188882824,19.4325417352633,17.9828756310057,21.9234787521294,34.4059617431145,45.3070924005625,37.0759169913046,34.0637872366172,42.7065679971034,0.0784175672093838,0.108503041449221,0.0964735100389007,0.0740241559823919,0.101853040746345,0.0832164874964586,0.103706300257826,0.079557861811282,0.0796079355636389,0.0977924331700835,0.0843196967801984,0.113109964911652,0.0942012919839646,0.0877088421041817,0.106758854740893,0.0841540651591922,0.110124828279591,0.0910114359062391,0.0840453789969008,0.102994191846648,0.084777805161308,0.110204099457636,0.0896673277225886,0.0854995771571539,0.102895500752953,0.0859330238645233,0.114676776526826,0.0970297628570781,0.0875328717936109,0.110065615275033,0.0842790941462756,0.111555570170139,0.0919708197870165,0.0859126604326834,0.105080662697281
gumbel,200,779,1.33333333333333,0.25,21.5361764774209,27.7846016032604,21.7243916205426,27.94992940361,30.215634974156,11.7121496625813,14.820278694983,11.8054311283927,14.9026357006742,16.0301129479192,20.2932842795159,28.2892860983727,22.4272856989678,27.8508672235947,30.0661625437218,0.0505568800433995,0.0719187754274731,0.0591412802343146,0.0692347147140428,0.0789415199014936,0.0508613168707463,0.0640986061614425,0.0495910334595685,0.059110322929503,0.0678086620989695,0.0513748449779848,0.0704865332124624,0.0556381481898148,0.0708830527148437,0.0766292672537122,0.0525590258636626,0.068713220284673,0.0527670625527984,0.0703919528473333,0.074087884063162,0.0525944896610176,0.0706723857536743,0.0550679570395413,0.0714319711384491,0.0761467136210472,0.0585572268727424,0.0743685098390181,0.0591398292369914,0.0734786671721207,0.0805074086406821,0.0524158029892391,0.0684479415777299,0.0530358141759033,0.0686803577500062,0.0736355408772919
gumbel,200,780,1.33333333333333,0.25,13.5020082083273,50.7199852142727,53.9583155090299,28.3309299051934,33.5333187231673,7.71479291719741,26.2309083742163,27.8419571041178,15.0926384544206,17.6813937720271,12.0384000483997,50.0793156562462,53.8991873783837,27.8908385767946,31.7056846256906,0.023830406503408,0.126591281917291,0.139799064280824,0.0617629996811278,0.0784871097242971,0.0347377818145623,0.128055229811793,0.136498448923608,0.0712799652811006,0.0841196975595674,0.030148643556428,0.128184427699896,0.137098837265997,0.0718511661054233,0.0814289567111089,0.0268555323635674,0.120914641730705,0.129731176361245,0.0643098720578529,0.0731592367597006,0.0338405821186621,0.12690029807719,0.134398114867087,0.0707331090201382,0.0834484098596104,0.0383094089182132,0.122527970844981,0.129445456216963,0.0652277176315949,0.0845808827190723,0.0336233593421533,0.125974120912218,0.134104841470615,0.0691850786308057,0.0813087162009415
gumbel,200,781,1.33333333333333,0.25,5.26242561387911,25.3117176618968,26.1275627871546,18.4560554971246,20.1391161940102,3.61521229919735,13.5897931204911,13.9958752548735,10.1794278022469,11.0166168716635,4.73685163124107,25.2817664518282,26.6196401714038,18.3700507983993,19.6536666255699,0.0119323062182972,0.05544953728085,0.0612121433595023,0.0266816123687824,0.0395641511901949,0.0158281072936309,0.0670131176269046,0.0694332462952838,0.0475453100365865,0.0528480892930157,0.0150381707662395,0.0657196095650569,0.0665370203788226,0.0480034380515451,0.0523922022577382,0.0151559291933288,0.0652802497878654,0.0662089184875684,0.0484021708552063,0.0525086489417075,0.0109319280759417,0.0645519995587373,0.0664012231496791,0.0462232271007478,0.0501071314858077,0.0115782140832782,0.0671234042528103,0.0701264003630071,0.0486965227203865,0.0475396601102083,0.0135478628006088,0.0639021254073303,0.0658594153887279,0.0458447327180856,0.0504880896575703
gumbel,200,782,1.33333333333333,0.25,7.94622375228141,25.417459516219,24.1162416236946,24.5177852489423,22.5689650173545,4.95128562087533,13.6426204094416,12.995609943405,13.1951180988607,12.2256105534949,6.33043075652496,25.2784494363049,24.5594227032203,24.4444600995925,21.7726413978314,0.0227472421696978,0.0680255405981432,0.0634640376220895,0.0648695544476429,0.059857407217934,0.0179244304236588,0.0682085979253855,0.063225244497236,0.0658295368061093,0.0604784012324601,0.0192787392314992,0.0619526740502876,0.0567481408510009,0.0593019453284079,0.0569541925329963,0.0183531603628088,0.0601327219872758,0.0556348716508976,0.0586352687769499,0.0536006726040262,0.0177827418748572,0.0619193273369136,0.0587065251268103,0.0596170006290844,0.05478779111229,0.0246032501854142,0.066822522457683,0.060725260043671,0.0662849133684731,0.0613519937809307,0.0189226395937619,0.0634770907691293,0.059320067792735,0.0616152206542151,0.0562129935263537
gumbel,200,783,1.33333333333333,0.25,36.8528151522608,65.0606438898406,59.3059542598652,49.4110704417015,57.5818486085495,19.3319896793556,33.3651182423877,30.5021109903403,25.5797721353566,29.6452931874958,36.5725299650078,65.6671503837302,59.8306578567974,49.1328915409968,57.3144523200882,0.0874180521623348,0.167606844994149,0.15028078163679,0.12721332044699,0.143866983359996,0.0914551032783634,0.155242917249759,0.141008538952922,0.116929258584191,0.138557204079503,0.0901861976355362,0.163429124308694,0.149782314609646,0.121268298985341,0.142213547815538,0.0905896651516931,0.163752756653447,0.149803909369561,0.123211581578594,0.1416477527982,0.090935671564966,0.15907583510902,0.145248605168269,0.118188255014898,0.138877869374653,0.0951908975231887,0.157223513842693,0.132437970126215,0.125104671720618,0.147693034535665,0.0917191880760799,0.163222784635985,0.149044679510598,0.123576856355318,0.142742956996075
gumbel,200,784,1.33333333333333,0.25,18.816491735014,51.0384378477047,50.7662613697572,37.9341778876383,43.1886483249665,10.3587625491404,26.3887924212046,26.2535148517822,19.8697544315183,22.4840919755684,16.9187905033906,51.0076490462338,51.4289284628669,37.8107994928619,42.0732850991203,0.0428002913352314,0.132543515253277,0.13110698717869,0.0995260781057607,0.111859473616991,0.0487932256746623,0.131604088534219,0.130090359528299,0.0995483860534565,0.112065266232479,0.0459868183925802,0.128241524719608,0.126240624322973,0.0950812920099111,0.107545627537668,0.0452851237091775,0.126347818721652,0.125622399619601,0.0922479901787258,0.104702046090798,0.0473951801606611,0.127218166011508,0.125486156794275,0.0948303063105333,0.107271712743735,0.0491923891788083,0.132590924987518,0.131405063315654,0.0990284815186678,0.112761800536153,0.0471164898746388,0.128951458498531,0.127905073570718,0.0953103637847187,0.10804431929018
gumbel,200,785,1.33333333333333,0.25,15.4148133879334,34.027901439499,33.4828150448537,17.5487001804643,27.4299395507806,8.66592973599829,17.9262828088642,17.6551151603498,9.72815771404522,14.6441503215406,15.617222615423,34.3578016985784,33.7509039142145,17.3173177232735,27.5616658377516,0.0384651983234549,0.0887815745365509,0.0885596228730333,0.0428737522628595,0.0683140426338921,0.0369970901697007,0.0867235700974824,0.0855928319414389,0.0445462688362507,0.0688331900751764,0.0398452675045523,0.0874716064892287,0.0860892465992747,0.0449775478775215,0.0714135619207272,0.0396172351423054,0.0850779025611116,0.0828581757416369,0.0446327938464972,0.0690527472546258,0.0381271828336915,0.0830597682769192,0.0814439996904451,0.0406775160305067,0.0670036451824589,0.0429322473961306,0.0900323634117104,0.0885755767345251,0.0486824773175517,0.0730966994028435,0.0397237343416669,0.0854185104101284,0.0839589950582685,0.0438801953693823,0.068298502497933
gumbel,200,786,1.33333333333333,0.25,16.861692606919,42.2847082274763,41.4727572490044,29.2746967378364,30.6839700312111,9.38673501156495,22.0346006897525,21.6307138675557,15.5621568940504,16.264263318466,15.30879319509,41.9967374017387,41.7121026299601,28.8345597139194,29.2341075859712,0.0469964816405063,0.10924251836925,0.104457720284351,0.0779701122447666,0.0813426915098125,0.0372392255653235,0.107634651475564,0.106384376595669,0.0735648454999673,0.0760947802124337,0.0440300779801029,0.108674073765496,0.106340321174287,0.0760645249477885,0.0771594553262866,0.0404139017787702,0.10435178474731,0.101941856982199,0.0717174432319533,0.0733537704449964,0.0346626660810828,0.102041597529571,0.10090768099802,0.0689710388292645,0.0696443042795034,0.0469233689216328,0.110706703109785,0.108680519533812,0.0778849641388634,0.0812330953408998,0.0412028562563507,0.104779045321687,0.102359605081257,0.0720778695414972,0.0740117054574741
gumbel,200,787,1.33333333333333,0.25,21.4867157491832,38.2631821674844,32.953344650981,35.5483528591091,39.5734676556229,11.6865891122979,20.0330349019573,17.391789152166,18.6825172246885,20.6849617505081,19.964480926874,38.5908671816509,33.590972573004,35.6769325088182,39.2726696359254,0.0580277670800264,0.0973003022562791,0.0842210592218228,0.0910957610608165,0.0989527585064956,0.0533655765801471,0.0908021077413478,0.0780308914663654,0.0817637377654079,0.0927544227088849,0.0562980863737225,0.0944516733436711,0.0794566855278118,0.0887418243970615,0.0994167750895928,0.0561870325429319,0.0976383740975752,0.0839305503991404,0.0903867320670625,0.100803101325247,0.0563250123592405,0.0981481416255912,0.0833762895934151,0.0910628954093474,0.101088593833657,0.0569938812296382,0.0995012082619621,0.0869205621227338,0.0896843366898484,0.103788933184578,0.0543713653327357,0.0959720251523755,0.0817872817944816,0.0891227163460439,0.0992244158740588
gumbel,200,788,1.33333333333333,0.25,13.1003582710392,36.7379625568266,35.5778247633316,31.5432419240203,31.6360018710118,7.51550893567134,19.2744360251223,18.6973928459866,16.6903812235067,16.7368637600978,11.1256300879625,36.6693955107487,36.3358899137836,31.3755093291767,30.4051104183331,-0.0106174846615046,0.0850008041855256,0.0907343088019719,0.0669283029981014,0.054768147220511,0.0284312874240366,0.0871839845902462,0.08543234604667,0.071311553561956,0.0730018291010866,0.0307410686382197,0.0919703376929109,0.0855686026471795,0.0801155740346954,0.0793732262715976,0.0309394730684021,0.0925732657890237,0.0896025675687124,0.0784454049650582,0.0786163854176996,0.031505252359357,0.0924431208483915,0.088945126193545,0.077991249918593,0.0784598960169091,0.0237556732748342,0.0597005275161447,0.0534508054752679,0.056601538755525,0.0373868102694328,0.0317659005150464,0.0919657735987539,0.0887462228816739,0.0783231522351105,0.0780136910838197
gumbel,200,789,1.33333333333333,0.25,26.912040610627,57.8810623852584,54.9457890012984,42.072575535293,48.7556521613823,14.3869598484519,29.7933403803925,28.3331609207715,21.9288159596833,25.2539311662231,23.903881461903,57.500468254213,55.1462050997294,41.8410725025178,47.0371582139885,0.0714040616097296,0.147493024242699,0.136861679840716,0.110096583886305,0.126531273432916,0.0705907033544163,0.147082543310895,0.13859757142649,0.107529476203777,0.125626554944554,0.0515408682809418,0.141169458450322,0.135853278970849,0.101005382757518,0.110689429733377,0.0650775168890477,0.143524983642542,0.135770249027284,0.104277796996534,0.119838167335068,0.068692223647219,0.146475821664406,0.138825622156865,0.107234923194965,0.12382660985754,0.0536773195836432,0.148970938027324,0.142306393941204,0.109986191249207,0.124254592905736,0.0661707759383851,0.144658728044065,0.136570370750022,0.105083943461,0.121195849081946
gumbel,200,790,1.33333333333333,0.25,17.7763025776517,31.6921861181299,27.3971142466353,25.7840509950626,27.0392701320134,9.8416723176335,16.7646936955868,14.6278965163585,13.8256583404069,14.450299672424,16.0099035013867,31.5105237801353,27.6068608996104,25.3382931992104,26.1310378176934,0.0490797401545272,0.0829165397378296,0.0724370263729159,0.0674137403805542,0.0702342876552502,0.0420780839184118,0.078880058606335,0.0681949264615179,0.0651451216261933,0.065017389608585,0.0417658771410476,0.0804252983350954,0.0699326780351113,0.0639902523336232,0.0660711561450232,0.0418140290128297,0.0757655526880699,0.0656252727411955,0.0597845819199047,0.0625846575835424,0.0450550728231529,0.0777348741722021,0.0657424486699477,0.0633652207378744,0.066504554513318,0.0460294412321854,0.082466342200428,0.0665820424277302,0.0693687410204276,0.0714361132338291,0.0436738456953252,0.0786635207464416,0.0679535735291253,0.0632278038128068,0.0660907349333554
gumbel,200,791,1.33333333333333,0.25,30.0616307671963,42.7984014664884,33.6499548836138,47.89279273019,45.9705904698079,15.9538938289459,22.2896408286564,17.7387313471366,24.824027225602,23.867940564896,26.8591082823466,42.9377773235331,34.211823472358,47.9532583419568,45.0211130820036,0.0554045749184992,0.110719679906532,0.0760189114440025,0.121699976692557,0.119829312902024,0.052279921144271,0.108288526438785,0.0860546753318941,0.117641174122472,0.105988657948805,0.0681871262568008,0.105336056721529,0.0813088973957879,0.119029324171495,0.112773464709998,0.0743563080686471,0.106597636223604,0.0823144352160774,0.119742874416638,0.115142234564228,0.0754186952179818,0.101989685236292,0.0776711584043995,0.116993061510088,0.110832041369869,0.0794607913984791,0.102535753069045,0.0752992370880789,0.119929322498196,0.116313078134538,0.0735740671288255,0.105851225310473,0.0816813517023879,0.119221070867369,0.113645207948098
gumbel,200,792,1.33333333333333,0.25,7.63292574876876,21.9549885811748,20.4905619233716,18.2150386821318,18.2538176733179,4.79544605128437,11.9200896039268,11.1915298349138,10.0598680771,10.079112280076,6.26592607220153,21.840157325005,20.9382142693986,17.9139506385841,17.4494340797779,0.0147122149103127,0.0584984869177968,0.0562192236411448,0.0439506584407998,0.0407757685865597,0.0142528372201825,0.0543813897682496,0.0508698568364905,0.0431660644345222,0.0449184333221899,0.0213114003965445,0.0541189865247247,0.0497069451863001,0.0442361806635351,0.0461243137915555,0.0165050962968984,0.0542116039689186,0.0507311381913659,0.0443304037049898,0.0439829429075876,0.0221073801954412,0.0572480000184619,0.0526433081890363,0.0485727908387208,0.0487602787773393,0.000880854492398455,0.0412244788741668,0.0371347851663167,0.032767944870398,0.0410587599408058,0.0176006693201139,0.0543308539784029,0.0508028463241604,0.0441427815850789,0.0444332376357073
gumbel,200,793,1.33333333333333,0.25,19.3459910246451,40.8398167925437,37.8758376443422,30.3478350081654,35.0372205957119,10.6224184750747,21.3153544986586,19.8409181398462,16.0957720067058,18.4287614242415,17.6496691495078,40.7559573930089,38.2290341012635,30.0935674952135,34.4227689756539,0.030781482407268,0.0842320788985767,0.0759574123377465,0.0532037162287477,0.0685984756960756,0.0493443517306724,0.102503045020477,0.0935411925125596,0.0749400546943175,0.0884212390030007,0.0493048301476552,0.103444271135858,0.0957420464163784,0.0754727134451441,0.0885958014785507,0.0472162283646531,0.101723377496739,0.0945565760667485,0.0744209385527865,0.0861369646517694,0.0454439742328679,0.0978425279176799,0.0906948694189014,0.0713253188209578,0.0834562575628345,0.047188916429047,0.100261609711253,0.0942598055895971,0.0771368974077622,0.082669151483072,0.0480158059796919,0.101878093259516,0.0945678980327528,0.074688452381164,0.0868065749291906
gumbel,200,794,1.33333333333333,0.25,10.5210729849756,41.7064367802712,43.9689374512059,26.4155205146162,29.3224162060719,6.23260798553155,21.746461839401,22.8719736702375,14.1396067594889,15.5861518583479,8.63307155537884,41.2989070912149,44.3560937388149,26.0548631936794,27.7428182841162,0.0157519788258009,0.103228414273208,0.111376775340355,0.0697295352422768,0.065602806578857,0.030419158874903,0.106202501958245,0.110201612562615,0.0681018780813922,0.0768050157792857,0.0236513701965639,0.106164319264215,0.112979517342925,0.0664556748606374,0.0732925835937452,0.0240836833539531,0.104131226069932,0.110018204826484,0.0650773700909589,0.0715653366802318,0.0267449828055477,0.106596047459349,0.112248557664439,0.0672842609083907,0.0742669788334367,0.0300503318467546,0.108453971603336,0.111775612171191,0.0708452145129769,0.0777312515355978,0.0225593740729454,0.103357261467847,0.109421755024098,0.0642959137504814,0.0702629986417067
gumbel,200,795,1.33333333333333,0.25,16.3700940478945,48.9915802924606,49.3824356172974,34.3575473736668,37.0346564563892,9.14259540926232,25.3709478529181,25.5655882396045,18.0905713908076,19.4229114193813,13.7038304469528,48.2922592500469,49.2130225167522,34.1258647134671,35.2608954169075,0.0459190156670076,0.126410076082736,0.126203827705714,0.09079602418418,0.0947385932833013,0.0362332343938875,0.124546531939124,0.125008926898032,0.0887683738483009,0.0899924111166783,0.0392056632961117,0.12180452165476,0.122275120310786,0.0838179934730858,0.0902616602538461,0.0409675015011017,0.122708469615601,0.122453849945255,0.086892907458997,0.0925935581753183,0.0389073492313287,0.12289362691535,0.122213147622092,0.0854607160699693,0.0922327230619533,0.0458747668915516,0.123970186577542,0.123714066293691,0.0873009998420383,0.0974487910272495,0.0388076641070607,0.121918019971034,0.122627885289208,0.0850462886597427,0.0908903066744826
gumbel,200,796,1.33333333333333,0.25,6.47491956017776,30.2682382538709,31.2198769880184,24.0821139580809,22.5753526165646,4.22039344342665,16.0558028715461,16.5292053372669,12.9784354106747,12.2294722315742,4.2156273993384,30.0069415071421,31.8283039328975,23.9679468597001,20.9358479814508,0.0211266657791562,0.0802592664117556,0.0821881991989729,0.0652029395800896,0.0602066630886528,0.00915020825596947,0.0768502014570596,0.0800492604650433,0.062051401082195,0.0547858878084531,0.00455149148052015,0.0758029455252418,0.0800581942660613,0.0574202186661438,0.0513974742948409,0.0127874238507902,0.0753307845478873,0.0768710183539348,0.0604722075873632,0.0545852675211302,0.0118480202021245,0.0740221986668274,0.0762364749285179,0.0601193973454302,0.0541148679037528,0.0061580886462993,0.0766065994052952,0.0809185240318662,0.059220222763187,0.059257959953992,0.0126473850396873,0.0752117111256796,0.0772540723561381,0.0595120905074196,0.0545907378902772
gumbel,200,797,1.33333333333333,0.25,11.088451376584,18.871050534658,15.7425274102298,15.6635497921424,16.1546120934657,6.5135370175311,10.3861913539007,8.83005839753266,8.79022699186245,9.03515448491298,10.8507751853681,18.8608215604828,15.7494852628625,15.5705867921149,15.8004020756584,0.032408442975949,0.0521751833261017,0.0442566018198935,0.0428502770608767,0.0452871432710135,0.0318248272123907,0.0510545191317023,0.0423273155906951,0.0410386795360255,0.0438564141199041,0.0309225926653656,0.0508696709590432,0.0430014471490765,0.042830387433971,0.0431194443013197,0.0296735520099577,0.0472778142655866,0.038243069582535,0.0403068866612391,0.0401826931107158,0.0272311499591146,0.0472710389583436,0.0405180382923633,0.0380244942089597,0.0375766814040163,0.0260966647128884,0.0508882379279166,0.0385047047238227,0.0441183844106374,0.0453555366848608,0.0286295254255443,0.0465225720904558,0.0379430371672354,0.0388132412766264,0.0391194315492198
gumbel,200,798,1.33333333333333,0.25,8.02223222647898,18.0870553402982,16.4770951019803,11.2012641649443,13.6427964828867,4.98895448087003,9.99585556736581,9.19471215446866,6.57053597069787,7.78564693635771,7.0081202966559,18.0042936894446,16.7317420594439,10.8396365939714,12.8512586458968,0.0241910722472627,0.0496952456231871,0.0460981069344189,0.029937690981039,0.0371733979500393,0.0233332086199583,0.0495908318435206,0.0445636984351631,0.0323500845326149,0.0382661235715205,0.0211445375994367,0.0438273991591741,0.0404037804453952,0.026096413738073,0.0320026243322713,0.0184871532824238,0.0446329289698984,0.0418228082090355,0.0256728435852089,0.031112033636881,0.0207346472416079,0.0432378831703891,0.039629583224669,0.0251548829567879,0.0311085563483596,0.0238209899629298,0.0296101859720086,0.0102620038389413,0.0229406373072548,0.0292452819179912,0.0195326522820233,0.0446945263497079,0.040997214521638,0.0268871167918565,0.0322685571590924
gumbel,200,799,1.33333333333333,0.25,21.3724545827494,42.0344739985175,37.6750653763442,34.8356038424355,38.871280523536,11.6305336740859,21.9093625449605,19.7404413739294,18.3285690384816,20.3363042261097,19.3502646063579,42.1889073090083,38.4732499237433,34.5265595240912,37.9451866784047,0.0319703329034968,0.0931097956411253,0.0902549843710378,0.0626894603125264,0.079534830198704,0.0514727157661526,0.10349190526043,0.0924367377452071,0.0852788948354011,0.0950702786177145,0.0547505870537976,0.105373440609363,0.0929114199753721,0.0870573653963302,0.0972100788975605,0.054262837042242,0.106312556144307,0.0950090995330028,0.0876308319308992,0.0975860286509279,0.0528032924372289,0.106162570078859,0.0952847509746723,0.0876464270509603,0.096484818475274,0.0511841019081592,0.097530732124905,0.0907942815990482,0.0761206226431772,0.081521116572391,0.0526587141468183,0.105758833920764,0.0951438722372534,0.0862584751459098,0.0966365698873345
gumbel,200,800,1.33333333333333,0.25,8.34539999354093,27.8193323347457,28.1492516962115,16.5952085568076,21.3626140142105,5.1489400643297,14.8374691266666,15.0017483310042,9.25373866424705,11.6255174117676,7.73329518153664,27.7341852324361,28.3991720786341,16.4267475669844,20.8084537764993,0.0206166586368861,0.0742526397169641,0.0751303442025314,0.0419355187129432,0.0580868797665817,0.0202516058464402,0.069803995944131,0.070857118697997,0.0409382357301364,0.0512828883439714,0.0227215354177033,0.0711386519390658,0.0719838285227776,0.0420869498126363,0.0547665786082986,0.0216623286525283,0.0699304202343655,0.0703671551845179,0.0412830415391796,0.0532685165172211,0.0194241290226285,0.0676515916587691,0.0688300214362128,0.0392740184884341,0.0503535797439941,0.0193675369842843,0.0712487502354749,0.0749310963495833,0.0359468167411315,0.0487986631555105,0.0220656405051496,0.0699916453101556,0.0703452655966812,0.0414584861872152,0.0536127320054312
gumbel,200,801,1.33333333333333,0.25,31.0724818714482,63.7712786852039,58.6354511791422,55.8641284444082,57.1762406179641,16.4566393364183,32.7236076784118,30.1686152915894,28.7901890004287,29.4432970338832,27.8097877437136,63.5899374343931,59.1662092204203,55.5631995711285,55.4234118899651,0.067798382475712,0.164395056938357,0.150686240965339,0.144170638622704,0.147866493902004,0.0699725742574903,0.162263547065492,0.149362050303678,0.135396888838489,0.141738684706788,0.0771450449271745,0.159783588117367,0.146973376136121,0.138306023376465,0.141271405257102,0.0767006761463402,0.159976980636977,0.147455963881345,0.138664453183113,0.141903731509872,0.0753560875666924,0.158418598100651,0.145449284392418,0.136749195973552,0.14034592339822,0.0814030062155002,0.164337765727021,0.150837586269503,0.144347953970169,0.147746150055469,0.0771101250048803,0.160582118401989,0.147833108436397,0.139597275311564,0.142395775620662
gumbel,200,802,1.33333333333333,0.25,19.6871272298726,34.2555414216053,28.8319048722276,34.2728166347331,29.3819960672307,10.7933245404004,18.0399310952629,15.341483044034,18.048761725508,15.616961630712,17.242586578708,34.2054461159278,29.4734723023929,33.866012332999,27.4307095814111,0.0363853954243856,0.0853240919230078,0.0741757795209243,0.084443671882897,0.0663831791703122,0.0441670330931849,0.0831747951977315,0.0711644821090762,0.0832581076917699,0.0625227563169814,0.0463957869371528,0.0868296187209095,0.0737679070759501,0.0874996754018027,0.0700177520617952,0.0471952360614661,0.0848786333659182,0.0720046168987273,0.0843855146917269,0.0708615824653903,0.0491280593630521,0.0853112365593032,0.0714600606635475,0.0855764118339665,0.0717695042023036,0.0142469636518179,0.0806112775077146,0.0737537309259717,0.0800120271347634,0.0400256685154989,0.0473518610707161,0.085713514018201,0.0725636347189504,0.0856237511420957,0.0704797485590459
gumbel,200,803,1.33333333333333,0.25,4.21502110194175,25.1365126723985,26.9754080786257,15.5468308799765,14.1180662216344,3.09556390229504,13.5033780805222,14.4182106615988,8.73261530991189,8.02264534262834,2.73465785644759,24.5175494811393,27.050248253213,15.0948476492426,12.455945315119,0.00231680937930127,0.0657262655933595,0.0703878399499336,0.0435699662573589,0.0335473705755853,0.0117388580792387,0.0616597530631659,0.0620912919811766,0.041463350447732,0.0340262305442389,0.0118463836540142,0.0640993777078313,0.0681197868449225,0.0418428118156764,0.0348810734854087,0.00911068504182892,0.0626962093673314,0.0674620847269957,0.0382887048998607,0.0334298592752322,0.0096031515437814,0.0620632822289407,0.0670344263752561,0.039131986899731,0.0329018088812681,0.00639167665751505,0.0627895060284186,0.0696838019828808,0.0361845328852917,0.0330653021301856,0.00772740417981852,0.0611960379930102,0.0659022168899196,0.0369604367885544,0.0315947562771647
gumbel,200,804,1.33333333333333,0.25,9.04492494127027,28.1273427964975,27.6280914711627,19.7597556194528,24.9640687745619,5.49762323458611,14.9901954761383,14.7418162163008,10.8276494063027,13.417057658822,7.75269801001957,28.3445138475381,28.3767147424523,19.9295155224427,24.1454096696737,0.0211513504821616,0.075318321723667,0.0718735233503412,0.0518506902368548,0.0669157061454,0.0257440497615707,0.0714266739764604,0.0689929875341596,0.0512424789516557,0.063760720349411,0.0255846072201976,0.0747898928533795,0.0728603945909051,0.0535550755415923,0.0659426127633267,0.0237751886811005,0.0718030183504598,0.0706248630513722,0.0505138357842271,0.0627845723602007,0.0207003022126816,0.0744886290133446,0.0723033622408082,0.0530414977481189,0.0654327368242289,0.027585251637942,0.0750370685463883,0.0739800964502577,0.0507723036250074,0.0667718254728789,0.0229556309237049,0.0722612006355415,0.0710705063396388,0.0506511623838815,0.0631159404497066
gumbel,200,805,1.33333333333333,0.25,33.4888481585763,57.6141587397124,51.7099814965424,44.5476197250209,49.9299263018071,17.6582734427091,29.6608118236247,26.7236868993973,23.1601422165766,25.8385726689606,32.04466226243,57.8659763889451,51.9915279139903,44.3100328194929,49.3673516030065,0.0846756140098426,0.142396935504426,0.125927855861132,0.115266089912417,0.119787777343363,0.0850195548869926,0.145952622623068,0.129673745100558,0.113679295636523,0.12565159759776,0.0778941252457771,0.138298829875828,0.125674704046868,0.107642171238907,0.115835302375458,0.0838210036279102,0.142679432271034,0.127127653061301,0.111060588890475,0.12197954157107,0.0827256221568743,0.142105725175707,0.127093358036732,0.108195256452387,0.12154272711733,-0.00985951225736498,0.0871138759855938,0.0896632126300915,0.0732373136095911,0.038769513128526,0.0832932805635208,0.143741927744796,0.128247814972914,0.111184353434444,0.123023965118941
gumbel,200,806,1.33333333333333,0.25,9.72337872776711,32.0301660809931,32.5526961042333,19.395734930523,23.3336943578099,5.83606510671937,16.9324729242176,17.1922287113546,10.6472515965843,12.6066329287763,8.00611307827259,31.8927337350623,33.0529668527217,19.0456452878127,22.2606523676938,0.0264507125794254,0.0799434375602933,0.0795934744121618,0.0524160761766622,0.061473462056675,0.0147677806603608,0.0768776075794876,0.0803078870270222,0.0426463548780726,0.0501414856408566,0.0185575608546594,0.0790853876899364,0.0829714699306982,0.046888945205604,0.0555180075355199,0.0212466529694913,0.0799501356963701,0.0813947453310524,0.0473522590499888,0.0567828506114763,0.0181266608874983,0.077784251524746,0.0797287119650295,0.0452344501053996,0.0542022539951546,0.0228203776933827,0.0818204492487236,0.08471866917664,0.0493135855710841,0.0593356201996331,0.0214082685783657,0.079409158588385,0.0813858466180049,0.04689446556405,0.0561219261969067
gumbel,200,807,1.33333333333333,0.25,-1.91986201408856,4.53621757640284,6.01624723352746,0.41121750729966,0.774348576358356,0.0425037894998828,3.25430826392307,3.99074985187392,1.20209418327687,1.38304917371401,-1.84857902476467,4.381215759165,6.03218452078712,0.401024212899153,0.385342548196107,-0.00124434098962685,0.0117969464649785,0.0122984309126095,0.00580194783109255,0.00336555507632717,-0.0034600202380023,0.00703655922022309,0.00839882306211933,-0.00193133539107454,0.000258636450243441,-0.00184310538653933,0.0115191915066744,0.0150393231934403,0.0013374783688548,0.00227267705530042,-0.00500581670056994,0.012197340252501,0.0155292528696021,0.00148059487243404,0.00192882613137081,-0.00465526649326922,0.00875026177867961,0.0112943842591361,7.16201862446386e-05,-0.00156017438838115,-7.60694418437012e-05,0.0159279549615757,0.0199342033566736,0.00517634914779358,0.00687755533411359,-0.00528392501046857,0.010405665626449,0.0138158341410456,0.000444763945045216,0.000646569375767093
gumbel,200,808,1.33333333333333,0.25,14.5948742886429,44.9730504611713,45.976781554099,28.3797261651888,30.9522181544348,8.25991349074745,23.3719500298065,23.8711530198279,15.1170451624055,16.3975799334234,11.9347977313693,44.3273087214483,46.124805973116,27.846671918686,28.862472238107,-0.0263308965815483,0.102125860565338,0.117250705828835,0.0565432084113317,0.0492452029356411,0.0344724050135764,0.111700355462543,0.114208056598672,0.0718079435696652,0.0721311529143389,0.0344099782971892,0.11172941334045,0.114424944418014,0.0710039952630572,0.0741689853432075,0.0311367075684058,0.109267262550618,0.112243143433573,0.0675322070736461,0.0712614033259299,0.0273556739225019,0.108525891201344,0.113877171364177,0.064446224916321,0.0701944511841625,0.0401172522598379,0.108793109630748,0.105441033985847,0.0702883902505134,0.0784024495287884,0.0333328074219621,0.111335425371827,0.113853607991144,0.0695008714681997,0.0742325813834456
gumbel,200,809,1.33333333333333,0.25,24.4470117064004,46.5221432554705,41.9359381266745,39.9082099414389,43.919560854937,13.1605504168001,24.1421613419585,21.860923551067,20.8516342519087,22.8473692804309,21.8003347516075,46.4547037842957,42.2773365284739,39.9880085621139,42.9478431099958,0.0596832007466118,0.108821541899454,0.0950619180132973,0.0973036485516497,0.104971153561265,0.0629317958396478,0.116644963558754,0.103653787756247,0.102660674081649,0.111929886210471,0.0614403769659433,0.115749734608557,0.103520806443112,0.100580049731941,0.109016211359527,0.060368071241514,0.117066674425535,0.104599736718966,0.100818569424494,0.11032766444775,0.0589366183592056,0.116363330441695,0.10445920431829,0.0989253883343511,0.108611940232043,0.0660934245473125,0.12119989556417,0.108967519130367,0.104358311902126,0.114293223465767,0.060119858783489,0.115942096911922,0.102942509306238,0.0998384428918698,0.109933774535769
gumbel,200,810,1.33333333333333,0.25,15.9261060722973,45.2997341761507,45.0056183275525,32.8697532181456,38.4953366813299,8.9209229336978,23.5336609123197,23.387390727472,17.3501166037411,20.1489413983816,14.0342106388298,45.2230797725412,45.5394714089943,32.8329927779788,37.3844727111,0.0439612032044235,0.116841282706397,0.115463435450748,0.0871462421574737,0.0998746831108316,0.03195791262978,0.112359519273983,0.110127431990907,0.0830432492360673,0.0952510203440374,0.0376317606961056,0.113760176960524,0.114060149240087,0.0813860686261856,0.0953150940876715,0.0388579438454812,0.112304453576349,0.111552351856059,0.080588416816922,0.0944935601082458,0.0413766580087345,0.11549106978318,0.114719248243266,0.0846033116433283,0.0974961552682436,0.0444147783552052,0.108940579439855,0.1024920687598,0.0832223761701187,0.0960390008034393,0.0404274956640223,0.115246810606762,0.114286921440998,0.0834041372592182,0.0975317885374473
gumbel,200,811,1.33333333333333,0.25,29.5850323454612,58.0388562066552,54.2354694656857,40.0286712086924,44.6472533475696,15.7168782042958,29.8722347268341,27.9800675866471,20.9121083168068,23.2115651116244,27.2344571111483,57.7053544845886,54.1821405473277,39.733073034764,42.2848222756174,0.0789465533108608,0.148273742708619,0.138862710916513,0.100933385835451,0.115328012875897,0.0721010063126566,0.146274534902409,0.135682248869236,0.101223991225343,0.111638900512891,0.0746995213837072,0.145597275037985,0.135627955472864,0.101233836963091,0.113180035479321,0.0735413841715737,0.144835826792521,0.134814997215863,0.100659432649539,0.108284564674402,0.0739224459015382,0.144272811321008,0.13480249420481,0.0997220991751938,0.108137163607092,0.078496923999674,0.149551244196379,0.139355208364967,0.103949327776032,0.11600609225389,0.0729849649002177,0.144590653987875,0.134787356983358,0.0998627016287616,0.108005467644116
gumbel,200,812,1.33333333333333,0.25,10.6629521936923,17.0359249508399,14.3512160643099,10.4342605936763,12.5610172469419,6.302556012806,9.47358492273824,8.13806659726537,6.18913525767908,7.24730938969773,9.7812303740819,16.6144533530774,13.971497969588,9.98930622136795,12.0511225266463,0.0195700685307432,0.0132704015952504,0.011133425755067,0.00655163127421862,0.000193534623238722,0.0268296554596849,0.0410746145315665,0.0339623936849146,0.0247252776104388,0.0314538088527818,0.024206426857889,0.0430375587859366,0.0372184294365865,0.0262265127771717,0.0308980138016529,0.0281885011531761,0.0418467305534719,0.0346914746030667,0.0255640337357348,0.0314897580378056,0.0255592704930189,0.0357776760093236,0.0275456731803386,0.0222250090618893,0.0259899267710085,0.0301663815282714,0.0460485847719595,0.0406717034994376,0.0266966623232904,0.0353423127568922,0.0259361238282888,0.0407737143939557,0.0340804411402123,0.0239560730565943,0.0292515505419118
gumbel,200,813,1.33333333333333,0.25,11.113070422512,41.2314017183585,43.0266129484368,29.0328458128636,28.0017719153296,6.52655070160937,21.5107454567592,22.4042854869176,15.4419034190842,14.9294929722265,9.61630921610528,40.4712997227285,42.7137410928147,28.5495736966038,26.4660823073422,0.032376286539605,0.0998372019744006,0.101130439899762,0.070198789954038,0.0683906951921289,0.0245434313978517,0.0970978701902514,0.101774252568322,0.0666885107477807,0.065396984143579,0.0293821021331141,0.10545278403137,0.108899107577755,0.0756226239562382,0.0712249093224581,0.0265853927348565,0.100916582201393,0.10368303672665,0.0722827460775094,0.0675712004402086,0.0300036943002359,0.103904804076369,0.105157472392325,0.0746289101250864,0.0721356495205605,0.032159289598481,0.106203587447247,0.108585795091102,0.0775457708753694,0.0744150923534496,0.0259741786046297,0.0996670972250289,0.103080895778626,0.0699164846530252,0.0655273246779463
gumbel,200,814,1.33333333333333,0.25,15.7194266430994,34.6405444046438,32.2803766315286,26.077220409529,32.5513511044292,8.81826383768871,18.2306303249863,17.056454566288,13.9707562005585,17.1916365180802,13.9934411184468,34.8930636563876,33.0104342825685,26.1159759986742,31.9135445081825,0.0346647760465368,0.0838394750443862,0.0788074327961638,0.0656001395687254,0.0768412517128387,0.0433492658691771,0.0897865118090399,0.0827374206757043,0.0682241220197537,0.0846023805044628,0.0408423991188028,0.0887070446836028,0.0822219913946405,0.0680911822714925,0.0840442653845324,0.0392635451710481,0.0883515593108731,0.08224015635054,0.0659671351164446,0.0822567453535287,0.0328669000842339,0.086428118103699,0.0807510909118398,0.0640375008491396,0.0789375125419576,0.0148381640961608,0.0784264452474036,0.0793675299643313,0.0544771984956486,0.0637302652376321,0.0383232370037698,0.087683192649459,0.0819183186545806,0.0655141972785512,0.081685952087064
gumbel,200,815,1.33333333333333,0.25,24.1925212075808,38.240960371235,31.0504802732095,39.184955968384,34.0459202791225,13.0342724546916,20.0228908621547,16.4456777493518,20.4925908352992,17.9369321168679,21.2017462283182,37.9528445855936,31.3368002150157,38.7755966982052,32.3247269770308,0.0490126989853536,0.100602051749896,0.0822272323021307,0.102957583887938,0.0870865896335479,0.061170560272412,0.0984322276832122,0.0786335577547933,0.101247370935681,0.0851108788816212,0.0619860207763933,0.098454106208217,0.0796019097000766,0.10181499509909,0.0851079394402431,0.0577696891360959,0.0938875950270613,0.0764983820615044,0.0956119557270354,0.0820073774745137,0.0542521612486103,0.0953599426133276,0.0784616148819054,0.0946328388170446,0.0814070472912788,0.0654472891106802,0.0988997652317141,0.0801298044722131,0.0999572319407963,0.0899943769401551,0.0586579851006685,0.0941527763248601,0.0760133643960416,0.096478805461418,0.0816703690429046
gumbel,200,816,1.33333333333333,0.25,14.6944132795151,34.6775573623201,32.3789416973095,24.0136203302158,27.7434363177093,8.30738884186175,18.2496463358319,17.1062818601056,12.9444997980697,14.8002954594059,13.6445483047631,34.4776457608608,32.5057121275279,23.8239289327151,26.948251747722,0.0417279207013976,0.0916847188780296,0.0858848868280203,0.0649003360842901,0.073781246465538,0.0391962172837204,0.0855618983114102,0.077293618060056,0.0615802360862596,0.068950861788864,0.0401969325189472,0.0873180731551591,0.0802378971056894,0.0613911857869502,0.0671988769438467,0.0377398590309905,0.086771260019439,0.080404920325041,0.059673935512243,0.0684608350482958,0.0371161523136781,0.0868207762515004,0.0801603858616222,0.0604395823765452,0.069331243300793,0.0406407996827038,0.0899935270958315,0.0840898188984655,0.0650007482900588,0.0709257945640257,0.037677476718015,0.0862222673646111,0.0800334962940236,0.0592556262349017,0.0678171515959014
gumbel,200,817,1.33333333333333,0.25,16.2604265846872,44.2152252070563,43.6283383767331,30.7144339012074,38.6825131830081,9.08659383328188,22.9939857409668,22.7021318686186,16.2776833586342,20.2417410344497,14.9957574628282,44.2991719900813,44.1788147497402,30.7822365911232,38.0199319701658,0.0383988247273299,0.112021015386477,0.11187290802218,0.0794009932426381,0.0961172909814171,0.0414075774410664,0.111798075008288,0.11116997473128,0.0750756340876491,0.0968378371421225,0.0392994054167947,0.11355351755742,0.112778860628263,0.0787265718299761,0.0976648662746406,0.0414138611750801,0.112168120690544,0.110829053164741,0.0773220724814151,0.0970403897300749,0.0440643295774508,0.114591164450522,0.112124037499539,0.0804837152579049,0.100674208514076,0.045627711135122,0.115511976817265,0.114008950108747,0.0807408037039255,0.100919050096682,0.0415549481592721,0.111548705638033,0.109847959519638,0.0770619163074157,0.0971654747362362
gumbel,200,818,1.33333333333333,0.25,28.5675859866999,52.6878121241144,47.0534597871472,44.0678849831463,48.1603119234067,15.2105083537256,27.2096440994944,24.4067182366886,22.9214418622509,24.9575416325217,25.513568309495,52.4597743011514,47.2554664715959,43.8847119674222,46.76249975614,0.0763687521741065,0.125747677981323,0.109089792547012,0.103705354354419,0.121479649108547,0.0672206804188237,0.13449559969045,0.119398569775199,0.110978032920945,0.120766523890172,0.069066281097664,0.132727008443814,0.117554810251006,0.110025532159014,0.120938232232343,0.0692162391525501,0.131844416469338,0.118639957952205,0.109162312456467,0.118623633421829,0.0661635723170511,0.131375668318245,0.117910579828982,0.109919549147726,0.119219592217577,0.071771977413798,0.129845938799058,0.117572862686235,0.106155844402045,0.118751330265213,0.0700397111168446,0.132054587737444,0.11746326782803,0.110316491117644,0.12032777794904
gumbel,200,819,1.33333333333333,0.25,12.3548003935936,37.114973122934,37.7147793385106,20.7874477913837,28.0229590144952,7.1437991052335,19.4621049329886,19.7607957268461,11.3390895587345,14.9390633108263,11.4293267752216,36.8677744898184,37.474119344864,20.8241547551423,27.3777183440526,-0.00580680230088824,0.0573550221370966,0.0731728518692621,-0.00415184937327524,0.0185741473455453,0.0303011923482848,0.096022642736003,0.0982262413844072,0.0548652935645892,0.0714772520598611,0.0345297462779066,0.0944070079719447,0.0938899668732866,0.0546934714230172,0.0731160103142398,0.0306711445059441,0.0922655662194098,0.0926900865662525,0.0512255477077848,0.0691267661691484,0.0328370873490675,0.0920857733799989,0.0921811644971433,0.0521256621751179,0.0705816441599809,0.035327531509846,0.0972013083496572,0.098694735601759,0.0549815893934477,0.0742977639566599,0.0305497085779287,0.0936254931624827,0.0944426049530396,0.0526497162526551,0.0703225642354692
gumbel,200,820,1.33333333333333,0.25,15.8516449886729,39.6218121245932,38.3226883286669,28.6451428578415,33.1766676797639,8.88378050774599,20.7092628792081,20.0631737077414,15.248527725945,17.5030519054719,14.4443958340372,39.5394965125721,38.6723872302075,28.5196738576825,32.432936622092,0.0417460466127773,0.103336438072406,0.0932966222584837,0.074386750646591,0.087076730364669,0.0384422123429435,0.0912519787626137,0.0858801754871613,0.0655390491542455,0.0773508424323109,0.0370510725291298,0.0954012704143346,0.0914960296021486,0.0706793240447152,0.0802727947488151,0.0395502409799067,0.0998352949914325,0.096479355239171,0.0721594251902057,0.0833386594460164,0.0410281683490074,0.100313481753264,0.0967039500321079,0.072154589667001,0.0850124755376023,0.0422616054478111,0.102426135856717,0.0970689139864188,0.0752813447009511,0.0866247097980307,0.0393136489927775,0.0990421144403651,0.0953697220041809,0.0714267230198415,0.0823528072048175
gumbel,200,821,1.33333333333333,0.25,10.2122520202147,22.8961367111713,21.6423412439124,15.1815638069779,20.6166517029116,6.07769251995271,12.3881708437673,11.7646057368011,8.5503704141391,11.2541447925951,10.0550955181043,23.1272638683822,22.013120622877,15.0913445036754,20.7173226465935,0.0278987818407957,0.0618385833652529,0.0590496683548823,0.0427124501335375,0.0558469530302963,0.0143933043715326,0.0569448900642612,0.0567317277979639,0.0345050727469727,0.0452378283400402,0.024424567375193,0.0577612386645667,0.0552856936028568,0.0353952105650431,0.0508438507460264,0.0262854294892307,0.0569258617677768,0.0536884906266849,0.0370533321998658,0.0505027110165648,0.0242391218192148,0.0565386972915074,0.053538468052796,0.0359244110275144,0.0498110109913067,0.0298180035155785,0.0621887439330355,0.0590633006529381,0.0429161834008208,0.0563239079621712,0.0255705910984313,0.0570305721100973,0.0534906658568982,0.0372152748146192,0.051250924119645
gumbel,200,822,1.33333333333333,0.25,5.57385056216191,19.3755447464888,18.2906042765632,17.9638713077691,18.4100991326693,3.76974726891027,10.6364710056201,10.0972016213725,9.93407667573305,10.1561813255233,5.35786391540381,19.575998884294,18.652524418703,18.2688307549243,18.3229169708237,0.014731288063023,0.0457412748959048,0.0431008397792446,0.0449277680106639,0.0444791625813303,0.0144368607372301,0.050269448722415,0.0483837353277795,0.0452246962363392,0.0453158613003544,0.0149702473721259,0.047056631663797,0.0412375724115352,0.046261726217947,0.0455435216901648,0.0158122232138837,0.0490599466915643,0.0457492677409054,0.0454300758048217,0.0462896939473866,0.0102086418629147,0.0484177644852162,0.0465450621713599,0.0428265494115622,0.0438663262261188,0.0171423756864418,0.0479925092235781,0.0458047253594008,0.0428356072493753,0.0478355420480334,0.0156133355791504,0.0488750161213493,0.044825516821299,0.0458430411103905,0.046440680963942
gumbel,200,823,1.33333333333333,0.25,30.1688944774693,53.8782661135023,49.1697151729069,42.1645312181296,47.867448078558,16.006889060591,27.8021354629571,25.4598130050594,21.9747008250921,24.8121081066997,29.0689461075214,54.1867608894542,49.5202881438921,41.8471577763378,47.5533153218427,0.0609427799161072,0.139662013205453,0.124341849355535,0.109446035713395,0.121597435414328,0.0755745888693637,0.133789906330136,0.121044535060271,0.10456661057444,0.11832548015197,0.0755354099523243,0.137377543488197,0.125935727970371,0.10720752895124,0.120885437265886,0.0762886242466878,0.135050146866433,0.121909982656406,0.106512889074378,0.119691196102651,0.0777662451245328,0.134645228734485,0.120484926631574,0.107229592087307,0.120667105405221,0.0780943894581804,0.137828195672986,0.123862030999975,0.107483851509287,0.12213184470614,0.0746804487406459,0.133601664437403,0.120943860822842,0.104444397850444,0.118129800600868
gumbel,200,824,1.33333333333333,0.25,12.5080319453385,29.6409130830126,27.1897497139581,26.1737510363441,25.9926448625469,7.22011505700636,15.7440507542788,14.5251174835966,14.0190384673928,13.9289931286147,11.2365152941715,29.3858406507301,27.1357757380553,26.0511683820305,25.3876204861026,0.0319837257095578,0.0790980516804618,0.0707361390638843,0.0690978694046559,0.0682464388045322,0.0344824182848954,0.0731983302079166,0.0665683591662019,0.0632924377897058,0.0644595725369723,0.0328388562702626,0.0751486643761417,0.0671844241613135,0.0666359816878818,0.0667279354626508,0.0323159076546316,0.0739738858481778,0.0669591210833639,0.0662168905543837,0.0650999558471403,0.0347830357993792,0.0745638501008805,0.0640366155366048,0.0684303577202471,0.0677655409580552,0.0349464365655408,0.0789050188072881,0.0727491312776194,0.0700486338781708,0.0698581804748436,0.0312470440491186,0.0740951937315669,0.067080790757367,0.0653700694797334,0.0648616911750833
gumbel,200,825,1.33333333333333,0.25,1.30051837797405,18.6365659127705,20.0499450760455,10.8976041725627,11.3836887042684,1.64577046357678,10.2690263443578,10.9720127746028,6.41924402647278,6.66148879313871,-0.00873444598429085,18.4083267231545,20.4136458304103,10.7390453895223,10.2552972325171,-0.00644399107373897,0.0471363693429197,0.0533984496433276,0.0211092096116914,0.0275234665957516,0.00718297230123868,0.0497282558907568,0.0537460195066384,0.0296375795200262,0.030580340362779,0.000200804344351093,0.0450581932090066,0.0486875863668447,0.0256372052343383,0.0266564100955492,-0.00188521645925039,0.0448781864188931,0.0489046747536802,0.0258764405472653,0.0253377954234363,0.00105580660910337,0.0484638877614452,0.0524016809498369,0.0284467694791654,0.0282932961859061,0.00684946947952822,0.0505753495992355,0.0544883822384442,0.0319153846437229,0.0310234626299617,0.0015704941088151,0.0473911336702697,0.0513035471237464,0.0275601566312983,0.0277917827131728
gumbel,200,826,1.33333333333333,0.25,32.8899403942252,40.4691679530609,31.5829728506147,33.8389531448579,39.3692676532403,17.3601257585712,21.1312480303551,16.7105588607522,17.8326461662347,20.584330742813,31.3876344856339,40.7519739872973,31.6662616881283,33.6257280999554,39.2579231291953,0.0671202058851453,0.0925213354817925,0.0749335823901421,0.0743669302377649,0.0815543572942179,0.0781556584803629,0.104384010272986,0.0796555664373625,0.0882768737009424,0.100160189469681,0.0838595753181207,0.102596589397547,0.0800967848656658,0.0848023066863358,0.0996581984723727,0.0823795360590939,0.0988284734037271,0.0762609841471822,0.0828631361711823,0.094679498194419,0.0825067584649059,0.103512284726485,0.0806573079899578,0.0869063554773211,0.0998287186825399,0.0392301273044135,0.0955113662240431,0.083875437533828,0.0543574448717384,0.0669149364493179,0.0825088930931789,0.100686424331188,0.077835177630913,0.0845318956547275,0.0973487951660192
gumbel,200,827,1.33333333333333,0.25,21.2125889598341,47.4372059887565,45.8788340864027,29.5732789352029,37.1487724498481,11.5509019838366,24.5977152835637,23.822611871046,15.7104501166298,19.4798955505816,19.4208858826002,47.1850803285269,45.9082735536239,29.2907555210787,35.9820205275186,0.0486296224957306,0.116370396976883,0.11515319485192,0.0674738212430811,0.0895774547571296,0.0528230331863407,0.116857085472975,0.112633858309684,0.0721933501705464,0.0912086427618405,0.0538302379544917,0.117959042386757,0.114196326753762,0.074241739450269,0.0921507258547554,0.0511910428117203,0.1177912123358,0.114389209672057,0.0716941735035559,0.0898999407555658,0.0532639274598787,0.116736400096381,0.113283191381785,0.0709327175929,0.0908703676359617,0.0518465349958639,0.120665949680945,0.11779968223285,0.0771385573081353,0.0975453043490664,0.0531249543797438,0.118381442107905,0.114066914583785,0.0732881860476219,0.091414619420265
gumbel,200,828,1.33333333333333,0.25,17.679788035605,37.8901707267206,34.7494841003067,31.8276357774178,32.2264419246414,9.79466186465704,19.8479671841166,18.2855319774606,16.8320361340956,17.0309249915552,14.8466165915035,37.6077368166789,35.1467751741359,31.5632800236538,30.6487514186861,0.048816609194025,0.0995835583731225,0.0917625409332294,0.084529951187559,0.0840261581001901,0.0452069467329643,0.0955949003174258,0.0864732234520533,0.0781691473940409,0.0784921465143076,0.0418167790354739,0.0935394815423749,0.0853733587311079,0.0769258079811449,0.0771027677516395,0.0440664522893391,0.0949220575075734,0.0861642206732055,0.0794945209697502,0.0801039582356032,0.0436369756158046,0.0898398400310275,0.0790202939017561,0.0782032214153117,0.0789155899685672,0.0414829068306075,0.0521476706794184,0.033715770705231,0.0520782704926628,0.0520520310063997,0.0412118667038807,0.0943374336370143,0.086309082865923,0.0790093715417766,0.0789585011480538
gumbel,200,829,1.33333333333333,0.25,25.6494231880586,50.9370743956122,46.9687235459571,40.6554741280144,48.0169686982106,13.7583828378531,26.3382461390916,24.3640539829416,21.2235257361025,24.8858543890649,23.5353652911399,51.2302384076977,47.7317737250597,40.6106510926887,47.3264656481091,0.0199812914801991,0.0775634826223437,0.0821117421051919,0.0418889966344006,0.0405529733019378,0.0625061407799403,0.12630352144401,0.116586112374376,0.0994296250855928,0.11755711327408,0.0584326868057269,0.129066375864551,0.120326631235772,0.101310870612316,0.119156676303811,0.0594502305548689,0.127750062884147,0.11872029639352,0.10050391454885,0.118683915394841,0.0660159144601722,0.130459576567829,0.120176161602031,0.103623126048278,0.122226612958727,0.0671777793014841,0.130374223483721,0.121176932788698,0.102493282492955,0.119258790355005,0.0631720821592937,0.127884912287095,0.11790421431133,0.101356888588882,0.119814422453203
gumbel,200,830,1.33333333333333,0.25,18.5763465002615,48.7683843730494,47.7456816942447,36.6929373119822,41.9479994663977,10.2396389522344,25.2592367919857,24.7502646193526,19.2523408973177,21.8670059733188,16.5015513239379,48.9387748019254,48.8062298148358,36.5178594090881,40.5440940818821,0.0379535055219467,0.125517747724378,0.124327036321046,0.0921578428321202,0.102716500568955,0.0250510481231388,0.103459039563557,0.106157678092621,0.0669642977232622,0.0731931421556576,0.044915656314544,0.123571353936247,0.121954633060196,0.091310745495338,0.103128629877295,0.0455321322504861,0.121855194484979,0.119327375448448,0.09128626312669,0.103449991845401,0.0463460782537254,0.124197758702567,0.121461368609952,0.0930383317210192,0.104882013001863,0.0278314186032782,0.0992114023902981,0.0995721775735114,0.0662103092856603,0.0819889457447493,0.0456060024722924,0.1230451598234,0.121099623131558,0.0912545724775168,0.103974100927185
gumbel,200,831,1.33333333333333,0.25,26.1619139330213,47.6196590841565,42.6090175733113,39.3962483621595,43.9612361765399,14.0130781318169,24.688270317313,22.1956374641186,20.5974519042409,22.8685457731287,24.3090513666423,47.7767556953916,43.1824203223058,39.0825404032476,43.389569215297,0.0580988032560299,0.123137399677331,0.10444593552305,0.103230851713542,0.114648058921434,0.0603224740434278,0.110497820877902,0.100197844591129,0.0866100510680066,0.09832626714378,0.0609399335775122,0.112197696240906,0.101612023900955,0.0889501196533978,0.101607132968025,0.0653753176746492,0.119332526133939,0.105919739174057,0.0979560596828631,0.109801602642753,0.0645990609324826,0.117405297910818,0.104643274726753,0.0948631212396372,0.107302740231429,0.0538088583753451,0.105444377867964,0.0920529752587936,0.0913193696412709,0.0891835045890239,0.0655009087527121,0.119346653850905,0.106562481570758,0.0979720692004843,0.109128583414288
gumbel,200,832,1.33333333333333,0.25,8.91206386435839,39.3291901858914,41.948993311188,24.901618375875,26.6741772027013,5.43137046006963,20.5638044376713,21.8673608431187,13.3860440998559,14.2690982909518,7.63715742913492,38.8413161680139,41.9383243816834,24.8097433532785,24.7620139897032,0.0218447927218522,0.103321656856292,0.109655301115292,0.0672483360769792,0.0673122415571467,0.00699773452553611,0.095737265221242,0.105106240746303,0.0537358516626313,0.0582426263424032,0.0244360442415431,0.100604991232325,0.106667511810121,0.0641459338613534,0.0675188956400434,0.019904277428397,0.0984704299063764,0.104749806682625,0.0622175704657349,0.0629121819661472,0.0217836397971891,0.0981125436418683,0.104098051363416,0.062800770279411,0.0653371112709402,0.0261347259825138,0.102863009720765,0.109071243765386,0.066544352513176,0.0690529870142711,0.0224907630187135,0.0983435614352635,0.104417600947196,0.0626255779242828,0.0643179954198787
gumbel,200,833,1.33333333333333,0.25,23.9796826396671,30.302348747272,23.7840185168488,26.7997336424496,31.2685982590143,12.9275510777135,16.0728976720619,12.8299283751221,14.3307027023433,16.5539471820296,24.1106446323673,30.9444888238445,24.3950214202485,26.5125897203946,31.5912476460895,0.0583883643557342,0.0761289032443219,0.0626988733537394,0.0662495784244586,0.0771962790037739,0.0588873747735425,0.0797002724021883,0.0633873151227938,0.0667483022059861,0.0786355535179154,0.0524102613237565,0.0729389671412852,0.0586276483035084,0.0620766287612249,0.0714734092837859,0.0592511916138011,0.0752467545040259,0.0592495841198201,0.0657235794709563,0.0776074308662698,0.0595699859182274,0.0774488716736065,0.0608844562430294,0.0675065005167413,0.0794183523865282,0.064661679312336,0.0804195936618801,0.0640886581319542,0.0719800431165378,0.0831645669825351,0.058835588917885,0.0763809416414375,0.060431960921453,0.0670380440532358,0.0777924177782606
gumbel,200,834,1.33333333333333,0.25,16.5035668883549,35.8409730659689,34.0278100444256,23.4146097531794,28.9235827181172,9.20838614667409,18.8286045395933,17.9266741133272,12.6466838576013,15.3873990808879,15.0317419494682,35.6647344279358,34.2528353926411,23.0380571673105,28.1971694514732,0.0402741263207924,0.0946020337892542,0.0884768422861018,0.0579363501708124,0.0764543039866502,0.0369568072877894,0.0768867674828325,0.0690749137495954,0.0504425916316442,0.0626315551213033,0.0407688551153065,0.0836092728287082,0.0767670693303538,0.0504055221680922,0.0671414549106612,0.041074705190767,0.0895277019345326,0.0849043247249725,0.0584318813958509,0.072149709767516,0.0384303074650952,0.0848875628029083,0.0807570615382428,0.0542544520077698,0.0668042154480587,0.0295728522709837,0.0945363696972644,0.0886065013712115,0.0611573713649671,0.0760805984361881,0.0400047350293861,0.0877813171581933,0.0827904254044279,0.0564974412857906,0.0700625682799929
gumbel,200,835,1.33333333333333,0.25,4.45109283804026,20.115841643931,19.7531420709197,14.9801370466841,13.2013340724992,3.21242589284111,11.0055425027286,10.8253647232098,8.45044386887716,7.56581342879343,3.3575040256197,19.6143401565714,19.616641387237,14.7377234515579,12.2637577804359,0.0143303289071286,0.0552346841567381,0.0543673829771164,0.0424407027619549,0.0376377716263421,0.00961000806708337,0.0507147416324325,0.0505862420565253,0.0382988608735147,0.0332459263692728,0.0122606497218833,0.0537399550935558,0.0530731111892737,0.039790574555211,0.0355023575851213,0.0101052019671459,0.0503843829992132,0.0488880012813011,0.0377850097831185,0.0325603516958312,0.00133205670383455,0.0435005891069826,0.0449418653886978,0.0285768559177782,0.0224436621077739,-0.00206028919302816,0.0524662840963476,0.0529552872892388,0.0417506726930343,0.0330403308025478,0.0098105338362133,0.0478061628171018,0.0459056804906977,0.036049248950115,0.0304790442543086
gumbel,200,836,1.33333333333333,0.25,-0.414877371337728,22.3554647595249,26.3281131063574,11.8800167461921,12.1370797340058,0.791334860497979,12.1190421280972,14.095318542239,6.90788617836452,7.03624968465208,-0.788379682076624,22.1292512873492,26.8772322174587,11.7890586582906,11.0522040926742,-0.0316000413936784,0.0603932911837621,0.0696929274796196,0.0195671038300782,0.0314920696938251,-0.00701561624609192,0.0514760936487305,0.061922993945632,0.0263441418635524,0.0209601164067587,-0.00350311080586635,0.0519441652142669,0.0627874812817557,0.0265145666550197,0.0242177338276112,-0.00428991262221184,0.0554386067074254,0.0662471085653779,0.0275066997273368,0.0264844124717628,-0.00480325550728739,0.0525824155063781,0.0638062059505836,0.0234473540042905,0.0238909179420437,0.00395786440167467,0.0576090124284492,0.0669323091604732,0.0285777360600424,0.0337675158882059,-0.00152797019963611,0.0561199125425818,0.0659924433540379,0.0293164797499646,0.0292114427422463
gumbel,200,837,1.33333333333333,0.25,19.9198315973876,37.7526693031336,33.0527761614024,36.2526124801639,36.2310936948842,10.9081213024782,19.779375908386,17.4414132438681,19.0332827330955,19.0227029620184,17.7989645588403,37.8103145639766,33.6890489510533,36.1323238208754,35.255912369763,0.0289103873488109,0.0659464517638715,0.0514654056836927,0.0774773601627319,0.0603062395824463,0.0410224137348717,0.0850149482363633,0.0722292084649044,0.0778339122270346,0.0790197269095784,0.0474227995764433,0.0938229115099204,0.0810011383453498,0.0905580831201606,0.0884661271709501,0.0499978727564974,0.0947272762610857,0.0820859252372551,0.0902400608025428,0.0907507450855193,0.0508793681610877,0.0947619712354636,0.0819540303264788,0.0897305494014447,0.0916159231689074,0.0546853761464825,0.0988901297434687,0.0874914902856019,0.0893261843099054,0.0945763948407521,0.0501608518936613,0.0951395541533396,0.0826215780462671,0.0911769606270319,0.0910020340966127
gumbel,200,838,1.33333333333333,0.25,28.795181213483,61.7826074676843,58.8632627807128,46.9414178122245,51.6727718958256,15.3245317299323,31.7343895131787,30.2819006095627,24.3513729142291,26.7056230120115,25.5422927282848,61.5881362390511,59.3496657299446,46.4601380392786,49.7484201181876,0.0769857636532588,0.156374742027724,0.145245888024454,0.122045940482381,0.134181322264147,0.071998845847,0.155709673402255,0.146157214221565,0.118488528252523,0.131228802374961,0.0683893418089196,0.154823558673392,0.147303965323482,0.115972641215965,0.126488233299406,0.0722957216357454,0.155423953754337,0.147408364788375,0.11847855332082,0.12993710735939,0.068569565429826,0.152757445814027,0.146373055629785,0.114476594179549,0.12477173967664,0.0749711019984979,0.153696708349012,0.136798101875442,0.120559438459032,0.131021458554177,0.069234877384757,0.154803487034118,0.147575197452585,0.116569405029449,0.127784834056838
gumbel,200,839,1.33333333333333,0.25,25.8465301059414,37.1784875527335,30.224007160909,36.2596745457816,34.5710896679304,13.8565417444751,19.4944053717541,16.0346854440218,19.0374366600503,18.1975986036346,24.4420469689321,37.3226229158673,30.6719096873015,35.6943036773319,34.1602474663272,0.0354910774342763,0.0979454658505818,0.0770177604786733,0.0927134631708563,0.0886460673113542,0.0643741291014815,0.0798708975608915,0.058627142480669,0.085683622586273,0.0754542653660717,0.0637409065373253,0.0951088040844188,0.0774202307707107,0.0911171233121174,0.0870907775249689,0.0635648708732104,0.0924224465972805,0.0747901570407567,0.0890805969384113,0.0852698588689828,0.0659526225323433,0.0923328569776441,0.0727340600081868,0.0923468608079154,0.0858416680578551,0.0682623239981019,0.0662329733983592,0.0363929245647216,0.0757693888072387,0.0616211768508606,0.0633523659340002,0.0913973537406214,0.0739889341089659,0.0887628740342362,0.0838995133836083
gumbel,200,840,1.33333333333333,0.25,27.8616299190755,63.3101363700683,60.0995239073695,48.9861348509936,50.6255296584194,14.8592897684012,32.4943965074981,30.8971420815363,25.3683134903335,26.1852448228099,24.6596419768402,62.8080456912116,60.2688628592633,48.7347331614045,48.0334086149896,0.0710960414527645,0.163129742765135,0.154589941605269,0.12715401271907,0.131515224279601,0.0684634897643544,0.157252190476824,0.147724564305222,0.121408327867265,0.11724491491784,0.0683685196032618,0.154504319260764,0.145326620481264,0.120117880584795,0.12105866435994,0.0644055487761714,0.155951878531522,0.148728119221281,0.119975822732856,0.120648804265743,0.0657061972953687,0.157529775707105,0.150466468276257,0.120262944424413,0.124827885309367,0.0746414723770714,0.159104755890917,0.147639341618065,0.123947198490936,0.128749070982526,0.0686857094513897,0.157559039851623,0.149189884015379,0.121698259915362,0.123652168784082
gumbel,200,841,1.33333333333333,0.25,10.1465784068271,44.7279763445271,47.4500405774722,32.4234489953587,35.1052964156328,6.04565554837763,23.2492522535764,24.603628327218,17.1280492820423,18.4623337726013,8.45622607235887,44.3672129479881,47.9185856604299,32.4005798358349,33.7441465957024,0.0271605630846091,0.115476015246145,0.118548891978946,0.084227827145551,0.0926850858277642,0.0294351483229623,0.115585106765673,0.122144444364002,0.0849503174987612,0.0914685120034256,0.0237939590677864,0.113887892027813,0.120185628483713,0.0816506187997884,0.0888001569577562,0.0259721111625864,0.11336392251694,0.119011988691594,0.0820172313148158,0.0893553830406911,0.0211410180348876,0.111932471821649,0.118858886005241,0.0797138486767455,0.0848422331710136,0.0298402117251394,0.109606071328068,0.116797887849555,0.0777432166179998,0.0888023549874873,0.0238872465576015,0.111289931777639,0.117823879595183,0.0797452964204892,0.0865096903189207
gumbel,200,842,1.33333333333333,0.25,17.5264237097881,31.2354633304986,26.964845290981,29.6530689671833,31.6556735733737,9.71649261007606,16.5370641233209,14.4130299612034,15.7495929003139,16.7460097561954,16.6803770662374,31.5490979120868,27.3540353331521,29.823690179745,31.6915368008997,0.0379920295285102,0.0736002417899237,0.0617509798442337,0.071136330339215,0.065132917645136,0.0465107213791123,0.0777051009112088,0.0614025958042455,0.0769379137610757,0.0820737866076306,0.0453444130855846,0.0784726361470111,0.0665594524020369,0.0758728597566429,0.0803085099250972,0.0445926163198709,0.0759683108786196,0.0641825567319095,0.0725355566657132,0.0775765327899156,0.0461605165643615,0.0802858871765431,0.0687052702114743,0.0768174586227599,0.0811970853517864,0.0436647167624621,0.0820525928832516,0.0665396373302841,0.0791146381768237,0.0838606888490974,0.0447470911767358,0.0778001562668117,0.0661567680890632,0.0739757620101552,0.0789290726292043
gumbel,200,843,1.33333333333333,0.25,11.3640895938547,59.1488721591689,66.4339426986258,35.497562881872,38.5330329825102,6.65171353928058,30.4240189269857,34.0482749708209,18.6576786389211,20.1689575031022,9.29004639755915,58.3147825724979,66.7025836404396,35.2552381349633,35.9923304967144,0.0302101095545063,0.150350087372583,0.170234437529466,0.0879205431440261,0.098933006092381,0.0315549504135778,0.152049385721423,0.169836880728946,0.0916986384965275,0.0995466951627852,0.0277293414768582,0.149077430819199,0.167512931961063,0.0889833043201221,0.0935065068668393,0.0272184966915743,0.147294216056509,0.165431029746974,0.0874893213431821,0.0927224239613286,0.024697323761628,0.145584067825141,0.165207449211586,0.0855460015631633,0.0891391120239781,0.0010977614230317,0.14431000046562,0.168092125777644,0.0860782617026512,0.0690074008804224,0.0273403616418754,0.147702326916397,0.166042045156619,0.0882881583312917,0.0937270564903257
gumbel,200,844,1.33333333333333,0.25,21.1639831320644,33.2967709781742,27.3263464376255,34.590124632841,33.5206764096925,11.5277122647031,17.5626397852015,14.5924896725757,18.2062747695392,17.6745074266704,18.2290020483192,33.3008446815062,27.9365922314547,34.4150406239661,32.1910815017016,0.0442791468964442,0.0816052153183004,0.0699186148799034,0.077263062166693,0.0799647858968576,0.0493178246659732,0.0809046025013938,0.0656103904985866,0.0845030343657259,0.0808085660715519,0.0500790248278996,0.0817108230539641,0.0678646712023739,0.0836916191021176,0.0814372460563544,0.0481051686336424,0.081546116979475,0.0668202955165484,0.0842658636637008,0.080838783605053,0.0485995678452444,0.082215011279253,0.0672562218825247,0.0841906507719453,0.0817327892043293,0.0522779979755849,0.0845245848313328,0.0702683961940966,0.089790756648841,0.0844684481285493,0.0512723716160054,0.0830855351012737,0.0673342727046222,0.0862672969195797,0.0832664303869956
gumbel,200,845,1.33333333333333,0.25,11.5059412954075,35.8184262737262,36.6509540373875,19.16028760015,24.0447410470633,6.72201011474032,18.8175390276252,19.2317429471466,10.5303453213991,12.9605802564656,10.2657126784929,35.3106426282023,36.5215476804231,18.6586745676639,22.9416827773504,0.033128159814043,0.0924244573847869,0.0926695381373187,0.0500314245749556,0.0632438409192743,0.0326045901714237,0.0870175630816951,0.0869991282389673,0.0471974702737372,0.0590119165785211,0.0274218437684955,0.0887910576445263,0.0914185685858114,0.0453011184683123,0.0563553921401133,0.0270827497665029,0.0907913867480461,0.0935391772623169,0.0479234150411156,0.0594173446563807,0.020612692017462,0.0840188808904289,0.087831089437693,0.0400629410057459,0.0507187292623775,0.0330967039630399,0.09341020894656,0.095784473493456,0.0524308165258073,0.0650557705137325,0.02820379893445,0.0888772976601991,0.0908562443148176,0.0466870116219388,0.0585435613187558
gumbel,200,846,1.33333333333333,0.25,11.1879812132627,21.0050474208727,17.6520536633898,18.9199493701043,18.7671969929221,6.564465211848,11.4476183422473,9.77963455827321,10.410199579493,10.3348253786075,9.2285952964787,20.8563513731999,17.8748516487478,18.878753721804,17.6117226130177,0.00440962869561165,0.0575052365198395,0.0456047181598119,0.0517448465138694,0.0472353332196573,0.018447580551527,0.0471281626657767,0.0413284692301001,0.0380292163402013,0.0378113867865798,0.0292186033350399,0.0528525791361159,0.0429823546756397,0.0478798304603385,0.0485372447590506,0.0219473726476845,0.0496938630590094,0.0406430343813673,0.0450713801931393,0.0422528496412054,0.0250868406933424,0.0518095966753697,0.0436296820918576,0.0464371782792875,0.0443705803267794,0.014121687060648,0.0533426057818811,0.0468489582460105,0.0484877882300559,0.0463922582184558,0.0260621695655769,0.0521416643210018,0.0433460894945082,0.0471457800044781,0.0454948744968826
gumbel,200,847,1.33333333333333,0.25,2.33314198734227,19.340299380033,20.2608690467852,15.3370371291354,15.6004412637606,2.15781466600011,10.6190149775192,11.077397167544,8.62749599860997,8.75837635793213,2.06134201656321,19.2795601670902,20.6214269800791,15.4300493374653,15.2619829600069,0.000433747535939255,0.047277649791797,0.0512859577720188,0.0340153112363826,0.039555520363509,0.00648409043840428,0.0511316855405979,0.0499696249796197,0.0416125336871061,0.0420329974078793,0.00733365548165937,0.049111465881782,0.0507554530341457,0.0404875308750071,0.0406335407966497,0.00750223412510037,0.0505276492799125,0.052500947471834,0.039493605542926,0.0409848183377161,0.00528644972813068,0.0455126000953473,0.0459083193623064,0.0363325967236155,0.0373956230914983,0.00973317749867971,0.0391428382654514,0.0331344438320186,0.0392099548222933,0.0417602224287243,0.00660061040432809,0.0486064405404635,0.0499129178632605,0.0384612506865745,0.0396925882150979
gumbel,200,848,1.33333333333333,0.25,5.07196699348566,43.1084816940106,49.9440016092547,25.5268286698335,26.9774705469577,3.5219270057921,22.4439538264966,25.844663526693,13.6972634944966,14.4195645728257,3.21495879716663,42.3776110124964,50.1952514932977,25.3006060235456,24.8744473403212,-0.0117265271287534,0.0705655164887619,0.0884996986990011,0.0234040166564953,0.0170977665282452,0.000855392353849976,0.0960054590004137,0.113519404754418,0.0515827577157101,0.0540380179198663,0.0123765329945526,0.110710283414373,0.127353329811213,0.0669430855815228,0.0683074119105318,0.0117042269129151,0.109168254916914,0.125726253842485,0.0650580419196797,0.0677627827657174,0.00943858588197845,0.105282431500914,0.1225482183447,0.0623225717572161,0.0630455141183478,0.0140065098601259,0.112629583319078,0.129536146282755,0.0681920836776125,0.0720746670388899,0.0106389507038264,0.108016144003669,0.125107056424625,0.0635655248478774,0.0659152356228785
gumbel,200,849,1.33333333333333,0.25,9.9733003090872,21.8186103474491,18.5324982482414,22.1531448309272,20.0523028176768,5.95952503249708,11.8521806848129,10.2173147091626,12.0189867706002,10.9740464479205,8.69508542871907,21.8522670036141,19.0375203306649,21.9378556469168,19.3303899456421,-0.0558220467551855,0.0554710932208364,0.0504110136050477,0.0398165671150435,0.0160625990695183,0.0274239150865171,0.0591128594713366,0.0496943864546311,0.0597426251949711,0.0541236375932136,0.0207283229521248,0.053515670064687,0.0469003477325813,0.051195845524404,0.045699021397196,0.0201695214457289,0.0536064258899495,0.0456656662763928,0.0539814102134977,0.0458030838550821,0.025538601411575,0.0560725891701261,0.0478582024273802,0.0559095474539163,0.051231866347642,0.0195437353415765,0.0549355959599244,0.050375426834472,0.0461899435418316,0.043002205697754,0.0243265639134816,0.0541994762127129,0.0460006647214704,0.0545528775526918,0.0483583254638149
gumbel,200,850,1.33333333333333,0.25,22.3024638763999,32.0886321256144,26.03564416371,28.8665763065575,28.9465484272171,12.0939404115816,16.9622072134972,13.9509381871476,15.3592793414334,15.3992106875911,20.7061909519865,32.0237632250873,26.1181011782927,28.383360306319,28.4433125771711,0.0588640892248723,0.073054315447348,0.0555128419273821,0.0532932577119946,0.0600713354040212,0.0571834660607671,0.0799865798437178,0.0648349862562351,0.0703671766636547,0.0728066759205675,0.0534834201524722,0.0798048830467044,0.0652337836232694,0.0715985655039488,0.0711295980338934,0.0532639531139629,0.0781409040588209,0.0631316835870832,0.0700306773389158,0.0699178731136221,0.0594280685556149,0.0807599999700111,0.0640411421792669,0.0735574457867899,0.0746117377763626,0.0607369812779936,0.0847157170735107,0.068982366138171,0.0770086663566032,0.077291224419326,0.0534844983516629,0.0792031181169686,0.0640249590651186,0.0710476207424372,0.0709607691270265
gumbel,200,851,1.33333333333333,0.25,40.1060992937069,90.5171623516502,89.1217870635722,67.0616013048838,69.2433977686601,20.9511292698283,46.0306219099858,45.336566202925,34.3615584054457,35.4476868403927,36.9278913091969,89.865222359089,88.8002885419774,66.2717617592421,67.4253834825681,0.104909168620001,0.227081529867605,0.213861713142086,0.172167850232389,0.173173017736018,0.101226412266,0.226647532328254,0.221272656520364,0.170093718020502,0.173378599121768,0.0949593766909011,0.218543956587032,0.214693681594932,0.16017897436395,0.162685512642346,0.0992549569778711,0.225013469316098,0.22158846636414,0.166006067648732,0.170451886906618,0.100580311693416,0.227510234163418,0.221801364124197,0.169501980887898,0.17364251322503,0.105163172952566,0.231270554195051,0.226504861807589,0.172375693105501,0.177827063445678,0.0970541800105016,0.222251072849154,0.21898748901928,0.16365924416399,0.166807202677474
gumbel,200,852,1.33333333333333,0.25,2.79216386184855,20.2662486466097,22.5071200240142,6.93489121716603,11.3904468888513,2.3870223823072,11.0799734343651,12.1947431114301,4.44796597402385,6.6647345646427,2.06370310805829,19.9411370416747,22.5496034190624,6.61696615561745,10.5349615635551,0.00572204164208587,0.0554476535539224,0.060880379504824,0.0149678725223562,0.030545474391614,0.00942262798805763,0.0519340491254735,0.0568555361823874,0.0189775366181723,0.030861628140263,0.00492322018946767,0.0433597250582335,0.0475351398776859,0.0105341527131322,0.0227897169662749,0.0039140915051199,0.0502436980842589,0.0564647350966043,0.0155862500799368,0.0264298706687004,0.00562025152139848,0.0505799335054453,0.0562568052877818,0.016170421808645,0.0272182181716954,0.00863619890735133,0.0542763065805787,0.0606369436669369,0.0215073248493774,0.0296621900337659,0.00660603202117835,0.0513326580571128,0.0570374513845732,0.0173730698335225,0.0282870816654042
gumbel,200,853,1.33333333333333,0.25,14.9991827255769,41.7751105073095,41.1632758068815,31.8674964778985,34.1474726696925,8.4600546963392,21.7804863636537,21.4762933655476,16.8514985673383,17.9864516169615,13.1208165133193,41.6392830550325,41.622860180353,31.8536129751645,32.7899279688259,0.0407814877855195,0.0986016667905588,0.0915415084553251,0.0744284545397,0.0846950952964546,0.0366775458414601,0.10480385971312,0.103961918625962,0.0789448653586338,0.0847369650675174,0.0399767868445993,0.1057694524882,0.103359206739284,0.0812765614547007,0.0863032532371823,0.0345880978470033,0.102940467531498,0.100700312879243,0.0779731094698079,0.0832241206635778,0.0341437265123705,0.101022339252496,0.0994004386519449,0.0758569509819722,0.0807218008800127,0.0338186654368538,0.108466614106048,0.107878485628222,0.0845926459049967,0.0854361226254563,0.0366691394634598,0.105008552386353,0.103135444792894,0.080070320900088,0.0844347848335388
gumbel,200,854,1.33333333333333,0.25,21.3616036965632,49.1830051173379,46.8855466064491,38.7947985193629,41.1373103374204,11.626377496855,25.466039344996,24.3229514378646,20.2983422372504,21.4641562052194,18.3414934459785,48.9347103368696,47.4361055698205,38.3935200666774,39.2667425104548,0.0368034427179844,0.118155012545837,0.113813454579333,0.09583774464025,0.0951055715262912,0.0509968728872992,0.121087383526163,0.117214905226384,0.0910457820317012,0.101560420239291,0.0547800540486762,0.125106972766199,0.118348299946138,0.099380981509229,0.104660772473071,0.0480784965090591,0.122154528031696,0.117429521265903,0.0942484303712279,0.098168108388445,0.0500278745917956,0.122530047763848,0.117680780981814,0.0967163890043748,0.100969670317984,0.0573270428118539,0.113888831335406,0.105540015647364,0.0891750524494708,0.0889827553504652,0.0499891069888949,0.122840978267211,0.117717483956451,0.0958119747684302,0.100851622961094
gumbel,200,855,1.33333333333333,0.25,22.3336162942415,40.295985398794,35.0826901208697,35.0678587460639,37.5763886489812,12.1083699136613,21.0447893547311,18.4514175953915,18.4440302577838,19.6919395329286,20.4407011129201,40.2702864657161,35.5220484198068,34.8259835400832,36.8686141989801,0.0564956964603175,0.105689855966397,0.0905567947194927,0.0911980023245074,0.0978650153930138,0.0503881903475245,0.0987496813852063,0.0860379324063973,0.0852483649166778,0.0918095664567435,0.0547357806667206,0.102024073113013,0.0894966236839779,0.0882357325913599,0.0947502444273917,0.0568446892792919,0.100587902527242,0.0871842517337249,0.0878199434345533,0.0937279943762564,0.0570420312676227,0.0991203452806924,0.0855191438108366,0.0840017557229062,0.0915997680699936,0.0561456907118286,0.10560075954143,0.092363270377407,0.0912509121030819,0.0989407395393188,0.0561454397511831,0.100778703603623,0.0871318655849943,0.0872639680203694,0.0936287014521617
gumbel,200,856,1.33333333333333,0.25,29.9061455953027,48.3470059851554,41.4937661105022,42.2681109653061,45.5956514635063,15.8764182210158,25.0501287761708,21.6405910275955,22.0262999797812,23.682011820552,27.3557684218096,48.4873714685441,42.1001403187151,41.9298325867589,44.4275378266004,0.0670637303085873,0.117802866754267,0.102094212717078,0.0983320309909404,0.105513425963524,0.0731762919701625,0.119894145301937,0.102839103264572,0.106965965600173,0.113766280247755,0.0744021931259961,0.121776011691177,0.103440966567777,0.105707020768313,0.115502127974819,0.073609302221625,0.119808801240634,0.103408459612626,0.103618896491806,0.111249490805276,0.0781181056019914,0.122941969233582,0.105470514866802,0.107674954835562,0.114769489827935,0.0715062874485883,0.104868016983549,0.0797629893196618,0.100470437840266,0.0910487796561102,0.0733210225730125,0.120934542609359,0.10357519786556,0.105286270458764,0.112831186986258
gumbel,200,857,1.33333333333333,0.25,18.2534253935952,41.0621772589493,37.7802916430175,34.7203024180654,34.6972223105175,10.0793306563011,21.4260480390851,19.7934433576153,18.2711593779111,18.2600186795924,15.7290195634845,40.6962117392645,38.0538645709822,34.4583219762419,33.1703212501465,0.044811306794738,0.104781137595048,0.0991401372910287,0.0801497877549912,0.0871095057636074,0.0422419010113218,0.0979417081537534,0.0858144843327971,0.0842600257036251,0.0847058818496881,0.0429608639297729,0.102352902788186,0.0954810385527187,0.083370328757681,0.0858171495999117,0.0447014159249078,0.101919114666247,0.0931255605815106,0.0857786793668369,0.0838294980163075,0.0440639877907081,0.105351514068671,0.096366240432915,0.0893695117075914,0.0884798245873406,0.0456202270591422,0.0966561278990024,0.0840434759895011,0.0881712622992035,0.0772035277799485,0.0436836180133347,0.102434682666503,0.0942017071416853,0.0859571454594116,0.0852041450289161
gumbel,200,858,1.33333333333333,0.25,36.4425827898593,67.6026323953892,60.5462552423298,57.0644724359481,58.6871966188855,19.1279018743442,34.6300786976299,31.1198234268854,29.3873968197692,30.1953794967621,33.3153801713392,67.3029423711937,60.6526564849669,56.7824123338156,57.1669797589359,0.0956638230680938,0.172271253250454,0.150591418308337,0.147611486532898,0.144864079665832,0.0848430700979208,0.172460714613336,0.156079847705385,0.144449169596334,0.145473194010565,0.0915227492312191,0.16829956146426,0.148950011594497,0.141883075752291,0.144110811138853,0.0915311850051116,0.169477674443548,0.151584740113972,0.142977566758057,0.145856044796521,0.0883760209718404,0.17137488458119,0.153493603835343,0.144638488431428,0.147259055656622,0.0852061924386755,0.154403932139728,0.142101403848737,0.112042989322596,0.125782997190459,0.0900754784483656,0.167808653098894,0.14944734472997,0.141489745575773,0.14400954059052
gumbel,200,859,1.33333333333333,0.25,3.71126547364517,34.0840445656736,38.781126560432,16.8393869713085,18.5067469090166,2.84406440160903,17.9544982467825,20.2912973362026,9.37536467676446,10.2057929634736,3.05536747798047,33.5279071509408,38.6117287228797,16.5939049654793,17.0972407302273,-0.0367234152150707,0.0489934139280374,0.0700954567986333,-0.0139343042798805,-0.00277990432700292,0.00476939452734641,0.087621862800265,0.100592852802684,0.0425966422079233,0.0448213171641725,0.00807994023705766,0.087431278079186,0.0989618814220426,0.0448907141067813,0.0466845442434349,0.00897362556262085,0.0852275492600122,0.097072830634837,0.0423685219133266,0.0441477124257057,0.0113045446329756,0.0872597575765861,0.0990695991480192,0.0431896794235102,0.0471357328588748,0.0103850173365637,0.089728357291383,0.101865699416779,0.0456486566876102,0.0452216620859177,0.00897852482456091,0.0854406012923844,0.0969663094260414,0.0422003654225034,0.044483077484092
gumbel,200,860,1.33333333333333,0.25,21.652269157607,40.3719479301909,36.1319950996116,31.6916789164729,33.5206344630539,11.7707957171502,21.0827677052454,18.9733488484659,16.7643766109506,17.6753188103993,18.9049576595755,40.1104313755714,36.329758840704,31.4361180743933,31.6240958828051,0.0573930891714385,0.105251540365647,0.0941208828261316,0.0839868444368064,0.0855860422645815,0.0577415250833245,0.100162356507745,0.0875285002513844,0.0797057640987636,0.0841318570583446,0.05397325181184,0.100593453393336,0.0888952005575486,0.0800188010083922,0.0821171783685777,0.0530765672411823,0.101096415664268,0.0895624821795083,0.0798915794540447,0.0827127009971131,0.05574887859883,0.101845104104338,0.0889368787302219,0.0816338159186636,0.0848851251278448,0.0535811811495934,0.10149681506548,0.0936746774592642,0.0770893296590498,0.0799439788597766,0.0516908454132528,0.100790704607669,0.0900320460534305,0.0788567241667276,0.0815160870293487
gumbel,200,861,1.33333333333333,0.25,4.57367550567574,29.7903204979503,34.1521442813144,14.4685859929921,20.8644399877224,3.27265530225717,15.8178817340505,17.9879427741588,8.19590784930887,11.3774378418803,4.27876514844222,29.7883079268388,34.6946102706816,14.1447538258869,20.4879441220407,0.0138084054365142,0.0735106061040022,0.0833622068604774,0.0381247792390343,0.0530536997254907,0.0132792594759937,0.0737342194401385,0.0854227231440187,0.0304323220579796,0.0504088497714172,0.013183164019118,0.0748325877251866,0.0845409178749929,0.0363340967577171,0.0530420463116613,0.013267430576789,0.0758360106969938,0.086396591383078,0.0363692729971847,0.053616673663129,0.0119720460863219,0.0724947894737608,0.0821965593894025,0.0354790109004437,0.051691606879762,0.00923360555363545,0.0563742867221032,0.062492914989261,0.00733649694809314,0.0394620570708255,0.0119523889164795,0.0754468497991851,0.0863738191761098,0.0358567090569741,0.0526395763823982
gumbel,200,862,1.33333333333333,0.25,5.8325652765906,22.5749769262995,23.0548643261619,14.2259147153552,17.8703458993169,3.89894310594542,12.2283260463326,12.4672210563116,8.07487414843268,9.88796885863034,5.52439774916924,22.6481334797512,23.439928963888,14.1702570992284,17.6293236274186,-0.00787738722232515,0.0465968248877336,0.0583364393309308,0.00477822607720187,0.0178344395788896,0.00674521770499042,0.0572417460037411,0.0608875670570184,0.0312658236284094,0.0411395849955182,0.0099663112662402,0.0554085017795635,0.0579450413154126,0.0319358951165758,0.0401859747105089,0.015175309231172,0.0568242102327719,0.0574682850388739,0.0362620182722528,0.0448017582502573,0.0164712415331247,0.0588360509739619,0.0597562327571096,0.0370723803296658,0.046169837604603,0.00435279358553682,0.0597993367856989,0.052803987295925,0.0405496946426854,0.0495868342715513,0.0151961325725368,0.0573259470161604,0.0581030794440149,0.036328594840327,0.0453678408380986
gumbel,200,863,1.33333333333333,0.25,14.9134501971095,37.3938945639242,35.0307894662365,30.4360420174895,30.2178306397723,8.41747714082839,19.6010763156098,18.4255720849816,16.1397247059346,16.0315741939981,12.7074256467385,36.9912141637354,35.266169211097,30.1694667250796,28.6504320391278,0.037898402766841,0.0872311781717904,0.0779948562395104,0.0732540842282279,0.0707702188455712,0.026322849195835,0.0848051188940728,0.082283501079923,0.0663157088409882,0.0621967953169995,0.0298265832853509,0.0936153349063673,0.0889255266691848,0.0760295944705648,0.0711003002429537,0.0360224107978175,0.0926989798317615,0.0866653671547286,0.075258881808318,0.0729502556574202,0.0318202317574138,0.0929066284054947,0.0881231921135957,0.0748451316865602,0.0730178221247398,0.0270540261452134,0.0875811814207846,0.0855470790635618,0.0644754445063416,0.0627262442703189,0.0372862202923048,0.0942281920164221,0.0878550894369184,0.0764706761970141,0.0750575758101825
gumbel,200,864,1.33333333333333,0.25,22.4160505040763,38.2682053127212,33.4136513936247,30.2907261043101,33.4700386462177,12.1494815940218,20.0362328159023,17.6214833718803,16.0671902085421,17.6495435302238,20.8778422565612,38.1635762807894,33.3778429742719,30.1946060290522,32.6748485600699,0.0598960964640774,0.100504842679189,0.088061274605479,0.0805135828746472,0.0886337476321076,0.0575509325667853,0.0996906291787606,0.0877765491785263,0.0788631805981015,0.0845593169863196,0.0561141732933066,0.0942973856181688,0.0821278930435117,0.0734097768848767,0.0802190369112406,0.0566748839776311,0.0931833169426302,0.0796915250402487,0.0751499858208877,0.0807786229189388,0.0569147216694882,0.0965959450640266,0.0831204741380498,0.0759326107482565,0.0842218553090636,0.0570627163947529,0.0961750907551518,0.0866209760190142,0.0689650288283115,0.0846895594967485,0.0565201974804619,0.0955413885300891,0.0826645341096658,0.0758061873567923,0.0826991379720673
gumbel,200,865,1.33333333333333,0.25,18.6898356791525,43.8852222636503,41.4618601312412,35.9104673008953,39.2187563448204,10.2961899181442,22.8299258163078,21.6241415476412,18.863028339847,20.5094084281075,16.8182142262156,44.1867433849993,42.481341187612,35.785285060792,37.9743872101423,0.0516454964055996,0.110220221014262,0.0994314887280358,0.0928180463593512,0.101137200072273,0.0505995818580274,0.114273791478673,0.107556179088085,0.0945760315291661,0.101671160897858,0.0474359703659386,0.112359641120843,0.106644773073574,0.0913809634621099,0.09823750417761,0.0442585929529667,0.110861738115227,0.105546616094571,0.0886438211421977,0.0956543963920661,0.0465107247586295,0.112877468116422,0.107430711546419,0.0918186235154085,0.0989050270204315,0.0509007233826885,0.112210671759272,0.105991561986218,0.0908203804916912,0.102735127329118,0.0451475596169314,0.110698125627374,0.10510145555157,0.0895567655603993,0.0965732407028997
gumbel,200,866,1.33333333333333,0.25,17.4617895398849,33.7043927620117,30.9697284926921,21.6522829038791,26.9789203309316,9.68543648737617,17.7655151340842,16.4048235064412,11.7699239303684,14.4205337155675,15.6043611041259,33.6249369805368,31.348557804574,21.2749276142154,25.7926900005813,0.0385226265238849,0.0837895361798315,0.0765649390185782,0.059046942814473,0.0590631366118887,0.0453727197032242,0.0874671416886166,0.0804518677247475,0.0576577267601934,0.06981591598841,0.0428894048430762,0.0854285505587697,0.0790849276908873,0.0548217250575939,0.0682644484509481,0.0432851432649702,0.0848102008403066,0.0780134545915618,0.0540814561075436,0.0658992347206026,0.0414640918301059,0.0833062933870171,0.0777879420076926,0.0506442718630145,0.0630869279181705,0.0463944487518244,0.0886066128221578,0.0823890389146871,0.0560770296531037,0.0707691894976223,0.0426622223403182,0.0839351345053077,0.0774848571500246,0.0537689103200266,0.0654526469518382
gumbel,200,867,1.33333333333333,0.25,7.54200902800327,22.4265506255519,21.6770855564942,17.5832417113939,19.5068085609664,4.74936592159293,12.1544974777234,11.7819289688679,9.74494934439875,10.7023219557015,7.23314468118286,22.6497737771881,22.1986263912022,17.6794130381712,19.2208724906311,-0.0129048545833342,0.041483510784139,0.0509491691438103,0.0146656574138433,0.0145963706977759,0.020424659631593,0.0494318767865741,0.0441225996403315,0.0403905009151657,0.0448830186780804,0.0207944821495341,0.0551468991339737,0.0504492911784227,0.0450204221027059,0.0483799036350675,0.0199094843779004,0.0576979276774636,0.0555446448630582,0.0448117866168333,0.0495626558857648,0.0211460466092804,0.0586784572280191,0.0557473368602661,0.0463027196887388,0.0520813781220042,0.0236804393687581,0.0610592940254468,0.0590827130188229,0.0489441614526193,0.0537527086635523,0.0203580386091655,0.0571393639711559,0.0546935860888104,0.0450708186081778,0.0491769618107459
gumbel,200,868,1.33333333333333,0.25,19.6242555354969,23.5096113119274,17.5539788132152,23.3993967562026,27.4013839138275,10.7602414471662,12.693312356165,9.73043006629308,12.6388588197055,14.6296317104376,18.5683348905014,24.0099247559882,18.2977976014055,23.2577347217129,27.4836577587506,0.0536802625087386,0.0627370913760185,0.0479005049074771,0.0631368583954528,0.071309249770546,0.0482675976784936,0.058731491170624,0.0452815186136074,0.050610872804703,0.0656529707016327,0.0469225258816445,0.0595522482760387,0.0460516291036994,0.0572501386770148,0.0672967368469449,0.0506061845938374,0.0599550865926745,0.0449615289009421,0.058726987367138,0.0688311686769344,0.0483416071356307,0.0565923091293027,0.0423841451477995,0.0548644194385438,0.0662048251076037,0.0494774988479484,0.0633910387445551,0.047935717051556,0.063437720923853,0.0724345870364939,0.0498481743809687,0.05883734528871,0.0438653791931818,0.0579347053757677,0.0684370102209523
gumbel,200,869,1.33333333333333,0.25,8.26592106191582,29.1770298683133,29.1715774296747,17.9949172481648,21.2712487040842,5.1098328355911,15.5129864889401,15.5103812610524,9.94997730315922,11.5803453099771,7.20482215327339,28.9466013235565,29.2920624207611,17.9583869956194,20.2965381224819,0.0196221964556381,0.0730440740279214,0.0735279139041646,0.0449650875150316,0.0539560885658434,0.0199483756628801,0.0743119218238963,0.0751281664737407,0.0456350792735555,0.052014710790112,0.0205205579810873,0.072157886768852,0.0727132469088509,0.042996954189317,0.0511883388930764,0.0194710063220198,0.0737381855054154,0.0736693920653809,0.0453827994680995,0.0525823361982743,0.0155789119945125,0.0686948689853892,0.0698856623840231,0.0404238891200274,0.04708795737162,0.024991569764201,0.077477712839122,0.0759567623530323,0.0496341286356673,0.057751022311631,0.0202396896998463,0.072913525995322,0.0724601477846446,0.0449408066895309,0.0525614831015113
gumbel,200,870,1.33333333333333,0.25,16.7041140587638,17.8849813757686,12.168194850045,20.1114650360515,22.4754681345809,9.30757867059825,9.89508970667847,7.05113886685671,11.0029177266729,12.178892527508,15.6206237703136,18.2943200054111,12.6892235834327,20.1297251525249,22.59973266657,0.0404054449975738,0.0291170370389141,0.0128276712471063,0.0459477826338201,0.0465383456147494,0.0186906359680373,0.0256905000934648,0.0181111852945304,0.0309417243014834,0.0267941741345309,0.0444848253899673,0.0423492680997557,0.0241463309194742,0.0515420765690063,0.0569693785939772,0.0419882109492009,0.0454813675586796,0.0308186553052808,0.0503260014878901,0.0563355362407523,0.0414912537814234,0.0455217610435303,0.0326123867377076,0.0486966948892733,0.0555361644928695,0.0178590465458403,0.00682703053090125,0.00238523738670603,0.00839276560606618,0.0144800882414803,0.0423663108049893,0.0455055872619772,0.03096447376922,0.0505165683180272,0.0567602932550823
gumbel,200,871,1.33333333333333,0.25,38.4389162616505,73.2523484950769,66.8943842163966,62.8786779875673,69.0271439741832,20.1211180605838,37.4402518346529,34.2774622345424,32.2795469666796,35.3385956205818,35.1192154900764,73.358347010806,67.5599194931426,62.8158543353079,67.8004429810931,0.100229854982594,0.187418644074128,0.168995436843727,0.162011867399893,0.176642231038547,0.0936882743523771,0.185325565860109,0.170708172917404,0.156051871298578,0.171483312218623,0.0936118674960774,0.184129212065108,0.169336119591506,0.155960449108307,0.171035327640613,0.0946191790461407,0.183235254820555,0.166693840109013,0.157997879430917,0.172609065976945,0.0957964306800932,0.181209229380861,0.163728647024908,0.155740241018172,0.170649997781194,0.10107756000374,0.18429516302355,0.162198304392879,0.161924137220424,0.176947359190267,0.0961872051829829,0.18417305542124,0.167327718569682,0.158139152657134,0.173098051063719
gumbel,200,872,1.33333333333333,0.25,16.8580927125343,58.2776364124382,61.0955066873474,41.5798926328343,39.0197805500912,9.38483088882299,29.9915096496621,31.3939885137227,21.6840536676361,20.4114317044425,14.5388186569333,56.9709750132628,60.3667798060224,41.0690339159868,36.6457157627855,0.0467526264800782,0.15050349061094,0.157266853658326,0.108589576566942,0.101023461334307,0.0420601359871998,0.141339968390434,0.146585401589728,0.100306702440369,0.0915095645898348,0.037072160593377,0.139072205956482,0.146168319360972,0.0997320291658704,0.086802359180386,0.0422838963717595,0.142921638706434,0.148448326728759,0.101996433399006,0.0934809977794168,0.0417830654273794,0.142822717636682,0.148062376785728,0.102929506072662,0.0932222828493548,0.0422262649236467,0.137105548939723,0.146763290736941,0.0880716099289996,0.0903617681809527,0.0415088238806917,0.143788088761352,0.149344098059929,0.10276924161956,0.0946909288030953
gumbel,200,873,1.33333333333333,0.25,8.77710441303665,31.8687951447442,32.8166778305795,23.8342004567907,26.1348693885395,5.36482488815117,16.8519897799723,17.3236313313759,12.8551759808423,13.9997484716798,7.30719485215834,31.8776612904471,33.5505418081096,23.6410800259038,25.2852939803279,-0.00466257670470541,0.0637661506351752,0.071923307296857,0.0461887190063259,0.0411322122263487,0.0253664790958586,0.0835532328625573,0.0862364778669203,0.062888486702629,0.0692310592664458,0.0205543275540451,0.0842289558513452,0.0856675588343735,0.0632245363788575,0.068742332889679,0.0196857101463475,0.0790819599426019,0.0819684425765783,0.0579572281880078,0.0640201614138217,0.0220935843547247,0.0800962343770847,0.0823726854960457,0.0588597674081302,0.0661749010158378,0.0245105968834408,0.0819166998491531,0.0857295636531853,0.055813025097336,0.061387452283465,0.0206979198994111,0.0801782231312983,0.082311452260378,0.0592069978974237,0.0650253959903684
gumbel,200,874,1.33333333333333,0.25,25.6655100710159,50.6251436246504,47.0149928786297,38.4060067134458,46.2250549489652,13.7656412299532,26.1833685594161,24.3877718380089,20.1043403661179,23.9944841647284,24.3455157631939,50.7905227916987,47.3501063562424,38.4127812932403,45.7689700934985,0.0663898309990266,0.131418925661105,0.121054018106917,0.100401021647005,0.118500465370196,0.067952702035414,0.128926314420952,0.119531400750804,0.0992963303906457,0.116703801371458,0.0641120355123593,0.1280877235339,0.11940372949419,0.0966588769523659,0.114674057678694,0.0664223825622674,0.128047521188385,0.117716908525572,0.0979767088477015,0.116937286109082,0.0677422154026283,0.12811548246358,0.117117673184742,0.0987635355287737,0.117620074239185,0.0689042354250757,0.129928842687228,0.119167097133493,0.100927049720242,0.120310057623427,0.0652174905962934,0.12649778987014,0.116448639390801,0.0963525101258828,0.114347831000934
gumbel,200,875,1.33333333333333,0.25,23.3355582032624,36.6602606703646,31.1469773969153,32.5025667880166,35.9478000005229,12.6074057818708,19.236078454833,16.4936119728129,17.1675030573837,18.8816743711213,21.2804004998431,36.7132661108003,31.4371879009141,32.4573952687275,35.3603100633434,0.0569040869774841,0.0952509288592302,0.0827486915447637,0.0858754347317419,0.0905857332140387,0.0548604826259271,0.0881615705783073,0.0747350036656809,0.0791872012065798,0.0843248427842838,0.0589995996013496,0.0942926498812199,0.0804057376748327,0.0825635159163294,0.091971376880571,0.0586435461963626,0.092479050083859,0.0780193785304293,0.0820966195845599,0.0901415965644592,0.0575019541500361,0.0879328540393695,0.0729465496296894,0.0799085860036374,0.0859302246839258,0.0440211848935756,0.0958583831228871,0.0828674431992247,0.0799050649413609,0.0936358670987786,0.0568469681094099,0.0907487703314525,0.0761052894315984,0.0810175316183621,0.0892744746724286
gumbel,200,876,1.33333333333333,0.25,12.1014968349182,21.9205391134477,19.0140624048508,17.7070884190128,20.0404368139045,7.01832240925325,11.9029917909854,10.4571376907904,9.80683348165715,10.9679705439705,11.7271775675801,22.1493079467076,19.3274536100513,17.6347730700771,19.8637012084606,0.0349271221625812,0.0586469024046483,0.0492719276324011,0.0492344293542385,0.054235735024457,0.0317112800091481,0.0567035325494889,0.049221471964121,0.0459095997408334,0.0515065309216993,0.0273075952410922,0.051114070754902,0.0449796588445124,0.0400351286771876,0.0460146919923401,0.029542415331358,0.0549082962952356,0.0473888050439767,0.0447040028896703,0.0499998021838629,0.0279746217866534,0.0517514900015914,0.0465276535567322,0.0394185338205935,0.0447836160132295,0.0210740086594159,0.0589340231743463,0.0444758041638732,0.0482532268611026,0.0545262443684374,0.0300824297562052,0.0544727492079734,0.0468881308542502,0.0442262703410604,0.0492600737503929
gumbel,200,877,1.33333333333333,0.25,14.0519009140131,15.8705168624349,10.9932690911055,18.1974073872674,19.2372240548437,7.98808823791475,8.89317392949821,6.46715210543428,10.0505800215379,10.5679426525599,13.4446805724924,16.1830641349218,11.2705781947337,18.290395620188,19.4535439790745,0.0259251757160582,0.0329929643315832,0.0245174305684303,0.0372620557542702,0.0346367871422536,0.0303235774227769,0.0402226212983988,0.0300089446770453,0.0411153234705616,0.0470821839095415,0.0357548437497757,0.0395216981071178,0.026572565915945,0.0447695409591618,0.0482489337651302,0.0361634031033653,0.0415905782897101,0.0287194875432362,0.0473493021277973,0.0496243284877384,0.0360187614260357,0.0387973408423029,0.0245001152798332,0.0454371415339844,0.0477706821783838,0.0400659830902847,0.0360624990344966,0.0220235346438897,0.0410103563573568,0.0465022850472949,0.0354037029314504,0.0393660709090266,0.026553482665136,0.0453837372823747,0.0479775743193668
gumbel,200,878,1.33333333333333,0.25,18.9240101671714,43.3806578614805,41.3449037162265,29.7662521535804,32.2546316451394,10.4122960129711,22.5797516539363,21.5669086381566,15.8067724303174,17.0456517768279,17.6440226534852,43.1887305097093,41.4604770048474,29.3036069890775,31.0605865085461,0.0522341349473828,0.112502684438659,0.107234844744937,0.0781820187420444,0.0855253165600591,0.0388065825782184,0.100718934290318,0.0976911874754227,0.0658003422904532,0.0677592695079613,0.0429108186599117,0.104072882401918,0.099497066513375,0.0674617902324489,0.0713320201452443,0.047332613513803,0.106704659310745,0.101447851470394,0.0725885266335504,0.0769638839794145,0.0484087229044468,0.110173105940266,0.105317011203528,0.0757776692390271,0.0802025785197079,0.0510686587301401,0.11040189124869,0.106989188700023,0.0738276322908455,0.0803961240455273,0.0477708488209393,0.108612878385814,0.103621189363135,0.0740500481611176,0.078297704536378
gumbel,200,879,1.33333333333333,0.25,17.2786589307186,44.2758716515343,42.8731826364766,33.0790461468427,35.3909463962878,9.59397153138531,23.0248071109114,22.3270315337776,17.4546979437519,18.605335192171,15.4588079528099,44.0898036687822,43.2322794975645,32.7423530943823,34.1626473435485,0.0343330077768019,0.115675322010843,0.110946555079804,0.0871372152606214,0.0876439362240665,0.0467830141144575,0.113006214286631,0.107626910782856,0.0859528477311571,0.0912467632014515,0.0415595069672464,0.108241445359122,0.105608093741446,0.0806272730607631,0.0826869536819353,0.0426223060946439,0.110659932524339,0.107910556112278,0.0803491739501295,0.0870652229888896,0.0423225552377507,0.112297007987198,0.108569840892317,0.0845765871947983,0.0875541219514365,0.0472827527968566,0.104114826683196,0.0911633263608162,0.0789204934804101,0.0917763148921948,0.0431294849563086,0.11065795056813,0.106640063121688,0.0825133915287293,0.0872544338347457
gumbel,200,880,1.33333333333333,0.25,19.6413845568061,30.3195897930893,25.1215597635141,25.3505997529936,28.6170073098288,10.7693511340985,16.0816461923849,13.4958374492154,13.6096116284494,15.2348525040467,17.8310220035228,30.283953875872,25.2528127659573,25.1904772375721,28.0142959262333,0.0538603904637048,0.0806160952909807,0.0677337960755711,0.0642449143935998,0.0763283290655171,0.0479710435101387,0.0759458837579619,0.0629916643745284,0.062619037459344,0.0706232391949086,0.0479841496653037,0.0743422106767218,0.0609834539094081,0.062264870973144,0.0713862578520202,0.0505978375296267,0.0782333729806027,0.0645180932323785,0.0649222530635952,0.0739776266790366,0.0499028781268404,0.0795467076085377,0.0664986462753003,0.0659079482501156,0.0736892118203486,0.0457734438953987,0.075065121705483,0.0617907737929346,0.0657252498500282,0.0708607875387069,0.0491191786627187,0.0760593778189892,0.0626284468971002,0.0634258295736158,0.0715705155373311
gumbel,200,881,1.33333333333333,0.25,25.3271889538367,57.587768431545,56.7772820121632,35.6444773168293,44.9336676209186,13.5981506432295,29.6475861407944,29.2443273276928,18.7310802951571,23.3529436238016,23.4153412668427,57.4382528785034,56.9478736938452,35.2107212743427,43.7481686308814,0.0602975328839552,0.146266624299231,0.144375268923628,0.0920773675625395,0.110428922374007,0.0644908079274171,0.140144206901202,0.137704572280387,0.0827354931832269,0.110105722632496,0.0646419221828488,0.142447647006956,0.141067510092948,0.0864706220269171,0.109107474157949,0.0638735804631308,0.144972520888587,0.142465541607962,0.0897023546992215,0.112633046916234,0.0622134295284647,0.141468724439954,0.13952078753018,0.0854881453864669,0.109126430787035,0.0657004380692217,0.147539265013916,0.145329382421032,0.0920665952579849,0.116368426858378,0.0622413227476978,0.143211859897954,0.141335013638531,0.0879896671311384,0.110109831041709
gumbel,200,882,1.33333333333333,0.25,11.2777958221492,34.6455340075763,34.3134567991348,26.7710232029798,28.9228925956292,6.60862598025112,18.2334615327653,18.0685261400134,14.3159478315857,15.3867823139338,9.50880448250523,34.4299536218452,34.6722016661585,26.7700329547401,27.7203524999996,0.0287973539336846,0.0901371342481041,0.0904751679172857,0.0702668105472528,0.0758863258602356,0.0326589427001254,0.0903331069476351,0.0878660414666415,0.0714601988936974,0.0769980783860353,0.0289748517745432,0.0868007728142932,0.0851736828559698,0.0674132327537122,0.0728390686341909,0.0270735331499392,0.0857552344744332,0.0838110492431343,0.0658872819459923,0.0711860848509333,0.0276099133328235,0.0873172068240976,0.0838505225825552,0.0691205408286554,0.0742007165210687,0.0148270297695321,0.086615467868157,0.0889957280761847,0.0671555136367606,0.0659315849676661,0.0275139093986161,0.0874121128890793,0.0858447029141659,0.0677416623427302,0.0726200069595082
gumbel,200,883,1.33333333333333,0.25,14.9624082851067,34.9627392726315,33.3682404087816,25.1054635432518,29.0396853304622,8.44188427707351,18.3915323042954,17.5983890161548,13.4877115808054,15.4451036938395,13.3606985044261,34.8864423495223,33.6760555047194,24.8663483108864,28.2897470002403,0.0385673983773495,0.092361429498344,0.086729892770909,0.060423744528202,0.075013521940383,0.0395225823781898,0.0905955010315191,0.08312311621683,0.0665136264438919,0.0769720070146922,0.0334222113604545,0.0787800946762224,0.0744764134069366,0.0572587042829241,0.0620939522926962,0.0350777717702263,0.0863146552236513,0.0827347607758911,0.060375485100433,0.0704189612903128,0.036896735211978,0.0867277005266205,0.0830134361117747,0.060811681224355,0.0691240129850894,-0.000842691456131472,0.0894987034571433,0.0884198533597286,0.0552019478615518,0.0622094105834049,0.0355167051070411,0.0864079042880227,0.0823428574973487,0.0613668914565166,0.0710531712027365
gumbel,200,884,1.33333333333333,0.25,7.43725112110726,33.5001417717772,35.713449443983,20.1354540519483,22.5443973430371,4.69818611150498,17.6639456744558,18.7652039470277,11.0151074930492,12.213945227189,5.84828368875461,32.9166958850858,35.6380829381675,19.8908655612943,21.0686317678446,0.016989059438178,0.0778037730587541,0.0858108431665411,0.0372730176129683,0.0507669512299022,0.0203099122851943,0.0834364874038847,0.0892293908086264,0.0516476500594669,0.054623154940914,0.0198943541233154,0.0818363174212239,0.0850905001892206,0.0488510763956517,0.054729786924298,0.0162778759033187,0.0843087777535741,0.0894041171273397,0.0512068015549312,0.056089744573182,0.0105917943733773,0.0809504140608865,0.0871028390257183,0.0469572496389236,0.0515129299554318,0.0182545525097595,0.0880599469465467,0.0916310292226864,0.0538870803453827,0.0612117040578084,0.0173719679599142,0.0830520755240491,0.0880529394480015,0.0496203702307606,0.0550338864261862
gumbel,200,885,1.33333333333333,0.25,31.2650343543438,39.7117901242592,28.9942090589766,51.8584554915875,47.2480928774606,16.5524097387203,20.7539384649933,15.4223458901047,26.7969967303786,24.5032946204306,28.0901580585771,40.1079229081214,29.9738080609359,51.9154535780968,46.5676193224265,0.0641626496837966,0.104274554674533,0.0742302488970872,0.123740998176786,0.117370509833074,0.0682009472778312,0.0927934803654284,0.0673977924072183,0.122497189404805,0.109595076295569,0.0777713925599141,0.0985835542101819,0.0719497554790635,0.127114047293534,0.117375701756609,0.0765504058529323,0.100027160548273,0.0728190556181325,0.129727637450578,0.118588745901454,0.073589168262237,0.0972814101286281,0.0702025085015911,0.128409042224092,0.11598867954188,0.0830736622724313,0.102587429715549,0.0765244536535295,0.129172459788741,0.122219050633713,0.076711522273083,0.0997483924419196,0.0718283047472718,0.130430066232023,0.11856283940792
gumbel,200,886,1.33333333333333,0.25,5.20300186982609,16.5153438502306,15.1360791882215,14.6690853698152,11.6801341566864,3.58644316119626,9.21419138408007,8.52806355438057,8.29569487216707,6.80965875595152,4.10719573088882,16.2782180798035,15.4338025504642,14.4241299975996,10.4089403500705,0.0148824012943364,0.0418450359663907,0.0387055569260545,0.0348561788996363,0.0326731693483255,0.00618293564644077,0.0281302008958725,0.0257650387216955,0.025072111630596,0.0119653571983568,0.00912612834958547,0.0395690218386541,0.0365641749242684,0.0341233905732525,0.0218671880099997,0.0105877008143344,0.0394709602486057,0.0360446883588011,0.035049133213069,0.0247089625590471,0.0090310815906938,0.03560959580117,0.0329102253735986,0.0319152500087741,0.0215376195384029,0.0107229902883226,0.0441986275219079,0.0420955049087376,0.0372878240076612,0.033517892029361,0.0120096318808806,0.0408515604720719,0.0371506956336252,0.0364094881721365,0.026974109003185
gumbel,200,887,1.33333333333333,0.25,10.2718033588951,28.9962772080718,27.7898437265106,23.0183595493832,24.090329763778,6.10771691007435,15.4231431845631,14.8232398953245,12.4491849359418,12.9826985493408,9.1538343118042,28.8987418789019,28.1286710964628,22.943291594716,23.410009309859,0.0301134275337313,0.0767761566294266,0.0732191717196164,0.062483053000501,0.0652110983665588,0.0269907332295899,0.0695657605898806,0.068005048722303,0.0524900699535204,0.0535349766773642,0.0251850732425323,0.0711523348853076,0.0658907150262756,0.0573707334285268,0.0578007967303923,0.0238768427113775,0.0727081993191783,0.0693674096686027,0.0570385615341016,0.05953021687107,0.0287909765113231,0.0756682012945384,0.0718757861573562,0.0609753961059775,0.0632824299596737,0.0275501857793221,0.07603480025115,0.0732334920901455,0.0621290996935938,0.0626804137412736,0.0256430855083303,0.0724272264213671,0.0688475574155973,0.0572795552771064,0.0596259152360478
gumbel,200,888,1.33333333333333,0.25,24.2433101299359,37.932287587451,33.4052385767861,27.8248254256628,37.5526203889697,13.0582530210995,19.8685199472301,17.6163801948474,14.8402637570388,19.6798589662732,24.3913672590036,38.6565772098395,33.8979038447093,27.7871192351791,38.1249526076454,0.045005167359784,0.0911490703241217,0.0863537371526818,0.0592255542913053,0.0831350035693932,0.060847804292196,0.0950294386002548,0.0841883757351304,0.0685308180130513,0.0926356223522376,0.0631604715400079,0.0966145526526775,0.0849092087924342,0.0711858568442639,0.0955190687600672,0.0601501843258687,0.0952488025303623,0.0844085590950885,0.0698348754721322,0.093185178815291,0.0607272586197767,0.0939533445456649,0.0818883392114836,0.0709948382978923,0.0929862235265627,0.065037164013199,0.0995644613946415,0.0885100186270447,0.071728758822716,0.0975992967378766,0.0614074918656062,0.0959369801072182,0.0845187647639363,0.0703006401007464,0.0944683223193267
gumbel,200,889,1.33333333333333,0.25,23.0941795810314,42.622768709175,38.6139592809325,31.7082263011335,39.5099249182537,12.4866868758784,22.202104912845,20.2078245624735,16.7724162684209,20.6537530402015,21.8493003328436,42.9453907166625,39.08790945827,31.5515460987209,39.3273675889035,0.0458743129204032,0.101772533265086,0.0964752034817485,0.0689664417356297,0.0920308037395924,0.055975015133749,0.10453192876914,0.094660352771743,0.0766328334886819,0.0943069783595498,0.0605557300412004,0.106221545597473,0.0942979897915015,0.0807582814773359,0.0997157091223506,0.058238949591032,0.107611976888824,0.0981962127787698,0.0784396792265832,0.0987406203108548,0.0608449498169393,0.107358545874053,0.0967063184517454,0.0793584314080046,0.0999129288761499,0.0615231477834531,0.0863968974642518,0.0675913823340944,0.0634914928802824,0.0916175284809642,0.057922100233732,0.107542367902636,0.0970518309050866,0.0796390342245986,0.0992162467088824
gumbel,200,890,1.33333333333333,0.25,29.149367483757,47.7204464844199,42.1701345186629,34.9971930857768,40.6016749372037,15.5000833212436,24.738823408626,21.9776408449297,18.4089713538603,21.1976636336567,28.5227195129938,47.8502715359077,42.1281476185464,34.6499234590567,40.2001336663233,0.0776425769222024,0.124284704261184,0.110267979423214,0.0919872324674051,0.106403688192726,0.0666738767269467,0.105348034929963,0.0907030702251912,0.0755089676136361,0.0899528390519763,0.0754985005398065,0.118721506726813,0.104425771290259,0.0871148153840778,0.103289383406633,0.0718366231809813,0.119453082647654,0.105452417942595,0.0880053409277177,0.100830610127018,0.0761952727676171,0.118971067471361,0.102908397189398,0.0886145008124199,0.10202592730955,0.0437659266956459,0.117787757144562,0.108858263819679,0.0768376045896072,0.0847378915844649,0.07149498963468,0.119341526775248,0.105226564203273,0.0875593064571077,0.100255048836473
gumbel,200,891,1.33333333333333,0.25,20.0689042145831,22.0419475563064,16.6039181677989,18.5530227264382,20.9147478399744,10.9826298414229,11.9640767087903,9.25859963134868,10.2284872143072,11.4033405593991,18.7936591096669,21.9830805445134,16.6410554124654,17.8995266055997,20.6937486199459,-0.0177809952982355,0.0055876192328085,0.0108667192300974,-0.00877266950555398,-0.00530186144272773,0.0407335333489723,0.0500475826270824,0.0396825196938803,0.0361043699910184,0.0451943421116106,0.0481442257075671,0.05288131666329,0.0402870606173575,0.0431227021484406,0.0500000045556465,0.0471871829483862,0.0538837401487288,0.0411581482683999,0.0436141767676962,0.0502723601374746,0.0463738528454965,0.0569085765141062,0.0427139519170926,0.0465035643363368,0.0527491048161123,0.0551567345106327,0.0595665544955081,0.0452646917547426,0.0513733039144522,0.0566485868430423,0.0486498415437672,0.0533710647016771,0.0398313370822791,0.0441895534328201,0.0506559454113753
gumbel,200,892,1.33333333333333,0.25,8.84156720904728,33.9000092920473,36.8692269645565,15.6058150463726,25.1204787923095,5.3964822485647,17.8623461813562,19.3394177057967,8.76143144075506,13.4949784103082,8.18353648509149,34.0975469184525,37.4526139805577,15.4484990663673,24.737191319469,0.0268258649698023,0.0846896820971678,0.0866877280732625,0.042395686852205,0.0656068354962356,0.0244865819470871,0.0860150301576834,0.0933172591496917,0.040553930190912,0.0631025555042514,0.0252584574028006,0.0876209537053945,0.0933937353164396,0.0419998223241918,0.0658071556016156,0.0213645317481425,0.0864272734137607,0.0938894057544662,0.0397665768710865,0.0629213625202837,0.0230358256783783,0.0857727806339868,0.0933660182014688,0.0391848184021998,0.0631823588769228,0.0201399487500565,0.0893991035482078,0.0968876714904178,0.0433527255448991,0.0643816391369626,0.0217884210490921,0.0854145217044623,0.0931617432632108,0.0388778892478356,0.0624723016247734
gumbel,200,893,1.33333333333333,0.25,8.08091072522814,21.5614319043291,19.8437755935452,21.9497555394893,21.5627664785451,5.01898894882519,11.7239829086253,10.8695946584376,11.9174269016575,11.7250303142407,6.0747750655192,21.7445848005807,20.6912555283999,21.9754211739708,20.6982365265832,0.0237441061062479,0.0523236560192151,0.0478577777288855,0.0528013407645941,0.0501646855288719,0.0203285071193933,0.0572114447698106,0.052107364533144,0.0579229882622856,0.0563280695935165,0.0142972657054162,0.0551433557105502,0.051666727429033,0.0542389768227714,0.0526006331164209,0.0178916452340861,0.0548745835707427,0.0498688984872611,0.0555030019641591,0.0544190743143878,0.0202361297229333,0.0538222758107237,0.048916617972268,0.054244741868944,0.0543586763595493,0.0118430031394622,0.0327813795036643,0.0215293705360009,0.051393038242938,0.0438510148767538,0.0186096569297769,0.0558241994832759,0.0511816523600804,0.0557893832340056,0.0548898543535077
gumbel,200,894,1.33333333333333,0.25,17.9098669248642,27.4171674055047,22.9219581644808,20.2912407428417,27.9767856427294,9.9066391387009,14.6372742582762,12.4011753352731,11.0921807952658,14.9155479644969,17.793038519953,27.8393517334351,23.2189027439167,20.4009097038065,28.4393031434311,0.0497585097622521,0.0734811154126692,0.0618882396714041,0.0553854110432677,0.0749183696577101,0.0488222948406619,0.0678855149380963,0.0540354696930927,0.0525040636256762,0.0712886555899767,0.0450366379752043,0.0675614390259941,0.0568133406820269,0.047234619026607,0.0679981320065939,0.0476365371941625,0.0676580481931705,0.0551029415907639,0.0508501739702886,0.0702100844391934,0.0468954077598078,0.0680816814165148,0.0557414606389031,0.0515511128749792,0.0705014898110884,0.0492539270967641,0.0729138927276225,0.0605372050400988,0.0547509605865942,0.0730822932471645,0.0467061939709365,0.0687695019834997,0.0567215485658971,0.0512087588198179,0.0705467380954053
gumbel,200,895,1.33333333333333,0.25,16.4317946451888,37.1604306764737,35.6740583873334,24.6205918734507,30.8383457451747,9.17249343354041,19.4846502451395,18.7451066216128,13.2463932311695,16.3400057611602,16.6497851128219,37.5932059053541,36.2009273939925,24.4379550600234,30.7365798370432,0.0366755358479596,0.0967298199091414,0.0941731719477101,0.0660293877701808,0.0773673802007422,0.0346523342377728,0.0860393805086738,0.0847039680294163,0.0503992635126136,0.0689418555461957,0.0421265408199943,0.0957945539757942,0.0909484078955273,0.0642277575992999,0.0791055145046731,0.0394802251859377,0.0939398134510278,0.090243575319395,0.0623840718390836,0.0768905533906846,0.0411800543752469,0.0926979494183927,0.0884508575230633,0.0610022386454622,0.0752841160663683,0.0459722242177161,0.0812042634922872,0.0644123708781282,0.0624442864410064,0.0779696072609675,0.0407001273139717,0.0933072751713432,0.0896507005696128,0.0614299123633109,0.0762959875871501
gumbel,200,896,1.33333333333333,0.25,12.953664937635,17.7861706304547,13.1895247071763,19.8509959776251,18.0294663613818,7.44162457551509,9.84648554809053,7.55998239715392,10.873647257779,9.96764146837393,12.0551306677127,17.7060478897938,13.2160177390743,19.6217498288359,17.6772031497459,0.0363210729208552,0.0397275811762143,0.0282390308203442,0.045344709939407,0.0347876319407584,0.0315505179590092,0.0420694624087995,0.0311126062702081,0.0445319011580185,0.0401488079692874,0.0341688435436587,0.0448326385589154,0.0333903626567604,0.05036427043,0.0466758844765408,0.0326608704577409,0.0434358108654878,0.0306436463326497,0.0494621995927259,0.043603073506635,0.0316909014957643,0.0413745396311632,0.0280045724067666,0.0481161159014122,0.0426697890067023,0.0344881254056696,0.030133012445621,0.0152464545472239,0.0426740958959819,0.031740835256045,0.0328109955201707,0.0435268784133941,0.0314250791712819,0.0487514464398834,0.0437089376537079
gumbel,200,897,1.33333333333333,0.25,19.6656200481251,35.3852670885173,30.6136554840749,30.7696257732446,30.5346950921606,10.7816880057377,18.6020852351917,16.228542500081,16.305627716092,16.1893899200595,17.4005605780164,35.0426853966061,30.6087261127634,30.5781753166934,29.161084709227,0.0432756109618913,0.0571987492305783,0.0222763895242428,0.0667095003437982,0.0571466302573038,0.0449847645826987,0.0872174155815361,0.074192685969584,0.0756963822864446,0.0735344043982835,0.0483364441451878,0.0894520357048319,0.0772822542482143,0.0755089294998879,0.0734493969020634,0.0472452361366445,0.0874205539998299,0.0750416547789002,0.0758088896750612,0.0736599308606317,0.0472376446461876,0.0856659189739339,0.0718148532145074,0.0753553470666647,0.0723429366621694,0.0466584610093111,0.0899273917728386,0.0812100187710441,0.0757138580475299,0.0677058937493036,0.0480459235158267,0.0874982390809396,0.0746158543187511,0.0766739864504347,0.0744387340028465
gumbel,200,898,1.33333333333333,0.25,9.52896633583893,32.2316398394024,32.6633184570435,21.7898495497785,25.5610775099648,5.73807704316943,17.0324475752166,17.2472088860358,11.8380586773926,13.7144465089596,8.6811253242865,32.2966888312868,33.2908302597838,21.6408239352012,24.7921558309543,0.0288163630584885,0.0855162704550221,0.0864980831393187,0.0593939163756597,0.0684813352726783,0.0280449912288,0.0826999064377939,0.0804758836348,0.0588319031367159,0.0682729591550781,0.0219361298055256,0.0823921602351687,0.0844276000278063,0.055438329736662,0.0623527807422367,0.0246677935155204,0.0813999353303357,0.0819108540321348,0.0553663666346564,0.0643546867128893,0.0244170190124341,0.0810922867938658,0.0824155890245424,0.0532191518914168,0.0637816637987071,-0.0650400380530136,0.0520510756222915,0.0753459233474047,-0.00653191698022523,-0.00030002330377779,0.0244814513838285,0.0812958696343612,0.0822246100332031,0.054762586385081,0.0634675378091329
gumbel,200,899,1.33333333333333,0.25,24.4336772330907,50.4299096481215,46.5123219814669,42.6076989349981,45.4051833241012,13.1539973322722,26.0863837342793,24.1377043571512,22.1948920369682,23.5867885336945,21.5407842001109,50.2256618378676,46.8633158437945,42.4759987653075,44.1778037707034,0.0629288422885205,0.125224234790446,0.114593717279924,0.105538096253205,0.115545862758326,0.058050459016412,0.129330052329258,0.120341054680437,0.108970571570307,0.114556400781872,0.0593656916172908,0.124252032134457,0.114020663756963,0.105217703700267,0.112785950244199,0.0599014302318735,0.123590948030299,0.112082538408361,0.104620369680995,0.111191221789085,0.0598117243998249,0.124942141551413,0.113828287694471,0.106586558205934,0.112767111641116,0.063826955401671,0.128995281837857,0.118782314536041,0.109484022094165,0.118333323392425,0.0588418609873249,0.126435186182917,0.116352625251253,0.106172895343613,0.11304139833968
gumbel,200,900,1.33333333333333,0.25,13.2696314379599,39.2489810104709,38.4567302569541,31.1462246439362,31.9206856526268,7.59959387743552,20.5237549946415,20.129705095563,16.4929511794481,16.878564063184,11.3259279304956,38.9695740810622,38.9303770943392,30.9307519654978,30.4868203429597,0.0374428939487,0.101038773554936,0.0986297275906299,0.0821929294346831,0.0835002521201115,0.0354934795248366,0.102743092753767,0.101113562896767,0.0805561929818611,0.0836057762344469,0.0303353761670204,0.0993681591543322,0.0964436136989496,0.077800169250331,0.0805298108163339,0.0312425288151492,0.0980005854428492,0.0959648112141023,0.0768246370759732,0.0776257054178681,0.0335436096154345,0.0945233910078098,0.0909172725732288,0.0752073759737636,0.0775333865303671,0.0218866916882374,0.0892301000252592,0.0936063025797269,0.0660968465660943,0.0591644195907127,0.0326683686328139,0.0980053101439105,0.0954896769206427,0.0773529216246003,0.0786886490526715
gumbel,200,901,1.33333333333333,0.25,32.438674199605,26.9923824352977,18.0391786153632,25.1794821462019,31.4450459071566,17.1358508373349,14.4264644072973,9.97231760062096,13.5244494637725,16.6418146139649,32.0269847023074,27.5975274484246,18.3343860476011,25.0547055666775,31.9424652583107,0.0743626210627203,0.0721126300088509,0.0482540624815891,0.0675684021517027,0.083309286373651,0.0820671233231629,0.071738950421421,0.0498776591591049,0.0660764794226501,0.0824495101305023,0.0840036524795492,0.0691995226351787,0.0465676833228021,0.0648752769112955,0.0797969116165069,0.0797243805853531,0.0680322441901102,0.0456122548371816,0.0630436031986089,0.0776246436552129,0.0791467680494822,0.0648205624091612,0.0412323565767524,0.0618765143503283,0.0765613227961489,0.0760369401111397,0.038196285030764,0.00527282697641871,0.0494395205622556,0.0567500869545011,0.080711635750054,0.0668912075208484,0.0447520759597873,0.0623504167454778,0.0776734738720042
gumbel,200,902,1.33333333333333,0.25,19.2455258641662,65.3099186250261,69.9716424218921,40.1274478599042,50.5665860605854,10.5718918937848,33.488914661269,35.8083712860934,20.9608131004166,26.1540694604922,17.5451941931643,64.862636106451,70.0298100378004,40.0326408441022,49.5754734399428,0.0510830120919184,0.160830197599974,0.173693739297158,0.0892356182816084,0.125723204202491,0.0478982361036408,0.160570274122537,0.169478381028692,0.0979069962078883,0.125112830411344,0.0454743974209916,0.162797803266019,0.176278351452517,0.0982567716337049,0.122966145886187,0.047917570493105,0.161773728502681,0.173130842355966,0.0982060532872,0.125405759103995,0.0501147513445725,0.160310258655625,0.16944775955067,0.0991481679202582,0.125674042097072,0.0471695855529281,0.144965552370006,0.147512022125459,0.0910912675436431,0.12305612353547,0.0484747851872494,0.163836064018955,0.175248218531198,0.100057064405247,0.126777319786061
gumbel,200,903,1.33333333333333,0.25,6.73297798066363,5.79248059544588,3.80259331344286,4.01161378156963,5.15997420180941,4.34764011007394,3.8799752323769,2.89018878140328,2.99359376477514,3.56523064451191,7.00607585871552,5.65126327707907,3.51610132831874,3.76852983239691,5.10469735696632,0.0179613834469806,0.018143079024146,0.0144970374751102,0.0120905216727899,0.0166829158957099,0.0114301734217323,0.0096250023519998,0.00716325409144508,0.00683324308074864,0.00899103051299848,0.0124054528503162,0.015379426666158,0.0101401236046549,0.00965083240947654,0.0122387937372285,0.0152574537814341,0.0122698445939654,0.00739209245415109,0.00897608394399331,0.0101126823958776,0.0180925864276653,0.0154594161619659,0.00869806663965291,0.0123528018130111,0.0144675284814085,0.0216946896408953,0.0193637402842675,0.0143897657302375,0.0144131601848016,0.0178908763122054,0.0163586050284323,0.0135971443861226,0.00804306176056273,0.0102408477088215,0.0122715595514866
gumbel,200,904,1.33333333333333,0.25,10.3890138043559,29.1767276057267,28.6675058182674,20.4174325938696,23.8679077458719,6.16605946885962,15.5128264779118,15.2596876528831,11.1552024333564,12.8720807272993,9.56034076678582,29.2186858544607,29.0013715406861,20.3268963254212,23.3094462389774,0.0287363330909456,0.0717492397891201,0.0677892310563757,0.0508740973675873,0.062020071325363,0.0242202899781929,0.0727128012154197,0.0727714764975964,0.0499176763061499,0.057325486113997,0.0243485097143968,0.0697416539189672,0.067488810898849,0.0501337431470703,0.0568044202999391,0.0258565728906594,0.0737452945287356,0.0717634509085039,0.0518574455620748,0.059648745240813,0.0277503755911159,0.0694284967827934,0.0664099065261493,0.0478072284215323,0.0575567528710665,0.0306090183775573,0.0752957716847716,0.0699231066683023,0.0544807929014116,0.0628936441155974,0.0257665326734227,0.072305917634317,0.0704835029417602,0.0500360581674709,0.0583009478358878
gumbel,200,905,1.33333333333333,0.25,18.7548056573326,37.6827654457717,33.503539286407,36.0648633231493,35.0370603300979,10.3280793107395,19.7446315775124,17.6656976164004,18.9399074187158,18.4290928464187,16.9581246808085,37.704780662858,34.1163500455305,35.9083734349951,34.0483789087915,0.0514274079571826,0.0982857186671211,0.0884158671302523,0.0885101995628177,0.0925476100628824,0.0456521923955668,0.0952540514178286,0.085894779627109,0.0897748812562972,0.0851983108840281,0.0501353293768065,0.0962045649594426,0.085152255560363,0.0931371646344326,0.0892287892369611,0.0475140963425418,0.0939792631910926,0.0824003998582429,0.0906264466093026,0.0858146294406621,0.0461107799349806,0.0946303439438534,0.0847760184366015,0.0880382077170108,0.0866093448648056,0.0380735614447088,0.0683894541997989,0.0548888586243123,0.0787028028334267,0.0564755797148559,0.0460293420154976,0.0948974552407284,0.0841886080236944,0.0900915462509189,0.0865595182603211
gumbel,200,906,1.33333333333333,0.25,19.4822243889023,47.6542887047468,47.1747460997822,29.3161287973085,37.7510096044854,10.6902640417344,24.705461756768,24.4668554453538,15.5824840013698,19.7789738270372,18.2462879293414,47.6828852254774,47.4772000777973,29.0583553972247,37.1530664988958,-0.012632940992367,0.0881441962815677,0.104219401132545,0.0226397980885154,0.0361750217641115,0.0383369921376117,0.120651852731246,0.122076773716009,0.0704782487893785,0.0910357387189283,0.0484390378333499,0.116795590728392,0.115389771886439,0.0716877672167783,0.091957593567802,0.0496438289226073,0.120532908886801,0.118594619459607,0.0742729559724536,0.0955965459984139,0.0484626139818983,0.118330520185979,0.115431088933421,0.07286063807469,0.0938991732627793,0.053371842287956,0.121154066556098,0.117657688508958,0.0758194282541424,0.0962666992065529,0.0475524901436775,0.119228111090562,0.11827836468597,0.0728314572120902,0.0934489317433776
gumbel,200,907,1.33333333333333,0.25,7.35544804539615,32.2558714599822,35.7328866509266,12.3808643159169,20.9672647858931,4.65698628557915,17.0446618188288,18.7743251641253,7.15735686741306,11.429160595368,6.74505863985866,32.1787702538272,36.0923133961196,12.0007973216454,20.1731513530225,0.00245312227968272,0.082827199738665,0.0943208443156598,0.0239379618323616,0.0447701305835162,0.0219630375819313,0.0833083665831932,0.0910136463763241,0.0329638128082691,0.0557796881985402,0.0165928707097602,0.0825751298325602,0.0920618378223212,0.0315117840283047,0.0521937272668359,0.0184174038794426,0.0797013373391242,0.0885824158631872,0.0298059354680915,0.0494921744828447,0.0178124625118265,0.0830968456446126,0.0922270578033728,0.031428191775154,0.0533343709148792,0.0218197044816225,0.085031835929433,0.0933753594078234,0.0346974117877309,0.0568113069637668,0.0181768538318549,0.0808714180991472,0.0899573729355459,0.0304339219198302,0.0513034849377113
gumbel,200,908,1.33333333333333,0.25,8.26085682277041,28.2577052653844,29.0380113323985,14.8302209445671,18.6311559242712,5.1075027525855,15.0560478819156,15.4443822003297,8.37591877799336,10.2671429862611,7.6404477134496,27.8762451837544,28.8853667716145,14.4782873110299,17.9677345835963,9.2860870096827e-05,0.0296980459808571,0.0277120227902659,0.018783080931225,0.00348013864362335,0.0192690931007249,0.0652368837242657,0.0666716417967377,0.0343801570761524,0.0417511822111507,0.0208065874333068,0.074635358752468,0.0756464781583354,0.0407166141759561,0.0499667354725695,0.0200457678736297,0.0701282589882833,0.072595994536634,0.0359135549922657,0.0451221451192605,0.016017202152722,0.067294509514432,0.0688473844704071,0.0332687935581995,0.0409250540797222,0.0213457981507246,0.068401535171825,0.0714434082906016,0.0277988180324911,0.0418914373332296,0.0189917066520143,0.0695503037583816,0.07142813687759,0.0357538774803606,0.0445536710070802
gumbel,200,909,1.33333333333333,0.25,11.8141686970738,12.4477143693854,8.04088527681586,14.9832465532583,12.109676551237,6.87566942097314,7.19099030104277,4.99888785285355,8.45200986931903,7.02308583160349,10.6336240405804,12.2166406304696,7.88391899054075,14.7445414624275,11.41720353474,0.00694074174678174,0.0247262616155678,0.0201446722089542,0.0276599391259208,0.0170601235248093,0.0315501564234578,0.0300175654731755,0.0170850519915197,0.0389584267278609,0.0314117665402109,0.0293364495875168,0.0300472969917062,0.0175502814886177,0.0380642375085731,0.0289909834360874,0.0290996355556886,0.0299366148917726,0.0182303941663493,0.0370335268471269,0.0287068631303049,0.0269352278407356,0.0277277639470109,0.0169759414305559,0.0345711515429815,0.0265273701128052,0.0256976236266332,0.0212412439670538,0.00754612794036458,0.0364328421189947,0.0237918448323562,0.0267126227398624,0.0270184892933857,0.0150820298679592,0.0352411715217555,0.0248055778966352
gumbel,200,910,1.33333333333333,0.25,5.28537638322231,23.2611075268611,23.2703812454036,17.3184209099845,18.0173930479291,3.62743101174858,12.5696343230468,12.5743781875563,9.61326511260808,9.96170479001269,4.00118684544714,23.1213707561408,23.5607708894092,17.3996680185506,16.7316630559174,0.0112088474946716,0.0619118374984167,0.0617040748732233,0.048219739316727,0.0481477525823963,0.0097528912090531,0.0623734739898387,0.0630776558322788,0.0441586017201579,0.0441982264721392,0.0137846733074727,0.0592673853426344,0.0601508891989261,0.0430699147559719,0.0450820395083952,0.0135999982857361,0.0596126993540273,0.0591804623024475,0.044765471077596,0.0455838815753623,0.00442515970737606,0.058021919882521,0.0592279763436382,0.0426173030156708,0.0396946381064018,0.0179935195938367,0.0576649354922154,0.052508547100003,0.0482951957955709,0.0500393025868494,0.0124115773437676,0.0585025009336137,0.058424451044315,0.0433846834109744,0.0438308905561181
gumbel,200,911,1.33333333333333,0.25,15.507380560853,31.6079572328832,29.4448338801118,20.2795805857674,26.3912048557968,8.71222733375085,16.7224004719603,15.6461611945163,11.0869009154357,14.1276069566625,15.0391749454329,31.8176350611842,29.8168674718424,19.9959771056538,26.1053346307424,0.0437605459406277,0.0834255227945,0.0784614588887336,0.052682816869953,0.0698506657115025,0.0362503426146133,0.0812529897648396,0.0758094871730141,0.0499607479098751,0.0652878760907406,0.0356238257359399,0.0746833933926625,0.0713089554290344,0.0433564133199439,0.0580610881959083,0.0388929659520477,0.0792008808137522,0.0745239861986903,0.049899614532098,0.0637831275834322,0.0382688819886615,0.0809278721428608,0.0758831338907548,0.0504596920665424,0.0676889668379057,0.0201060885212395,0.0822569554392103,0.0785858563199621,0.0549986448345878,0.0649254385944521,0.0387490934760177,0.0790599028200869,0.0739210272434165,0.0497899124157918,0.0649105513804667
gumbel,200,912,1.33333333333333,0.25,4.91907172089839,21.1653418092286,20.7082541742071,18.6948320781064,16.607337256325,3.44483584332425,11.527244232617,11.3001561527604,10.2981286675106,9.26017393814756,4.00345936043779,20.9838178220524,21.059176686513,18.7031774515551,15.7098623720341,0.0152700197228753,0.0564738226061765,0.0539343488111935,0.051563070167633,0.0409691096178438,0.0142162562348526,0.0536701540984971,0.0520138493471168,0.0459496223243634,0.0392767171502499,0.0154121895475281,0.0553958816820483,0.0540655876971004,0.0490412528884007,0.0438226906367632,0.0120930110405518,0.0533699364949077,0.0509478588408544,0.0477962352224833,0.0415173328046917,0.0103846960128195,0.0481093774137009,0.045102303986877,0.0439348381306581,0.0319968069006951,0.0146994897629802,0.051782635839246,0.0521979270240739,0.0428100296063689,0.0384869414376732,0.0121121612481923,0.0530694718573887,0.0512510701657013,0.0468926483086824,0.0404682286621387
gumbel,200,913,1.33333333333333,0.25,22.1477265714842,46.312028185865,42.111954011884,38.8259500574953,36.9980459782328,12.0169505005634,24.0380621375557,21.9484616835959,20.3139406552922,19.4057031794356,19.656537417021,45.9862194801539,42.2504029126714,38.4251013054556,34.9748920145255,0.056761026551849,0.100166837687206,0.0796210133912916,0.0897116539538816,0.0912756545839213,0.0536644367739047,0.118003914161566,0.107645817677792,0.0969738761004231,0.0909774393420253,0.0513658331620073,0.113590078396408,0.102133589636564,0.0948191533003087,0.0866246105336932,0.0547879647282266,0.115414495168238,0.104753183047021,0.095884082664608,0.0898064121875958,0.0537711672287598,0.115290871510419,0.105204688501864,0.0966262680223248,0.085717522315744,0.0592993677942242,0.11620504144992,0.104743973144035,0.099086634804562,0.0961319504807803,0.0522685201238053,0.114582709203697,0.104758186801096,0.0951485188339997,0.087598683293769
gumbel,200,914,1.33333333333333,0.25,14.5062129714907,25.7623994178887,22.0420324864815,23.6308832055342,23.7574032832979,8.21430094412394,13.8144561585989,11.9638200888639,12.7539929339122,12.8174183105123,13.5713492026257,25.8875076905999,22.4362375479527,23.495671755698,23.2346281675286,0.0347848101472803,0.069053149083247,0.0600600499203789,0.0629181483473252,0.0609415490859357,0.0377996091935484,0.06307794542625,0.0547129749139626,0.0583195435937333,0.0575079456075451,0.0374916222213409,0.0620024611614498,0.0507231835565295,0.0577348827773724,0.0583376372562129,0.0374782132254436,0.0647594465856307,0.0549200377336237,0.0596443400419365,0.0585239747795022,0.0317078044236239,0.0575608282671952,0.0471150182118583,0.0538220619921058,0.0536801457556987,0.0301478027310451,0.0693774830210962,0.0576912078924495,0.0636644532132588,0.0638751987391693,0.0366852510587952,0.0646493290557965,0.0544591285921726,0.0594350605398972,0.0590127207375678
gumbel,200,915,1.33333333333333,0.25,14.0939284612592,18.352766935211,14.1633920310306,15.5741635268691,18.0526824525676,8.00883476602037,10.128245123009,8.04440115647903,8.74559325946732,9.97911650026472,13.3706453789852,18.3872807950884,14.1529841136605,15.5846226569487,17.8287429794217,0.03505210568529,0.0485847375668783,0.0335002224073071,0.0438212075025319,0.0498027156803025,0.0361711750140339,0.0429938723221235,0.0269686059796286,0.0389630973408816,0.0456824168326436,0.0338239768094358,0.045935907078661,0.0355970228999895,0.0375798439029972,0.0445965095879407,0.0373345531956566,0.0451134848553097,0.0339624928171074,0.0388865736409429,0.0448570498312115,0.03510839166296,0.0398337977959427,0.0287775201500717,0.0349583145285989,0.0393764308051909,0.0401612475530219,0.0499359545527134,0.0372970019715091,0.0438360311040598,0.0500510406318264,0.0366013927069161,0.0448933263419995,0.0331189447991726,0.0390768680880663,0.0445894860550986
gumbel,200,916,1.33333333333333,0.25,9.92327868969019,43.4146584327365,47.4244004346597,23.218955544903,29.3674236552523,5.93420801884912,22.5963162036223,24.5912807909982,12.5491362506311,15.6082164699358,9.18350414241058,43.0776670761376,47.4031532165784,22.9920263810142,28.546313751692,0.0220745949507554,0.113315591087721,0.123263155485119,0.0630262673251159,0.0770200819880265,0.0244763310946034,0.104525074888279,0.113653533803297,0.0545126503321269,0.0687208323611807,0.0186518138412685,0.106185782681168,0.118571745610766,0.0545483850767862,0.0679126477614043,0.0261788714691518,0.109737768574095,0.119802883108169,0.0594375711820216,0.0738954318760165,0.0247447363816365,0.109034398033896,0.118296455420985,0.0580425884968679,0.0744936986754018,-0.0238592404507302,0.0494250861186821,0.0702710560199439,-0.0161254097471255,0.0018423205727505,0.0257468512080143,0.10858426565742,0.118069194974342,0.0578137196977816,0.0729428663734701
gumbel,200,917,1.33333333333333,0.25,37.521150144317,52.7817579523076,43.4398593968239,47.8778081085122,51.3217009048403,19.6643883348927,27.256798280147,22.6096365908073,24.8170148484144,26.5307559438846,34.9300487682152,52.8398705934761,43.76741687865,47.5925577294398,50.5366000729068,0.0988028749199718,0.120835817751236,0.0900789424606663,0.106100168748146,0.123308750142306,0.0955039614970124,0.136135852714717,0.112849278339909,0.121452805590633,0.129925763660487,0.0943141945513111,0.132621223358744,0.107269840771049,0.12171923327764,0.126195380825261,0.0942336982885631,0.127742588364375,0.101350315610676,0.118024303332742,0.125089437305997,0.0938155926528518,0.131421726159546,0.107349113437718,0.118195873901908,0.126237727284455,0.0913559716946785,0.134436891612724,0.11062597735053,0.121290798413107,0.130634067904097,0.0936074176165969,0.131172983265732,0.106511013896538,0.119138571944194,0.127169018698752
gumbel,200,918,1.33333333333333,0.25,14.6728300703308,55.1744831976055,59.3056815868094,33.4565319360996,42.5728764212072,8.29702580874611,28.446177695279,30.5012878917241,17.6419240412626,22.1776018896641,13.5275225304945,55.2803492909109,60.093839641356,33.4443723255512,41.6794652338103,0.0415727324227244,0.136124724693585,0.142827312032295,0.0801596420692373,0.104288883002198,0.0368941299118664,0.137125062719861,0.147924123609057,0.0816611731072046,0.104786032962949,0.0380961554496026,0.139351780137185,0.149720004934685,0.0846822459925817,0.105582111238044,0.0371859622157572,0.137776218490609,0.148459691759495,0.0824520540641814,0.10578221353532,0.0385469465072034,0.140721963606542,0.150296105988081,0.0865581222550328,0.108721198680307,0.041308708182552,0.142129480101696,0.151238693470861,0.0870760300413625,0.111432134271387,0.0369692601709683,0.139321522332805,0.149827349321249,0.0841325275494053,0.106535410876794
gumbel,200,919,1.33333333333333,0.25,8.85169063595028,38.3633237982433,40.1204513025638,27.0360364189958,25.7546690591241,5.4019892915812,20.0835725336239,20.957585333967,14.4488657265573,13.811542935468,7.13843986758692,37.8603208767237,40.5437984184468,26.3136389956931,24.134314781446,0.0226637206989387,0.100175048978256,0.105038793889482,0.0714735323374833,0.0675983567308965,0.0215139284548652,0.0938227990594553,0.0971985445018984,0.0637081431715678,0.0648000843314611,0.0150389813510257,0.095092744695253,0.101626004438414,0.0634797810043238,0.0578892634723699,0.0213458056226386,0.0958989565787153,0.100068679368382,0.0665424626568293,0.0632211417432231,0.018449191542637,0.0942432278339004,0.100298485626814,0.0640695040234677,0.0583020309242744,0.00199987651518355,0.0828069411079238,0.0938100731538315,0.0496330805614567,0.0417133460376329,0.0206867294762517,0.0948372821111305,0.0994832057694287,0.065142361196188,0.0618754678999889
gumbel,200,920,1.33333333333333,0.25,5.17944393234077,38.5162855626422,43.3557423644915,21.9268362842987,21.7515462688042,3.57466039005391,20.1596188880944,22.5672427795642,11.9065012712252,11.8203441002703,4.04918042261681,37.8549647910024,43.4815294889049,21.5855386661217,19.7993159634638,0.013440780795688,0.0859317905416869,0.0960461675988478,0.047542490102757,0.0522896675020767,0.0106321596895596,0.0942520212540826,0.106191825567119,0.0517928332781904,0.0517255480196326,0.00944325679028179,0.0935194160432563,0.106226384167876,0.050936715544687,0.0479736061255135,0.0116692373727519,0.0957374646629921,0.108296513026842,0.0527175534365996,0.0512458437022126,0.0128500706992725,0.0932142842862739,0.104923423169732,0.0523890356147649,0.0488137423013341,0.0152421562185639,0.0803352842895495,0.0852735171687658,0.0434283502382654,0.0475203742995033,0.0126581303027371,0.0955278505907168,0.107103103436361,0.0541401900807849,0.0521567081593254
gumbel,200,921,1.33333333333333,0.25,7.76018540840752,17.8879425353899,14.9081469999247,20.9713197106308,19.7763261061701,4.85854141931046,9.8963536034991,8.4141838768392,11.4304878447862,10.8359114281613,6.3223403738359,18.1187559248022,15.6158346328892,21.1368768419139,19.3209097366143,-0.0114024977426685,0.0408404328377101,0.0406279183563592,0.0318466399312015,0.0362494294340473,0.0184646800226191,0.0445602768950993,0.0343788574715108,0.0538964570664987,0.0498343580245143,0.0194343856779693,0.0446071224787914,0.0357712161733052,0.0529329558850074,0.0500261452251845,0.0194022707118058,0.0445512895944467,0.0361346579103526,0.0534091278485154,0.0505005858206992,0.0188241776518934,0.0464188862775886,0.0383187101484585,0.0537799886991268,0.0505961143313562,0.0238577460825651,0.0474170473321317,0.0360765249358718,0.0574266024331048,0.0543743017840726,0.017567485901397,0.0452814719593044,0.0372603543840229,0.0529094929122851,0.0494501872278428
gumbel,200,922,1.33333333333333,0.25,16.0421397168484,35.3628412566928,34.3794841613241,19.7187186183861,27.9834613475173,8.97882791007229,18.5906503967903,18.101610103319,10.8077350845486,14.9195863161131,14.6413207479145,35.175357482112,34.3847834714995,19.4937484005134,27.2827670178178,0.0396829034871782,0.0929377073182595,0.0884996567563799,0.054292779455256,0.0746116826487086,0.0376769659194843,0.0870007008133225,0.0842754219359743,0.0492996553310369,0.0679484955061303,0.0364679648065703,0.0833437468075841,0.0809714393689419,0.0430463041313016,0.0646335538347605,0.0405042611877077,0.0878747785834136,0.0845349204090259,0.0492113390649583,0.0698162754442333,0.0362154151128073,0.0848195918526266,0.0830916186672773,0.0460162636502906,0.0654843916618511,0.0304429674531973,0.0718083942069795,0.0735135109895823,0.0332393510929563,0.0494298080189778,0.0389949157235401,0.0885594720581257,0.0858392230475885,0.049172021464198,0.0695823474695662
gumbel,200,923,1.33333333333333,0.25,22.8902218524012,50.3843022568601,48.0624560858184,36.6442839908441,44.053360845258,12.3856534663766,26.0634664570058,24.9084913793672,19.2279730994367,22.9141310008469,20.9527405439926,50.4205095343407,48.4527861406129,36.5830574693825,43.2693291581571,0.0619424240422166,0.130935842894662,0.12501944071609,0.0964034455074867,0.11487052392868,0.0551715531898972,0.124307770993181,0.118795258136394,0.0897302928557044,0.107264972116013,0.0560327626963654,0.123171945639459,0.117347140836496,0.0886523565407647,0.106172354995659,0.0582476740727018,0.126687610563102,0.119865277728613,0.0928199567006241,0.111010768693838,0.0601440823410098,0.128656665163031,0.122031831981702,0.0948182091110265,0.113573032276428,0.0619104387442733,0.12765958472628,0.119130454552345,0.0937170180380743,0.114946053830978,0.0571992119963763,0.127056356760897,0.120702794002572,0.0924491553844919,0.110709651209211
gumbel,200,924,1.33333333333333,0.25,17.9232737834221,51.5078170603315,51.6341933641803,37.072068502566,37.3957205359514,9.91464089160746,26.6230955728527,26.6861651992269,19.4414398989494,19.6032760626886,15.9484506726179,50.862033116065,51.6615407901414,36.563700125397,35.3652863026604,0.047893267680376,0.127255761266983,0.125810455400277,0.0870368235162842,0.0952380211776746,0.0480942939314977,0.131881865209984,0.128434831671086,0.0969579284473321,0.0979848807685007,0.0457376697030132,0.131399645580469,0.130832651988301,0.0955635401803054,0.0957245674167164,0.0448544610344119,0.12606957949359,0.124934777175667,0.0902430954346513,0.089841789216221,0.0460429969781949,0.127750973761152,0.127814706499017,0.0909789492061017,0.0921603288540524,0.0471049672092155,0.133693613227002,0.133803528271601,0.0970389813977138,0.0949082121972925,0.0445053502565207,0.127798996966924,0.127422103605925,0.0916076681131774,0.090597898683353
gumbel,200,925,1.33333333333333,0.25,12.0349553624242,24.275683995272,21.1856463142785,20.9324298622507,25.4673931423033,6.98461094003534,13.0740596377331,11.536913406044,11.4109999090066,13.6670895551292,11.172373324675,24.6762039171913,21.8029156590394,21.1640155968614,25.3919758508693,0.0324852340405239,0.0642165398518398,0.0578290580156818,0.0529101847751489,0.067182786232842,0.033384748002014,0.0586177727900815,0.0495033859770804,0.0528157831268329,0.0636365434764639,0.0284119576589032,0.0580092006446345,0.0507486008812679,0.0487563754752954,0.0607275195729292,0.0311151403275126,0.0609725306336721,0.0522089170176041,0.0528359518236536,0.0642590744691472,0.0324102073726638,0.0611000048270391,0.0522542032611296,0.0534611358080044,0.0649727431289904,0.0338648795406705,0.0596376612788036,0.0509617224601002,0.0545218382483282,0.0659418223724138,0.0311768330386832,0.0619207711687942,0.0535579827157152,0.0533724432654426,0.0647351764287598
gumbel,200,926,1.33333333333333,0.25,10.7608051123094,31.7997873204175,31.024297211586,26.3780314698245,26.7175462746038,6.35121663760334,16.8176752932594,16.4319758305979,14.1205853978517,14.2902372420495,9.28949231144064,31.820888705175,31.7897594097047,26.3007955685144,25.3859816234055,-0.00284367824730076,0.0663357790864959,0.071409539420644,0.0501403741899011,0.052273397289699,0.024892228461108,0.0831381184496934,0.0811154265334112,0.0680285618125166,0.0676556066545778,0.0248158105187792,0.0798075447407085,0.0787112229169955,0.065175315242699,0.0658161874461563,0.0236526362723414,0.0774856490033482,0.0757071906208809,0.0632653108994424,0.0604803827970616,0.0231985126356334,0.0780022064723369,0.0773522430549777,0.0643888142409983,0.0616387309350917,0.03136236710004,0.0843781073726269,0.0825437401539046,0.0671049833890721,0.0717555578912982,0.026449171239528,0.0799173376886086,0.0777032108006375,0.0659508607244084,0.0652989040997339
gumbel,200,927,1.33333333333333,0.25,14.8788576142669,37.7789878883956,37.1094436524301,20.5867402670505,29.7619561975146,8.39974168179528,19.7923561498286,19.4593469875374,11.2393246589633,15.8041354029519,13.5348935913028,37.6223917433087,37.2341263386174,20.5512072889509,29.01069536078,0.0346344763733789,0.0915316906145626,0.0823132375625226,0.040938670550245,0.0778071542422703,0.0302297362335842,0.0929124019067755,0.0938260179180565,0.0469160789031859,0.0679472186586011,0.0410549481482196,0.0982456801381832,0.096537811801134,0.0550352754261544,0.0781751610670843,0.0356456195723216,0.0940514402088191,0.0926820582430476,0.0505258182779698,0.0730119282478964,0.0363013908508621,0.0903551926792193,0.0872052708653999,0.0490126110405224,0.071466631334021,0.0421678719657499,0.0992486004419536,0.0975504447603261,0.0558416464377605,0.0793581264982281,0.0371605784532419,0.0945216482264629,0.0927470783450473,0.0516484791441949,0.073828000566264
gumbel,200,928,1.33333333333333,0.25,15.4748161544825,53.7269448241132,55.6181556026724,40.5415885490383,39.8240119110716,8.69639318658148,27.7268756543609,28.6682418202692,21.1669545955572,20.8106711034569,13.3747936574928,52.9212018403075,55.5357690793389,40.4111010345072,37.9645350937653,-0.00572712898078162,0.130077644436989,0.143507154244983,0.0851236039984522,0.0904730445977394,0.0336196945150315,0.126874966290095,0.130786803525219,0.0978300856335377,0.0912279084816656,0.0401917654808154,0.132837563662545,0.135905734280784,0.10216300469461,0.0967941780103497,0.0389215581635277,0.132635756243201,0.13594820478099,0.100856005249973,0.0961247380862519,0.0339063424105586,0.132964717168302,0.137889979732274,0.100527472662813,0.0955953566014996,0.0335297476802388,0.131867846451734,0.139599374087647,0.0990300222350132,0.0903616374770838,0.0387891435439337,0.134307840310004,0.137956483767873,0.101865931813966,0.098522484920663
gumbel,200,929,1.33333333333333,0.25,14.9131030486261,49.5610608492136,52.4125859840493,29.9603058076255,40.4979123359566,8.41635279841557,25.6534906746596,27.0721118779717,15.9025116451544,21.1449343730211,14.2599254009363,49.8374055862304,53.0679141901722,29.9858254058056,40.2004706805241,0.0399749061808431,0.128488896222873,0.133298065850821,0.0797199650451742,0.105085039949037,0.0406172728120728,0.125613612047619,0.130996639083787,0.0774859480170317,0.10348548886185,0.039982457653108,0.125996219462361,0.132324970274281,0.0761171410510479,0.103445526431852,0.0388981157404171,0.124975161271731,0.131216601437825,0.0750271093300027,0.102306368675304,0.0368790943731889,0.126451640768306,0.133781416468308,0.0770668099444896,0.102630045542872,0.041220297596565,0.119571287618269,0.119533674395338,0.075874752618801,0.100570188524776,0.0382626658028632,0.12548790746918,0.13248734875058,0.0755983891534024,0.102244571381552
gumbel,200,930,1.33333333333333,0.25,8.38334924567499,38.5988501018756,41.211275963914,24.7579293840278,26.8018470996103,5.16775601809536,20.2004298918928,21.5004657566917,13.3145086125351,14.332037967556,7.6566352672324,38.2261451910006,41.2970556653461,24.7250397594745,25.6321646987249,0.0258628140995616,0.0978200151022775,0.103328511999133,0.0637910068775361,0.0633697575746969,0.0222596755488259,0.0989187779910504,0.105358094479815,0.0646501215214253,0.0686050562325056,0.0228371102422008,0.096372448377154,0.101674046107055,0.0621423162995334,0.0667413547768315,0.0206561279050786,0.0952501481697606,0.101161937206808,0.0608507397892774,0.0642947542508456,0.0225012444107563,0.0963205855093321,0.102588842796897,0.062412530007472,0.0651894196552806,0.0172473009951503,0.101409836554809,0.106329137997322,0.0632943736795314,0.0653719395421087,0.0218632861565681,0.0967961716351336,0.102442949915348,0.0622998869919544,0.0663394910006196
gumbel,200,931,1.33333333333333,0.25,23.2188992997582,38.7301613234108,33.2039937289299,34.5664867044816,35.2767498987457,12.5501124860042,20.2661439059883,17.5171925212453,18.1946098405091,18.5482011086429,20.3596642122603,38.4303678229079,33.2966727736136,34.2798297921332,34.1590914049936,0.055007557834352,0.0985992597104493,0.0747509954786223,0.0913319448696986,0.0925762196529396,0.0552661986522781,0.100494251521841,0.0864723408007562,0.0879132462617249,0.0906329196875661,0.0501349158627342,0.094355551374345,0.0822537884054405,0.0841599743983543,0.0842955137294419,0.0571608653422412,0.0971973513383672,0.0827254810690541,0.08711374131467,0.0884111477642452,0.0537775983427168,0.0980082329337296,0.0846222317889724,0.0877857258564098,0.0882730995375468,0.0630451623653428,0.0940201616527791,0.0757330916164007,0.0826798088627012,0.0894728888064222,0.0563933714335202,0.0963347818468706,0.0814710387822516,0.0862800202009283,0.0880191928029581
gumbel,200,932,1.33333333333333,0.25,29.9082037503962,48.6426141386885,42.1630407655825,41.0750719505236,41.5911629544365,15.8771810102636,25.1975983020268,21.9739535768587,21.4328317700434,21.6912382261332,28.5684129607317,48.8026458845078,42.2802666342828,40.68393634862,40.3174069378989,0.0771898894217398,0.125084311093795,0.109262713406245,0.101110468896422,0.106556466303299,0.0704481748240937,0.1157287705189,0.101087842830156,0.0962906577624513,0.0917617490438487,0.072715096803706,0.121638181845289,0.10627879352375,0.101945186091493,0.0988176280687449,0.0708429493052163,0.118454848403818,0.103641769669832,0.0987045853099,0.0926118165180478,0.0727590067861942,0.116800569358037,0.101682893038755,0.0973084356601437,0.0960673875257519,0.0788850767165828,0.126530048988748,0.109815790938655,0.107251512398415,0.107495778378456,0.0731508675795767,0.120498608752301,0.104715526873847,0.101329510200706,0.0983493793164399
gumbel,200,933,1.33333333333333,0.25,24.3654024635683,31.6687313496548,25.5316217166795,24.858113083635,27.4334407957725,13.1201471264753,16.7533241810189,13.7001725370064,13.364847851788,14.6469117431519,22.8977663801124,31.5935651443276,25.4019340109369,24.5275244156181,26.5844710697959,0.000624626479779002,0.0688027675404717,0.0656486493495394,0.0474595630133542,0.0363114647468176,0.0513084439885291,0.0689855710348993,0.0543185603152155,0.0546381690329788,0.0564058210324389,0.0619268256562378,0.0777483882640372,0.0620065432761594,0.0622017440970275,0.0658249043966508,0.0597897155604124,0.0771986280736705,0.0622686990486448,0.0606202075590304,0.0649836476960865,0.0559319871911693,0.0762403195166978,0.0612013044147223,0.0593224626875668,0.0643207377688927,0.062664578057239,0.0830805013509466,0.0664571708379314,0.0671396826132112,0.0726948127189736,0.0578567278446149,0.0778016321919242,0.0625693251625467,0.0609201203262202,0.0654313498449888
gumbel,200,934,1.33333333333333,0.25,10.9250671068965,30.762268355385,29.6040933203635,26.395861669128,26.7122540327076,6.43293772974811,16.3016296373095,15.7257257284247,14.1294465579199,14.2869835108878,9.63745507270938,30.7775045161303,30.1688977664732,26.3194682093778,26.0595175781686,0.0292441193633583,0.0630527039686977,0.0572202262945476,0.0455660264863306,0.0495476308335288,0.0252404610994269,0.0776221218108106,0.0759837527309051,0.0662355853124861,0.0663953412485685,0.0200259545581873,0.0684686267957733,0.0660790452891479,0.0604162717948903,0.0559175627191987,0.0271184339516803,0.0784272381621475,0.074477769202633,0.0672204438243429,0.0676329848496447,0.02923953083837,0.0750963836356397,0.0704217731153676,0.065812017142478,0.0667788029644279,0.0197322322515947,0.0718794491397536,0.071034682328415,0.0612811773441001,0.0644271574862678,0.0271230480769026,0.0768317941923368,0.0729325157403774,0.0661425324162522,0.066546862405821
gumbel,200,935,1.33333333333333,0.25,8.23545946766297,41.3572754585782,45.1575989127212,23.4842162558249,27.6863039334277,5.09424302716094,21.5727529248101,23.4635902570996,12.6810708688541,14.7717166206464,7.56409762723275,40.9482629717485,45.2251790985745,23.2912789644627,26.8266076218184,0.024125562525206,0.102367627609066,0.109212278415808,0.0599780847401194,0.0656461998637591,0.0224518773265132,0.105092253253316,0.11437836605199,0.0599806581737695,0.0696356171508798,0.0192708910020736,0.102439489421484,0.112272528943296,0.0568289731978052,0.0671629709577229,0.0204298431688841,0.102409876471559,0.112170204203538,0.056895994832002,0.066906225721143,0.0204097110024103,0.104045569118972,0.113702201844914,0.0569041340213376,0.0691487874360668,0.0108887019905419,0.107854033993769,0.117759787159792,0.0625975133194442,0.0682032404541625,0.0211947368421511,0.103625012658036,0.112927674494475,0.0582644748770981,0.0685913506267348
gumbel,200,936,1.33333333333333,0.25,19.1643826345657,50.0387651913463,50.2163194913904,30.995738115877,37.4181884922044,10.5318859266453,25.8918585719038,25.9801555734614,16.4181899159821,19.6141645028423,17.7971583610934,49.908060488496,50.3932795562474,30.6727143537809,36.1523925839194,0.0529030796058009,0.119024406301672,0.109207365345282,0.078443483815378,0.0927064703041141,0.0461790470303179,0.125566667885183,0.129485277848375,0.069608719864733,0.0887809691568245,0.047942829987022,0.124706084960888,0.126349567062282,0.0757539747738072,0.0918414076825345,0.0487084288232465,0.126340039629698,0.126545585696817,0.0778460486494766,0.0929328610418246,0.0506239273868323,0.125696130701299,0.125164308623363,0.0793767329596328,0.0925784311118654,0.0436247097475638,0.127405442703521,0.130180763652626,0.0787294962669779,0.0902104359545459,0.0481182529755149,0.125094617556193,0.125680875802968,0.0771325138634675,0.091409420736586
gumbel,200,937,1.33333333333333,0.25,19.1774428812037,70.3948592154117,76.4707618457992,43.9597689063673,51.8409512848624,10.5384835847269,36.0187811657632,39.0415418655327,22.8676695520596,26.7887361701675,17.0485415453657,69.8030230833525,76.6810308231343,43.6602291432449,50.1667598863787,0.0482154952807014,0.176758339382554,0.195442825494057,0.108655245352077,0.121588679894992,0.0442807812431378,0.176406162220034,0.192398683560825,0.10876956549647,0.127856063994708,0.0474560153423476,0.17508394609377,0.189208635809608,0.108136441239886,0.127835044387312,0.0483418881500243,0.176893170843274,0.191053024396227,0.110458794955661,0.130035893951874,0.0396925482324063,0.174186864602536,0.191769593896356,0.105368390768714,0.122633180867167,0.0411050780828326,0.169570053315041,0.188577451254668,0.0946226389832103,0.11567710553809,0.0478686045318081,0.176418351358564,0.19166157201396,0.109448405094303,0.129129421184074
gumbel,200,938,1.33333333333333,0.25,30.7057499275586,43.7471089341221,35.6958188172807,41.1905437125131,44.036502057369,16.2739832337551,22.7616892348605,18.7562717388031,21.4900597445855,22.9060859553804,28.8136384068343,44.0972714819157,36.2694615918298,40.9531666969248,43.5435678399768,0.0526943115430379,0.114366961195329,0.0877442318533796,0.103681342923321,0.110654565123009,0.0775600679675659,0.109404853308298,0.0890516584026733,0.0973480777516291,0.106880135620609,0.0784063441925053,0.108744008513907,0.0871976540159894,0.103019155920575,0.110011031024564,0.0749819224037281,0.108840984736343,0.0888822746821647,0.101514878182355,0.10913191653009,0.0771677504717335,0.109460239834288,0.0881198091565712,0.104600038418564,0.111521807346826,0.0701309877956725,0.091662586253091,0.0726022314785244,0.0936369666718794,0.0862385483097601,0.0765853101876684,0.109464535529636,0.0884647239087143,0.103077124646147,0.109808699542412
gumbel,200,939,1.33333333333333,0.25,14.6606339717324,50.3068220754161,51.1598620316326,41.7549604888742,43.5720597996089,8.29122186024442,26.0244765171332,26.4490445022836,21.7701980816828,22.6744534130709,12.7449325748015,50.2776824612368,52.0351409491343,41.9263969004204,42.2355385335839,0.0416189747985929,0.129974405395284,0.1308712039256,0.109373694343805,0.113558084892703,0.0384870400654369,0.128122639867224,0.128974348025069,0.1063529418554,0.110916057692641,0.0394262121045726,0.128318926270975,0.129433296810334,0.107125996923946,0.112312616514494,0.0357670276406631,0.127544355322149,0.129180457286388,0.105627699245904,0.109798960341964,0.0314050686075989,0.127428788480405,0.130324498694813,0.104652601224338,0.106370707384398,0.0328487323690856,0.1055346287573,0.108540080296491,0.0767759007764378,0.0825737119852226,0.0367621825229166,0.126604301319786,0.128145193773537,0.104617313486349,0.108829083091416
gumbel,200,940,1.33333333333333,0.25,11.6450244599054,23.2010782993346,20.556355935691,17.7511922114419,20.7227658194938,6.7905304028704,12.5400521496338,11.2245989992259,9.82872677132196,11.3072767255754,10.8709750239921,23.1703383086904,20.628140916227,17.703065792342,20.3599985257695,0.00697012942945541,0.0262786347643825,0.0211042768892113,0.0151555119782417,0.0102694216093666,0.0271265861041191,0.0605601309276652,0.0555395662631086,0.0441456709064778,0.0505069339380646,0.0304825344852822,0.0591738936361316,0.0527740178728783,0.044704493124615,0.0529288688421604,0.0307334276868633,0.0581252367538155,0.0503308294300451,0.0443683161869896,0.0518089709412468,0.0319044590181474,0.059623908589906,0.0519961304308658,0.0460125094467469,0.0530878488963976,0.0241485744597968,0.0620967700571715,0.0524346617702411,0.0488421059933939,0.0556267167349143,0.030045144701012,0.0581071843012215,0.0505613846080923,0.0447068372609761,0.0517122571732045
gumbel,200,941,1.33333333333333,0.25,20.6883666916782,45.1587765653866,41.6261400194819,37.5293575662202,41.0064229521641,11.2898218058995,23.463676023685,21.7061956989448,19.6685650042632,21.3983162817528,18.8886568817222,45.2436316296426,42.3210709083496,37.3295019416084,40.1827576547929,0.0508513546216984,0.114588687792367,0.106015081898991,0.0923661901171592,0.101050302519756,0.0454435024986437,0.114117681914723,0.107118492323868,0.0881807234462847,0.0988903447266867,0.0519622418184151,0.114767155869033,0.10667399369517,0.0946536927937725,0.102331329730441,0.0513431262797759,0.112108532713395,0.103535554641167,0.0915122330681407,0.100711374380871,0.0525897855646215,0.112686998531068,0.103534703849534,0.0927005457768909,0.101844741761921,0.0402069773284887,0.10938339683723,0.10399353183175,0.0914536209333842,0.0932598897031623,0.0517416394538806,0.112726579673016,0.103725103014715,0.0931839343812973,0.101895931594799
gumbel,200,942,1.33333333333333,0.25,10.591825801558,27.0789706608357,25.1548545661836,24.0560620608726,21.2773507768527,6.26746930518937,14.4696860639271,13.5125919084834,12.9659333250695,11.5839487638187,9.16248998085357,26.7560361853964,25.3619203959805,23.576103453655,20.1686522052433,0.0235189381162933,0.0726884887300684,0.0669655219020143,0.06339883017363,0.0581652707795473,0.024044563331417,0.0697581829033256,0.0663109160385107,0.0594664230094768,0.0516860673093675,0.0220678465738764,0.0659582417046633,0.0611678861341579,0.0582115057669481,0.0498987002619413,0.0248609680622425,0.0640309662525784,0.0589454120088741,0.0566983737908965,0.049086620792237,0.0245817671603221,0.0648030915572251,0.0580976041881866,0.0582631539073172,0.0508886261012577,0.0193337946104048,0.0698698755413203,0.0672248352439152,0.0590884344289293,0.0521540662961774,0.0249558606961237,0.0663692320355215,0.061654075050233,0.0582987634357019,0.0502773902868107
gumbel,200,943,1.33333333333333,0.25,15.2257831147093,39.7328977651573,38.6786858755654,26.5251489840846,32.5732739652942,8.57171882805161,20.7644786564717,20.2402390023959,14.1938421148344,17.2026966123851,14.3941989868282,39.6641176821649,38.9331192807428,26.3959909496143,32.1110855573024,0.0374721715675976,0.10402980301389,0.101306501904734,0.0703124058874687,0.085945071980855,0.0390158177650477,0.0940057211181771,0.0895847354273348,0.0638116882837937,0.073339919592532,0.0398847187629626,0.102659138312305,0.0996770345233854,0.0697242374161603,0.0848272499482164,0.0387075294387969,0.0998778361951615,0.0963016038497926,0.0668087026684526,0.0817418451891579,0.0390599755884162,0.100151182304318,0.0962034164787744,0.0668929436917906,0.0820442023663189,0.0391751399437452,0.077390587278657,0.0648827378306626,0.0513279857716125,0.0591346164963248,0.0388532786040097,0.099054941073165,0.096090754175193,0.0652825006786137,0.0806272986923251
gumbel,200,944,1.33333333333333,0.25,3.42073749023254,24.6936646736619,27.1183663896773,11.8944463416764,13.848965386645,2.69992355496684,13.282791724497,14.489112442262,6.91525191001077,7.88828729415237,2.38135348532618,24.2124620213895,27.1370947784129,11.64296928201,12.5647930291193,0.00597107729425516,0.054661718748073,0.0617101311391656,0.0227256045278371,0.0177796310101704,0.0127766318005361,0.0657407792469885,0.0700510839898422,0.0335737545511534,0.0394256953323129,0.00573732303677464,0.0629166593336611,0.0698848583530986,0.029087526625153,0.032880554293179,0.00741605394256645,0.0593587407143672,0.0647880209872922,0.0282072828668909,0.0307395541002574,0.0082349473384667,0.0606773332921067,0.0660286044725872,0.0283933570502875,0.0326986392897768,0.0135207042826057,0.0652510478694277,0.0713244038470127,0.0287464071368699,0.0380550669638521,0.00628382770192012,0.0610454017258367,0.0674835078042964,0.0286194924961723,0.0318628355511691
gumbel,200,945,1.33333333333333,0.25,5.09374926450328,26.4422011681971,27.8782839462389,21.0511275737687,20.368464395047,3.53238680944939,14.1523600142791,14.8670142528708,11.470446626544,11.1312108351332,3.63294601921844,26.2835106492001,28.4550475976555,20.9770445731129,19.2571621403762,-0.00896551290695654,0.0641552378649372,0.0730166225563668,0.0380861433976171,0.0375999471768464,0.012176476225898,0.0678094664752262,0.072996836271323,0.0516757016592342,0.0498214575320254,0.0122844614420804,0.0620909781669574,0.0635687445966709,0.0496194706090739,0.048234285711995,0.0112604574998871,0.0658645612253939,0.0685027659742481,0.0526462813453503,0.0499449213211156,0.00440174914359165,0.0645078990574733,0.0693110415748455,0.0494864621365496,0.0459824484445009,-0.000237771909561142,0.0707674575398548,0.074052836985344,0.0548996224176191,0.0488210868959247,0.011412971567648,0.0666948976699463,0.0699482552154927,0.052828923767949,0.0503919962247639
gumbel,200,946,1.33333333333333,0.25,1.76894126439636,10.3512632075012,10.5053717309268,4.36045381783434,5.63740761812561,1.8774151117327,6.14748063556292,6.22432123350825,3.16689817093507,3.80268703231036,1.58934349643704,10.057667596863,10.3152298178805,4.28383586759178,5.11179443914027,0.00933849337623863,0.023244073817148,0.0171456015830468,0.0140099540406349,0.0158465057189329,-0.00834233012470596,0.0239284284041825,0.0285767039772162,0.00638168489308305,0.00364387060737832,0.00758752440144041,0.0289723996481525,0.0288623760932497,0.0147486838362411,0.016525432826091,0.00428675301393419,0.0247658201213511,0.0243540525458715,0.0103280486015968,0.0129998602950306,0.00421468738903633,0.0249365355844491,0.0257421979974488,0.0104078320944477,0.0119844476075137,0.00100655885874416,0.0306982794396277,0.0311116277439776,0.0147493002872312,0.0151812665143866,0.00526268990533812,0.0261207585870707,0.0261055176031381,0.0114959502456855,0.0137707867831943
gumbel,200,947,1.33333333333333,0.25,3.10163328495336,14.6801763375065,14.0974511158143,11.9731573623922,12.2420561990074,2.54076990703564,8.30056606402406,8.01065124736567,6.95415468535236,7.0881196084755,2.36611814745645,14.7323960764198,14.6369388411516,11.9432470015377,11.631341125853,0.0127147771596735,0.0354645253671118,0.0308036004630641,0.0287786862648289,0.0323385126038344,0.003628171667592,0.0318581368009683,0.0324773952884635,0.0221587558052471,0.0231024101499203,0.0027993249695731,0.0357683824743484,0.035730245176226,0.0262020518685326,0.0253512499915694,0.00773171269003236,0.0380003646028421,0.0368427876119614,0.0298590315803966,0.031281331222341,0.008886899879327,0.0347098117272287,0.0321131782602664,0.029018965742179,0.0286698292794647,0.00931805389899842,0.0305445828479559,0.0251026170747207,0.0322902397082945,0.0269484262007055,0.0081692243610834,0.0376152923616608,0.0361735466009765,0.0300636151681267,0.0307128563971007
gumbel,200,948,1.33333333333333,0.25,8.9822104460372,29.8973897835344,28.9822133972913,25.5752923693212,24.9255031644218,5.46632321478919,15.8713258788802,15.4163812300274,13.7211015428788,13.3980944574988,7.48464028949351,29.6409385653091,29.2464972401085,25.6007039729202,23.8349717739213,0.027455441320516,0.076301172687974,0.0681445029834212,0.0687873649988271,0.0660402669727262,0.0260886974160944,0.0765314848723885,0.0735261034736349,0.0663921949581627,0.065086284437174,0.0206897934275103,0.0750845206002744,0.0734019555444913,0.0629249434438659,0.0591765302062935,0.0215374848743122,0.0748720461389703,0.0711488784257591,0.0635471086314689,0.0618760808052046,0.0213502549425316,0.0747921106796121,0.0721175808534345,0.0638581408306645,0.0619777161260736,0.024879691547007,0.0797389764733271,0.0772406019312551,0.0688975132609565,0.0673034245939155,0.0220615408546963,0.0750679519115986,0.0719086963954241,0.0642813252676968,0.0620197342553982
gumbel,200,949,1.33333333333333,0.25,15.6164395568366,37.8857352558694,35.1873548587765,33.0530990424899,29.0916560642354,8.76780939019406,19.8463267593376,18.5043854134917,17.4417150712341,15.4716361915386,12.8297702480284,37.0899172740911,34.9751420639821,32.7973977840711,27.3157208229298,0.0419305639671111,0.0984856764814601,0.0886392773153916,0.087589076882672,0.076743323760246,0.0365486858588811,0.0957798313036875,0.087893579261544,0.0848742245273537,0.075138150883641,0.0375924186937824,0.0897115997328854,0.0831655298580951,0.0775742229468468,0.0660322743015064,0.0359210792984718,0.0941282528705591,0.0866764811072169,0.0823624328111886,0.0707151778539989,0.0425215857007566,0.0938578682473404,0.0832721272931054,0.0841744848542626,0.0728212648194606,0.0364239020089291,0.0875871178306016,0.0556325219719071,0.0872646237823658,0.0733597350157498,0.0373035987503291,0.0934058881151631,0.0855287986895099,0.0823073825503464,0.0707065335055946
gumbel,200,950,1.33333333333333,0.25,6.82923394483869,35.5359358356121,39.3253917426808,17.970076947874,23.8377081184878,4.39519807502734,18.6765531172891,20.5619318726136,9.93779087617827,12.8570429237083,5.75623162731276,35.1099344186114,39.4276437872407,17.7522010542371,22.7106240358347,-0.00104589768820445,0.0914170985961067,0.103267399009261,0.0451759088938916,0.0605515647081358,0.0111188329823053,0.0844140472237848,0.0952798091924449,0.0374907717358066,0.0539888968245084,0.0152755640903551,0.0855235615573097,0.094074148328489,0.0418648273752524,0.056480184663471,0.0159889464885034,0.0887969257779123,0.0983392319884412,0.0448263362992063,0.0581485198955537,0.0195963891465395,0.0867334624042534,0.0945958580356569,0.0441044208452479,0.0588233637570317,-0.00365193712399893,0.077271905803776,0.0921411880213528,0.0259076833486629,0.0390728267161375,0.0167916303843336,0.0881863019424355,0.0970838792410297,0.0440413472243848,0.0585814516799335
gumbel,200,951,1.33333333333333,0.25,4.05903416267565,29.7665297509782,32.6546968174848,21.0714442854579,20.855777186496,3.01711610269397,15.8062803135191,17.2435335187425,11.4804025009686,11.3735113789375,2.99047301490746,29.3545801328626,32.8661781052205,21.0941737166592,19.6713628240554,0.0151474399619276,0.0621909070085873,0.0570002114603182,0.0533350631539101,0.0546837914486772,0.00950425424771374,0.0778099850645553,0.0847378528136367,0.055628864497803,0.0555910371620202,0.0101624563786567,0.0758548666923588,0.0818912831688122,0.0540020431139963,0.0528003300786291,0.010740908553319,0.0749214688813226,0.0805169755177913,0.0537243198460046,0.0526324582112466,0.00805332301356854,0.0740770663455919,0.0815387083159377,0.0521713992199055,0.050896158827153,0.00719703428434347,0.073059742867525,0.0807394681419307,0.0533552431099434,0.0489830274011343,0.0095051468573198,0.0747610346248186,0.0813356093280699,0.0528532852978377,0.0516231344163075
gumbel,200,952,1.33333333333333,0.25,31.4978992644219,47.115413535674,40.670083376506,36.1450475915273,40.7659878784009,16.6699399856306,24.4377108801997,21.2309237630211,18.9801434118094,21.2799306884112,27.8334717957039,46.9324594740065,40.9205580757289,35.7583283493011,38.7802276534894,0.0835792773900084,0.111137399127767,0.0939297724678176,0.0755569999958613,0.104852187701733,0.0785107356544699,0.113865663453759,0.0966961219349706,0.0810342131266223,0.0981893645478034,0.0780782909938962,0.120850376501353,0.104215449178416,0.0919881869278711,0.10403026905009,0.0757979426962075,0.117915660415399,0.102018690822214,0.0894420384675435,0.100147435517008,0.0642872336254481,0.111639628456843,0.0966939686015229,0.0842457182613186,0.0932675321759031,0.0689565215359206,0.112149593383469,0.0959068513496978,0.0782328349305492,0.0922978513759525,0.0733263880411502,0.117232117942272,0.101591650054503,0.0895725167200516,0.0980163300431822
gumbel,200,953,1.33333333333333,0.25,7.35688730166321,34.0835246215889,37.5237083993366,14.1064304980248,21.3634457383249,4.65766595110353,17.9540840653314,19.6655784404427,8.01568449516151,11.6262934445853,6.92064740683848,33.8100361214378,37.593797475618,13.7942103219345,20.6210890825449,0.0233884081233157,0.090190407629751,0.0985272182984987,0.03689726529142,0.057924225679439,0.0215596627239943,0.0877024040176955,0.0961152344667283,0.0385221694076882,0.0547221471459124,0.0151677928629171,0.0826909816551999,0.0921831913007865,0.0327004302880146,0.0487481410947143,0.016873870311402,0.0855606464943809,0.0943379190070854,0.0349994365767908,0.0522826903471889,0.018548645230571,0.0843201359155433,0.0922090102332762,0.0341611372032923,0.0524799228842294,0.00809519712372724,0.0797461137798727,0.0916465518044281,0.0310504578576875,0.0512979112882495,0.0184845773321938,0.0859170951184832,0.0945556955156516,0.0356177603025746,0.0528828543244507
gumbel,200,954,1.33333333333333,0.25,27.615607012656,45.8649061610163,39.6408502941055,41.2620126251055,40.5403231968326,14.7369634609337,23.8158929888982,20.7197442210273,21.5258483990775,21.1673714279752,25.0356297562685,45.6317590264009,39.7185153843526,40.8611375650599,39.3881697173842,0.0534836614459696,0.117612592855141,0.104063265105048,0.0944026675961399,0.0965823979104643,0.0633697751779109,0.104899845280129,0.0896584096374592,0.0879835630981631,0.0853051338442034,0.0709730148940846,0.113581561841509,0.0955563701978792,0.104166119873763,0.102045882585057,0.0674865419577713,0.113125971810504,0.0963993895855974,0.102682065414829,0.099072435468766,0.0666410935486478,0.115517289668859,0.0989316315210827,0.104720492200965,0.100725933592225,0.0740183725235559,0.118592576578918,0.101867239648717,0.108065947537383,0.102161742605994,0.0692015647548423,0.11459528787372,0.098220896088978,0.103071210917388,0.100400071724757
gumbel,200,955,1.33333333333333,0.25,17.4569768766196,44.9706371507549,43.3607869686457,37.4177964854142,38.6066852016689,9.6832180382483,23.3702665940038,22.5695229954453,19.613002832294,20.2046317946242,14.9614207320863,44.7503462407233,43.8240769054211,37.2317156006703,37.2955604953414,0.0265496401154294,0.113027474341053,0.111801096230757,0.0940865912141317,0.0892860552238953,0.0387697427528504,0.106183489194081,0.102917382579507,0.0880436623378878,0.0902637649669227,0.0428844847244735,0.112756268231429,0.109006272888563,0.0928608005352268,0.096226311324291,0.042603127950331,0.113207369655359,0.108795071399767,0.0942043501951452,0.096631311064866,0.0434459096719961,0.112220091503758,0.107840577471146,0.0936541830328852,0.0968437100892197,0.0087298311348787,0.117089477444457,0.110712681627803,0.0942549133686628,0.0825894714686011,0.0425221507971537,0.113230319586573,0.108631758115124,0.0937496267938651,0.0966282505658653
gumbel,200,956,1.33333333333333,0.25,10.841898211448,29.3381290581079,28.4543342943078,19.2946076665104,21.323527904492,6.39110904103515,15.5935391959066,15.1540897891868,10.5968113939314,11.6067126154961,10.1568364957972,29.1148963829862,28.4227628694922,19.0802547312821,20.5992075605123,0.0294792684489067,0.0783234498489345,0.0755863434986223,0.0529046970905458,0.0583085547199164,0.0292623484519078,0.0712450031777615,0.06785129549037,0.0479409497270165,0.0505455911394716,0.029729916489526,0.074593575044141,0.0706711471827738,0.0500283045594003,0.0537557796822615,0.0262115153260343,0.072580114761177,0.0703021480616014,0.0476205786081695,0.0505797687055001,0.0256779635996668,0.0732058205521319,0.0713553147789463,0.0473017070521886,0.0507854220132863,0.0317277192983696,0.0780928005751102,0.0760659814692331,0.0522778558738076,0.0577755804417491,0.0269581520977894,0.0729232517522262,0.0702906560825116,0.0477478129891856,0.0515766108173818
gumbel,200,957,1.33333333333333,0.25,19.2896813521635,30.2676710912778,26.1455804415511,24.5309042439692,30.5308946032016,10.5944213262679,16.0554287819658,14.0045939894344,13.2018868734148,16.1866764875353,18.6082498542852,30.8221175619046,26.9025797376711,24.2972511490998,30.6354325134134,0.010758878950004,0.0732262926421181,0.0700147826164523,0.0458640258340649,0.0570047982920234,0.0502976645338769,0.0751402825639195,0.0639192997112101,0.062413850641883,0.0767649747068411,0.0462497063792092,0.0768106612583035,0.0669929978581176,0.0619995981112759,0.0775216506093917,0.0483206611625752,0.0766036447854661,0.0668298532324755,0.0605206167016256,0.0763027794942701,0.0454404548855136,0.0747601978355642,0.0653428728683399,0.0575204112667,0.0740346975905192,0.0465808607877413,0.0782949894615475,0.0698806960071382,0.0611800033462994,0.0732773278114217,0.0477983175851369,0.0765351936861375,0.0661089244811507,0.0612102027629168,0.0766920179089481
gumbel,200,958,1.33333333333333,0.25,0.116835421730916,15.982719527909,18.5022847041494,8.70900740001829,9.18887641277118,1.05576472079533,8.94895918256851,10.2027281488662,5.33035713216898,5.56917939078093,-0.260384432669989,15.675808876243,18.623810556932,8.58045999756312,8.54248842773645,-0.00696049061149197,0.0439081208896824,0.0510320301018095,0.0260719334548515,0.0219329597570271,0.00124897756183027,0.0387351232995601,0.0432530353236595,0.0196399454147549,0.0202420564457628,-0.00392130793816732,0.0351237016515102,0.0402447883772667,0.0185177983315889,0.0176097271632053,-0.000308599965943207,0.0402005115614405,0.0454502038051416,0.0218000329081958,0.0231048034670363,-0.00242313546840097,0.036837450679105,0.0418074387539104,0.0191626207221242,0.0209515073334039,0.00418797183326761,0.0439383302245782,0.0504730873928322,0.024303618293168,0.0245153762727735,0.00064691160171951,0.0403038791916773,0.0462020104393691,0.0217789842948711,0.0230998273326932
gumbel,200,959,1.33333333333333,0.25,11.9298450891208,30.7443830440207,29.3256043926823,21.5390761066478,23.4500179794436,6.93302274829118,16.2929239320101,15.5869635502316,11.7136311152603,12.6647938969922,10.6068670900908,30.6104972043141,29.6645821724734,21.1733874471765,22.3875176217499,0.0342428948879277,0.0817418322447298,0.0781559565585312,0.0585899606534371,0.0626431059428728,0.030956535108269,0.0797010419729736,0.0762873015358517,0.054265230885202,0.0580819497445426,0.0299418706150722,0.0745632928287096,0.0713752266550533,0.0517977619587584,0.0541025751394808,0.0300797568272354,0.0774894474361068,0.0739321438896025,0.0540220303058547,0.0577489846538214,0.0284471284007235,0.0755547095770636,0.0730119263018073,0.0517681915746393,0.0552923914504913,0.0180606992240423,0.0508942307328343,0.0479658275198869,0.0259881644812975,0.0513292705846247,0.0285809864583819,0.0771364809441203,0.0739223670847195,0.0533519355879182,0.0568345953358722
gumbel,200,960,1.33333333333333,0.25,17.7567952614385,49.7576874165055,48.7545841134151,40.6461689942062,42.2255811999532,9.83236695340821,25.7515377240387,25.2523905460716,21.2190665506998,22.0051875880928,15.3487829037433,49.7367046199398,49.6387375567588,40.5009370416072,40.6522909692998,0.0152534420785229,0.109863663977739,0.114425187156292,0.0906375163770683,0.0793947498580095,0.0415917248679787,0.120812797728043,0.118567982997284,0.098698287281266,0.0961137668321656,0.0425116908446854,0.124415674594501,0.122408939202575,0.100470978658727,0.103668942509905,0.0425016864558213,0.125509465863483,0.123306970237813,0.102191287325806,0.104720158653848,0.0323086199002298,0.121091147146724,0.120940241327129,0.0959828008409896,0.0951810078426856,0.0301626621304632,0.115347788265657,0.114453002906275,0.0932738352384059,0.0990350854257394,0.0418218051973477,0.124136163692253,0.121942430889755,0.0999772547352179,0.102787131705162
gumbel,200,961,1.33333333333333,0.25,8.38686924528844,26.7783447949326,26.7408141358905,17.4551839377309,20.4019820187453,5.17052622089659,14.3196357656782,14.300831774392,9.68185952392158,11.1479461011749,7.18866408130483,26.7425106606443,27.2830283401525,17.1106057562272,19.5692783829955,0.0259352293503832,0.0609228591987255,0.0561434875860972,0.0429708064616236,0.0523328717926336,0.0201232586081521,0.0639166097116691,0.0644842314625317,0.0362803673984716,0.0480974263268629,0.0165811452731641,0.0626679889696654,0.0641235964731525,0.0370048054966847,0.0424478338996242,0.0205183651671289,0.0675183905697468,0.0676078880205777,0.0433077196832423,0.0504648854612316,0.0208558942177011,0.0672627206270601,0.0677052981318853,0.0413595573604478,0.0504901212537212,0.0185654679838761,0.0718667431535049,0.0713637992442326,0.0476950788055471,0.0528389961286188,0.0198817100366781,0.0674277938848015,0.0675654054807023,0.0429465648243874,0.0502964329452865
gumbel,200,962,1.33333333333333,0.25,20.6245810214701,31.0066647620314,25.6303778196062,27.1292664373349,31.0717906690895,11.2581133655812,16.4232731206451,13.7486102488119,14.4946391034864,16.4559058877549,19.6028217071096,31.3341534716367,26.1705737194173,26.8520356292589,30.9480296522813,0.0482542404338232,0.0282913399890864,-0.00547225307509468,0.0433953439855598,0.0451234990035602,0.0547141530517357,0.0778802321724413,0.0640354130744505,0.0683899838062016,0.0807523484820152,0.0499677927427075,0.0777817080123114,0.0645819916339428,0.0667084347588475,0.0780163353022462,0.052434574155518,0.078429406262505,0.0650994947320482,0.0672643733503195,0.0777787233129834,0.0549120485392756,0.0808443564309242,0.0663927061348092,0.0714688845864104,0.0808489775697152,0.0545252222974874,0.0824913160476934,0.0681664616285493,0.0678986615721542,0.0810138232840423,0.0521184554602361,0.0772807295042785,0.0633863414432712,0.0670850527542185,0.0772785248681797
gumbel,200,963,1.33333333333333,0.25,20.9691678166312,45.22035368501,42.3971114348935,32.9463306429505,37.3836554767551,11.4306929228699,23.4947453058988,22.0900938861571,17.3888884743303,19.5965603189431,18.1836934038761,44.8930830160208,42.7184873918679,32.4612178268211,35.8970485664758,0.0499795175625392,0.114065490554622,0.0977590907163692,0.0866134674376054,0.0984079602891904,0.0542036171260437,0.116601046996204,0.108445395084809,0.0862064046939338,0.0959385124719608,0.0500318756929978,0.109314052729221,0.103442003595892,0.0758069088844493,0.0890154754652049,0.0505925554844576,0.113266331866324,0.105718852692461,0.0828666182117436,0.0928003166547977,0.0455631584303335,0.110652265275828,0.105517971312823,0.077366664657035,0.0879272373549662,0.0428206581295918,0.109630682767059,0.105265260251658,0.083746111149282,0.0838198542338823,0.0511795004055848,0.114218622877764,0.10694903034947,0.0828459937913273,0.0933091176589681
gumbel,200,964,1.33333333333333,0.25,25.9994834817631,21.9731628139259,12.7780144784788,28.7787677497612,26.8012450115291,13.9316041881293,11.9298177511141,7.35571564541878,15.3152578538999,14.3316137881679,24.7641233425824,22.1327375053,12.8755561780346,28.562821376281,26.8507978496587,0.0540783100036875,0.0492357555413891,0.0327427610908631,0.0457897667349815,0.0554326070111464,0.0659053664869729,0.0540519680062641,0.0272227627717682,0.0740672763064314,0.0684725096009828,0.0673998748032963,0.0561447143022645,0.0331107776002896,0.0744927566327395,0.0685281232494471,0.0656789730075464,0.0532509172789705,0.0293281834256066,0.0708035262052698,0.0665019904891899,0.0681553065209245,0.0553409977826169,0.0313576190190347,0.073003677108071,0.0683371712821822,0.0684418125109566,0.0583609340140952,0.0367745850563022,0.0756404450657052,0.071952011540045,0.0661821990043065,0.0543919633297676,0.0303058933576271,0.072098286447249,0.0666922954290906
gumbel,200,965,1.33333333333333,0.25,13.5778995831849,46.9330029188764,50.4651718926744,25.3506481465743,36.0039940394556,7.75204157035633,24.3463566780088,26.10383589803,13.6092544665782,18.9092331333164,13.2110595326426,47.0007374062096,50.6851225237367,25.3562596095083,35.8341957835911,0.0387886039271742,0.121794063631565,0.130073413045232,0.0673104333741051,0.0942300566831789,0.031274798406156,0.113784535871213,0.123717243571416,0.0605585493176687,0.0844335904797512,0.0356273196456832,0.119031714091952,0.127761081805741,0.0645119119577145,0.0914901160080268,0.0349588425446176,0.11875583823068,0.127440508333362,0.0647753511094304,0.0910992927129546,0.0340013990292481,0.116795953992622,0.125572301264608,0.0635608458991549,0.0898352665326746,0.0307306117502439,0.121984985959473,0.131073849241929,0.0673349789066253,0.0938470072638214,0.0341279825614936,0.117043998997248,0.125564896125321,0.0630030258891623,0.0894606515392909
gumbel,200,966,1.33333333333333,0.25,9.00135980757675,19.4861600592975,15.9031833244008,25.4759668589146,22.5302760513252,5.47575744849024,10.6915292910101,8.90943003885149,13.671529361819,12.2059450291777,7.82425718629581,19.8247084280197,16.654207954661,25.6714607842162,22.3553156954727,0.0261971196677462,0.0529420595845824,0.0430037314915329,0.0685083047772906,0.0608774684375498,0.0185760746678815,0.0455829517635129,0.0349955045495854,0.0613898789764753,0.0536997452110392,0.0188557921784787,0.0481701073401191,0.0397653866720222,0.0598723888157856,0.0547833423888711,0.0216490996021149,0.0496389753753598,0.0402603729478686,0.0640129883493251,0.056630643161765,0.0215633865275137,0.0506740047495173,0.042453775095712,0.0636324665291159,0.0563434078158861,0.0251005042125393,0.04225160467212,0.032850698922036,0.0547774582169596,0.0537662198489164,0.02228889967502,0.0488777633786404,0.0389049362466956,0.0639519639259769,0.0568890717735155
gumbel,200,967,1.33333333333333,0.25,12.4527919106252,19.6213262454748,16.3232009097564,17.4711522863016,19.7674715972276,7.19304019777076,10.7590392197576,9.1184423526137,9.68920732052532,10.8322486259429,11.3644694474428,19.9047982676191,16.8287208130943,17.5639513895064,19.2858174609645,0.0327171615754444,0.0505020242826287,0.0441371136035712,0.0429357144983391,0.051161497401626,0.0322500879821749,0.0491008442619181,0.0400512735442519,0.0459731231649138,0.047612012173055,0.0313126447013219,0.048908217725921,0.039597652196297,0.0450161239689131,0.049029809246759,0.0310744219895039,0.0516830066026982,0.0430096331778933,0.045094556544817,0.0508601808523077,0.0305737400251284,0.0502141722413858,0.0404403749281126,0.0443662833757394,0.0495134786289654,0.0301676843421795,0.052747690319035,0.0451399888948357,0.0486168633169328,0.0501891355290181,0.0305148452427921,0.0486822200378423,0.0398281024293956,0.0438377725860972,0.0484528654298236
gumbel,200,968,1.33333333333333,0.25,19.2024844606213,45.6795447366814,43.8875196702662,37.0756235380673,42.3180741458355,10.5513078065832,23.7225709877199,22.8311326738899,19.4424730230772,22.0506774672191,16.9472356356074,45.8795669552142,44.7836285795689,37.0564391743111,41.3356462469397,0.0517121107764938,0.118664071022898,0.112058467498756,0.0976777595319162,0.10938938301611,0.0482976566582845,0.116010891832066,0.112701395015748,0.0922070377314565,0.104731459269211,0.0475885502194687,0.117378289867144,0.112852867955052,0.0943727645440535,0.108216878927465,0.047411723723415,0.114280554238326,0.108040134171792,0.0933340468507876,0.106258468853498,0.0439915482947608,0.115090247133786,0.110064269715203,0.0933978202904505,0.105000460705953,0.0498497921754358,0.119018268953871,0.112375441986216,0.0976788250916389,0.109835396826203,0.0462399788221,0.11442207118759,0.109804023657939,0.0919730936334578,0.105020162465958
gumbel,200,969,1.33333333333333,0.25,8.42673167644592,22.1600353956067,21.3037384961204,14.507644906945,14.0182203295121,5.19061221128906,12.0228727552568,11.5970297143444,8.21554020959679,7.97284677229452,7.95641551670904,21.8511725648649,21.0955068391797,14.137038922585,13.2782659110906,0.00770606611817101,0.0563257330864231,0.0563908515562575,0.0408513754625751,0.0311295434807682,0.0205570019061424,0.0566693932763721,0.0559483198273578,0.0378741422725033,0.0369388596004503,0.0244604643444753,0.0529950981907321,0.0463291271571022,0.0366382829073353,0.0340424586858484,0.0175369442263374,0.0551000783381867,0.0537968779984349,0.0350457132952972,0.0322722826837338,0.0183180835642138,0.0546987804350402,0.052500466808881,0.0366003718986422,0.0338953981772103,0.0258511032865425,0.0600098336533891,0.0574808543712556,0.0407366277566005,0.03984594501318,0.0198048025317232,0.0544288030881048,0.0520135514577542,0.0354211725057145,0.0330422921478443
gumbel,200,970,1.33333333333333,0.25,9.16576450705078,38.2374480573573,39.9876505669261,22.7642201209602,25.7225148619213,5.5585927161872,20.020822221215,20.8915109431209,12.3231460294547,13.7949737880928,7.07783647240837,37.5381456534472,39.9138013953407,22.3854259393135,24.2670564954595,0.0274944271005284,0.0982410053622276,0.100423736883549,0.0607979471306559,0.0690397809966961,0.0179558272519137,0.0916718902331906,0.0976770764587546,0.0530633949239151,0.0579666058963871,0.0226107348060821,0.097061235662373,0.100401787060252,0.0574572251390623,0.0658660413943711,0.0178401120671031,0.0933836077648736,0.0974957994745696,0.0543669334664069,0.0620056298919839,0.0187608098770744,0.0945177498467819,0.099968840539203,0.0552676213177922,0.0621685182510632,0.0232555467327296,0.0976609217926791,0.095152388529793,0.0616792581694513,0.0692399021653647,0.0196631894554437,0.0950226725822458,0.0999935110721111,0.0555046655699342,0.0627191612122147
gumbel,200,971,1.33333333333333,0.25,27.4504711043096,55.9973253198695,53.0578627614342,41.3518132681731,48.985678477604,14.6547181846468,28.8561712696017,27.3940183963326,21.570138482205,25.3679617849252,25.7042417965347,56.1163350500705,53.4469068777666,41.1591416291981,48.4675772153834,0.0733731344140709,0.132721891430825,0.111221408517494,0.106478827582176,0.123647138420485,0.0686451403512084,0.143096210451789,0.134816264362819,0.106452557624216,0.12497157410506,0.0680266015558381,0.140162329730749,0.131562596682974,0.103946827985459,0.122562142305645,0.0673013822962777,0.139376852113633,0.131425655563154,0.102515805964233,0.121804643637433,0.0683348254227771,0.140097069246871,0.131601398737415,0.103117126976541,0.122787575047837,0.0408340035239166,0.135978930276478,0.136814299265723,0.0815739775229204,0.112333917956153,0.0668750511062604,0.13975991458823,0.132221465427153,0.102932539094946,0.12183600331583
gumbel,200,972,1.33333333333333,0.25,9.17321817036254,37.1026571961428,38.1845002317223,27.9361113130433,28.5670889948364,5.56204683176459,19.4558060112223,19.9938765786744,14.8960807826352,15.2101171002118,7.12852925312984,36.8182544846996,38.9827793877908,27.5891297811147,26.9859065283088,0.0277847399227197,0.0961520315589171,0.0965781132737225,0.0746327261739652,0.0751631097713216,0.024433131804842,0.0938511737924129,0.0963538569359998,0.0710255392742179,0.07249869253828,0.0207858487335272,0.0940909448671189,0.0973105743852106,0.0711026190282085,0.0713335825801231,0.0208496645399213,0.0936735449944495,0.0968306094708637,0.0697416832711991,0.070227268550081,0.0244965093066676,0.0937639970774965,0.0956634678821332,0.0690152914881209,0.072174481200259,0.0246089580984261,0.0936954211553644,0.0981720618098827,0.0626236323342285,0.0687702864100551,0.0206453423642111,0.0932886218176916,0.0962104251722699,0.0694880345982862,0.070500079637748
gumbel,200,973,1.33333333333333,0.25,4.75781528630633,16.4751581093842,16.4018831646076,10.452206357628,12.2120858629546,3.36508907077347,9.19390562293854,9.15732896648495,6.19794660452382,7.07343722178957,4.33697288511916,16.5558317787749,16.8379931740122,10.0721479383535,11.8610251318872,0.0102741693655989,0.0455626154335701,0.041138721801748,0.0311285529051613,0.0346236095447828,0.0143507558988656,0.0429440571799246,0.041538536785995,0.0283415875599962,0.0318106732842455,0.00753902927246578,0.0395899869685903,0.0409059672825282,0.0215127251026206,0.0275296500808852,0.00733522849280872,0.0387153502227037,0.040126220562102,0.0214198647964205,0.0259999202090019,0.0107352586309546,0.040173664665427,0.0383111164979288,0.0252640859675146,0.0289154275326819,0.00308862411761105,0.0437094828065394,0.0459443572256586,0.022972096369846,0.0262367509397799,0.00950759608831522,0.0406143534804602,0.0411554624541486,0.0236685509682076,0.0286847964553602
gumbel,200,974,1.33333333333333,0.25,6.09301678393017,31.6731152004866,34.3675258861526,19.6417133064155,20.6900246231348,4.02946966927907,16.7550037745489,18.095430033162,10.7697600924228,11.291713602738,4.81206770512008,31.3574221162187,34.8480838769924,19.2000960882822,19.3926211911875,0.0168692980495178,0.0751768365835378,0.0799232214868909,0.0464928376734993,0.0449417419619952,0.00519704937510344,0.0749315571474822,0.0844870080591862,0.0446510520510239,0.0372645498749199,0.0125789088310517,0.0818838264570703,0.0895431108097217,0.0493626696426823,0.0514540223491866,0.0152132854629096,0.0775573065667219,0.0841066502819058,0.0480817679280612,0.0489018470636254,0.0178768994126215,0.081132031169505,0.0871164384222988,0.0501137260674219,0.0531139520915839,0.0107335192205323,0.0767410826956318,0.085140073267122,0.0497575403483298,0.0367982720426739,0.0136657927504578,0.078758647774838,0.085222689482143,0.0482949076964425,0.0503423148571657
gumbel,200,975,1.33333333333333,0.25,1.293906740808,39.9874634491623,51.088065430849,13.7292615068956,20.5329369234308,1.64177731594416,20.89113095123,26.4135333757913,7.82803405868393,11.2130630249575,0.693610059115128,39.5031988313422,51.3336611257284,13.4494964456587,19.4505736504452,-0.0179754282258791,0.0721094440067734,0.0949994820196715,0.00795403917131296,0.0348568332298135,0.00120653654492136,0.102975837353159,0.130898758946704,0.0368196567392306,0.0540811513675911,-0.00294905588674042,0.0932198120472767,0.122032198961181,0.0265615435703571,0.0424487508938469,0.000345296417155374,0.100044675536458,0.128410281083762,0.0337046005967211,0.049940764243206,0.00240623126666666,0.101807676464472,0.129121070924065,0.0355412270824019,0.0525095185213052,0.00650202836905201,0.102603205223968,0.130754663275994,0.0376889975273077,0.0509899457822771,0.00285431576752083,0.10118750652906,0.128886046942034,0.0350295621588153,0.0518260249853033
gumbel,200,976,1.33333333333333,0.25,16.1473818120264,36.916943814581,34.0588457190673,33.103702550711,32.8426748293916,9.03196008830306,19.3635322050934,17.9415719650373,17.4668356739413,17.3372064017777,14.6688828804273,37.1402500080538,34.7603675249254,32.8825456421862,32.0877110948091,0.0364344148887272,0.094159983401731,0.0855185239988891,0.0876416550711677,0.0851027829185566,0.0406285796080259,0.0951009030673441,0.0851559677459736,0.0867723514363432,0.08662334221233,0.0437484826138598,0.0963172178672946,0.0880965813217767,0.0873526163371926,0.0867355074414533,0.0379909807751627,0.0921582584163152,0.0854480389349043,0.0805276346762571,0.081051491806965,0.0375841017800107,0.0916088280459539,0.0845375022257591,0.0808614142111228,0.079662196889797,0.0453091630237452,0.0961778900650796,0.0871364052966929,0.0873539930927694,0.0865804933360306,0.0383063735168636,0.0934454659826499,0.0862450953093446,0.0833260554144888,0.0819954890432331
gumbel,200,977,1.33333333333333,0.25,25.2752313894971,52.3165991483138,48.2581702542004,39.7313938620979,43.8523277471397,13.5721046277922,27.025055973424,25.0060273841257,20.7641774196394,22.8147892545519,22.9339534180057,52.1700416453782,48.6516247675141,39.4262977739118,42.6532259036269,0.0576714377615075,0.135771705655181,0.125151804407195,0.10432505392292,0.114065079802606,0.0640783320809625,0.133420348709868,0.123116506008107,0.101058915739183,0.110638125115417,0.0639474563429508,0.129929762282647,0.118826853920957,0.0990466095005379,0.106627509739019,0.0618410747992387,0.12916831524537,0.118899926186574,0.0974388248471027,0.106285645016977,0.0596874818150373,0.128193640597153,0.118573843179362,0.0962683696820228,0.104468397450407,0.067157635809174,0.135775399458427,0.125534572941623,0.104268881547023,0.113757453012752,0.0618168428273621,0.130607428165119,0.120605533615484,0.0987940792381346,0.107896437883735
gumbel,200,978,1.33333333333333,0.25,5.42400083897046,31.2025712510086,33.326036231373,19.7128365344587,20.6674039714619,3.69644337742806,16.5208121249154,17.5773100167959,10.8048686512312,11.2800425739421,4.14920242253098,30.7512650028729,33.5712574852992,19.4989087971391,19.4514806440619,0.0172831942743349,0.0829027211429601,0.0879938399475938,0.0539080940704352,0.0566012329217487,0.0170115363493424,0.0778981952533147,0.0803568923086481,0.0505614616432644,0.0537035860004571,0.0141503107780996,0.0772970223232888,0.0807501716518957,0.0483817605122536,0.0521668251134653,0.0125795843454304,0.0774213900437466,0.0824958800367597,0.0486414454663479,0.0504378079802032,0.00986698585083176,0.077231250050311,0.0821667166770554,0.047724893730291,0.049918279597505,0.0170457635970913,0.0774013159824217,0.0802233558072474,0.049850939266827,0.0499482132617851,0.0121898086145226,0.0778955924939211,0.0831568709809513,0.0483516585006756,0.0505121474430767
gumbel,200,979,1.33333333333333,0.25,18.6956602458903,32.4453985983389,27.7483248243713,28.1402348868133,31.1918633875133,10.2985344794587,17.1390272554593,14.8026020869423,14.9971333419689,16.5155758332179,17.0876448681024,32.4800720755518,27.9192153025019,28.1826793308097,30.6594801632571,0.0517301058512034,0.0804276551650815,0.0648005618498358,0.0750401768073014,0.0757808704327492,0.0502630204527276,0.085604124433172,0.0732560679396424,0.0744057584071914,0.0823853794847816,0.0464623875510245,0.0799741532168199,0.0685721967256904,0.0685928462795117,0.0751576434887911,0.0483584065352591,0.0833832875316192,0.0713180273047617,0.0721490675475605,0.0794188098288683,0.0452309978982027,0.0793304864391663,0.065922126218135,0.0709178251335418,0.0764504309339735,0.0465901828564121,0.0675446040334395,0.0506172487526303,0.0634930541289418,0.0682063504036189,0.0471078536170942,0.0813137346229047,0.0688211984020882,0.0705984282275304,0.0778895936345781
gumbel,200,980,1.33333333333333,0.25,24.1440607969201,48.5624750468946,45.8488457009345,35.6234722709229,42.3977420044375,13.0092293936385,25.1574411744712,23.8077498258347,18.7203554946857,22.0905642147296,22.9206196040909,48.646564497016,46.0924111943202,35.3616994543387,42.0077297754765,0.0653599974174106,0.115524581657394,0.102404859708386,0.0872528332624308,0.106684711627182,0.0592905723070982,0.121893865279459,0.117301003966418,0.0847404313248365,0.105852500956953,0.0634494059121862,0.120202221949755,0.1110886456055,0.0875303485508812,0.10547078518017,0.0612038658916591,0.123193237569861,0.115384393847731,0.089836614151728,0.107581861116053,0.0625561038797524,0.120852786656353,0.111534764096991,0.0894941909650003,0.106999069148212,0.0482873986358415,0.126309257097169,0.11436359958353,0.0907474760847735,0.108537407554133,0.0583195205053263,0.120745553249932,0.113363446854564,0.0883315040151687,0.104547159892212
gumbel,200,981,1.33333333333333,0.25,28.4163560673134,52.1023511148997,46.6556099020099,42.7472563821833,46.4449114376098,15.1355473126581,26.918556115639,24.2090037534023,22.2645010878377,24.1043077279766,25.1222680320438,51.767991219914,46.9230038242476,42.5076000242159,44.9302560948377,0.0700431514386849,0.132478916266956,0.118636445144607,0.111860080421581,0.120488518254093,0.0729311897267695,0.132132482789783,0.117724195673126,0.108851553234075,0.119294978308686,0.0682954987440994,0.130139877933659,0.116445702228334,0.107180287081465,0.114302149069984,0.06650619758658,0.129811635419563,0.117161318327173,0.104214559632643,0.113943568658801,0.0701313866482098,0.126036544261254,0.110416510915354,0.104245975730036,0.112466637051841,0.0598052125234945,0.134153486910912,0.121527757198635,0.108617563703899,0.116778212541788,0.0694814973338823,0.130800315661609,0.117167273259625,0.106875116673546,0.115776237399372
gumbel,200,982,1.33333333333333,0.25,8.09414720813108,11.876157239752,9.22486142528139,10.609626096852,11.7385827830854,5.02443461349174,6.90597340337639,5.58706020809768,6.27588024449938,6.83782990704277,7.52002506011617,11.9781221413726,9.43659238328621,10.5438225953227,11.3890426965281,-0.0261647373840242,0.0166017776034358,0.0225776829326036,-0.00216830226357518,-0.00496516015167922,0.018767083588407,0.0277990987870017,0.0233892033790313,0.0215200085822655,0.0261512738599206,0.0222576920936343,0.0309546315529831,0.024395528290217,0.0276432886686158,0.0302536711695611,0.0200947764634767,0.0304438019999317,0.0235324213702032,0.0261307573432619,0.0294055374189099,0.0168723205186838,0.0303158475368834,0.0248626675119555,0.0260567995373085,0.0272498124772065,0.00717818320644036,0.0183028891517592,0.0153475438170344,0.0122714458218811,0.00735139116780763,0.0210502232112004,0.0301268769747041,0.0229562944331203,0.0271272381156041,0.0294874115259535
gumbel,200,983,1.33333333333333,0.25,12.4415247798159,25.4474393494671,22.5560474340435,23.0441032947884,23.1950957283362,7.18758421833983,13.6576440246568,12.219305334051,12.4621678144925,12.5375271525729,10.9060613469284,25.4866020452279,23.0669801654598,22.8366608396876,22.4133223337531,0.0360863644361519,0.0675546724134485,0.0577614480756335,0.0624185850472977,0.0624342756778964,0.0242681181281705,0.051216756112965,0.0436861919452318,0.0475126168687791,0.0472732911233328,0.0234700116810439,0.0636297724153914,0.0582764388807162,0.0537816734374343,0.0529641098915839,0.0298977178076372,0.0625335675838522,0.055433787473111,0.0557846707588749,0.0560936269553241,0.0292793426491199,0.0615676995839302,0.0547953354854217,0.0553889833194677,0.0550729340237569,0.0344491602424883,0.057232138416528,0.0445283909967078,0.0606748226803839,0.054498586850892,0.031177450810096,0.0649986284939253,0.0574326715208851,0.0586299910928639,0.0584551689948776
gumbel,200,984,1.33333333333333,0.25,2.85501927300906,18.2859015712002,18.9533657545384,15.2394483081466,14.8796181395769,2.4181855875024,10.0945402265142,10.4268549058058,8.57912704078273,8.40015825348972,2.11674145265737,18.3000432226989,19.4437374759025,15.2119862616012,14.3446238089872,-0.0235264689865121,0.0384843788186486,0.047801941301373,0.021136411979004,0.0161484812314915,0.00647777069778257,0.0415039301858865,0.0412724237246595,0.0344667407679489,0.0347470610028343,0.00755109086887626,0.0459695063619069,0.0461216252801277,0.0394305969635329,0.0387598526003298,0.00649396870884475,0.0459039771237315,0.0461507622151569,0.038709667423559,0.0370276316092725,0.00921402582515964,0.0466017539234301,0.0467681177459864,0.0397111715854679,0.0392648391997061,-0.00566972422751717,0.0472989164943176,0.0511166686835034,0.0368234739686549,0.0366003016656188,0.00592500005936471,0.0453684190215069,0.0465942124818836,0.0369626971700113,0.0361155426550447
gumbel,200,985,1.33333333333333,0.25,25.4022478310381,28.5546198106149,20.1933795484166,33.0313059801191,35.2275763208192,13.6352843728576,15.2032319975616,11.0438191854046,17.4304914774417,18.5228815731786,23.1605768999643,28.9287519388672,20.7684979002155,33.0769091826013,35.1006682951535,0.0678190137915377,0.0748941188447649,0.0542928905369516,0.083128118815348,0.0904005850516997,0.0677100108393774,0.0756981652957432,0.0551571919400905,0.0852685602583632,0.0914499869479316,0.0608012845732711,0.0745561873054148,0.0516502329881888,0.0864237393742966,0.0921187760341332,0.0623894635997142,0.0720052034438247,0.0497213909742101,0.0834028162739857,0.0891673168934529,0.0631570521061551,0.0731389295040328,0.0514498056401156,0.0843826844858798,0.0903185096202266,0.0521728489018171,0.0752074601894786,0.0553190338976392,0.0875753521767896,0.0902850379990023,0.0627738121802057,0.0709753931806796,0.0491106753844221,0.082376998477671,0.0882033376708984
gumbel,200,986,1.33333333333333,0.25,8.91294602049407,37.8400018318069,40.3436236531868,23.7174938597143,28.5107664637143,5.43161226512368,19.8226873715492,21.068531393256,12.7968352814574,15.1815067797814,7.80206548136768,37.5188004105126,40.5972935261344,23.6986407037161,27.6347826487652,0.0272646259372996,0.0980008446504061,0.102648073867932,0.0639045080852498,0.0757172203379927,0.0247599561311283,0.0973832615206962,0.102166667003215,0.0621186315481646,0.074850691164847,0.0226904214734096,0.0926165054097539,0.096923966570559,0.059456769726162,0.0698376809473881,0.0224291336340211,0.0950341302560561,0.100808322651279,0.0595739116015827,0.0714765791246449,0.0239269670753182,0.0974092973191304,0.102093013735541,0.0619527324725542,0.0742090370609465,0.0231547357583582,0.0963952422521508,0.103412688914167,0.058467132170475,0.0750375139875766,0.0221478766310124,0.0946045053326568,0.100280632747227,0.059097309620413,0.0711486193939692
gumbel,200,987,1.33333333333333,0.25,17.5567135371925,29.2016850928125,24.1579531079998,29.3502373231851,30.3205705471232,9.73173113242423,15.5251665644317,13.0160681065861,15.5994190399046,16.0820594164731,16.2467118730664,29.5001296335898,24.8846286028216,29.1857278811004,29.9910414153792,0.0131276344201866,0.0272242853443366,0.0281373291603279,0.0120877757406832,0.00708733905520614,0.0452406901151113,0.0761028631560183,0.0631696122604997,0.0742341589382663,0.0762038316208909,0.0440597210510533,0.0746653999657185,0.0615419333312156,0.0744464318299116,0.0756610953479872,0.0450942744495754,0.0732315022729667,0.0602040018142114,0.0728239037291797,0.0759999877038684,0.0440400445525999,0.0724931856560695,0.0599438330087463,0.071114444376278,0.0740411344717105,0.0488495666739075,0.0568343164795164,0.03428178508667,0.0551349893026029,0.0684008393174586,0.044298750507094,0.0734355381657217,0.0606411622735992,0.0727549297494549,0.0755300359443767
gumbel,200,988,1.33333333333333,0.25,19.2944086587373,51.7291066164133,51.3160475088312,38.735024273612,43.4141882672924,10.5967358835681,26.7325621066956,26.5273439299838,20.2681777242156,22.5962008819241,17.1796707259718,51.5089901075762,51.6725699998715,38.6501041268985,42.1990823020838,0.0518881924727761,0.133359423958685,0.131186654073382,0.100844702652514,0.11350978726135,0.0402481917738489,0.125031505871452,0.123416585533721,0.0903666194487895,0.104322633272186,0.0461636168266951,0.125710864920746,0.12564144915343,0.0907621795109298,0.103818915739694,0.0472660215782122,0.130645567122026,0.129587289591759,0.0974800053279473,0.108582399877187,0.0499574167361855,0.128731935578097,0.123676443736729,0.0981488195097628,0.110089426712849,0.0495330426354952,0.133333065519407,0.128690744737089,0.100642888949341,0.113511158756483,0.0482910508807734,0.129527298911083,0.127521450502782,0.097274354564184,0.108506168568218
gumbel,200,989,1.33333333333333,0.25,18.3972550792104,31.4506663497179,27.535507878616,23.515308669533,28.6042739280328,10.1504010349764,16.6442587035063,14.6965757109321,12.6966113421065,15.2284335088175,16.7227243786323,31.4298468141961,27.8447753188412,23.2884502538633,27.9256448045603,0.0329051670827637,0.0556953849020086,0.0449698909378997,0.0420187890456235,0.0504468488244005,0.0353074145027333,0.081341271654879,0.0723748326056845,0.0595160893177556,0.0705571725218999,0.038431740735482,0.080853762924569,0.0729415504653374,0.058112001368673,0.0704404857808762,0.0458074739121274,0.0792760593679736,0.0695712452255705,0.0588948094746198,0.0720151866002363,0.0451034459272046,0.0804510512491384,0.0704504726020874,0.0598072268438751,0.072414524237611,0.0405440372035802,0.0833350443833494,0.0705892004498511,0.0637828864881119,0.0746298610980203,0.0442950210578391,0.0777582203310567,0.0678058212398574,0.0575982975895215,0.0700804193892033
gumbel,200,990,1.33333333333333,0.25,13.1356520831598,39.6475066891576,39.6778375738157,29.8692125812955,32.2964967296319,7.53251126700576,20.7220986730104,20.7375832803445,15.8574093055104,17.0651103554065,11.7559846901283,39.4473526856208,39.9678366543101,29.7722616065221,31.493695142586,0.0373526546333299,0.103062074739674,0.102029400088019,0.0790933661905991,0.0852400749105722,0.029302454192259,0.0996479281100051,0.10100024926756,0.0712752174599267,0.0787293230627982,0.0283733355121668,0.0936430792893154,0.0930274158697935,0.0681937888567385,0.0753353903723525,0.0335987929307959,0.100755427588871,0.0991524782039778,0.0759977785775176,0.0825574507324351,0.0333039659462353,0.0981785059773695,0.0983930712144515,0.0726469729776923,0.079057225182437,0.0359899729999887,0.103758394038619,0.104162123428938,0.0778384773030528,0.0849285725423497,0.0328775112421371,0.0995260852328622,0.0988711301334412,0.0748585646266607,0.0809354789845625
gumbel,200,991,1.33333333333333,0.25,4.05947946527669,11.6491189838958,10.1875004039959,11.6115968902208,9.33386951888297,3.01794777118171,6.79314218969344,6.06587616172492,6.77488416457111,5.64204636676062,2.92293422851665,11.5537359613394,10.6000425841967,11.1276574056838,8.37093932510603,0.00380041693037189,0.0157243635596565,0.0147330748300272,0.0112321016580061,0.00745129103867261,0.000852918072977519,0.0304238364731926,0.029065041612478,0.0253230881844385,0.0174750816883778,0.012143903520678,0.0292424773182032,0.0241413065456072,0.0294493069702964,0.0232809734070115,0.00996651514511442,0.0297558771519384,0.0261113535772256,0.0294588218115147,0.0230045053736716,0.0105578679750064,0.0289069170091108,0.0245313777983378,0.0272849125233728,0.022634568315643,-0.00946330892297088,0.0132905030990726,0.0141963769625315,0.0233129886148751,0.0026205574431441,0.00897513429428416,0.0287167009059889,0.0249559308244322,0.0279478054316815,0.0218004763776941
gumbel,200,992,1.33333333333333,0.25,13.479703540373,40.821014403711,39.9641042312774,34.3897005832124,29.0055455652045,7.70490947328059,21.3064559336154,20.8804136760666,18.1065745512048,15.4297411113375,10.6707213034471,40.0235576813692,40.1210191045421,34.180890643304,26.2375923266428,0.0373545257347466,0.0964062269107815,0.093752673743674,0.0834584970467288,0.0745636061727793,0.0314771145235478,0.0970858375861346,0.0954523708791102,0.0801878851400139,0.0690239470132668,0.0374696559287641,0.104488821524606,0.100550616861623,0.0895549144396693,0.0745601297648032,0.031716650679045,0.10138120165163,0.0991469810733438,0.0869014458742756,0.0690743999680867,0.0337822056526019,0.101115670046235,0.0981126490678287,0.085832763213974,0.0707024350655962,0.037584649084457,0.107008841510927,0.104396860190951,0.0900195978988178,0.0773945674694571,0.0317193711998069,0.101461126673854,0.0987932496562295,0.0858893981239976,0.0690102785424791
gumbel,200,993,1.33333333333333,0.25,17.6527721105578,29.3494923012501,24.6820039948774,24.658488428828,27.3306156150568,9.78009414467227,15.5990432616081,13.2773344410426,13.265128137629,14.5946853248556,15.6967276652463,29.1533973205112,24.6863175503049,24.6275452912271,26.5511732912378,0.0434022623456921,0.0720628694405391,0.0627714368356684,0.0592831713322279,0.0616687210976522,0.0408064355313811,0.0746338308387828,0.0637585428215913,0.0605440619580991,0.0676559204551097,0.045777620712067,0.0737014381249737,0.0613216921872917,0.0629709139972322,0.0684815095473301,0.0418471064079234,0.0704259234143301,0.0581578356138432,0.0597881514445571,0.0661025651326878,0.0429878870727386,0.0742648100347406,0.0630374762371218,0.0610316199341031,0.0681379785740376,0.0491216902543379,0.0781927452618251,0.0664201771023753,0.0655753721920105,0.0726434356493977,0.0434476289186152,0.0728132672997272,0.060371172563345,0.0613015690618522,0.0678103821754345
gumbel,200,994,1.33333333333333,0.25,9.87472402283585,12.1778430682647,8.85165210947164,10.5549372334704,12.6391569898912,5.91007109889006,7.05611016125051,5.40138818012139,6.24887322835606,7.28560567956388,9.28905824522622,12.225549989616,8.91179339495019,10.3325749153636,12.6604659792348,0.0293966245681067,0.0345967488663978,0.0251918520659548,0.0309353297883111,0.036592449268961,0.0252630217442166,0.0348097115722823,0.0262801668056858,0.0275249409307171,0.0337814558484373,0.0243987437479417,0.0280544429456158,0.0203585490529384,0.021122965413115,0.0283796533264934,0.0260496151389439,0.0307892804059014,0.0215200457513259,0.0269470475601284,0.0321581440186458,0.028604940904949,0.0306396791622049,0.0203969518515112,0.0288461183567169,0.0338601902136138,0.026343768297773,0.0338770125395114,0.0230405494580006,0.0306812145936408,0.0365975730835388,0.0238961420495401,0.0300897004973253,0.0219655227860552,0.025395942244923,0.0308349732506526
gumbel,200,995,1.33333333333333,0.25,6.50524961930265,12.5642691902593,10.7052092597485,9.42121460656417,10.0326020667652,4.23442740647588,7.24837059237997,6.32342203958885,5.68477559182309,5.9896090251123,5.70269309455846,12.5645284850377,10.9689790606209,9.24830605763803,9.24807779758159,0.00778369655995503,0.0207069815692624,0.0139742225389654,0.0190984894850225,0.00809692914784648,0.0165489758600782,0.0325564683190941,0.0277054509712601,0.0248816660522728,0.0243922137071696,0.0166574714940491,0.0324266845645466,0.0276483225527972,0.0240305890625109,0.0241927834344627,0.0134091277964728,0.0292464638328083,0.024663619355314,0.0210191821784757,0.0211182718965915,0.0120342075425311,0.0321191089531272,0.0283614279587613,0.0222712545782975,0.0213547281223826,0.00379435905020203,0.0150305141118308,0.0132208875835545,0.015168965801908,0.00238087255006062,0.0145246887114055,0.0305354745008509,0.0259710326238992,0.0226895650094086,0.0224445977503554
gumbel,200,996,1.33333333333333,0.25,16.2387640999869,32.8649411071386,28.881052264974,28.9776275745053,30.0361791525635,9.07701651352551,17.3477182484478,15.3659309278814,15.4138363722919,15.9408262923444,13.828966233421,32.7289637944692,29.2849975257491,28.9691892751722,28.8434796223067,0.045518551821709,0.0871369065886233,0.0771257332882864,0.0774396746233519,0.0795608905574131,0.0345145812150582,0.0780047262068754,0.0654640012549657,0.0708306046114246,0.0707970732794024,0.041309604948137,0.0832716669608964,0.0725234044416173,0.0735257595749311,0.0761255050400663,0.0408902675619221,0.0832518377442677,0.0719036228255527,0.0736992167535775,0.0762378247707092,0.0385263584924266,0.0820872778214535,0.0721312287857543,0.0715256353075546,0.0731722528718347,0.0337980223406056,0.0868956170696602,0.0766401670662603,0.0753668425808655,0.0728032485625166,0.0395156134137847,0.0827344668206695,0.0720943097606221,0.0729655077864942,0.0748263579498698
gumbel,200,997,1.33333333333333,0.25,16.317575246736,29.409041889254,26.6993687112324,19.7292581404922,24.0409198586104,9.11575745221329,15.6287764343899,14.2808189353945,10.8130062545248,12.9587551862009,16.1073471836233,29.5729419594184,26.8080332641248,19.533410973074,23.6671949813461,0.0155444469886746,0.0641264259049912,0.0643851620627229,0.0285430412683777,0.0502666189960294,0.0260360084658486,0.0744162529354828,0.0700503085176001,0.0488741221459929,0.0565591790459061,0.0374988720540958,0.0740319651259348,0.0685187679101305,0.0469953209658562,0.0578671114097361,0.0417036327891774,0.0750789705986422,0.0675580030683015,0.0510416784919835,0.0609810965908751,0.0390707016746662,0.0747929430623019,0.0684949522266743,0.0488525330320981,0.0602815166045447,0.0456172952079212,0.07750419676327,0.0700344083039811,0.0535654767628857,0.0606683802316393,0.040005737695805,0.0735825030133966,0.0668439373817729,0.0490781632881451,0.0587418668499259
gumbel,200,998,1.33333333333333,0.25,18.8571503963913,31.7688149827026,27.2049026035701,27.8268851235635,32.124317307672,10.3787670147349,16.8023385185193,14.5321054655349,14.8413849659019,16.9791503742276,17.5489757283342,31.9813913388007,27.6341758250727,27.7681389628437,31.9901439260771,0.030792951995335,0.084263982067693,0.0727261456991681,0.0741893918849327,0.081752897208162,0.0477593304746232,0.080875606353413,0.0692044152871817,0.0708535378213671,0.08244217870109,0.0473842810087183,0.0804865652149507,0.0684065558335999,0.0716641587605597,0.0816245845015985,0.0488549138331956,0.0803251178854367,0.0677420512146213,0.0705052666896188,0.0815202147939988,0.0462850119966117,0.0783679502512229,0.0666095664868935,0.0686607073662376,0.0794136217208243,0.05051058642164,0.07277286492408,0.0634982725539837,0.0544056814696185,0.0700933517183638,0.0474022598469245,0.0798518412088193,0.0677637235780479,0.0697376735972582,0.0809377196906609
gumbel,200,999,1.33333333333333,0.25,10.3678650770738,25.1486934079745,23.5203037641289,18.8158748460666,21.4248923590861,6.15579128750377,13.5089722365321,12.698968405249,10.3586311340469,11.6565388955031,9.13726570851007,25.0569863265166,23.8278357847872,18.5933395167659,20.847781484464,0.0229647350740006,0.0613791095783735,0.0613054713380541,0.0325250720089516,0.0337165450210963,0.0199507541426414,0.0565673598841925,0.052947195150903,0.0387968077552433,0.0456656106566438,0.0239733404179817,0.064303148515925,0.0595763353004418,0.0493378214863851,0.0550734419987295,0.0275357737911154,0.0648261192853087,0.0597745484242666,0.0485350947256129,0.0554822668238177,0.0181253621765614,0.0588987121326771,0.0562161430199159,0.0398963466528248,0.0479120322926466,0.0167583713132964,0.053178798295327,0.0563514052316536,0.0187757241955139,0.0392965351628782,0.0254826910988329,0.0622345887496642,0.0577240552282444,0.0463575760499232,0.0526581087610152
gumbel,200,1000,1.33333333333333,0.25,17.5171662773495,38.0054923889265,34.1599447746304,35.1120010309671,31.4998412286866,9.71321356692588,19.905513020444,17.9923856376322,18.4662568654229,16.6699400401806,14.8161352549907,37.619076681492,34.5904369752032,34.7005012748061,29.5555565085246,0.0445645109515418,0.0835866848450643,0.0739602663513682,0.0658087682917353,0.0681622795371438,0.0449768946638119,0.0963889363439132,0.0857317910696391,0.0901322260221816,0.0808997846830337,0.0381646541609102,0.0954400777876828,0.0872656476823302,0.085205439900537,0.0752960667973796,0.0414683315678406,0.0942798647001685,0.0848921491384839,0.086988244559988,0.0763525628324075,0.0449817589785322,0.0948530243605697,0.0853171472455694,0.0865339008724858,0.0781763189658565,0.0485737741866962,0.0784945159978338,0.0542408187708561,0.0818777298272858,0.0766618699160664,0.040862440191976,0.0944231616473858,0.0852378661490865,0.0865418991771803,0.0755812683554384
